scenario,family,phase,criu_opts,pre_dump,post_dump,restore_mem_mib,hub_mode,launch_ok,dump_rc,restore_rc,img_kib,v_pong,v_stat,v_hub,v_tcp,v_live5,v_resume,rereg_ms,verdict,world,dump_err,restore_err
S001pure.stri__init,S,init,strict,none,none,0,none,1,0,0,292,na,na,na,na,na,resumed_to_ready,na,ok,"up_s=644 regs=6 log_rx=2750 svcs=4 mem_mib=815 memd_kills=0
0","",""
S001pure.stri__db_open,S,db_open,strict,none,none,0,none,1,0,0,296,na,na,na,na,na,resumed_to_ready,na,ok,"up_s=652 regs=6 log_rx=2750 svcs=4 mem_mib=815 memd_kills=0
0","",""
S001pure.stri__db_read,S,db_read,strict,none,none,0,none,1,0,0,1316,na,na,na,na,na,resumed_to_ready,na,ok,"up_s=660 regs=6 log_rx=2800 svcs=4 mem_mib=814 memd_kills=0
0","",""
S001pure.stri__db_read_p25,S,db_read_p25,strict,none,none,0,none,1,0,0,1316,na,na,na,na,na,resumed_to_ready,na,ok,"up_s=668 regs=6 log_rx=2850 svcs=4 mem_mib=815 memd_kills=0
0","",""
S001pure.stri__db_read_p50,S,db_read_p50,strict,none,none,0,none,1,0,0,1316,na,na,na,na,na,resumed_to_ready,na,ok,"up_s=675 regs=6 log_rx=2850 svcs=4 mem_mib=815 memd_kills=0
0","",""
S001pure.stri__db_read_p75,S,db_read_p75,strict,none,none,0,none,1,0,0,1316,na,na,na,na,na,resumed_to_ready,na,ok,"up_s=683 regs=6 log_rx=2900 svcs=4 mem_mib=815 memd_kills=0
0","",""
S001pure.stri__db_parse,S,db_parse,strict,none,none,0,none,1,0,0,1312,na,na,na,na,na,resumed_to_ready,na,ok,"up_s=691 regs=6 log_rx=2950 svcs=4 mem_mib=815 memd_kills=0
0","",""
S001pure.stri__db_parse_p25,S,db_parse_p25,strict,none,none,0,none,1,0,0,1312,na,na,na,na,na,resumed_to_ready,na,ok,"up_s=699 regs=6 log_rx=2950 svcs=4 mem_mib=815 memd_kills=0
0","",""
S001pure.stri__db_parse_p50,S,db_parse_p50,strict,none,none,0,none,1,0,0,1312,na,na,na,na,na,resumed_to_ready,na,ok,"up_s=707 regs=6 log_rx=3000 svcs=4 mem_mib=815 memd_kills=0
0","",""
S001pure.stri__db_parse_p75,S,db_parse_p75,strict,none,none,0,none,1,0,0,1312,na,na,na,na,na,resumed_to_ready,na,ok,"up_s=715 regs=6 log_rx=3050 svcs=4 mem_mib=815 memd_kills=0
0","",""
S001pure.stri__epg_index,S,epg_index,strict,none,none,0,none,1,0,0,13604,na,na,na,na,na,resumed_to_ready,na,ok,"up_s=723 regs=6 log_rx=3050 svcs=4 mem_mib=815 memd_kills=0
0","",""
S001pure.stri__epg_index_p25,S,epg_index_p25,strict,none,none,0,none,1,0,0,4392,na,na,na,na,na,resumed_to_ready,na,ok,"up_s=731 regs=6 log_rx=3100 svcs=4 mem_mib=815 memd_kills=0
0","",""
S001pure.stri__epg_index_p50,S,epg_index_p50,strict,none,none,0,none,1,0,0,7464,na,na,na,na,na,resumed_to_ready,na,ok,"up_s=738 regs=6 log_rx=3150 svcs=4 mem_mib=815 memd_kills=0
0","",""
S001pure.stri__epg_index_p75,S,epg_index_p75,strict,none,none,0,none,1,0,0,10536,na,na,na,na,na,resumed_to_ready,na,ok,"up_s=746 regs=6 log_rx=3150 svcs=4 mem_mib=815 memd_kills=0
0","",""
S001pure.stri__epg_text,S,epg_text,strict,none,none,0,none,1,0,0,13604,na,na,na,na,na,resumed_to_ready,na,ok,"up_s=754 regs=6 log_rx=3200 svcs=4 mem_mib=815 memd_kills=0
0","",""
S001pure.stri__epg_reserve,S,epg_reserve,strict,none,none,0,none,1,0,0,13604,na,na,na,na,na,resumed_to_ready,na,ok,"up_s=762 regs=6 log_rx=3250 svcs=4 mem_mib=815 memd_kills=0
0","",""
S001pure.stri__timer_armed,S,timer_armed,strict,none,none,0,none,1,0,0,13600,na,na,na,na,na,resumed_to_ready,na,ok,"up_s=770 regs=6 log_rx=3250 svcs=4 mem_mib=815 memd_kills=0
0","",""
S001pure.stri__db_watch,S,db_watch,strict,none,none,0,none,1,1,na,132,na,na,na,na,na,na,na,dump_fail,"up_s=778 regs=6 log_rx=3300 svcs=4 mem_mib=815 memd_kills=0
0","(00.211577) Error (criu/fsnotify.c:284): fsnotify: 	Can't dump that handle",""
S001pure.stri__ready,S,ready,strict,none,none,0,none,1,1,na,132,na,na,na,na,na,na,na,dump_fail,"up_s=786 regs=6 log_rx=3350 svcs=4 mem_mib=815 memd_kills=0
0","(00.134196) Error (criu/fsnotify.c:284): fsnotify: 	Can't dump that handle",""
S001pure.stri__steady,S,steady,strict,none,none,0,none,1,1,na,132,na,na,na,na,na,na,na,dump_fail,"up_s=794 regs=6 log_rx=3400 svcs=4 mem_mib=815 memd_kills=0
0","(00.141804) Error (criu/fsnotify.c:284): fsnotify: 	Can't dump that handle",""
S002pure.ext___init,S,init,ext_unix,none,none,0,none,1,0,0,292,na,na,na,na,na,resumed_to_ready,na,ok,"up_s=802 regs=6 log_rx=3400 svcs=4 mem_mib=815 memd_kills=0
0","",""
S002pure.ext___db_open,S,db_open,ext_unix,none,none,0,none,1,0,0,292,na,na,na,na,na,resumed_to_ready,na,ok,"up_s=810 regs=6 log_rx=3450 svcs=4 mem_mib=815 memd_kills=0
0","",""
S002pure.ext___db_read,S,db_read,ext_unix,none,none,0,none,1,0,0,1312,na,na,na,na,na,resumed_to_ready,na,ok,"up_s=818 regs=6 log_rx=3500 svcs=4 mem_mib=815 memd_kills=0
0","",""
S002pure.ext___db_read_p25,S,db_read_p25,ext_unix,none,none,0,none,1,0,0,1312,na,na,na,na,na,resumed_to_ready,na,ok,"up_s=825 regs=6 log_rx=3500 svcs=4 mem_mib=815 memd_kills=0
0","",""
S002pure.ext___db_read_p50,S,db_read_p50,ext_unix,none,none,0,none,1,0,0,1312,na,na,na,na,na,resumed_to_ready,na,ok,"up_s=833 regs=6 log_rx=3550 svcs=4 mem_mib=815 memd_kills=0
0","",""
S002pure.ext___db_read_p75,S,db_read_p75,ext_unix,none,none,0,none,1,0,0,1312,na,na,na,na,na,resumed_to_ready,na,ok,"up_s=841 regs=6 log_rx=3600 svcs=4 mem_mib=815 memd_kills=0
0","",""
S002pure.ext___db_parse,S,db_parse,ext_unix,none,none,0,none,1,0,0,1308,na,na,na,na,na,resumed_to_ready,na,ok,"up_s=849 regs=6 log_rx=3600 svcs=4 mem_mib=815 memd_kills=0
0","",""
S002pure.ext___db_parse_p25,S,db_parse_p25,ext_unix,none,none,0,none,1,0,0,1308,na,na,na,na,na,resumed_to_ready,na,ok,"up_s=857 regs=6 log_rx=3650 svcs=4 mem_mib=816 memd_kills=0
0","",""
S002pure.ext___db_parse_p50,S,db_parse_p50,ext_unix,none,none,0,none,1,0,0,1308,na,na,na,na,na,resumed_to_ready,na,ok,"up_s=865 regs=6 log_rx=3700 svcs=4 mem_mib=816 memd_kills=0
0","",""
S002pure.ext___db_parse_p75,S,db_parse_p75,ext_unix,none,none,0,none,1,0,0,1308,na,na,na,na,na,resumed_to_ready,na,ok,"up_s=872 regs=6 log_rx=3700 svcs=4 mem_mib=816 memd_kills=0
0","",""
S002pure.ext___epg_index,S,epg_index,ext_unix,none,none,0,none,1,0,0,13600,na,na,na,na,na,resumed_to_ready,na,ok,"up_s=880 regs=6 log_rx=3750 svcs=4 mem_mib=816 memd_kills=0
0","",""
S002pure.ext___epg_index_p25,S,epg_index_p25,ext_unix,none,none,0,none,1,0,0,4384,na,na,na,na,na,resumed_to_ready,na,ok,"up_s=888 regs=6 log_rx=3800 svcs=4 mem_mib=816 memd_kills=0
0","",""
S002pure.ext___epg_index_p50,S,epg_index_p50,ext_unix,none,none,0,none,1,0,0,7460,na,na,na,na,na,resumed_to_ready,na,ok,"up_s=896 regs=6 log_rx=3800 svcs=4 mem_mib=816 memd_kills=0
0","",""
S002pure.ext___epg_index_p75,S,epg_index_p75,ext_unix,none,none,0,none,1,0,0,10532,na,na,na,na,na,resumed_to_ready,na,ok,"up_s=904 regs=6 log_rx=3850 svcs=4 mem_mib=816 memd_kills=0
0","",""
S002pure.ext___epg_text,S,epg_text,ext_unix,none,none,0,none,1,0,0,13600,na,na,na,na,na,resumed_to_ready,na,ok,"up_s=911 regs=6 log_rx=3900 svcs=4 mem_mib=816 memd_kills=0
0","",""
S002pure.ext___epg_reserve,S,epg_reserve,ext_unix,none,none,0,none,1,0,0,13600,na,na,na,na,na,resumed_to_ready,na,ok,"up_s=919 regs=6 log_rx=3900 svcs=4 mem_mib=816 memd_kills=0
0","",""
S002pure.ext___timer_armed,S,timer_armed,ext_unix,none,none,0,none,1,0,0,13600,na,na,na,na,na,resumed_to_ready,na,ok,"up_s=927 regs=6 log_rx=3950 svcs=4 mem_mib=816 memd_kills=0
0","",""
S002pure.ext___db_watch,S,db_watch,ext_unix,none,none,0,none,1,1,na,124,na,na,na,na,na,na,na,dump_fail,"up_s=935 regs=6 log_rx=4000 svcs=4 mem_mib=816 memd_kills=0
0","(00.142837) Error (criu/fsnotify.c:284): fsnotify: 	Can't dump that handle",""
S002pure.ext___ready,S,ready,ext_unix,none,none,0,none,1,1,na,128,na,na,na,na,na,na,na,dump_fail,"up_s=943 regs=6 log_rx=4000 svcs=4 mem_mib=816 memd_kills=0
0","(00.154346) Error (criu/fsnotify.c:284): fsnotify: 	Can't dump that handle",""
S002pure.ext___steady,S,steady,ext_unix,none,none,0,none,1,1,na,128,na,na,na,na,na,na,na,dump_fail,"up_s=951 regs=6 log_rx=4050 svcs=4 mem_mib=816 memd_kills=0
0","(00.115440) Error (criu/fsnotify.c:284): fsnotify: 	Can't dump that handle",""
S003pure.tcp___init,S,init,tcp_est,none,none,0,none,1,0,0,288,na,na,na,na,na,resumed_to_ready,na,ok,"up_s=959 regs=6 log_rx=4100 svcs=4 mem_mib=816 memd_kills=0
0","",""
S003pure.tcp___db_open,S,db_open,tcp_est,none,none,0,none,1,0,0,288,na,na,na,na,na,resumed_to_ready,na,ok,"up_s=967 regs=6 log_rx=4100 svcs=4 mem_mib=816 memd_kills=0
0","",""
S003pure.tcp___db_read,S,db_read,tcp_est,none,none,0,none,1,0,0,1308,na,na,na,na,na,resumed_to_ready,na,ok,"up_s=975 regs=6 log_rx=4150 svcs=4 mem_mib=816 memd_kills=0
0","",""
S003pure.tcp___db_read_p25,S,db_read_p25,tcp_est,none,none,0,none,1,0,0,1308,na,na,na,na,na,resumed_to_ready,na,ok,"up_s=982 regs=6 log_rx=4200 svcs=4 mem_mib=816 memd_kills=0
0","",""
S003pure.tcp___db_read_p50,S,db_read_p50,tcp_est,none,none,0,none,1,0,0,1308,na,na,na,na,na,resumed_to_ready,na,ok,"up_s=990 regs=6 log_rx=4200 svcs=4 mem_mib=816 memd_kills=0
0","",""
S003pure.tcp___db_read_p75,S,db_read_p75,tcp_est,none,none,0,none,1,0,0,1308,na,na,na,na,na,resumed_to_ready,na,ok,"up_s=998 regs=6 log_rx=4250 svcs=4 mem_mib=816 memd_kills=0
0","",""
S003pure.tcp___db_parse,S,db_parse,tcp_est,none,none,0,none,1,0,0,1308,na,na,na,na,na,resumed_to_ready,na,ok,"up_s=1006 regs=6 log_rx=4300 svcs=4 mem_mib=816 memd_kills=0
0","",""
S003pure.tcp___db_parse_p25,S,db_parse_p25,tcp_est,none,none,0,none,1,0,0,1308,na,na,na,na,na,resumed_to_ready,na,ok,"up_s=1014 regs=6 log_rx=4300 svcs=4 mem_mib=816 memd_kills=0
0","",""
S003pure.tcp___db_parse_p50,S,db_parse_p50,tcp_est,none,none,0,none,1,0,0,1304,na,na,na,na,na,resumed_to_ready,na,ok,"up_s=1021 regs=6 log_rx=4350 svcs=4 mem_mib=816 memd_kills=0
0","",""
S003pure.tcp___db_parse_p75,S,db_parse_p75,tcp_est,none,none,0,none,1,0,0,1308,na,na,na,na,na,resumed_to_ready,na,ok,"up_s=1029 regs=6 log_rx=4400 svcs=4 mem_mib=816 memd_kills=0
0","",""
S003pure.tcp___epg_index,S,epg_index,tcp_est,none,none,0,none,1,0,0,13600,na,na,na,na,na,resumed_to_ready,na,ok,"up_s=1037 regs=6 log_rx=4400 svcs=4 mem_mib=817 memd_kills=0
0","",""
S003pure.tcp___epg_index_p25,S,epg_index_p25,tcp_est,none,none,0,none,1,0,0,4384,na,na,na,na,na,resumed_to_ready,na,ok,"up_s=1045 regs=6 log_rx=4450 svcs=4 mem_mib=816 memd_kills=0
0","",""
S003pure.tcp___epg_index_p50,S,epg_index_p50,tcp_est,none,none,0,none,1,0,0,7456,na,na,na,na,na,resumed_to_ready,na,ok,"up_s=1053 regs=6 log_rx=4500 svcs=4 mem_mib=817 memd_kills=0
0","",""
S003pure.tcp___epg_index_p75,S,epg_index_p75,tcp_est,none,none,0,none,1,0,0,10532,na,na,na,na,na,resumed_to_ready,na,ok,"up_s=1061 regs=6 log_rx=4500 svcs=4 mem_mib=817 memd_kills=0
0","",""
S003pure.tcp___epg_text,S,epg_text,tcp_est,none,none,0,none,1,0,0,13600,na,na,na,na,na,resumed_to_ready,na,ok,"up_s=1068 regs=6 log_rx=4550 svcs=4 mem_mib=817 memd_kills=0
0","",""
S003pure.tcp___epg_reserve,S,epg_reserve,tcp_est,none,none,0,none,1,0,0,13600,na,na,na,na,na,resumed_to_ready,na,ok,"up_s=1076 regs=6 log_rx=4600 svcs=4 mem_mib=817 memd_kills=0
0","",""
S003pure.tcp___timer_armed,S,timer_armed,tcp_est,none,none,0,none,1,0,0,13600,na,na,na,na,na,resumed_to_ready,na,ok,"up_s=1084 regs=6 log_rx=4600 svcs=4 mem_mib=817 memd_kills=0
0","",""
S003pure.tcp___db_watch,S,db_watch,tcp_est,none,none,0,none,1,1,na,124,na,na,na,na,na,na,na,dump_fail,"up_s=1092 regs=6 log_rx=4650 svcs=4 mem_mib=816 memd_kills=0
0","(00.125055) Error (criu/fsnotify.c:284): fsnotify: 	Can't dump that handle",""
S003pure.tcp___ready,S,ready,tcp_est,none,none,0,none,1,1,na,124,na,na,na,na,na,na,na,dump_fail,"up_s=1100 regs=6 log_rx=4700 svcs=4 mem_mib=816 memd_kills=0
0","(00.133892) Error (criu/fsnotify.c:284): fsnotify: 	Can't dump that handle",""
S003pure.tcp___steady,S,steady,tcp_est,none,none,0,none,1,1,na,124,na,na,na,na,na,na,na,dump_fail,"up_s=1108 regs=6 log_rx=4700 svcs=4 mem_mib=816 memd_kills=0
0","(00.118818) Error (criu/fsnotify.c:284): fsnotify: 	Can't dump that handle",""
S004pure.file__init,S,init,filelocks,none,none,0,none,1,0,0,288,na,na,na,na,na,resumed_to_ready,na,ok,"up_s=1116 regs=6 log_rx=4750 svcs=4 mem_mib=817 memd_kills=0
0","",""
S004pure.file__db_open,S,db_open,filelocks,none,none,0,none,1,0,0,288,na,na,na,na,na,resumed_to_ready,na,ok,"up_s=1124 regs=6 log_rx=4800 svcs=4 mem_mib=817 memd_kills=0
0","",""
S004pure.file__db_read,S,db_read,filelocks,none,none,0,none,1,0,0,1308,na,na,na,na,na,resumed_to_ready,na,ok,"up_s=1132 regs=6 log_rx=4800 svcs=4 mem_mib=817 memd_kills=0
0","",""
S004pure.file__db_read_p25,S,db_read_p25,filelocks,none,none,0,none,1,0,0,1308,na,na,na,na,na,resumed_to_ready,na,ok,"up_s=1139 regs=6 log_rx=4850 svcs=4 mem_mib=817 memd_kills=0
0","",""
S004pure.file__db_read_p50,S,db_read_p50,filelocks,none,none,0,none,1,0,0,1308,na,na,na,na,na,resumed_to_ready,na,ok,"up_s=1147 regs=6 log_rx=4900 svcs=4 mem_mib=817 memd_kills=0
0","",""
S004pure.file__db_read_p75,S,db_read_p75,filelocks,none,none,0,none,1,0,0,1308,na,na,na,na,na,resumed_to_ready,na,ok,"up_s=1155 regs=6 log_rx=4900 svcs=4 mem_mib=817 memd_kills=0
0","",""
S004pure.file__db_parse,S,db_parse,filelocks,none,none,0,none,1,0,0,1308,na,na,na,na,na,resumed_to_ready,na,ok,"up_s=1163 regs=6 log_rx=4950 svcs=4 mem_mib=817 memd_kills=0
0","",""
S004pure.file__db_parse_p25,S,db_parse_p25,filelocks,none,none,0,none,1,0,0,1308,na,na,na,na,na,resumed_to_ready,na,ok,"up_s=1171 regs=6 log_rx=5000 svcs=4 mem_mib=817 memd_kills=0
0","",""
S004pure.file__db_parse_p50,S,db_parse_p50,filelocks,none,none,0,none,1,0,0,1308,na,na,na,na,na,resumed_to_ready,na,ok,"up_s=1178 regs=6 log_rx=5000 svcs=4 mem_mib=817 memd_kills=0
0","",""
S004pure.file__db_parse_p75,S,db_parse_p75,filelocks,none,none,0,none,1,0,0,1308,na,na,na,na,na,resumed_to_ready,na,ok,"up_s=1186 regs=6 log_rx=5050 svcs=4 mem_mib=817 memd_kills=0
0","",""
S004pure.file__epg_index,S,epg_index,filelocks,none,none,0,none,1,0,0,13596,na,na,na,na,na,resumed_to_ready,na,ok,"up_s=1194 regs=6 log_rx=5100 svcs=4 mem_mib=817 memd_kills=0
0","",""
S004pure.file__epg_index_p25,S,epg_index_p25,filelocks,none,none,0,none,1,0,0,4384,na,na,na,na,na,resumed_to_ready,na,ok,"up_s=1202 regs=6 log_rx=5100 svcs=4 mem_mib=817 memd_kills=0
0","",""
S004pure.file__epg_index_p50,S,epg_index_p50,filelocks,none,none,0,none,1,0,0,7456,na,na,na,na,na,resumed_to_ready,na,ok,"up_s=1210 regs=6 log_rx=5150 svcs=4 mem_mib=817 memd_kills=0
0","",""
S004pure.file__epg_index_p75,S,epg_index_p75,filelocks,none,none,0,none,1,0,0,10528,na,na,na,na,na,resumed_to_ready,na,ok,"up_s=1218 regs=6 log_rx=5200 svcs=4 mem_mib=817 memd_kills=0
0","",""
S004pure.file__epg_text,S,epg_text,filelocks,none,none,0,none,1,0,0,13596,na,na,na,na,na,resumed_to_ready,na,ok,"up_s=1226 regs=6 log_rx=5200 svcs=4 mem_mib=818 memd_kills=0
0","",""
S004pure.file__epg_reserve,S,epg_reserve,filelocks,none,none,0,none,1,0,0,13600,na,na,na,na,na,resumed_to_ready,na,ok,"up_s=1233 regs=6 log_rx=5250 svcs=4 mem_mib=817 memd_kills=0
0","",""
S004pure.file__timer_armed,S,timer_armed,filelocks,none,none,0,none,1,0,0,13600,na,na,na,na,na,resumed_to_ready,na,ok,"up_s=1241 regs=6 log_rx=5300 svcs=4 mem_mib=817 memd_kills=0
0","",""
S004pure.file__db_watch,S,db_watch,filelocks,none,none,0,none,1,1,na,124,na,na,na,na,na,na,na,dump_fail,"up_s=1249 regs=6 log_rx=5300 svcs=4 mem_mib=817 memd_kills=0
0","(00.132913) Error (criu/fsnotify.c:284): fsnotify: 	Can't dump that handle",""
S004pure.file__ready,S,ready,filelocks,none,none,0,none,1,1,na,124,na,na,na,na,na,na,na,dump_fail,"up_s=1257 regs=6 log_rx=5350 svcs=4 mem_mib=817 memd_kills=0
0","(00.132895) Error (criu/fsnotify.c:284): fsnotify: 	Can't dump that handle",""
S004pure.file__steady,S,steady,filelocks,none,none,0,none,1,1,na,124,na,na,na,na,na,na,na,dump_fail,"up_s=1265 regs=6 log_rx=5400 svcs=4 mem_mib=817 memd_kills=0
0","(00.134145) Error (criu/fsnotify.c:284): fsnotify: 	Can't dump that handle",""
S005pure.perm__init,S,init,permissive,none,none,0,none,1,0,0,284,na,na,na,na,na,resumed_to_ready,na,ok,"up_s=1273 regs=6 log_rx=5400 svcs=4 mem_mib=817 memd_kills=0
0","",""
S005pure.perm__db_open,S,db_open,permissive,none,none,0,none,1,0,0,284,na,na,na,na,na,resumed_to_ready,na,ok,"up_s=1281 regs=6 log_rx=5450 svcs=4 mem_mib=818 memd_kills=0
0","",""
S005pure.perm__db_read,S,db_read,permissive,none,none,0,none,1,0,0,1304,na,na,na,na,na,resumed_to_ready,na,ok,"up_s=1289 regs=6 log_rx=5500 svcs=4 mem_mib=818 memd_kills=0
0","",""
S005pure.perm__db_read_p25,S,db_read_p25,permissive,none,none,0,none,1,0,0,1304,na,na,na,na,na,resumed_to_ready,na,ok,"up_s=1297 regs=6 log_rx=5550 svcs=4 mem_mib=817 memd_kills=0
0","",""
S005pure.perm__db_read_p50,S,db_read_p50,permissive,none,none,0,none,1,0,0,1304,na,na,na,na,na,resumed_to_ready,na,ok,"up_s=1304 regs=6 log_rx=5550 svcs=4 mem_mib=818 memd_kills=0
0","",""
S005pure.perm__db_read_p75,S,db_read_p75,permissive,none,none,0,none,1,0,0,1304,na,na,na,na,na,resumed_to_ready,na,ok,"up_s=1312 regs=6 log_rx=5600 svcs=4 mem_mib=818 memd_kills=0
0","",""
S005pure.perm__db_parse,S,db_parse,permissive,none,none,0,none,1,0,0,1304,na,na,na,na,na,resumed_to_ready,na,ok,"up_s=1320 regs=6 log_rx=5600 svcs=4 mem_mib=818 memd_kills=0
0","",""
S005pure.perm__db_parse_p25,S,db_parse_p25,permissive,none,none,0,none,1,0,0,1308,na,na,na,na,na,resumed_to_ready,na,ok,"up_s=1328 regs=6 log_rx=5650 svcs=4 mem_mib=818 memd_kills=0
0","",""
S005pure.perm__db_parse_p50,S,db_parse_p50,permissive,none,none,0,none,1,0,0,1304,na,na,na,na,na,resumed_to_ready,na,ok,"up_s=1336 regs=6 log_rx=5700 svcs=4 mem_mib=818 memd_kills=0
0","",""
S005pure.perm__db_parse_p75,S,db_parse_p75,permissive,none,none,0,none,1,0,0,1300,na,na,na,na,na,resumed_to_ready,na,ok,"up_s=1343 regs=6 log_rx=5750 svcs=4 mem_mib=818 memd_kills=0
0","",""
S005pure.perm__epg_index,S,epg_index,permissive,none,none,0,none,1,0,0,13596,na,na,na,na,na,resumed_to_ready,na,ok,"up_s=1351 regs=6 log_rx=5750 svcs=4 mem_mib=818 memd_kills=0
0","",""
S005pure.perm__epg_index_p25,S,epg_index_p25,permissive,none,none,0,none,1,0,0,4384,na,na,na,na,na,resumed_to_ready,na,ok,"up_s=1359 regs=6 log_rx=5800 svcs=4 mem_mib=818 memd_kills=0
0","",""
S005pure.perm__epg_index_p50,S,epg_index_p50,permissive,none,none,0,none,1,0,0,7456,na,na,na,na,na,resumed_to_ready,na,ok,"up_s=1367 regs=6 log_rx=5850 svcs=4 mem_mib=818 memd_kills=0
0","",""
S005pure.perm__epg_index_p75,S,epg_index_p75,permissive,none,none,0,none,1,0,0,10528,na,na,na,na,na,resumed_to_ready,na,ok,"up_s=1375 regs=6 log_rx=5850 svcs=4 mem_mib=818 memd_kills=0
0","",""
S005pure.perm__epg_text,S,epg_text,permissive,none,none,0,none,1,0,0,13596,na,na,na,na,na,resumed_to_ready,na,ok,"up_s=1383 regs=6 log_rx=5900 svcs=4 mem_mib=818 memd_kills=0
0","",""
S005pure.perm__epg_reserve,S,epg_reserve,permissive,none,none,0,none,1,0,0,13596,na,na,na,na,na,resumed_to_ready,na,ok,"up_s=1390 regs=6 log_rx=5950 svcs=4 mem_mib=818 memd_kills=0
0","",""
S005pure.perm__timer_armed,S,timer_armed,permissive,none,none,0,none,1,0,0,13596,na,na,na,na,na,resumed_to_ready,na,ok,"up_s=1398 regs=6 log_rx=5950 svcs=4 mem_mib=818 memd_kills=0
0","",""
S005pure.perm__db_watch,S,db_watch,permissive,none,none,0,none,1,1,na,124,na,na,na,na,na,na,na,dump_fail,"up_s=1406 regs=6 log_rx=6000 svcs=4 mem_mib=818 memd_kills=0
0","(00.130463) Error (criu/fsnotify.c:284): fsnotify: 	Can't dump that handle",""
S005pure.perm__ready,S,ready,permissive,none,none,0,none,1,1,na,124,na,na,na,na,na,na,na,dump_fail,"up_s=1414 regs=6 log_rx=6050 svcs=4 mem_mib=818 memd_kills=0
0","(00.131676) Error (criu/fsnotify.c:284): fsnotify: 	Can't dump that handle",""
S005pure.perm__steady,S,steady,permissive,none,none,0,none,1,1,na,124,na,na,na,na,na,na,na,dump_fail,"up_s=1422 regs=6 log_rx=6050 svcs=4 mem_mib=818 memd_kills=0
0","(00.141070) Error (criu/fsnotify.c:284): fsnotify: 	Can't dump that handle",""
S006hub1.stri__init,S,init,strict,none,none,0,normal,1,0,0,284,na,na,na,na,na,resumed_to_ready,na,ok,"up_s=1431 regs=7 log_rx=6100 svcs=4 mem_mib=818 memd_kills=0
0","",""
S006hub1.stri__db_open,S,db_open,strict,none,none,0,normal,1,0,0,284,na,na,na,na,na,resumed_to_ready,na,ok,"up_s=1439 regs=8 log_rx=6150 svcs=4 mem_mib=818 memd_kills=0
0","",""
S006hub1.stri__db_read,S,db_read,strict,none,none,0,normal,1,0,0,1304,na,na,na,na,na,resumed_to_ready,na,ok,"up_s=1447 regs=9 log_rx=6150 svcs=4 mem_mib=818 memd_kills=0
0","",""
S006hub1.stri__db_read_p25,S,db_read_p25,strict,none,none,0,normal,1,0,0,1300,na,na,na,na,na,resumed_to_ready,na,ok,"up_s=1455 regs=10 log_rx=6200 svcs=4 mem_mib=818 memd_kills=0
0","",""
S006hub1.stri__db_read_p50,S,db_read_p50,strict,none,none,0,normal,1,0,0,1304,na,na,na,na,na,resumed_to_ready,na,ok,"up_s=1464 regs=11 log_rx=6250 svcs=4 mem_mib=818 memd_kills=0
0","",""
S006hub1.stri__db_read_p75,S,db_read_p75,strict,none,none,0,normal,1,0,0,1304,na,na,na,na,na,resumed_to_ready,na,ok,"up_s=1472 regs=12 log_rx=6250 svcs=4 mem_mib=818 memd_kills=0
0","",""
S006hub1.stri__db_parse,S,db_parse,strict,none,none,0,normal,1,0,0,1304,na,na,na,na,na,resumed_to_ready,na,ok,"up_s=1480 regs=13 log_rx=6300 svcs=4 mem_mib=818 memd_kills=0
0","",""
S006hub1.stri__db_parse_p25,S,db_parse_p25,strict,none,none,0,normal,1,0,0,1304,na,na,na,na,na,resumed_to_ready,na,ok,"up_s=1488 regs=14 log_rx=6350 svcs=4 mem_mib=818 memd_kills=0
0","",""
S006hub1.stri__db_parse_p50,S,db_parse_p50,strict,none,none,0,normal,1,0,0,1304,na,na,na,na,na,resumed_to_ready,na,ok,"up_s=1496 regs=15 log_rx=6400 svcs=4 mem_mib=818 memd_kills=0
0","",""
S006hub1.stri__db_parse_p75,S,db_parse_p75,strict,none,none,0,normal,1,0,0,1304,na,na,na,na,na,resumed_to_ready,na,ok,"up_s=1505 regs=16 log_rx=6400 svcs=4 mem_mib=819 memd_kills=0
0","",""
S006hub1.stri__epg_index,S,epg_index,strict,none,none,0,normal,1,0,0,13596,na,na,na,na,na,resumed_to_ready,na,ok,"up_s=1513 regs=17 log_rx=6450 svcs=4 mem_mib=819 memd_kills=0
0","",""
S006hub1.stri__epg_index_p25,S,epg_index_p25,strict,none,none,0,normal,1,0,0,4384,na,na,na,na,na,resumed_to_ready,na,ok,"up_s=1521 regs=18 log_rx=6500 svcs=4 mem_mib=819 memd_kills=0
0","",""
S006hub1.stri__epg_index_p50,S,epg_index_p50,strict,none,none,0,normal,1,0,0,7456,na,na,na,na,na,resumed_to_ready,na,ok,"up_s=1529 regs=19 log_rx=6500 svcs=4 mem_mib=819 memd_kills=0
0","",""
S006hub1.stri__epg_index_p75,S,epg_index_p75,strict,none,none,0,normal,1,0,0,10528,na,na,na,na,na,resumed_to_ready,na,ok,"up_s=1538 regs=20 log_rx=6550 svcs=4 mem_mib=819 memd_kills=0
0","",""
S006hub1.stri__epg_text,S,epg_text,strict,none,none,0,normal,1,0,0,13596,na,na,na,na,na,resumed_to_ready,na,ok,"up_s=1546 regs=21 log_rx=6600 svcs=4 mem_mib=819 memd_kills=0
0","",""
S006hub1.stri__epg_reserve,S,epg_reserve,strict,none,none,0,normal,1,0,0,13596,na,na,na,na,na,resumed_to_ready,na,ok,"up_s=1554 regs=22 log_rx=6650 svcs=4 mem_mib=819 memd_kills=0
0","",""
S006hub1.stri__hub_conn1,S,hub_conn1,strict,none,none,0,normal,1,1,na,13596,na,na,na,na,na,na,na,dump_fail,"up_s=1561 regs=23 log_rx=6650 svcs=4 mem_mib=819 memd_kills=0
0","(00.149229) Error (criu/sk-unix.c:874): unix: External socket is used. Consider using --ext-unix-sk option.",""
S006hub1.stri__hub_subscribed,S,hub_subscribed,strict,none,none,0,normal,1,1,na,13592,na,na,na,na,na,na,na,dump_fail,"up_s=1568 regs=24 log_rx=6700 svcs=4 mem_mib=819 memd_kills=0
0","(00.136288) Error (criu/sk-unix.c:874): unix: External socket is used. Consider using --ext-unix-sk option.",""
S006hub1.stri__timer_armed,S,timer_armed,strict,none,none,0,normal,1,1,na,13596,na,na,na,na,na,na,na,dump_fail,"up_s=1576 regs=25 log_rx=6700 svcs=4 mem_mib=819 memd_kills=0
0","(00.133682) Error (criu/sk-unix.c:874): unix: External socket is used. Consider using --ext-unix-sk option.",""
S006hub1.stri__db_watch,S,db_watch,strict,none,none,0,normal,1,1,na,128,na,na,na,na,na,na,na,dump_fail,"up_s=1584 regs=26 log_rx=6750 svcs=4 mem_mib=819 memd_kills=0
0","(00.133330) Error (criu/fsnotify.c:284): fsnotify: 	Can't dump that handle",""
S006hub1.stri__ready,S,ready,strict,none,none,0,normal,1,1,na,128,na,na,na,na,na,na,na,dump_fail,"up_s=1592 regs=27 log_rx=6800 svcs=4 mem_mib=819 memd_kills=0
0","(00.132561) Error (criu/fsnotify.c:284): fsnotify: 	Can't dump that handle",""
S006hub1.stri__steady,S,steady,strict,none,none,0,normal,1,1,na,128,na,na,na,na,na,na,na,dump_fail,"up_s=1601 regs=28 log_rx=6850 svcs=4 mem_mib=819 memd_kills=0
0","(00.131403) Error (criu/fsnotify.c:284): fsnotify: 	Can't dump that handle",""
S007hub1.ext___init,S,init,ext_unix,none,none,0,normal,1,0,0,284,na,na,na,na,na,resumed_to_ready,na,ok,"up_s=1609 regs=29 log_rx=6850 svcs=4 mem_mib=819 memd_kills=0
0","",""
S007hub1.ext___db_open,S,db_open,ext_unix,none,none,0,normal,1,0,0,280,na,na,na,na,na,resumed_to_ready,na,ok,"up_s=1618 regs=30 log_rx=6900 svcs=4 mem_mib=819 memd_kills=0
0","",""
S007hub1.ext___db_read,S,db_read,ext_unix,none,none,0,normal,1,0,0,1304,na,na,na,na,na,resumed_to_ready,na,ok,"up_s=1626 regs=31 log_rx=6950 svcs=4 mem_mib=819 memd_kills=0
0","",""
S007hub1.ext___db_read_p25,S,db_read_p25,ext_unix,none,none,0,normal,1,0,0,1304,na,na,na,na,na,resumed_to_ready,na,ok,"up_s=1634 regs=32 log_rx=6950 svcs=4 mem_mib=819 memd_kills=0
0","",""
S007hub1.ext___db_read_p50,S,db_read_p50,ext_unix,none,none,0,normal,1,0,0,1304,na,na,na,na,na,resumed_to_ready,na,ok,"up_s=1642 regs=33 log_rx=7000 svcs=4 mem_mib=819 memd_kills=0
0","",""
S007hub1.ext___db_read_p75,S,db_read_p75,ext_unix,none,none,0,normal,1,0,0,1300,na,na,na,na,na,resumed_to_ready,na,ok,"up_s=1651 regs=34 log_rx=7050 svcs=4 mem_mib=819 memd_kills=0
0","",""
S007hub1.ext___db_parse,S,db_parse,ext_unix,none,none,0,normal,1,0,0,1304,na,na,na,na,na,resumed_to_ready,na,ok,"up_s=1659 regs=35 log_rx=7050 svcs=4 mem_mib=819 memd_kills=0
0","",""
S007hub1.ext___db_parse_p25,S,db_parse_p25,ext_unix,none,none,0,normal,1,0,0,1304,na,na,na,na,na,resumed_to_ready,na,ok,"up_s=1667 regs=36 log_rx=7100 svcs=4 mem_mib=819 memd_kills=0
0","",""
S007hub1.ext___db_parse_p50,S,db_parse_p50,ext_unix,none,none,0,normal,1,0,0,1304,na,na,na,na,na,resumed_to_ready,na,ok,"up_s=1675 regs=37 log_rx=7150 svcs=4 mem_mib=819 memd_kills=0
0","",""
S007hub1.ext___db_parse_p75,S,db_parse_p75,ext_unix,none,none,0,normal,1,0,0,1304,na,na,na,na,na,resumed_to_ready,na,ok,"up_s=1683 regs=38 log_rx=7200 svcs=4 mem_mib=819 memd_kills=0
0","",""
S007hub1.ext___epg_index,S,epg_index,ext_unix,none,none,0,normal,1,0,0,13596,na,na,na,na,na,resumed_to_ready,na,ok,"up_s=1692 regs=39 log_rx=7200 svcs=4 mem_mib=819 memd_kills=0
0","",""
S007hub1.ext___epg_index_p25,S,epg_index_p25,ext_unix,none,none,0,normal,1,0,0,4384,na,na,na,na,na,resumed_to_ready,na,ok,"up_s=1700 regs=40 log_rx=7250 svcs=4 mem_mib=819 memd_kills=0
0","",""
S007hub1.ext___epg_index_p50,S,epg_index_p50,ext_unix,none,none,0,normal,1,0,0,7456,na,na,na,na,na,resumed_to_ready,na,ok,"up_s=1708 regs=41 log_rx=7300 svcs=4 mem_mib=820 memd_kills=0
0","",""
S007hub1.ext___epg_index_p75,S,epg_index_p75,ext_unix,none,none,0,normal,1,0,0,10528,na,na,na,na,na,resumed_to_ready,na,ok,"up_s=1716 regs=42 log_rx=7300 svcs=4 mem_mib=819 memd_kills=0
0","",""
S007hub1.ext___epg_text,S,epg_text,ext_unix,none,none,0,normal,1,0,0,13596,na,na,na,na,na,resumed_to_ready,na,ok,"up_s=1725 regs=43 log_rx=7350 svcs=4 mem_mib=819 memd_kills=0
0","",""
S007hub1.ext___epg_reserve,S,epg_reserve,ext_unix,none,none,0,normal,1,0,0,13592,na,na,na,na,na,resumed_to_ready,na,ok,"up_s=1733 regs=44 log_rx=7400 svcs=4 mem_mib=819 memd_kills=0
0","",""
S007hub1.ext___hub_conn1,S,hub_conn1,ext_unix,none,none,0,normal,1,1,na,13588,na,na,na,na,na,na,na,dump_fail,"up_s=1740 regs=45 log_rx=7400 svcs=4 mem_mib=819 memd_kills=0
0","(00.211606) Error (criu/sk-unix.c:881): unix: Can't dump half of stream unix connection. name: (null); peer name: ",""
S007hub1.ext___hub_subscribed,S,hub_subscribed,ext_unix,none,none,0,normal,1,1,na,13592,na,na,na,na,na,na,na,dump_fail,"up_s=1747 regs=46 log_rx=7450 svcs=4 mem_mib=819 memd_kills=0
0","(00.147217) Error (criu/sk-unix.c:881): unix: Can't dump half of stream unix connection. name: (null); peer name: ",""
S007hub1.ext___timer_armed,S,timer_armed,ext_unix,none,none,0,normal,1,1,na,13596,na,na,na,na,na,na,na,dump_fail,"up_s=1755 regs=47 log_rx=7500 svcs=4 mem_mib=819 memd_kills=0
0","(00.143863) Error (criu/sk-unix.c:881): unix: Can't dump half of stream unix connection. name: (null); peer name: ",""
S007hub1.ext___db_watch,S,db_watch,ext_unix,none,none,0,normal,1,1,na,128,na,na,na,na,na,na,na,dump_fail,"up_s=1763 regs=48 log_rx=7500 svcs=4 mem_mib=819 memd_kills=0
0","(00.143309) Error (criu/fsnotify.c:284): fsnotify: 	Can't dump that handle",""
S007hub1.ext___ready,S,ready,ext_unix,none,none,0,normal,1,1,na,128,na,na,na,na,na,na,na,dump_fail,"up_s=1771 regs=49 log_rx=7550 svcs=4 mem_mib=819 memd_kills=0
0","(00.151854) Error (criu/fsnotify.c:284): fsnotify: 	Can't dump that handle",""
S007hub1.ext___steady,S,steady,ext_unix,none,none,0,normal,1,1,na,128,na,na,na,na,na,na,na,dump_fail,"up_s=1780 regs=50 log_rx=7600 svcs=4 mem_mib=819 memd_kills=0
0","(00.137950) Error (criu/fsnotify.c:284): fsnotify: 	Can't dump that handle",""
S008hub1.tcp___init,S,init,tcp_est,none,none,0,normal,1,0,0,284,na,na,na,na,na,resumed_to_ready,na,ok,"up_s=1788 regs=51 log_rx=7650 svcs=4 mem_mib=820 memd_kills=0
0","",""
S008hub1.tcp___db_open,S,db_open,tcp_est,none,none,0,normal,1,0,0,284,na,na,na,na,na,resumed_to_ready,na,ok,"up_s=1796 regs=52 log_rx=7650 svcs=4 mem_mib=820 memd_kills=0
0","",""
S008hub1.tcp___db_read,S,db_read,tcp_est,none,none,0,normal,1,0,0,1304,na,na,na,na,na,resumed_to_ready,na,ok,"up_s=1804 regs=53 log_rx=7700 svcs=4 mem_mib=820 memd_kills=0
0","",""
S008hub1.tcp___db_read_p25,S,db_read_p25,tcp_est,none,none,0,normal,1,0,0,1304,na,na,na,na,na,resumed_to_ready,na,ok,"up_s=1813 regs=54 log_rx=7750 svcs=4 mem_mib=820 memd_kills=0
0","",""
S008hub1.tcp___db_read_p50,S,db_read_p50,tcp_est,none,none,0,normal,1,0,0,1304,na,na,na,na,na,resumed_to_ready,na,ok,"up_s=1821 regs=55 log_rx=7750 svcs=4 mem_mib=820 memd_kills=0
0","",""
S008hub1.tcp___db_read_p75,S,db_read_p75,tcp_est,none,none,0,normal,1,0,0,1304,na,na,na,na,na,resumed_to_ready,na,ok,"up_s=1829 regs=56 log_rx=7800 svcs=4 mem_mib=820 memd_kills=0
0","",""
S008hub1.tcp___db_parse,S,db_parse,tcp_est,none,none,0,normal,1,0,0,1304,na,na,na,na,na,resumed_to_ready,na,ok,"up_s=1837 regs=57 log_rx=7850 svcs=4 mem_mib=820 memd_kills=0
0","",""
S008hub1.tcp___db_parse_p25,S,db_parse_p25,tcp_est,none,none,0,normal,1,0,0,1304,na,na,na,na,na,resumed_to_ready,na,ok,"up_s=1845 regs=58 log_rx=7850 svcs=4 mem_mib=820 memd_kills=0
0","",""
S008hub1.tcp___db_parse_p50,S,db_parse_p50,tcp_est,none,none,0,normal,1,0,0,1304,na,na,na,na,na,resumed_to_ready,na,ok,"up_s=1854 regs=59 log_rx=7900 svcs=4 mem_mib=820 memd_kills=0
0","",""
S008hub1.tcp___db_parse_p75,S,db_parse_p75,tcp_est,none,none,0,normal,1,0,0,1304,na,na,na,na,na,resumed_to_ready,na,ok,"up_s=1862 regs=60 log_rx=7950 svcs=4 mem_mib=820 memd_kills=0
0","",""
S008hub1.tcp___epg_index,S,epg_index,tcp_est,none,none,0,normal,1,0,0,13596,na,na,na,na,na,resumed_to_ready,na,ok,"up_s=1870 regs=61 log_rx=8000 svcs=4 mem_mib=820 memd_kills=0
0","",""
S008hub1.tcp___epg_index_p25,S,epg_index_p25,tcp_est,none,none,0,normal,1,0,0,4380,na,na,na,na,na,resumed_to_ready,na,ok,"up_s=1878 regs=62 log_rx=8000 svcs=4 mem_mib=820 memd_kills=0
0","",""
S008hub1.tcp___epg_index_p50,S,epg_index_p50,tcp_est,none,none,0,normal,1,0,0,7456,na,na,na,na,na,resumed_to_ready,na,ok,"up_s=1887 regs=63 log_rx=8050 svcs=4 mem_mib=820 memd_kills=0
0","",""
S008hub1.tcp___epg_index_p75,S,epg_index_p75,tcp_est,none,none,0,normal,1,0,0,10532,na,na,na,na,na,resumed_to_ready,na,ok,"up_s=1895 regs=64 log_rx=8100 svcs=4 mem_mib=820 memd_kills=0
0","",""
S008hub1.tcp___epg_text,S,epg_text,tcp_est,none,none,0,normal,1,0,0,13596,na,na,na,na,na,resumed_to_ready,na,ok,"up_s=1903 regs=65 log_rx=8100 svcs=4 mem_mib=820 memd_kills=0
0","",""
S008hub1.tcp___epg_reserve,S,epg_reserve,tcp_est,none,none,0,normal,1,0,0,13596,na,na,na,na,na,resumed_to_ready,na,ok,"up_s=1911 regs=66 log_rx=8150 svcs=4 mem_mib=820 memd_kills=0
0","",""
S008hub1.tcp___hub_conn1,S,hub_conn1,tcp_est,none,none,0,normal,1,1,na,13592,na,na,na,na,na,na,na,dump_fail,"up_s=1918 regs=67 log_rx=8200 svcs=4 mem_mib=820 memd_kills=0
0","(00.184258) Error (criu/sk-unix.c:874): unix: External socket is used. Consider using --ext-unix-sk option.",""
S008hub1.tcp___hub_subscribed,S,hub_subscribed,tcp_est,none,none,0,normal,1,1,na,13592,na,na,na,na,na,na,na,dump_fail,"up_s=1925 regs=68 log_rx=8200 svcs=4 mem_mib=820 memd_kills=0
0","(00.199048) Error (criu/sk-unix.c:874): unix: External socket is used. Consider using --ext-unix-sk option.",""
S008hub1.tcp___timer_armed,S,timer_armed,tcp_est,none,none,0,normal,1,1,na,13596,na,na,na,na,na,na,na,dump_fail,"up_s=1933 regs=69 log_rx=8250 svcs=4 mem_mib=820 memd_kills=0
0","(00.211227) Error (criu/sk-unix.c:874): unix: External socket is used. Consider using --ext-unix-sk option.",""
S008hub1.tcp___db_watch,S,db_watch,tcp_est,none,none,0,normal,1,1,na,128,na,na,na,na,na,na,na,dump_fail,"up_s=1941 regs=70 log_rx=8300 svcs=4 mem_mib=820 memd_kills=0
0","(00.127848) Error (criu/fsnotify.c:284): fsnotify: 	Can't dump that handle",""
S008hub1.tcp___ready,S,ready,tcp_est,none,none,0,normal,1,1,na,128,na,na,na,na,na,na,na,dump_fail,"up_s=1950 regs=71 log_rx=8300 svcs=4 mem_mib=820 memd_kills=0
0","(00.145693) Error (criu/fsnotify.c:284): fsnotify: 	Can't dump that handle",""
S008hub1.tcp___steady,S,steady,tcp_est,none,none,0,normal,1,1,na,128,na,na,na,na,na,na,na,dump_fail,"up_s=1958 regs=72 log_rx=8350 svcs=4 mem_mib=820 memd_kills=0
0","(00.134319) Error (criu/fsnotify.c:284): fsnotify: 	Can't dump that handle",""
S009hub1.file__init,S,init,filelocks,none,none,0,normal,1,0,0,284,na,na,na,na,na,resumed_to_ready,na,ok,"up_s=1967 regs=73 log_rx=8400 svcs=4 mem_mib=820 memd_kills=0
0","",""
S009hub1.file__db_open,S,db_open,filelocks,none,none,0,normal,1,0,0,280,na,na,na,na,na,resumed_to_ready,na,ok,"up_s=1975 regs=74 log_rx=8400 svcs=4 mem_mib=820 memd_kills=0
0","",""
S009hub1.file__db_read,S,db_read,filelocks,none,none,0,normal,1,0,0,1304,na,na,na,na,na,resumed_to_ready,na,ok,"up_s=1983 regs=75 log_rx=8450 svcs=4 mem_mib=820 memd_kills=0
0","",""
S009hub1.file__db_read_p25,S,db_read_p25,filelocks,none,none,0,normal,1,0,0,1304,na,na,na,na,na,resumed_to_ready,na,ok,"up_s=1991 regs=76 log_rx=8500 svcs=4 mem_mib=821 memd_kills=0
0","",""
S009hub1.file__db_read_p50,S,db_read_p50,filelocks,none,none,0,normal,1,0,0,1304,na,na,na,na,na,resumed_to_ready,na,ok,"up_s=1999 regs=77 log_rx=8550 svcs=4 mem_mib=821 memd_kills=0
0","",""
S009hub1.file__db_read_p75,S,db_read_p75,filelocks,none,none,0,normal,1,0,0,1304,na,na,na,na,na,resumed_to_ready,na,ok,"up_s=2008 regs=78 log_rx=8550 svcs=4 mem_mib=821 memd_kills=0
0","",""
S009hub1.file__db_parse,S,db_parse,filelocks,none,none,0,normal,1,0,0,1304,na,na,na,na,na,resumed_to_ready,na,ok,"up_s=2016 regs=79 log_rx=8600 svcs=4 mem_mib=821 memd_kills=0
0","",""
S009hub1.file__db_parse_p25,S,db_parse_p25,filelocks,none,none,0,normal,1,0,0,1304,na,na,na,na,na,resumed_to_ready,na,ok,"up_s=2024 regs=80 log_rx=8650 svcs=4 mem_mib=821 memd_kills=0
0","",""
S009hub1.file__db_parse_p50,S,db_parse_p50,filelocks,none,none,0,normal,1,0,0,1304,na,na,na,na,na,resumed_to_ready,na,ok,"up_s=2032 regs=81 log_rx=8650 svcs=4 mem_mib=821 memd_kills=0
0","",""
S009hub1.file__db_parse_p75,S,db_parse_p75,filelocks,none,none,0,normal,1,0,0,1304,na,na,na,na,na,resumed_to_ready,na,ok,"up_s=2040 regs=82 log_rx=8700 svcs=4 mem_mib=821 memd_kills=0
0","",""
S009hub1.file__epg_index,S,epg_index,filelocks,none,none,0,normal,1,0,0,13596,na,na,na,na,na,resumed_to_ready,na,ok,"up_s=2049 regs=83 log_rx=8750 svcs=4 mem_mib=821 memd_kills=0
0","",""
S009hub1.file__epg_index_p25,S,epg_index_p25,filelocks,none,none,0,normal,1,0,0,4380,na,na,na,na,na,resumed_to_ready,na,ok,"up_s=2057 regs=84 log_rx=8750 svcs=4 mem_mib=821 memd_kills=0
0","",""
S009hub1.file__epg_index_p50,S,epg_index_p50,filelocks,none,none,0,normal,1,0,0,7452,na,na,na,na,na,resumed_to_ready,na,ok,"up_s=2065 regs=85 log_rx=8800 svcs=4 mem_mib=821 memd_kills=0
0","",""
S009hub1.file__epg_index_p75,S,epg_index_p75,filelocks,none,none,0,normal,1,0,0,10528,na,na,na,na,na,resumed_to_ready,na,ok,"up_s=2073 regs=86 log_rx=8850 svcs=4 mem_mib=821 memd_kills=0
0","",""
S009hub1.file__epg_text,S,epg_text,filelocks,none,none,0,normal,1,0,0,13596,na,na,na,na,na,resumed_to_ready,na,ok,"up_s=2082 regs=87 log_rx=8900 svcs=4 mem_mib=821 memd_kills=0
0","",""
S009hub1.file__epg_reserve,S,epg_reserve,filelocks,none,none,0,normal,1,0,0,13596,na,na,na,na,na,resumed_to_ready,na,ok,"up_s=2090 regs=88 log_rx=8900 svcs=4 mem_mib=821 memd_kills=0
0","",""
S009hub1.file__hub_conn1,S,hub_conn1,filelocks,none,none,0,normal,1,1,na,13592,na,na,na,na,na,na,na,dump_fail,"up_s=2097 regs=89 log_rx=8950 svcs=4 mem_mib=821 memd_kills=0
0","(00.120062) Error (criu/sk-unix.c:874): unix: External socket is used. Consider using --ext-unix-sk option.",""
S009hub1.file__hub_subscribed,S,hub_subscribed,filelocks,none,none,0,normal,1,1,na,13596,na,na,na,na,na,na,na,dump_fail,"up_s=2104 regs=90 log_rx=9000 svcs=4 mem_mib=821 memd_kills=0
0","(00.105646) Error (criu/sk-unix.c:874): unix: External socket is used. Consider using --ext-unix-sk option.",""
S009hub1.file__timer_armed,S,timer_armed,filelocks,none,none,0,normal,1,1,na,13596,na,na,na,na,na,na,na,dump_fail,"up_s=2111 regs=91 log_rx=9000 svcs=4 mem_mib=821 memd_kills=0
0","(00.117269) Error (criu/sk-unix.c:874): unix: External socket is used. Consider using --ext-unix-sk option.",""
S009hub1.file__db_watch,S,db_watch,filelocks,none,none,0,normal,1,1,na,128,na,na,na,na,na,na,na,dump_fail,"up_s=2119 regs=92 log_rx=9050 svcs=4 mem_mib=821 memd_kills=0
0","(00.127000) Error (criu/fsnotify.c:284): fsnotify: 	Can't dump that handle",""
S009hub1.file__ready,S,ready,filelocks,none,none,0,normal,1,1,na,128,na,na,na,na,na,na,na,dump_fail,"up_s=2128 regs=93 log_rx=9100 svcs=4 mem_mib=821 memd_kills=0
0","(00.127366) Error (criu/fsnotify.c:284): fsnotify: 	Can't dump that handle",""
S009hub1.file__steady,S,steady,filelocks,none,none,0,normal,1,1,na,128,na,na,na,na,na,na,na,dump_fail,"up_s=2137 regs=94 log_rx=9100 svcs=4 mem_mib=821 memd_kills=0
0","(00.116024) Error (criu/fsnotify.c:284): fsnotify: 	Can't dump that handle",""
S010hub1.perm__init,S,init,permissive,none,none,0,normal,1,0,0,284,na,na,na,na,na,resumed_to_ready,na,ok,"up_s=2145 regs=95 log_rx=9150 svcs=4 mem_mib=821 memd_kills=0
0","",""
S010hub1.perm__db_open,S,db_open,permissive,none,none,0,normal,1,0,0,284,na,na,na,na,na,resumed_to_ready,na,ok,"up_s=2153 regs=96 log_rx=9200 svcs=4 mem_mib=821 memd_kills=0
0","",""
S010hub1.perm__db_read,S,db_read,permissive,none,none,0,normal,1,0,0,1304,na,na,na,na,na,resumed_to_ready,na,ok,"up_s=2161 regs=97 log_rx=9200 svcs=4 mem_mib=821 memd_kills=0
0","",""
S010hub1.perm__db_read_p25,S,db_read_p25,permissive,none,none,0,normal,1,0,0,1304,na,na,na,na,na,resumed_to_ready,na,ok,"up_s=2169 regs=98 log_rx=9250 svcs=4 mem_mib=821 memd_kills=0
0","",""
S010hub1.perm__db_read_p50,S,db_read_p50,permissive,none,none,0,normal,1,0,0,1304,na,na,na,na,na,resumed_to_ready,na,ok,"up_s=2178 regs=99 log_rx=9300 svcs=4 mem_mib=821 memd_kills=0
0","",""
S010hub1.perm__db_read_p75,S,db_read_p75,permissive,none,none,0,normal,1,0,0,1304,na,na,na,na,na,resumed_to_ready,na,ok,"up_s=2186 regs=100 log_rx=9350 svcs=4 mem_mib=821 memd_kills=0
0","",""
S010hub1.perm__db_parse,S,db_parse,permissive,none,none,0,normal,1,0,0,1308,na,na,na,na,na,resumed_to_ready,na,ok,"up_s=2194 regs=101 log_rx=9350 svcs=4 mem_mib=821 memd_kills=0
0","",""
S010hub1.perm__db_parse_p25,S,db_parse_p25,permissive,none,none,0,normal,1,0,0,1304,na,na,na,na,na,resumed_to_ready,na,ok,"up_s=2202 regs=102 log_rx=9400 svcs=4 mem_mib=821 memd_kills=0
0","",""
S010hub1.perm__db_parse_p50,S,db_parse_p50,permissive,none,none,0,normal,1,0,0,1300,na,na,na,na,na,resumed_to_ready,na,ok,"up_s=2211 regs=103 log_rx=9450 svcs=4 mem_mib=821 memd_kills=0
0","",""
S010hub1.perm__db_parse_p75,S,db_parse_p75,permissive,none,none,0,normal,1,0,0,1304,na,na,na,na,na,resumed_to_ready,na,ok,"up_s=2219 regs=104 log_rx=9450 svcs=4 mem_mib=821 memd_kills=0
0","",""
S010hub1.perm__epg_index,S,epg_index,permissive,none,none,0,normal,1,0,0,13596,na,na,na,na,na,resumed_to_ready,na,ok,"up_s=2227 regs=105 log_rx=9500 svcs=4 mem_mib=821 memd_kills=0
0","",""
S010hub1.perm__epg_index_p25,S,epg_index_p25,permissive,none,none,0,normal,1,0,0,4384,na,na,na,na,na,resumed_to_ready,na,ok,"up_s=2235 regs=106 log_rx=9550 svcs=4 mem_mib=821 memd_kills=0
0","",""
S010hub1.perm__epg_index_p50,S,epg_index_p50,permissive,none,none,0,normal,1,0,0,7456,na,na,na,na,na,resumed_to_ready,na,ok,"up_s=2244 regs=107 log_rx=9550 svcs=4 mem_mib=821 memd_kills=0
0","",""
S010hub1.perm__epg_index_p75,S,epg_index_p75,permissive,none,none,0,normal,1,0,0,10528,na,na,na,na,na,resumed_to_ready,na,ok,"up_s=2252 regs=108 log_rx=9600 svcs=4 mem_mib=821 memd_kills=0
0","",""
S010hub1.perm__epg_text,S,epg_text,permissive,none,none,0,normal,1,0,0,13596,na,na,na,na,na,resumed_to_ready,na,ok,"up_s=2260 regs=109 log_rx=9650 svcs=4 mem_mib=822 memd_kills=0
0","",""
S010hub1.perm__epg_reserve,S,epg_reserve,permissive,none,none,0,normal,1,0,0,13596,na,na,na,na,na,resumed_to_ready,na,ok,"up_s=2268 regs=110 log_rx=9700 svcs=4 mem_mib=822 memd_kills=0
0","",""
S010hub1.perm__hub_conn1,S,hub_conn1,permissive,none,none,0,normal,1,1,na,13596,na,na,na,na,na,na,na,dump_fail,"up_s=2275 regs=111 log_rx=9700 svcs=4 mem_mib=821 memd_kills=0
0","(00.137775) Error (criu/sk-unix.c:881): unix: Can't dump half of stream unix connection. name: (null); peer name: ",""
S010hub1.perm__hub_subscribed,S,hub_subscribed,permissive,none,none,0,normal,1,1,na,13596,na,na,na,na,na,na,na,dump_fail,"up_s=2282 regs=112 log_rx=9750 svcs=4 mem_mib=821 memd_kills=0
0","(00.118636) Error (criu/sk-unix.c:881): unix: Can't dump half of stream unix connection. name: (null); peer name: ",""
S010hub1.perm__timer_armed,S,timer_armed,permissive,none,none,0,normal,1,1,na,13596,na,na,na,na,na,na,na,dump_fail,"up_s=2290 regs=113 log_rx=9750 svcs=4 mem_mib=821 memd_kills=0
0","(00.122459) Error (criu/sk-unix.c:881): unix: Can't dump half of stream unix connection. name: (null); peer name: ",""
S010hub1.perm__db_watch,S,db_watch,permissive,none,none,0,normal,1,1,na,128,na,na,na,na,na,na,na,dump_fail,"up_s=2298 regs=114 log_rx=9800 svcs=4 mem_mib=821 memd_kills=0
0","(00.123317) Error (criu/fsnotify.c:284): fsnotify: 	Can't dump that handle",""
S010hub1.perm__ready,S,ready,permissive,none,none,0,normal,1,1,na,128,na,na,na,na,na,na,na,dump_fail,"up_s=2306 regs=115 log_rx=9850 svcs=4 mem_mib=822 memd_kills=0
0","(00.145290) Error (criu/fsnotify.c:284): fsnotify: 	Can't dump that handle",""
S010hub1.perm__steady,S,steady,permissive,none,none,0,normal,1,1,na,128,na,na,na,na,na,na,na,dump_fail,"up_s=2315 regs=116 log_rx=9900 svcs=4 mem_mib=821 memd_kills=0
0","(00.186876) Error (criu/fsnotify.c:284): fsnotify: 	Can't dump that handle",""
S011hub2.stri__init,S,init,strict,none,none,0,normal,1,0,0,284,na,na,na,na,na,resumed_to_ready,na,ok,"up_s=2324 regs=118 log_rx=9900 svcs=4 mem_mib=822 memd_kills=0
0","",""
S011hub2.stri__db_open,S,db_open,strict,none,none,0,normal,1,0,0,284,na,na,na,na,na,resumed_to_ready,na,ok,"up_s=2332 regs=120 log_rx=9950 svcs=4 mem_mib=822 memd_kills=0
0","",""
S011hub2.stri__db_read,S,db_read,strict,none,none,0,normal,1,0,0,1304,na,na,na,na,na,resumed_to_ready,na,ok,"up_s=2341 regs=122 log_rx=10000 svcs=4 mem_mib=822 memd_kills=0
0","",""
S011hub2.stri__db_read_p25,S,db_read_p25,strict,none,none,0,normal,1,0,0,1304,na,na,na,na,na,resumed_to_ready,na,ok,"up_s=2350 regs=124 log_rx=10050 svcs=4 mem_mib=822 memd_kills=0
0","",""
S011hub2.stri__db_read_p50,S,db_read_p50,strict,none,none,0,normal,1,0,0,1304,na,na,na,na,na,resumed_to_ready,na,ok,"up_s=2358 regs=126 log_rx=10050 svcs=4 mem_mib=822 memd_kills=0
0","",""
S011hub2.stri__db_read_p75,S,db_read_p75,strict,none,none,0,normal,1,0,0,1304,na,na,na,na,na,resumed_to_ready,na,ok,"up_s=2367 regs=128 log_rx=10100 svcs=4 mem_mib=822 memd_kills=0
0","",""
S011hub2.stri__db_parse,S,db_parse,strict,none,none,0,normal,1,0,0,1304,na,na,na,na,na,resumed_to_ready,na,ok,"up_s=2375 regs=130 log_rx=10150 svcs=4 mem_mib=822 memd_kills=0
0","",""
S011hub2.stri__db_parse_p25,S,db_parse_p25,strict,none,none,0,normal,1,0,0,1304,na,na,na,na,na,resumed_to_ready,na,ok,"up_s=2384 regs=132 log_rx=10200 svcs=4 mem_mib=822 memd_kills=0
0","",""
S011hub2.stri__db_parse_p50,S,db_parse_p50,strict,none,none,0,normal,1,0,0,1304,na,na,na,na,na,resumed_to_ready,na,ok,"up_s=2393 regs=134 log_rx=10200 svcs=4 mem_mib=822 memd_kills=0
0","",""
S011hub2.stri__db_parse_p75,S,db_parse_p75,strict,none,none,0,normal,1,0,0,1304,na,na,na,na,na,resumed_to_ready,na,ok,"up_s=2401 regs=136 log_rx=10250 svcs=4 mem_mib=822 memd_kills=0
0","",""
S011hub2.stri__epg_index,S,epg_index,strict,none,none,0,normal,1,0,0,13596,na,na,na,na,na,resumed_to_ready,na,ok,"up_s=2410 regs=138 log_rx=10300 svcs=4 mem_mib=822 memd_kills=0
0","",""
S011hub2.stri__epg_index_p25,S,epg_index_p25,strict,none,none,0,normal,1,0,0,4384,na,na,na,na,na,resumed_to_ready,na,ok,"up_s=2419 regs=140 log_rx=10300 svcs=4 mem_mib=822 memd_kills=0
0","",""
S011hub2.stri__epg_index_p50,S,epg_index_p50,strict,none,none,0,normal,1,0,0,7456,na,na,na,na,na,resumed_to_ready,na,ok,"up_s=2427 regs=142 log_rx=10350 svcs=4 mem_mib=822 memd_kills=0
0","",""
S011hub2.stri__epg_index_p75,S,epg_index_p75,strict,none,none,0,normal,1,0,0,10528,na,na,na,na,na,resumed_to_ready,na,ok,"up_s=2436 regs=144 log_rx=10400 svcs=4 mem_mib=822 memd_kills=0
0","",""
S011hub2.stri__epg_text,S,epg_text,strict,none,none,0,normal,1,0,0,13596,na,na,na,na,na,resumed_to_ready,na,ok,"up_s=2445 regs=146 log_rx=10450 svcs=4 mem_mib=822 memd_kills=0
0","",""
S011hub2.stri__epg_reserve,S,epg_reserve,strict,none,none,0,normal,1,0,0,13596,na,na,na,na,na,resumed_to_ready,na,ok,"up_s=2453 regs=148 log_rx=10450 svcs=4 mem_mib=822 memd_kills=0
0","",""
S011hub2.stri__hub_conn1,S,hub_conn1,strict,none,none,0,normal,1,1,na,13596,na,na,na,na,na,na,na,dump_fail,"up_s=2460 regs=150 log_rx=10500 svcs=4 mem_mib=822 memd_kills=0
0","(00.120493) Error (criu/sk-unix.c:874): unix: External socket is used. Consider using --ext-unix-sk option.",""
S011hub2.stri__hub_conn2,S,hub_conn2,strict,none,none,0,normal,1,1,na,13596,na,na,na,na,na,na,na,dump_fail,"up_s=2467 regs=152 log_rx=10550 svcs=4 mem_mib=822 memd_kills=0
0","(00.132954) Error (criu/sk-unix.c:874): unix: External socket is used. Consider using --ext-unix-sk option.",""
S011hub2.stri__hub_subscribed,S,hub_subscribed,strict,none,none,0,normal,1,1,na,13596,na,na,na,na,na,na,na,dump_fail,"up_s=2475 regs=154 log_rx=10550 svcs=4 mem_mib=822 memd_kills=0
0","(00.139349) Error (criu/sk-unix.c:874): unix: External socket is used. Consider using --ext-unix-sk option.",""
S011hub2.stri__timer_armed,S,timer_armed,strict,none,none,0,normal,1,1,na,13596,na,na,na,na,na,na,na,dump_fail,"up_s=2483 regs=156 log_rx=10600 svcs=4 mem_mib=822 memd_kills=0
0","(00.137907) Error (criu/sk-unix.c:874): unix: External socket is used. Consider using --ext-unix-sk option.",""
S011hub2.stri__db_watch,S,db_watch,strict,none,none,0,normal,1,1,na,128,na,na,na,na,na,na,na,dump_fail,"up_s=2492 regs=158 log_rx=10650 svcs=4 mem_mib=822 memd_kills=0
0","(00.202124) Error (criu/fsnotify.c:284): fsnotify: 	Can't dump that handle",""
S011hub2.stri__ready,S,ready,strict,none,none,0,normal,1,1,na,128,na,na,na,na,na,na,na,dump_fail,"up_s=2500 regs=160 log_rx=10650 svcs=4 mem_mib=822 memd_kills=0
0","(00.139060) Error (criu/fsnotify.c:284): fsnotify: 	Can't dump that handle",""
S011hub2.stri__steady,S,steady,strict,none,none,0,normal,1,1,na,128,na,na,na,na,na,na,na,dump_fail,"up_s=2510 regs=162 log_rx=10700 svcs=4 mem_mib=822 memd_kills=0
0","(00.121349) Error (criu/fsnotify.c:284): fsnotify: 	Can't dump that handle",""
S012hub2.ext___init,S,init,ext_unix,none,none,0,normal,1,0,0,280,na,na,na,na,na,resumed_to_ready,na,ok,"up_s=2518 regs=164 log_rx=10750 svcs=4 mem_mib=822 memd_kills=0
0","",""
S012hub2.ext___db_open,S,db_open,ext_unix,none,none,0,normal,1,0,0,284,na,na,na,na,na,resumed_to_ready,na,ok,"up_s=2527 regs=166 log_rx=10800 svcs=4 mem_mib=822 memd_kills=0
0","",""
S012hub2.ext___db_read,S,db_read,ext_unix,none,none,0,normal,1,0,0,1304,na,na,na,na,na,resumed_to_ready,na,ok,"up_s=2535 regs=168 log_rx=10800 svcs=4 mem_mib=822 memd_kills=0
0","",""
S012hub2.ext___db_read_p25,S,db_read_p25,ext_unix,none,none,0,normal,1,0,0,1304,na,na,na,na,na,resumed_to_ready,na,ok,"up_s=2544 regs=170 log_rx=10850 svcs=4 mem_mib=822 memd_kills=0
0","",""
S012hub2.ext___db_read_p50,S,db_read_p50,ext_unix,none,none,0,normal,1,0,0,1304,na,na,na,na,na,resumed_to_ready,na,ok,"up_s=2553 regs=172 log_rx=10900 svcs=4 mem_mib=823 memd_kills=0
0","",""
S012hub2.ext___db_read_p75,S,db_read_p75,ext_unix,none,none,0,normal,1,0,0,1304,na,na,na,na,na,resumed_to_ready,na,ok,"up_s=2561 regs=174 log_rx=10950 svcs=4 mem_mib=822 memd_kills=0
0","",""
S012hub2.ext___db_parse,S,db_parse,ext_unix,none,none,0,normal,1,0,0,1304,na,na,na,na,na,resumed_to_ready,na,ok,"up_s=2570 regs=176 log_rx=10950 svcs=4 mem_mib=823 memd_kills=0
0","",""
S012hub2.ext___db_parse_p25,S,db_parse_p25,ext_unix,none,none,0,normal,1,0,0,1304,na,na,na,na,na,resumed_to_ready,na,ok,"up_s=2579 regs=178 log_rx=11000 svcs=4 mem_mib=823 memd_kills=0
0","",""
S012hub2.ext___db_parse_p50,S,db_parse_p50,ext_unix,none,none,0,normal,1,0,0,1304,na,na,na,na,na,resumed_to_ready,na,ok,"up_s=2587 regs=180 log_rx=11050 svcs=4 mem_mib=823 memd_kills=0
0","",""
S012hub2.ext___db_parse_p75,S,db_parse_p75,ext_unix,none,none,0,normal,1,0,0,1304,na,na,na,na,na,resumed_to_ready,na,ok,"up_s=2596 regs=182 log_rx=11100 svcs=4 mem_mib=823 memd_kills=0
0","",""
S012hub2.ext___epg_index,S,epg_index,ext_unix,none,none,0,normal,1,0,0,13592,na,na,na,na,na,resumed_to_ready,na,ok,"up_s=2604 regs=184 log_rx=11100 svcs=4 mem_mib=823 memd_kills=0
0","",""
S012hub2.ext___epg_index_p25,S,epg_index_p25,ext_unix,none,none,0,normal,1,0,0,4384,na,na,na,na,na,resumed_to_ready,na,ok,"up_s=2613 regs=186 log_rx=11150 svcs=4 mem_mib=823 memd_kills=0
0","",""
S012hub2.ext___epg_index_p50,S,epg_index_p50,ext_unix,none,none,0,normal,1,0,0,7456,na,na,na,na,na,resumed_to_ready,na,ok,"up_s=2622 regs=188 log_rx=11200 svcs=4 mem_mib=823 memd_kills=0
0","",""
S012hub2.ext___epg_index_p75,S,epg_index_p75,ext_unix,none,none,0,normal,1,0,0,10528,na,na,na,na,na,resumed_to_ready,na,ok,"up_s=2630 regs=190 log_rx=11250 svcs=4 mem_mib=823 memd_kills=0
0","",""
S012hub2.ext___epg_text,S,epg_text,ext_unix,none,none,0,normal,1,0,0,13596,na,na,na,na,na,resumed_to_ready,na,ok,"up_s=2639 regs=192 log_rx=11250 svcs=4 mem_mib=823 memd_kills=0
0","",""
S012hub2.ext___epg_reserve,S,epg_reserve,ext_unix,none,none,0,normal,1,0,0,13596,na,na,na,na,na,resumed_to_ready,na,ok,"up_s=2648 regs=194 log_rx=11300 svcs=4 mem_mib=823 memd_kills=0
0","",""
S012hub2.ext___hub_conn1,S,hub_conn1,ext_unix,none,none,0,normal,1,1,na,13592,na,na,na,na,na,na,na,dump_fail,"up_s=2654 regs=196 log_rx=11350 svcs=4 mem_mib=823 memd_kills=0
0","(00.127600) Error (criu/sk-unix.c:881): unix: Can't dump half of stream unix connection. name: (null); peer name: ",""
S012hub2.ext___hub_conn2,S,hub_conn2,ext_unix,none,none,0,normal,1,1,na,13596,na,na,na,na,na,na,na,dump_fail,"up_s=2662 regs=198 log_rx=11350 svcs=4 mem_mib=823 memd_kills=0
0","(00.119847) Error (criu/sk-unix.c:881): unix: Can't dump half of stream unix connection. name: (null); peer name: ",""
S012hub2.ext___hub_subscribed,S,hub_subscribed,ext_unix,none,none,0,normal,1,1,na,13596,na,na,na,na,na,na,na,dump_fail,"up_s=2669 regs=200 log_rx=11400 svcs=4 mem_mib=823 memd_kills=0
0","(00.138675) Error (criu/sk-unix.c:881): unix: Can't dump half of stream unix connection. name: (null); peer name: ",""
S012hub2.ext___timer_armed,S,timer_armed,ext_unix,none,none,0,normal,1,1,na,13592,na,na,na,na,na,na,na,dump_fail,"up_s=2677 regs=202 log_rx=11450 svcs=4 mem_mib=823 memd_kills=0
0","(00.129941) Error (criu/sk-unix.c:881): unix: Can't dump half of stream unix connection. name: (null); peer name: ",""
S012hub2.ext___db_watch,S,db_watch,ext_unix,none,none,0,normal,1,1,na,128,na,na,na,na,na,na,na,dump_fail,"up_s=2686 regs=204 log_rx=11450 svcs=4 mem_mib=823 memd_kills=0
0","(00.164807) Error (criu/fsnotify.c:284): fsnotify: 	Can't dump that handle",""
S012hub2.ext___ready,S,ready,ext_unix,none,none,0,normal,1,1,na,128,na,na,na,na,na,na,na,dump_fail,"up_s=2694 regs=206 log_rx=11500 svcs=4 mem_mib=823 memd_kills=0
0","(00.127603) Error (criu/fsnotify.c:284): fsnotify: 	Can't dump that handle",""
S012hub2.ext___steady,S,steady,ext_unix,none,none,0,normal,1,1,na,128,na,na,na,na,na,na,na,dump_fail,"up_s=2704 regs=208 log_rx=11550 svcs=4 mem_mib=823 memd_kills=0
0","(00.193516) Error (criu/fsnotify.c:284): fsnotify: 	Can't dump that handle",""
S013hub2.tcp___init,S,init,tcp_est,none,none,0,normal,1,0,0,284,na,na,na,na,na,resumed_to_ready,na,ok,"up_s=2712 regs=210 log_rx=11600 svcs=4 mem_mib=823 memd_kills=0
0","",""
S013hub2.tcp___db_open,S,db_open,tcp_est,none,none,0,normal,1,0,0,284,na,na,na,na,na,resumed_to_ready,na,ok,"up_s=2721 regs=212 log_rx=11600 svcs=4 mem_mib=823 memd_kills=0
0","",""
S013hub2.tcp___db_read,S,db_read,tcp_est,none,none,0,normal,1,0,0,1304,na,na,na,na,na,resumed_to_ready,na,ok,"up_s=2730 regs=214 log_rx=11650 svcs=4 mem_mib=823 memd_kills=0
0","",""
S013hub2.tcp___db_read_p25,S,db_read_p25,tcp_est,none,none,0,normal,1,0,0,1304,na,na,na,na,na,resumed_to_ready,na,ok,"up_s=2738 regs=216 log_rx=11700 svcs=4 mem_mib=823 memd_kills=0
0","",""
S013hub2.tcp___db_read_p50,S,db_read_p50,tcp_est,none,none,0,normal,1,0,0,1304,na,na,na,na,na,resumed_to_ready,na,ok,"up_s=2747 regs=218 log_rx=11750 svcs=4 mem_mib=823 memd_kills=0
0","",""
S013hub2.tcp___db_read_p75,S,db_read_p75,tcp_est,none,none,0,normal,1,0,0,1304,na,na,na,na,na,resumed_to_ready,na,ok,"up_s=2756 regs=220 log_rx=11750 svcs=4 mem_mib=823 memd_kills=0
0","",""
S013hub2.tcp___db_parse,S,db_parse,tcp_est,none,none,0,normal,1,0,0,1304,na,na,na,na,na,resumed_to_ready,na,ok,"up_s=2764 regs=222 log_rx=11800 svcs=4 mem_mib=823 memd_kills=0
0","",""
S013hub2.tcp___db_parse_p25,S,db_parse_p25,tcp_est,none,none,0,normal,1,0,0,1304,na,na,na,na,na,resumed_to_ready,na,ok,"up_s=2773 regs=224 log_rx=11850 svcs=4 mem_mib=823 memd_kills=0
0","",""
S013hub2.tcp___db_parse_p50,S,db_parse_p50,tcp_est,none,none,0,normal,1,0,0,1304,na,na,na,na,na,resumed_to_ready,na,ok,"up_s=2782 regs=226 log_rx=11850 svcs=4 mem_mib=823 memd_kills=0
0","",""
S013hub2.tcp___db_parse_p75,S,db_parse_p75,tcp_est,none,none,0,normal,1,0,0,1304,na,na,na,na,na,resumed_to_ready,na,ok,"up_s=2790 regs=228 log_rx=11900 svcs=4 mem_mib=823 memd_kills=0
0","",""
S013hub2.tcp___epg_index,S,epg_index,tcp_est,none,none,0,normal,1,0,0,13596,na,na,na,na,na,resumed_to_ready,na,ok,"up_s=2799 regs=230 log_rx=11950 svcs=4 mem_mib=823 memd_kills=0
0","",""
S013hub2.tcp___epg_index_p25,S,epg_index_p25,tcp_est,none,none,0,normal,1,0,0,4384,na,na,na,na,na,resumed_to_ready,na,ok,"up_s=2808 regs=232 log_rx=12000 svcs=4 mem_mib=823 memd_kills=0
0","",""
S013hub2.tcp___epg_index_p50,S,epg_index_p50,tcp_est,none,none,0,normal,1,0,0,7456,na,na,na,na,na,resumed_to_ready,na,ok,"up_s=2816 regs=234 log_rx=12000 svcs=4 mem_mib=824 memd_kills=0
0","",""
S013hub2.tcp___epg_index_p75,S,epg_index_p75,tcp_est,none,none,0,normal,1,0,0,10528,na,na,na,na,na,resumed_to_ready,na,ok,"up_s=2825 regs=236 log_rx=12050 svcs=4 mem_mib=824 memd_kills=0
0","",""
S013hub2.tcp___epg_text,S,epg_text,tcp_est,none,none,0,normal,1,0,0,13596,na,na,na,na,na,resumed_to_ready,na,ok,"up_s=2834 regs=238 log_rx=12100 svcs=4 mem_mib=824 memd_kills=0
0","",""
S013hub2.tcp___epg_reserve,S,epg_reserve,tcp_est,none,none,0,normal,1,0,0,13596,na,na,na,na,na,resumed_to_ready,na,ok,"up_s=2842 regs=240 log_rx=12150 svcs=4 mem_mib=824 memd_kills=0
0","",""
S013hub2.tcp___hub_conn1,S,hub_conn1,tcp_est,none,none,0,normal,1,1,na,13592,na,na,na,na,na,na,na,dump_fail,"up_s=2849 regs=242 log_rx=12150 svcs=4 mem_mib=823 memd_kills=0
0","(00.132486) Error (criu/sk-unix.c:874): unix: External socket is used. Consider using --ext-unix-sk option.",""
S013hub2.tcp___hub_conn2,S,hub_conn2,tcp_est,none,none,0,normal,1,1,na,13596,na,na,na,na,na,na,na,dump_fail,"up_s=2856 regs=244 log_rx=12200 svcs=4 mem_mib=823 memd_kills=0
0","(00.116210) Error (criu/sk-unix.c:874): unix: External socket is used. Consider using --ext-unix-sk option.",""
S013hub2.tcp___hub_subscribed,S,hub_subscribed,tcp_est,none,none,0,normal,1,1,na,13596,na,na,na,na,na,na,na,dump_fail,"up_s=2864 regs=246 log_rx=12250 svcs=4 mem_mib=823 memd_kills=0
0","(00.122951) Error (criu/sk-unix.c:874): unix: External socket is used. Consider using --ext-unix-sk option.",""
S013hub2.tcp___timer_armed,S,timer_armed,tcp_est,none,none,0,normal,1,1,na,13596,na,na,na,na,na,na,na,dump_fail,"up_s=2872 regs=248 log_rx=12250 svcs=4 mem_mib=823 memd_kills=0
0","(00.111840) Error (criu/sk-unix.c:874): unix: External socket is used. Consider using --ext-unix-sk option.",""
S013hub2.tcp___db_watch,S,db_watch,tcp_est,none,none,0,normal,1,1,na,128,na,na,na,na,na,na,na,dump_fail,"up_s=2880 regs=250 log_rx=12300 svcs=4 mem_mib=823 memd_kills=0
0","(00.112445) Error (criu/fsnotify.c:284): fsnotify: 	Can't dump that handle",""
S013hub2.tcp___ready,S,ready,tcp_est,none,none,0,normal,1,1,na,128,na,na,na,na,na,na,na,dump_fail,"up_s=2889 regs=252 log_rx=12350 svcs=4 mem_mib=823 memd_kills=0
0","(00.142333) Error (criu/fsnotify.c:284): fsnotify: 	Can't dump that handle",""
S013hub2.tcp___steady,S,steady,tcp_est,none,none,0,normal,1,1,na,128,na,na,na,na,na,na,na,dump_fail,"up_s=2898 regs=254 log_rx=12350 svcs=4 mem_mib=823 memd_kills=0
0","(00.130606) Error (criu/fsnotify.c:284): fsnotify: 	Can't dump that handle",""
S014hub2.file__init,S,init,filelocks,none,none,0,normal,1,0,0,284,na,na,na,na,na,resumed_to_ready,na,ok,"up_s=2907 regs=256 log_rx=12400 svcs=4 mem_mib=824 memd_kills=0
0","",""
S014hub2.file__db_open,S,db_open,filelocks,none,none,0,normal,1,0,0,284,na,na,na,na,na,resumed_to_ready,na,ok,"up_s=2916 regs=258 log_rx=12450 svcs=4 mem_mib=824 memd_kills=0
0","",""
S014hub2.file__db_read,S,db_read,filelocks,none,none,0,normal,1,0,0,1304,na,na,na,na,na,resumed_to_ready,na,ok,"up_s=2924 regs=260 log_rx=12500 svcs=4 mem_mib=824 memd_kills=0
0","",""
S014hub2.file__db_read_p25,S,db_read_p25,filelocks,none,none,0,normal,1,0,0,1304,na,na,na,na,na,resumed_to_ready,na,ok,"up_s=2933 regs=262 log_rx=12500 svcs=4 mem_mib=824 memd_kills=0
0","",""
S014hub2.file__db_read_p50,S,db_read_p50,filelocks,none,none,0,normal,1,0,0,1304,na,na,na,na,na,resumed_to_ready,na,ok,"up_s=2942 regs=264 log_rx=12550 svcs=4 mem_mib=824 memd_kills=0
0","",""
S014hub2.file__db_read_p75,S,db_read_p75,filelocks,none,none,0,normal,1,0,0,1304,na,na,na,na,na,resumed_to_ready,na,ok,"up_s=2950 regs=266 log_rx=12600 svcs=4 mem_mib=824 memd_kills=0
0","",""
S014hub2.file__db_parse,S,db_parse,filelocks,none,none,0,normal,1,0,0,1304,na,na,na,na,na,resumed_to_ready,na,ok,"up_s=2959 regs=268 log_rx=12650 svcs=4 mem_mib=824 memd_kills=0
0","",""
S014hub2.file__db_parse_p25,S,db_parse_p25,filelocks,none,none,0,normal,1,0,0,1304,na,na,na,na,na,resumed_to_ready,na,ok,"up_s=2968 regs=270 log_rx=12650 svcs=4 mem_mib=824 memd_kills=0
0","",""
S014hub2.file__db_parse_p50,S,db_parse_p50,filelocks,none,none,0,normal,1,0,0,1304,na,na,na,na,na,resumed_to_ready,na,ok,"up_s=2976 regs=272 log_rx=12700 svcs=4 mem_mib=824 memd_kills=0
0","",""
S014hub2.file__db_parse_p75,S,db_parse_p75,filelocks,none,none,0,normal,1,0,0,1304,na,na,na,na,na,resumed_to_ready,na,ok,"up_s=2985 regs=274 log_rx=12750 svcs=4 mem_mib=824 memd_kills=0
0","",""
S014hub2.file__epg_index,S,epg_index,filelocks,none,none,0,normal,1,0,0,13596,na,na,na,na,na,resumed_to_ready,na,ok,"up_s=2993 regs=276 log_rx=12800 svcs=4 mem_mib=824 memd_kills=0
0","",""
S014hub2.file__epg_index_p25,S,epg_index_p25,filelocks,none,none,0,normal,1,0,0,4384,na,na,na,na,na,resumed_to_ready,na,ok,"up_s=3002 regs=278 log_rx=12800 svcs=4 mem_mib=824 memd_kills=0
0","",""
S014hub2.file__epg_index_p50,S,epg_index_p50,filelocks,none,none,0,normal,1,0,0,7456,na,na,na,na,na,resumed_to_ready,na,ok,"up_s=3011 regs=280 log_rx=12850 svcs=4 mem_mib=824 memd_kills=0
0","",""
S014hub2.file__epg_index_p75,S,epg_index_p75,filelocks,none,none,0,normal,1,0,0,10528,na,na,na,na,na,resumed_to_ready,na,ok,"up_s=3019 regs=282 log_rx=12900 svcs=4 mem_mib=824 memd_kills=0
0","",""
S014hub2.file__epg_text,S,epg_text,filelocks,none,none,0,normal,1,0,0,13596,na,na,na,na,na,resumed_to_ready,na,ok,"up_s=3028 regs=284 log_rx=12950 svcs=4 mem_mib=824 memd_kills=0
0","",""
S014hub2.file__epg_reserve,S,epg_reserve,filelocks,none,none,0,normal,1,0,0,13596,na,na,na,na,na,resumed_to_ready,na,ok,"up_s=3037 regs=286 log_rx=12950 svcs=4 mem_mib=824 memd_kills=0
0","",""
S014hub2.file__hub_conn1,S,hub_conn1,filelocks,none,none,0,normal,1,1,na,13592,na,na,na,na,na,na,na,dump_fail,"up_s=3043 regs=288 log_rx=13000 svcs=4 mem_mib=824 memd_kills=0
0","(00.142454) Error (criu/sk-unix.c:874): unix: External socket is used. Consider using --ext-unix-sk option.",""
S014hub2.file__hub_conn2,S,hub_conn2,filelocks,none,none,0,normal,1,1,na,13596,na,na,na,na,na,na,na,dump_fail,"up_s=3051 regs=290 log_rx=13000 svcs=4 mem_mib=824 memd_kills=0
0","(00.128044) Error (criu/sk-unix.c:874): unix: External socket is used. Consider using --ext-unix-sk option.",""
S014hub2.file__hub_subscribed,S,hub_subscribed,filelocks,none,none,0,normal,1,1,na,13596,na,na,na,na,na,na,na,dump_fail,"up_s=3058 regs=292 log_rx=13050 svcs=4 mem_mib=824 memd_kills=0
0","(00.113421) Error (criu/sk-unix.c:874): unix: External socket is used. Consider using --ext-unix-sk option.",""
S014hub2.file__timer_armed,S,timer_armed,filelocks,none,none,0,normal,1,1,na,13596,na,na,na,na,na,na,na,dump_fail,"up_s=3066 regs=294 log_rx=13100 svcs=4 mem_mib=824 memd_kills=0
0","(00.163525) Error (criu/sk-unix.c:874): unix: External socket is used. Consider using --ext-unix-sk option.",""
S014hub2.file__db_watch,S,db_watch,filelocks,none,none,0,normal,1,1,na,128,na,na,na,na,na,na,na,dump_fail,"up_s=3075 regs=296 log_rx=13150 svcs=4 mem_mib=824 memd_kills=0
0","(00.143730) Error (criu/fsnotify.c:284): fsnotify: 	Can't dump that handle",""
S014hub2.file__ready,S,ready,filelocks,none,none,0,normal,1,1,na,128,na,na,na,na,na,na,na,dump_fail,"up_s=3084 regs=298 log_rx=13150 svcs=4 mem_mib=824 memd_kills=0
0","(00.172820) Error (criu/fsnotify.c:284): fsnotify: 	Can't dump that handle",""
S014hub2.file__steady,S,steady,filelocks,none,none,0,normal,1,1,na,128,na,na,na,na,na,na,na,dump_fail,"up_s=3093 regs=300 log_rx=13200 svcs=4 mem_mib=824 memd_kills=0
0","(00.122263) Error (criu/fsnotify.c:284): fsnotify: 	Can't dump that handle",""
S015hub2.perm__init,S,init,permissive,none,none,0,normal,1,0,0,280,na,na,na,na,na,resumed_to_ready,na,ok,"up_s=3101 regs=302 log_rx=13250 svcs=4 mem_mib=824 memd_kills=0
0","",""
S015hub2.perm__db_open,S,db_open,permissive,none,none,0,normal,1,0,0,284,na,na,na,na,na,resumed_to_ready,na,ok,"up_s=3110 regs=304 log_rx=13300 svcs=4 mem_mib=824 memd_kills=0
0","",""
S015hub2.perm__db_read,S,db_read,permissive,none,none,0,normal,1,0,0,1304,na,na,na,na,na,resumed_to_ready,na,ok,"up_s=3119 regs=306 log_rx=13300 svcs=4 mem_mib=825 memd_kills=0
0","",""
S015hub2.perm__db_read_p25,S,db_read_p25,permissive,none,none,0,normal,1,0,0,1300,na,na,na,na,na,resumed_to_ready,na,ok,"up_s=3127 regs=308 log_rx=13350 svcs=4 mem_mib=825 memd_kills=0
0","",""
S015hub2.perm__db_read_p50,S,db_read_p50,permissive,none,none,0,normal,1,0,0,1304,na,na,na,na,na,resumed_to_ready,na,ok,"up_s=3136 regs=310 log_rx=13400 svcs=4 mem_mib=825 memd_kills=0
0","",""
S015hub2.perm__db_read_p75,S,db_read_p75,permissive,none,none,0,normal,1,0,0,1304,na,na,na,na,na,resumed_to_ready,na,ok,"up_s=3145 regs=312 log_rx=13450 svcs=4 mem_mib=825 memd_kills=0
0","",""
S015hub2.perm__db_parse,S,db_parse,permissive,none,none,0,normal,1,0,0,1304,na,na,na,na,na,resumed_to_ready,na,ok,"up_s=3153 regs=314 log_rx=13450 svcs=4 mem_mib=825 memd_kills=0
0","",""
S015hub2.perm__db_parse_p25,S,db_parse_p25,permissive,none,none,0,normal,1,0,0,1304,na,na,na,na,na,resumed_to_ready,na,ok,"up_s=3162 regs=316 log_rx=13500 svcs=4 mem_mib=825 memd_kills=0
0","",""
S015hub2.perm__db_parse_p50,S,db_parse_p50,permissive,none,none,0,normal,1,0,0,1304,na,na,na,na,na,resumed_to_ready,na,ok,"up_s=3170 regs=318 log_rx=13550 svcs=4 mem_mib=825 memd_kills=0
0","",""
S015hub2.perm__db_parse_p75,S,db_parse_p75,permissive,none,none,0,normal,1,0,0,1304,na,na,na,na,na,resumed_to_ready,na,ok,"up_s=3179 regs=320 log_rx=13550 svcs=4 mem_mib=825 memd_kills=0
0","",""
S015hub2.perm__epg_index,S,epg_index,permissive,none,none,0,normal,1,0,0,13596,na,na,na,na,na,resumed_to_ready,na,ok,"up_s=3188 regs=322 log_rx=13600 svcs=4 mem_mib=825 memd_kills=0
0","",""
S015hub2.perm__epg_index_p25,S,epg_index_p25,permissive,none,none,0,normal,1,0,0,4384,na,na,na,na,na,resumed_to_ready,na,ok,"up_s=3196 regs=324 log_rx=13650 svcs=4 mem_mib=825 memd_kills=0
0","",""
S015hub2.perm__epg_index_p50,S,epg_index_p50,permissive,none,none,0,normal,1,0,0,7456,na,na,na,na,na,resumed_to_ready,na,ok,"up_s=3205 regs=326 log_rx=13700 svcs=4 mem_mib=825 memd_kills=0
0","",""
S015hub2.perm__epg_index_p75,S,epg_index_p75,permissive,none,none,0,normal,1,0,0,10528,na,na,na,na,na,resumed_to_ready,na,ok,"up_s=3214 regs=328 log_rx=13700 svcs=4 mem_mib=825 memd_kills=0
0","",""
S015hub2.perm__epg_text,S,epg_text,permissive,none,none,0,normal,1,0,0,13596,na,na,na,na,na,resumed_to_ready,na,ok,"up_s=3222 regs=330 log_rx=13750 svcs=4 mem_mib=825 memd_kills=0
0","",""
S015hub2.perm__epg_reserve,S,epg_reserve,permissive,none,none,0,normal,1,0,0,13596,na,na,na,na,na,resumed_to_ready,na,ok,"up_s=3231 regs=332 log_rx=13800 svcs=4 mem_mib=825 memd_kills=0
0","",""
S015hub2.perm__hub_conn1,S,hub_conn1,permissive,none,none,0,normal,1,1,na,13596,na,na,na,na,na,na,na,dump_fail,"up_s=3238 regs=334 log_rx=13800 svcs=4 mem_mib=825 memd_kills=0
0","(00.172622) Error (criu/sk-unix.c:881): unix: Can't dump half of stream unix connection. name: (null); peer name: ",""
S015hub2.perm__hub_conn2,S,hub_conn2,permissive,none,none,0,normal,1,1,na,13596,na,na,na,na,na,na,na,dump_fail,"up_s=3245 regs=336 log_rx=13850 svcs=4 mem_mib=825 memd_kills=0
0","(00.121595) Error (criu/sk-unix.c:881): unix: Can't dump half of stream unix connection. name: (null); peer name: ",""
S015hub2.perm__hub_subscribed,S,hub_subscribed,permissive,none,none,0,normal,1,1,na,13596,na,na,na,na,na,na,na,dump_fail,"up_s=3252 regs=338 log_rx=13900 svcs=4 mem_mib=825 memd_kills=0
0","(00.146421) Error (criu/sk-unix.c:881): unix: Can't dump half of stream unix connection. name: (null); peer name: ",""
S015hub2.perm__timer_armed,S,timer_armed,permissive,none,none,0,normal,1,1,na,13596,na,na,na,na,na,na,na,dump_fail,"up_s=3260 regs=340 log_rx=13900 svcs=4 mem_mib=825 memd_kills=0
0","(00.147324) Error (criu/sk-unix.c:881): unix: Can't dump half of stream unix connection. name: (null); peer name: ",""
S015hub2.perm__db_watch,S,db_watch,permissive,none,none,0,normal,1,1,na,128,na,na,na,na,na,na,na,dump_fail,"up_s=3269 regs=342 log_rx=13950 svcs=4 mem_mib=825 memd_kills=0
0","(00.109833) Error (criu/fsnotify.c:284): fsnotify: 	Can't dump that handle",""
S015hub2.perm__ready,S,ready,permissive,none,none,0,normal,1,1,na,128,na,na,na,na,na,na,na,dump_fail,"up_s=3278 regs=344 log_rx=14000 svcs=4 mem_mib=825 memd_kills=0
0","(00.162539) Error (criu/fsnotify.c:284): fsnotify: 	Can't dump that handle",""
S015hub2.perm__steady,S,steady,permissive,none,none,0,normal,1,1,na,128,na,na,na,na,na,na,na,dump_fail,"up_s=3287 regs=346 log_rx=14050 svcs=4 mem_mib=825 memd_kills=0
0","(00.110010) Error (criu/fsnotify.c:284): fsnotify: 	Can't dump that handle",""
S016hub4.stri__init,S,init,strict,none,none,0,normal,1,0,0,284,na,na,na,na,na,resumed_to_ready,na,ok,"up_s=3296 regs=350 log_rx=14100 svcs=4 mem_mib=825 memd_kills=0
0","",""
S016hub4.stri__db_open,S,db_open,strict,none,none,0,normal,1,0,0,284,na,na,na,na,na,resumed_to_ready,na,ok,"up_s=3306 regs=354 log_rx=14100 svcs=4 mem_mib=825 memd_kills=0
0","",""
S016hub4.stri__db_read,S,db_read,strict,none,none,0,normal,1,0,0,1304,na,na,na,na,na,resumed_to_ready,na,ok,"up_s=3315 regs=358 log_rx=14150 svcs=4 mem_mib=825 memd_kills=0
0","",""
S016hub4.stri__db_read_p25,S,db_read_p25,strict,none,none,0,normal,1,0,0,1304,na,na,na,na,na,resumed_to_ready,na,ok,"up_s=3325 regs=362 log_rx=14200 svcs=4 mem_mib=825 memd_kills=0
0","",""
S016hub4.stri__db_read_p50,S,db_read_p50,strict,none,none,0,normal,1,0,0,1304,na,na,na,na,na,resumed_to_ready,na,ok,"up_s=3334 regs=366 log_rx=14250 svcs=4 mem_mib=825 memd_kills=0
0","",""
S016hub4.stri__db_read_p75,S,db_read_p75,strict,none,none,0,normal,1,0,0,1300,na,na,na,na,na,resumed_to_ready,na,ok,"up_s=3344 regs=370 log_rx=14300 svcs=4 mem_mib=825 memd_kills=0
0","",""
S016hub4.stri__db_parse,S,db_parse,strict,none,none,0,normal,1,0,0,1304,na,na,na,na,na,resumed_to_ready,na,ok,"up_s=3353 regs=374 log_rx=14300 svcs=4 mem_mib=825 memd_kills=0
0","",""
S016hub4.stri__db_parse_p25,S,db_parse_p25,strict,none,none,0,normal,1,0,0,1304,na,na,na,na,na,resumed_to_ready,na,ok,"up_s=3363 regs=378 log_rx=14350 svcs=4 mem_mib=825 memd_kills=0
0","",""
S016hub4.stri__db_parse_p50,S,db_parse_p50,strict,none,none,0,normal,1,0,0,1304,na,na,na,na,na,resumed_to_ready,na,ok,"up_s=3372 regs=382 log_rx=14400 svcs=4 mem_mib=825 memd_kills=0
0","",""
S016hub4.stri__db_parse_p75,S,db_parse_p75,strict,none,none,0,normal,1,0,0,1304,na,na,na,na,na,resumed_to_ready,na,ok,"up_s=3381 regs=386 log_rx=14450 svcs=4 mem_mib=826 memd_kills=0
0","",""
S016hub4.stri__epg_index,S,epg_index,strict,none,none,0,normal,1,0,0,13596,na,na,na,na,na,resumed_to_ready,na,ok,"up_s=3391 regs=390 log_rx=14500 svcs=4 mem_mib=826 memd_kills=0
0","",""
S016hub4.stri__epg_index_p25,S,epg_index_p25,strict,none,none,0,normal,1,0,0,4384,na,na,na,na,na,resumed_to_ready,na,ok,"up_s=3400 regs=394 log_rx=14500 svcs=4 mem_mib=826 memd_kills=0
0","",""
S016hub4.stri__epg_index_p50,S,epg_index_p50,strict,none,none,0,normal,1,0,0,7452,na,na,na,na,na,resumed_to_ready,na,ok,"up_s=3410 regs=398 log_rx=14550 svcs=4 mem_mib=826 memd_kills=0
0","",""
S016hub4.stri__epg_index_p75,S,epg_index_p75,strict,none,none,0,normal,1,0,0,10528,na,na,na,na,na,resumed_to_ready,na,ok,"up_s=3419 regs=402 log_rx=14600 svcs=4 mem_mib=826 memd_kills=0
0","",""
S016hub4.stri__epg_text,S,epg_text,strict,none,none,0,normal,1,0,0,13596,na,na,na,na,na,resumed_to_ready,na,ok,"up_s=3429 regs=406 log_rx=14650 svcs=4 mem_mib=826 memd_kills=0
0","",""
S016hub4.stri__epg_reserve,S,epg_reserve,strict,none,none,0,normal,1,0,0,13596,na,na,na,na,na,resumed_to_ready,na,ok,"up_s=3438 regs=410 log_rx=14700 svcs=4 mem_mib=826 memd_kills=0
0","",""
S016hub4.stri__hub_conn1,S,hub_conn1,strict,none,none,0,normal,1,1,na,13596,na,na,na,na,na,na,na,dump_fail,"up_s=3445 regs=412 log_rx=14700 svcs=4 mem_mib=826 memd_kills=0
0","(00.160089) Error (criu/sk-unix.c:874): unix: External socket is used. Consider using --ext-unix-sk option.",""
S016hub4.stri__hub_conn2,S,hub_conn2,strict,none,none,0,normal,1,1,na,13592,na,na,na,na,na,na,na,dump_fail,"up_s=3452 regs=415 log_rx=14750 svcs=4 mem_mib=826 memd_kills=0
0","(00.150522) Error (criu/sk-unix.c:874): unix: External socket is used. Consider using --ext-unix-sk option.",""
S016hub4.stri__hub_conn3,S,hub_conn3,strict,none,none,0,normal,1,1,na,13596,na,na,na,na,na,na,na,dump_fail,"up_s=3460 regs=419 log_rx=14750 svcs=4 mem_mib=826 memd_kills=0
0","(00.182861) Error (criu/sk-unix.c:874): unix: External socket is used. Consider using --ext-unix-sk option.",""
S016hub4.stri__hub_conn4,S,hub_conn4,strict,none,none,0,normal,1,1,na,13596,na,na,na,na,na,na,na,dump_fail,"up_s=3468 regs=423 log_rx=14800 svcs=4 mem_mib=826 memd_kills=0
0","(00.176204) Error (criu/sk-unix.c:874): unix: External socket is used. Consider using --ext-unix-sk option.",""
S016hub4.stri__hub_subscribed,S,hub_subscribed,strict,none,none,0,normal,1,1,na,13596,na,na,na,na,na,na,na,dump_fail,"up_s=3476 regs=427 log_rx=14850 svcs=4 mem_mib=826 memd_kills=0
0","(00.116110) Error (criu/sk-unix.c:874): unix: External socket is used. Consider using --ext-unix-sk option.",""
S016hub4.stri__timer_armed,S,timer_armed,strict,none,none,0,normal,1,1,na,13592,na,na,na,na,na,na,na,dump_fail,"up_s=3485 regs=431 log_rx=14900 svcs=4 mem_mib=826 memd_kills=0
0","(00.172210) Error (criu/sk-unix.c:874): unix: External socket is used. Consider using --ext-unix-sk option.",""
S016hub4.stri__db_watch,S,db_watch,strict,none,none,0,normal,1,1,na,128,na,na,na,na,na,na,na,dump_fail,"up_s=3494 regs=435 log_rx=14900 svcs=4 mem_mib=826 memd_kills=0
0","(00.134198) Error (criu/fsnotify.c:284): fsnotify: 	Can't dump that handle",""
S016hub4.stri__ready,S,ready,strict,none,none,0,normal,1,1,na,128,na,na,na,na,na,na,na,dump_fail,"up_s=3504 regs=439 log_rx=14950 svcs=4 mem_mib=826 memd_kills=0
0","(00.169236) Error (criu/fsnotify.c:284): fsnotify: 	Can't dump that handle",""
S016hub4.stri__steady,S,steady,strict,none,none,0,normal,1,1,na,128,na,na,na,na,na,na,na,dump_fail,"up_s=3514 regs=443 log_rx=15000 svcs=4 mem_mib=826 memd_kills=0
0","(00.135800) Error (criu/fsnotify.c:284): fsnotify: 	Can't dump that handle",""
S017hub4.ext___init,S,init,ext_unix,none,none,0,normal,1,0,0,280,na,na,na,na,na,resumed_to_ready,na,ok,"up_s=3523 regs=447 log_rx=15050 svcs=4 mem_mib=826 memd_kills=0
0","",""
S017hub4.ext___db_open,S,db_open,ext_unix,none,none,0,normal,1,0,0,284,na,na,na,na,na,resumed_to_ready,na,ok,"up_s=3533 regs=451 log_rx=15100 svcs=4 mem_mib=826 memd_kills=0
0","",""
S017hub4.ext___db_read,S,db_read,ext_unix,none,none,0,normal,1,0,0,1304,na,na,na,na,na,resumed_to_ready,na,ok,"up_s=3542 regs=455 log_rx=15150 svcs=4 mem_mib=826 memd_kills=0
0","",""
S017hub4.ext___db_read_p25,S,db_read_p25,ext_unix,none,none,0,normal,1,0,0,1300,na,na,na,na,na,resumed_to_ready,na,ok,"up_s=3552 regs=459 log_rx=15150 svcs=4 mem_mib=826 memd_kills=0
0","",""
S017hub4.ext___db_read_p50,S,db_read_p50,ext_unix,none,none,0,normal,1,0,0,1304,na,na,na,na,na,resumed_to_ready,na,ok,"up_s=3561 regs=463 log_rx=15200 svcs=4 mem_mib=826 memd_kills=0
0","",""
S017hub4.ext___db_read_p75,S,db_read_p75,ext_unix,none,none,0,normal,1,0,0,1304,na,na,na,na,na,resumed_to_ready,na,ok,"up_s=3570 regs=467 log_rx=15250 svcs=4 mem_mib=826 memd_kills=0
0","",""
S017hub4.ext___db_parse,S,db_parse,ext_unix,none,none,0,normal,1,0,0,1304,na,na,na,na,na,resumed_to_ready,na,ok,"up_s=3580 regs=471 log_rx=15300 svcs=4 mem_mib=826 memd_kills=0
0","",""
S017hub4.ext___db_parse_p25,S,db_parse_p25,ext_unix,none,none,0,normal,1,0,0,1304,na,na,na,na,na,resumed_to_ready,na,ok,"up_s=3589 regs=475 log_rx=15350 svcs=4 mem_mib=826 memd_kills=0
0","",""
S017hub4.ext___db_parse_p50,S,db_parse_p50,ext_unix,none,none,0,normal,1,0,0,1304,na,na,na,na,na,resumed_to_ready,na,ok,"up_s=3599 regs=479 log_rx=15350 svcs=4 mem_mib=826 memd_kills=0
0","",""
S017hub4.ext___db_parse_p75,S,db_parse_p75,ext_unix,none,none,0,normal,1,0,0,1304,na,na,na,na,na,resumed_to_ready,na,ok,"up_s=3608 regs=483 log_rx=15400 svcs=4 mem_mib=826 memd_kills=0
0","",""
S017hub4.ext___epg_index,S,epg_index,ext_unix,none,none,0,normal,1,0,0,13596,na,na,na,na,na,resumed_to_ready,na,ok,"up_s=3618 regs=487 log_rx=15450 svcs=4 mem_mib=826 memd_kills=0
0","",""
S017hub4.ext___epg_index_p25,S,epg_index_p25,ext_unix,none,none,0,normal,1,0,0,4384,na,na,na,na,na,resumed_to_ready,na,ok,"up_s=3627 regs=491 log_rx=15500 svcs=4 mem_mib=826 memd_kills=0
0","",""
S017hub4.ext___epg_index_p50,S,epg_index_p50,ext_unix,none,none,0,normal,1,0,0,7456,na,na,na,na,na,resumed_to_ready,na,ok,"up_s=3637 regs=495 log_rx=15550 svcs=4 mem_mib=826 memd_kills=0
0","",""
S017hub4.ext___epg_index_p75,S,epg_index_p75,ext_unix,none,none,0,normal,1,0,0,10528,na,na,na,na,na,resumed_to_ready,na,ok,"up_s=3646 regs=499 log_rx=15550 svcs=4 mem_mib=826 memd_kills=0
0","",""
S017hub4.ext___epg_text,S,epg_text,ext_unix,none,none,0,normal,1,0,0,13596,na,na,na,na,na,resumed_to_ready,na,ok,"up_s=3656 regs=503 log_rx=15600 svcs=4 mem_mib=826 memd_kills=0
0","",""
S017hub4.ext___epg_reserve,S,epg_reserve,ext_unix,none,none,0,normal,1,0,0,13596,na,na,na,na,na,resumed_to_ready,na,ok,"up_s=3665 regs=507 log_rx=15650 svcs=4 mem_mib=827 memd_kills=0
0","",""
S017hub4.ext___hub_conn1,S,hub_conn1,ext_unix,none,none,0,normal,1,1,na,13592,na,na,na,na,na,na,na,dump_fail,"up_s=3672 regs=509 log_rx=15700 svcs=4 mem_mib=826 memd_kills=0
0","(00.131393) Error (criu/sk-unix.c:881): unix: Can't dump half of stream unix connection. name: (null); peer name: ",""
S017hub4.ext___hub_conn2,S,hub_conn2,ext_unix,none,none,0,normal,1,1,na,13596,na,na,na,na,na,na,na,dump_fail,"up_s=3679 regs=512 log_rx=15700 svcs=4 mem_mib=826 memd_kills=0
0","(00.116687) Error (criu/sk-unix.c:881): unix: Can't dump half of stream unix connection. name: (null); peer name: ",""
S017hub4.ext___hub_conn3,S,hub_conn3,ext_unix,none,none,0,normal,1,1,na,13596,na,na,na,na,na,na,na,dump_fail,"up_s=3687 regs=516 log_rx=15750 svcs=4 mem_mib=826 memd_kills=0
0","(00.145109) Error (criu/sk-unix.c:881): unix: Can't dump half of stream unix connection. name: (null); peer name: ",""
S017hub4.ext___hub_conn4,S,hub_conn4,ext_unix,none,none,0,normal,1,1,na,13596,na,na,na,na,na,na,na,dump_fail,"up_s=3695 regs=520 log_rx=15800 svcs=4 mem_mib=827 memd_kills=0
0","(00.140667) Error (criu/sk-unix.c:881): unix: Can't dump half of stream unix connection. name: (null); peer name: ",""
S017hub4.ext___hub_subscribed,S,hub_subscribed,ext_unix,none,none,0,normal,1,1,na,13596,na,na,na,na,na,na,na,dump_fail,"up_s=3703 regs=524 log_rx=15800 svcs=4 mem_mib=826 memd_kills=0
0","(00.124303) Error (criu/sk-unix.c:881): unix: Can't dump half of stream unix connection. name: (null); peer name: ",""
S017hub4.ext___timer_armed,S,timer_armed,ext_unix,none,none,0,normal,1,1,na,13596,na,na,na,na,na,na,na,dump_fail,"up_s=3712 regs=528 log_rx=15850 svcs=4 mem_mib=826 memd_kills=0
0","(00.127377) Error (criu/sk-unix.c:881): unix: Can't dump half of stream unix connection. name: (null); peer name: ",""
S017hub4.ext___db_watch,S,db_watch,ext_unix,none,none,0,normal,1,1,na,128,na,na,na,na,na,na,na,dump_fail,"up_s=3721 regs=532 log_rx=15900 svcs=4 mem_mib=826 memd_kills=0
0","(00.142057) Error (criu/fsnotify.c:284): fsnotify: 	Can't dump that handle",""
S017hub4.ext___ready,S,ready,ext_unix,none,none,0,normal,1,1,na,128,na,na,na,na,na,na,na,dump_fail,"up_s=3731 regs=536 log_rx=15950 svcs=4 mem_mib=826 memd_kills=0
0","(00.134561) Error (criu/fsnotify.c:284): fsnotify: 	Can't dump that handle",""
S017hub4.ext___steady,S,steady,ext_unix,none,none,0,normal,1,1,na,128,na,na,na,na,na,na,na,dump_fail,"up_s=3741 regs=540 log_rx=16000 svcs=4 mem_mib=826 memd_kills=0
0","(00.134827) Error (criu/fsnotify.c:284): fsnotify: 	Can't dump that handle",""
S018hub4.tcp___init,S,init,tcp_est,none,none,0,normal,1,0,0,284,na,na,na,na,na,resumed_to_ready,na,ok,"up_s=3750 regs=544 log_rx=16000 svcs=4 mem_mib=827 memd_kills=0
0","",""
S018hub4.tcp___db_open,S,db_open,tcp_est,none,none,0,normal,1,0,0,284,na,na,na,na,na,resumed_to_ready,na,ok,"up_s=3760 regs=548 log_rx=16050 svcs=4 mem_mib=827 memd_kills=0
0","",""
S018hub4.tcp___db_read,S,db_read,tcp_est,none,none,0,normal,1,0,0,1304,na,na,na,na,na,resumed_to_ready,na,ok,"up_s=3769 regs=552 log_rx=16100 svcs=4 mem_mib=827 memd_kills=0
0","",""
S018hub4.tcp___db_read_p25,S,db_read_p25,tcp_est,none,none,0,normal,1,0,0,1304,na,na,na,na,na,resumed_to_ready,na,ok,"up_s=3778 regs=556 log_rx=16150 svcs=4 mem_mib=827 memd_kills=0
0","",""
S018hub4.tcp___db_read_p50,S,db_read_p50,tcp_est,none,none,0,normal,1,0,0,1300,na,na,na,na,na,resumed_to_ready,na,ok,"up_s=3788 regs=560 log_rx=16200 svcs=4 mem_mib=827 memd_kills=0
0","",""
S018hub4.tcp___db_read_p75,S,db_read_p75,tcp_est,none,none,0,normal,1,0,0,1304,na,na,na,na,na,resumed_to_ready,na,ok,"up_s=3797 regs=564 log_rx=16200 svcs=4 mem_mib=827 memd_kills=0
0","",""
S018hub4.tcp___db_parse,S,db_parse,tcp_est,none,none,0,normal,1,0,0,1304,na,na,na,na,na,resumed_to_ready,na,ok,"up_s=3807 regs=568 log_rx=16250 svcs=4 mem_mib=827 memd_kills=0
0","",""
S018hub4.tcp___db_parse_p25,S,db_parse_p25,tcp_est,none,none,0,normal,1,0,0,1304,na,na,na,na,na,resumed_to_ready,na,ok,"up_s=3816 regs=572 log_rx=16300 svcs=4 mem_mib=827 memd_kills=0
0","",""
S018hub4.tcp___db_parse_p50,S,db_parse_p50,tcp_est,none,none,0,normal,1,0,0,1304,na,na,na,na,na,resumed_to_ready,na,ok,"up_s=3826 regs=576 log_rx=16350 svcs=4 mem_mib=827 memd_kills=0
0","",""
S018hub4.tcp___db_parse_p75,S,db_parse_p75,tcp_est,none,none,0,normal,1,0,0,1304,na,na,na,na,na,resumed_to_ready,na,ok,"up_s=3835 regs=580 log_rx=16400 svcs=4 mem_mib=827 memd_kills=0
0","",""
S018hub4.tcp___epg_index,S,epg_index,tcp_est,none,none,0,normal,1,0,0,13596,na,na,na,na,na,resumed_to_ready,na,ok,"up_s=3845 regs=584 log_rx=16400 svcs=4 mem_mib=827 memd_kills=0
0","",""
S018hub4.tcp___epg_index_p25,S,epg_index_p25,tcp_est,none,none,0,normal,1,0,0,4384,na,na,na,na,na,resumed_to_ready,na,ok,"up_s=3854 regs=588 log_rx=16450 svcs=4 mem_mib=827 memd_kills=0
0","",""
S018hub4.tcp___epg_index_p50,S,epg_index_p50,tcp_est,none,none,0,normal,1,0,0,7456,na,na,na,na,na,resumed_to_ready,na,ok,"up_s=3864 regs=592 log_rx=16500 svcs=4 mem_mib=827 memd_kills=0
0","",""
S018hub4.tcp___epg_index_p75,S,epg_index_p75,tcp_est,none,none,0,normal,1,0,0,10528,na,na,na,na,na,resumed_to_ready,na,ok,"up_s=3873 regs=596 log_rx=16550 svcs=4 mem_mib=827 memd_kills=0
0","",""
S018hub4.tcp___epg_text,S,epg_text,tcp_est,none,none,0,normal,1,0,0,13596,na,na,na,na,na,resumed_to_ready,na,ok,"up_s=3882 regs=600 log_rx=16600 svcs=4 mem_mib=827 memd_kills=0
0","",""
S018hub4.tcp___epg_reserve,S,epg_reserve,tcp_est,none,none,0,normal,1,0,0,13596,na,na,na,na,na,resumed_to_ready,na,ok,"up_s=3892 regs=604 log_rx=16600 svcs=4 mem_mib=827 memd_kills=0
0","",""
S018hub4.tcp___hub_conn1,S,hub_conn1,tcp_est,none,none,0,normal,1,1,na,13592,na,na,na,na,na,na,na,dump_fail,"up_s=3899 regs=606 log_rx=16650 svcs=4 mem_mib=827 memd_kills=0
0","(00.125059) Error (criu/sk-unix.c:874): unix: External socket is used. Consider using --ext-unix-sk option.",""
S018hub4.tcp___hub_conn2,S,hub_conn2,tcp_est,none,none,0,normal,1,1,na,13596,na,na,na,na,na,na,na,dump_fail,"up_s=3906 regs=609 log_rx=16700 svcs=4 mem_mib=827 memd_kills=0
0","(00.108468) Error (criu/sk-unix.c:874): unix: External socket is used. Consider using --ext-unix-sk option.",""
S018hub4.tcp___hub_conn3,S,hub_conn3,tcp_est,none,none,0,normal,1,1,na,13596,na,na,na,na,na,na,na,dump_fail,"up_s=3913 regs=613 log_rx=16700 svcs=4 mem_mib=827 memd_kills=0
0","(00.109107) Error (criu/sk-unix.c:874): unix: External socket is used. Consider using --ext-unix-sk option.",""
S018hub4.tcp___hub_conn4,S,hub_conn4,tcp_est,none,none,0,normal,1,1,na,13596,na,na,na,na,na,na,na,dump_fail,"up_s=3921 regs=617 log_rx=16750 svcs=4 mem_mib=827 memd_kills=0
0","(00.125309) Error (criu/sk-unix.c:874): unix: External socket is used. Consider using --ext-unix-sk option.",""
S018hub4.tcp___hub_subscribed,S,hub_subscribed,tcp_est,none,none,0,normal,1,1,na,13596,na,na,na,na,na,na,na,dump_fail,"up_s=3930 regs=621 log_rx=16800 svcs=4 mem_mib=827 memd_kills=0
0","(00.119639) Error (criu/sk-unix.c:874): unix: External socket is used. Consider using --ext-unix-sk option.",""
S018hub4.tcp___timer_armed,S,timer_armed,tcp_est,none,none,0,normal,1,1,na,13596,na,na,na,na,na,na,na,dump_fail,"up_s=3939 regs=625 log_rx=16800 svcs=4 mem_mib=827 memd_kills=0
0","(00.149132) Error (criu/sk-unix.c:874): unix: External socket is used. Consider using --ext-unix-sk option.",""
S018hub4.tcp___db_watch,S,db_watch,tcp_est,none,none,0,normal,1,1,na,128,na,na,na,na,na,na,na,dump_fail,"up_s=3948 regs=629 log_rx=16850 svcs=4 mem_mib=827 memd_kills=0
0","(00.131094) Error (criu/fsnotify.c:284): fsnotify: 	Can't dump that handle",""
S018hub4.tcp___ready,S,ready,tcp_est,none,none,0,normal,1,1,na,128,na,na,na,na,na,na,na,dump_fail,"up_s=3958 regs=633 log_rx=16900 svcs=4 mem_mib=827 memd_kills=0
0","(00.127882) Error (criu/fsnotify.c:284): fsnotify: 	Can't dump that handle",""
S018hub4.tcp___steady,S,steady,tcp_est,none,none,0,normal,1,1,na,128,na,na,na,na,na,na,na,dump_fail,"up_s=3968 regs=637 log_rx=16950 svcs=4 mem_mib=827 memd_kills=0
0","(00.130713) Error (criu/fsnotify.c:284): fsnotify: 	Can't dump that handle",""
S019hub4.file__init,S,init,filelocks,none,none,0,normal,1,0,0,284,na,na,na,na,na,resumed_to_ready,na,ok,"up_s=3977 regs=641 log_rx=17000 svcs=4 mem_mib=827 memd_kills=0
0","",""
S019hub4.file__db_open,S,db_open,filelocks,none,none,0,normal,1,0,0,284,na,na,na,na,na,resumed_to_ready,na,ok,"up_s=3986 regs=645 log_rx=17050 svcs=4 mem_mib=827 memd_kills=0
0","",""
S019hub4.file__db_read,S,db_read,filelocks,none,none,0,normal,1,0,0,1304,na,na,na,na,na,resumed_to_ready,na,ok,"up_s=3996 regs=649 log_rx=17050 svcs=4 mem_mib=827 memd_kills=0
0","",""
S019hub4.file__db_read_p25,S,db_read_p25,filelocks,none,none,0,normal,1,0,0,1304,na,na,na,na,na,resumed_to_ready,na,ok,"up_s=4005 regs=653 log_rx=17100 svcs=4 mem_mib=827 memd_kills=0
0","",""
S019hub4.file__db_read_p50,S,db_read_p50,filelocks,none,none,0,normal,1,0,0,1304,na,na,na,na,na,resumed_to_ready,na,ok,"up_s=4015 regs=657 log_rx=17150 svcs=4 mem_mib=827 memd_kills=0
0","",""
S019hub4.file__db_read_p75,S,db_read_p75,filelocks,none,none,0,normal,1,0,0,1304,na,na,na,na,na,resumed_to_ready,na,ok,"up_s=4024 regs=661 log_rx=17200 svcs=4 mem_mib=828 memd_kills=0
0","",""
S019hub4.file__db_parse,S,db_parse,filelocks,none,none,0,normal,1,0,0,1304,na,na,na,na,na,resumed_to_ready,na,ok,"up_s=4033 regs=665 log_rx=17250 svcs=4 mem_mib=828 memd_kills=0
0","",""
S019hub4.file__db_parse_p25,S,db_parse_p25,filelocks,none,none,0,normal,1,0,0,1304,na,na,na,na,na,resumed_to_ready,na,ok,"up_s=4043 regs=669 log_rx=17250 svcs=4 mem_mib=828 memd_kills=0
0","",""
S019hub4.file__db_parse_p50,S,db_parse_p50,filelocks,none,none,0,normal,1,0,0,1304,na,na,na,na,na,resumed_to_ready,na,ok,"up_s=4052 regs=673 log_rx=17300 svcs=4 mem_mib=828 memd_kills=0
0","",""
S019hub4.file__db_parse_p75,S,db_parse_p75,filelocks,none,none,0,normal,1,0,0,1304,na,na,na,na,na,resumed_to_ready,na,ok,"up_s=4062 regs=677 log_rx=17350 svcs=4 mem_mib=828 memd_kills=0
0","",""
S019hub4.file__epg_index,S,epg_index,filelocks,none,none,0,normal,1,0,0,13592,na,na,na,na,na,resumed_to_ready,na,ok,"up_s=4071 regs=681 log_rx=17400 svcs=4 mem_mib=828 memd_kills=0
0","",""
S019hub4.file__epg_index_p25,S,epg_index_p25,filelocks,none,none,0,normal,1,0,0,4384,na,na,na,na,na,resumed_to_ready,na,ok,"up_s=4081 regs=685 log_rx=17450 svcs=4 mem_mib=828 memd_kills=0
0","",""
S019hub4.file__epg_index_p50,S,epg_index_p50,filelocks,none,none,0,normal,1,0,0,7456,na,na,na,na,na,resumed_to_ready,na,ok,"up_s=4090 regs=689 log_rx=17450 svcs=4 mem_mib=828 memd_kills=0
0","",""
S019hub4.file__epg_index_p75,S,epg_index_p75,filelocks,none,none,0,normal,1,0,0,10528,na,na,na,na,na,resumed_to_ready,na,ok,"up_s=4099 regs=693 log_rx=17500 svcs=4 mem_mib=828 memd_kills=0
0","",""
S019hub4.file__epg_text,S,epg_text,filelocks,none,none,0,normal,1,0,0,13596,na,na,na,na,na,resumed_to_ready,na,ok,"up_s=4109 regs=697 log_rx=17550 svcs=4 mem_mib=828 memd_kills=0
0","",""
S019hub4.file__epg_reserve,S,epg_reserve,filelocks,none,none,0,normal,1,0,0,13596,na,na,na,na,na,resumed_to_ready,na,ok,"up_s=4118 regs=701 log_rx=17600 svcs=4 mem_mib=828 memd_kills=0
0","",""
S019hub4.file__hub_conn1,S,hub_conn1,filelocks,none,none,0,normal,1,1,na,13588,na,na,na,na,na,na,na,dump_fail,"up_s=4125 regs=703 log_rx=17600 svcs=4 mem_mib=828 memd_kills=0
0","(00.117327) Error (criu/sk-unix.c:874): unix: External socket is used. Consider using --ext-unix-sk option.",""
S019hub4.file__hub_conn2,S,hub_conn2,filelocks,none,none,0,normal,1,1,na,13596,na,na,na,na,na,na,na,dump_fail,"up_s=4132 regs=706 log_rx=17650 svcs=4 mem_mib=828 memd_kills=0
0","(00.116679) Error (criu/sk-unix.c:874): unix: External socket is used. Consider using --ext-unix-sk option.",""
S019hub4.file__hub_conn3,S,hub_conn3,filelocks,none,none,0,normal,1,1,na,13596,na,na,na,na,na,na,na,dump_fail,"up_s=4140 regs=710 log_rx=17700 svcs=4 mem_mib=828 memd_kills=0
0","(00.147168) Error (criu/sk-unix.c:874): unix: External socket is used. Consider using --ext-unix-sk option.",""
S019hub4.file__hub_conn4,S,hub_conn4,filelocks,none,none,0,normal,1,1,na,13592,na,na,na,na,na,na,na,dump_fail,"up_s=4148 regs=714 log_rx=17700 svcs=4 mem_mib=828 memd_kills=0
0","(00.116262) Error (criu/sk-unix.c:874): unix: External socket is used. Consider using --ext-unix-sk option.",""
S019hub4.file__hub_subscribed,S,hub_subscribed,filelocks,none,none,0,normal,1,1,na,13596,na,na,na,na,na,na,na,dump_fail,"up_s=4156 regs=718 log_rx=17750 svcs=4 mem_mib=828 memd_kills=0
0","(00.107658) Error (criu/sk-unix.c:874): unix: External socket is used. Consider using --ext-unix-sk option.",""
S019hub4.file__timer_armed,S,timer_armed,filelocks,none,none,0,normal,1,1,na,13596,na,na,na,na,na,na,na,dump_fail,"up_s=4165 regs=722 log_rx=17800 svcs=4 mem_mib=828 memd_kills=0
0","(00.127984) Error (criu/sk-unix.c:874): unix: External socket is used. Consider using --ext-unix-sk option.",""
S019hub4.file__db_watch,S,db_watch,filelocks,none,none,0,normal,1,1,na,128,na,na,na,na,na,na,na,dump_fail,"up_s=4174 regs=726 log_rx=17850 svcs=4 mem_mib=828 memd_kills=0
0","(00.118571) Error (criu/fsnotify.c:284): fsnotify: 	Can't dump that handle",""
S019hub4.file__ready,S,ready,filelocks,none,none,0,normal,1,1,na,128,na,na,na,na,na,na,na,dump_fail,"up_s=4184 regs=730 log_rx=17850 svcs=4 mem_mib=828 memd_kills=0
0","(00.136578) Error (criu/fsnotify.c:284): fsnotify: 	Can't dump that handle",""
S019hub4.file__steady,S,steady,filelocks,none,none,0,normal,1,1,na,128,na,na,na,na,na,na,na,dump_fail,"up_s=4194 regs=734 log_rx=17900 svcs=4 mem_mib=828 memd_kills=0
0","(00.137149) Error (criu/fsnotify.c:284): fsnotify: 	Can't dump that handle",""
S020hub4.perm__init,S,init,permissive,none,none,0,normal,1,0,0,284,na,na,na,na,na,resumed_to_ready,na,ok,"up_s=4203 regs=738 log_rx=17950 svcs=4 mem_mib=828 memd_kills=0
0","",""
S020hub4.perm__db_open,S,db_open,permissive,none,none,0,normal,1,0,0,284,na,na,na,na,na,resumed_to_ready,na,ok,"up_s=4213 regs=742 log_rx=18000 svcs=4 mem_mib=828 memd_kills=0
0","",""
S020hub4.perm__db_read,S,db_read,permissive,none,none,0,normal,1,0,0,1304,na,na,na,na,na,resumed_to_ready,na,ok,"up_s=4222 regs=746 log_rx=18050 svcs=4 mem_mib=828 memd_kills=0
0","",""
S020hub4.perm__db_read_p25,S,db_read_p25,permissive,none,none,0,normal,1,0,0,1304,na,na,na,na,na,resumed_to_ready,na,ok,"up_s=4232 regs=750 log_rx=18050 svcs=4 mem_mib=828 memd_kills=0
0","",""
S020hub4.perm__db_read_p50,S,db_read_p50,permissive,none,none,0,normal,1,0,0,1300,na,na,na,na,na,resumed_to_ready,na,ok,"up_s=4241 regs=754 log_rx=18100 svcs=4 mem_mib=828 memd_kills=0
0","",""
S020hub4.perm__db_read_p75,S,db_read_p75,permissive,none,none,0,normal,1,0,0,1304,na,na,na,na,na,resumed_to_ready,na,ok,"up_s=4250 regs=758 log_rx=18150 svcs=4 mem_mib=828 memd_kills=0
0","",""
S020hub4.perm__db_parse,S,db_parse,permissive,none,none,0,normal,1,0,0,1304,na,na,na,na,na,resumed_to_ready,na,ok,"up_s=4260 regs=762 log_rx=18200 svcs=4 mem_mib=828 memd_kills=0
0","",""
S020hub4.perm__db_parse_p25,S,db_parse_p25,permissive,none,none,0,normal,1,0,0,1304,na,na,na,na,na,resumed_to_ready,na,ok,"up_s=4269 regs=766 log_rx=18250 svcs=4 mem_mib=828 memd_kills=0
0","",""
S020hub4.perm__db_parse_p50,S,db_parse_p50,permissive,none,none,0,normal,1,0,0,1304,na,na,na,na,na,resumed_to_ready,na,ok,"up_s=4279 regs=770 log_rx=18300 svcs=4 mem_mib=828 memd_kills=0
0","",""
S020hub4.perm__db_parse_p75,S,db_parse_p75,permissive,none,none,0,normal,1,0,0,1304,na,na,na,na,na,resumed_to_ready,na,ok,"up_s=4288 regs=774 log_rx=18300 svcs=4 mem_mib=828 memd_kills=0
0","",""
S020hub4.perm__epg_index,S,epg_index,permissive,none,none,0,normal,1,0,0,13596,na,na,na,na,na,resumed_to_ready,na,ok,"up_s=4298 regs=778 log_rx=18350 svcs=4 mem_mib=828 memd_kills=0
0","",""
S020hub4.perm__epg_index_p25,S,epg_index_p25,permissive,none,none,0,normal,1,0,0,4384,na,na,na,na,na,resumed_to_ready,na,ok,"up_s=4307 regs=782 log_rx=18400 svcs=4 mem_mib=828 memd_kills=0
0","",""
S020hub4.perm__epg_index_p50,S,epg_index_p50,permissive,none,none,0,normal,1,0,0,7456,na,na,na,na,na,resumed_to_ready,na,ok,"up_s=4316 regs=786 log_rx=18450 svcs=4 mem_mib=829 memd_kills=0
0","",""
S020hub4.perm__epg_index_p75,S,epg_index_p75,permissive,none,none,0,normal,1,0,0,10528,na,na,na,na,na,resumed_to_ready,na,ok,"up_s=4326 regs=790 log_rx=18500 svcs=4 mem_mib=829 memd_kills=0
0","",""
S020hub4.perm__epg_text,S,epg_text,permissive,none,none,0,normal,1,0,0,13596,na,na,na,na,na,resumed_to_ready,na,ok,"up_s=4335 regs=794 log_rx=18500 svcs=4 mem_mib=829 memd_kills=0
0","",""
S020hub4.perm__epg_reserve,S,epg_reserve,permissive,none,none,0,normal,1,0,0,13596,na,na,na,na,na,resumed_to_ready,na,ok,"up_s=4345 regs=798 log_rx=18550 svcs=4 mem_mib=829 memd_kills=0
0","",""
S020hub4.perm__hub_conn1,S,hub_conn1,permissive,none,none,0,normal,1,1,na,13596,na,na,na,na,na,na,na,dump_fail,"up_s=4351 regs=800 log_rx=18600 svcs=4 mem_mib=829 memd_kills=0
0","(00.110206) Error (criu/sk-unix.c:881): unix: Can't dump half of stream unix connection. name: (null); peer name: ",""
S020hub4.perm__hub_conn2,S,hub_conn2,permissive,none,none,0,normal,1,1,na,13592,na,na,na,na,na,na,na,dump_fail,"up_s=4359 regs=803 log_rx=18600 svcs=4 mem_mib=829 memd_kills=0
0","(00.153585) Error (criu/sk-unix.c:881): unix: Can't dump half of stream unix connection. name: (null); peer name: ",""
S020hub4.perm__hub_conn3,S,hub_conn3,permissive,none,none,0,normal,1,1,na,13596,na,na,na,na,na,na,na,dump_fail,"up_s=4366 regs=807 log_rx=18650 svcs=4 mem_mib=829 memd_kills=0
0","(00.130867) Error (criu/sk-unix.c:881): unix: Can't dump half of stream unix connection. name: (null); peer name: ",""
S020hub4.perm__hub_conn4,S,hub_conn4,permissive,none,none,0,normal,1,1,na,13596,na,na,na,na,na,na,na,dump_fail,"up_s=4374 regs=811 log_rx=18700 svcs=4 mem_mib=829 memd_kills=0
0","(00.130749) Error (criu/sk-unix.c:881): unix: Can't dump half of stream unix connection. name: (null); peer name: ",""
S020hub4.perm__hub_subscribed,S,hub_subscribed,permissive,none,none,0,normal,1,1,na,13596,na,na,na,na,na,na,na,dump_fail,"up_s=4383 regs=815 log_rx=18700 svcs=4 mem_mib=829 memd_kills=0
0","(00.128358) Error (criu/sk-unix.c:881): unix: Can't dump half of stream unix connection. name: (null); peer name: ",""
S020hub4.perm__timer_armed,S,timer_armed,permissive,none,none,0,normal,1,1,na,13596,na,na,na,na,na,na,na,dump_fail,"up_s=4392 regs=819 log_rx=18750 svcs=4 mem_mib=828 memd_kills=0
0","(00.132330) Error (criu/sk-unix.c:881): unix: Can't dump half of stream unix connection. name: (null); peer name: ",""
S020hub4.perm__db_watch,S,db_watch,permissive,none,none,0,normal,1,1,na,128,na,na,na,na,na,na,na,dump_fail,"up_s=4401 regs=823 log_rx=18800 svcs=4 mem_mib=828 memd_kills=0
0","(00.145057) Error (criu/fsnotify.c:284): fsnotify: 	Can't dump that handle",""
S020hub4.perm__ready,S,ready,permissive,none,none,0,normal,1,1,na,128,na,na,na,na,na,na,na,dump_fail,"up_s=4410 regs=827 log_rx=18850 svcs=4 mem_mib=828 memd_kills=0
0","(00.132735) Error (criu/fsnotify.c:284): fsnotify: 	Can't dump that handle",""
S020hub4.perm__steady,S,steady,permissive,none,none,0,normal,1,1,na,128,na,na,na,na,na,na,na,dump_fail,"up_s=4420 regs=831 log_rx=18900 svcs=4 mem_mib=828 memd_kills=0
0","(00.128870) Error (criu/fsnotify.c:284): fsnotify: 	Can't dump that handle",""
S021hub8.stri__init,S,init,strict,none,none,0,normal,1,0,0,284,na,na,na,na,na,resumed_to_ready,na,ok,"up_s=4431 regs=839 log_rx=18950 svcs=4 mem_mib=829 memd_kills=0
0","",""
S021hub8.stri__db_open,S,db_open,strict,none,none,0,normal,1,0,0,284,na,na,na,na,na,resumed_to_ready,na,ok,"up_s=4442 regs=847 log_rx=19000 svcs=4 mem_mib=829 memd_kills=0
0","",""
S021hub8.stri__db_read,S,db_read,strict,none,none,0,normal,1,0,0,1304,na,na,na,na,na,resumed_to_ready,na,ok,"up_s=4453 regs=855 log_rx=19000 svcs=4 mem_mib=829 memd_kills=0
0","",""
S021hub8.stri__db_read_p25,S,db_read_p25,strict,none,none,0,normal,1,0,0,1304,na,na,na,na,na,resumed_to_ready,na,ok,"up_s=4464 regs=863 log_rx=19050 svcs=4 mem_mib=829 memd_kills=0
0","",""
S021hub8.stri__db_read_p50,S,db_read_p50,strict,none,none,0,normal,1,0,0,1304,na,na,na,na,na,resumed_to_ready,na,ok,"up_s=4475 regs=871 log_rx=19100 svcs=4 mem_mib=829 memd_kills=0
0","",""
S021hub8.stri__db_read_p75,S,db_read_p75,strict,none,none,0,normal,1,0,0,1304,na,na,na,na,na,resumed_to_ready,na,ok,"up_s=4486 regs=879 log_rx=19150 svcs=4 mem_mib=829 memd_kills=0
0","",""
S021hub8.stri__db_parse,S,db_parse,strict,none,none,0,normal,1,0,0,1308,na,na,na,na,na,resumed_to_ready,na,ok,"up_s=4498 regs=887 log_rx=19200 svcs=4 mem_mib=829 memd_kills=0
0","",""
S021hub8.stri__db_parse_p25,S,db_parse_p25,strict,none,none,0,normal,1,0,0,1304,na,na,na,na,na,resumed_to_ready,na,ok,"up_s=4509 regs=895 log_rx=19250 svcs=4 mem_mib=829 memd_kills=0
0","",""
S021hub8.stri__db_parse_p50,S,db_parse_p50,strict,none,none,0,normal,1,0,0,1304,na,na,na,na,na,resumed_to_ready,na,ok,"up_s=4520 regs=903 log_rx=19300 svcs=4 mem_mib=829 memd_kills=0
0","",""
S021hub8.stri__db_parse_p75,S,db_parse_p75,strict,none,none,0,normal,1,0,0,1304,na,na,na,na,na,resumed_to_ready,na,ok,"up_s=4531 regs=911 log_rx=19350 svcs=4 mem_mib=829 memd_kills=0
0","",""
S021hub8.stri__epg_index,S,epg_index,strict,none,none,0,normal,1,0,0,13596,na,na,na,na,na,resumed_to_ready,na,ok,"up_s=4542 regs=919 log_rx=19400 svcs=4 mem_mib=829 memd_kills=0
0","",""
S021hub8.stri__epg_index_p25,S,epg_index_p25,strict,none,none,0,normal,1,0,0,4384,na,na,na,na,na,resumed_to_ready,na,ok,"up_s=4553 regs=927 log_rx=19450 svcs=4 mem_mib=829 memd_kills=0
0","",""
S021hub8.stri__epg_index_p50,S,epg_index_p50,strict,none,none,0,normal,1,0,0,7456,na,na,na,na,na,resumed_to_ready,na,ok,"up_s=4564 regs=935 log_rx=19500 svcs=4 mem_mib=829 memd_kills=0
0","",""
S021hub8.stri__epg_index_p75,S,epg_index_p75,strict,none,none,0,normal,1,0,0,10528,na,na,na,na,na,resumed_to_ready,na,ok,"up_s=4575 regs=943 log_rx=19550 svcs=4 mem_mib=829 memd_kills=0
0","",""
S021hub8.stri__epg_text,S,epg_text,strict,none,none,0,normal,1,0,0,13596,na,na,na,na,na,resumed_to_ready,na,ok,"up_s=4586 regs=951 log_rx=19600 svcs=4 mem_mib=829 memd_kills=0
0","",""
S021hub8.stri__epg_reserve,S,epg_reserve,strict,none,none,0,normal,1,0,0,13592,na,na,na,na,na,resumed_to_ready,na,ok,"up_s=4597 regs=959 log_rx=19650 svcs=4 mem_mib=829 memd_kills=0
0","",""
S021hub8.stri__hub_conn1,S,hub_conn1,strict,none,none,0,normal,1,1,na,13592,na,na,na,na,na,na,na,dump_fail,"up_s=4604 regs=961 log_rx=19650 svcs=4 mem_mib=829 memd_kills=0
0","(00.142747) Error (criu/sk-unix.c:874): unix: External socket is used. Consider using --ext-unix-sk option.",""
S021hub8.stri__hub_conn2,S,hub_conn2,strict,none,none,0,normal,1,1,na,13596,na,na,na,na,na,na,na,dump_fail,"up_s=4611 regs=964 log_rx=19700 svcs=4 mem_mib=829 memd_kills=0
0","(00.113754) Error (criu/sk-unix.c:874): unix: External socket is used. Consider using --ext-unix-sk option.",""
S021hub8.stri__hub_conn3,S,hub_conn3,strict,none,none,0,normal,1,1,na,13596,na,na,na,na,na,na,na,dump_fail,"up_s=4619 regs=968 log_rx=19750 svcs=4 mem_mib=829 memd_kills=0
0","(00.131577) Error (criu/sk-unix.c:874): unix: External socket is used. Consider using --ext-unix-sk option.",""
S021hub8.stri__hub_conn4,S,hub_conn4,strict,none,none,0,normal,1,1,na,13596,na,na,na,na,na,na,na,dump_fail,"up_s=4627 regs=973 log_rx=19750 svcs=4 mem_mib=829 memd_kills=0
0","(00.132734) Error (criu/sk-unix.c:874): unix: External socket is used. Consider using --ext-unix-sk option.",""
S021hub8.stri__hub_subscribed,S,hub_subscribed,strict,none,none,0,normal,1,1,na,13596,na,na,na,na,na,na,na,dump_fail,"up_s=4637 regs=981 log_rx=19800 svcs=4 mem_mib=829 memd_kills=0
0","(00.120014) Error (criu/sk-unix.c:874): unix: External socket is used. Consider using --ext-unix-sk option.",""
S021hub8.stri__timer_armed,S,timer_armed,strict,none,none,0,normal,1,1,na,13600,na,na,na,na,na,na,na,dump_fail,"up_s=4647 regs=989 log_rx=19850 svcs=4 mem_mib=829 memd_kills=0
0","(00.137447) Error (criu/sk-unix.c:874): unix: External socket is used. Consider using --ext-unix-sk option.",""
S021hub8.stri__db_watch,S,db_watch,strict,none,none,0,normal,1,1,na,132,na,na,na,na,na,na,na,dump_fail,"up_s=4658 regs=997 log_rx=19900 svcs=4 mem_mib=829 memd_kills=0
0","(00.122215) Error (criu/fsnotify.c:284): fsnotify: 	Can't dump that handle",""
S021hub8.stri__ready,S,ready,strict,none,none,0,normal,1,1,na,132,na,na,na,na,na,na,na,dump_fail,"up_s=4669 regs=1005 log_rx=19950 svcs=4 mem_mib=829 memd_kills=0
0","(00.150781) Error (criu/fsnotify.c:284): fsnotify: 	Can't dump that handle",""
S021hub8.stri__steady,S,steady,strict,none,none,0,normal,1,1,na,132,na,na,na,na,na,na,na,dump_fail,"up_s=4681 regs=1013 log_rx=20000 svcs=4 mem_mib=829 memd_kills=0
0","(00.149652) Error (criu/fsnotify.c:284): fsnotify: 	Can't dump that handle",""
S022hub8.ext___init,S,init,ext_unix,none,none,0,normal,1,0,0,284,na,na,na,na,na,resumed_to_ready,na,ok,"up_s=4692 regs=1021 log_rx=20050 svcs=4 mem_mib=829 memd_kills=0
0","",""
S022hub8.ext___db_open,S,db_open,ext_unix,none,none,0,normal,1,0,0,284,na,na,na,na,na,resumed_to_ready,na,ok,"up_s=4703 regs=1029 log_rx=20100 svcs=4 mem_mib=829 memd_kills=0
0","",""
S022hub8.ext___db_read,S,db_read,ext_unix,none,none,0,normal,1,0,0,1304,na,na,na,na,na,resumed_to_ready,na,ok,"up_s=4714 regs=1037 log_rx=20150 svcs=4 mem_mib=830 memd_kills=0
0","",""
S022hub8.ext___db_read_p25,S,db_read_p25,ext_unix,none,none,0,normal,1,0,0,1304,na,na,na,na,na,resumed_to_ready,na,ok,"up_s=4725 regs=1045 log_rx=20200 svcs=4 mem_mib=829 memd_kills=0
0","",""
S022hub8.ext___db_read_p50,S,db_read_p50,ext_unix,none,none,0,normal,1,0,0,1304,na,na,na,na,na,resumed_to_ready,na,ok,"up_s=4736 regs=1053 log_rx=20250 svcs=4 mem_mib=830 memd_kills=0
0","",""
S022hub8.ext___db_read_p75,S,db_read_p75,ext_unix,none,none,0,normal,1,0,0,1304,na,na,na,na,na,resumed_to_ready,na,ok,"up_s=4747 regs=1061 log_rx=20300 svcs=4 mem_mib=830 memd_kills=0
0","",""
S022hub8.ext___db_parse,S,db_parse,ext_unix,none,none,0,normal,1,0,0,1304,na,na,na,na,na,resumed_to_ready,na,ok,"up_s=4758 regs=1069 log_rx=20300 svcs=4 mem_mib=830 memd_kills=0
0","",""
S022hub8.ext___db_parse_p25,S,db_parse_p25,ext_unix,none,none,0,normal,1,0,0,1304,na,na,na,na,na,resumed_to_ready,na,ok,"up_s=4769 regs=1077 log_rx=20350 svcs=4 mem_mib=830 memd_kills=0
0","",""
S022hub8.ext___db_parse_p50,S,db_parse_p50,ext_unix,none,none,0,normal,1,0,0,1304,na,na,na,na,na,resumed_to_ready,na,ok,"up_s=4780 regs=1085 log_rx=20400 svcs=4 mem_mib=830 memd_kills=0
0","",""
S022hub8.ext___db_parse_p75,S,db_parse_p75,ext_unix,none,none,0,normal,1,0,0,1304,na,na,na,na,na,resumed_to_ready,na,ok,"up_s=4791 regs=1093 log_rx=20450 svcs=4 mem_mib=830 memd_kills=0
0","",""
S022hub8.ext___epg_index,S,epg_index,ext_unix,none,none,0,normal,1,0,0,13596,na,na,na,na,na,resumed_to_ready,na,ok,"up_s=4802 regs=1101 log_rx=20500 svcs=4 mem_mib=830 memd_kills=0
0","",""
S022hub8.ext___epg_index_p25,S,epg_index_p25,ext_unix,none,none,0,normal,1,0,0,4384,na,na,na,na,na,resumed_to_ready,na,ok,"up_s=4813 regs=1109 log_rx=20550 svcs=4 mem_mib=830 memd_kills=0
0","",""
S022hub8.ext___epg_index_p50,S,epg_index_p50,ext_unix,none,none,0,normal,1,0,0,7456,na,na,na,na,na,resumed_to_ready,na,ok,"up_s=4824 regs=1117 log_rx=20600 svcs=4 mem_mib=830 memd_kills=0
0","",""
S022hub8.ext___epg_index_p75,S,epg_index_p75,ext_unix,none,none,0,normal,1,0,0,10528,na,na,na,na,na,resumed_to_ready,na,ok,"up_s=4835 regs=1125 log_rx=20650 svcs=4 mem_mib=830 memd_kills=0
0","",""
S022hub8.ext___epg_text,S,epg_text,ext_unix,none,none,0,normal,1,0,0,13596,na,na,na,na,na,resumed_to_ready,na,ok,"up_s=4846 regs=1133 log_rx=20700 svcs=4 mem_mib=830 memd_kills=0
0","",""
S022hub8.ext___epg_reserve,S,epg_reserve,ext_unix,none,none,0,normal,1,0,0,13596,na,na,na,na,na,resumed_to_ready,na,ok,"up_s=4857 regs=1141 log_rx=20750 svcs=4 mem_mib=830 memd_kills=0
0","",""
S022hub8.ext___hub_conn1,S,hub_conn1,ext_unix,none,none,0,normal,1,1,na,13592,na,na,na,na,na,na,na,dump_fail,"up_s=4864 regs=1143 log_rx=20800 svcs=4 mem_mib=830 memd_kills=0
0","(00.194878) Error (criu/sk-unix.c:881): unix: Can't dump half of stream unix connection. name: (null); peer name: ",""
S022hub8.ext___hub_conn2,S,hub_conn2,ext_unix,none,none,0,normal,1,1,na,13596,na,na,na,na,na,na,na,dump_fail,"up_s=4871 regs=1146 log_rx=20800 svcs=4 mem_mib=830 memd_kills=0
0","(00.110119) Error (criu/sk-unix.c:881): unix: Can't dump half of stream unix connection. name: (null); peer name: ",""
S022hub8.ext___hub_conn3,S,hub_conn3,ext_unix,none,none,0,normal,1,1,na,13592,na,na,na,na,na,na,na,dump_fail,"up_s=4879 regs=1150 log_rx=20850 svcs=4 mem_mib=830 memd_kills=0
0","(00.143850) Error (criu/sk-unix.c:881): unix: Can't dump half of stream unix connection. name: (null); peer name: ",""
S022hub8.ext___hub_conn4,S,hub_conn4,ext_unix,none,none,0,normal,1,1,na,13596,na,na,na,na,na,na,na,dump_fail,"up_s=4887 regs=1155 log_rx=20900 svcs=4 mem_mib=830 memd_kills=0
0","(00.122504) Error (criu/sk-unix.c:881): unix: Can't dump half of stream unix connection. name: (null); peer name: ",""
S022hub8.ext___hub_subscribed,S,hub_subscribed,ext_unix,none,none,0,normal,1,1,na,13596,na,na,na,na,na,na,na,dump_fail,"up_s=4897 regs=1163 log_rx=20900 svcs=4 mem_mib=830 memd_kills=0
0","(00.128247) Error (criu/sk-unix.c:881): unix: Can't dump half of stream unix connection. name: (null); peer name: ",""
S022hub8.ext___timer_armed,S,timer_armed,ext_unix,none,none,0,normal,1,1,na,13600,na,na,na,na,na,na,na,dump_fail,"up_s=4908 regs=1171 log_rx=20950 svcs=4 mem_mib=830 memd_kills=0
0","(00.137300) Error (criu/sk-unix.c:881): unix: Can't dump half of stream unix connection. name: (null); peer name: ",""
S022hub8.ext___db_watch,S,db_watch,ext_unix,none,none,0,normal,1,1,na,132,na,na,na,na,na,na,na,dump_fail,"up_s=4918 regs=1179 log_rx=21000 svcs=4 mem_mib=830 memd_kills=0
0","(00.134009) Error (criu/fsnotify.c:284): fsnotify: 	Can't dump that handle",""
S022hub8.ext___ready,S,ready,ext_unix,none,none,0,normal,1,1,na,132,na,na,na,na,na,na,na,dump_fail,"up_s=4929 regs=1187 log_rx=21050 svcs=4 mem_mib=830 memd_kills=0
0","(00.101701) Error (criu/fsnotify.c:284): fsnotify: 	Can't dump that handle",""
S022hub8.ext___steady,S,steady,ext_unix,none,none,0,normal,1,1,na,132,na,na,na,na,na,na,na,dump_fail,"up_s=4941 regs=1195 log_rx=21100 svcs=4 mem_mib=830 memd_kills=0
0","(00.127423) Error (criu/fsnotify.c:284): fsnotify: 	Can't dump that handle",""
S023hub8.tcp___init,S,init,tcp_est,none,none,0,normal,1,0,0,284,na,na,na,na,na,resumed_to_ready,na,ok,"up_s=4952 regs=1203 log_rx=21150 svcs=4 mem_mib=830 memd_kills=0
0","",""
S023hub8.tcp___db_open,S,db_open,tcp_est,none,none,0,normal,1,0,0,284,na,na,na,na,na,resumed_to_ready,na,ok,"up_s=4963 regs=1211 log_rx=21200 svcs=4 mem_mib=830 memd_kills=0
0","",""
S023hub8.tcp___db_read,S,db_read,tcp_est,none,none,0,normal,1,0,0,1304,na,na,na,na,na,resumed_to_ready,na,ok,"up_s=4974 regs=1219 log_rx=21250 svcs=4 mem_mib=830 memd_kills=0
0","",""
S023hub8.tcp___db_read_p25,S,db_read_p25,tcp_est,none,none,0,normal,1,0,0,1304,na,na,na,na,na,resumed_to_ready,na,ok,"up_s=4985 regs=1227 log_rx=21300 svcs=4 mem_mib=830 memd_kills=0
0","",""
S023hub8.tcp___db_read_p50,S,db_read_p50,tcp_est,none,none,0,normal,1,0,0,1304,na,na,na,na,na,resumed_to_ready,na,ok,"up_s=4996 regs=1235 log_rx=21350 svcs=4 mem_mib=830 memd_kills=0
0","",""
S023hub8.tcp___db_read_p75,S,db_read_p75,tcp_est,none,none,0,normal,1,0,0,1300,na,na,na,na,na,resumed_to_ready,na,ok,"up_s=5007 regs=1243 log_rx=21400 svcs=4 mem_mib=830 memd_kills=0
0","",""
S023hub8.tcp___db_parse,S,db_parse,tcp_est,none,none,0,normal,1,0,0,1304,na,na,na,na,na,resumed_to_ready,na,ok,"up_s=5018 regs=1251 log_rx=21450 svcs=4 mem_mib=831 memd_kills=0
0","",""
S023hub8.tcp___db_parse_p25,S,db_parse_p25,tcp_est,none,none,0,normal,1,0,0,1304,na,na,na,na,na,resumed_to_ready,na,ok,"up_s=5029 regs=1259 log_rx=21500 svcs=4 mem_mib=831 memd_kills=0
0","",""
S023hub8.tcp___db_parse_p50,S,db_parse_p50,tcp_est,none,none,0,normal,1,0,0,1304,na,na,na,na,na,resumed_to_ready,na,ok,"up_s=5040 regs=1267 log_rx=21550 svcs=4 mem_mib=831 memd_kills=0
0","",""
S023hub8.tcp___db_parse_p75,S,db_parse_p75,tcp_est,none,none,0,normal,1,0,0,1304,na,na,na,na,na,resumed_to_ready,na,ok,"up_s=5051 regs=1275 log_rx=21600 svcs=4 mem_mib=830 memd_kills=0
0","",""
S023hub8.tcp___epg_index,S,epg_index,tcp_est,none,none,0,normal,1,0,0,13596,na,na,na,na,na,resumed_to_ready,na,ok,"up_s=5062 regs=1283 log_rx=21650 svcs=4 mem_mib=831 memd_kills=0
0","",""
S023hub8.tcp___epg_index_p25,S,epg_index_p25,tcp_est,none,none,0,normal,1,0,0,4384,na,na,na,na,na,resumed_to_ready,na,ok,"up_s=5073 regs=1291 log_rx=21650 svcs=4 mem_mib=831 memd_kills=0
0","",""
S023hub8.tcp___epg_index_p50,S,epg_index_p50,tcp_est,none,none,0,normal,1,0,0,7456,na,na,na,na,na,resumed_to_ready,na,ok,"up_s=5084 regs=1299 log_rx=21700 svcs=4 mem_mib=831 memd_kills=0
0","",""
S023hub8.tcp___epg_index_p75,S,epg_index_p75,tcp_est,none,none,0,normal,1,0,0,10528,na,na,na,na,na,resumed_to_ready,na,ok,"up_s=5095 regs=1307 log_rx=21750 svcs=4 mem_mib=831 memd_kills=0
0","",""
S023hub8.tcp___epg_text,S,epg_text,tcp_est,none,none,0,normal,1,0,0,13596,na,na,na,na,na,resumed_to_ready,na,ok,"up_s=5107 regs=1315 log_rx=21800 svcs=4 mem_mib=831 memd_kills=0
0","",""
S023hub8.tcp___epg_reserve,S,epg_reserve,tcp_est,none,none,0,normal,1,0,0,13596,na,na,na,na,na,resumed_to_ready,na,ok,"up_s=5118 regs=1323 log_rx=21850 svcs=4 mem_mib=831 memd_kills=0
0","",""
S023hub8.tcp___hub_conn1,S,hub_conn1,tcp_est,none,none,0,normal,1,1,na,13592,na,na,na,na,na,na,na,dump_fail,"up_s=5124 regs=1325 log_rx=21900 svcs=4 mem_mib=831 memd_kills=0
0","(00.133150) Error (criu/sk-unix.c:874): unix: External socket is used. Consider using --ext-unix-sk option.",""
S023hub8.tcp___hub_conn2,S,hub_conn2,tcp_est,none,none,0,normal,1,1,na,13596,na,na,na,na,na,na,na,dump_fail,"up_s=5132 regs=1328 log_rx=21900 svcs=4 mem_mib=831 memd_kills=0
0","(00.133265) Error (criu/sk-unix.c:874): unix: External socket is used. Consider using --ext-unix-sk option.",""
S023hub8.tcp___hub_conn3,S,hub_conn3,tcp_est,none,none,0,normal,1,1,na,13596,na,na,na,na,na,na,na,dump_fail,"up_s=5139 regs=1332 log_rx=21950 svcs=4 mem_mib=831 memd_kills=0
0","(00.124919) Error (criu/sk-unix.c:874): unix: External socket is used. Consider using --ext-unix-sk option.",""
S023hub8.tcp___hub_conn4,S,hub_conn4,tcp_est,none,none,0,normal,1,1,na,13596,na,na,na,na,na,na,na,dump_fail,"up_s=5147 regs=1337 log_rx=22000 svcs=4 mem_mib=831 memd_kills=0
0","(00.122732) Error (criu/sk-unix.c:874): unix: External socket is used. Consider using --ext-unix-sk option.",""
S023hub8.tcp___hub_subscribed,S,hub_subscribed,tcp_est,none,none,0,normal,1,1,na,13600,na,na,na,na,na,na,na,dump_fail,"up_s=5157 regs=1345 log_rx=22050 svcs=4 mem_mib=831 memd_kills=0
0","(00.118704) Error (criu/sk-unix.c:874): unix: External socket is used. Consider using --ext-unix-sk option.",""
S023hub8.tcp___timer_armed,S,timer_armed,tcp_est,none,none,0,normal,1,1,na,13600,na,na,na,na,na,na,na,dump_fail,"up_s=5168 regs=1353 log_rx=22100 svcs=4 mem_mib=831 memd_kills=0
0","(00.133290) Error (criu/sk-unix.c:874): unix: External socket is used. Consider using --ext-unix-sk option.",""
S023hub8.tcp___db_watch,S,db_watch,tcp_est,none,none,0,normal,1,1,na,132,na,na,na,na,na,na,na,dump_fail,"up_s=5178 regs=1361 log_rx=22100 svcs=4 mem_mib=831 memd_kills=0
0","(00.126135) Error (criu/fsnotify.c:284): fsnotify: 	Can't dump that handle",""
S023hub8.tcp___ready,S,ready,tcp_est,none,none,0,normal,1,1,na,132,na,na,na,na,na,na,na,dump_fail,"up_s=5190 regs=1369 log_rx=22150 svcs=4 mem_mib=831 memd_kills=0
0","(00.130861) Error (criu/fsnotify.c:284): fsnotify: 	Can't dump that handle",""
S023hub8.tcp___steady,S,steady,tcp_est,none,none,0,normal,1,1,na,132,na,na,na,na,na,na,na,dump_fail,"up_s=5201 regs=1377 log_rx=22200 svcs=4 mem_mib=831 memd_kills=0
0","(00.121552) Error (criu/fsnotify.c:284): fsnotify: 	Can't dump that handle",""
S024hub8.file__init,S,init,filelocks,none,none,0,normal,1,0,0,284,na,na,na,na,na,resumed_to_ready,na,ok,"up_s=5212 regs=1385 log_rx=22250 svcs=4 mem_mib=831 memd_kills=0
0","",""
S024hub8.file__db_open,S,db_open,filelocks,none,none,0,normal,1,0,0,284,na,na,na,na,na,resumed_to_ready,na,ok,"up_s=5223 regs=1393 log_rx=22300 svcs=4 mem_mib=831 memd_kills=0
0","",""
S024hub8.file__db_read,S,db_read,filelocks,none,none,0,normal,1,0,0,1304,na,na,na,na,na,resumed_to_ready,na,ok,"up_s=5234 regs=1401 log_rx=22350 svcs=4 mem_mib=831 memd_kills=0
0","",""
S024hub8.file__db_read_p25,S,db_read_p25,filelocks,none,none,0,normal,1,0,0,1304,na,na,na,na,na,resumed_to_ready,na,ok,"up_s=5245 regs=1409 log_rx=22400 svcs=4 mem_mib=831 memd_kills=0
0","",""
S024hub8.file__db_read_p50,S,db_read_p50,filelocks,none,none,0,normal,1,0,0,1304,na,na,na,na,na,resumed_to_ready,na,ok,"up_s=5256 regs=1417 log_rx=22450 svcs=4 mem_mib=831 memd_kills=0
0","",""
S024hub8.file__db_read_p75,S,db_read_p75,filelocks,none,none,0,normal,1,0,0,1304,na,na,na,na,na,resumed_to_ready,na,ok,"up_s=5267 regs=1425 log_rx=22500 svcs=4 mem_mib=831 memd_kills=0
0","",""
S024hub8.file__db_parse,S,db_parse,filelocks,none,none,0,normal,1,0,0,1304,na,na,na,na,na,resumed_to_ready,na,ok,"up_s=5278 regs=1433 log_rx=22550 svcs=4 mem_mib=831 memd_kills=0
0","",""
S024hub8.file__db_parse_p25,S,db_parse_p25,filelocks,none,none,0,normal,1,0,0,1304,na,na,na,na,na,resumed_to_ready,na,ok,"up_s=5289 regs=1441 log_rx=22600 svcs=4 mem_mib=831 memd_kills=0
0","",""
S024hub8.file__db_parse_p50,S,db_parse_p50,filelocks,none,none,0,normal,1,0,0,1304,na,na,na,na,na,resumed_to_ready,na,ok,"up_s=5300 regs=1449 log_rx=22650 svcs=4 mem_mib=831 memd_kills=0
0","",""
S024hub8.file__db_parse_p75,S,db_parse_p75,filelocks,none,none,0,normal,1,0,0,1304,na,na,na,na,na,resumed_to_ready,na,ok,"up_s=5311 regs=1457 log_rx=22700 svcs=4 mem_mib=831 memd_kills=0
0","",""
S024hub8.file__epg_index,S,epg_index,filelocks,none,none,0,normal,1,0,0,13596,na,na,na,na,na,resumed_to_ready,na,ok,"up_s=5323 regs=1465 log_rx=22750 svcs=4 mem_mib=831 memd_kills=0
0","",""
S024hub8.file__epg_index_p25,S,epg_index_p25,filelocks,none,none,0,normal,1,0,0,4384,na,na,na,na,na,resumed_to_ready,na,ok,"up_s=5334 regs=1473 log_rx=22800 svcs=4 mem_mib=831 memd_kills=0
0","",""
S024hub8.file__epg_index_p50,S,epg_index_p50,filelocks,none,none,0,normal,1,0,0,7456,na,na,na,na,na,resumed_to_ready,na,ok,"up_s=5345 regs=1481 log_rx=22850 svcs=4 mem_mib=831 memd_kills=0
0","",""
S024hub8.file__epg_index_p75,S,epg_index_p75,filelocks,none,none,0,normal,1,0,0,10528,na,na,na,na,na,resumed_to_ready,na,ok,"up_s=5356 regs=1489 log_rx=22900 svcs=4 mem_mib=831 memd_kills=0
0","",""
S024hub8.file__epg_text,S,epg_text,filelocks,none,none,0,normal,1,0,0,13596,na,na,na,na,na,resumed_to_ready,na,ok,"up_s=5367 regs=1497 log_rx=22950 svcs=4 mem_mib=832 memd_kills=0
0","",""
S024hub8.file__epg_reserve,S,epg_reserve,filelocks,none,none,0,normal,1,0,0,13596,na,na,na,na,na,resumed_to_ready,na,ok,"up_s=5378 regs=1505 log_rx=22950 svcs=4 mem_mib=831 memd_kills=0
0","",""
S024hub8.file__hub_conn1,S,hub_conn1,filelocks,none,none,0,normal,1,1,na,13592,na,na,na,na,na,na,na,dump_fail,"up_s=5384 regs=1507 log_rx=23000 svcs=4 mem_mib=831 memd_kills=0
0","(00.140894) Error (criu/sk-unix.c:874): unix: External socket is used. Consider using --ext-unix-sk option.",""
S024hub8.file__hub_conn2,S,hub_conn2,filelocks,none,none,0,normal,1,1,na,13596,na,na,na,na,na,na,na,dump_fail,"up_s=5392 regs=1510 log_rx=23050 svcs=4 mem_mib=831 memd_kills=0
0","(00.132215) Error (criu/sk-unix.c:874): unix: External socket is used. Consider using --ext-unix-sk option.",""
S024hub8.file__hub_conn3,S,hub_conn3,filelocks,none,none,0,normal,1,1,na,13596,na,na,na,na,na,na,na,dump_fail,"up_s=5399 regs=1514 log_rx=23050 svcs=4 mem_mib=831 memd_kills=0
0","(00.100698) Error (criu/sk-unix.c:874): unix: External socket is used. Consider using --ext-unix-sk option.",""
S024hub8.file__hub_conn4,S,hub_conn4,filelocks,none,none,0,normal,1,1,na,13596,na,na,na,na,na,na,na,dump_fail,"up_s=5407 regs=1519 log_rx=23100 svcs=4 mem_mib=831 memd_kills=0
0","(00.117603) Error (criu/sk-unix.c:874): unix: External socket is used. Consider using --ext-unix-sk option.",""
S024hub8.file__hub_subscribed,S,hub_subscribed,filelocks,none,none,0,normal,1,1,na,13600,na,na,na,na,na,na,na,dump_fail,"up_s=5417 regs=1527 log_rx=23150 svcs=4 mem_mib=831 memd_kills=0
0","(00.122185) Error (criu/sk-unix.c:874): unix: External socket is used. Consider using --ext-unix-sk option.",""
S024hub8.file__timer_armed,S,timer_armed,filelocks,none,none,0,normal,1,1,na,13596,na,na,na,na,na,na,na,dump_fail,"up_s=5428 regs=1535 log_rx=23200 svcs=4 mem_mib=831 memd_kills=0
0","(00.130646) Error (criu/sk-unix.c:874): unix: External socket is used. Consider using --ext-unix-sk option.",""
S024hub8.file__db_watch,S,db_watch,filelocks,none,none,0,normal,1,1,na,132,na,na,na,na,na,na,na,dump_fail,"up_s=5438 regs=1543 log_rx=23250 svcs=4 mem_mib=831 memd_kills=0
0","(00.130416) Error (criu/fsnotify.c:284): fsnotify: 	Can't dump that handle",""
S024hub8.file__ready,S,ready,filelocks,none,none,0,normal,1,1,na,132,na,na,na,na,na,na,na,dump_fail,"up_s=5450 regs=1551 log_rx=23300 svcs=4 mem_mib=831 memd_kills=0
0","(00.142336) Error (criu/fsnotify.c:284): fsnotify: 	Can't dump that handle",""
S024hub8.file__steady,S,steady,filelocks,none,none,0,normal,1,1,na,132,na,na,na,na,na,na,na,dump_fail,"up_s=5461 regs=1559 log_rx=23350 svcs=4 mem_mib=831 memd_kills=0
0","(00.109410) Error (criu/fsnotify.c:284): fsnotify: 	Can't dump that handle",""
S025hub8.perm__init,S,init,permissive,none,none,0,normal,1,0,0,284,na,na,na,na,na,resumed_to_ready,na,ok,"up_s=5472 regs=1567 log_rx=23400 svcs=4 mem_mib=831 memd_kills=0
0","",""
S025hub8.perm__db_open,S,db_open,permissive,none,none,0,normal,1,0,0,284,na,na,na,na,na,resumed_to_ready,na,ok,"up_s=5483 regs=1575 log_rx=23450 svcs=4 mem_mib=832 memd_kills=0
0","",""
S025hub8.perm__db_read,S,db_read,permissive,none,none,0,normal,1,0,0,1304,na,na,na,na,na,resumed_to_ready,na,ok,"up_s=5494 regs=1583 log_rx=23450 svcs=4 mem_mib=832 memd_kills=0
0","",""
S025hub8.perm__db_read_p25,S,db_read_p25,permissive,none,none,0,normal,1,0,0,1304,na,na,na,na,na,resumed_to_ready,na,ok,"up_s=5505 regs=1591 log_rx=23500 svcs=4 mem_mib=832 memd_kills=0
0","",""
S025hub8.perm__db_read_p50,S,db_read_p50,permissive,none,none,0,normal,1,0,0,1304,na,na,na,na,na,resumed_to_ready,na,ok,"up_s=5516 regs=1599 log_rx=23550 svcs=4 mem_mib=832 memd_kills=0
0","",""
S025hub8.perm__db_read_p75,S,db_read_p75,permissive,none,none,0,normal,1,0,0,1304,na,na,na,na,na,resumed_to_ready,na,ok,"up_s=5527 regs=1607 log_rx=23600 svcs=4 mem_mib=832 memd_kills=0
0","",""
S025hub8.perm__db_parse,S,db_parse,permissive,none,none,0,normal,1,0,0,1304,na,na,na,na,na,resumed_to_ready,na,ok,"up_s=5538 regs=1615 log_rx=23650 svcs=4 mem_mib=832 memd_kills=0
0","",""
S025hub8.perm__db_parse_p25,S,db_parse_p25,permissive,none,none,0,normal,1,0,0,1304,na,na,na,na,na,resumed_to_ready,na,ok,"up_s=5549 regs=1623 log_rx=23700 svcs=4 mem_mib=832 memd_kills=0
0","",""
S025hub8.perm__db_parse_p50,S,db_parse_p50,permissive,none,none,0,normal,1,0,0,1304,na,na,na,na,na,resumed_to_ready,na,ok,"up_s=5560 regs=1631 log_rx=23750 svcs=4 mem_mib=832 memd_kills=0
0","",""
S025hub8.perm__db_parse_p75,S,db_parse_p75,permissive,none,none,0,normal,1,0,0,1300,na,na,na,na,na,resumed_to_ready,na,ok,"up_s=5571 regs=1639 log_rx=23800 svcs=4 mem_mib=832 memd_kills=0
0","",""
S025hub8.perm__epg_index,S,epg_index,permissive,none,none,0,normal,1,0,0,13596,na,na,na,na,na,resumed_to_ready,na,ok,"up_s=5582 regs=1647 log_rx=23850 svcs=4 mem_mib=832 memd_kills=0
0","",""
S025hub8.perm__epg_index_p25,S,epg_index_p25,permissive,none,none,0,normal,1,0,0,4384,na,na,na,na,na,resumed_to_ready,na,ok,"up_s=5593 regs=1655 log_rx=23900 svcs=4 mem_mib=832 memd_kills=0
0","",""
S025hub8.perm__epg_index_p50,S,epg_index_p50,permissive,none,none,0,normal,1,0,0,7456,na,na,na,na,na,resumed_to_ready,na,ok,"up_s=5604 regs=1663 log_rx=23950 svcs=4 mem_mib=832 memd_kills=0
0","",""
S025hub8.perm__epg_index_p75,S,epg_index_p75,permissive,none,none,0,normal,1,0,0,10528,na,na,na,na,na,resumed_to_ready,na,ok,"up_s=5615 regs=1671 log_rx=24000 svcs=4 mem_mib=832 memd_kills=0
0","",""
S025hub8.perm__epg_text,S,epg_text,permissive,none,none,0,normal,1,0,0,13596,na,na,na,na,na,resumed_to_ready,na,ok,"up_s=5626 regs=1679 log_rx=24050 svcs=4 mem_mib=832 memd_kills=0
0","",""
S025hub8.perm__epg_reserve,S,epg_reserve,permissive,none,none,0,normal,1,0,0,13596,na,na,na,na,na,resumed_to_ready,na,ok,"up_s=5637 regs=1687 log_rx=24100 svcs=4 mem_mib=832 memd_kills=0
0","",""
S025hub8.perm__hub_conn1,S,hub_conn1,permissive,none,none,0,normal,1,1,na,13596,na,na,na,na,na,na,na,dump_fail,"up_s=5644 regs=1689 log_rx=24100 svcs=4 mem_mib=832 memd_kills=0
0","(00.125140) Error (criu/sk-unix.c:881): unix: Can't dump half of stream unix connection. name: (null); peer name: ",""
S025hub8.perm__hub_conn2,S,hub_conn2,permissive,none,none,0,normal,1,1,na,13596,na,na,na,na,na,na,na,dump_fail,"up_s=5651 regs=1692 log_rx=24150 svcs=4 mem_mib=832 memd_kills=0
0","(00.147292) Error (criu/sk-unix.c:881): unix: Can't dump half of stream unix connection. name: (null); peer name: ",""
S025hub8.perm__hub_conn3,S,hub_conn3,permissive,none,none,0,normal,1,1,na,13596,na,na,na,na,na,na,na,dump_fail,"up_s=5659 regs=1696 log_rx=24200 svcs=4 mem_mib=832 memd_kills=0
0","(00.124573) Error (criu/sk-unix.c:881): unix: Can't dump half of stream unix connection. name: (null); peer name: ",""
S025hub8.perm__hub_conn4,S,hub_conn4,permissive,none,none,0,normal,1,1,na,13596,na,na,na,na,na,na,na,dump_fail,"up_s=5667 regs=1701 log_rx=24200 svcs=4 mem_mib=832 memd_kills=0
0","(00.118960) Error (criu/sk-unix.c:881): unix: Can't dump half of stream unix connection. name: (null); peer name: ",""
S025hub8.perm__hub_subscribed,S,hub_subscribed,permissive,none,none,0,normal,1,1,na,13600,na,na,na,na,na,na,na,dump_fail,"up_s=5677 regs=1709 log_rx=24250 svcs=4 mem_mib=832 memd_kills=0
0","(00.133386) Error (criu/sk-unix.c:881): unix: Can't dump half of stream unix connection. name: (null); peer name: ",""
S025hub8.perm__timer_armed,S,timer_armed,permissive,none,none,0,normal,1,1,na,13600,na,na,na,na,na,na,na,dump_fail,"up_s=5687 regs=1717 log_rx=24300 svcs=4 mem_mib=832 memd_kills=0
0","(00.151106) Error (criu/sk-unix.c:881): unix: Can't dump half of stream unix connection. name: (null); peer name: ",""
S025hub8.perm__db_watch,S,db_watch,permissive,none,none,0,normal,1,1,na,132,na,na,na,na,na,na,na,dump_fail,"up_s=5698 regs=1725 log_rx=24350 svcs=4 mem_mib=832 memd_kills=0
0","(00.128523) Error (criu/fsnotify.c:284): fsnotify: 	Can't dump that handle",""
S025hub8.perm__ready,S,ready,permissive,none,none,0,normal,1,1,na,132,na,na,na,na,na,na,na,dump_fail,"up_s=5710 regs=1733 log_rx=24400 svcs=4 mem_mib=832 memd_kills=0
0","(00.117379) Error (criu/fsnotify.c:284): fsnotify: 	Can't dump that handle",""
S025hub8.perm__steady,S,steady,permissive,none,none,0,normal,1,1,na,132,na,na,na,na,na,na,na,dump_fail,"up_s=5721 regs=1741 log_rx=24450 svcs=4 mem_mib=832 memd_kills=0
0","(00.133643) Error (criu/fsnotify.c:284): fsnotify: 	Can't dump that handle",""
S026tcprr.stri__init,S,init,strict,none,none,0,normal,1,0,0,284,na,na,na,na,na,resumed_to_ready,na,ok,"up_s=5731 regs=1745 log_rx=24500 svcs=4 mem_mib=832 memd_kills=0
0","",""
S026tcprr.stri__db_open,S,db_open,strict,none,none,0,normal,1,0,0,284,na,na,na,na,na,resumed_to_ready,na,ok,"up_s=5741 regs=1749 log_rx=24550 svcs=4 mem_mib=832 memd_kills=0
0","",""
S026tcprr.stri__db_read,S,db_read,strict,none,none,0,normal,1,0,0,1304,na,na,na,na,na,resumed_to_ready,na,ok,"up_s=5751 regs=1753 log_rx=24550 svcs=4 mem_mib=833 memd_kills=0
0","",""
S026tcprr.stri__db_read_p25,S,db_read_p25,strict,none,none,0,normal,1,0,0,1304,na,na,na,na,na,resumed_to_ready,na,ok,"up_s=5760 regs=1757 log_rx=24600 svcs=4 mem_mib=833 memd_kills=0
0","",""
S026tcprr.stri__db_read_p50,S,db_read_p50,strict,none,none,0,normal,1,0,0,1304,na,na,na,na,na,resumed_to_ready,na,ok,"up_s=5770 regs=1761 log_rx=24650 svcs=4 mem_mib=833 memd_kills=0
0","",""
S026tcprr.stri__db_read_p75,S,db_read_p75,strict,none,none,0,normal,1,0,0,1300,na,na,na,na,na,resumed_to_ready,na,ok,"up_s=5780 regs=1765 log_rx=24700 svcs=4 mem_mib=833 memd_kills=0
0","",""
S026tcprr.stri__db_parse,S,db_parse,strict,none,none,0,normal,1,0,0,1300,na,na,na,na,na,resumed_to_ready,na,ok,"up_s=5790 regs=1769 log_rx=24750 svcs=4 mem_mib=833 memd_kills=0
0","",""
S026tcprr.stri__db_parse_p25,S,db_parse_p25,strict,none,none,0,normal,1,0,0,1304,na,na,na,na,na,resumed_to_ready,na,ok,"up_s=5800 regs=1773 log_rx=24800 svcs=4 mem_mib=832 memd_kills=0
0","",""
S026tcprr.stri__db_parse_p50,S,db_parse_p50,strict,none,none,0,normal,1,0,0,1304,na,na,na,na,na,resumed_to_ready,na,ok,"up_s=5809 regs=1777 log_rx=24800 svcs=4 mem_mib=833 memd_kills=0
0","",""
S026tcprr.stri__db_parse_p75,S,db_parse_p75,strict,none,none,0,normal,1,0,0,1304,na,na,na,na,na,resumed_to_ready,na,ok,"up_s=5819 regs=1781 log_rx=24850 svcs=4 mem_mib=833 memd_kills=0
0","",""
S026tcprr.stri__epg_index,S,epg_index,strict,none,none,0,normal,1,0,0,13596,na,na,na,na,na,resumed_to_ready,na,ok,"up_s=5829 regs=1785 log_rx=24900 svcs=4 mem_mib=833 memd_kills=0
0","",""
S026tcprr.stri__epg_index_p25,S,epg_index_p25,strict,none,none,0,normal,1,0,0,4384,na,na,na,na,na,resumed_to_ready,na,ok,"up_s=5839 regs=1789 log_rx=24950 svcs=4 mem_mib=833 memd_kills=0
0","",""
S026tcprr.stri__epg_index_p50,S,epg_index_p50,strict,none,none,0,normal,1,0,0,7456,na,na,na,na,na,resumed_to_ready,na,ok,"up_s=5849 regs=1793 log_rx=25000 svcs=4 mem_mib=833 memd_kills=0
0","",""
S026tcprr.stri__epg_index_p75,S,epg_index_p75,strict,none,none,0,normal,1,0,0,10528,na,na,na,na,na,resumed_to_ready,na,ok,"up_s=5859 regs=1797 log_rx=25050 svcs=4 mem_mib=833 memd_kills=0
0","",""
S026tcprr.stri__epg_text,S,epg_text,strict,none,none,0,normal,1,0,0,13592,na,na,na,na,na,resumed_to_ready,na,ok,"up_s=5868 regs=1801 log_rx=25050 svcs=4 mem_mib=833 memd_kills=0
0","",""
S026tcprr.stri__epg_reserve,S,epg_reserve,strict,none,none,0,normal,1,0,0,13596,na,na,na,na,na,resumed_to_ready,na,ok,"up_s=5878 regs=1805 log_rx=25100 svcs=4 mem_mib=833 memd_kills=0
0","",""
S026tcprr.stri__hub_conn1,S,hub_conn1,strict,none,none,0,normal,1,1,na,13596,na,na,na,na,na,na,na,dump_fail,"up_s=5885 regs=1807 log_rx=25150 svcs=4 mem_mib=833 memd_kills=0
0","(00.143039) Error (criu/sk-unix.c:874): unix: External socket is used. Consider using --ext-unix-sk option.",""
S026tcprr.stri__hub_conn2,S,hub_conn2,strict,none,none,0,normal,1,1,na,13596,na,na,na,na,na,na,na,dump_fail,"up_s=5892 regs=1810 log_rx=25150 svcs=4 mem_mib=833 memd_kills=0
0","(00.133142) Error (criu/sk-unix.c:874): unix: External socket is used. Consider using --ext-unix-sk option.",""
S026tcprr.stri__hub_conn3,S,hub_conn3,strict,none,none,0,normal,1,1,na,13592,na,na,na,na,na,na,na,dump_fail,"up_s=5900 regs=1814 log_rx=25200 svcs=4 mem_mib=833 memd_kills=0
0","(00.115109) Error (criu/sk-unix.c:874): unix: External socket is used. Consider using --ext-unix-sk option.",""
S026tcprr.stri__hub_conn4,S,hub_conn4,strict,none,none,0,normal,1,1,na,13596,na,na,na,na,na,na,na,dump_fail,"up_s=5908 regs=1818 log_rx=25250 svcs=4 mem_mib=833 memd_kills=0
0","(00.115581) Error (criu/sk-unix.c:874): unix: External socket is used. Consider using --ext-unix-sk option.",""
S026tcprr.stri__hub_subscribed,S,hub_subscribed,strict,none,none,0,normal,1,1,na,13596,na,na,na,na,na,na,na,dump_fail,"up_s=5916 regs=1822 log_rx=25300 svcs=4 mem_mib=833 memd_kills=0
0","(00.125549) Error (criu/sk-unix.c:874): unix: External socket is used. Consider using --ext-unix-sk option.",""
S026tcprr.stri__tcp_conn,S,tcp_conn,strict,none,none,0,normal,1,1,na,52,na,na,na,na,na,na,na,dump_fail,"up_s=5925 regs=1826 log_rx=25300 svcs=4 mem_mib=833 memd_kills=0
0","(00.097018) Error (criu/sk-inet.c:200): inet: Connected TCP socket; consider using --tcp-established option.",""
S026tcprr.stri__timer_armed,S,timer_armed,strict,none,none,0,normal,1,1,na,52,na,na,na,na,na,na,na,dump_fail,"up_s=5934 regs=1830 log_rx=25350 svcs=4 mem_mib=833 memd_kills=0
0","(00.110482) Error (criu/sk-inet.c:200): inet: Connected TCP socket; consider using --tcp-established option.",""
S026tcprr.stri__db_watch,S,db_watch,strict,none,none,0,normal,1,1,na,52,na,na,na,na,na,na,na,dump_fail,"up_s=5944 regs=1834 log_rx=25400 svcs=4 mem_mib=833 memd_kills=0
0","(00.108190) Error (criu/sk-inet.c:200): inet: Connected TCP socket; consider using --tcp-established option.",""
S026tcprr.stri__ready,S,ready,strict,none,none,0,normal,1,1,na,52,na,na,na,na,na,na,na,dump_fail,"up_s=5954 regs=1838 log_rx=25450 svcs=4 mem_mib=833 memd_kills=0
0","(00.093996) Error (criu/sk-inet.c:200): inet: Connected TCP socket; consider using --tcp-established option.",""
S026tcprr.stri__steady,S,steady,strict,none,none,0,normal,1,1,na,52,na,na,na,na,na,na,na,dump_fail,"up_s=5964 regs=1842 log_rx=25500 svcs=4 mem_mib=833 memd_kills=0
0","(00.109888) Error (criu/sk-inet.c:200): inet: Connected TCP socket; consider using --tcp-established option.",""
S027tcprr.ext___init,S,init,ext_unix,none,none,0,normal,1,0,0,284,na,na,na,na,na,resumed_to_ready,na,ok,"up_s=5974 regs=1846 log_rx=25500 svcs=4 mem_mib=833 memd_kills=0
0","",""
S027tcprr.ext___db_open,S,db_open,ext_unix,none,none,0,normal,1,0,0,280,na,na,na,na,na,resumed_to_ready,na,ok,"up_s=5984 regs=1850 log_rx=25550 svcs=4 mem_mib=833 memd_kills=0
0","",""
S027tcprr.ext___db_read,S,db_read,ext_unix,none,none,0,normal,1,0,0,1304,na,na,na,na,na,resumed_to_ready,na,ok,"up_s=5993 regs=1854 log_rx=25600 svcs=4 mem_mib=833 memd_kills=0
0","",""
S027tcprr.ext___db_read_p25,S,db_read_p25,ext_unix,none,none,0,normal,1,0,0,1304,na,na,na,na,na,resumed_to_ready,na,ok,"up_s=6003 regs=1858 log_rx=25650 svcs=4 mem_mib=833 memd_kills=0
0","",""
S027tcprr.ext___db_read_p50,S,db_read_p50,ext_unix,none,none,0,normal,1,0,0,1304,na,na,na,na,na,resumed_to_ready,na,ok,"up_s=6013 regs=1862 log_rx=25700 svcs=4 mem_mib=833 memd_kills=0
0","",""
S027tcprr.ext___db_read_p75,S,db_read_p75,ext_unix,none,none,0,normal,1,0,0,1304,na,na,na,na,na,resumed_to_ready,na,ok,"up_s=6023 regs=1866 log_rx=25750 svcs=4 mem_mib=833 memd_kills=0
0","",""
S027tcprr.ext___db_parse,S,db_parse,ext_unix,none,none,0,normal,1,0,0,1304,na,na,na,na,na,resumed_to_ready,na,ok,"up_s=6033 regs=1870 log_rx=25750 svcs=4 mem_mib=833 memd_kills=0
0","",""
S027tcprr.ext___db_parse_p25,S,db_parse_p25,ext_unix,none,none,0,normal,1,0,0,1304,na,na,na,na,na,resumed_to_ready,na,ok,"up_s=6043 regs=1874 log_rx=25800 svcs=4 mem_mib=833 memd_kills=0
0","",""
S027tcprr.ext___db_parse_p50,S,db_parse_p50,ext_unix,none,none,0,normal,1,0,0,1304,na,na,na,na,na,resumed_to_ready,na,ok,"up_s=6052 regs=1878 log_rx=25850 svcs=4 mem_mib=833 memd_kills=0
0","",""
S027tcprr.ext___db_parse_p75,S,db_parse_p75,ext_unix,none,none,0,normal,1,0,0,1304,na,na,na,na,na,resumed_to_ready,na,ok,"up_s=6062 regs=1882 log_rx=25900 svcs=4 mem_mib=833 memd_kills=0
0","",""
S027tcprr.ext___epg_index,S,epg_index,ext_unix,none,none,0,normal,1,0,0,13596,na,na,na,na,na,resumed_to_ready,na,ok,"up_s=6072 regs=1886 log_rx=25950 svcs=4 mem_mib=833 memd_kills=0
0","",""
S027tcprr.ext___epg_index_p25,S,epg_index_p25,ext_unix,none,none,0,normal,1,0,0,4384,na,na,na,na,na,resumed_to_ready,na,ok,"up_s=6082 regs=1890 log_rx=26000 svcs=4 mem_mib=834 memd_kills=0
0","",""
S027tcprr.ext___epg_index_p50,S,epg_index_p50,ext_unix,none,none,0,normal,1,0,0,7456,na,na,na,na,na,resumed_to_ready,na,ok,"up_s=6092 regs=1894 log_rx=26050 svcs=4 mem_mib=834 memd_kills=0
0","",""
S027tcprr.ext___epg_index_p75,S,epg_index_p75,ext_unix,none,none,0,normal,1,0,0,10528,na,na,na,na,na,resumed_to_ready,na,ok,"up_s=6101 regs=1898 log_rx=26050 svcs=4 mem_mib=834 memd_kills=0
0","",""
S027tcprr.ext___epg_text,S,epg_text,ext_unix,none,none,0,normal,1,0,0,13596,na,na,na,na,na,resumed_to_ready,na,ok,"up_s=6111 regs=1902 log_rx=26100 svcs=4 mem_mib=834 memd_kills=0
0","",""
S027tcprr.ext___epg_reserve,S,epg_reserve,ext_unix,none,none,0,normal,1,0,0,13596,na,na,na,na,na,resumed_to_ready,na,ok,"up_s=6121 regs=1906 log_rx=26150 svcs=4 mem_mib=834 memd_kills=0
0","",""
S027tcprr.ext___hub_conn1,S,hub_conn1,ext_unix,none,none,0,normal,1,1,na,13596,na,na,na,na,na,na,na,dump_fail,"up_s=6128 regs=1908 log_rx=26200 svcs=4 mem_mib=834 memd_kills=0
0","(00.142942) Error (criu/sk-unix.c:881): unix: Can't dump half of stream unix connection. name: (null); peer name: ",""
S027tcprr.ext___hub_conn2,S,hub_conn2,ext_unix,none,none,0,normal,1,1,na,13596,na,na,na,na,na,na,na,dump_fail,"up_s=6135 regs=1911 log_rx=26200 svcs=4 mem_mib=833 memd_kills=0
0","(00.116196) Error (criu/sk-unix.c:881): unix: Can't dump half of stream unix connection. name: (null); peer name: ",""
S027tcprr.ext___hub_conn3,S,hub_conn3,ext_unix,none,none,0,normal,1,1,na,13596,na,na,na,na,na,na,na,dump_fail,"up_s=6143 regs=1915 log_rx=26250 svcs=4 mem_mib=833 memd_kills=0
0","(00.136722) Error (criu/sk-unix.c:881): unix: Can't dump half of stream unix connection. name: (null); peer name: ",""
S027tcprr.ext___hub_conn4,S,hub_conn4,ext_unix,none,none,0,normal,1,1,na,13592,na,na,na,na,na,na,na,dump_fail,"up_s=6151 regs=1919 log_rx=26300 svcs=4 mem_mib=833 memd_kills=0
0","(00.135487) Error (criu/sk-unix.c:881): unix: Can't dump half of stream unix connection. name: (null); peer name: ",""
S027tcprr.ext___hub_subscribed,S,hub_subscribed,ext_unix,none,none,0,normal,1,1,na,13596,na,na,na,na,na,na,na,dump_fail,"up_s=6159 regs=1923 log_rx=26300 svcs=4 mem_mib=833 memd_kills=0
0","(00.109171) Error (criu/sk-unix.c:881): unix: Can't dump half of stream unix connection. name: (null); peer name: ",""
S027tcprr.ext___tcp_conn,S,tcp_conn,ext_unix,none,none,0,normal,1,1,na,52,na,na,na,na,na,na,na,dump_fail,"up_s=6168 regs=1927 log_rx=26350 svcs=4 mem_mib=834 memd_kills=0
0","(00.123447) Error (criu/sk-inet.c:200): inet: Connected TCP socket; consider using --tcp-established option.",""
S027tcprr.ext___timer_armed,S,timer_armed,ext_unix,none,none,0,normal,1,1,na,52,na,na,na,na,na,na,na,dump_fail,"up_s=6177 regs=1931 log_rx=26400 svcs=4 mem_mib=834 memd_kills=0
0","(00.121009) Error (criu/sk-inet.c:200): inet: Connected TCP socket; consider using --tcp-established option.",""
S027tcprr.ext___db_watch,S,db_watch,ext_unix,none,none,0,normal,1,1,na,52,na,na,na,na,na,na,na,dump_fail,"up_s=6187 regs=1935 log_rx=26450 svcs=4 mem_mib=834 memd_kills=0
0","(00.118720) Error (criu/sk-inet.c:200): inet: Connected TCP socket; consider using --tcp-established option.",""
S027tcprr.ext___ready,S,ready,ext_unix,none,none,0,normal,1,1,na,52,na,na,na,na,na,na,na,dump_fail,"up_s=6197 regs=1939 log_rx=26450 svcs=4 mem_mib=834 memd_kills=0
0","(00.105765) Error (criu/sk-inet.c:200): inet: Connected TCP socket; consider using --tcp-established option.",""
S027tcprr.ext___steady,S,steady,ext_unix,none,none,0,normal,1,1,na,52,na,na,na,na,na,na,na,dump_fail,"up_s=6207 regs=1943 log_rx=26500 svcs=4 mem_mib=834 memd_kills=0
0","(00.142021) Error (criu/sk-inet.c:200): inet: Connected TCP socket; consider using --tcp-established option.",""
S028tcprr.tcp___init,S,init,tcp_est,none,none,0,normal,1,0,0,288,na,na,na,na,na,resumed_to_ready,na,ok,"up_s=6217 regs=1947 log_rx=26550 svcs=4 mem_mib=834 memd_kills=0
0","",""
S028tcprr.tcp___db_open,S,db_open,tcp_est,none,none,0,normal,1,0,0,284,na,na,na,na,na,resumed_to_ready,na,ok,"up_s=6227 regs=1951 log_rx=26600 svcs=4 mem_mib=834 memd_kills=0
0","",""
S028tcprr.tcp___db_read,S,db_read,tcp_est,none,none,0,normal,1,0,0,1304,na,na,na,na,na,resumed_to_ready,na,ok,"up_s=6236 regs=1955 log_rx=26650 svcs=4 mem_mib=834 memd_kills=0
0","",""
S028tcprr.tcp___db_read_p25,S,db_read_p25,tcp_est,none,none,0,normal,1,0,0,1304,na,na,na,na,na,resumed_to_ready,na,ok,"up_s=6246 regs=1959 log_rx=26700 svcs=4 mem_mib=834 memd_kills=0
0","",""
S028tcprr.tcp___db_read_p50,S,db_read_p50,tcp_est,none,none,0,normal,1,0,0,1308,na,na,na,na,na,resumed_to_ready,na,ok,"up_s=6256 regs=1963 log_rx=26750 svcs=4 mem_mib=834 memd_kills=0
0","",""
S028tcprr.tcp___db_read_p75,S,db_read_p75,tcp_est,none,none,0,normal,1,0,0,1304,na,na,na,na,na,resumed_to_ready,na,ok,"up_s=6266 regs=1967 log_rx=26750 svcs=4 mem_mib=834 memd_kills=0
0","",""
S028tcprr.tcp___db_parse,S,db_parse,tcp_est,none,none,0,normal,1,0,0,1304,na,na,na,na,na,resumed_to_ready,na,ok,"up_s=6276 regs=1971 log_rx=26800 svcs=4 mem_mib=834 memd_kills=0
0","",""
S028tcprr.tcp___db_parse_p25,S,db_parse_p25,tcp_est,none,none,0,normal,1,0,0,1304,na,na,na,na,na,resumed_to_ready,na,ok,"up_s=6286 regs=1975 log_rx=26850 svcs=4 mem_mib=834 memd_kills=0
0","",""
S028tcprr.tcp___db_parse_p50,S,db_parse_p50,tcp_est,none,none,0,normal,1,0,0,1304,na,na,na,na,na,resumed_to_ready,na,ok,"up_s=6295 regs=1979 log_rx=26900 svcs=4 mem_mib=834 memd_kills=0
0","",""
S028tcprr.tcp___db_parse_p75,S,db_parse_p75,tcp_est,none,none,0,normal,1,0,0,1304,na,na,na,na,na,resumed_to_ready,na,ok,"up_s=6305 regs=1983 log_rx=26950 svcs=4 mem_mib=834 memd_kills=0
0","",""
S028tcprr.tcp___epg_index,S,epg_index,tcp_est,none,none,0,normal,1,0,0,13600,na,na,na,na,na,resumed_to_ready,na,ok,"up_s=6315 regs=1987 log_rx=27000 svcs=4 mem_mib=834 memd_kills=0
0","",""
S028tcprr.tcp___epg_index_p25,S,epg_index_p25,tcp_est,none,none,0,normal,1,0,0,4384,na,na,na,na,na,resumed_to_ready,na,ok,"up_s=6325 regs=1991 log_rx=27000 svcs=4 mem_mib=834 memd_kills=0
0","",""
S028tcprr.tcp___epg_index_p50,S,epg_index_p50,tcp_est,none,none,0,normal,1,0,0,7456,na,na,na,na,na,resumed_to_ready,na,ok,"up_s=6335 regs=1995 log_rx=27050 svcs=4 mem_mib=834 memd_kills=0
0","",""
S028tcprr.tcp___epg_index_p75,S,epg_index_p75,tcp_est,none,none,0,normal,1,0,0,10528,na,na,na,na,na,resumed_to_ready,na,ok,"up_s=6345 regs=1999 log_rx=27100 svcs=4 mem_mib=835 memd_kills=0
0","",""
S028tcprr.tcp___epg_text,S,epg_text,tcp_est,none,none,0,normal,1,0,0,13596,na,na,na,na,na,resumed_to_ready,na,ok,"up_s=6355 regs=2003 log_rx=27150 svcs=4 mem_mib=834 memd_kills=0
0","",""
S028tcprr.tcp___epg_reserve,S,epg_reserve,tcp_est,none,none,0,normal,1,0,0,13596,na,na,na,na,na,resumed_to_ready,na,ok,"up_s=6364 regs=2007 log_rx=27200 svcs=4 mem_mib=834 memd_kills=0
0","",""
S028tcprr.tcp___hub_conn1,S,hub_conn1,tcp_est,none,none,0,normal,1,1,na,13596,na,na,na,na,na,na,na,dump_fail,"up_s=6371 regs=2009 log_rx=27200 svcs=4 mem_mib=834 memd_kills=0
0","(00.119324) Error (criu/sk-unix.c:874): unix: External socket is used. Consider using --ext-unix-sk option.",""
S028tcprr.tcp___hub_conn2,S,hub_conn2,tcp_est,none,none,0,normal,1,1,na,13596,na,na,na,na,na,na,na,dump_fail,"up_s=6378 regs=2012 log_rx=27250 svcs=4 mem_mib=834 memd_kills=0
0","(00.135215) Error (criu/sk-unix.c:874): unix: External socket is used. Consider using --ext-unix-sk option.",""
S028tcprr.tcp___hub_conn3,S,hub_conn3,tcp_est,none,none,0,normal,1,1,na,13596,na,na,na,na,na,na,na,dump_fail,"up_s=6386 regs=2016 log_rx=27300 svcs=4 mem_mib=834 memd_kills=0
0","(00.122446) Error (criu/sk-unix.c:874): unix: External socket is used. Consider using --ext-unix-sk option.",""
S028tcprr.tcp___hub_conn4,S,hub_conn4,tcp_est,none,none,0,normal,1,1,na,13596,na,na,na,na,na,na,na,dump_fail,"up_s=6394 regs=2020 log_rx=27300 svcs=4 mem_mib=834 memd_kills=0
0","(00.129766) Error (criu/sk-unix.c:874): unix: External socket is used. Consider using --ext-unix-sk option.",""
S028tcprr.tcp___hub_subscribed,S,hub_subscribed,tcp_est,none,none,0,normal,1,1,na,13596,na,na,na,na,na,na,na,dump_fail,"up_s=6402 regs=2024 log_rx=27350 svcs=4 mem_mib=834 memd_kills=0
0","(00.125369) Error (criu/sk-unix.c:874): unix: External socket is used. Consider using --ext-unix-sk option.",""
S028tcprr.tcp___tcp_conn,S,tcp_conn,tcp_est,none,none,0,normal,1,1,na,13596,na,na,na,na,na,na,na,dump_fail,"up_s=6411 regs=2028 log_rx=27400 svcs=4 mem_mib=834 memd_kills=0
0","(00.208013) Error (criu/sk-unix.c:874): unix: External socket is used. Consider using --ext-unix-sk option.",""
S028tcprr.tcp___timer_armed,S,timer_armed,tcp_est,none,none,0,normal,1,1,na,13604,na,na,na,na,na,na,na,dump_fail,"up_s=6421 regs=2032 log_rx=27450 svcs=4 mem_mib=834 memd_kills=0
0","(00.146872) Error (criu/sk-unix.c:874): unix: External socket is used. Consider using --ext-unix-sk option.",""
S028tcprr.tcp___db_watch,S,db_watch,tcp_est,none,none,0,normal,1,1,na,136,na,na,na,na,na,na,na,dump_fail,"up_s=6430 regs=2036 log_rx=27500 svcs=4 mem_mib=834 memd_kills=0
0","(00.152076) Error (criu/fsnotify.c:284): fsnotify: 	Can't dump that handle",""
S028tcprr.tcp___ready,S,ready,tcp_est,none,none,0,normal,1,1,na,136,na,na,na,na,na,na,na,dump_fail,"up_s=6441 regs=2040 log_rx=27500 svcs=4 mem_mib=834 memd_kills=0
0","(00.164069) Error (criu/fsnotify.c:284): fsnotify: 	Can't dump that handle",""
S028tcprr.tcp___steady,S,steady,tcp_est,none,none,0,normal,1,1,na,136,na,na,na,na,na,na,na,dump_fail,"up_s=6451 regs=2044 log_rx=27550 svcs=4 mem_mib=834 memd_kills=0
0","(00.147124) Error (criu/fsnotify.c:284): fsnotify: 	Can't dump that handle",""
S029tcprr.file__init,S,init,filelocks,none,none,0,normal,1,0,0,284,na,na,na,na,na,resumed_to_ready,na,ok,"up_s=6461 regs=2048 log_rx=27600 svcs=4 mem_mib=835 memd_kills=0
0","",""
S029tcprr.file__db_open,S,db_open,filelocks,none,none,0,normal,1,0,0,284,na,na,na,na,na,resumed_to_ready,na,ok,"up_s=6471 regs=2052 log_rx=27650 svcs=4 mem_mib=835 memd_kills=0
0","",""
S029tcprr.file__db_read,S,db_read,filelocks,none,none,0,normal,1,0,0,1304,na,na,na,na,na,resumed_to_ready,na,ok,"up_s=6481 regs=2056 log_rx=27700 svcs=4 mem_mib=835 memd_kills=0
0","",""
S029tcprr.file__db_read_p25,S,db_read_p25,filelocks,none,none,0,normal,1,0,0,1304,na,na,na,na,na,resumed_to_ready,na,ok,"up_s=6490 regs=2060 log_rx=27750 svcs=4 mem_mib=835 memd_kills=0
0","",""
S029tcprr.file__db_read_p50,S,db_read_p50,filelocks,none,none,0,normal,1,0,0,1304,na,na,na,na,na,resumed_to_ready,na,ok,"up_s=6500 regs=2064 log_rx=27750 svcs=4 mem_mib=835 memd_kills=0
0","",""
S029tcprr.file__db_read_p75,S,db_read_p75,filelocks,none,none,0,normal,1,0,0,1304,na,na,na,na,na,resumed_to_ready,na,ok,"up_s=6510 regs=2068 log_rx=27800 svcs=4 mem_mib=835 memd_kills=0
0","",""
S029tcprr.file__db_parse,S,db_parse,filelocks,none,none,0,normal,1,0,0,1304,na,na,na,na,na,resumed_to_ready,na,ok,"up_s=6520 regs=2072 log_rx=27850 svcs=4 mem_mib=835 memd_kills=0
0","",""
S029tcprr.file__db_parse_p25,S,db_parse_p25,filelocks,none,none,0,normal,1,0,0,1304,na,na,na,na,na,resumed_to_ready,na,ok,"up_s=6530 regs=2076 log_rx=27900 svcs=4 mem_mib=835 memd_kills=0
0","",""
S029tcprr.file__db_parse_p50,S,db_parse_p50,filelocks,none,none,0,normal,1,0,0,1304,na,na,na,na,na,resumed_to_ready,na,ok,"up_s=6539 regs=2080 log_rx=27950 svcs=4 mem_mib=835 memd_kills=0
0","",""
S029tcprr.file__db_parse_p75,S,db_parse_p75,filelocks,none,none,0,normal,1,0,0,1304,na,na,na,na,na,resumed_to_ready,na,ok,"up_s=6549 regs=2084 log_rx=28000 svcs=4 mem_mib=835 memd_kills=0
0","",""
S029tcprr.file__epg_index,S,epg_index,filelocks,none,none,0,normal,1,0,0,13596,na,na,na,na,na,resumed_to_ready,na,ok,"up_s=6559 regs=2088 log_rx=28050 svcs=4 mem_mib=835 memd_kills=0
0","",""
S029tcprr.file__epg_index_p25,S,epg_index_p25,filelocks,none,none,0,normal,1,0,0,4384,na,na,na,na,na,resumed_to_ready,na,ok,"up_s=6569 regs=2092 log_rx=28050 svcs=4 mem_mib=835 memd_kills=0
0","",""
S029tcprr.file__epg_index_p50,S,epg_index_p50,filelocks,none,none,0,normal,1,0,0,7456,na,na,na,na,na,resumed_to_ready,na,ok,"up_s=6579 regs=2096 log_rx=28100 svcs=4 mem_mib=835 memd_kills=0
0","",""
S029tcprr.file__epg_index_p75,S,epg_index_p75,filelocks,none,none,0,normal,1,0,0,10528,na,na,na,na,na,resumed_to_ready,na,ok,"up_s=6589 regs=2100 log_rx=28150 svcs=4 mem_mib=835 memd_kills=0
0","",""
S029tcprr.file__epg_text,S,epg_text,filelocks,none,none,0,normal,1,0,0,13596,na,na,na,na,na,resumed_to_ready,na,ok,"up_s=6599 regs=2104 log_rx=28200 svcs=4 mem_mib=835 memd_kills=0
0","",""
S029tcprr.file__epg_reserve,S,epg_reserve,filelocks,none,none,0,normal,1,0,0,13596,na,na,na,na,na,resumed_to_ready,na,ok,"up_s=6608 regs=2108 log_rx=28250 svcs=4 mem_mib=835 memd_kills=0
0","",""
S029tcprr.file__hub_conn1,S,hub_conn1,filelocks,none,none,0,normal,1,1,na,13592,na,na,na,na,na,na,na,dump_fail,"up_s=6615 regs=2110 log_rx=28250 svcs=4 mem_mib=835 memd_kills=0
0","(00.126903) Error (criu/sk-unix.c:874): unix: External socket is used. Consider using --ext-unix-sk option.",""
S029tcprr.file__hub_conn2,S,hub_conn2,filelocks,none,none,0,normal,1,1,na,13596,na,na,na,na,na,na,na,dump_fail,"up_s=6622 regs=2113 log_rx=28300 svcs=4 mem_mib=835 memd_kills=0
0","(00.126009) Error (criu/sk-unix.c:874): unix: External socket is used. Consider using --ext-unix-sk option.",""
S029tcprr.file__hub_conn3,S,hub_conn3,filelocks,none,none,0,normal,1,1,na,13596,na,na,na,na,na,na,na,dump_fail,"up_s=6630 regs=2117 log_rx=28350 svcs=4 mem_mib=835 memd_kills=0
0","(00.112897) Error (criu/sk-unix.c:874): unix: External socket is used. Consider using --ext-unix-sk option.",""
S029tcprr.file__hub_conn4,S,hub_conn4,filelocks,none,none,0,normal,1,1,na,13596,na,na,na,na,na,na,na,dump_fail,"up_s=6638 regs=2121 log_rx=28350 svcs=4 mem_mib=835 memd_kills=0
0","(00.133631) Error (criu/sk-unix.c:874): unix: External socket is used. Consider using --ext-unix-sk option.",""
S029tcprr.file__hub_subscribed,S,hub_subscribed,filelocks,none,none,0,normal,1,1,na,13596,na,na,na,na,na,na,na,dump_fail,"up_s=6646 regs=2125 log_rx=28400 svcs=4 mem_mib=835 memd_kills=0
0","(00.144285) Error (criu/sk-unix.c:874): unix: External socket is used. Consider using --ext-unix-sk option.",""
S029tcprr.file__tcp_conn,S,tcp_conn,filelocks,none,none,0,normal,1,1,na,52,na,na,na,na,na,na,na,dump_fail,"up_s=6655 regs=2129 log_rx=28450 svcs=4 mem_mib=835 memd_kills=0
0","(00.098571) Error (criu/sk-inet.c:200): inet: Connected TCP socket; consider using --tcp-established option.",""
S029tcprr.file__timer_armed,S,timer_armed,filelocks,none,none,0,normal,1,1,na,52,na,na,na,na,na,na,na,dump_fail,"up_s=6664 regs=2133 log_rx=28500 svcs=4 mem_mib=835 memd_kills=0
0","(00.119869) Error (criu/sk-inet.c:200): inet: Connected TCP socket; consider using --tcp-established option.",""
S029tcprr.file__db_watch,S,db_watch,filelocks,none,none,0,normal,1,1,na,52,na,na,na,na,na,na,na,dump_fail,"up_s=6674 regs=2137 log_rx=28500 svcs=4 mem_mib=835 memd_kills=0
0","(00.106619) Error (criu/sk-inet.c:200): inet: Connected TCP socket; consider using --tcp-established option.",""
S029tcprr.file__ready,S,ready,filelocks,none,none,0,normal,1,1,na,52,na,na,na,na,na,na,na,dump_fail,"up_s=6684 regs=2141 log_rx=28550 svcs=4 mem_mib=835 memd_kills=0
0","(00.118656) Error (criu/sk-inet.c:200): inet: Connected TCP socket; consider using --tcp-established option.",""
S029tcprr.file__steady,S,steady,filelocks,none,none,0,normal,1,1,na,52,na,na,na,na,na,na,na,dump_fail,"up_s=6694 regs=2145 log_rx=28600 svcs=4 mem_mib=835 memd_kills=0
0","(00.124969) Error (criu/sk-inet.c:200): inet: Connected TCP socket; consider using --tcp-established option.",""
S030tcprr.perm__init,S,init,permissive,none,none,0,normal,1,0,0,284,na,na,na,na,na,resumed_to_ready,na,ok,"up_s=6704 regs=2149 log_rx=28650 svcs=4 mem_mib=835 memd_kills=0
0","",""
S030tcprr.perm__db_open,S,db_open,permissive,none,none,0,normal,1,0,0,284,na,na,na,na,na,resumed_to_ready,na,ok,"up_s=6714 regs=2153 log_rx=28700 svcs=4 mem_mib=835 memd_kills=0
0","",""
S030tcprr.perm__db_read,S,db_read,permissive,none,none,0,normal,1,0,0,1300,na,na,na,na,na,resumed_to_ready,na,ok,"up_s=6724 regs=2157 log_rx=28750 svcs=4 mem_mib=835 memd_kills=0
0","",""
S030tcprr.perm__db_read_p25,S,db_read_p25,permissive,none,none,0,normal,1,0,0,1304,na,na,na,na,na,resumed_to_ready,na,ok,"up_s=6734 regs=2161 log_rx=28750 svcs=4 mem_mib=835 memd_kills=0
0","",""
S030tcprr.perm__db_read_p50,S,db_read_p50,permissive,none,none,0,normal,1,0,0,1300,na,na,na,na,na,resumed_to_ready,na,ok,"up_s=6743 regs=2165 log_rx=28800 svcs=4 mem_mib=835 memd_kills=0
0","",""
S030tcprr.perm__db_read_p75,S,db_read_p75,permissive,none,none,0,normal,1,0,0,1304,na,na,na,na,na,resumed_to_ready,na,ok,"up_s=6753 regs=2169 log_rx=28850 svcs=4 mem_mib=835 memd_kills=0
0","",""
S030tcprr.perm__db_parse,S,db_parse,permissive,none,none,0,normal,1,0,0,1304,na,na,na,na,na,resumed_to_ready,na,ok,"up_s=6763 regs=2173 log_rx=28900 svcs=4 mem_mib=835 memd_kills=0
0","",""
S030tcprr.perm__db_parse_p25,S,db_parse_p25,permissive,none,none,0,normal,1,0,0,1304,na,na,na,na,na,resumed_to_ready,na,ok,"up_s=6773 regs=2177 log_rx=28950 svcs=4 mem_mib=836 memd_kills=0
0","",""
S030tcprr.perm__db_parse_p50,S,db_parse_p50,permissive,none,none,0,normal,1,0,0,1304,na,na,na,na,na,resumed_to_ready,na,ok,"up_s=6783 regs=2181 log_rx=29000 svcs=4 mem_mib=836 memd_kills=0
0","",""
S030tcprr.perm__db_parse_p75,S,db_parse_p75,permissive,none,none,0,normal,1,0,0,1300,na,na,na,na,na,resumed_to_ready,na,ok,"up_s=6792 regs=2185 log_rx=29000 svcs=4 mem_mib=836 memd_kills=0
0","",""
S030tcprr.perm__epg_index,S,epg_index,permissive,none,none,0,normal,1,0,0,13596,na,na,na,na,na,resumed_to_ready,na,ok,"up_s=6802 regs=2189 log_rx=29050 svcs=4 mem_mib=836 memd_kills=0
0","",""
S030tcprr.perm__epg_index_p25,S,epg_index_p25,permissive,none,none,0,normal,1,0,0,4384,na,na,na,na,na,resumed_to_ready,na,ok,"up_s=6812 regs=2193 log_rx=29100 svcs=4 mem_mib=836 memd_kills=0
0","",""
S030tcprr.perm__epg_index_p50,S,epg_index_p50,permissive,none,none,0,normal,1,0,0,7452,na,na,na,na,na,resumed_to_ready,na,ok,"up_s=6822 regs=2197 log_rx=29150 svcs=4 mem_mib=836 memd_kills=0
0","",""
S030tcprr.perm__epg_index_p75,S,epg_index_p75,permissive,none,none,0,normal,1,0,0,10524,na,na,na,na,na,resumed_to_ready,na,ok,"up_s=6832 regs=2201 log_rx=29200 svcs=4 mem_mib=836 memd_kills=0
0","",""
S030tcprr.perm__epg_text,S,epg_text,permissive,none,none,0,normal,1,0,0,13596,na,na,na,na,na,resumed_to_ready,na,ok,"up_s=6842 regs=2205 log_rx=29250 svcs=4 mem_mib=836 memd_kills=0
0","",""
S030tcprr.perm__epg_reserve,S,epg_reserve,permissive,none,none,0,normal,1,0,0,13596,na,na,na,na,na,resumed_to_ready,na,ok,"up_s=6851 regs=2209 log_rx=29300 svcs=4 mem_mib=836 memd_kills=0
0","",""
S030tcprr.perm__hub_conn1,S,hub_conn1,permissive,none,none,0,normal,1,1,na,13588,na,na,na,na,na,na,na,dump_fail,"up_s=6858 regs=2211 log_rx=29300 svcs=4 mem_mib=836 memd_kills=0
0","(00.130506) Error (criu/sk-unix.c:881): unix: Can't dump half of stream unix connection. name: (null); peer name: ",""
S030tcprr.perm__hub_conn2,S,hub_conn2,permissive,none,none,0,normal,1,1,na,13596,na,na,na,na,na,na,na,dump_fail,"up_s=6865 regs=2214 log_rx=29350 svcs=4 mem_mib=836 memd_kills=0
0","(00.128898) Error (criu/sk-unix.c:881): unix: Can't dump half of stream unix connection. name: (null); peer name: ",""
S030tcprr.perm__hub_conn3,S,hub_conn3,permissive,none,none,0,normal,1,1,na,13596,na,na,na,na,na,na,na,dump_fail,"up_s=6873 regs=2218 log_rx=29350 svcs=4 mem_mib=836 memd_kills=0
0","(00.151401) Error (criu/sk-unix.c:881): unix: Can't dump half of stream unix connection. name: (null); peer name: ",""
S030tcprr.perm__hub_conn4,S,hub_conn4,permissive,none,none,0,normal,1,1,na,13596,na,na,na,na,na,na,na,dump_fail,"up_s=6881 regs=2222 log_rx=29400 svcs=4 mem_mib=836 memd_kills=0
0","(00.124778) Error (criu/sk-unix.c:881): unix: Can't dump half of stream unix connection. name: (null); peer name: ",""
S030tcprr.perm__hub_subscribed,S,hub_subscribed,permissive,none,none,0,normal,1,1,na,13596,na,na,na,na,na,na,na,dump_fail,"up_s=6890 regs=2226 log_rx=29450 svcs=4 mem_mib=836 memd_kills=0
0","(00.121099) Error (criu/sk-unix.c:881): unix: Can't dump half of stream unix connection. name: (null); peer name: ",""
S030tcprr.perm__tcp_conn,S,tcp_conn,permissive,none,none,0,normal,1,1,na,13604,na,na,na,na,na,na,na,dump_fail,"up_s=6898 regs=2230 log_rx=29500 svcs=4 mem_mib=836 memd_kills=0
0","(00.153249) Error (criu/sk-unix.c:881): unix: Can't dump half of stream unix connection. name: (null); peer name: ",""
S030tcprr.perm__timer_armed,S,timer_armed,permissive,none,none,0,normal,1,1,na,13604,na,na,na,na,na,na,na,dump_fail,"up_s=6908 regs=2234 log_rx=29500 svcs=4 mem_mib=836 memd_kills=0
0","(00.149940) Error (criu/sk-unix.c:881): unix: Can't dump half of stream unix connection. name: (null); peer name: ",""
S030tcprr.perm__db_watch,S,db_watch,permissive,none,none,0,normal,1,1,na,136,na,na,na,na,na,na,na,dump_fail,"up_s=6917 regs=2238 log_rx=29550 svcs=4 mem_mib=836 memd_kills=0
0","(00.103667) Error (criu/fsnotify.c:284): fsnotify: 	Can't dump that handle",""
S030tcprr.perm__ready,S,ready,permissive,none,none,0,normal,1,1,na,136,na,na,na,na,na,na,na,dump_fail,"up_s=6927 regs=2242 log_rx=29600 svcs=4 mem_mib=836 memd_kills=0
0","(00.130714) Error (criu/fsnotify.c:284): fsnotify: 	Can't dump that handle",""
S030tcprr.perm__steady,S,steady,permissive,none,none,0,normal,1,1,na,136,na,na,na,na,na,na,na,dump_fail,"up_s=6938 regs=2246 log_rx=29650 svcs=4 mem_mib=836 memd_kills=0
0","(00.134703) Error (criu/fsnotify.c:284): fsnotify: 	Can't dump that handle",""
S031tcpst.stri__init,S,init,strict,none,none,0,normal,1,0,0,284,na,na,na,na,na,resumed_to_ready,na,ok,"up_s=6948 regs=2250 log_rx=29700 svcs=4 mem_mib=836 memd_kills=0
0","",""
S031tcpst.stri__db_open,S,db_open,strict,none,none,0,normal,1,0,0,284,na,na,na,na,na,resumed_to_ready,na,ok,"up_s=6958 regs=2254 log_rx=29750 svcs=4 mem_mib=836 memd_kills=0
0","",""
S031tcpst.stri__db_read,S,db_read,strict,none,none,0,normal,1,0,0,1304,na,na,na,na,na,resumed_to_ready,na,ok,"up_s=6967 regs=2258 log_rx=29750 svcs=4 mem_mib=836 memd_kills=0
0","",""
S031tcpst.stri__db_read_p25,S,db_read_p25,strict,none,none,0,normal,1,0,0,1304,na,na,na,na,na,resumed_to_ready,na,ok,"up_s=6977 regs=2262 log_rx=29800 svcs=4 mem_mib=836 memd_kills=0
0","",""
S031tcpst.stri__db_read_p50,S,db_read_p50,strict,none,none,0,normal,1,0,0,1304,na,na,na,na,na,resumed_to_ready,na,ok,"up_s=6987 regs=2266 log_rx=29850 svcs=4 mem_mib=836 memd_kills=0
0","",""
S031tcpst.stri__db_read_p75,S,db_read_p75,strict,none,none,0,normal,1,0,0,1304,na,na,na,na,na,resumed_to_ready,na,ok,"up_s=6997 regs=2270 log_rx=29900 svcs=4 mem_mib=836 memd_kills=0
0","",""
S031tcpst.stri__db_parse,S,db_parse,strict,none,none,0,normal,1,0,0,1304,na,na,na,na,na,resumed_to_ready,na,ok,"up_s=7007 regs=2274 log_rx=29950 svcs=4 mem_mib=836 memd_kills=0
0","",""
S031tcpst.stri__db_parse_p25,S,db_parse_p25,strict,none,none,0,normal,1,0,0,1304,na,na,na,na,na,resumed_to_ready,na,ok,"up_s=7016 regs=2278 log_rx=30000 svcs=4 mem_mib=836 memd_kills=0
0","",""
S031tcpst.stri__db_parse_p50,S,db_parse_p50,strict,none,none,0,normal,1,0,0,1304,na,na,na,na,na,resumed_to_ready,na,ok,"up_s=7026 regs=2282 log_rx=30000 svcs=4 mem_mib=836 memd_kills=0
0","",""
S031tcpst.stri__db_parse_p75,S,db_parse_p75,strict,none,none,0,normal,1,0,0,1304,na,na,na,na,na,resumed_to_ready,na,ok,"up_s=7036 regs=2286 log_rx=30050 svcs=4 mem_mib=836 memd_kills=0
0","",""
S031tcpst.stri__epg_index,S,epg_index,strict,none,none,0,normal,1,0,0,13596,na,na,na,na,na,resumed_to_ready,na,ok,"up_s=7046 regs=2290 log_rx=30100 svcs=4 mem_mib=836 memd_kills=0
0","",""
S031tcpst.stri__epg_index_p25,S,epg_index_p25,strict,none,none,0,normal,1,0,0,4384,na,na,na,na,na,resumed_to_ready,na,ok,"up_s=7056 regs=2294 log_rx=30150 svcs=4 mem_mib=836 memd_kills=0
0","",""
S031tcpst.stri__epg_index_p50,S,epg_index_p50,strict,none,none,0,normal,1,0,0,7456,na,na,na,na,na,resumed_to_ready,na,ok,"up_s=7066 regs=2298 log_rx=30200 svcs=4 mem_mib=837 memd_kills=0
0","",""
S031tcpst.stri__epg_index_p75,S,epg_index_p75,strict,none,none,0,normal,1,0,0,10528,na,na,na,na,na,resumed_to_ready,na,ok,"up_s=7075 regs=2302 log_rx=30250 svcs=4 mem_mib=837 memd_kills=0
0","",""
S031tcpst.stri__epg_text,S,epg_text,strict,none,none,0,normal,1,0,0,13596,na,na,na,na,na,resumed_to_ready,na,ok,"up_s=7085 regs=2306 log_rx=30250 svcs=4 mem_mib=836 memd_kills=0
0","",""
S031tcpst.stri__epg_reserve,S,epg_reserve,strict,none,none,0,normal,1,0,0,13596,na,na,na,na,na,resumed_to_ready,na,ok,"up_s=7095 regs=2310 log_rx=30300 svcs=4 mem_mib=837 memd_kills=0
0","",""
S031tcpst.stri__hub_conn1,S,hub_conn1,strict,none,none,0,normal,1,1,na,13592,na,na,na,na,na,na,na,dump_fail,"up_s=7102 regs=2312 log_rx=30350 svcs=4 mem_mib=836 memd_kills=0
0","(00.121809) Error (criu/sk-unix.c:874): unix: External socket is used. Consider using --ext-unix-sk option.",""
S031tcpst.stri__hub_conn2,S,hub_conn2,strict,none,none,0,normal,1,1,na,13596,na,na,na,na,na,na,na,dump_fail,"up_s=7109 regs=2315 log_rx=30400 svcs=4 mem_mib=836 memd_kills=0
0","(00.127097) Error (criu/sk-unix.c:874): unix: External socket is used. Consider using --ext-unix-sk option.",""
S031tcpst.stri__hub_conn3,S,hub_conn3,strict,none,none,0,normal,1,1,na,13596,na,na,na,na,na,na,na,dump_fail,"up_s=7117 regs=2319 log_rx=30400 svcs=4 mem_mib=836 memd_kills=0
0","(00.135155) Error (criu/sk-unix.c:874): unix: External socket is used. Consider using --ext-unix-sk option.",""
S031tcpst.stri__hub_conn4,S,hub_conn4,strict,none,none,0,normal,1,1,na,13596,na,na,na,na,na,na,na,dump_fail,"up_s=7125 regs=2323 log_rx=30450 svcs=4 mem_mib=836 memd_kills=0
0","(00.134676) Error (criu/sk-unix.c:874): unix: External socket is used. Consider using --ext-unix-sk option.",""
S031tcpst.stri__hub_subscribed,S,hub_subscribed,strict,none,none,0,normal,1,1,na,13596,na,na,na,na,na,na,na,dump_fail,"up_s=7133 regs=2327 log_rx=30500 svcs=4 mem_mib=836 memd_kills=0
0","(00.121558) Error (criu/sk-unix.c:874): unix: External socket is used. Consider using --ext-unix-sk option.",""
S031tcpst.stri__tcp_conn,S,tcp_conn,strict,none,none,0,normal,1,1,na,52,na,na,na,na,na,na,na,dump_fail,"up_s=7142 regs=2331 log_rx=30500 svcs=4 mem_mib=836 memd_kills=0
0","(00.103713) Error (criu/sk-inet.c:200): inet: Connected TCP socket; consider using --tcp-established option.",""
S031tcpst.stri__timer_armed,S,timer_armed,strict,none,none,0,normal,1,1,na,52,na,na,na,na,na,na,na,dump_fail,"up_s=7151 regs=2335 log_rx=30550 svcs=4 mem_mib=836 memd_kills=0
0","(00.104007) Error (criu/sk-inet.c:200): inet: Connected TCP socket; consider using --tcp-established option.",""
S031tcpst.stri__db_watch,S,db_watch,strict,none,none,0,normal,1,1,na,52,na,na,na,na,na,na,na,dump_fail,"up_s=7161 regs=2339 log_rx=30600 svcs=4 mem_mib=836 memd_kills=0
0","(00.124061) Error (criu/sk-inet.c:200): inet: Connected TCP socket; consider using --tcp-established option.",""
S031tcpst.stri__ready,S,ready,strict,none,none,0,normal,1,1,na,52,na,na,na,na,na,na,na,dump_fail,"up_s=7171 regs=2343 log_rx=30650 svcs=4 mem_mib=836 memd_kills=0
0","(00.119974) Error (criu/sk-inet.c:200): inet: Connected TCP socket; consider using --tcp-established option.",""
S031tcpst.stri__steady,S,steady,strict,none,none,0,normal,1,1,na,52,na,na,na,na,na,na,na,dump_fail,"up_s=7181 regs=2347 log_rx=30700 svcs=4 mem_mib=836 memd_kills=0
0","(00.115859) Error (criu/sk-inet.c:200): inet: Connected TCP socket; consider using --tcp-established option.",""
S032tcpst.ext___init,S,init,ext_unix,none,none,0,normal,1,0,0,284,na,na,na,na,na,resumed_to_ready,na,ok,"up_s=7191 regs=2351 log_rx=30750 svcs=4 mem_mib=837 memd_kills=0
0","",""
S032tcpst.ext___db_open,S,db_open,ext_unix,none,none,0,normal,1,0,0,280,na,na,na,na,na,resumed_to_ready,na,ok,"up_s=7201 regs=2355 log_rx=30750 svcs=4 mem_mib=837 memd_kills=0
0","",""
S032tcpst.ext___db_read,S,db_read,ext_unix,none,none,0,normal,1,0,0,1304,na,na,na,na,na,resumed_to_ready,na,ok,"up_s=7211 regs=2359 log_rx=30800 svcs=4 mem_mib=837 memd_kills=0
0","",""
S032tcpst.ext___db_read_p25,S,db_read_p25,ext_unix,none,none,0,normal,1,0,0,1304,na,na,na,na,na,resumed_to_ready,na,ok,"up_s=7220 regs=2363 log_rx=30850 svcs=4 mem_mib=837 memd_kills=0
0","",""
S032tcpst.ext___db_read_p50,S,db_read_p50,ext_unix,none,none,0,normal,1,0,0,1304,na,na,na,na,na,resumed_to_ready,na,ok,"up_s=7230 regs=2367 log_rx=30900 svcs=4 mem_mib=837 memd_kills=0
0","",""
S032tcpst.ext___db_read_p75,S,db_read_p75,ext_unix,none,none,0,normal,1,0,0,1304,na,na,na,na,na,resumed_to_ready,na,ok,"up_s=7240 regs=2371 log_rx=30950 svcs=4 mem_mib=837 memd_kills=0
0","",""
S032tcpst.ext___db_parse,S,db_parse,ext_unix,none,none,0,normal,1,0,0,1304,na,na,na,na,na,resumed_to_ready,na,ok,"up_s=7250 regs=2375 log_rx=31000 svcs=4 mem_mib=837 memd_kills=0
0","",""
S032tcpst.ext___db_parse_p25,S,db_parse_p25,ext_unix,none,none,0,normal,1,0,0,1304,na,na,na,na,na,resumed_to_ready,na,ok,"up_s=7260 regs=2379 log_rx=31000 svcs=4 mem_mib=837 memd_kills=0
0","",""
S032tcpst.ext___db_parse_p50,S,db_parse_p50,ext_unix,none,none,0,normal,1,0,0,1304,na,na,na,na,na,resumed_to_ready,na,ok,"up_s=7270 regs=2383 log_rx=31050 svcs=4 mem_mib=837 memd_kills=0
0","",""
S032tcpst.ext___db_parse_p75,S,db_parse_p75,ext_unix,none,none,0,normal,1,0,0,1304,na,na,na,na,na,resumed_to_ready,na,ok,"up_s=7279 regs=2387 log_rx=31100 svcs=4 mem_mib=837 memd_kills=0
0","",""
S032tcpst.ext___epg_index,S,epg_index,ext_unix,none,none,0,normal,1,0,0,13596,na,na,na,na,na,resumed_to_ready,na,ok,"up_s=7289 regs=2391 log_rx=31150 svcs=4 mem_mib=837 memd_kills=0
0","",""
S032tcpst.ext___epg_index_p25,S,epg_index_p25,ext_unix,none,none,0,normal,1,0,0,4384,na,na,na,na,na,resumed_to_ready,na,ok,"up_s=7299 regs=2395 log_rx=31200 svcs=4 mem_mib=837 memd_kills=0
0","",""
S032tcpst.ext___epg_index_p50,S,epg_index_p50,ext_unix,none,none,0,normal,1,0,0,7456,na,na,na,na,na,resumed_to_ready,na,ok,"up_s=7309 regs=2399 log_rx=31250 svcs=4 mem_mib=837 memd_kills=0
0","",""
S032tcpst.ext___epg_index_p75,S,epg_index_p75,ext_unix,none,none,0,normal,1,0,0,10528,na,na,na,na,na,resumed_to_ready,na,ok,"up_s=7319 regs=2403 log_rx=31250 svcs=4 mem_mib=837 memd_kills=0
0","",""
S032tcpst.ext___epg_text,S,epg_text,ext_unix,none,none,0,normal,1,0,0,13596,na,na,na,na,na,resumed_to_ready,na,ok,"up_s=7329 regs=2407 log_rx=31300 svcs=4 mem_mib=837 memd_kills=0
0","",""
S032tcpst.ext___epg_reserve,S,epg_reserve,ext_unix,none,none,0,normal,1,0,0,13596,na,na,na,na,na,resumed_to_ready,na,ok,"up_s=7338 regs=2411 log_rx=31350 svcs=4 mem_mib=837 memd_kills=0
0","",""
S032tcpst.ext___hub_conn1,S,hub_conn1,ext_unix,none,none,0,normal,1,1,na,13596,na,na,na,na,na,na,na,dump_fail,"up_s=7345 regs=2413 log_rx=31400 svcs=4 mem_mib=837 memd_kills=0
0","(00.121098) Error (criu/sk-unix.c:881): unix: Can't dump half of stream unix connection. name: (null); peer name: ",""
S032tcpst.ext___hub_conn2,S,hub_conn2,ext_unix,none,none,0,normal,1,1,na,13596,na,na,na,na,na,na,na,dump_fail,"up_s=7353 regs=2416 log_rx=31400 svcs=4 mem_mib=837 memd_kills=0
0","(00.120329) Error (criu/sk-unix.c:881): unix: Can't dump half of stream unix connection. name: (null); peer name: ",""
S032tcpst.ext___hub_conn3,S,hub_conn3,ext_unix,none,none,0,normal,1,1,na,13596,na,na,na,na,na,na,na,dump_fail,"up_s=7360 regs=2420 log_rx=31450 svcs=4 mem_mib=837 memd_kills=0
0","(00.150164) Error (criu/sk-unix.c:881): unix: Can't dump half of stream unix connection. name: (null); peer name: ",""
S032tcpst.ext___hub_conn4,S,hub_conn4,ext_unix,none,none,0,normal,1,1,na,13596,na,na,na,na,na,na,na,dump_fail,"up_s=7368 regs=2424 log_rx=31500 svcs=4 mem_mib=837 memd_kills=0
0","(00.124568) Error (criu/sk-unix.c:881): unix: Can't dump half of stream unix connection. name: (null); peer name: ",""
S032tcpst.ext___hub_subscribed,S,hub_subscribed,ext_unix,none,none,0,normal,1,1,na,13592,na,na,na,na,na,na,na,dump_fail,"up_s=7377 regs=2428 log_rx=31500 svcs=4 mem_mib=837 memd_kills=0
0","(00.120780) Error (criu/sk-unix.c:881): unix: Can't dump half of stream unix connection. name: (null); peer name: ",""
S032tcpst.ext___tcp_conn,S,tcp_conn,ext_unix,none,none,0,normal,1,1,na,52,na,na,na,na,na,na,na,dump_fail,"up_s=7385 regs=2432 log_rx=31550 svcs=4 mem_mib=837 memd_kills=0
0","(00.121750) Error (criu/sk-inet.c:200): inet: Connected TCP socket; consider using --tcp-established option.",""
S032tcpst.ext___timer_armed,S,timer_armed,ext_unix,none,none,0,normal,1,1,na,52,na,na,na,na,na,na,na,dump_fail,"up_s=7395 regs=2436 log_rx=31600 svcs=4 mem_mib=837 memd_kills=0
0","(00.107877) Error (criu/sk-inet.c:200): inet: Connected TCP socket; consider using --tcp-established option.",""
S032tcpst.ext___db_watch,S,db_watch,ext_unix,none,none,0,normal,1,1,na,52,na,na,na,na,na,na,na,dump_fail,"up_s=7404 regs=2440 log_rx=31650 svcs=4 mem_mib=837 memd_kills=0
0","(00.126551) Error (criu/sk-inet.c:200): inet: Connected TCP socket; consider using --tcp-established option.",""
S032tcpst.ext___ready,S,ready,ext_unix,none,none,0,normal,1,1,na,52,na,na,na,na,na,na,na,dump_fail,"up_s=7414 regs=2444 log_rx=31700 svcs=4 mem_mib=837 memd_kills=0
0","(00.123932) Error (criu/sk-inet.c:200): inet: Connected TCP socket; consider using --tcp-established option.",""
S032tcpst.ext___steady,S,steady,ext_unix,none,none,0,normal,1,1,na,52,na,na,na,na,na,na,na,dump_fail,"up_s=7425 regs=2448 log_rx=31750 svcs=4 mem_mib=837 memd_kills=0
0","(00.096836) Error (criu/sk-inet.c:200): inet: Connected TCP socket; consider using --tcp-established option.",""
S033tcpst.tcp___init,S,init,tcp_est,none,none,0,normal,1,0,0,284,na,na,na,na,na,resumed_to_ready,na,ok,"up_s=7434 regs=2452 log_rx=31750 svcs=4 mem_mib=837 memd_kills=0
0","",""
S033tcpst.tcp___db_open,S,db_open,tcp_est,none,none,0,normal,1,0,0,284,na,na,na,na,na,resumed_to_ready,na,ok,"up_s=7444 regs=2456 log_rx=31800 svcs=4 mem_mib=837 memd_kills=0
0","",""
S033tcpst.tcp___db_read,S,db_read,tcp_est,none,none,0,normal,1,0,0,1304,na,na,na,na,na,resumed_to_ready,na,ok,"up_s=7454 regs=2460 log_rx=31850 svcs=4 mem_mib=837 memd_kills=0
0","",""
S033tcpst.tcp___db_read_p25,S,db_read_p25,tcp_est,none,none,0,normal,1,0,0,1304,na,na,na,na,na,resumed_to_ready,na,ok,"up_s=7464 regs=2464 log_rx=31900 svcs=4 mem_mib=837 memd_kills=0
0","",""
S033tcpst.tcp___db_read_p50,S,db_read_p50,tcp_est,none,none,0,normal,1,0,0,1304,na,na,na,na,na,resumed_to_ready,na,ok,"up_s=7474 regs=2468 log_rx=31950 svcs=4 mem_mib=837 memd_kills=0
0","",""
S033tcpst.tcp___db_read_p75,S,db_read_p75,tcp_est,none,none,0,normal,1,0,0,1300,na,na,na,na,na,resumed_to_ready,na,ok,"up_s=7483 regs=2472 log_rx=32000 svcs=4 mem_mib=838 memd_kills=0
0","",""
S033tcpst.tcp___db_parse,S,db_parse,tcp_est,none,none,0,normal,1,0,0,1304,na,na,na,na,na,resumed_to_ready,na,ok,"up_s=7493 regs=2476 log_rx=32000 svcs=4 mem_mib=838 memd_kills=0
0","",""
S033tcpst.tcp___db_parse_p25,S,db_parse_p25,tcp_est,none,none,0,normal,1,0,0,1304,na,na,na,na,na,resumed_to_ready,na,ok,"up_s=7503 regs=2480 log_rx=32050 svcs=4 mem_mib=838 memd_kills=0
0","",""
S033tcpst.tcp___db_parse_p50,S,db_parse_p50,tcp_est,none,none,0,normal,1,0,0,1304,na,na,na,na,na,resumed_to_ready,na,ok,"up_s=7513 regs=2484 log_rx=32100 svcs=4 mem_mib=838 memd_kills=0
0","",""
S033tcpst.tcp___db_parse_p75,S,db_parse_p75,tcp_est,none,none,0,normal,1,0,0,1304,na,na,na,na,na,resumed_to_ready,na,ok,"up_s=7523 regs=2488 log_rx=32150 svcs=4 mem_mib=838 memd_kills=0
0","",""
S033tcpst.tcp___epg_index,S,epg_index,tcp_est,none,none,0,normal,1,0,0,13596,na,na,na,na,na,resumed_to_ready,na,ok,"up_s=7533 regs=2492 log_rx=32200 svcs=4 mem_mib=838 memd_kills=0
0","",""
S033tcpst.tcp___epg_index_p25,S,epg_index_p25,tcp_est,none,none,0,normal,1,0,0,4384,na,na,na,na,na,resumed_to_ready,na,ok,"up_s=7542 regs=2496 log_rx=32250 svcs=4 mem_mib=838 memd_kills=0
0","",""
S033tcpst.tcp___epg_index_p50,S,epg_index_p50,tcp_est,none,none,0,normal,1,0,0,7456,na,na,na,na,na,resumed_to_ready,na,ok,"up_s=7552 regs=2500 log_rx=32250 svcs=4 mem_mib=838 memd_kills=0
0","",""
S033tcpst.tcp___epg_index_p75,S,epg_index_p75,tcp_est,none,none,0,normal,1,0,0,10528,na,na,na,na,na,resumed_to_ready,na,ok,"up_s=7562 regs=2504 log_rx=32300 svcs=4 mem_mib=838 memd_kills=0
0","",""
S033tcpst.tcp___epg_text,S,epg_text,tcp_est,none,none,0,normal,1,0,0,13596,na,na,na,na,na,resumed_to_ready,na,ok,"up_s=7572 regs=2508 log_rx=32350 svcs=4 mem_mib=838 memd_kills=0
0","",""
S033tcpst.tcp___epg_reserve,S,epg_reserve,tcp_est,none,none,0,normal,1,0,0,13596,na,na,na,na,na,resumed_to_ready,na,ok,"up_s=7582 regs=2512 log_rx=32400 svcs=4 mem_mib=838 memd_kills=0
0","",""
S033tcpst.tcp___hub_conn1,S,hub_conn1,tcp_est,none,none,0,normal,1,1,na,13596,na,na,na,na,na,na,na,dump_fail,"up_s=7589 regs=2514 log_rx=32450 svcs=4 mem_mib=838 memd_kills=0
0","(00.116338) Error (criu/sk-unix.c:874): unix: External socket is used. Consider using --ext-unix-sk option.",""
S033tcpst.tcp___hub_conn2,S,hub_conn2,tcp_est,none,none,0,normal,1,1,na,13596,na,na,na,na,na,na,na,dump_fail,"up_s=7596 regs=2517 log_rx=32450 svcs=4 mem_mib=838 memd_kills=0
0","(00.109198) Error (criu/sk-unix.c:874): unix: External socket is used. Consider using --ext-unix-sk option.",""
S033tcpst.tcp___hub_conn3,S,hub_conn3,tcp_est,none,none,0,normal,1,1,na,13596,na,na,na,na,na,na,na,dump_fail,"up_s=7603 regs=2521 log_rx=32500 svcs=4 mem_mib=838 memd_kills=0
0","(00.121697) Error (criu/sk-unix.c:874): unix: External socket is used. Consider using --ext-unix-sk option.",""
S033tcpst.tcp___hub_conn4,S,hub_conn4,tcp_est,none,none,0,normal,1,1,na,13596,na,na,na,na,na,na,na,dump_fail,"up_s=7611 regs=2525 log_rx=32500 svcs=4 mem_mib=838 memd_kills=0
0","(00.116172) Error (criu/sk-unix.c:874): unix: External socket is used. Consider using --ext-unix-sk option.",""
S033tcpst.tcp___hub_subscribed,S,hub_subscribed,tcp_est,none,none,0,normal,1,1,na,13596,na,na,na,na,na,na,na,dump_fail,"up_s=7620 regs=2529 log_rx=32550 svcs=4 mem_mib=838 memd_kills=0
0","(00.120752) Error (criu/sk-unix.c:874): unix: External socket is used. Consider using --ext-unix-sk option.",""
S033tcpst.tcp___tcp_conn,S,tcp_conn,tcp_est,none,none,0,normal,1,1,na,13600,na,na,na,na,na,na,na,dump_fail,"up_s=7629 regs=2533 log_rx=32600 svcs=4 mem_mib=838 memd_kills=0
0","(00.130133) Error (criu/sk-unix.c:874): unix: External socket is used. Consider using --ext-unix-sk option.",""
S033tcpst.tcp___timer_armed,S,timer_armed,tcp_est,none,none,0,normal,1,1,na,13600,na,na,na,na,na,na,na,dump_fail,"up_s=7638 regs=2537 log_rx=32650 svcs=4 mem_mib=838 memd_kills=0
0","(00.118949) Error (criu/sk-unix.c:874): unix: External socket is used. Consider using --ext-unix-sk option.",""
S033tcpst.tcp___db_watch,S,db_watch,tcp_est,none,none,0,normal,1,1,na,136,na,na,na,na,na,na,na,dump_fail,"up_s=7648 regs=2541 log_rx=32700 svcs=4 mem_mib=838 memd_kills=0
0","(00.140819) Error (criu/fsnotify.c:284): fsnotify: 	Can't dump that handle",""
S033tcpst.tcp___ready,S,ready,tcp_est,none,none,0,normal,1,1,na,136,na,na,na,na,na,na,na,dump_fail,"up_s=7658 regs=2545 log_rx=32700 svcs=4 mem_mib=838 memd_kills=0
0","(00.135577) Error (criu/fsnotify.c:284): fsnotify: 	Can't dump that handle",""
S033tcpst.tcp___steady,S,steady,tcp_est,none,none,0,normal,1,1,na,136,na,na,na,na,na,na,na,dump_fail,"up_s=7668 regs=2549 log_rx=32750 svcs=4 mem_mib=838 memd_kills=0
0","(00.146215) Error (criu/fsnotify.c:284): fsnotify: 	Can't dump that handle",""
S034tcpst.file__init,S,init,filelocks,none,none,0,normal,1,0,0,284,na,na,na,na,na,resumed_to_ready,na,ok,"up_s=7678 regs=2553 log_rx=32800 svcs=4 mem_mib=838 memd_kills=0
0","",""
S034tcpst.file__db_open,S,db_open,filelocks,none,none,0,normal,1,0,0,284,na,na,na,na,na,resumed_to_ready,na,ok,"up_s=7688 regs=2557 log_rx=32850 svcs=4 mem_mib=838 memd_kills=0
0","",""
S034tcpst.file__db_read,S,db_read,filelocks,none,none,0,normal,1,0,0,1304,na,na,na,na,na,resumed_to_ready,na,ok,"up_s=7698 regs=2561 log_rx=32900 svcs=4 mem_mib=838 memd_kills=0
0","",""
S034tcpst.file__db_read_p25,S,db_read_p25,filelocks,none,none,0,normal,1,0,0,1304,na,na,na,na,na,resumed_to_ready,na,ok,"up_s=7708 regs=2565 log_rx=32950 svcs=4 mem_mib=838 memd_kills=0
0","",""
S034tcpst.file__db_read_p50,S,db_read_p50,filelocks,none,none,0,normal,1,0,0,1304,na,na,na,na,na,resumed_to_ready,na,ok,"up_s=7717 regs=2569 log_rx=33000 svcs=4 mem_mib=838 memd_kills=0
0","",""
S034tcpst.file__db_read_p75,S,db_read_p75,filelocks,none,none,0,normal,1,0,0,1304,na,na,na,na,na,resumed_to_ready,na,ok,"up_s=7727 regs=2573 log_rx=33000 svcs=4 mem_mib=838 memd_kills=0
0","",""
S034tcpst.file__db_parse,S,db_parse,filelocks,none,none,0,normal,1,0,0,1304,na,na,na,na,na,resumed_to_ready,na,ok,"up_s=7737 regs=2577 log_rx=33050 svcs=4 mem_mib=838 memd_kills=0
0","",""
S034tcpst.file__db_parse_p25,S,db_parse_p25,filelocks,none,none,0,normal,1,0,0,1304,na,na,na,na,na,resumed_to_ready,na,ok,"up_s=7747 regs=2581 log_rx=33100 svcs=4 mem_mib=838 memd_kills=0
0","",""
S034tcpst.file__db_parse_p50,S,db_parse_p50,filelocks,none,none,0,normal,1,0,0,1304,na,na,na,na,na,resumed_to_ready,na,ok,"up_s=7757 regs=2585 log_rx=33150 svcs=4 mem_mib=838 memd_kills=0
0","",""
S034tcpst.file__db_parse_p75,S,db_parse_p75,filelocks,none,none,0,normal,1,0,0,1304,na,na,na,na,na,resumed_to_ready,na,ok,"up_s=7766 regs=2589 log_rx=33200 svcs=4 mem_mib=838 memd_kills=0
0","",""
S034tcpst.file__epg_index,S,epg_index,filelocks,none,none,0,normal,1,0,0,13592,na,na,na,na,na,resumed_to_ready,na,ok,"up_s=7776 regs=2593 log_rx=33250 svcs=4 mem_mib=838 memd_kills=0
0","",""
S034tcpst.file__epg_index_p25,S,epg_index_p25,filelocks,none,none,0,normal,1,0,0,4384,na,na,na,na,na,resumed_to_ready,na,ok,"up_s=7786 regs=2597 log_rx=33250 svcs=4 mem_mib=839 memd_kills=0
0","",""
S034tcpst.file__epg_index_p50,S,epg_index_p50,filelocks,none,none,0,normal,1,0,0,7456,na,na,na,na,na,resumed_to_ready,na,ok,"up_s=7796 regs=2601 log_rx=33300 svcs=4 mem_mib=839 memd_kills=0
0","",""
S034tcpst.file__epg_index_p75,S,epg_index_p75,filelocks,none,none,0,normal,1,0,0,10528,na,na,na,na,na,resumed_to_ready,na,ok,"up_s=7806 regs=2605 log_rx=33350 svcs=4 mem_mib=839 memd_kills=0
0","",""
S034tcpst.file__epg_text,S,epg_text,filelocks,none,none,0,normal,1,0,0,13596,na,na,na,na,na,resumed_to_ready,na,ok,"up_s=7816 regs=2609 log_rx=33400 svcs=4 mem_mib=839 memd_kills=0
0","",""
S034tcpst.file__epg_reserve,S,epg_reserve,filelocks,none,none,0,normal,1,0,0,13596,na,na,na,na,na,resumed_to_ready,na,ok,"up_s=7825 regs=2613 log_rx=33450 svcs=4 mem_mib=839 memd_kills=0
0","",""
S034tcpst.file__hub_conn1,S,hub_conn1,filelocks,none,none,0,normal,1,1,na,13596,na,na,na,na,na,na,na,dump_fail,"up_s=7832 regs=2615 log_rx=33450 svcs=4 mem_mib=839 memd_kills=0
0","(00.123222) Error (criu/sk-unix.c:874): unix: External socket is used. Consider using --ext-unix-sk option.",""
S034tcpst.file__hub_conn2,S,hub_conn2,filelocks,none,none,0,normal,1,1,na,13592,na,na,na,na,na,na,na,dump_fail,"up_s=7839 regs=2618 log_rx=33500 svcs=4 mem_mib=839 memd_kills=0
0","(00.138056) Error (criu/sk-unix.c:874): unix: External socket is used. Consider using --ext-unix-sk option.",""
S034tcpst.file__hub_conn3,S,hub_conn3,filelocks,none,none,0,normal,1,1,na,13592,na,na,na,na,na,na,na,dump_fail,"up_s=7847 regs=2622 log_rx=33550 svcs=4 mem_mib=839 memd_kills=0
0","(00.143155) Error (criu/sk-unix.c:874): unix: External socket is used. Consider using --ext-unix-sk option.",""
S034tcpst.file__hub_conn4,S,hub_conn4,filelocks,none,none,0,normal,1,1,na,13596,na,na,na,na,na,na,na,dump_fail,"up_s=7855 regs=2626 log_rx=33550 svcs=4 mem_mib=839 memd_kills=0
0","(00.117133) Error (criu/sk-unix.c:874): unix: External socket is used. Consider using --ext-unix-sk option.",""
S034tcpst.file__hub_subscribed,S,hub_subscribed,filelocks,none,none,0,normal,1,1,na,13596,na,na,na,na,na,na,na,dump_fail,"up_s=7863 regs=2630 log_rx=33600 svcs=4 mem_mib=839 memd_kills=0
0","(00.124018) Error (criu/sk-unix.c:874): unix: External socket is used. Consider using --ext-unix-sk option.",""
S034tcpst.file__tcp_conn,S,tcp_conn,filelocks,none,none,0,normal,1,1,na,52,na,na,na,na,na,na,na,dump_fail,"up_s=7872 regs=2634 log_rx=33650 svcs=4 mem_mib=839 memd_kills=0
0","(00.129749) Error (criu/sk-inet.c:200): inet: Connected TCP socket; consider using --tcp-established option.",""
S034tcpst.file__timer_armed,S,timer_armed,filelocks,none,none,0,normal,1,1,na,52,na,na,na,na,na,na,na,dump_fail,"up_s=7881 regs=2638 log_rx=33700 svcs=4 mem_mib=839 memd_kills=0
0","(00.119672) Error (criu/sk-inet.c:200): inet: Connected TCP socket; consider using --tcp-established option.",""
S034tcpst.file__db_watch,S,db_watch,filelocks,none,none,0,normal,1,1,na,52,na,na,na,na,na,na,na,dump_fail,"up_s=7891 regs=2642 log_rx=33700 svcs=4 mem_mib=839 memd_kills=0
0","(00.110070) Error (criu/sk-inet.c:200): inet: Connected TCP socket; consider using --tcp-established option.",""
S034tcpst.file__ready,S,ready,filelocks,none,none,0,normal,1,1,na,52,na,na,na,na,na,na,na,dump_fail,"up_s=7901 regs=2646 log_rx=33750 svcs=4 mem_mib=839 memd_kills=0
0","(00.114897) Error (criu/sk-inet.c:200): inet: Connected TCP socket; consider using --tcp-established option.",""
S034tcpst.file__steady,S,steady,filelocks,none,none,0,normal,1,1,na,52,na,na,na,na,na,na,na,dump_fail,"up_s=7911 regs=2650 log_rx=33800 svcs=4 mem_mib=839 memd_kills=0
0","(00.096965) Error (criu/sk-inet.c:200): inet: Connected TCP socket; consider using --tcp-established option.",""
S035tcpst.perm__init,S,init,permissive,none,none,0,normal,1,0,0,284,na,na,na,na,na,resumed_to_ready,na,ok,"up_s=7921 regs=2654 log_rx=33850 svcs=4 mem_mib=839 memd_kills=0
0","",""
S035tcpst.perm__db_open,S,db_open,permissive,none,none,0,normal,1,0,0,284,na,na,na,na,na,resumed_to_ready,na,ok,"up_s=7931 regs=2658 log_rx=33900 svcs=4 mem_mib=839 memd_kills=0
0","",""
S035tcpst.perm__db_read,S,db_read,permissive,none,none,0,normal,1,0,0,1304,na,na,na,na,na,resumed_to_ready,na,ok,"up_s=7941 regs=2662 log_rx=33950 svcs=4 mem_mib=839 memd_kills=0
0","",""
S035tcpst.perm__db_read_p25,S,db_read_p25,permissive,none,none,0,normal,1,0,0,1304,na,na,na,na,na,resumed_to_ready,na,ok,"up_s=7951 regs=2666 log_rx=34000 svcs=4 mem_mib=839 memd_kills=0
0","",""
S035tcpst.perm__db_read_p50,S,db_read_p50,permissive,none,none,0,normal,1,0,0,1304,na,na,na,na,na,resumed_to_ready,na,ok,"up_s=7961 regs=2670 log_rx=34000 svcs=4 mem_mib=839 memd_kills=0
0","",""
S035tcpst.perm__db_read_p75,S,db_read_p75,permissive,none,none,0,normal,1,0,0,1304,na,na,na,na,na,resumed_to_ready,na,ok,"up_s=7970 regs=2674 log_rx=34050 svcs=4 mem_mib=839 memd_kills=0
0","",""
S035tcpst.perm__db_parse,S,db_parse,permissive,none,none,0,normal,1,0,0,1304,na,na,na,na,na,resumed_to_ready,na,ok,"up_s=7980 regs=2678 log_rx=34100 svcs=4 mem_mib=839 memd_kills=0
0","",""
S035tcpst.perm__db_parse_p25,S,db_parse_p25,permissive,none,none,0,normal,1,0,0,1304,na,na,na,na,na,resumed_to_ready,na,ok,"up_s=7990 regs=2682 log_rx=34150 svcs=4 mem_mib=839 memd_kills=0
0","",""
S035tcpst.perm__db_parse_p50,S,db_parse_p50,permissive,none,none,0,normal,1,0,0,1304,na,na,na,na,na,resumed_to_ready,na,ok,"up_s=8000 regs=2686 log_rx=34200 svcs=4 mem_mib=839 memd_kills=0
0","",""
S035tcpst.perm__db_parse_p75,S,db_parse_p75,permissive,none,none,0,normal,1,0,0,1304,na,na,na,na,na,resumed_to_ready,na,ok,"up_s=8010 regs=2690 log_rx=34250 svcs=4 mem_mib=839 memd_kills=0
0","",""
S035tcpst.perm__epg_index,S,epg_index,permissive,none,none,0,normal,1,0,0,13596,na,na,na,na,na,resumed_to_ready,na,ok,"up_s=8020 regs=2694 log_rx=34250 svcs=4 mem_mib=839 memd_kills=0
0","",""
S035tcpst.perm__epg_index_p25,S,epg_index_p25,permissive,none,none,0,normal,1,0,0,4384,na,na,na,na,na,resumed_to_ready,na,ok,"up_s=8029 regs=2698 log_rx=34300 svcs=4 mem_mib=839 memd_kills=0
0","",""
S035tcpst.perm__epg_index_p50,S,epg_index_p50,permissive,none,none,0,normal,1,0,0,7456,na,na,na,na,na,resumed_to_ready,na,ok,"up_s=8039 regs=2702 log_rx=34350 svcs=4 mem_mib=839 memd_kills=0
0","",""
S035tcpst.perm__epg_index_p75,S,epg_index_p75,permissive,none,none,0,normal,1,0,0,10528,na,na,na,na,na,resumed_to_ready,na,ok,"up_s=8049 regs=2706 log_rx=34400 svcs=4 mem_mib=839 memd_kills=0
0","",""
S035tcpst.perm__epg_text,S,epg_text,permissive,none,none,0,normal,1,0,0,13596,na,na,na,na,na,resumed_to_ready,na,ok,"up_s=8059 regs=2710 log_rx=34450 svcs=4 mem_mib=839 memd_kills=0
0","",""
S035tcpst.perm__epg_reserve,S,epg_reserve,permissive,none,none,0,normal,1,0,0,13600,na,na,na,na,na,resumed_to_ready,na,ok,"up_s=8069 regs=2714 log_rx=34500 svcs=4 mem_mib=839 memd_kills=0
0","",""
S035tcpst.perm__hub_conn1,S,hub_conn1,permissive,none,none,0,normal,1,1,na,13596,na,na,na,na,na,na,na,dump_fail,"up_s=8076 regs=2716 log_rx=34500 svcs=4 mem_mib=839 memd_kills=0
0","(00.127522) Error (criu/sk-unix.c:881): unix: Can't dump half of stream unix connection. name: (null); peer name: ",""
S035tcpst.perm__hub_conn2,S,hub_conn2,permissive,none,none,0,normal,1,1,na,13596,na,na,na,na,na,na,na,dump_fail,"up_s=8083 regs=2719 log_rx=34550 svcs=4 mem_mib=839 memd_kills=0
0","(00.141160) Error (criu/sk-unix.c:881): unix: Can't dump half of stream unix connection. name: (null); peer name: ",""
S035tcpst.perm__hub_conn3,S,hub_conn3,permissive,none,none,0,normal,1,1,na,13596,na,na,na,na,na,na,na,dump_fail,"up_s=8090 regs=2723 log_rx=34550 svcs=4 mem_mib=839 memd_kills=0
0","(00.117192) Error (criu/sk-unix.c:881): unix: Can't dump half of stream unix connection. name: (null); peer name: ",""
S035tcpst.perm__hub_conn4,S,hub_conn4,permissive,none,none,0,normal,1,1,na,13596,na,na,na,na,na,na,na,dump_fail,"up_s=8098 regs=2727 log_rx=34600 svcs=4 mem_mib=839 memd_kills=0
0","(00.125067) Error (criu/sk-unix.c:881): unix: Can't dump half of stream unix connection. name: (null); peer name: ",""
S035tcpst.perm__hub_subscribed,S,hub_subscribed,permissive,none,none,0,normal,1,1,na,13596,na,na,na,na,na,na,na,dump_fail,"up_s=8107 regs=2731 log_rx=34650 svcs=4 mem_mib=839 memd_kills=0
0","(00.135699) Error (criu/sk-unix.c:881): unix: Can't dump half of stream unix connection. name: (null); peer name: ",""
S035tcpst.perm__tcp_conn,S,tcp_conn,permissive,none,none,0,normal,1,1,na,13600,na,na,na,na,na,na,na,dump_fail,"up_s=8116 regs=2735 log_rx=34700 svcs=4 mem_mib=839 memd_kills=0
0","(00.134382) Error (criu/sk-unix.c:881): unix: Can't dump half of stream unix connection. name: (null); peer name: ",""
S035tcpst.perm__timer_armed,S,timer_armed,permissive,none,none,0,normal,1,1,na,13604,na,na,na,na,na,na,na,dump_fail,"up_s=8125 regs=2739 log_rx=34700 svcs=4 mem_mib=839 memd_kills=0
0","(00.142772) Error (criu/sk-unix.c:881): unix: Can't dump half of stream unix connection. name: (null); peer name: ",""
S035tcpst.perm__db_watch,S,db_watch,permissive,none,none,0,normal,1,1,na,136,na,na,na,na,na,na,na,dump_fail,"up_s=8135 regs=2743 log_rx=34750 svcs=4 mem_mib=839 memd_kills=0
0","(00.144337) Error (criu/fsnotify.c:284): fsnotify: 	Can't dump that handle",""
S035tcpst.perm__ready,S,ready,permissive,none,none,0,normal,1,1,na,136,na,na,na,na,na,na,na,dump_fail,"up_s=8145 regs=2747 log_rx=34800 svcs=4 mem_mib=839 memd_kills=0
0","(00.132646) Error (criu/fsnotify.c:284): fsnotify: 	Can't dump that handle",""
S035tcpst.perm__steady,S,steady,permissive,none,none,0,normal,1,1,na,136,na,na,na,na,na,na,na,dump_fail,"up_s=8155 regs=2751 log_rx=34850 svcs=4 mem_mib=839 memd_kills=0
0","(00.142110) Error (criu/fsnotify.c:284): fsnotify: 	Can't dump that handle",""
S036heavy.stri__init,S,init,strict,none,none,0,none,1,0,0,284,na,na,na,na,na,resume_stalled,na,resume_stalled,"up_s=8162 regs=2751 log_rx=34900 svcs=3 mem_mib=826 memd_kills=1","",""
S036heavy.stri__db_open,S,db_open,strict,none,none,0,none,1,0,0,284,na,na,na,na,na,resume_stalled,na,resume_stalled,"up_s=8168 regs=2751 log_rx=34900 svcs=3 mem_mib=826 memd_kills=2","",""
S036heavy.stri__db_read,S,db_read,strict,none,none,0,none,1,0,0,1304,na,na,na,na,na,resume_stalled,na,resume_stalled,"up_s=8174 regs=2751 log_rx=34950 svcs=3 mem_mib=826 memd_kills=3","",""
S036heavy.stri__db_read_p25,S,db_read_p25,strict,none,none,0,none,1,0,0,1304,na,na,na,na,na,resume_stalled,na,resume_stalled,"up_s=8181 regs=2751 log_rx=34950 svcs=3 mem_mib=826 memd_kills=4","",""
S036heavy.stri__db_read_p50,S,db_read_p50,strict,none,none,0,none,1,0,0,1304,na,na,na,na,na,resume_stalled,na,resume_stalled,"up_s=8187 regs=2751 log_rx=35000 svcs=3 mem_mib=826 memd_kills=5","",""
S036heavy.stri__db_read_p75,S,db_read_p75,strict,none,none,0,none,1,0,0,1304,na,na,na,na,na,resume_stalled,na,resume_stalled,"up_s=8193 regs=2751 log_rx=35000 svcs=3 mem_mib=826 memd_kills=6","",""
S036heavy.stri__db_parse,S,db_parse,strict,none,none,0,none,1,0,0,1304,na,na,na,na,na,resume_stalled,na,resume_stalled,"up_s=8199 regs=2751 log_rx=35050 svcs=3 mem_mib=826 memd_kills=7","",""
S036heavy.stri__db_parse_p25,S,db_parse_p25,strict,none,none,0,none,1,0,0,1304,na,na,na,na,na,resume_stalled,na,resume_stalled,"up_s=8205 regs=2751 log_rx=35050 svcs=3 mem_mib=826 memd_kills=8","",""
S036heavy.stri__db_parse_p50,S,db_parse_p50,strict,none,none,0,none,1,0,0,1304,na,na,na,na,na,resume_stalled,na,resume_stalled,"up_s=8212 regs=2751 log_rx=35100 svcs=3 mem_mib=826 memd_kills=9","",""
S036heavy.stri__db_parse_p75,S,db_parse_p75,strict,none,none,0,none,1,0,0,1300,na,na,na,na,na,resume_stalled,na,resume_stalled,"up_s=8218 regs=2751 log_rx=35100 svcs=3 mem_mib=827 memd_kills=10","",""
S036heavy.stri__epg_index,S,epg_index,strict,none,none,0,none,1,1,na,114776,na,na,na,na,na,na,na,dump_fail,"up_s=8224 regs=2751 log_rx=35150 svcs=3 mem_mib=826 memd_kills=11","(00.273252) Error (compel/src/lib/infect-rpc.c:41): Failed to read ack: Connection reset by peer",""
S036heavy.stri__epg_index_p25,S,epg_index_p25,strict,none,none,0,none,1,0,0,78124,na,na,na,na,na,resume_stalled,na,resume_stalled,"up_s=8230 regs=2751 log_rx=35150 svcs=3 mem_mib=827 memd_kills=12","",""
S036heavy.stri__epg_index_p50,S,epg_index_p50,strict,none,none,0,none,1,0,0,154940,na,na,na,na,na,resume_stalled,na,resume_stalled,"up_s=8237 regs=2751 log_rx=35200 svcs=3 mem_mib=827 memd_kills=13","",""
S036heavy.stri__epg_index_p75,S,epg_index_p75,strict,none,none,0,none,1,0,0,231752,na,na,na,na,na,resume_stalled,na,resume_stalled,"up_s=8244 regs=2751 log_rx=35250 svcs=3 mem_mib=827 memd_kills=14","",""
S036heavy.stri__epg_text,S,epg_text,strict,none,none,0,none,0,na,na,na,na,na,na,na,na,na,na,launch_fail,"up_s=8251 regs=2751 log_rx=35250 svcs=3 mem_mib=827 memd_kills=15","",""
S036heavy.stri__epg_reserve,S,epg_reserve,strict,none,none,0,none,0,na,na,na,na,na,na,na,na,na,na,launch_fail,"up_s=8257 regs=2751 log_rx=35300 svcs=3 mem_mib=827 memd_kills=16","",""
S036heavy.stri__ready,S,ready,strict,none,none,0,none,0,na,na,na,na,na,na,na,na,na,na,launch_fail,"up_s=8263 regs=2751 log_rx=35300 svcs=3 mem_mib=827 memd_kills=17","",""
S036heavy.stri__steady,S,steady,strict,none,none,0,none,0,na,na,na,na,na,na,na,na,na,na,launch_fail,"up_s=8269 regs=2751 log_rx=35350 svcs=3 mem_mib=827 memd_kills=18","",""
S037heavy.ext___init,S,init,ext_unix,none,none,0,none,1,0,0,284,na,na,na,na,na,resume_stalled,na,resume_stalled,"up_s=8275 regs=2751 log_rx=35350 svcs=3 mem_mib=827 memd_kills=19","",""
S037heavy.ext___db_open,S,db_open,ext_unix,none,none,0,none,1,0,0,284,na,na,na,na,na,resume_stalled,na,resume_stalled,"up_s=8282 regs=2751 log_rx=35400 svcs=3 mem_mib=827 memd_kills=20","",""
S037heavy.ext___db_read,S,db_read,ext_unix,none,none,0,none,1,0,0,1304,na,na,na,na,na,resume_stalled,na,resume_stalled,"up_s=8288 regs=2751 log_rx=35400 svcs=3 mem_mib=827 memd_kills=21","",""
S037heavy.ext___db_read_p25,S,db_read_p25,ext_unix,none,none,0,none,1,0,0,1304,na,na,na,na,na,resume_stalled,na,resume_stalled,"up_s=8294 regs=2751 log_rx=35450 svcs=3 mem_mib=827 memd_kills=22","",""
S037heavy.ext___db_read_p50,S,db_read_p50,ext_unix,none,none,0,none,1,0,0,1304,na,na,na,na,na,resume_stalled,na,resume_stalled,"up_s=8300 regs=2751 log_rx=35450 svcs=3 mem_mib=827 memd_kills=23","",""
S037heavy.ext___db_read_p75,S,db_read_p75,ext_unix,none,none,0,none,1,0,0,1300,na,na,na,na,na,resume_stalled,na,resume_stalled,"up_s=8306 regs=2751 log_rx=35500 svcs=3 mem_mib=827 memd_kills=24","",""
S037heavy.ext___db_parse,S,db_parse,ext_unix,none,none,0,none,1,0,0,1304,na,na,na,na,na,resume_stalled,na,resume_stalled,"up_s=8313 regs=2751 log_rx=35500 svcs=3 mem_mib=827 memd_kills=25","",""
S037heavy.ext___db_parse_p25,S,db_parse_p25,ext_unix,none,none,0,none,1,0,0,1304,na,na,na,na,na,resume_stalled,na,resume_stalled,"up_s=8319 regs=2751 log_rx=35550 svcs=3 mem_mib=827 memd_kills=26","",""
S037heavy.ext___db_parse_p50,S,db_parse_p50,ext_unix,none,none,0,none,1,0,0,1304,na,na,na,na,na,resume_stalled,na,resume_stalled,"up_s=8325 regs=2751 log_rx=35600 svcs=3 mem_mib=827 memd_kills=27","",""
S037heavy.ext___db_parse_p75,S,db_parse_p75,ext_unix,none,none,0,none,1,0,0,1304,na,na,na,na,na,resume_stalled,na,resume_stalled,"up_s=8331 regs=2751 log_rx=35600 svcs=3 mem_mib=827 memd_kills=28","",""
S037heavy.ext___epg_index,S,epg_index,ext_unix,none,none,0,none,1,1,na,172116,na,na,na,na,na,na,na,dump_fail,"up_s=8337 regs=2751 log_rx=35650 svcs=3 mem_mib=827 memd_kills=29","(00.296694) Error (compel/src/lib/infect-rpc.c:41): Failed to read ack: Connection reset by peer",""
S037heavy.ext___epg_index_p25,S,epg_index_p25,ext_unix,none,none,0,none,1,0,0,78124,na,na,na,na,na,resume_stalled,na,resume_stalled,"up_s=8344 regs=2751 log_rx=35650 svcs=3 mem_mib=827 memd_kills=30","",""
S037heavy.ext___epg_index_p50,S,epg_index_p50,ext_unix,none,none,0,none,1,0,0,154936,na,na,na,na,na,resume_stalled,na,resume_stalled,"up_s=8351 regs=2751 log_rx=35700 svcs=3 mem_mib=827 memd_kills=31","",""
S037heavy.ext___epg_index_p75,S,epg_index_p75,ext_unix,none,none,0,none,1,0,0,231752,na,na,na,na,na,resume_stalled,na,resume_stalled,"up_s=8358 regs=2751 log_rx=35700 svcs=3 mem_mib=827 memd_kills=32","",""
S037heavy.ext___epg_text,S,epg_text,ext_unix,none,none,0,none,0,na,na,na,na,na,na,na,na,na,na,launch_fail,"up_s=8364 regs=2751 log_rx=35750 svcs=3 mem_mib=827 memd_kills=33","",""
S037heavy.ext___epg_reserve,S,epg_reserve,ext_unix,none,none,0,none,0,na,na,na,na,na,na,na,na,na,na,launch_fail,"up_s=8370 regs=2751 log_rx=35750 svcs=3 mem_mib=827 memd_kills=34","",""
S037heavy.ext___ready,S,ready,ext_unix,none,none,0,none,0,na,na,na,na,na,na,na,na,na,na,launch_fail,"up_s=8376 regs=2751 log_rx=35800 svcs=3 mem_mib=827 memd_kills=35","",""
S037heavy.ext___steady,S,steady,ext_unix,none,none,0,none,0,na,na,na,na,na,na,na,na,na,na,launch_fail,"up_s=8383 regs=2751 log_rx=35800 svcs=3 mem_mib=827 memd_kills=36","",""
S038heavy.tcp___init,S,init,tcp_est,none,none,0,none,1,0,0,284,na,na,na,na,na,resume_stalled,na,resume_stalled,"up_s=8389 regs=2751 log_rx=35850 svcs=3 mem_mib=827 memd_kills=37","",""
S038heavy.tcp___db_open,S,db_open,tcp_est,none,none,0,none,1,0,0,284,na,na,na,na,na,resume_stalled,na,resume_stalled,"up_s=8395 regs=2751 log_rx=35900 svcs=3 mem_mib=827 memd_kills=38","",""
S038heavy.tcp___db_read,S,db_read,tcp_est,none,none,0,none,1,0,0,1304,na,na,na,na,na,resume_stalled,na,resume_stalled,"up_s=8401 regs=2751 log_rx=35900 svcs=3 mem_mib=827 memd_kills=39","",""
S038heavy.tcp___db_read_p25,S,db_read_p25,tcp_est,none,none,0,none,1,0,0,1304,na,na,na,na,na,resume_stalled,na,resume_stalled,"up_s=8407 regs=2751 log_rx=35950 svcs=3 mem_mib=827 memd_kills=40","",""
S038heavy.tcp___db_read_p50,S,db_read_p50,tcp_est,none,none,0,none,1,0,0,1304,na,na,na,na,na,resume_stalled,na,resume_stalled,"up_s=8414 regs=2751 log_rx=35950 svcs=3 mem_mib=827 memd_kills=41","",""
S038heavy.tcp___db_read_p75,S,db_read_p75,tcp_est,none,none,0,none,1,0,0,1304,na,na,na,na,na,resume_stalled,na,resume_stalled,"up_s=8420 regs=2751 log_rx=36000 svcs=3 mem_mib=828 memd_kills=42","",""
S038heavy.tcp___db_parse,S,db_parse,tcp_est,none,none,0,none,1,0,0,1304,na,na,na,na,na,resume_stalled,na,resume_stalled,"up_s=8426 regs=2751 log_rx=36000 svcs=3 mem_mib=828 memd_kills=43","",""
S038heavy.tcp___db_parse_p25,S,db_parse_p25,tcp_est,none,none,0,none,1,0,0,1304,na,na,na,na,na,resume_stalled,na,resume_stalled,"up_s=8432 regs=2751 log_rx=36050 svcs=3 mem_mib=828 memd_kills=44","",""
S038heavy.tcp___db_parse_p50,S,db_parse_p50,tcp_est,none,none,0,none,1,0,0,1304,na,na,na,na,na,resume_stalled,na,resume_stalled,"up_s=8438 regs=2751 log_rx=36050 svcs=3 mem_mib=828 memd_kills=45","",""
S038heavy.tcp___db_parse_p75,S,db_parse_p75,tcp_est,none,none,0,none,1,0,0,1304,na,na,na,na,na,resume_stalled,na,resume_stalled,"up_s=8445 regs=2751 log_rx=36100 svcs=3 mem_mib=828 memd_kills=46","",""
S038heavy.tcp___epg_index,S,epg_index,tcp_est,none,none,0,none,1,1,na,172116,na,na,na,na,na,na,na,dump_fail,"up_s=8451 regs=2751 log_rx=36100 svcs=3 mem_mib=828 memd_kills=47","(00.310752) Error (criu/parasite-syscall.c:87): si_code=2 si_pid=1148628 si_status=9",""
S038heavy.tcp___epg_index_p25,S,epg_index_p25,tcp_est,none,none,0,none,1,0,0,78124,na,na,na,na,na,resume_stalled,na,resume_stalled,"up_s=8457 regs=2751 log_rx=36150 svcs=3 mem_mib=828 memd_kills=48","",""
S038heavy.tcp___epg_index_p50,S,epg_index_p50,tcp_est,none,none,0,none,1,0,0,154940,na,na,na,na,na,resume_stalled,na,resume_stalled,"up_s=8464 regs=2751 log_rx=36150 svcs=3 mem_mib=828 memd_kills=49","",""
S038heavy.tcp___epg_index_p75,S,epg_index_p75,tcp_est,none,none,0,none,1,0,0,231752,na,na,na,na,na,resume_stalled,na,resume_stalled,"up_s=8471 regs=2751 log_rx=36200 svcs=3 mem_mib=828 memd_kills=50","",""
S038heavy.tcp___epg_text,S,epg_text,tcp_est,none,none,0,none,0,na,na,na,na,na,na,na,na,na,na,launch_fail,"up_s=8478 regs=2751 log_rx=36250 svcs=3 mem_mib=828 memd_kills=51","",""
S038heavy.tcp___epg_reserve,S,epg_reserve,tcp_est,none,none,0,none,0,na,na,na,na,na,na,na,na,na,na,launch_fail,"up_s=8484 regs=2751 log_rx=36250 svcs=3 mem_mib=828 memd_kills=52","",""
S038heavy.tcp___ready,S,ready,tcp_est,none,none,0,none,0,na,na,na,na,na,na,na,na,na,na,launch_fail,"up_s=8490 regs=2751 log_rx=36300 svcs=3 mem_mib=828 memd_kills=53","",""
S038heavy.tcp___steady,S,steady,tcp_est,none,none,0,none,0,na,na,na,na,na,na,na,na,na,na,launch_fail,"up_s=8496 regs=2751 log_rx=36300 svcs=3 mem_mib=828 memd_kills=54","",""
S039heavy.file__init,S,init,filelocks,none,none,0,none,1,0,0,280,na,na,na,na,na,resume_stalled,na,resume_stalled,"up_s=8502 regs=2751 log_rx=36350 svcs=3 mem_mib=828 memd_kills=55","",""
S039heavy.file__db_open,S,db_open,filelocks,none,none,0,none,1,0,0,284,na,na,na,na,na,resume_stalled,na,resume_stalled,"up_s=8508 regs=2751 log_rx=36350 svcs=3 mem_mib=828 memd_kills=56","",""
S039heavy.file__db_read,S,db_read,filelocks,none,none,0,none,1,0,0,1304,na,na,na,na,na,resume_stalled,na,resume_stalled,"up_s=8515 regs=2751 log_rx=36400 svcs=3 mem_mib=828 memd_kills=57","",""
S039heavy.file__db_read_p25,S,db_read_p25,filelocks,none,none,0,none,1,0,0,1304,na,na,na,na,na,resume_stalled,na,resume_stalled,"up_s=8521 regs=2751 log_rx=36400 svcs=3 mem_mib=828 memd_kills=58","",""
S039heavy.file__db_read_p50,S,db_read_p50,filelocks,none,none,0,none,1,0,0,1304,na,na,na,na,na,resume_stalled,na,resume_stalled,"up_s=8527 regs=2751 log_rx=36450 svcs=3 mem_mib=828 memd_kills=59","",""
S039heavy.file__db_read_p75,S,db_read_p75,filelocks,none,none,0,none,1,0,0,1304,na,na,na,na,na,resume_stalled,na,resume_stalled,"up_s=8533 regs=2751 log_rx=36450 svcs=3 mem_mib=828 memd_kills=60","",""
S039heavy.file__db_parse,S,db_parse,filelocks,none,none,0,none,1,0,0,1308,na,na,na,na,na,resume_stalled,na,resume_stalled,"up_s=8539 regs=2751 log_rx=36500 svcs=3 mem_mib=828 memd_kills=61","",""
S039heavy.file__db_parse_p25,S,db_parse_p25,filelocks,none,none,0,none,1,0,0,1304,na,na,na,na,na,resume_stalled,na,resume_stalled,"up_s=8546 regs=2751 log_rx=36500 svcs=3 mem_mib=828 memd_kills=62","",""
S039heavy.file__db_parse_p50,S,db_parse_p50,filelocks,none,none,0,none,1,0,0,1304,na,na,na,na,na,resume_stalled,na,resume_stalled,"up_s=8552 regs=2751 log_rx=36550 svcs=3 mem_mib=829 memd_kills=63","",""
S039heavy.file__db_parse_p75,S,db_parse_p75,filelocks,none,none,0,none,1,0,0,1304,na,na,na,na,na,resume_stalled,na,resume_stalled,"up_s=8558 regs=2751 log_rx=36550 svcs=3 mem_mib=829 memd_kills=64","",""
S039heavy.file__epg_index,S,epg_index,filelocks,none,none,0,none,1,1,na,172132,na,na,na,na,na,na,na,dump_fail,"up_s=8564 regs=2751 log_rx=36600 svcs=3 mem_mib=828 memd_kills=65","(00.303097) Error (compel/src/lib/infect-rpc.c:41): Failed to read ack: Connection reset by peer",""
S039heavy.file__epg_index_p25,S,epg_index_p25,filelocks,none,none,0,none,1,0,0,78124,na,na,na,na,na,resume_stalled,na,resume_stalled,"up_s=8570 regs=2751 log_rx=36650 svcs=3 mem_mib=829 memd_kills=66","",""
S039heavy.file__epg_index_p50,S,epg_index_p50,filelocks,none,none,0,none,1,0,0,154936,na,na,na,na,na,resume_stalled,na,resume_stalled,"up_s=8577 regs=2751 log_rx=36650 svcs=3 mem_mib=829 memd_kills=67","",""
S039heavy.file__epg_index_p75,S,epg_index_p75,filelocks,none,none,0,none,1,0,0,231752,na,na,na,na,na,resume_stalled,na,resume_stalled,"up_s=8585 regs=2751 log_rx=36700 svcs=3 mem_mib=829 memd_kills=68","",""
S039heavy.file__epg_text,S,epg_text,filelocks,none,none,0,none,0,na,na,na,na,na,na,na,na,na,na,launch_fail,"up_s=8591 regs=2751 log_rx=36700 svcs=3 mem_mib=829 memd_kills=69","",""
S039heavy.file__epg_reserve,S,epg_reserve,filelocks,none,none,0,none,0,na,na,na,na,na,na,na,na,na,na,launch_fail,"up_s=8597 regs=2751 log_rx=36750 svcs=3 mem_mib=829 memd_kills=70","",""
S039heavy.file__ready,S,ready,filelocks,none,none,0,none,0,na,na,na,na,na,na,na,na,na,na,launch_fail,"up_s=8603 regs=2751 log_rx=36750 svcs=3 mem_mib=829 memd_kills=71","",""
S039heavy.file__steady,S,steady,filelocks,none,none,0,none,0,na,na,na,na,na,na,na,na,na,na,launch_fail,"up_s=8609 regs=2751 log_rx=36800 svcs=3 mem_mib=829 memd_kills=72","",""
S040heavy.perm__init,S,init,permissive,none,none,0,none,1,0,0,284,na,na,na,na,na,resume_stalled,na,resume_stalled,"up_s=8616 regs=2751 log_rx=36800 svcs=3 mem_mib=829 memd_kills=73","",""
S040heavy.perm__db_open,S,db_open,permissive,none,none,0,none,1,0,0,284,na,na,na,na,na,resume_stalled,na,resume_stalled,"up_s=8622 regs=2751 log_rx=36850 svcs=3 mem_mib=829 memd_kills=74","",""
S040heavy.perm__db_read,S,db_read,permissive,none,none,0,none,1,0,0,1304,na,na,na,na,na,resume_stalled,na,resume_stalled,"up_s=8628 regs=2751 log_rx=36850 svcs=3 mem_mib=829 memd_kills=75","",""
S040heavy.perm__db_read_p25,S,db_read_p25,permissive,none,none,0,none,1,0,0,1304,na,na,na,na,na,resume_stalled,na,resume_stalled,"up_s=8634 regs=2751 log_rx=36900 svcs=3 mem_mib=829 memd_kills=76","",""
S040heavy.perm__db_read_p50,S,db_read_p50,permissive,none,none,0,none,1,0,0,1304,na,na,na,na,na,resume_stalled,na,resume_stalled,"up_s=8640 regs=2751 log_rx=36900 svcs=3 mem_mib=829 memd_kills=77","",""
S040heavy.perm__db_read_p75,S,db_read_p75,permissive,none,none,0,none,1,0,0,1300,na,na,na,na,na,resume_stalled,na,resume_stalled,"up_s=8647 regs=2751 log_rx=36950 svcs=3 mem_mib=829 memd_kills=78","",""
S040heavy.perm__db_parse,S,db_parse,permissive,none,none,0,none,1,0,0,1304,na,na,na,na,na,resume_stalled,na,resume_stalled,"up_s=8653 regs=2751 log_rx=37000 svcs=3 mem_mib=829 memd_kills=79","",""
S040heavy.perm__db_parse_p25,S,db_parse_p25,permissive,none,none,0,none,1,0,0,1304,na,na,na,na,na,resume_stalled,na,resume_stalled,"up_s=8659 regs=2751 log_rx=37000 svcs=3 mem_mib=829 memd_kills=80","",""
S040heavy.perm__db_parse_p50,S,db_parse_p50,permissive,none,none,0,none,1,0,0,1304,na,na,na,na,na,resume_stalled,na,resume_stalled,"up_s=8665 regs=2751 log_rx=37050 svcs=3 mem_mib=829 memd_kills=81","",""
S040heavy.perm__db_parse_p75,S,db_parse_p75,permissive,none,none,0,none,1,0,0,1304,na,na,na,na,na,resume_stalled,na,resume_stalled,"up_s=8671 regs=2751 log_rx=37050 svcs=3 mem_mib=829 memd_kills=82","",""
S040heavy.perm__epg_index,S,epg_index,permissive,none,none,0,none,1,1,na,143436,na,na,na,na,na,na,na,dump_fail,"up_s=8677 regs=2751 log_rx=37100 svcs=3 mem_mib=829 memd_kills=83","(00.302434) Error (compel/src/lib/infect-rpc.c:41): Failed to read ack: Connection reset by peer",""
S040heavy.perm__epg_index_p25,S,epg_index_p25,permissive,none,none,0,none,1,0,0,78124,na,na,na,na,na,resume_stalled,na,resume_stalled,"up_s=8684 regs=2751 log_rx=37100 svcs=3 mem_mib=829 memd_kills=84","",""
S040heavy.perm__epg_index_p50,S,epg_index_p50,permissive,none,none,0,none,1,0,0,154940,na,na,na,na,na,resume_stalled,na,resume_stalled,"up_s=8691 regs=2751 log_rx=37150 svcs=3 mem_mib=829 memd_kills=85","",""
S040heavy.perm__epg_index_p75,S,epg_index_p75,permissive,none,none,0,none,1,0,0,231748,na,na,na,na,na,resume_stalled,na,resume_stalled,"up_s=8698 regs=2751 log_rx=37150 svcs=3 mem_mib=829 memd_kills=86","",""
S040heavy.perm__epg_text,S,epg_text,permissive,none,none,0,none,0,na,na,na,na,na,na,na,na,na,na,launch_fail,"up_s=8704 regs=2751 log_rx=37200 svcs=3 mem_mib=829 memd_kills=87","",""
S040heavy.perm__epg_reserve,S,epg_reserve,permissive,none,none,0,none,0,na,na,na,na,na,na,na,na,na,na,launch_fail,"up_s=8710 regs=2751 log_rx=37200 svcs=3 mem_mib=829 memd_kills=88","",""
S040heavy.perm__ready,S,ready,permissive,none,none,0,none,0,na,na,na,na,na,na,na,na,na,na,launch_fail,"up_s=8717 regs=2751 log_rx=37250 svcs=3 mem_mib=829 memd_kills=89","",""
S040heavy.perm__steady,S,steady,permissive,none,none,0,none,0,na,na,na,na,na,na,na,na,na,na,launch_fail,"up_s=8723 regs=2751 log_rx=37300 svcs=3 mem_mib=829 memd_kills=90","",""
S041light.stri__init,S,init,strict,none,none,0,none,1,0,0,284,na,na,na,na,na,resumed_to_ready,na,ok,"up_s=8730 regs=2751 log_rx=37300 svcs=4 mem_mib=849 memd_kills=90","",""
S041light.stri__db_open,S,db_open,strict,none,none,0,none,1,0,0,284,na,na,na,na,na,resumed_to_ready,na,ok,"up_s=8737 regs=2751 log_rx=37350 svcs=4 mem_mib=848 memd_kills=90","",""
S041light.stri__db_read,S,db_read,strict,none,none,0,none,1,0,0,1304,na,na,na,na,na,resumed_to_ready,na,ok,"up_s=8744 regs=2751 log_rx=37350 svcs=4 mem_mib=848 memd_kills=90","",""
S041light.stri__db_read_p25,S,db_read_p25,strict,none,none,0,none,1,0,0,1304,na,na,na,na,na,resumed_to_ready,na,ok,"up_s=8751 regs=2751 log_rx=37400 svcs=4 mem_mib=849 memd_kills=90","",""
S041light.stri__db_read_p50,S,db_read_p50,strict,none,none,0,none,1,0,0,1304,na,na,na,na,na,resumed_to_ready,na,ok,"up_s=8758 regs=2751 log_rx=37450 svcs=4 mem_mib=849 memd_kills=90","",""
S041light.stri__db_read_p75,S,db_read_p75,strict,none,none,0,none,1,0,0,1304,na,na,na,na,na,resumed_to_ready,na,ok,"up_s=8765 regs=2751 log_rx=37450 svcs=4 mem_mib=849 memd_kills=90","",""
S041light.stri__db_parse,S,db_parse,strict,none,none,0,none,1,0,0,1304,na,na,na,na,na,resumed_to_ready,na,ok,"up_s=8772 regs=2751 log_rx=37500 svcs=4 mem_mib=849 memd_kills=90","",""
S041light.stri__db_parse_p25,S,db_parse_p25,strict,none,none,0,none,1,0,0,1304,na,na,na,na,na,resumed_to_ready,na,ok,"up_s=8779 regs=2751 log_rx=37500 svcs=4 mem_mib=849 memd_kills=90","",""
S041light.stri__db_parse_p50,S,db_parse_p50,strict,none,none,0,none,1,0,0,1304,na,na,na,na,na,resumed_to_ready,na,ok,"up_s=8786 regs=2751 log_rx=37550 svcs=4 mem_mib=849 memd_kills=90","",""
S041light.stri__db_parse_p75,S,db_parse_p75,strict,none,none,0,none,1,0,0,1304,na,na,na,na,na,resumed_to_ready,na,ok,"up_s=8793 regs=2751 log_rx=37600 svcs=4 mem_mib=849 memd_kills=90","",""
S041light.stri__epg_index,S,epg_index,strict,none,none,0,none,1,0,0,25888,na,na,na,na,na,resumed_to_ready,na,ok,"up_s=8800 regs=2751 log_rx=37600 svcs=4 mem_mib=849 memd_kills=90","",""
S041light.stri__epg_index_p25,S,epg_index_p25,strict,none,none,0,none,1,0,0,7456,na,na,na,na,na,resumed_to_ready,na,ok,"up_s=8807 regs=2751 log_rx=37650 svcs=4 mem_mib=849 memd_kills=90","",""
S041light.stri__epg_index_p50,S,epg_index_p50,strict,none,none,0,none,1,0,0,13600,na,na,na,na,na,resumed_to_ready,na,ok,"up_s=8814 regs=2751 log_rx=37650 svcs=4 mem_mib=849 memd_kills=90","",""
S041light.stri__epg_index_p75,S,epg_index_p75,strict,none,none,0,none,1,0,0,19744,na,na,na,na,na,resumed_to_ready,na,ok,"up_s=8821 regs=2751 log_rx=37700 svcs=4 mem_mib=849 memd_kills=90","",""
S041light.stri__epg_text,S,epg_text,strict,none,none,0,none,1,0,0,25888,na,na,na,na,na,resumed_to_ready,na,ok,"up_s=8828 regs=2751 log_rx=37750 svcs=4 mem_mib=849 memd_kills=90","",""
S041light.stri__epg_reserve,S,epg_reserve,strict,none,none,0,none,1,0,0,25888,na,na,na,na,na,resumed_to_ready,na,ok,"up_s=8835 regs=2751 log_rx=37750 svcs=4 mem_mib=849 memd_kills=90","",""
S041light.stri__ready,S,ready,strict,none,none,0,none,1,0,0,25888,ok,ok,na,na,na,na,na,ok,"up_s=8843 regs=2751 log_rx=37800 svcs=4 mem_mib=849 memd_kills=90","",""
S041light.stri__steady,S,steady,strict,none,none,0,none,1,0,0,25888,ok,ok,na,na,na,na,na,ok,"up_s=8851 regs=2751 log_rx=37800 svcs=4 mem_mib=849 memd_kills=90","",""
S042light.ext___init,S,init,ext_unix,none,none,0,none,1,0,0,284,na,na,na,na,na,resumed_to_ready,na,ok,"up_s=8858 regs=2751 log_rx=37850 svcs=4 mem_mib=849 memd_kills=90","",""
S042light.ext___db_open,S,db_open,ext_unix,none,none,0,none,1,0,0,284,na,na,na,na,na,resumed_to_ready,na,ok,"up_s=8865 regs=2751 log_rx=37900 svcs=4 mem_mib=849 memd_kills=90","",""
S042light.ext___db_read,S,db_read,ext_unix,none,none,0,none,1,0,0,1304,na,na,na,na,na,resumed_to_ready,na,ok,"up_s=8872 regs=2751 log_rx=37900 svcs=4 mem_mib=849 memd_kills=90","",""
S042light.ext___db_read_p25,S,db_read_p25,ext_unix,none,none,0,none,1,0,0,1304,na,na,na,na,na,resumed_to_ready,na,ok,"up_s=8879 regs=2751 log_rx=37950 svcs=4 mem_mib=849 memd_kills=90","",""
S042light.ext___db_read_p50,S,db_read_p50,ext_unix,none,none,0,none,1,0,0,1304,na,na,na,na,na,resumed_to_ready,na,ok,"up_s=8886 regs=2751 log_rx=38000 svcs=4 mem_mib=849 memd_kills=90","",""
S042light.ext___db_read_p75,S,db_read_p75,ext_unix,none,none,0,none,1,0,0,1304,na,na,na,na,na,resumed_to_ready,na,ok,"up_s=8893 regs=2751 log_rx=38000 svcs=4 mem_mib=849 memd_kills=90","",""
S042light.ext___db_parse,S,db_parse,ext_unix,none,none,0,none,1,0,0,1304,na,na,na,na,na,resumed_to_ready,na,ok,"up_s=8900 regs=2751 log_rx=38050 svcs=4 mem_mib=849 memd_kills=90","",""
S042light.ext___db_parse_p25,S,db_parse_p25,ext_unix,none,none,0,none,1,0,0,1304,na,na,na,na,na,resumed_to_ready,na,ok,"up_s=8907 regs=2751 log_rx=38050 svcs=4 mem_mib=849 memd_kills=90","",""
S042light.ext___db_parse_p50,S,db_parse_p50,ext_unix,none,none,0,none,1,0,0,1304,na,na,na,na,na,resumed_to_ready,na,ok,"up_s=8914 regs=2751 log_rx=38100 svcs=4 mem_mib=850 memd_kills=90","",""
S042light.ext___db_parse_p75,S,db_parse_p75,ext_unix,none,none,0,none,1,0,0,1304,na,na,na,na,na,resumed_to_ready,na,ok,"up_s=8921 regs=2751 log_rx=38150 svcs=4 mem_mib=850 memd_kills=90","",""
S042light.ext___epg_index,S,epg_index,ext_unix,none,none,0,none,1,0,0,25884,na,na,na,na,na,resumed_to_ready,na,ok,"up_s=8928 regs=2751 log_rx=38150 svcs=4 mem_mib=850 memd_kills=90","",""
S042light.ext___epg_index_p25,S,epg_index_p25,ext_unix,none,none,0,none,1,0,0,7456,na,na,na,na,na,resumed_to_ready,na,ok,"up_s=8935 regs=2751 log_rx=38200 svcs=4 mem_mib=850 memd_kills=90","",""
S042light.ext___epg_index_p50,S,epg_index_p50,ext_unix,none,none,0,none,1,0,0,13600,na,na,na,na,na,resumed_to_ready,na,ok,"up_s=8942 regs=2751 log_rx=38200 svcs=4 mem_mib=850 memd_kills=90","",""
S042light.ext___epg_index_p75,S,epg_index_p75,ext_unix,none,none,0,none,1,0,0,19744,na,na,na,na,na,resumed_to_ready,na,ok,"up_s=8950 regs=2751 log_rx=38250 svcs=4 mem_mib=850 memd_kills=90","",""
S042light.ext___epg_text,S,epg_text,ext_unix,none,none,0,none,1,0,0,25888,na,na,na,na,na,resumed_to_ready,na,ok,"up_s=8957 regs=2751 log_rx=38300 svcs=4 mem_mib=850 memd_kills=90","",""
S042light.ext___epg_reserve,S,epg_reserve,ext_unix,none,none,0,none,1,0,0,25888,na,na,na,na,na,resumed_to_ready,na,ok,"up_s=8964 regs=2751 log_rx=38300 svcs=4 mem_mib=850 memd_kills=90","",""
S042light.ext___ready,S,ready,ext_unix,none,none,0,none,1,0,0,25888,ok,ok,na,na,na,na,na,ok,"up_s=8971 regs=2751 log_rx=38350 svcs=4 mem_mib=850 memd_kills=90","",""
S042light.ext___steady,S,steady,ext_unix,none,none,0,none,1,0,0,25888,ok,ok,na,na,na,na,na,ok,"up_s=8979 regs=2751 log_rx=38350 svcs=4 mem_mib=850 memd_kills=90","",""
S043light.tcp___init,S,init,tcp_est,none,none,0,none,1,0,0,284,na,na,na,na,na,resumed_to_ready,na,ok,"up_s=8986 regs=2751 log_rx=38400 svcs=4 mem_mib=850 memd_kills=90","",""
S043light.tcp___db_open,S,db_open,tcp_est,none,none,0,none,1,0,0,284,na,na,na,na,na,resumed_to_ready,na,ok,"up_s=8993 regs=2751 log_rx=38450 svcs=4 mem_mib=850 memd_kills=90","",""
S043light.tcp___db_read,S,db_read,tcp_est,none,none,0,none,1,0,0,1304,na,na,na,na,na,resumed_to_ready,na,ok,"up_s=9000 regs=2751 log_rx=38450 svcs=4 mem_mib=850 memd_kills=90","",""
S043light.tcp___db_read_p25,S,db_read_p25,tcp_est,none,none,0,none,1,0,0,1304,na,na,na,na,na,resumed_to_ready,na,ok,"up_s=9007 regs=2751 log_rx=38500 svcs=4 mem_mib=850 memd_kills=90","",""
S043light.tcp___db_read_p50,S,db_read_p50,tcp_est,none,none,0,none,1,0,0,1304,na,na,na,na,na,resumed_to_ready,na,ok,"up_s=9014 regs=2751 log_rx=38500 svcs=4 mem_mib=850 memd_kills=90","",""
S043light.tcp___db_read_p75,S,db_read_p75,tcp_est,none,none,0,none,1,0,0,1300,na,na,na,na,na,resumed_to_ready,na,ok,"up_s=9021 regs=2751 log_rx=38550 svcs=4 mem_mib=850 memd_kills=90","",""
S043light.tcp___db_parse,S,db_parse,tcp_est,none,none,0,none,1,0,0,1304,na,na,na,na,na,resumed_to_ready,na,ok,"up_s=9028 regs=2751 log_rx=38600 svcs=4 mem_mib=850 memd_kills=90","",""
S043light.tcp___db_parse_p25,S,db_parse_p25,tcp_est,none,none,0,none,1,0,0,1304,na,na,na,na,na,resumed_to_ready,na,ok,"up_s=9035 regs=2751 log_rx=38600 svcs=4 mem_mib=850 memd_kills=90","",""
S043light.tcp___db_parse_p50,S,db_parse_p50,tcp_est,none,none,0,none,1,0,0,1304,na,na,na,na,na,resumed_to_ready,na,ok,"up_s=9042 regs=2751 log_rx=38650 svcs=4 mem_mib=850 memd_kills=90","",""
S043light.tcp___db_parse_p75,S,db_parse_p75,tcp_est,none,none,0,none,1,0,0,1304,na,na,na,na,na,resumed_to_ready,na,ok,"up_s=9049 regs=2751 log_rx=38650 svcs=4 mem_mib=850 memd_kills=90","",""
S043light.tcp___epg_index,S,epg_index,tcp_est,none,none,0,none,1,0,0,25888,na,na,na,na,na,resumed_to_ready,na,ok,"up_s=9056 regs=2751 log_rx=38700 svcs=4 mem_mib=850 memd_kills=90","",""
S043light.tcp___epg_index_p25,S,epg_index_p25,tcp_est,none,none,0,none,1,0,0,7456,na,na,na,na,na,resumed_to_ready,na,ok,"up_s=9063 regs=2751 log_rx=38750 svcs=4 mem_mib=850 memd_kills=90","",""
S043light.tcp___epg_index_p50,S,epg_index_p50,tcp_est,none,none,0,none,1,0,0,13600,na,na,na,na,na,resumed_to_ready,na,ok,"up_s=9071 regs=2751 log_rx=38750 svcs=4 mem_mib=850 memd_kills=90","",""
S043light.tcp___epg_index_p75,S,epg_index_p75,tcp_est,none,none,0,none,1,0,0,19744,na,na,na,na,na,resumed_to_ready,na,ok,"up_s=9078 regs=2751 log_rx=38800 svcs=4 mem_mib=850 memd_kills=90","",""
S043light.tcp___epg_text,S,epg_text,tcp_est,none,none,0,none,1,0,0,25888,na,na,na,na,na,resumed_to_ready,na,ok,"up_s=9085 regs=2751 log_rx=38800 svcs=4 mem_mib=850 memd_kills=90","",""
S043light.tcp___epg_reserve,S,epg_reserve,tcp_est,none,none,0,none,1,0,0,25888,na,na,na,na,na,resumed_to_ready,na,ok,"up_s=9092 regs=2751 log_rx=38850 svcs=4 mem_mib=850 memd_kills=90","",""
S043light.tcp___ready,S,ready,tcp_est,none,none,0,none,1,0,0,25884,ok,ok,na,na,na,na,na,ok,"up_s=9099 regs=2751 log_rx=38900 svcs=4 mem_mib=851 memd_kills=90","",""
S043light.tcp___steady,S,steady,tcp_est,none,none,0,none,1,0,0,25888,ok,ok,na,na,na,na,na,ok,"up_s=9107 regs=2751 log_rx=38900 svcs=4 mem_mib=851 memd_kills=90","",""
S044light.file__init,S,init,filelocks,none,none,0,none,1,0,0,284,na,na,na,na,na,resumed_to_ready,na,ok,"up_s=9114 regs=2751 log_rx=38950 svcs=4 mem_mib=851 memd_kills=90","",""
S044light.file__db_open,S,db_open,filelocks,none,none,0,none,1,0,0,280,na,na,na,na,na,resumed_to_ready,na,ok,"up_s=9121 regs=2751 log_rx=39000 svcs=4 mem_mib=851 memd_kills=90","",""
S044light.file__db_read,S,db_read,filelocks,none,none,0,none,1,0,0,1304,na,na,na,na,na,resumed_to_ready,na,ok,"up_s=9128 regs=2751 log_rx=39000 svcs=4 mem_mib=851 memd_kills=90","",""
S044light.file__db_read_p25,S,db_read_p25,filelocks,none,none,0,none,1,0,0,1304,na,na,na,na,na,resumed_to_ready,na,ok,"up_s=9135 regs=2751 log_rx=39050 svcs=4 mem_mib=851 memd_kills=90","",""
S044light.file__db_read_p50,S,db_read_p50,filelocks,none,none,0,none,1,0,0,1304,na,na,na,na,na,resumed_to_ready,na,ok,"up_s=9142 regs=2751 log_rx=39050 svcs=4 mem_mib=851 memd_kills=90","",""
S044light.file__db_read_p75,S,db_read_p75,filelocks,none,none,0,none,1,0,0,1304,na,na,na,na,na,resumed_to_ready,na,ok,"up_s=9150 regs=2751 log_rx=39100 svcs=4 mem_mib=851 memd_kills=90","",""
S044light.file__db_parse,S,db_parse,filelocks,none,none,0,none,1,0,0,1304,na,na,na,na,na,resumed_to_ready,na,ok,"up_s=9157 regs=2751 log_rx=39150 svcs=4 mem_mib=851 memd_kills=90","",""
S044light.file__db_parse_p25,S,db_parse_p25,filelocks,none,none,0,none,1,0,0,1304,na,na,na,na,na,resumed_to_ready,na,ok,"up_s=9164 regs=2751 log_rx=39150 svcs=4 mem_mib=851 memd_kills=90","",""
S044light.file__db_parse_p50,S,db_parse_p50,filelocks,none,none,0,none,1,0,0,1304,na,na,na,na,na,resumed_to_ready,na,ok,"up_s=9171 regs=2751 log_rx=39200 svcs=4 mem_mib=851 memd_kills=90","",""
S044light.file__db_parse_p75,S,db_parse_p75,filelocks,none,none,0,none,1,0,0,1304,na,na,na,na,na,resumed_to_ready,na,ok,"up_s=9178 regs=2751 log_rx=39200 svcs=4 mem_mib=851 memd_kills=90","",""
S044light.file__epg_index,S,epg_index,filelocks,none,none,0,none,1,0,0,25888,na,na,na,na,na,resumed_to_ready,na,ok,"up_s=9185 regs=2751 log_rx=39250 svcs=4 mem_mib=851 memd_kills=90","",""
S044light.file__epg_index_p25,S,epg_index_p25,filelocks,none,none,0,none,1,0,0,7456,na,na,na,na,na,resumed_to_ready,na,ok,"up_s=9192 regs=2751 log_rx=39300 svcs=4 mem_mib=851 memd_kills=90","",""
S044light.file__epg_index_p50,S,epg_index_p50,filelocks,none,none,0,none,1,0,0,13600,na,na,na,na,na,resumed_to_ready,na,ok,"up_s=9199 regs=2751 log_rx=39300 svcs=4 mem_mib=851 memd_kills=90","",""
S044light.file__epg_index_p75,S,epg_index_p75,filelocks,none,none,0,none,1,0,0,19744,na,na,na,na,na,resumed_to_ready,na,ok,"up_s=9206 regs=2751 log_rx=39350 svcs=4 mem_mib=851 memd_kills=90","",""
S044light.file__epg_text,S,epg_text,filelocks,none,none,0,none,1,0,0,25888,na,na,na,na,na,resumed_to_ready,na,ok,"up_s=9213 regs=2751 log_rx=39350 svcs=4 mem_mib=851 memd_kills=90","",""
S044light.file__epg_reserve,S,epg_reserve,filelocks,none,none,0,none,1,0,0,25888,na,na,na,na,na,resumed_to_ready,na,ok,"up_s=9220 regs=2751 log_rx=39400 svcs=4 mem_mib=851 memd_kills=90","",""
S044light.file__ready,S,ready,filelocks,none,none,0,none,1,0,0,25888,ok,ok,na,na,na,na,na,ok,"up_s=9227 regs=2751 log_rx=39450 svcs=4 mem_mib=851 memd_kills=90","",""
S044light.file__steady,S,steady,filelocks,none,none,0,none,1,0,0,25888,ok,ok,na,na,na,na,na,ok,"up_s=9235 regs=2751 log_rx=39450 svcs=4 mem_mib=851 memd_kills=90","",""
S045light.perm__init,S,init,permissive,none,none,0,none,1,0,0,284,na,na,na,na,na,resumed_to_ready,na,ok,"up_s=9242 regs=2751 log_rx=39500 svcs=4 mem_mib=851 memd_kills=90","",""
S045light.perm__db_open,S,db_open,permissive,none,none,0,none,1,0,0,284,na,na,na,na,na,resumed_to_ready,na,ok,"up_s=9249 regs=2751 log_rx=39550 svcs=4 mem_mib=851 memd_kills=90","",""
S045light.perm__db_read,S,db_read,permissive,none,none,0,none,1,0,0,1304,na,na,na,na,na,resumed_to_ready,na,ok,"up_s=9256 regs=2751 log_rx=39550 svcs=4 mem_mib=851 memd_kills=90","",""
S045light.perm__db_read_p25,S,db_read_p25,permissive,none,none,0,none,1,0,0,1304,na,na,na,na,na,resumed_to_ready,na,ok,"up_s=9263 regs=2751 log_rx=39600 svcs=4 mem_mib=851 memd_kills=90","",""
S045light.perm__db_read_p50,S,db_read_p50,permissive,none,none,0,none,1,0,0,1300,na,na,na,na,na,resumed_to_ready,na,ok,"up_s=9270 regs=2751 log_rx=39600 svcs=4 mem_mib=852 memd_kills=90","",""
S045light.perm__db_read_p75,S,db_read_p75,permissive,none,none,0,none,1,0,0,1300,na,na,na,na,na,resumed_to_ready,na,ok,"up_s=9277 regs=2751 log_rx=39650 svcs=4 mem_mib=851 memd_kills=90","",""
S045light.perm__db_parse,S,db_parse,permissive,none,none,0,none,1,0,0,1304,na,na,na,na,na,resumed_to_ready,na,ok,"up_s=9284 regs=2751 log_rx=39700 svcs=4 mem_mib=852 memd_kills=90","",""
S045light.perm__db_parse_p25,S,db_parse_p25,permissive,none,none,0,none,1,0,0,1300,na,na,na,na,na,resumed_to_ready,na,ok,"up_s=9291 regs=2751 log_rx=39700 svcs=4 mem_mib=852 memd_kills=90","",""
S045light.perm__db_parse_p50,S,db_parse_p50,permissive,none,none,0,none,1,0,0,1304,na,na,na,na,na,resumed_to_ready,na,ok,"up_s=9298 regs=2751 log_rx=39750 svcs=4 mem_mib=852 memd_kills=90","",""
S045light.perm__db_parse_p75,S,db_parse_p75,permissive,none,none,0,none,1,0,0,1304,na,na,na,na,na,resumed_to_ready,na,ok,"up_s=9305 regs=2751 log_rx=39750 svcs=4 mem_mib=852 memd_kills=90","",""
S045light.perm__epg_index,S,epg_index,permissive,none,none,0,none,1,0,0,25888,na,na,na,na,na,resumed_to_ready,na,ok,"up_s=9313 regs=2751 log_rx=39800 svcs=4 mem_mib=852 memd_kills=90","",""
S045light.perm__epg_index_p25,S,epg_index_p25,permissive,none,none,0,none,1,0,0,7456,na,na,na,na,na,resumed_to_ready,na,ok,"up_s=9320 regs=2751 log_rx=39850 svcs=4 mem_mib=852 memd_kills=90","",""
S045light.perm__epg_index_p50,S,epg_index_p50,permissive,none,none,0,none,1,0,0,13600,na,na,na,na,na,resumed_to_ready,na,ok,"up_s=9327 regs=2751 log_rx=39850 svcs=4 mem_mib=852 memd_kills=90","",""
S045light.perm__epg_index_p75,S,epg_index_p75,permissive,none,none,0,none,1,0,0,19744,na,na,na,na,na,resumed_to_ready,na,ok,"up_s=9334 regs=2751 log_rx=39900 svcs=4 mem_mib=852 memd_kills=90","",""
S045light.perm__epg_text,S,epg_text,permissive,none,none,0,none,1,0,0,25888,na,na,na,na,na,resumed_to_ready,na,ok,"up_s=9341 regs=2751 log_rx=39900 svcs=4 mem_mib=852 memd_kills=90","",""
S045light.perm__epg_reserve,S,epg_reserve,permissive,none,none,0,none,1,0,0,25888,na,na,na,na,na,resumed_to_ready,na,ok,"up_s=9348 regs=2751 log_rx=39950 svcs=4 mem_mib=852 memd_kills=90","",""
S045light.perm__ready,S,ready,permissive,none,none,0,none,1,0,0,25888,ok,ok,na,na,na,na,na,ok,"up_s=9355 regs=2751 log_rx=40000 svcs=4 mem_mib=852 memd_kills=90","",""
S045light.perm__steady,S,steady,permissive,none,none,0,none,1,0,0,25888,ok,ok,na,na,na,na,na,ok,"up_s=9363 regs=2751 log_rx=40000 svcs=4 mem_mib=852 memd_kills=90","",""
S046all.stri__init,S,init,strict,none,none,0,normal,1,0,0,284,na,na,na,na,na,resumed_to_ready,na,ok,"up_s=9382 regs=2755 log_rx=40100 svcs=5 mem_mib=850 memd_kills=90","",""
S046all.stri__sig_pending,S,sig_pending,strict,none,none,0,normal,1,0,0,280,na,na,na,na,na,resumed_to_ready,na,ok,"up_s=9400 regs=2759 log_rx=40150 svcs=5 mem_mib=850 memd_kills=90","",""
S046all.stri__dev_urandom,S,dev_urandom,strict,none,none,0,normal,1,0,0,284,na,na,na,na,na,resumed_to_ready,na,ok,"up_s=9418 regs=2763 log_rx=40250 svcs=5 mem_mib=851 memd_kills=90","",""
S046all.stri__log_open,S,log_open,strict,none,none,0,normal,1,1,na,280,na,na,na,na,na,na,na,dump_fail,"up_s=9419 regs=2763 log_rx=40250 svcs=4 mem_mib=833 memd_kills=90","(00.098858) Error (criu/sk-unix.c:874): unix: External socket is used. Consider using --ext-unix-sk option.",""
S046all.stri__db_open,S,db_open,strict,none,none,0,normal,1,1,na,280,na,na,na,na,na,na,na,dump_fail,"up_s=9421 regs=2763 log_rx=40250 svcs=4 mem_mib=833 memd_kills=90","(00.116964) Error (criu/sk-unix.c:874): unix: External socket is used. Consider using --ext-unix-sk option.",""
S046all.stri__db_lock,S,db_lock,strict,none,none,0,normal,1,1,na,264,na,na,na,na,na,na,na,dump_fail,"up_s=9424 regs=2763 log_rx=40300 svcs=4 mem_mib=834 memd_kills=90","(00.130930) Error (criu/file-lock.c:110): Some file locks are hold by dumping tasks! You can try --file-locks to dump them.",""
S046all.stri__db_read_p25,S,db_read_p25,strict,none,none,0,normal,1,1,na,1284,na,na,na,na,na,na,na,dump_fail,"up_s=9427 regs=2763 log_rx=40300 svcs=4 mem_mib=834 memd_kills=90","(00.110532) Error (criu/file-lock.c:110): Some file locks are hold by dumping tasks! You can try --file-locks to dump them.",""
S046all.stri__db_read_p50,S,db_read_p50,strict,none,none,0,normal,1,1,na,1288,na,na,na,na,na,na,na,dump_fail,"up_s=9430 regs=2763 log_rx=40300 svcs=4 mem_mib=834 memd_kills=90","(00.118434) Error (criu/file-lock.c:110): Some file locks are hold by dumping tasks! You can try --file-locks to dump them.",""
S046all.stri__db_read_p75,S,db_read_p75,strict,none,none,0,normal,1,1,na,1284,na,na,na,na,na,na,na,dump_fail,"up_s=9433 regs=2763 log_rx=40300 svcs=4 mem_mib=834 memd_kills=90","(00.115237) Error (criu/file-lock.c:110): Some file locks are hold by dumping tasks! You can try --file-locks to dump them.",""
S046all.stri__db_parse,S,db_parse,strict,none,none,0,normal,1,1,na,1288,na,na,na,na,na,na,na,dump_fail,"up_s=9439 regs=2763 log_rx=40350 svcs=4 mem_mib=837 memd_kills=90","(00.118080) Error (criu/file-lock.c:110): Some file locks are hold by dumping tasks! You can try --file-locks to dump them.",""
S046all.stri__db_parse_p25,S,db_parse_p25,strict,none,none,0,normal,1,1,na,1284,na,na,na,na,na,na,na,dump_fail,"up_s=9443 regs=2763 log_rx=40350 svcs=4 mem_mib=834 memd_kills=90","(00.131268) Error (criu/file-lock.c:110): Some file locks are hold by dumping tasks! You can try --file-locks to dump them.",""
S046all.stri__db_parse_p50,S,db_parse_p50,strict,none,none,0,normal,1,1,na,1284,na,na,na,na,na,na,na,dump_fail,"up_s=9448 regs=2763 log_rx=40400 svcs=4 mem_mib=834 memd_kills=90","(00.110550) Error (criu/file-lock.c:110): Some file locks are hold by dumping tasks! You can try --file-locks to dump them.",""
S046all.stri__db_parse_p75,S,db_parse_p75,strict,none,none,0,normal,1,1,na,1288,na,na,na,na,na,na,na,dump_fail,"up_s=9453 regs=2763 log_rx=40400 svcs=4 mem_mib=834 memd_kills=90","(00.127408) Error (criu/file-lock.c:110): Some file locks are hold by dumping tasks! You can try --file-locks to dump them.",""
S046all.stri__epg_index,S,epg_index,strict,none,none,0,normal,1,1,na,13576,na,na,na,na,na,na,na,dump_fail,"up_s=9460 regs=2763 log_rx=40450 svcs=4 mem_mib=846 memd_kills=90","(00.124916) Error (criu/file-lock.c:110): Some file locks are hold by dumping tasks! You can try --file-locks to dump them.",""
S046all.stri__epg_index_p25,S,epg_index_p25,strict,none,none,0,normal,1,1,na,4364,na,na,na,na,na,na,na,dump_fail,"up_s=9466 regs=2763 log_rx=40450 svcs=4 mem_mib=840 memd_kills=90","(00.134070) Error (criu/file-lock.c:110): Some file locks are hold by dumping tasks! You can try --file-locks to dump them.",""
S046all.stri__epg_index_p50,S,epg_index_p50,strict,none,none,0,normal,1,1,na,7436,na,na,na,na,na,na,na,dump_fail,"up_s=9473 regs=2763 log_rx=40500 svcs=4 mem_mib=843 memd_kills=90","(00.140614) Error (criu/file-lock.c:110): Some file locks are hold by dumping tasks! You can try --file-locks to dump them.",""
S046all.stri__epg_index_p75,S,epg_index_p75,strict,none,none,0,normal,1,1,na,10508,na,na,na,na,na,na,na,dump_fail,"up_s=9480 regs=2763 log_rx=40550 svcs=4 mem_mib=846 memd_kills=90","(00.124289) Error (criu/file-lock.c:110): Some file locks are hold by dumping tasks! You can try --file-locks to dump them.",""
S046all.stri__epg_text,S,epg_text,strict,none,none,0,normal,1,1,na,13576,na,na,na,na,na,na,na,dump_fail,"up_s=9487 regs=2763 log_rx=40550 svcs=4 mem_mib=846 memd_kills=90","(00.115284) Error (criu/file-lock.c:110): Some file locks are hold by dumping tasks! You can try --file-locks to dump them.",""
S046all.stri__epg_reserve,S,epg_reserve,strict,none,none,0,normal,1,1,na,13576,na,na,na,na,na,na,na,dump_fail,"up_s=9495 regs=2763 log_rx=40600 svcs=4 mem_mib=846 memd_kills=90","(00.124511) Error (criu/file-lock.c:110): Some file locks are hold by dumping tasks! You can try --file-locks to dump them.",""
S046all.stri__thread1,S,thread1,strict,none,none,0,normal,1,1,na,13592,na,na,na,na,na,na,na,dump_fail,"up_s=9504 regs=2763 log_rx=40650 svcs=4 mem_mib=846 memd_kills=90","(00.137209) Error (criu/file-lock.c:110): Some file locks are hold by dumping tasks! You can try --file-locks to dump them.",""
S046all.stri__thread2,S,thread2,strict,none,none,0,normal,1,1,na,13604,na,na,na,na,na,na,na,dump_fail,"up_s=9512 regs=2763 log_rx=40650 svcs=4 mem_mib=846 memd_kills=90","(00.139282) Error (criu/file-lock.c:110): Some file locks are hold by dumping tasks! You can try --file-locks to dump them.",""
S046all.stri__thread3,S,thread3,strict,none,none,0,normal,1,1,na,13624,na,na,na,na,na,na,na,dump_fail,"up_s=9522 regs=2763 log_rx=40700 svcs=4 mem_mib=846 memd_kills=90","(00.144246) Error (criu/file-lock.c:110): Some file locks are hold by dumping tasks! You can try --file-locks to dump them.",""
S046all.stri__thread4,S,thread4,strict,none,none,0,normal,1,1,na,13636,na,na,na,na,na,na,na,dump_fail,"up_s=9531 regs=2763 log_rx=40750 svcs=5 mem_mib=847 memd_kills=90","(00.132882) Error (criu/file-lock.c:110): Some file locks are hold by dumping tasks! You can try --file-locks to dump them.",""
S046all.stri__helper_forked,S,helper_forked,strict,none,none,0,normal,1,1,na,27224,na,na,na,na,na,na,na,dump_fail,"up_s=9541 regs=2763 log_rx=40800 svcs=5 mem_mib=847 memd_kills=90","(00.142903) Error (criu/file-lock.c:110): Some file locks are hold by dumping tasks! You can try --file-locks to dump them.",""
S046all.stri__zombie_made,S,zombie_made,strict,none,none,0,normal,1,1,na,27224,na,na,na,na,na,na,na,dump_fail,"up_s=9552 regs=2763 log_rx=40850 svcs=5 mem_mib=847 memd_kills=90","(00.133013) Error (criu/file-lock.c:110): Some file locks are hold by dumping tasks! You can try --file-locks to dump them.",""
S046all.stri__selfpipe,S,selfpipe,strict,none,none,0,normal,1,1,na,27220,na,na,na,na,na,na,na,dump_fail,"up_s=9563 regs=2763 log_rx=40900 svcs=5 mem_mib=847 memd_kills=90","(00.139980) Error (criu/file-lock.c:110): Some file locks are hold by dumping tasks! You can try --file-locks to dump them.",""
S046all.stri__eventfd_open,S,eventfd_open,strict,none,none,0,normal,1,1,na,27228,na,na,na,na,na,na,na,dump_fail,"up_s=9574 regs=2763 log_rx=40950 svcs=5 mem_mib=851 memd_kills=90","(00.151782) Error (criu/file-lock.c:110): Some file locks are hold by dumping tasks! You can try --file-locks to dump them.",""
S046all.stri__shm_map,S,shm_map,strict,none,none,0,normal,1,1,na,27232,na,na,na,na,na,na,na,dump_fail,"up_s=9585 regs=2763 log_rx=41000 svcs=5 mem_mib=851 memd_kills=90","(00.135814) Error (criu/file-lock.c:110): Some file locks are hold by dumping tasks! You can try --file-locks to dump them.",""
S046all.stri__workdir,S,workdir,strict,none,none,0,normal,1,1,na,27228,na,na,na,na,na,na,na,dump_fail,"up_s=9598 regs=2763 log_rx=41050 svcs=5 mem_mib=851 memd_kills=90","(00.151376) Error (criu/file-lock.c:110): Some file locks are hold by dumping tasks! You can try --file-locks to dump them.",""
S046all.stri__tmp_journal,S,tmp_journal,strict,none,none,0,normal,1,1,na,27240,na,na,na,na,na,na,na,dump_fail,"up_s=9610 regs=2764 log_rx=41100 svcs=5 mem_mib=851 memd_kills=90","(00.131862) Error (criu/file-lock.c:110): Some file locks are hold by dumping tasks! You can try --file-locks to dump them.",""
S046all.stri__hub_conn1,S,hub_conn1,strict,none,none,0,normal,1,1,na,27236,na,na,na,na,na,na,na,dump_fail,"up_s=9623 regs=2766 log_rx=41150 svcs=5 mem_mib=851 memd_kills=90","(00.154007) Error (criu/file-lock.c:110): Some file locks are hold by dumping tasks! You can try --file-locks to dump them.",""
S046all.stri__hub_conn2,S,hub_conn2,strict,none,none,0,normal,1,1,na,27236,na,na,na,na,na,na,na,dump_fail,"up_s=9636 regs=2769 log_rx=41200 svcs=5 mem_mib=851 memd_kills=90","(00.154071) Error (criu/file-lock.c:110): Some file locks are hold by dumping tasks! You can try --file-locks to dump them.",""
S046all.stri__hub_conn3,S,hub_conn3,strict,none,none,0,normal,1,1,na,27236,na,na,na,na,na,na,na,dump_fail,"up_s=9650 regs=2773 log_rx=41250 svcs=5 mem_mib=851 memd_kills=90","(00.144434) Error (criu/file-lock.c:110): Some file locks are hold by dumping tasks! You can try --file-locks to dump them.",""
S046all.stri__hub_conn4,S,hub_conn4,strict,none,none,0,normal,1,1,na,27236,na,na,na,na,na,na,na,dump_fail,"up_s=9664 regs=2777 log_rx=41350 svcs=5 mem_mib=851 memd_kills=90","(00.175571) Error (criu/file-lock.c:110): Some file locks are hold by dumping tasks! You can try --file-locks to dump them.",""
S046all.stri__hub_subscribed,S,hub_subscribed,strict,none,none,0,normal,1,1,na,27236,na,na,na,na,na,na,na,dump_fail,"up_s=9678 regs=2781 log_rx=41400 svcs=5 mem_mib=851 memd_kills=90","(00.159800) Error (criu/file-lock.c:110): Some file locks are hold by dumping tasks! You can try --file-locks to dump them.",""
S046all.stri__render_conn,S,render_conn,strict,none,none,0,normal,1,1,na,27236,na,na,na,na,na,na,na,dump_fail,"up_s=9693 regs=2785 log_rx=41450 svcs=5 mem_mib=851 memd_kills=90","(00.162241) Error (criu/file-lock.c:110): Some file locks are hold by dumping tasks! You can try --file-locks to dump them.",""
S046all.stri__tcp_conn,S,tcp_conn,strict,none,none,0,normal,1,1,na,72,na,na,na,na,na,na,na,dump_fail,"up_s=9709 regs=2789 log_rx=41550 svcs=5 mem_mib=851 memd_kills=90","(00.128132) Error (criu/sk-inet.c:200): inet: Connected TCP socket; consider using --tcp-established option.",""
S046all.stri__epoll_open,S,epoll_open,strict,none,none,0,normal,1,1,na,72,na,na,na,na,na,na,na,dump_fail,"up_s=9724 regs=2793 log_rx=41600 svcs=5 mem_mib=851 memd_kills=90","(00.114790) Error (criu/sk-inet.c:200): inet: Connected TCP socket; consider using --tcp-established option.",""
S046all.stri__svc_listen,S,svc_listen,strict,none,none,0,normal,1,1,na,72,na,na,na,na,na,na,na,dump_fail,"up_s=9740 regs=2797 log_rx=41650 svcs=5 mem_mib=851 memd_kills=90","(00.112433) Error (criu/sk-inet.c:200): inet: Connected TCP socket; consider using --tcp-established option.",""
S046all.stri__udp_open,S,udp_open,strict,none,none,0,normal,1,1,na,72,na,na,na,na,na,na,na,dump_fail,"up_s=9757 regs=2801 log_rx=41750 svcs=5 mem_mib=851 memd_kills=90","(00.114999) Error (criu/sk-inet.c:200): inet: Connected TCP socket; consider using --tcp-established option.",""
S046all.stri__netlink_open,S,netlink_open,strict,none,none,0,normal,1,1,na,72,na,na,na,na,na,na,na,dump_fail,"up_s=9773 regs=2805 log_rx=41800 svcs=5 mem_mib=851 memd_kills=90","(00.133567) Error (criu/sk-inet.c:200): inet: Connected TCP socket; consider using --tcp-established option.",""
S046all.stri__timer_armed,S,timer_armed,strict,none,none,0,normal,1,1,na,72,na,na,na,na,na,na,na,dump_fail,"up_s=9791 regs=2809 log_rx=41900 svcs=5 mem_mib=851 memd_kills=90","(00.123174) Error (criu/sk-inet.c:200): inet: Connected TCP socket; consider using --tcp-established option.",""
S046all.stri__db_watch,S,db_watch,strict,none,none,0,normal,1,1,na,72,na,na,na,na,na,na,na,dump_fail,"up_s=9808 regs=2813 log_rx=41950 svcs=5 mem_mib=851 memd_kills=90","(00.118084) Error (criu/sk-inet.c:200): inet: Connected TCP socket; consider using --tcp-established option.",""
S046all.stri__db_mmap,S,db_mmap,strict,none,none,0,normal,1,1,na,72,na,na,na,na,na,na,na,dump_fail,"up_s=9826 regs=2817 log_rx=42050 svcs=5 mem_mib=851 memd_kills=90","(00.126908) Error (criu/sk-inet.c:200): inet: Connected TCP socket; consider using --tcp-established option.",""
S046all.stri__ready,S,ready,strict,none,none,0,normal,1,1,na,72,na,na,na,na,na,na,na,dump_fail,"up_s=9845 regs=2821 log_rx=42100 svcs=5 mem_mib=851 memd_kills=90","(00.130103) Error (criu/sk-inet.c:200): inet: Connected TCP socket; consider using --tcp-established option.",""
S046all.stri__steady,S,steady,strict,none,none,0,normal,1,1,na,72,na,na,na,na,na,na,na,dump_fail,"up_s=9864 regs=2825 log_rx=42200 svcs=5 mem_mib=851 memd_kills=90","(00.102003) Error (criu/sk-inet.c:200): inet: Connected TCP socket; consider using --tcp-established option.",""
S047all.ext___init,S,init,ext_unix,none,none,0,normal,1,0,0,284,na,na,na,na,na,resumed_to_ready,na,ok,"up_s=9882 regs=2829 log_rx=42300 svcs=5 mem_mib=851 memd_kills=90","",""
S047all.ext___sig_pending,S,sig_pending,ext_unix,none,none,0,normal,1,0,0,288,na,na,na,na,na,resumed_to_ready,na,ok,"up_s=9900 regs=2833 log_rx=42350 svcs=5 mem_mib=851 memd_kills=90","",""
S047all.ext___dev_urandom,S,dev_urandom,ext_unix,none,none,0,normal,1,0,0,284,na,na,na,na,na,resumed_to_ready,na,ok,"up_s=9918 regs=2837 log_rx=42450 svcs=5 mem_mib=851 memd_kills=90","",""
S047all.ext___log_open,S,log_open,ext_unix,none,none,0,normal,1,0,0,284,na,na,na,na,na,resumed_to_ready,na,ok,"up_s=9937 regs=2841 log_rx=42500 svcs=5 mem_mib=851 memd_kills=90","",""
S047all.ext___db_open,S,db_open,ext_unix,none,none,0,normal,1,0,0,288,na,na,na,na,na,resumed_to_ready,na,ok,"up_s=9955 regs=2845 log_rx=42600 svcs=5 mem_mib=851 memd_kills=90","",""
S047all.ext___db_lock,S,db_lock,ext_unix,none,none,0,normal,1,1,na,264,na,na,na,na,na,na,na,dump_fail,"up_s=9957 regs=2845 log_rx=42600 svcs=4 mem_mib=835 memd_kills=90","(00.115896) Error (criu/file-lock.c:110): Some file locks are hold by dumping tasks! You can try --file-locks to dump them.",""
S047all.ext___db_read_p25,S,db_read_p25,ext_unix,none,none,0,normal,1,1,na,1284,na,na,na,na,na,na,na,dump_fail,"up_s=9960 regs=2845 log_rx=42600 svcs=4 mem_mib=835 memd_kills=90","(00.128352) Error (criu/file-lock.c:110): Some file locks are hold by dumping tasks! You can try --file-locks to dump them.",""
S047all.ext___db_read_p50,S,db_read_p50,ext_unix,none,none,0,normal,1,1,na,1284,na,na,na,na,na,na,na,dump_fail,"up_s=9963 regs=2845 log_rx=42650 svcs=4 mem_mib=835 memd_kills=90","(00.112723) Error (criu/file-lock.c:110): Some file locks are hold by dumping tasks! You can try --file-locks to dump them.",""
S047all.ext___db_read_p75,S,db_read_p75,ext_unix,none,none,0,normal,1,1,na,1280,na,na,na,na,na,na,na,dump_fail,"up_s=9967 regs=2845 log_rx=42650 svcs=4 mem_mib=835 memd_kills=90","(00.123128) Error (criu/file-lock.c:110): Some file locks are hold by dumping tasks! You can try --file-locks to dump them.",""
S047all.ext___db_parse,S,db_parse,ext_unix,none,none,0,normal,1,1,na,1284,na,na,na,na,na,na,na,dump_fail,"up_s=9972 regs=2845 log_rx=42700 svcs=4 mem_mib=838 memd_kills=90","(00.122009) Error (criu/file-lock.c:110): Some file locks are hold by dumping tasks! You can try --file-locks to dump them.",""
S047all.ext___db_parse_p25,S,db_parse_p25,ext_unix,none,none,0,normal,1,1,na,1288,na,na,na,na,na,na,na,dump_fail,"up_s=9977 regs=2845 log_rx=42700 svcs=4 mem_mib=835 memd_kills=90","(00.107439) Error (criu/file-lock.c:110): Some file locks are hold by dumping tasks! You can try --file-locks to dump them.",""
S047all.ext___db_parse_p50,S,db_parse_p50,ext_unix,none,none,0,normal,1,1,na,1284,na,na,na,na,na,na,na,dump_fail,"up_s=9982 regs=2845 log_rx=42700 svcs=4 mem_mib=835 memd_kills=90","(00.129521) Error (criu/file-lock.c:110): Some file locks are hold by dumping tasks! You can try --file-locks to dump them.",""
S047all.ext___db_parse_p75,S,db_parse_p75,ext_unix,none,none,0,normal,1,1,na,1292,na,na,na,na,na,na,na,dump_fail,"up_s=9987 regs=2845 log_rx=42750 svcs=4 mem_mib=835 memd_kills=90","(00.134256) Error (criu/file-lock.c:110): Some file locks are hold by dumping tasks! You can try --file-locks to dump them.",""
S047all.ext___epg_index,S,epg_index,ext_unix,none,none,0,normal,1,1,na,13576,na,na,na,na,na,na,na,dump_fail,"up_s=9994 regs=2845 log_rx=42800 svcs=4 mem_mib=847 memd_kills=90","(00.140367) Error (criu/file-lock.c:110): Some file locks are hold by dumping tasks! You can try --file-locks to dump them.",""
S047all.ext___epg_index_p25,S,epg_index_p25,ext_unix,none,none,0,normal,1,1,na,4368,na,na,na,na,na,na,na,dump_fail,"up_s=10000 regs=2845 log_rx=42800 svcs=4 mem_mib=841 memd_kills=90","(00.116580) Error (criu/file-lock.c:110): Some file locks are hold by dumping tasks! You can try --file-locks to dump them.",""
S047all.ext___epg_index_p50,S,epg_index_p50,ext_unix,none,none,0,normal,1,1,na,7436,na,na,na,na,na,na,na,dump_fail,"up_s=10006 regs=2845 log_rx=42850 svcs=4 mem_mib=844 memd_kills=90","(00.133220) Error (criu/file-lock.c:110): Some file locks are hold by dumping tasks! You can try --file-locks to dump them.",""
S047all.ext___epg_index_p75,S,epg_index_p75,ext_unix,none,none,0,normal,1,1,na,10508,na,na,na,na,na,na,na,dump_fail,"up_s=10013 regs=2845 log_rx=42850 svcs=4 mem_mib=847 memd_kills=90","(00.135838) Error (criu/file-lock.c:110): Some file locks are hold by dumping tasks! You can try --file-locks to dump them.",""
S047all.ext___epg_text,S,epg_text,ext_unix,none,none,0,normal,1,1,na,13576,na,na,na,na,na,na,na,dump_fail,"up_s=10021 regs=2845 log_rx=42900 svcs=4 mem_mib=847 memd_kills=90","(00.144972) Error (criu/file-lock.c:110): Some file locks are hold by dumping tasks! You can try --file-locks to dump them.",""
S047all.ext___epg_reserve,S,epg_reserve,ext_unix,none,none,0,normal,1,1,na,13576,na,na,na,na,na,na,na,dump_fail,"up_s=10029 regs=2845 log_rx=42950 svcs=4 mem_mib=847 memd_kills=90","(00.123336) Error (criu/file-lock.c:110): Some file locks are hold by dumping tasks! You can try --file-locks to dump them.",""
S047all.ext___thread1,S,thread1,ext_unix,none,none,0,normal,1,1,na,13592,na,na,na,na,na,na,na,dump_fail,"up_s=10037 regs=2845 log_rx=42950 svcs=4 mem_mib=847 memd_kills=90","(00.114332) Error (criu/file-lock.c:110): Some file locks are hold by dumping tasks! You can try --file-locks to dump them.",""
S047all.ext___thread2,S,thread2,ext_unix,none,none,0,normal,1,1,na,13608,na,na,na,na,na,na,na,dump_fail,"up_s=10046 regs=2845 log_rx=43000 svcs=4 mem_mib=847 memd_kills=90","(00.132481) Error (criu/file-lock.c:110): Some file locks are hold by dumping tasks! You can try --file-locks to dump them.",""
S047all.ext___thread3,S,thread3,ext_unix,none,none,0,normal,1,1,na,13620,na,na,na,na,na,na,na,dump_fail,"up_s=10055 regs=2845 log_rx=43050 svcs=4 mem_mib=847 memd_kills=90","(00.130259) Error (criu/file-lock.c:110): Some file locks are hold by dumping tasks! You can try --file-locks to dump them.",""
S047all.ext___thread4,S,thread4,ext_unix,none,none,0,normal,1,1,na,13636,na,na,na,na,na,na,na,dump_fail,"up_s=10065 regs=2845 log_rx=43100 svcs=5 mem_mib=847 memd_kills=90","(00.145542) Error (criu/file-lock.c:110): Some file locks are hold by dumping tasks! You can try --file-locks to dump them.",""
S047all.ext___helper_forked,S,helper_forked,ext_unix,none,none,0,normal,1,1,na,27220,na,na,na,na,na,na,na,dump_fail,"up_s=10075 regs=2845 log_rx=43150 svcs=5 mem_mib=847 memd_kills=90","(00.138588) Error (criu/file-lock.c:110): Some file locks are hold by dumping tasks! You can try --file-locks to dump them.",""
S047all.ext___zombie_made,S,zombie_made,ext_unix,none,none,0,normal,1,1,na,27224,na,na,na,na,na,na,na,dump_fail,"up_s=10085 regs=2845 log_rx=43200 svcs=5 mem_mib=847 memd_kills=90","(00.154861) Error (criu/file-lock.c:110): Some file locks are hold by dumping tasks! You can try --file-locks to dump them.",""
S047all.ext___selfpipe,S,selfpipe,ext_unix,none,none,0,normal,1,1,na,27232,na,na,na,na,na,na,na,dump_fail,"up_s=10096 regs=2845 log_rx=43200 svcs=5 mem_mib=847 memd_kills=90","(00.161414) Error (criu/file-lock.c:110): Some file locks are hold by dumping tasks! You can try --file-locks to dump them.",""
S047all.ext___eventfd_open,S,eventfd_open,ext_unix,none,none,0,normal,1,1,na,27220,na,na,na,na,na,na,na,dump_fail,"up_s=10107 regs=2845 log_rx=43250 svcs=5 mem_mib=851 memd_kills=90","(00.143799) Error (criu/file-lock.c:110): Some file locks are hold by dumping tasks! You can try --file-locks to dump them.",""
S047all.ext___shm_map,S,shm_map,ext_unix,none,none,0,normal,1,1,na,27232,na,na,na,na,na,na,na,dump_fail,"up_s=10119 regs=2845 log_rx=43300 svcs=5 mem_mib=851 memd_kills=90","(00.132743) Error (criu/file-lock.c:110): Some file locks are hold by dumping tasks! You can try --file-locks to dump them.",""
S047all.ext___workdir,S,workdir,ext_unix,none,none,0,normal,1,1,na,27220,na,na,na,na,na,na,na,dump_fail,"up_s=10131 regs=2845 log_rx=43400 svcs=5 mem_mib=851 memd_kills=90","(00.152402) Error (criu/file-lock.c:110): Some file locks are hold by dumping tasks! You can try --file-locks to dump them.",""
S047all.ext___tmp_journal,S,tmp_journal,ext_unix,none,none,0,normal,1,1,na,27228,na,na,na,na,na,na,na,dump_fail,"up_s=10144 regs=2846 log_rx=43450 svcs=5 mem_mib=851 memd_kills=90","(00.138059) Error (criu/file-lock.c:110): Some file locks are hold by dumping tasks! You can try --file-locks to dump them.",""
S047all.ext___hub_conn1,S,hub_conn1,ext_unix,none,none,0,normal,1,1,na,27244,na,na,na,na,na,na,na,dump_fail,"up_s=10156 regs=2848 log_rx=43500 svcs=5 mem_mib=851 memd_kills=90","(00.134420) Error (criu/file-lock.c:110): Some file locks are hold by dumping tasks! You can try --file-locks to dump them.",""
S047all.ext___hub_conn2,S,hub_conn2,ext_unix,none,none,0,normal,1,1,na,27244,na,na,na,na,na,na,na,dump_fail,"up_s=10170 regs=2851 log_rx=43550 svcs=5 mem_mib=851 memd_kills=90","(00.147976) Error (criu/file-lock.c:110): Some file locks are hold by dumping tasks! You can try --file-locks to dump them.",""
S047all.ext___hub_conn3,S,hub_conn3,ext_unix,none,none,0,normal,1,1,na,27244,na,na,na,na,na,na,na,dump_fail,"up_s=10183 regs=2855 log_rx=43600 svcs=5 mem_mib=851 memd_kills=90","(00.157027) Error (criu/file-lock.c:110): Some file locks are hold by dumping tasks! You can try --file-locks to dump them.",""
S047all.ext___hub_conn4,S,hub_conn4,ext_unix,none,none,0,normal,1,1,na,27240,na,na,na,na,na,na,na,dump_fail,"up_s=10197 regs=2859 log_rx=43650 svcs=5 mem_mib=851 memd_kills=90","(00.151676) Error (criu/file-lock.c:110): Some file locks are hold by dumping tasks! You can try --file-locks to dump them.",""
S047all.ext___hub_subscribed,S,hub_subscribed,ext_unix,none,none,0,normal,1,1,na,27240,na,na,na,na,na,na,na,dump_fail,"up_s=10212 regs=2863 log_rx=43750 svcs=5 mem_mib=851 memd_kills=90","(00.143364) Error (criu/file-lock.c:110): Some file locks are hold by dumping tasks! You can try --file-locks to dump them.",""
S047all.ext___render_conn,S,render_conn,ext_unix,none,none,0,normal,1,1,na,27236,na,na,na,na,na,na,na,dump_fail,"up_s=10227 regs=2867 log_rx=43800 svcs=5 mem_mib=851 memd_kills=90","(00.135955) Error (criu/file-lock.c:110): Some file locks are hold by dumping tasks! You can try --file-locks to dump them.",""
S047all.ext___tcp_conn,S,tcp_conn,ext_unix,none,none,0,normal,1,1,na,72,na,na,na,na,na,na,na,dump_fail,"up_s=10242 regs=2871 log_rx=43850 svcs=5 mem_mib=851 memd_kills=90","(00.145767) Error (criu/sk-inet.c:200): inet: Connected TCP socket; consider using --tcp-established option.",""
S047all.ext___epoll_open,S,epoll_open,ext_unix,none,none,0,normal,1,1,na,72,na,na,na,na,na,na,na,dump_fail,"up_s=10258 regs=2875 log_rx=43950 svcs=5 mem_mib=851 memd_kills=90","(00.118184) Error (criu/sk-inet.c:200): inet: Connected TCP socket; consider using --tcp-established option.",""
S047all.ext___svc_listen,S,svc_listen,ext_unix,none,none,0,normal,1,1,na,72,na,na,na,na,na,na,na,dump_fail,"up_s=10274 regs=2879 log_rx=44000 svcs=5 mem_mib=851 memd_kills=90","(00.126757) Error (criu/sk-inet.c:200): inet: Connected TCP socket; consider using --tcp-established option.",""
S047all.ext___udp_open,S,udp_open,ext_unix,none,none,0,normal,1,1,na,72,na,na,na,na,na,na,na,dump_fail,"up_s=10290 regs=2883 log_rx=44050 svcs=5 mem_mib=851 memd_kills=90","(00.109709) Error (criu/sk-inet.c:200): inet: Connected TCP socket; consider using --tcp-established option.",""
S047all.ext___netlink_open,S,netlink_open,ext_unix,none,none,0,normal,1,1,na,72,na,na,na,na,na,na,na,dump_fail,"up_s=10307 regs=2887 log_rx=44150 svcs=5 mem_mib=851 memd_kills=90","(00.111937) Error (criu/sk-inet.c:200): inet: Connected TCP socket; consider using --tcp-established option.",""
S047all.ext___timer_armed,S,timer_armed,ext_unix,none,none,0,normal,1,1,na,72,na,na,na,na,na,na,na,dump_fail,"up_s=10324 regs=2891 log_rx=44200 svcs=5 mem_mib=851 memd_kills=90","(00.108693) Error (criu/sk-inet.c:200): inet: Connected TCP socket; consider using --tcp-established option.",""
S047all.ext___db_watch,S,db_watch,ext_unix,none,none,0,normal,1,1,na,72,na,na,na,na,na,na,na,dump_fail,"up_s=10342 regs=2895 log_rx=44300 svcs=5 mem_mib=851 memd_kills=90","(00.131900) Error (criu/sk-inet.c:200): inet: Connected TCP socket; consider using --tcp-established option.",""
S047all.ext___db_mmap,S,db_mmap,ext_unix,none,none,0,normal,1,1,na,72,na,na,na,na,na,na,na,dump_fail,"up_s=10360 regs=2899 log_rx=44350 svcs=5 mem_mib=851 memd_kills=90","(00.122185) Error (criu/sk-inet.c:200): inet: Connected TCP socket; consider using --tcp-established option.",""
S047all.ext___ready,S,ready,ext_unix,none,none,0,normal,1,1,na,72,na,na,na,na,na,na,na,dump_fail,"up_s=10378 regs=2903 log_rx=44450 svcs=5 mem_mib=851 memd_kills=90","(00.133358) Error (criu/sk-inet.c:200): inet: Connected TCP socket; consider using --tcp-established option.",""
S047all.ext___steady,S,steady,ext_unix,none,none,0,normal,1,1,na,72,na,na,na,na,na,na,na,dump_fail,"up_s=10397 regs=2907 log_rx=44550 svcs=5 mem_mib=852 memd_kills=90","(00.126373) Error (criu/sk-inet.c:200): inet: Connected TCP socket; consider using --tcp-established option.",""
S048all.tcp___init,S,init,tcp_est,none,none,0,normal,1,0,0,284,na,na,na,na,na,resumed_to_ready,na,ok,"up_s=10416 regs=2911 log_rx=44600 svcs=5 mem_mib=852 memd_kills=90","",""
S048all.tcp___sig_pending,S,sig_pending,tcp_est,none,none,0,normal,1,0,0,284,na,na,na,na,na,resumed_to_ready,na,ok,"up_s=10434 regs=2915 log_rx=44700 svcs=5 mem_mib=852 memd_kills=90","",""
S048all.tcp___dev_urandom,S,dev_urandom,tcp_est,none,none,0,normal,1,0,0,284,na,na,na,na,na,resumed_to_ready,na,ok,"up_s=10452 regs=2919 log_rx=44750 svcs=5 mem_mib=852 memd_kills=90","",""
S048all.tcp___log_open,S,log_open,tcp_est,none,none,0,normal,1,1,na,280,na,na,na,na,na,na,na,dump_fail,"up_s=10454 regs=2919 log_rx=44800 svcs=4 mem_mib=834 memd_kills=90","(00.130542) Error (criu/sk-unix.c:874): unix: External socket is used. Consider using --ext-unix-sk option.",""
S048all.tcp___db_open,S,db_open,tcp_est,none,none,0,normal,1,1,na,280,na,na,na,na,na,na,na,dump_fail,"up_s=10456 regs=2919 log_rx=44800 svcs=4 mem_mib=834 memd_kills=90","(00.135510) Error (criu/sk-unix.c:874): unix: External socket is used. Consider using --ext-unix-sk option.",""
S048all.tcp___db_lock,S,db_lock,tcp_est,none,none,0,normal,1,1,na,272,na,na,na,na,na,na,na,dump_fail,"up_s=10458 regs=2919 log_rx=44800 svcs=4 mem_mib=835 memd_kills=90","(00.104440) Error (criu/file-lock.c:110): Some file locks are hold by dumping tasks! You can try --file-locks to dump them.",""
S048all.tcp___db_read_p25,S,db_read_p25,tcp_est,none,none,0,normal,1,1,na,1288,na,na,na,na,na,na,na,dump_fail,"up_s=10461 regs=2919 log_rx=44800 svcs=4 mem_mib=835 memd_kills=90","(00.118398) Error (criu/file-lock.c:110): Some file locks are hold by dumping tasks! You can try --file-locks to dump them.",""
S048all.tcp___db_read_p50,S,db_read_p50,tcp_est,none,none,0,normal,1,1,na,1284,na,na,na,na,na,na,na,dump_fail,"up_s=10464 regs=2919 log_rx=44850 svcs=4 mem_mib=835 memd_kills=90","(00.127348) Error (criu/file-lock.c:110): Some file locks are hold by dumping tasks! You can try --file-locks to dump them.",""
S048all.tcp___db_read_p75,S,db_read_p75,tcp_est,none,none,0,normal,1,1,na,1288,na,na,na,na,na,na,na,dump_fail,"up_s=10467 regs=2919 log_rx=44850 svcs=4 mem_mib=835 memd_kills=90","(00.136300) Error (criu/file-lock.c:110): Some file locks are hold by dumping tasks! You can try --file-locks to dump them.",""
S048all.tcp___db_parse,S,db_parse,tcp_est,none,none,0,normal,1,1,na,1284,na,na,na,na,na,na,na,dump_fail,"up_s=10473 regs=2919 log_rx=44850 svcs=4 mem_mib=838 memd_kills=90","(00.134937) Error (criu/file-lock.c:110): Some file locks are hold by dumping tasks! You can try --file-locks to dump them.",""
S048all.tcp___db_parse_p25,S,db_parse_p25,tcp_est,none,none,0,normal,1,1,na,1288,na,na,na,na,na,na,na,dump_fail,"up_s=10477 regs=2919 log_rx=44900 svcs=4 mem_mib=835 memd_kills=90","(00.108434) Error (criu/file-lock.c:110): Some file locks are hold by dumping tasks! You can try --file-locks to dump them.",""
S048all.tcp___db_parse_p50,S,db_parse_p50,tcp_est,none,none,0,normal,1,1,na,1284,na,na,na,na,na,na,na,dump_fail,"up_s=10482 regs=2919 log_rx=44900 svcs=4 mem_mib=835 memd_kills=90","(00.125364) Error (criu/file-lock.c:110): Some file locks are hold by dumping tasks! You can try --file-locks to dump them.",""
S048all.tcp___db_parse_p75,S,db_parse_p75,tcp_est,none,none,0,normal,1,1,na,1284,na,na,na,na,na,na,na,dump_fail,"up_s=10487 regs=2919 log_rx=44950 svcs=4 mem_mib=835 memd_kills=90","(00.092240) Error (criu/file-lock.c:110): Some file locks are hold by dumping tasks! You can try --file-locks to dump them.",""
S048all.tcp___epg_index,S,epg_index,tcp_est,none,none,0,normal,1,1,na,13576,na,na,na,na,na,na,na,dump_fail,"up_s=10495 regs=2919 log_rx=44950 svcs=4 mem_mib=847 memd_kills=90","(00.109419) Error (criu/file-lock.c:110): Some file locks are hold by dumping tasks! You can try --file-locks to dump them.",""
S048all.tcp___epg_index_p25,S,epg_index_p25,tcp_est,none,none,0,normal,1,1,na,4364,na,na,na,na,na,na,na,dump_fail,"up_s=10501 regs=2919 log_rx=45000 svcs=4 mem_mib=841 memd_kills=90","(00.126248) Error (criu/file-lock.c:110): Some file locks are hold by dumping tasks! You can try --file-locks to dump them.",""
S048all.tcp___epg_index_p50,S,epg_index_p50,tcp_est,none,none,0,normal,1,1,na,7436,na,na,na,na,na,na,na,dump_fail,"up_s=10507 regs=2919 log_rx=45000 svcs=4 mem_mib=844 memd_kills=90","(00.121576) Error (criu/file-lock.c:110): Some file locks are hold by dumping tasks! You can try --file-locks to dump them.",""
S048all.tcp___epg_index_p75,S,epg_index_p75,tcp_est,none,none,0,normal,1,1,na,10508,na,na,na,na,na,na,na,dump_fail,"up_s=10514 regs=2919 log_rx=45050 svcs=4 mem_mib=847 memd_kills=90","(00.122360) Error (criu/file-lock.c:110): Some file locks are hold by dumping tasks! You can try --file-locks to dump them.",""
S048all.tcp___epg_text,S,epg_text,tcp_est,none,none,0,normal,1,1,na,13576,na,na,na,na,na,na,na,dump_fail,"up_s=10521 regs=2919 log_rx=45100 svcs=4 mem_mib=847 memd_kills=90","(00.145027) Error (criu/file-lock.c:110): Some file locks are hold by dumping tasks! You can try --file-locks to dump them.",""
S048all.tcp___epg_reserve,S,epg_reserve,tcp_est,none,none,0,normal,1,1,na,13576,na,na,na,na,na,na,na,dump_fail,"up_s=10529 regs=2919 log_rx=45100 svcs=4 mem_mib=847 memd_kills=90","(00.133267) Error (criu/file-lock.c:110): Some file locks are hold by dumping tasks! You can try --file-locks to dump them.",""
S048all.tcp___thread1,S,thread1,tcp_est,none,none,0,normal,1,1,na,13592,na,na,na,na,na,na,na,dump_fail,"up_s=10538 regs=2919 log_rx=45150 svcs=4 mem_mib=847 memd_kills=90","(00.130972) Error (criu/file-lock.c:110): Some file locks are hold by dumping tasks! You can try --file-locks to dump them.",""
S048all.tcp___thread2,S,thread2,tcp_est,none,none,0,normal,1,1,na,13604,na,na,na,na,na,na,na,dump_fail,"up_s=10547 regs=2919 log_rx=45200 svcs=4 mem_mib=847 memd_kills=90","(00.139198) Error (criu/file-lock.c:110): Some file locks are hold by dumping tasks! You can try --file-locks to dump them.",""
S048all.tcp___thread3,S,thread3,tcp_est,none,none,0,normal,1,1,na,13620,na,na,na,na,na,na,na,dump_fail,"up_s=10556 regs=2919 log_rx=45250 svcs=4 mem_mib=847 memd_kills=90","(00.129096) Error (criu/file-lock.c:110): Some file locks are hold by dumping tasks! You can try --file-locks to dump them.",""
S048all.tcp___thread4,S,thread4,tcp_est,none,none,0,normal,1,1,na,13640,na,na,na,na,na,na,na,dump_fail,"up_s=10565 regs=2919 log_rx=45300 svcs=5 mem_mib=848 memd_kills=90","(00.139191) Error (criu/file-lock.c:110): Some file locks are hold by dumping tasks! You can try --file-locks to dump them.",""
S048all.tcp___helper_forked,S,helper_forked,tcp_est,none,none,0,normal,1,1,na,27224,na,na,na,na,na,na,na,dump_fail,"up_s=10575 regs=2919 log_rx=45300 svcs=5 mem_mib=848 memd_kills=90","(00.157666) Error (criu/file-lock.c:110): Some file locks are hold by dumping tasks! You can try --file-locks to dump them.",""
S048all.tcp___zombie_made,S,zombie_made,tcp_est,none,none,0,normal,1,1,na,27216,na,na,na,na,na,na,na,dump_fail,"up_s=10586 regs=2919 log_rx=45350 svcs=5 mem_mib=848 memd_kills=90","(00.165312) Error (criu/file-lock.c:110): Some file locks are hold by dumping tasks! You can try --file-locks to dump them.",""
S048all.tcp___selfpipe,S,selfpipe,tcp_est,none,none,0,normal,1,1,na,27224,na,na,na,na,na,na,na,dump_fail,"up_s=10597 regs=2919 log_rx=45400 svcs=5 mem_mib=848 memd_kills=90","(00.155728) Error (criu/file-lock.c:110): Some file locks are hold by dumping tasks! You can try --file-locks to dump them.",""
S048all.tcp___eventfd_open,S,eventfd_open,tcp_est,none,none,0,normal,1,1,na,27224,na,na,na,na,na,na,na,dump_fail,"up_s=10608 regs=2919 log_rx=45450 svcs=5 mem_mib=852 memd_kills=90","(00.158695) Error (criu/file-lock.c:110): Some file locks are hold by dumping tasks! You can try --file-locks to dump them.",""
S048all.tcp___shm_map,S,shm_map,tcp_est,none,none,0,normal,1,1,na,27224,na,na,na,na,na,na,na,dump_fail,"up_s=10620 regs=2919 log_rx=45500 svcs=5 mem_mib=852 memd_kills=90","(00.151955) Error (criu/file-lock.c:110): Some file locks are hold by dumping tasks! You can try --file-locks to dump them.",""
S048all.tcp___workdir,S,workdir,tcp_est,none,none,0,normal,1,1,na,27224,na,na,na,na,na,na,na,dump_fail,"up_s=10632 regs=2919 log_rx=45550 svcs=5 mem_mib=852 memd_kills=90","(00.154598) Error (criu/file-lock.c:110): Some file locks are hold by dumping tasks! You can try --file-locks to dump them.",""
S048all.tcp___tmp_journal,S,tmp_journal,tcp_est,none,none,0,normal,1,1,na,27232,na,na,na,na,na,na,na,dump_fail,"up_s=10644 regs=2920 log_rx=45600 svcs=5 mem_mib=852 memd_kills=90","(00.149501) Error (criu/file-lock.c:110): Some file locks are hold by dumping tasks! You can try --file-locks to dump them.",""
S048all.tcp___hub_conn1,S,hub_conn1,tcp_est,none,none,0,normal,1,1,na,27244,na,na,na,na,na,na,na,dump_fail,"up_s=10657 regs=2922 log_rx=45700 svcs=5 mem_mib=852 memd_kills=90","(00.147878) Error (criu/file-lock.c:110): Some file locks are hold by dumping tasks! You can try --file-locks to dump them.",""
S048all.tcp___hub_conn2,S,hub_conn2,tcp_est,none,none,0,normal,1,1,na,27244,na,na,na,na,na,na,na,dump_fail,"up_s=10670 regs=2925 log_rx=45750 svcs=5 mem_mib=852 memd_kills=90","(00.127484) Error (criu/file-lock.c:110): Some file locks are hold by dumping tasks! You can try --file-locks to dump them.",""
S048all.tcp___hub_conn3,S,hub_conn3,tcp_est,none,none,0,normal,1,1,na,27244,na,na,na,na,na,na,na,dump_fail,"up_s=10684 regs=2929 log_rx=45800 svcs=5 mem_mib=852 memd_kills=90","(00.157221) Error (criu/file-lock.c:110): Some file locks are hold by dumping tasks! You can try --file-locks to dump them.",""
S048all.tcp___hub_conn4,S,hub_conn4,tcp_est,none,none,0,normal,1,1,na,27244,na,na,na,na,na,na,na,dump_fail,"up_s=10698 regs=2933 log_rx=45850 svcs=5 mem_mib=852 memd_kills=90","(00.122122) Error (criu/file-lock.c:110): Some file locks are hold by dumping tasks! You can try --file-locks to dump them.",""
S048all.tcp___hub_subscribed,S,hub_subscribed,tcp_est,none,none,0,normal,1,1,na,27248,na,na,na,na,na,na,na,dump_fail,"up_s=10713 regs=2937 log_rx=45900 svcs=5 mem_mib=852 memd_kills=90","(00.132093) Error (criu/file-lock.c:110): Some file locks are hold by dumping tasks! You can try --file-locks to dump them.",""
S048all.tcp___render_conn,S,render_conn,tcp_est,none,none,0,normal,1,1,na,27240,na,na,na,na,na,na,na,dump_fail,"up_s=10727 regs=2941 log_rx=46000 svcs=5 mem_mib=852 memd_kills=90","(00.139535) Error (criu/file-lock.c:110): Some file locks are hold by dumping tasks! You can try --file-locks to dump them.",""
S048all.tcp___tcp_conn,S,tcp_conn,tcp_est,none,none,0,normal,1,1,na,27252,na,na,na,na,na,na,na,dump_fail,"up_s=10743 regs=2945 log_rx=46050 svcs=5 mem_mib=852 memd_kills=90","(00.155523) Error (criu/file-lock.c:110): Some file locks are hold by dumping tasks! You can try --file-locks to dump them.",""
S048all.tcp___epoll_open,S,epoll_open,tcp_est,none,none,0,normal,1,1,na,27244,na,na,na,na,na,na,na,dump_fail,"up_s=10758 regs=2949 log_rx=46100 svcs=5 mem_mib=852 memd_kills=90","(00.151207) Error (criu/file-lock.c:110): Some file locks are hold by dumping tasks! You can try --file-locks to dump them.",""
S048all.tcp___svc_listen,S,svc_listen,tcp_est,none,none,0,normal,1,1,na,27252,na,na,na,na,na,na,na,dump_fail,"up_s=10775 regs=2953 log_rx=46200 svcs=5 mem_mib=852 memd_kills=90","(00.159954) Error (criu/file-lock.c:110): Some file locks are hold by dumping tasks! You can try --file-locks to dump them.",""
S048all.tcp___udp_open,S,udp_open,tcp_est,none,none,0,normal,1,1,na,27248,na,na,na,na,na,na,na,dump_fail,"up_s=10791 regs=2957 log_rx=46250 svcs=5 mem_mib=852 memd_kills=90","(00.157106) Error (criu/file-lock.c:110): Some file locks are hold by dumping tasks! You can try --file-locks to dump them.",""
S048all.tcp___netlink_open,S,netlink_open,tcp_est,none,none,0,normal,1,1,na,27248,na,na,na,na,na,na,na,dump_fail,"up_s=10808 regs=2961 log_rx=46350 svcs=5 mem_mib=852 memd_kills=90","(00.142995) Error (criu/file-lock.c:110): Some file locks are hold by dumping tasks! You can try --file-locks to dump them.",""
S048all.tcp___timer_armed,S,timer_armed,tcp_est,none,none,0,normal,1,1,na,27248,na,na,na,na,na,na,na,dump_fail,"up_s=10826 regs=2965 log_rx=46400 svcs=5 mem_mib=852 memd_kills=90","(00.160778) Error (criu/file-lock.c:110): Some file locks are hold by dumping tasks! You can try --file-locks to dump them.",""
S048all.tcp___db_watch,S,db_watch,tcp_est,none,none,0,normal,1,1,na,160,na,na,na,na,na,na,na,dump_fail,"up_s=10843 regs=2969 log_rx=46500 svcs=5 mem_mib=852 memd_kills=90","(00.113586) Error (criu/fsnotify.c:284): fsnotify: 	Can't dump that handle",""
S048all.tcp___db_mmap,S,db_mmap,tcp_est,none,none,0,normal,1,1,na,160,na,na,na,na,na,na,na,dump_fail,"up_s=10861 regs=2973 log_rx=46550 svcs=5 mem_mib=852 memd_kills=90","(00.111480) Error (criu/fsnotify.c:284): fsnotify: 	Can't dump that handle",""
S048all.tcp___ready,S,ready,tcp_est,none,none,0,normal,1,1,na,160,na,na,na,na,na,na,na,dump_fail,"up_s=10880 regs=2977 log_rx=46650 svcs=5 mem_mib=852 memd_kills=90","(00.117653) Error (criu/fsnotify.c:284): fsnotify: 	Can't dump that handle",""
S048all.tcp___steady,S,steady,tcp_est,none,none,0,normal,1,1,na,160,na,na,na,na,na,na,na,dump_fail,"up_s=10899 regs=2981 log_rx=46750 svcs=5 mem_mib=852 memd_kills=90","(00.145700) Error (criu/fsnotify.c:284): fsnotify: 	Can't dump that handle",""
S049all.file__init,S,init,filelocks,none,none,0,normal,1,0,0,288,na,na,na,na,na,resumed_to_ready,na,ok,"up_s=10917 regs=2985 log_rx=46800 svcs=5 mem_mib=852 memd_kills=90","",""
S049all.file__sig_pending,S,sig_pending,filelocks,none,none,0,normal,1,0,0,284,na,na,na,na,na,resumed_to_ready,na,ok,"up_s=10935 regs=2989 log_rx=46900 svcs=5 mem_mib=852 memd_kills=90","",""
S049all.file__dev_urandom,S,dev_urandom,filelocks,none,none,0,normal,1,0,0,284,na,na,na,na,na,resumed_to_ready,na,ok,"up_s=10954 regs=2993 log_rx=46950 svcs=5 mem_mib=852 memd_kills=90","",""
S049all.file__log_open,S,log_open,filelocks,none,none,0,normal,1,1,na,276,na,na,na,na,na,na,na,dump_fail,"up_s=10955 regs=2993 log_rx=46950 svcs=4 mem_mib=835 memd_kills=90","(00.124667) Error (criu/sk-unix.c:874): unix: External socket is used. Consider using --ext-unix-sk option.",""
S049all.file__db_open,S,db_open,filelocks,none,none,0,normal,1,1,na,280,na,na,na,na,na,na,na,dump_fail,"up_s=10957 regs=2993 log_rx=47000 svcs=4 mem_mib=835 memd_kills=90","(00.133297) Error (criu/sk-unix.c:874): unix: External socket is used. Consider using --ext-unix-sk option.",""
S049all.file__db_lock,S,db_lock,filelocks,none,none,0,normal,1,1,na,284,na,na,na,na,na,na,na,dump_fail,"up_s=10959 regs=2993 log_rx=47000 svcs=4 mem_mib=836 memd_kills=90","(00.123996) Error (criu/sk-unix.c:874): unix: External socket is used. Consider using --ext-unix-sk option.",""
S049all.file__db_read_p25,S,db_read_p25,filelocks,none,none,0,normal,1,1,na,1304,na,na,na,na,na,na,na,dump_fail,"up_s=10962 regs=2993 log_rx=47000 svcs=4 mem_mib=836 memd_kills=90","(00.122374) Error (criu/sk-unix.c:874): unix: External socket is used. Consider using --ext-unix-sk option.",""
S049all.file__db_read_p50,S,db_read_p50,filelocks,none,none,0,normal,1,1,na,1304,na,na,na,na,na,na,na,dump_fail,"up_s=10965 regs=2993 log_rx=47000 svcs=4 mem_mib=836 memd_kills=90","(00.132324) Error (criu/sk-unix.c:874): unix: External socket is used. Consider using --ext-unix-sk option.",""
S049all.file__db_read_p75,S,db_read_p75,filelocks,none,none,0,normal,1,1,na,1304,na,na,na,na,na,na,na,dump_fail,"up_s=10969 regs=2993 log_rx=47050 svcs=4 mem_mib=836 memd_kills=90","(00.132018) Error (criu/sk-unix.c:874): unix: External socket is used. Consider using --ext-unix-sk option.",""
S049all.file__db_parse,S,db_parse,filelocks,none,none,0,normal,1,1,na,1304,na,na,na,na,na,na,na,dump_fail,"up_s=10974 regs=2993 log_rx=47050 svcs=4 mem_mib=839 memd_kills=90","(00.105468) Error (criu/sk-unix.c:874): unix: External socket is used. Consider using --ext-unix-sk option.",""
S049all.file__db_parse_p25,S,db_parse_p25,filelocks,none,none,0,normal,1,1,na,1304,na,na,na,na,na,na,na,dump_fail,"up_s=10979 regs=2993 log_rx=47100 svcs=4 mem_mib=836 memd_kills=90","(00.116678) Error (criu/sk-unix.c:874): unix: External socket is used. Consider using --ext-unix-sk option.",""
S049all.file__db_parse_p50,S,db_parse_p50,filelocks,none,none,0,normal,1,1,na,1304,na,na,na,na,na,na,na,dump_fail,"up_s=10984 regs=2993 log_rx=47100 svcs=4 mem_mib=836 memd_kills=90","(00.130618) Error (criu/sk-unix.c:874): unix: External socket is used. Consider using --ext-unix-sk option.",""
S049all.file__db_parse_p75,S,db_parse_p75,filelocks,none,none,0,normal,1,1,na,1304,na,na,na,na,na,na,na,dump_fail,"up_s=10989 regs=2993 log_rx=47150 svcs=4 mem_mib=836 memd_kills=90","(00.119480) Error (criu/sk-unix.c:874): unix: External socket is used. Consider using --ext-unix-sk option.",""
S049all.file__epg_index,S,epg_index,filelocks,none,none,0,normal,1,1,na,13596,na,na,na,na,na,na,na,dump_fail,"up_s=10996 regs=2993 log_rx=47150 svcs=4 mem_mib=848 memd_kills=90","(00.139378) Error (criu/sk-unix.c:874): unix: External socket is used. Consider using --ext-unix-sk option.",""
S049all.file__epg_index_p25,S,epg_index_p25,filelocks,none,none,0,normal,1,1,na,4380,na,na,na,na,na,na,na,dump_fail,"up_s=11002 regs=2993 log_rx=47200 svcs=4 mem_mib=842 memd_kills=90","(00.122205) Error (criu/sk-unix.c:874): unix: External socket is used. Consider using --ext-unix-sk option.",""
S049all.file__epg_index_p50,S,epg_index_p50,filelocks,none,none,0,normal,1,1,na,7452,na,na,na,na,na,na,na,dump_fail,"up_s=11008 regs=2993 log_rx=47200 svcs=4 mem_mib=845 memd_kills=90","(00.137471) Error (criu/sk-unix.c:874): unix: External socket is used. Consider using --ext-unix-sk option.",""
S049all.file__epg_index_p75,S,epg_index_p75,filelocks,none,none,0,normal,1,1,na,10524,na,na,na,na,na,na,na,dump_fail,"up_s=11015 regs=2993 log_rx=47250 svcs=4 mem_mib=848 memd_kills=90","(00.141626) Error (criu/sk-unix.c:874): unix: External socket is used. Consider using --ext-unix-sk option.",""
S049all.file__epg_text,S,epg_text,filelocks,none,none,0,normal,1,1,na,13596,na,na,na,na,na,na,na,dump_fail,"up_s=11023 regs=2993 log_rx=47300 svcs=4 mem_mib=848 memd_kills=90","(00.131928) Error (criu/sk-unix.c:874): unix: External socket is used. Consider using --ext-unix-sk option.",""
S049all.file__epg_reserve,S,epg_reserve,filelocks,none,none,0,normal,1,1,na,13596,na,na,na,na,na,na,na,dump_fail,"up_s=11031 regs=2993 log_rx=47300 svcs=4 mem_mib=848 memd_kills=90","(00.138611) Error (criu/sk-unix.c:874): unix: External socket is used. Consider using --ext-unix-sk option.",""
S049all.file__thread1,S,thread1,filelocks,none,none,0,normal,1,1,na,13612,na,na,na,na,na,na,na,dump_fail,"up_s=11039 regs=2993 log_rx=47350 svcs=4 mem_mib=848 memd_kills=90","(00.134060) Error (criu/sk-unix.c:874): unix: External socket is used. Consider using --ext-unix-sk option.",""
S049all.file__thread2,S,thread2,filelocks,none,none,0,normal,1,1,na,13624,na,na,na,na,na,na,na,dump_fail,"up_s=11048 regs=2993 log_rx=47400 svcs=4 mem_mib=848 memd_kills=90","(00.127065) Error (criu/sk-unix.c:874): unix: External socket is used. Consider using --ext-unix-sk option.",""
S049all.file__thread3,S,thread3,filelocks,none,none,0,normal,1,1,na,13636,na,na,na,na,na,na,na,dump_fail,"up_s=11057 regs=2993 log_rx=47450 svcs=4 mem_mib=848 memd_kills=90","(00.129684) Error (criu/sk-unix.c:874): unix: External socket is used. Consider using --ext-unix-sk option.",""
S049all.file__thread4,S,thread4,filelocks,none,none,0,normal,1,1,na,13656,na,na,na,na,na,na,na,dump_fail,"up_s=11067 regs=2993 log_rx=47450 svcs=5 mem_mib=848 memd_kills=90","(00.155401) Error (criu/sk-unix.c:874): unix: External socket is used. Consider using --ext-unix-sk option.",""
S049all.file__helper_forked,S,helper_forked,filelocks,none,none,0,normal,1,1,na,27236,na,na,na,na,na,na,na,dump_fail,"up_s=11077 regs=2993 log_rx=47500 svcs=5 mem_mib=848 memd_kills=90","(00.154740) Error (criu/sk-unix.c:874): unix: External socket is used. Consider using --ext-unix-sk option.",""
S049all.file__zombie_made,S,zombie_made,filelocks,none,none,0,normal,1,1,na,27236,na,na,na,na,na,na,na,dump_fail,"up_s=11087 regs=2993 log_rx=47550 svcs=5 mem_mib=848 memd_kills=90","(00.137332) Error (criu/sk-unix.c:874): unix: External socket is used. Consider using --ext-unix-sk option.",""
S049all.file__selfpipe,S,selfpipe,filelocks,none,none,0,normal,1,1,na,27240,na,na,na,na,na,na,na,dump_fail,"up_s=11098 regs=2993 log_rx=47600 svcs=5 mem_mib=848 memd_kills=90","(00.159932) Error (criu/sk-unix.c:874): unix: External socket is used. Consider using --ext-unix-sk option.",""
S049all.file__eventfd_open,S,eventfd_open,filelocks,none,none,0,normal,1,1,na,27252,na,na,na,na,na,na,na,dump_fail,"up_s=11110 regs=2993 log_rx=47650 svcs=5 mem_mib=852 memd_kills=90","(00.165358) Error (criu/sk-unix.c:874): unix: External socket is used. Consider using --ext-unix-sk option.",""
S049all.file__shm_map,S,shm_map,filelocks,none,none,0,normal,1,1,na,27244,na,na,na,na,na,na,na,dump_fail,"up_s=11121 regs=2993 log_rx=47700 svcs=5 mem_mib=852 memd_kills=90","(00.146697) Error (criu/sk-unix.c:874): unix: External socket is used. Consider using --ext-unix-sk option.",""
S049all.file__workdir,S,workdir,filelocks,none,none,0,normal,1,1,na,27244,na,na,na,na,na,na,na,dump_fail,"up_s=11133 regs=2993 log_rx=47750 svcs=5 mem_mib=852 memd_kills=90","(00.162189) Error (criu/sk-unix.c:874): unix: External socket is used. Consider using --ext-unix-sk option.",""
S049all.file__tmp_journal,S,tmp_journal,filelocks,none,none,0,normal,1,1,na,27260,na,na,na,na,na,na,na,dump_fail,"up_s=11146 regs=2994 log_rx=47800 svcs=5 mem_mib=852 memd_kills=90","(00.162865) Error (criu/sk-unix.c:874): unix: External socket is used. Consider using --ext-unix-sk option.",""
S049all.file__hub_conn1,S,hub_conn1,filelocks,none,none,0,normal,1,1,na,27256,na,na,na,na,na,na,na,dump_fail,"up_s=11159 regs=2996 log_rx=47850 svcs=5 mem_mib=852 memd_kills=90","(00.145529) Error (criu/sk-unix.c:874): unix: External socket is used. Consider using --ext-unix-sk option.",""
S049all.file__hub_conn2,S,hub_conn2,filelocks,none,none,0,normal,1,1,na,27264,na,na,na,na,na,na,na,dump_fail,"up_s=11172 regs=2999 log_rx=47950 svcs=5 mem_mib=852 memd_kills=90","(00.124998) Error (criu/sk-unix.c:874): unix: External socket is used. Consider using --ext-unix-sk option.",""
S049all.file__hub_conn3,S,hub_conn3,filelocks,none,none,0,normal,1,1,na,27256,na,na,na,na,na,na,na,dump_fail,"up_s=11186 regs=3003 log_rx=48000 svcs=5 mem_mib=852 memd_kills=90","(00.144479) Error (criu/sk-unix.c:874): unix: External socket is used. Consider using --ext-unix-sk option.",""
S049all.file__hub_conn4,S,hub_conn4,filelocks,none,none,0,normal,1,1,na,27260,na,na,na,na,na,na,na,dump_fail,"up_s=11200 regs=3007 log_rx=48050 svcs=5 mem_mib=852 memd_kills=90","(00.142139) Error (criu/sk-unix.c:874): unix: External socket is used. Consider using --ext-unix-sk option.",""
S049all.file__hub_subscribed,S,hub_subscribed,filelocks,none,none,0,normal,1,1,na,27260,na,na,na,na,na,na,na,dump_fail,"up_s=11214 regs=3011 log_rx=48100 svcs=5 mem_mib=852 memd_kills=90","(00.141799) Error (criu/sk-unix.c:874): unix: External socket is used. Consider using --ext-unix-sk option.",""
S049all.file__render_conn,S,render_conn,filelocks,none,none,0,normal,1,1,na,27268,na,na,na,na,na,na,na,dump_fail,"up_s=11229 regs=3015 log_rx=48200 svcs=5 mem_mib=852 memd_kills=90","(00.153570) Error (criu/sk-unix.c:874): unix: External socket is used. Consider using --ext-unix-sk option.",""
S049all.file__tcp_conn,S,tcp_conn,filelocks,none,none,0,normal,1,1,na,72,na,na,na,na,na,na,na,dump_fail,"up_s=11244 regs=3019 log_rx=48250 svcs=5 mem_mib=852 memd_kills=90","(00.115666) Error (criu/sk-inet.c:200): inet: Connected TCP socket; consider using --tcp-established option.",""
S049all.file__epoll_open,S,epoll_open,filelocks,none,none,0,normal,1,1,na,72,na,na,na,na,na,na,na,dump_fail,"up_s=11260 regs=3023 log_rx=48300 svcs=5 mem_mib=852 memd_kills=90","(00.130270) Error (criu/sk-inet.c:200): inet: Connected TCP socket; consider using --tcp-established option.",""
S049all.file__svc_listen,S,svc_listen,filelocks,none,none,0,normal,1,1,na,72,na,na,na,na,na,na,na,dump_fail,"up_s=11276 regs=3027 log_rx=48400 svcs=5 mem_mib=852 memd_kills=90","(00.120649) Error (criu/sk-inet.c:200): inet: Connected TCP socket; consider using --tcp-established option.",""
S049all.file__udp_open,S,udp_open,filelocks,none,none,0,normal,1,1,na,72,na,na,na,na,na,na,na,dump_fail,"up_s=11292 regs=3031 log_rx=48450 svcs=5 mem_mib=852 memd_kills=90","(00.130067) Error (criu/sk-inet.c:200): inet: Connected TCP socket; consider using --tcp-established option.",""
S049all.file__netlink_open,S,netlink_open,filelocks,none,none,0,normal,1,1,na,72,na,na,na,na,na,na,na,dump_fail,"up_s=11309 regs=3035 log_rx=48500 svcs=5 mem_mib=852 memd_kills=90","(00.129747) Error (criu/sk-inet.c:200): inet: Connected TCP socket; consider using --tcp-established option.",""
S049all.file__timer_armed,S,timer_armed,filelocks,none,none,0,normal,1,1,na,72,na,na,na,na,na,na,na,dump_fail,"up_s=11326 regs=3039 log_rx=48600 svcs=5 mem_mib=852 memd_kills=90","(00.101406) Error (criu/sk-inet.c:200): inet: Connected TCP socket; consider using --tcp-established option.",""
S049all.file__db_watch,S,db_watch,filelocks,none,none,0,normal,1,1,na,72,na,na,na,na,na,na,na,dump_fail,"up_s=11344 regs=3043 log_rx=48650 svcs=5 mem_mib=852 memd_kills=90","(00.118217) Error (criu/sk-inet.c:200): inet: Connected TCP socket; consider using --tcp-established option.",""
S049all.file__db_mmap,S,db_mmap,filelocks,none,none,0,normal,1,1,na,72,na,na,na,na,na,na,na,dump_fail,"up_s=11362 regs=3047 log_rx=48750 svcs=5 mem_mib=852 memd_kills=90","(00.104821) Error (criu/sk-inet.c:200): inet: Connected TCP socket; consider using --tcp-established option.",""
S049all.file__ready,S,ready,filelocks,none,none,0,normal,1,1,na,72,na,na,na,na,na,na,na,dump_fail,"up_s=11381 regs=3051 log_rx=48850 svcs=5 mem_mib=852 memd_kills=90","(00.101242) Error (criu/sk-inet.c:200): inet: Connected TCP socket; consider using --tcp-established option.",""
S049all.file__steady,S,steady,filelocks,none,none,0,normal,1,1,na,72,na,na,na,na,na,na,na,dump_fail,"up_s=11399 regs=3055 log_rx=48900 svcs=5 mem_mib=853 memd_kills=90","(00.130476) Error (criu/sk-inet.c:200): inet: Connected TCP socket; consider using --tcp-established option.",""
S050all.perm__init,S,init,permissive,none,none,0,normal,1,0,0,284,na,na,na,na,na,resumed_to_ready,na,ok,"up_s=11418 regs=3059 log_rx=49000 svcs=5 mem_mib=853 memd_kills=90","",""
S050all.perm__sig_pending,S,sig_pending,permissive,none,none,0,normal,1,0,0,284,na,na,na,na,na,resumed_to_ready,na,ok,"up_s=11436 regs=3063 log_rx=49050 svcs=5 mem_mib=853 memd_kills=90","",""
S050all.perm__dev_urandom,S,dev_urandom,permissive,none,none,0,normal,1,0,0,284,na,na,na,na,na,resumed_to_ready,na,ok,"up_s=11454 regs=3067 log_rx=49150 svcs=5 mem_mib=853 memd_kills=90","",""
S050all.perm__log_open,S,log_open,permissive,none,none,0,normal,1,0,0,288,na,na,na,na,na,resumed_to_ready,na,ok,"up_s=11472 regs=3071 log_rx=49250 svcs=5 mem_mib=853 memd_kills=90","",""
S050all.perm__db_open,S,db_open,permissive,none,none,0,normal,1,0,0,288,na,na,na,na,na,resumed_to_ready,na,ok,"up_s=11491 regs=3075 log_rx=49300 svcs=5 mem_mib=853 memd_kills=90","",""
S050all.perm__db_lock,S,db_lock,permissive,none,none,0,normal,1,0,0,292,na,na,na,na,na,resumed_to_ready,na,ok,"up_s=11509 regs=3079 log_rx=49400 svcs=5 mem_mib=853 memd_kills=90","",""
S050all.perm__db_read_p25,S,db_read_p25,permissive,none,none,0,normal,1,0,0,1312,na,na,na,na,na,resumed_to_ready,na,ok,"up_s=11527 regs=3083 log_rx=49450 svcs=5 mem_mib=853 memd_kills=90","",""
S050all.perm__db_read_p50,S,db_read_p50,permissive,none,none,0,normal,1,0,0,1312,na,na,na,na,na,resumed_to_ready,na,ok,"up_s=11545 regs=3087 log_rx=49550 svcs=5 mem_mib=853 memd_kills=90","",""
S050all.perm__db_read_p75,S,db_read_p75,permissive,none,none,0,normal,1,0,0,1308,na,na,na,na,na,resumed_to_ready,na,ok,"up_s=11564 regs=3091 log_rx=49650 svcs=5 mem_mib=853 memd_kills=90","",""
S050all.perm__db_parse,S,db_parse,permissive,none,none,0,normal,1,0,0,1312,na,na,na,na,na,resumed_to_ready,na,ok,"up_s=11582 regs=3095 log_rx=49700 svcs=5 mem_mib=853 memd_kills=90","",""
S050all.perm__db_parse_p25,S,db_parse_p25,permissive,none,none,0,normal,1,0,0,1312,na,na,na,na,na,resumed_to_ready,na,ok,"up_s=11600 regs=3099 log_rx=49800 svcs=5 mem_mib=853 memd_kills=90","",""
S050all.perm__db_parse_p50,S,db_parse_p50,permissive,none,none,0,normal,1,0,0,1312,na,na,na,na,na,resumed_to_ready,na,ok,"up_s=11619 regs=3103 log_rx=49850 svcs=5 mem_mib=853 memd_kills=90","",""
S050all.perm__db_parse_p75,S,db_parse_p75,permissive,none,none,0,normal,1,0,0,1312,na,na,na,na,na,resumed_to_ready,na,ok,"up_s=11637 regs=3107 log_rx=49950 svcs=5 mem_mib=853 memd_kills=90","",""
S050all.perm__epg_index,S,epg_index,permissive,none,none,0,normal,1,0,0,13604,na,na,na,na,na,resumed_to_ready,na,ok,"up_s=11655 regs=3111 log_rx=50000 svcs=5 mem_mib=853 memd_kills=90","",""
S050all.perm__epg_index_p25,S,epg_index_p25,permissive,none,none,0,normal,1,0,0,4388,na,na,na,na,na,resumed_to_ready,na,ok,"up_s=11673 regs=3115 log_rx=50100 svcs=5 mem_mib=853 memd_kills=90","",""
S050all.perm__epg_index_p50,S,epg_index_p50,permissive,none,none,0,normal,1,0,0,7460,na,na,na,na,na,resumed_to_ready,na,ok,"up_s=11692 regs=3119 log_rx=50200 svcs=5 mem_mib=853 memd_kills=90","",""
S050all.perm__epg_index_p75,S,epg_index_p75,permissive,none,none,0,normal,1,0,0,10532,na,na,na,na,na,resumed_to_ready,na,ok,"up_s=11710 regs=3123 log_rx=50250 svcs=5 mem_mib=853 memd_kills=90","",""
S050all.perm__epg_text,S,epg_text,permissive,none,none,0,normal,1,0,0,13604,na,na,na,na,na,resumed_to_ready,na,ok,"up_s=11728 regs=3127 log_rx=50350 svcs=5 mem_mib=854 memd_kills=90","",""
S050all.perm__epg_reserve,S,epg_reserve,permissive,none,none,0,normal,1,0,0,13604,na,na,na,na,na,resumed_to_ready,na,ok,"up_s=11747 regs=3131 log_rx=50400 svcs=5 mem_mib=854 memd_kills=90","",""
S050all.perm__thread1,S,thread1,permissive,none,none,0,normal,1,0,0,13620,na,na,na,na,na,resumed_to_ready,na,ok,"up_s=11765 regs=3135 log_rx=50500 svcs=5 mem_mib=854 memd_kills=90","",""
S050all.perm__thread2,S,thread2,permissive,none,none,0,normal,1,0,0,13632,na,na,na,na,na,resumed_to_ready,na,ok,"up_s=11783 regs=3139 log_rx=50600 svcs=5 mem_mib=854 memd_kills=90","",""
S050all.perm__thread3,S,thread3,permissive,none,none,0,normal,1,0,0,13644,na,na,na,na,na,resumed_to_ready,na,ok,"up_s=11801 regs=3143 log_rx=50650 svcs=5 mem_mib=854 memd_kills=90","",""
S050all.perm__thread4,S,thread4,permissive,none,none,0,normal,1,0,0,13660,na,na,na,na,na,resumed_to_ready,na,ok,"up_s=11820 regs=3147 log_rx=50750 svcs=5 mem_mib=854 memd_kills=90","",""
S050all.perm__helper_forked,S,helper_forked,permissive,none,none,0,normal,1,0,0,27244,na,na,na,na,na,resumed_to_ready,na,ok,"up_s=11838 regs=3151 log_rx=50800 svcs=5 mem_mib=854 memd_kills=90","",""
S050all.perm__zombie_made,S,zombie_made,permissive,none,none,0,normal,1,0,0,27244,na,na,na,na,na,resumed_to_ready,na,ok,"up_s=11856 regs=3155 log_rx=50900 svcs=5 mem_mib=855 memd_kills=90","",""
S050all.perm__selfpipe,S,selfpipe,permissive,none,none,0,normal,1,0,0,27252,na,na,na,na,na,resumed_to_ready,na,ok,"up_s=11875 regs=3159 log_rx=51000 svcs=5 mem_mib=855 memd_kills=90","",""
S050all.perm__eventfd_open,S,eventfd_open,permissive,none,none,0,normal,1,0,0,27260,na,na,na,na,na,resumed_to_ready,na,ok,"up_s=11893 regs=3163 log_rx=51050 svcs=5 mem_mib=856 memd_kills=90","",""
S050all.perm__shm_map,S,shm_map,permissive,none,none,0,normal,1,0,0,27252,na,na,na,na,na,resumed_to_ready,na,ok,"up_s=11912 regs=3167 log_rx=51150 svcs=5 mem_mib=856 memd_kills=90","",""
S050all.perm__workdir,S,workdir,permissive,none,none,0,normal,1,0,0,27260,na,na,na,na,na,resumed_to_ready,na,ok,"up_s=11930 regs=3171 log_rx=51200 svcs=5 mem_mib=857 memd_kills=90","",""
S050all.perm__tmp_journal,S,tmp_journal,permissive,none,none,0,normal,1,0,0,27260,na,na,na,na,na,resumed_to_ready,na,ok,"up_s=11948 regs=3175 log_rx=51300 svcs=5 mem_mib=857 memd_kills=90","",""
S050all.perm__hub_conn1,S,hub_conn1,permissive,none,none,0,normal,1,1,na,27256,na,na,na,na,na,na,na,dump_fail,"up_s=11961 regs=3177 log_rx=51350 svcs=5 mem_mib=857 memd_kills=90","(00.140751) Error (criu/sk-unix.c:881): unix: Can't dump half of stream unix connection. name: (null); peer name: ",""
S050all.perm__hub_conn2,S,hub_conn2,permissive,none,none,0,normal,1,1,na,27256,na,na,na,na,na,na,na,dump_fail,"up_s=11974 regs=3180 log_rx=51400 svcs=5 mem_mib=857 memd_kills=90","(00.159060) Error (criu/sk-unix.c:881): unix: Can't dump half of stream unix connection. name: (null); peer name: ",""
S050all.perm__hub_conn3,S,hub_conn3,permissive,none,none,0,normal,1,1,na,27264,na,na,na,na,na,na,na,dump_fail,"up_s=11988 regs=3184 log_rx=51450 svcs=5 mem_mib=857 memd_kills=90","(00.127743) Error (criu/sk-unix.c:881): unix: Can't dump half of stream unix connection. name: (null); peer name: ",""
S050all.perm__hub_conn4,S,hub_conn4,permissive,none,none,0,normal,1,1,na,27264,na,na,na,na,na,na,na,dump_fail,"up_s=12002 regs=3188 log_rx=51550 svcs=5 mem_mib=857 memd_kills=90","(00.164337) Error (criu/sk-unix.c:881): unix: Can't dump half of stream unix connection. name: (null); peer name: ",""
S050all.perm__hub_subscribed,S,hub_subscribed,permissive,none,none,0,normal,1,1,na,27256,na,na,na,na,na,na,na,dump_fail,"up_s=12017 regs=3192 log_rx=51600 svcs=5 mem_mib=857 memd_kills=90","(00.154096) Error (criu/sk-unix.c:881): unix: Can't dump half of stream unix connection. name: (null); peer name: ",""
S050all.perm__render_conn,S,render_conn,permissive,none,none,0,normal,1,1,na,27260,na,na,na,na,na,na,na,dump_fail,"up_s=12032 regs=3196 log_rx=51650 svcs=5 mem_mib=857 memd_kills=90","(00.159203) Error (criu/sk-unix.c:881): unix: Can't dump half of stream unix connection. name: (null); peer name: ",""
S050all.perm__tcp_conn,S,tcp_conn,permissive,none,none,0,normal,1,1,na,27272,na,na,na,na,na,na,na,dump_fail,"up_s=12047 regs=3200 log_rx=51700 svcs=5 mem_mib=857 memd_kills=90","(00.161290) Error (criu/sk-unix.c:881): unix: Can't dump half of stream unix connection. name: (null); peer name: ",""
S050all.perm__epoll_open,S,epoll_open,permissive,none,none,0,normal,1,1,na,27268,na,na,na,na,na,na,na,dump_fail,"up_s=12063 regs=3204 log_rx=51800 svcs=5 mem_mib=857 memd_kills=90","(00.174879) Error (criu/sk-unix.c:881): unix: Can't dump half of stream unix connection. name: (null); peer name: ",""
S050all.perm__svc_listen,S,svc_listen,permissive,none,none,0,normal,1,1,na,27268,na,na,na,na,na,na,na,dump_fail,"up_s=12079 regs=3208 log_rx=51850 svcs=5 mem_mib=857 memd_kills=90","(00.151761) Error (criu/sk-unix.c:881): unix: Can't dump half of stream unix connection. name: (null); peer name: ",""
S050all.perm__udp_open,S,udp_open,permissive,none,none,0,normal,1,1,na,27268,na,na,na,na,na,na,na,dump_fail,"up_s=12095 regs=3212 log_rx=51950 svcs=5 mem_mib=857 memd_kills=90","(00.176134) Error (criu/sk-unix.c:881): unix: Can't dump half of stream unix connection. name: (null); peer name: ",""
S050all.perm__netlink_open,S,netlink_open,permissive,none,none,0,normal,1,1,na,27272,na,na,na,na,na,na,na,dump_fail,"up_s=12112 regs=3216 log_rx=52000 svcs=5 mem_mib=857 memd_kills=90","(00.174241) Error (criu/sk-unix.c:881): unix: Can't dump half of stream unix connection. name: (null); peer name: ",""
S050all.perm__timer_armed,S,timer_armed,permissive,none,none,0,normal,1,1,na,27268,na,na,na,na,na,na,na,dump_fail,"up_s=12130 regs=3220 log_rx=52100 svcs=5 mem_mib=857 memd_kills=90","(00.156117) Error (criu/sk-unix.c:881): unix: Can't dump half of stream unix connection. name: (null); peer name: ",""
S050all.perm__db_watch,S,db_watch,permissive,none,none,0,normal,1,1,na,160,na,na,na,na,na,na,na,dump_fail,"up_s=12148 regs=3224 log_rx=52150 svcs=5 mem_mib=857 memd_kills=90","(00.153725) Error (criu/fsnotify.c:284): fsnotify: 	Can't dump that handle",""
S050all.perm__db_mmap,S,db_mmap,permissive,none,none,0,normal,1,1,na,160,na,na,na,na,na,na,na,dump_fail,"up_s=12166 regs=3228 log_rx=52250 svcs=5 mem_mib=857 memd_kills=90","(00.135551) Error (criu/fsnotify.c:284): fsnotify: 	Can't dump that handle",""
S050all.perm__ready,S,ready,permissive,none,none,0,normal,1,1,na,160,na,na,na,na,na,na,na,dump_fail,"up_s=12184 regs=3232 log_rx=52300 svcs=5 mem_mib=857 memd_kills=90","(00.127666) Error (criu/fsnotify.c:284): fsnotify: 	Can't dump that handle",""
S050all.perm__steady,S,steady,permissive,none,none,0,normal,1,1,na,160,na,na,na,na,na,na,na,dump_fail,"up_s=12203 regs=3236 log_rx=52400 svcs=5 mem_mib=858 memd_kills=90","(00.138331) Error (criu/fsnotify.c:284): fsnotify: 	Can't dump that handle",""
S051one_sigpend.stri__init,S,init,strict,none,none,0,none,1,0,0,284,na,na,na,na,na,resumed_to_ready,na,ok,"up_s=12211 regs=3236 log_rx=52450 svcs=4 mem_mib=853 memd_kills=90","",""
S051one_sigpend.stri__db_open,S,db_open,strict,none,none,0,none,1,0,0,284,na,na,na,na,na,resumed_to_ready,na,ok,"up_s=12220 regs=3236 log_rx=52450 svcs=4 mem_mib=853 memd_kills=90","",""
S051one_sigpend.stri__sig_pending,S,sig_pending,strict,none,none,0,none,1,0,0,284,na,na,na,na,na,resumed_to_ready,na,ok,"up_s=12228 regs=3236 log_rx=52500 svcs=4 mem_mib=853 memd_kills=90","",""
S051one_sigpend.stri__epg_index,S,epg_index,strict,none,none,0,none,1,0,0,13596,na,na,na,na,na,resumed_to_ready,na,ok,"up_s=12236 regs=3236 log_rx=52550 svcs=4 mem_mib=853 memd_kills=90","",""
S051one_sigpend.stri__ready,S,ready,strict,none,none,0,none,1,1,na,124,na,na,na,na,na,na,na,dump_fail,"up_s=12244 regs=3236 log_rx=52600 svcs=4 mem_mib=853 memd_kills=90","(00.132992) Error (criu/fsnotify.c:284): fsnotify: 	Can't dump that handle",""
S051one_sigpend.stri__steady,S,steady,strict,none,none,0,none,1,1,na,124,na,na,na,na,na,na,na,dump_fail,"up_s=12253 regs=3236 log_rx=52600 svcs=4 mem_mib=853 memd_kills=90","(00.121190) Error (criu/fsnotify.c:284): fsnotify: 	Can't dump that handle",""
S052one_sigpend.ext___init,S,init,ext_unix,none,none,0,none,1,0,0,284,na,na,na,na,na,resumed_to_ready,na,ok,"up_s=12261 regs=3236 log_rx=52650 svcs=4 mem_mib=853 memd_kills=90","",""
S052one_sigpend.ext___db_open,S,db_open,ext_unix,none,none,0,none,1,0,0,284,na,na,na,na,na,resumed_to_ready,na,ok,"up_s=12270 regs=3236 log_rx=52700 svcs=4 mem_mib=853 memd_kills=90","",""
S052one_sigpend.ext___sig_pending,S,sig_pending,ext_unix,none,none,0,none,1,0,0,284,na,na,na,na,na,resumed_to_ready,na,ok,"up_s=12278 regs=3236 log_rx=52700 svcs=4 mem_mib=853 memd_kills=90","",""
S052one_sigpend.ext___epg_index,S,epg_index,ext_unix,none,none,0,none,1,0,0,13596,na,na,na,na,na,resumed_to_ready,na,ok,"up_s=12286 regs=3236 log_rx=52750 svcs=4 mem_mib=853 memd_kills=90","",""
S052one_sigpend.ext___ready,S,ready,ext_unix,none,none,0,none,1,1,na,124,na,na,na,na,na,na,na,dump_fail,"up_s=12294 regs=3236 log_rx=52800 svcs=4 mem_mib=853 memd_kills=90","(00.127089) Error (criu/fsnotify.c:284): fsnotify: 	Can't dump that handle",""
S052one_sigpend.ext___steady,S,steady,ext_unix,none,none,0,none,1,1,na,124,na,na,na,na,na,na,na,dump_fail,"up_s=12303 regs=3236 log_rx=52850 svcs=4 mem_mib=853 memd_kills=90","(00.136215) Error (criu/fsnotify.c:284): fsnotify: 	Can't dump that handle",""
S053one_sigpend.tcp___init,S,init,tcp_est,none,none,0,none,1,0,0,280,na,na,na,na,na,resumed_to_ready,na,ok,"up_s=12312 regs=3236 log_rx=52850 svcs=4 mem_mib=854 memd_kills=90","",""
S053one_sigpend.tcp___db_open,S,db_open,tcp_est,none,none,0,none,1,0,0,284,na,na,na,na,na,resumed_to_ready,na,ok,"up_s=12320 regs=3236 log_rx=52900 svcs=4 mem_mib=854 memd_kills=90","",""
S053one_sigpend.tcp___sig_pending,S,sig_pending,tcp_est,none,none,0,none,1,0,0,284,na,na,na,na,na,resumed_to_ready,na,ok,"up_s=12328 regs=3236 log_rx=52950 svcs=4 mem_mib=854 memd_kills=90","",""
S053one_sigpend.tcp___epg_index,S,epg_index,tcp_est,none,none,0,none,1,0,0,13596,na,na,na,na,na,resumed_to_ready,na,ok,"up_s=12336 regs=3236 log_rx=52950 svcs=4 mem_mib=854 memd_kills=90","",""
S053one_sigpend.tcp___ready,S,ready,tcp_est,none,none,0,none,1,1,na,124,na,na,na,na,na,na,na,dump_fail,"up_s=12345 regs=3236 log_rx=53000 svcs=4 mem_mib=854 memd_kills=90","(00.137853) Error (criu/fsnotify.c:284): fsnotify: 	Can't dump that handle",""
S053one_sigpend.tcp___steady,S,steady,tcp_est,none,none,0,none,1,1,na,124,na,na,na,na,na,na,na,dump_fail,"up_s=12353 regs=3236 log_rx=53050 svcs=4 mem_mib=854 memd_kills=90","(00.159798) Error (criu/fsnotify.c:284): fsnotify: 	Can't dump that handle",""
S054one_sigpend.file__init,S,init,filelocks,none,none,0,none,1,0,0,284,na,na,na,na,na,resumed_to_ready,na,ok,"up_s=12362 regs=3236 log_rx=53100 svcs=4 mem_mib=854 memd_kills=90","",""
S054one_sigpend.file__db_open,S,db_open,filelocks,none,none,0,none,1,0,0,284,na,na,na,na,na,resumed_to_ready,na,ok,"up_s=12370 regs=3236 log_rx=53100 svcs=4 mem_mib=854 memd_kills=90","",""
S054one_sigpend.file__sig_pending,S,sig_pending,filelocks,none,none,0,none,1,0,0,280,na,na,na,na,na,resumed_to_ready,na,ok,"up_s=12378 regs=3236 log_rx=53150 svcs=4 mem_mib=854 memd_kills=90","",""
S054one_sigpend.file__epg_index,S,epg_index,filelocks,none,none,0,none,1,0,0,13596,na,na,na,na,na,resumed_to_ready,na,ok,"up_s=12386 regs=3236 log_rx=53200 svcs=4 mem_mib=854 memd_kills=90","",""
S054one_sigpend.file__ready,S,ready,filelocks,none,none,0,none,1,1,na,124,na,na,na,na,na,na,na,dump_fail,"up_s=12395 regs=3236 log_rx=53200 svcs=4 mem_mib=854 memd_kills=90","(00.131006) Error (criu/fsnotify.c:284): fsnotify: 	Can't dump that handle",""
S054one_sigpend.file__steady,S,steady,filelocks,none,none,0,none,1,1,na,124,na,na,na,na,na,na,na,dump_fail,"up_s=12403 regs=3236 log_rx=53250 svcs=4 mem_mib=854 memd_kills=90","(00.141082) Error (criu/fsnotify.c:284): fsnotify: 	Can't dump that handle",""
S055one_sigpend.perm__init,S,init,permissive,none,none,0,none,1,0,0,284,na,na,na,na,na,resumed_to_ready,na,ok,"up_s=12412 regs=3236 log_rx=53300 svcs=4 mem_mib=854 memd_kills=90","",""
S055one_sigpend.perm__db_open,S,db_open,permissive,none,none,0,none,1,0,0,284,na,na,na,na,na,resumed_to_ready,na,ok,"up_s=12420 regs=3236 log_rx=53350 svcs=4 mem_mib=854 memd_kills=90","",""
S055one_sigpend.perm__sig_pending,S,sig_pending,permissive,none,none,0,none,1,0,0,284,na,na,na,na,na,resumed_to_ready,na,ok,"up_s=12428 regs=3236 log_rx=53350 svcs=4 mem_mib=854 memd_kills=90","",""
S055one_sigpend.perm__epg_index,S,epg_index,permissive,none,none,0,none,1,0,0,13596,na,na,na,na,na,resumed_to_ready,na,ok,"up_s=12436 regs=3236 log_rx=53400 svcs=4 mem_mib=854 memd_kills=90","",""
S055one_sigpend.perm__ready,S,ready,permissive,none,none,0,none,1,1,na,124,na,na,na,na,na,na,na,dump_fail,"up_s=12445 regs=3236 log_rx=53450 svcs=4 mem_mib=854 memd_kills=90","(00.138023) Error (criu/fsnotify.c:284): fsnotify: 	Can't dump that handle",""
S055one_sigpend.perm__steady,S,steady,permissive,none,none,0,none,1,1,na,124,na,na,na,na,na,na,na,dump_fail,"up_s=12454 regs=3236 log_rx=53450 svcs=4 mem_mib=854 memd_kills=90","(00.128137) Error (criu/fsnotify.c:284): fsnotify: 	Can't dump that handle",""
S056one_urandom.stri__init,S,init,strict,none,none,0,none,1,0,0,280,na,na,na,na,na,resumed_to_ready,na,ok,"up_s=12462 regs=3236 log_rx=53500 svcs=4 mem_mib=854 memd_kills=90","",""
S056one_urandom.stri__db_open,S,db_open,strict,none,none,0,none,1,0,0,284,na,na,na,na,na,resumed_to_ready,na,ok,"up_s=12470 regs=3236 log_rx=53550 svcs=4 mem_mib=854 memd_kills=90","",""
S056one_urandom.stri__dev_urandom,S,dev_urandom,strict,none,none,0,none,1,0,0,284,na,na,na,na,na,resumed_to_ready,na,ok,"up_s=12478 regs=3236 log_rx=53600 svcs=4 mem_mib=854 memd_kills=90","",""
S056one_urandom.stri__epg_index,S,epg_index,strict,none,none,0,none,1,0,0,13596,na,na,na,na,na,resumed_to_ready,na,ok,"up_s=12487 regs=3236 log_rx=53600 svcs=4 mem_mib=854 memd_kills=90","",""
S056one_urandom.stri__ready,S,ready,strict,none,none,0,none,1,1,na,124,na,na,na,na,na,na,na,dump_fail,"up_s=12495 regs=3236 log_rx=53650 svcs=4 mem_mib=854 memd_kills=90","(00.133905) Error (criu/fsnotify.c:284): fsnotify: 	Can't dump that handle",""
S056one_urandom.stri__steady,S,steady,strict,none,none,0,none,1,1,na,124,na,na,na,na,na,na,na,dump_fail,"up_s=12504 regs=3236 log_rx=53700 svcs=4 mem_mib=854 memd_kills=90","(00.127729) Error (criu/fsnotify.c:284): fsnotify: 	Can't dump that handle",""
S057one_urandom.ext___init,S,init,ext_unix,none,none,0,none,1,0,0,284,na,na,na,na,na,resumed_to_ready,na,ok,"up_s=12512 regs=3236 log_rx=53700 svcs=4 mem_mib=854 memd_kills=90","",""
S057one_urandom.ext___db_open,S,db_open,ext_unix,none,none,0,none,1,0,0,284,na,na,na,na,na,resumed_to_ready,na,ok,"up_s=12520 regs=3236 log_rx=53750 svcs=4 mem_mib=854 memd_kills=90","",""
S057one_urandom.ext___dev_urandom,S,dev_urandom,ext_unix,none,none,0,none,1,0,0,284,na,na,na,na,na,resumed_to_ready,na,ok,"up_s=12528 regs=3236 log_rx=53800 svcs=4 mem_mib=854 memd_kills=90","",""
S057one_urandom.ext___epg_index,S,epg_index,ext_unix,none,none,0,none,1,0,0,13596,na,na,na,na,na,resumed_to_ready,na,ok,"up_s=12537 regs=3236 log_rx=53850 svcs=4 mem_mib=854 memd_kills=90","",""
S057one_urandom.ext___ready,S,ready,ext_unix,none,none,0,none,1,1,na,124,na,na,na,na,na,na,na,dump_fail,"up_s=12545 regs=3236 log_rx=53850 svcs=4 mem_mib=854 memd_kills=90","(00.135693) Error (criu/fsnotify.c:284): fsnotify: 	Can't dump that handle",""
S057one_urandom.ext___steady,S,steady,ext_unix,none,none,0,none,1,1,na,124,na,na,na,na,na,na,na,dump_fail,"up_s=12554 regs=3236 log_rx=53900 svcs=4 mem_mib=854 memd_kills=90","(00.147131) Error (criu/fsnotify.c:284): fsnotify: 	Can't dump that handle",""
S058one_urandom.tcp___init,S,init,tcp_est,none,none,0,none,1,0,0,284,na,na,na,na,na,resumed_to_ready,na,ok,"up_s=12562 regs=3236 log_rx=53950 svcs=4 mem_mib=855 memd_kills=90","",""
S058one_urandom.tcp___db_open,S,db_open,tcp_est,none,none,0,none,1,0,0,284,na,na,na,na,na,resumed_to_ready,na,ok,"up_s=12570 regs=3236 log_rx=53950 svcs=4 mem_mib=854 memd_kills=90","",""
S058one_urandom.tcp___dev_urandom,S,dev_urandom,tcp_est,none,none,0,none,1,0,0,284,na,na,na,na,na,resumed_to_ready,na,ok,"up_s=12579 regs=3236 log_rx=54000 svcs=4 mem_mib=854 memd_kills=90","",""
S058one_urandom.tcp___epg_index,S,epg_index,tcp_est,none,none,0,none,1,0,0,13596,na,na,na,na,na,resumed_to_ready,na,ok,"up_s=12587 regs=3236 log_rx=54050 svcs=4 mem_mib=855 memd_kills=90","",""
S058one_urandom.tcp___ready,S,ready,tcp_est,none,none,0,none,1,1,na,124,na,na,na,na,na,na,na,dump_fail,"up_s=12595 regs=3236 log_rx=54100 svcs=4 mem_mib=854 memd_kills=90","(00.128711) Error (criu/fsnotify.c:284): fsnotify: 	Can't dump that handle",""
S058one_urandom.tcp___steady,S,steady,tcp_est,none,none,0,none,1,1,na,124,na,na,na,na,na,na,na,dump_fail,"up_s=12604 regs=3236 log_rx=54100 svcs=4 mem_mib=854 memd_kills=90","(00.133713) Error (criu/fsnotify.c:284): fsnotify: 	Can't dump that handle",""
S059one_urandom.file__init,S,init,filelocks,none,none,0,none,1,0,0,284,na,na,na,na,na,resumed_to_ready,na,ok,"up_s=12612 regs=3236 log_rx=54150 svcs=4 mem_mib=855 memd_kills=90","",""
S059one_urandom.file__db_open,S,db_open,filelocks,none,none,0,none,1,0,0,284,na,na,na,na,na,resumed_to_ready,na,ok,"up_s=12621 regs=3236 log_rx=54200 svcs=4 mem_mib=855 memd_kills=90","",""
S059one_urandom.file__dev_urandom,S,dev_urandom,filelocks,none,none,0,none,1,0,0,284,na,na,na,na,na,resumed_to_ready,na,ok,"up_s=12629 regs=3236 log_rx=54200 svcs=4 mem_mib=855 memd_kills=90","",""
S059one_urandom.file__epg_index,S,epg_index,filelocks,none,none,0,none,1,0,0,13596,na,na,na,na,na,resumed_to_ready,na,ok,"up_s=12637 regs=3236 log_rx=54250 svcs=4 mem_mib=855 memd_kills=90","",""
S059one_urandom.file__ready,S,ready,filelocks,none,none,0,none,1,1,na,124,na,na,na,na,na,na,na,dump_fail,"up_s=12645 regs=3236 log_rx=54300 svcs=4 mem_mib=855 memd_kills=90","(00.138967) Error (criu/fsnotify.c:284): fsnotify: 	Can't dump that handle",""
S059one_urandom.file__steady,S,steady,filelocks,none,none,0,none,1,1,na,124,na,na,na,na,na,na,na,dump_fail,"up_s=12654 regs=3236 log_rx=54350 svcs=4 mem_mib=855 memd_kills=90","(00.120183) Error (criu/fsnotify.c:284): fsnotify: 	Can't dump that handle",""
S060one_urandom.perm__init,S,init,permissive,none,none,0,none,1,0,0,284,na,na,na,na,na,resumed_to_ready,na,ok,"up_s=12662 regs=3236 log_rx=54350 svcs=4 mem_mib=855 memd_kills=90","",""
S060one_urandom.perm__db_open,S,db_open,permissive,none,none,0,none,1,0,0,284,na,na,na,na,na,resumed_to_ready,na,ok,"up_s=12671 regs=3236 log_rx=54400 svcs=4 mem_mib=855 memd_kills=90","",""
S060one_urandom.perm__dev_urandom,S,dev_urandom,permissive,none,none,0,none,1,0,0,280,na,na,na,na,na,resumed_to_ready,na,ok,"up_s=12679 regs=3236 log_rx=54450 svcs=4 mem_mib=855 memd_kills=90","",""
S060one_urandom.perm__epg_index,S,epg_index,permissive,none,none,0,none,1,0,0,13596,na,na,na,na,na,resumed_to_ready,na,ok,"up_s=12687 regs=3236 log_rx=54450 svcs=4 mem_mib=855 memd_kills=90","",""
S060one_urandom.perm__ready,S,ready,permissive,none,none,0,none,1,1,na,124,na,na,na,na,na,na,na,dump_fail,"up_s=12696 regs=3236 log_rx=54500 svcs=4 mem_mib=855 memd_kills=90","(00.130090) Error (criu/fsnotify.c:284): fsnotify: 	Can't dump that handle",""
S060one_urandom.perm__steady,S,steady,permissive,none,none,0,none,1,1,na,124,na,na,na,na,na,na,na,dump_fail,"up_s=12704 regs=3236 log_rx=54550 svcs=4 mem_mib=855 memd_kills=90","(00.106125) Error (criu/fsnotify.c:284): fsnotify: 	Can't dump that handle",""
S061one_log.stri__init,S,init,strict,none,none,0,normal,1,0,0,284,na,na,na,na,na,resumed_to_ready,na,ok,"up_s=12713 regs=3236 log_rx=54600 svcs=4 mem_mib=855 memd_kills=90","",""
S061one_log.stri__db_open,S,db_open,strict,none,none,0,normal,1,1,na,284,na,na,na,na,na,na,na,dump_fail,"up_s=12714 regs=3236 log_rx=54600 svcs=4 mem_mib=843 memd_kills=90","(00.119348) Error (criu/sk-unix.c:874): unix: External socket is used. Consider using --ext-unix-sk option.",""
S061one_log.stri__log_open,S,log_open,strict,none,none,0,normal,1,1,na,276,na,na,na,na,na,na,na,dump_fail,"up_s=12714 regs=3236 log_rx=54600 svcs=4 mem_mib=842 memd_kills=90","(00.072484) Error (criu/sk-unix.c:874): unix: External socket is used. Consider using --ext-unix-sk option.",""
S061one_log.stri__epg_index,S,epg_index,strict,none,none,0,normal,1,1,na,13588,na,na,na,na,na,na,na,dump_fail,"up_s=12720 regs=3236 log_rx=54600 svcs=4 mem_mib=855 memd_kills=90","(00.135320) Error (criu/sk-unix.c:874): unix: External socket is used. Consider using --ext-unix-sk option.",""
S061one_log.stri__ready,S,ready,strict,none,none,0,normal,1,1,na,124,na,na,na,na,na,na,na,dump_fail,"up_s=12729 regs=3236 log_rx=54650 svcs=4 mem_mib=855 memd_kills=90","(00.139492) Error (criu/fsnotify.c:284): fsnotify: 	Can't dump that handle",""
S061one_log.stri__steady,S,steady,strict,none,none,0,normal,1,1,na,124,na,na,na,na,na,na,na,dump_fail,"up_s=12738 regs=3236 log_rx=54700 svcs=4 mem_mib=855 memd_kills=90","(00.140658) Error (criu/fsnotify.c:284): fsnotify: 	Can't dump that handle",""
S062one_log.ext___init,S,init,ext_unix,none,none,0,normal,1,0,0,284,na,na,na,na,na,resumed_to_ready,na,ok,"up_s=12746 regs=3236 log_rx=54750 svcs=4 mem_mib=855 memd_kills=90","",""
S062one_log.ext___db_open,S,db_open,ext_unix,none,none,0,normal,1,0,0,288,na,na,na,na,na,resumed_to_ready,na,ok,"up_s=12754 regs=3236 log_rx=54750 svcs=4 mem_mib=855 memd_kills=90","",""
S062one_log.ext___log_open,S,log_open,ext_unix,none,none,0,normal,1,0,0,284,na,na,na,na,na,resumed_to_ready,na,ok,"up_s=12762 regs=3236 log_rx=54800 svcs=4 mem_mib=855 memd_kills=90","",""
S062one_log.ext___epg_index,S,epg_index,ext_unix,none,none,0,normal,1,0,0,13596,na,na,na,na,na,resumed_to_ready,na,ok,"up_s=12771 regs=3236 log_rx=54850 svcs=4 mem_mib=855 memd_kills=90","",""
S062one_log.ext___ready,S,ready,ext_unix,none,none,0,normal,1,1,na,124,na,na,na,na,na,na,na,dump_fail,"up_s=12779 regs=3236 log_rx=54900 svcs=4 mem_mib=855 memd_kills=90","(00.141791) Error (criu/fsnotify.c:284): fsnotify: 	Can't dump that handle",""
S062one_log.ext___steady,S,steady,ext_unix,none,none,0,normal,1,1,na,124,na,na,na,na,na,na,na,dump_fail,"up_s=12788 regs=3236 log_rx=54900 svcs=4 mem_mib=855 memd_kills=90","(00.145712) Error (criu/fsnotify.c:284): fsnotify: 	Can't dump that handle",""
S063one_log.tcp___init,S,init,tcp_est,none,none,0,normal,1,0,0,284,na,na,na,na,na,resumed_to_ready,na,ok,"up_s=12796 regs=3236 log_rx=54950 svcs=4 mem_mib=855 memd_kills=90","",""
S063one_log.tcp___db_open,S,db_open,tcp_est,none,none,0,normal,1,1,na,280,na,na,na,na,na,na,na,dump_fail,"up_s=12797 regs=3236 log_rx=54950 svcs=4 mem_mib=843 memd_kills=90","(00.102559) Error (criu/sk-unix.c:874): unix: External socket is used. Consider using --ext-unix-sk option.",""
S063one_log.tcp___log_open,S,log_open,tcp_est,none,none,0,normal,1,1,na,272,na,na,na,na,na,na,na,dump_fail,"up_s=12798 regs=3236 log_rx=54950 svcs=4 mem_mib=842 memd_kills=90","(00.079201) Error (criu/sk-unix.c:874): unix: External socket is used. Consider using --ext-unix-sk option.",""
S063one_log.tcp___epg_index,S,epg_index,tcp_est,none,none,0,normal,1,1,na,13588,na,na,na,na,na,na,na,dump_fail,"up_s=12804 regs=3236 log_rx=55000 svcs=4 mem_mib=855 memd_kills=90","(00.122865) Error (criu/sk-unix.c:874): unix: External socket is used. Consider using --ext-unix-sk option.",""
S063one_log.tcp___ready,S,ready,tcp_est,none,none,0,normal,1,1,na,124,na,na,na,na,na,na,na,dump_fail,"up_s=12813 regs=3236 log_rx=55050 svcs=4 mem_mib=855 memd_kills=90","(00.140042) Error (criu/fsnotify.c:284): fsnotify: 	Can't dump that handle",""
S063one_log.tcp___steady,S,steady,tcp_est,none,none,0,normal,1,1,na,124,na,na,na,na,na,na,na,dump_fail,"up_s=12821 regs=3236 log_rx=55050 svcs=4 mem_mib=855 memd_kills=90","(00.132047) Error (criu/fsnotify.c:284): fsnotify: 	Can't dump that handle",""
S064one_log.file__init,S,init,filelocks,none,none,0,normal,1,0,0,284,na,na,na,na,na,resumed_to_ready,na,ok,"up_s=12830 regs=3236 log_rx=55100 svcs=4 mem_mib=855 memd_kills=90","",""
S064one_log.file__db_open,S,db_open,filelocks,none,none,0,normal,1,1,na,280,na,na,na,na,na,na,na,dump_fail,"up_s=12831 regs=3236 log_rx=55100 svcs=4 mem_mib=843 memd_kills=90","(00.113426) Error (criu/sk-unix.c:874): unix: External socket is used. Consider using --ext-unix-sk option.",""
S064one_log.file__log_open,S,log_open,filelocks,none,none,0,normal,1,1,na,276,na,na,na,na,na,na,na,dump_fail,"up_s=12831 regs=3236 log_rx=55100 svcs=4 mem_mib=842 memd_kills=90","(00.087964) Error (criu/sk-unix.c:874): unix: External socket is used. Consider using --ext-unix-sk option.",""
S064one_log.file__epg_index,S,epg_index,filelocks,none,none,0,normal,1,1,na,13588,na,na,na,na,na,na,na,dump_fail,"up_s=12837 regs=3236 log_rx=55150 svcs=4 mem_mib=855 memd_kills=90","(00.139881) Error (criu/sk-unix.c:874): unix: External socket is used. Consider using --ext-unix-sk option.",""
S064one_log.file__ready,S,ready,filelocks,none,none,0,normal,1,1,na,124,na,na,na,na,na,na,na,dump_fail,"up_s=12846 regs=3236 log_rx=55200 svcs=4 mem_mib=855 memd_kills=90","(00.113905) Error (criu/fsnotify.c:284): fsnotify: 	Can't dump that handle",""
S064one_log.file__steady,S,steady,filelocks,none,none,0,normal,1,1,na,124,na,na,na,na,na,na,na,dump_fail,"up_s=12855 regs=3236 log_rx=55200 svcs=4 mem_mib=855 memd_kills=90","(00.154673) Error (criu/fsnotify.c:284): fsnotify: 	Can't dump that handle",""
S065one_log.perm__init,S,init,permissive,none,none,0,normal,1,0,0,280,na,na,na,na,na,resumed_to_ready,na,ok,"up_s=12863 regs=3236 log_rx=55250 svcs=4 mem_mib=855 memd_kills=90","",""
S065one_log.perm__db_open,S,db_open,permissive,none,none,0,normal,1,0,0,288,na,na,na,na,na,resumed_to_ready,na,ok,"up_s=12871 regs=3236 log_rx=55300 svcs=4 mem_mib=855 memd_kills=90","",""
S065one_log.perm__log_open,S,log_open,permissive,none,none,0,normal,1,0,0,288,na,na,na,na,na,resumed_to_ready,na,ok,"up_s=12879 regs=3236 log_rx=55350 svcs=4 mem_mib=855 memd_kills=90","",""
S065one_log.perm__epg_index,S,epg_index,permissive,none,none,0,normal,1,0,0,13596,na,na,na,na,na,resumed_to_ready,na,ok,"up_s=12887 regs=3236 log_rx=55350 svcs=4 mem_mib=855 memd_kills=90","",""
S065one_log.perm__ready,S,ready,permissive,none,none,0,normal,1,1,na,124,na,na,na,na,na,na,na,dump_fail,"up_s=12896 regs=3236 log_rx=55400 svcs=4 mem_mib=855 memd_kills=90","(00.137937) Error (criu/fsnotify.c:284): fsnotify: 	Can't dump that handle",""
S065one_log.perm__steady,S,steady,permissive,none,none,0,normal,1,1,na,124,na,na,na,na,na,na,na,dump_fail,"up_s=12905 regs=3236 log_rx=55450 svcs=4 mem_mib=855 memd_kills=90","(00.135067) Error (criu/fsnotify.c:284): fsnotify: 	Can't dump that handle",""
S066one_lockf.stri__init,S,init,strict,none,none,0,none,1,0,0,284,na,na,na,na,na,resumed_to_ready,na,ok,"up_s=12913 regs=3236 log_rx=55500 svcs=4 mem_mib=855 memd_kills=90","",""
S066one_lockf.stri__db_open,S,db_open,strict,none,none,0,none,1,0,0,284,na,na,na,na,na,resumed_to_ready,na,ok,"up_s=12921 regs=3236 log_rx=55500 svcs=4 mem_mib=855 memd_kills=90","",""
S066one_lockf.stri__db_lock,S,db_lock,strict,none,none,0,none,1,1,na,264,na,na,na,na,na,na,na,dump_fail,"up_s=12922 regs=3236 log_rx=55500 svcs=4 mem_mib=843 memd_kills=90","(00.121703) Error (criu/file-lock.c:110): Some file locks are hold by dumping tasks! You can try --file-locks to dump them.",""
S066one_lockf.stri__epg_index,S,epg_index,strict,none,none,0,none,1,1,na,13576,na,na,na,na,na,na,na,dump_fail,"up_s=12928 regs=3236 log_rx=55550 svcs=4 mem_mib=855 memd_kills=90","(00.135569) Error (criu/file-lock.c:110): Some file locks are hold by dumping tasks! You can try --file-locks to dump them.",""
S066one_lockf.stri__ready,S,ready,strict,none,none,0,none,1,1,na,124,na,na,na,na,na,na,na,dump_fail,"up_s=12937 regs=3236 log_rx=55600 svcs=4 mem_mib=855 memd_kills=90","(00.133035) Error (criu/fsnotify.c:284): fsnotify: 	Can't dump that handle",""
S066one_lockf.stri__steady,S,steady,strict,none,none,0,none,1,1,na,124,na,na,na,na,na,na,na,dump_fail,"up_s=12946 regs=3236 log_rx=55600 svcs=4 mem_mib=855 memd_kills=90","(00.123354) Error (criu/fsnotify.c:284): fsnotify: 	Can't dump that handle",""
S067one_lockf.ext___init,S,init,ext_unix,none,none,0,none,1,0,0,284,na,na,na,na,na,resumed_to_ready,na,ok,"up_s=12954 regs=3236 log_rx=55650 svcs=4 mem_mib=856 memd_kills=90","",""
S067one_lockf.ext___db_open,S,db_open,ext_unix,none,none,0,none,1,0,0,284,na,na,na,na,na,resumed_to_ready,na,ok,"up_s=12962 regs=3236 log_rx=55700 svcs=4 mem_mib=855 memd_kills=90","",""
S067one_lockf.ext___db_lock,S,db_lock,ext_unix,none,none,0,none,1,1,na,264,na,na,na,na,na,na,na,dump_fail,"up_s=12963 regs=3236 log_rx=55700 svcs=4 mem_mib=843 memd_kills=90","(00.129427) Error (criu/file-lock.c:110): Some file locks are hold by dumping tasks! You can try --file-locks to dump them.",""
S067one_lockf.ext___epg_index,S,epg_index,ext_unix,none,none,0,none,1,1,na,13572,na,na,na,na,na,na,na,dump_fail,"up_s=12969 regs=3236 log_rx=55700 svcs=4 mem_mib=855 memd_kills=90","(00.146725) Error (criu/file-lock.c:110): Some file locks are hold by dumping tasks! You can try --file-locks to dump them.",""
S067one_lockf.ext___ready,S,ready,ext_unix,none,none,0,none,1,1,na,124,na,na,na,na,na,na,na,dump_fail,"up_s=12978 regs=3236 log_rx=55750 svcs=4 mem_mib=855 memd_kills=90","(00.129809) Error (criu/fsnotify.c:284): fsnotify: 	Can't dump that handle",""
S067one_lockf.ext___steady,S,steady,ext_unix,none,none,0,none,1,1,na,124,na,na,na,na,na,na,na,dump_fail,"up_s=12986 regs=3236 log_rx=55800 svcs=4 mem_mib=855 memd_kills=90","(00.135401) Error (criu/fsnotify.c:284): fsnotify: 	Can't dump that handle",""
S068one_lockf.tcp___init,S,init,tcp_est,none,none,0,none,1,0,0,284,na,na,na,na,na,resumed_to_ready,na,ok,"up_s=12995 regs=3236 log_rx=55850 svcs=4 mem_mib=856 memd_kills=90","",""
S068one_lockf.tcp___db_open,S,db_open,tcp_est,none,none,0,none,1,0,0,284,na,na,na,na,na,resumed_to_ready,na,ok,"up_s=13003 regs=3236 log_rx=55850 svcs=4 mem_mib=856 memd_kills=90","",""
S068one_lockf.tcp___db_lock,S,db_lock,tcp_est,none,none,0,none,1,1,na,264,na,na,na,na,na,na,na,dump_fail,"up_s=13004 regs=3236 log_rx=55850 svcs=4 mem_mib=844 memd_kills=90","(00.129179) Error (criu/file-lock.c:110): Some file locks are hold by dumping tasks! You can try --file-locks to dump them.",""
S068one_lockf.tcp___epg_index,S,epg_index,tcp_est,none,none,0,none,1,1,na,13576,na,na,na,na,na,na,na,dump_fail,"up_s=13010 regs=3236 log_rx=55900 svcs=4 mem_mib=855 memd_kills=90","(00.113316) Error (criu/file-lock.c:110): Some file locks are hold by dumping tasks! You can try --file-locks to dump them.",""
S068one_lockf.tcp___ready,S,ready,tcp_est,none,none,0,none,1,1,na,124,na,na,na,na,na,na,na,dump_fail,"up_s=13018 regs=3236 log_rx=55950 svcs=4 mem_mib=855 memd_kills=90","(00.111201) Error (criu/fsnotify.c:284): fsnotify: 	Can't dump that handle",""
S068one_lockf.tcp___steady,S,steady,tcp_est,none,none,0,none,1,1,na,124,na,na,na,na,na,na,na,dump_fail,"up_s=13027 regs=3236 log_rx=55950 svcs=4 mem_mib=855 memd_kills=90","(00.132540) Error (criu/fsnotify.c:284): fsnotify: 	Can't dump that handle",""
S069one_lockf.file__init,S,init,filelocks,none,none,0,none,1,0,0,284,na,na,na,na,na,resumed_to_ready,na,ok,"up_s=13035 regs=3236 log_rx=56000 svcs=4 mem_mib=856 memd_kills=90","",""
S069one_lockf.file__db_open,S,db_open,filelocks,none,none,0,none,1,0,0,284,na,na,na,na,na,resumed_to_ready,na,ok,"up_s=13044 regs=3236 log_rx=56050 svcs=4 mem_mib=856 memd_kills=90","",""
S069one_lockf.file__db_lock,S,db_lock,filelocks,none,none,0,none,1,0,0,292,na,na,na,na,na,resumed_to_ready,na,ok,"up_s=13052 regs=3236 log_rx=56100 svcs=4 mem_mib=856 memd_kills=90","",""
S069one_lockf.file__epg_index,S,epg_index,filelocks,none,none,0,none,1,0,0,13600,na,na,na,na,na,resumed_to_ready,na,ok,"up_s=13060 regs=3236 log_rx=56100 svcs=4 mem_mib=856 memd_kills=90","",""
S069one_lockf.file__ready,S,ready,filelocks,none,none,0,none,1,1,na,124,na,na,na,na,na,na,na,dump_fail,"up_s=13069 regs=3236 log_rx=56150 svcs=4 mem_mib=856 memd_kills=90","(00.138306) Error (criu/fsnotify.c:284): fsnotify: 	Can't dump that handle",""
S069one_lockf.file__steady,S,steady,filelocks,none,none,0,none,1,1,na,124,na,na,na,na,na,na,na,dump_fail,"up_s=13077 regs=3236 log_rx=56200 svcs=4 mem_mib=856 memd_kills=90","(00.140540) Error (criu/fsnotify.c:284): fsnotify: 	Can't dump that handle",""
S070one_lockf.perm__init,S,init,permissive,none,none,0,none,1,0,0,284,na,na,na,na,na,resumed_to_ready,na,ok,"up_s=13086 regs=3236 log_rx=56200 svcs=4 mem_mib=856 memd_kills=90","",""
S070one_lockf.perm__db_open,S,db_open,permissive,none,none,0,none,1,0,0,284,na,na,na,na,na,resumed_to_ready,na,ok,"up_s=13094 regs=3236 log_rx=56250 svcs=4 mem_mib=856 memd_kills=90","",""
S070one_lockf.perm__db_lock,S,db_lock,permissive,none,none,0,none,1,0,0,288,na,na,na,na,na,resumed_to_ready,na,ok,"up_s=13102 regs=3236 log_rx=56300 svcs=4 mem_mib=856 memd_kills=90","",""
S070one_lockf.perm__epg_index,S,epg_index,permissive,none,none,0,none,1,0,0,13600,na,na,na,na,na,resumed_to_ready,na,ok,"up_s=13110 regs=3236 log_rx=56350 svcs=4 mem_mib=856 memd_kills=90","",""
S070one_lockf.perm__ready,S,ready,permissive,none,none,0,none,1,1,na,124,na,na,na,na,na,na,na,dump_fail,"up_s=13119 regs=3236 log_rx=56350 svcs=4 mem_mib=856 memd_kills=90","(00.132142) Error (criu/fsnotify.c:284): fsnotify: 	Can't dump that handle",""
S070one_lockf.perm__steady,S,steady,permissive,none,none,0,none,1,1,na,124,na,na,na,na,na,na,na,dump_fail,"up_s=13128 regs=3236 log_rx=56400 svcs=4 mem_mib=856 memd_kills=90","(00.143632) Error (criu/fsnotify.c:284): fsnotify: 	Can't dump that handle",""
S071one_lockp.stri__init,S,init,strict,none,none,0,none,1,0,0,284,na,na,na,na,na,resumed_to_ready,na,ok,"up_s=13136 regs=3236 log_rx=56450 svcs=4 mem_mib=856 memd_kills=90","",""
S071one_lockp.stri__db_open,S,db_open,strict,none,none,0,none,1,0,0,284,na,na,na,na,na,resumed_to_ready,na,ok,"up_s=13144 regs=3236 log_rx=56450 svcs=4 mem_mib=856 memd_kills=90","",""
S071one_lockp.stri__db_lock,S,db_lock,strict,none,none,0,none,1,1,na,264,na,na,na,na,na,na,na,dump_fail,"up_s=13145 regs=3236 log_rx=56450 svcs=4 mem_mib=844 memd_kills=90","(00.108634) Error (criu/file-lock.c:110): Some file locks are hold by dumping tasks! You can try --file-locks to dump them.",""
S071one_lockp.stri__epg_index,S,epg_index,strict,none,none,0,none,1,1,na,13576,na,na,na,na,na,na,na,dump_fail,"up_s=13151 regs=3236 log_rx=56500 svcs=4 mem_mib=856 memd_kills=90","(00.133194) Error (criu/file-lock.c:110): Some file locks are hold by dumping tasks! You can try --file-locks to dump them.",""
S071one_lockp.stri__ready,S,ready,strict,none,none,0,none,1,1,na,124,na,na,na,na,na,na,na,dump_fail,"up_s=13160 regs=3236 log_rx=56550 svcs=4 mem_mib=856 memd_kills=90","(00.128579) Error (criu/fsnotify.c:284): fsnotify: 	Can't dump that handle",""
S071one_lockp.stri__steady,S,steady,strict,none,none,0,none,1,1,na,124,na,na,na,na,na,na,na,dump_fail,"up_s=13168 regs=3236 log_rx=56550 svcs=4 mem_mib=856 memd_kills=90","(00.129030) Error (criu/fsnotify.c:284): fsnotify: 	Can't dump that handle",""
S072one_lockp.ext___init,S,init,ext_unix,none,none,0,none,1,0,0,284,na,na,na,na,na,resumed_to_ready,na,ok,"up_s=13177 regs=3236 log_rx=56600 svcs=4 mem_mib=856 memd_kills=90","",""
S072one_lockp.ext___db_open,S,db_open,ext_unix,none,none,0,none,1,0,0,284,na,na,na,na,na,resumed_to_ready,na,ok,"up_s=13185 regs=3236 log_rx=56650 svcs=4 mem_mib=856 memd_kills=90","",""
S072one_lockp.ext___db_lock,S,db_lock,ext_unix,none,none,0,none,1,1,na,264,na,na,na,na,na,na,na,dump_fail,"up_s=13186 regs=3236 log_rx=56650 svcs=4 mem_mib=844 memd_kills=90","(00.111780) Error (criu/file-lock.c:110): Some file locks are hold by dumping tasks! You can try --file-locks to dump them.",""
S072one_lockp.ext___epg_index,S,epg_index,ext_unix,none,none,0,none,1,1,na,13576,na,na,na,na,na,na,na,dump_fail,"up_s=13192 regs=3236 log_rx=56650 svcs=4 mem_mib=856 memd_kills=90","(00.126283) Error (criu/file-lock.c:110): Some file locks are hold by dumping tasks! You can try --file-locks to dump them.",""
S072one_lockp.ext___ready,S,ready,ext_unix,none,none,0,none,1,1,na,124,na,na,na,na,na,na,na,dump_fail,"up_s=13200 regs=3236 log_rx=56700 svcs=4 mem_mib=856 memd_kills=90","(00.127383) Error (criu/fsnotify.c:284): fsnotify: 	Can't dump that handle",""
S072one_lockp.ext___steady,S,steady,ext_unix,none,none,0,none,1,1,na,124,na,na,na,na,na,na,na,dump_fail,"up_s=13209 regs=3236 log_rx=56750 svcs=4 mem_mib=856 memd_kills=90","(00.123429) Error (criu/fsnotify.c:284): fsnotify: 	Can't dump that handle",""
S073one_lockp.tcp___init,S,init,tcp_est,none,none,0,none,1,0,0,284,na,na,na,na,na,resumed_to_ready,na,ok,"up_s=13218 regs=3236 log_rx=56800 svcs=4 mem_mib=856 memd_kills=90","",""
S073one_lockp.tcp___db_open,S,db_open,tcp_est,none,none,0,none,1,0,0,284,na,na,na,na,na,resumed_to_ready,na,ok,"up_s=13226 regs=3236 log_rx=56800 svcs=4 mem_mib=856 memd_kills=90","",""
S073one_lockp.tcp___db_lock,S,db_lock,tcp_est,none,none,0,none,1,1,na,264,na,na,na,na,na,na,na,dump_fail,"up_s=13227 regs=3236 log_rx=56800 svcs=4 mem_mib=844 memd_kills=90","(00.139202) Error (criu/file-lock.c:110): Some file locks are hold by dumping tasks! You can try --file-locks to dump them.",""
S073one_lockp.tcp___epg_index,S,epg_index,tcp_est,none,none,0,none,1,1,na,13576,na,na,na,na,na,na,na,dump_fail,"up_s=13233 regs=3236 log_rx=56850 svcs=4 mem_mib=856 memd_kills=90","(00.132874) Error (criu/file-lock.c:110): Some file locks are hold by dumping tasks! You can try --file-locks to dump them.",""
S073one_lockp.tcp___ready,S,ready,tcp_est,none,none,0,none,1,1,na,124,na,na,na,na,na,na,na,dump_fail,"up_s=13241 regs=3236 log_rx=56900 svcs=4 mem_mib=856 memd_kills=90","(00.143166) Error (criu/fsnotify.c:284): fsnotify: 	Can't dump that handle",""
S073one_lockp.tcp___steady,S,steady,tcp_est,none,none,0,none,1,1,na,124,na,na,na,na,na,na,na,dump_fail,"up_s=13250 regs=3236 log_rx=56900 svcs=4 mem_mib=856 memd_kills=90","(00.120772) Error (criu/fsnotify.c:284): fsnotify: 	Can't dump that handle",""
S074one_lockp.file__init,S,init,filelocks,none,none,0,none,1,0,0,284,na,na,na,na,na,resumed_to_ready,na,ok,"up_s=13258 regs=3236 log_rx=56950 svcs=4 mem_mib=856 memd_kills=90","",""
S074one_lockp.file__db_open,S,db_open,filelocks,none,none,0,none,1,0,0,284,na,na,na,na,na,resumed_to_ready,na,ok,"up_s=13266 regs=3236 log_rx=57000 svcs=4 mem_mib=856 memd_kills=90","",""
S074one_lockp.file__db_lock,S,db_lock,filelocks,none,none,0,none,1,0,0,288,na,na,na,na,na,resumed_to_ready,na,ok,"up_s=13275 regs=3236 log_rx=57050 svcs=4 mem_mib=856 memd_kills=90","",""
S074one_lockp.file__epg_index,S,epg_index,filelocks,none,none,0,none,1,0,0,13596,na,na,na,na,na,resumed_to_ready,na,ok,"up_s=13283 regs=3236 log_rx=57050 svcs=4 mem_mib=856 memd_kills=90","",""
S074one_lockp.file__ready,S,ready,filelocks,none,none,0,none,1,1,na,124,na,na,na,na,na,na,na,dump_fail,"up_s=13291 regs=3236 log_rx=57100 svcs=4 mem_mib=856 memd_kills=90","(00.137300) Error (criu/fsnotify.c:284): fsnotify: 	Can't dump that handle",""
S074one_lockp.file__steady,S,steady,filelocks,none,none,0,none,1,1,na,124,na,na,na,na,na,na,na,dump_fail,"up_s=13300 regs=3236 log_rx=57150 svcs=4 mem_mib=856 memd_kills=90","(00.136124) Error (criu/fsnotify.c:284): fsnotify: 	Can't dump that handle",""
S075one_lockp.perm__init,S,init,permissive,none,none,0,none,1,0,0,284,na,na,na,na,na,resumed_to_ready,na,ok,"up_s=13308 regs=3236 log_rx=57150 svcs=4 mem_mib=856 memd_kills=90","",""
S075one_lockp.perm__db_open,S,db_open,permissive,none,none,0,none,1,0,0,284,na,na,na,na,na,resumed_to_ready,na,ok,"up_s=13317 regs=3236 log_rx=57200 svcs=4 mem_mib=857 memd_kills=90","",""
S075one_lockp.perm__db_lock,S,db_lock,permissive,none,none,0,none,1,0,0,288,na,na,na,na,na,resumed_to_ready,na,ok,"up_s=13325 regs=3236 log_rx=57250 svcs=4 mem_mib=857 memd_kills=90","",""
S075one_lockp.perm__epg_index,S,epg_index,permissive,none,none,0,none,1,0,0,13600,na,na,na,na,na,resumed_to_ready,na,ok,"up_s=13333 regs=3236 log_rx=57300 svcs=4 mem_mib=857 memd_kills=90","",""
S075one_lockp.perm__ready,S,ready,permissive,none,none,0,none,1,1,na,124,na,na,na,na,na,na,na,dump_fail,"up_s=13341 regs=3236 log_rx=57300 svcs=4 mem_mib=856 memd_kills=90","(00.126997) Error (criu/fsnotify.c:284): fsnotify: 	Can't dump that handle",""
S075one_lockp.perm__steady,S,steady,permissive,none,none,0,none,1,1,na,124,na,na,na,na,na,na,na,dump_fail,"up_s=13350 regs=3236 log_rx=57350 svcs=4 mem_mib=856 memd_kills=90","(00.131193) Error (criu/fsnotify.c:284): fsnotify: 	Can't dump that handle",""
S076one_thread.stri__init,S,init,strict,none,none,0,none,1,0,0,284,na,na,na,na,na,resumed_to_ready,na,ok,"up_s=13360 regs=3236 log_rx=57400 svcs=4 mem_mib=857 memd_kills=90","",""
S076one_thread.stri__db_open,S,db_open,strict,none,none,0,none,1,0,0,284,na,na,na,na,na,resumed_to_ready,na,ok,"up_s=13369 regs=3236 log_rx=57450 svcs=4 mem_mib=857 memd_kills=90","",""
S076one_thread.stri__thread4,S,thread4,strict,none,none,0,none,1,0,0,13652,na,na,na,na,na,resumed_to_ready,na,ok,"up_s=13378 regs=3236 log_rx=57450 svcs=4 mem_mib=857 memd_kills=90","",""
S076one_thread.stri__epg_index,S,epg_index,strict,none,none,0,none,1,0,0,13596,na,na,na,na,na,resumed_to_ready,na,ok,"up_s=13388 regs=3236 log_rx=57500 svcs=4 mem_mib=857 memd_kills=90","",""
S076one_thread.stri__ready,S,ready,strict,none,none,0,none,1,1,na,124,na,na,na,na,na,na,na,dump_fail,"up_s=13398 regs=3236 log_rx=57550 svcs=4 mem_mib=857 memd_kills=90","(00.134180) Error (criu/fsnotify.c:284): fsnotify: 	Can't dump that handle",""
S076one_thread.stri__steady,S,steady,strict,none,none,0,none,1,1,na,124,na,na,na,na,na,na,na,dump_fail,"up_s=13408 regs=3236 log_rx=57600 svcs=4 mem_mib=857 memd_kills=90","(00.111348) Error (criu/fsnotify.c:284): fsnotify: 	Can't dump that handle",""
S077one_thread.ext___init,S,init,ext_unix,none,none,0,none,1,0,0,280,na,na,na,na,na,resumed_to_ready,na,ok,"up_s=13417 regs=3236 log_rx=57650 svcs=4 mem_mib=857 memd_kills=90","",""
S077one_thread.ext___db_open,S,db_open,ext_unix,none,none,0,none,1,0,0,280,na,na,na,na,na,resumed_to_ready,na,ok,"up_s=13426 regs=3236 log_rx=57700 svcs=4 mem_mib=857 memd_kills=90","",""
S077one_thread.ext___thread4,S,thread4,ext_unix,none,none,0,none,1,0,0,13660,na,na,na,na,na,resumed_to_ready,na,ok,"up_s=13436 regs=3236 log_rx=57700 svcs=4 mem_mib=857 memd_kills=90","",""
S077one_thread.ext___epg_index,S,epg_index,ext_unix,none,none,0,none,1,0,0,13596,na,na,na,na,na,resumed_to_ready,na,ok,"up_s=13445 regs=3236 log_rx=57750 svcs=4 mem_mib=857 memd_kills=90","",""
S077one_thread.ext___ready,S,ready,ext_unix,none,none,0,none,1,1,na,124,na,na,na,na,na,na,na,dump_fail,"up_s=13455 regs=3236 log_rx=57800 svcs=4 mem_mib=857 memd_kills=90","(00.145425) Error (criu/fsnotify.c:284): fsnotify: 	Can't dump that handle",""
S077one_thread.ext___steady,S,steady,ext_unix,none,none,0,none,1,1,na,124,na,na,na,na,na,na,na,dump_fail,"up_s=13465 regs=3236 log_rx=57850 svcs=4 mem_mib=857 memd_kills=90","(00.137789) Error (criu/fsnotify.c:284): fsnotify: 	Can't dump that handle",""
S078one_thread.tcp___init,S,init,tcp_est,none,none,0,none,1,0,0,284,na,na,na,na,na,resumed_to_ready,na,ok,"up_s=13474 regs=3236 log_rx=57900 svcs=4 mem_mib=857 memd_kills=90","",""
S078one_thread.tcp___db_open,S,db_open,tcp_est,none,none,0,none,1,0,0,284,na,na,na,na,na,resumed_to_ready,na,ok,"up_s=13484 regs=3236 log_rx=57900 svcs=4 mem_mib=857 memd_kills=90","",""
S078one_thread.tcp___thread4,S,thread4,tcp_est,none,none,0,none,1,0,0,13652,na,na,na,na,na,resumed_to_ready,na,ok,"up_s=13493 regs=3236 log_rx=57950 svcs=4 mem_mib=857 memd_kills=90","",""
S078one_thread.tcp___epg_index,S,epg_index,tcp_est,none,none,0,none,1,0,0,13596,na,na,na,na,na,resumed_to_ready,na,ok,"up_s=13503 regs=3236 log_rx=58000 svcs=4 mem_mib=857 memd_kills=90","",""
S078one_thread.tcp___ready,S,ready,tcp_est,none,none,0,none,1,1,na,124,na,na,na,na,na,na,na,dump_fail,"up_s=13512 regs=3236 log_rx=58050 svcs=4 mem_mib=857 memd_kills=90","(00.136848) Error (criu/fsnotify.c:284): fsnotify: 	Can't dump that handle",""
S078one_thread.tcp___steady,S,steady,tcp_est,none,none,0,none,1,1,na,124,na,na,na,na,na,na,na,dump_fail,"up_s=13522 regs=3236 log_rx=58100 svcs=4 mem_mib=857 memd_kills=90","(00.121146) Error (criu/fsnotify.c:284): fsnotify: 	Can't dump that handle",""
S079one_thread.file__init,S,init,filelocks,none,none,0,none,1,0,0,284,na,na,na,na,na,resumed_to_ready,na,ok,"up_s=13532 regs=3236 log_rx=58150 svcs=4 mem_mib=857 memd_kills=90","",""
S079one_thread.file__db_open,S,db_open,filelocks,none,none,0,none,1,0,0,284,na,na,na,na,na,resumed_to_ready,na,ok,"up_s=13541 regs=3236 log_rx=58150 svcs=4 mem_mib=857 memd_kills=90","",""
S079one_thread.file__thread4,S,thread4,filelocks,none,none,0,none,1,0,0,13652,na,na,na,na,na,resumed_to_ready,na,ok,"up_s=13551 regs=3236 log_rx=58200 svcs=4 mem_mib=857 memd_kills=90","",""
S079one_thread.file__epg_index,S,epg_index,filelocks,none,none,0,none,1,0,0,13596,na,na,na,na,na,resumed_to_ready,na,ok,"up_s=13560 regs=3236 log_rx=58250 svcs=4 mem_mib=858 memd_kills=90","",""
S079one_thread.file__ready,S,ready,filelocks,none,none,0,none,1,1,na,124,na,na,na,na,na,na,na,dump_fail,"up_s=13570 regs=3236 log_rx=58300 svcs=4 mem_mib=857 memd_kills=90","(00.139095) Error (criu/fsnotify.c:284): fsnotify: 	Can't dump that handle",""
S079one_thread.file__steady,S,steady,filelocks,none,none,0,none,1,1,na,124,na,na,na,na,na,na,na,dump_fail,"up_s=13580 regs=3236 log_rx=58350 svcs=4 mem_mib=857 memd_kills=90","(00.117450) Error (criu/fsnotify.c:284): fsnotify: 	Can't dump that handle",""
S080one_thread.perm__init,S,init,permissive,none,none,0,none,1,0,0,284,na,na,na,na,na,resumed_to_ready,na,ok,"up_s=13589 regs=3236 log_rx=58350 svcs=4 mem_mib=858 memd_kills=90","",""
S080one_thread.perm__db_open,S,db_open,permissive,none,none,0,none,1,0,0,284,na,na,na,na,na,resumed_to_ready,na,ok,"up_s=13599 regs=3236 log_rx=58400 svcs=4 mem_mib=857 memd_kills=90","",""
S080one_thread.perm__thread4,S,thread4,permissive,none,none,0,none,1,0,0,13652,na,na,na,na,na,resumed_to_ready,na,ok,"up_s=13608 regs=3236 log_rx=58450 svcs=4 mem_mib=858 memd_kills=90","",""
S080one_thread.perm__epg_index,S,epg_index,permissive,none,none,0,none,1,0,0,13596,na,na,na,na,na,resumed_to_ready,na,ok,"up_s=13617 regs=3236 log_rx=58500 svcs=4 mem_mib=858 memd_kills=90","",""
S080one_thread.perm__ready,S,ready,permissive,none,none,0,none,1,1,na,124,na,na,na,na,na,na,na,dump_fail,"up_s=13627 regs=3236 log_rx=58550 svcs=4 mem_mib=857 memd_kills=90","(00.133526) Error (criu/fsnotify.c:284): fsnotify: 	Can't dump that handle",""
S080one_thread.perm__steady,S,steady,permissive,none,none,0,none,1,1,na,124,na,na,na,na,na,na,na,dump_fail,"up_s=13637 regs=3236 log_rx=58600 svcs=4 mem_mib=857 memd_kills=90","(00.150389) Error (criu/fsnotify.c:284): fsnotify: 	Can't dump that handle",""
S081one_child.stri__init,S,init,strict,none,none,0,none,1,0,0,284,na,na,na,na,na,resumed_to_ready,na,ok,"up_s=13645 regs=3236 log_rx=58600 svcs=5 mem_mib=858 memd_kills=90","",""
S081one_child.stri__db_open,S,db_open,strict,none,none,0,none,1,0,0,284,na,na,na,na,na,resumed_to_ready,na,ok,"up_s=13654 regs=3236 log_rx=58650 svcs=5 mem_mib=858 memd_kills=90","",""
S081one_child.stri__helper_forked,S,helper_forked,strict,none,none,0,none,1,0,0,27144,na,na,na,na,na,resumed_to_ready,na,ok,"up_s=13662 regs=3236 log_rx=58700 svcs=5 mem_mib=858 memd_kills=90","",""
S081one_child.stri__epg_index,S,epg_index,strict,none,none,0,none,1,0,0,13592,na,na,na,na,na,resumed_to_ready,na,ok,"up_s=13670 regs=3236 log_rx=58700 svcs=5 mem_mib=858 memd_kills=90","",""
S081one_child.stri__ready,S,ready,strict,none,none,0,none,1,1,na,124,na,na,na,na,na,na,na,dump_fail,"up_s=13679 regs=3236 log_rx=58750 svcs=5 mem_mib=858 memd_kills=90","(00.148069) Error (criu/fsnotify.c:284): fsnotify: 	Can't dump that handle",""
S081one_child.stri__steady,S,steady,strict,none,none,0,none,1,1,na,124,na,na,na,na,na,na,na,dump_fail,"up_s=13688 regs=3236 log_rx=58800 svcs=5 mem_mib=858 memd_kills=90","(00.128204) Error (criu/fsnotify.c:284): fsnotify: 	Can't dump that handle",""
S082one_child.ext___init,S,init,ext_unix,none,none,0,none,1,0,0,284,na,na,na,na,na,resumed_to_ready,na,ok,"up_s=13696 regs=3236 log_rx=58850 svcs=5 mem_mib=858 memd_kills=90","",""
S082one_child.ext___db_open,S,db_open,ext_unix,none,none,0,none,1,0,0,284,na,na,na,na,na,resumed_to_ready,na,ok,"up_s=13704 regs=3236 log_rx=58850 svcs=5 mem_mib=858 memd_kills=90","",""
S082one_child.ext___helper_forked,S,helper_forked,ext_unix,none,none,0,none,1,0,0,27144,na,na,na,na,na,resumed_to_ready,na,ok,"up_s=13712 regs=3236 log_rx=58900 svcs=5 mem_mib=859 memd_kills=90","",""
S082one_child.ext___epg_index,S,epg_index,ext_unix,none,none,0,none,1,0,0,13596,na,na,na,na,na,resumed_to_ready,na,ok,"up_s=13721 regs=3236 log_rx=58950 svcs=5 mem_mib=859 memd_kills=90","",""
S082one_child.ext___ready,S,ready,ext_unix,none,none,0,none,1,1,na,124,na,na,na,na,na,na,na,dump_fail,"up_s=13729 regs=3236 log_rx=58950 svcs=5 mem_mib=859 memd_kills=90","(00.129714) Error (criu/fsnotify.c:284): fsnotify: 	Can't dump that handle",""
S082one_child.ext___steady,S,steady,ext_unix,none,none,0,none,1,1,na,124,na,na,na,na,na,na,na,dump_fail,"up_s=13738 regs=3236 log_rx=59000 svcs=5 mem_mib=859 memd_kills=90","(00.123129) Error (criu/fsnotify.c:284): fsnotify: 	Can't dump that handle",""
S083one_child.tcp___init,S,init,tcp_est,none,none,0,none,1,0,0,284,na,na,na,na,na,resumed_to_ready,na,ok,"up_s=13746 regs=3236 log_rx=59050 svcs=5 mem_mib=859 memd_kills=90","",""
S083one_child.tcp___db_open,S,db_open,tcp_est,none,none,0,none,1,0,0,284,na,na,na,na,na,resumed_to_ready,na,ok,"up_s=13754 regs=3236 log_rx=59100 svcs=5 mem_mib=859 memd_kills=90","",""
S083one_child.tcp___helper_forked,S,helper_forked,tcp_est,none,none,0,none,1,0,0,27144,na,na,na,na,na,resumed_to_ready,na,ok,"up_s=13763 regs=3236 log_rx=59100 svcs=5 mem_mib=859 memd_kills=90","",""
S083one_child.tcp___epg_index,S,epg_index,tcp_est,none,none,0,none,1,0,0,13596,na,na,na,na,na,resumed_to_ready,na,ok,"up_s=13771 regs=3236 log_rx=59150 svcs=5 mem_mib=859 memd_kills=90","",""
S083one_child.tcp___ready,S,ready,tcp_est,none,none,0,none,1,1,na,124,na,na,na,na,na,na,na,dump_fail,"up_s=13779 regs=3236 log_rx=59200 svcs=5 mem_mib=859 memd_kills=90","(00.111530) Error (criu/fsnotify.c:284): fsnotify: 	Can't dump that handle",""
S083one_child.tcp___steady,S,steady,tcp_est,none,none,0,none,1,1,na,124,na,na,na,na,na,na,na,dump_fail,"up_s=13788 regs=3236 log_rx=59200 svcs=5 mem_mib=860 memd_kills=90","(00.125773) Error (criu/fsnotify.c:284): fsnotify: 	Can't dump that handle",""
S084one_child.file__init,S,init,filelocks,none,none,0,none,1,0,0,284,na,na,na,na,na,resumed_to_ready,na,ok,"up_s=13796 regs=3236 log_rx=59250 svcs=5 mem_mib=860 memd_kills=90","",""
S084one_child.file__db_open,S,db_open,filelocks,none,none,0,none,1,0,0,280,na,na,na,na,na,resumed_to_ready,na,ok,"up_s=13804 regs=3236 log_rx=59300 svcs=5 mem_mib=860 memd_kills=90","",""
S084one_child.file__helper_forked,S,helper_forked,filelocks,none,none,0,none,1,0,0,27144,na,na,na,na,na,resumed_to_ready,na,ok,"up_s=13813 regs=3236 log_rx=59350 svcs=5 mem_mib=860 memd_kills=90","",""
S084one_child.file__epg_index,S,epg_index,filelocks,none,none,0,none,1,0,0,13596,na,na,na,na,na,resumed_to_ready,na,ok,"up_s=13821 regs=3236 log_rx=59350 svcs=5 mem_mib=860 memd_kills=90","",""
S084one_child.file__ready,S,ready,filelocks,none,none,0,none,1,1,na,124,na,na,na,na,na,na,na,dump_fail,"up_s=13829 regs=3236 log_rx=59400 svcs=5 mem_mib=860 memd_kills=90","(00.145167) Error (criu/fsnotify.c:284): fsnotify: 	Can't dump that handle",""
S084one_child.file__steady,S,steady,filelocks,none,none,0,none,1,1,na,124,na,na,na,na,na,na,na,dump_fail,"up_s=13838 regs=3236 log_rx=59450 svcs=5 mem_mib=860 memd_kills=90","(00.140493) Error (criu/fsnotify.c:284): fsnotify: 	Can't dump that handle",""
S085one_child.perm__init,S,init,permissive,none,none,0,none,1,0,0,284,na,na,na,na,na,resumed_to_ready,na,ok,"up_s=13846 regs=3236 log_rx=59450 svcs=5 mem_mib=860 memd_kills=90","",""
S085one_child.perm__db_open,S,db_open,permissive,none,none,0,none,1,0,0,284,na,na,na,na,na,resumed_to_ready,na,ok,"up_s=13855 regs=3236 log_rx=59500 svcs=5 mem_mib=860 memd_kills=90","",""
S085one_child.perm__helper_forked,S,helper_forked,permissive,none,none,0,none,1,0,0,27144,na,na,na,na,na,resumed_to_ready,na,ok,"up_s=13863 regs=3236 log_rx=59550 svcs=5 mem_mib=861 memd_kills=90","",""
S085one_child.perm__epg_index,S,epg_index,permissive,none,none,0,none,1,0,0,13596,na,na,na,na,na,resumed_to_ready,na,ok,"up_s=13871 regs=3236 log_rx=59600 svcs=5 mem_mib=861 memd_kills=90","",""
S085one_child.perm__ready,S,ready,permissive,none,none,0,none,1,1,na,124,na,na,na,na,na,na,na,dump_fail,"up_s=13880 regs=3236 log_rx=59600 svcs=5 mem_mib=861 memd_kills=90","(00.121654) Error (criu/fsnotify.c:284): fsnotify: 	Can't dump that handle",""
S085one_child.perm__steady,S,steady,permissive,none,none,0,none,1,1,na,124,na,na,na,na,na,na,na,dump_fail,"up_s=13888 regs=3236 log_rx=59650 svcs=5 mem_mib=861 memd_kills=90","(00.124592) Error (criu/fsnotify.c:284): fsnotify: 	Can't dump that handle",""
S086one_zombie.stri__init,S,init,strict,none,none,0,none,1,0,0,284,na,na,na,na,na,resumed_to_ready,na,ok,"up_s=13897 regs=3236 log_rx=59700 svcs=4 mem_mib=861 memd_kills=90","",""
S086one_zombie.stri__db_open,S,db_open,strict,none,none,0,none,1,0,0,284,na,na,na,na,na,resumed_to_ready,na,ok,"up_s=13905 regs=3236 log_rx=59700 svcs=4 mem_mib=861 memd_kills=90","",""
S086one_zombie.stri__zombie_made,S,zombie_made,strict,none,none,0,none,1,0,0,13600,na,na,na,na,na,resumed_to_ready,na,ok,"up_s=13913 regs=3236 log_rx=59750 svcs=4 mem_mib=861 memd_kills=90","",""
S086one_zombie.stri__epg_index,S,epg_index,strict,none,none,0,none,1,0,0,13596,na,na,na,na,na,resumed_to_ready,na,ok,"up_s=13921 regs=3236 log_rx=59800 svcs=4 mem_mib=861 memd_kills=90","",""
S086one_zombie.stri__ready,S,ready,strict,none,none,0,none,1,1,na,124,na,na,na,na,na,na,na,dump_fail,"up_s=13930 regs=3236 log_rx=59850 svcs=4 mem_mib=861 memd_kills=90","(00.116856) Error (criu/fsnotify.c:284): fsnotify: 	Can't dump that handle",""
S086one_zombie.stri__steady,S,steady,strict,none,none,0,none,1,1,na,124,na,na,na,na,na,na,na,dump_fail,"up_s=13939 regs=3236 log_rx=59850 svcs=4 mem_mib=861 memd_kills=90","(00.133831) Error (criu/fsnotify.c:284): fsnotify: 	Can't dump that handle",""
S087one_zombie.ext___init,S,init,ext_unix,none,none,0,none,1,0,0,284,na,na,na,na,na,resumed_to_ready,na,ok,"up_s=13947 regs=3236 log_rx=59900 svcs=4 mem_mib=861 memd_kills=90","",""
S087one_zombie.ext___db_open,S,db_open,ext_unix,none,none,0,none,1,0,0,284,na,na,na,na,na,resumed_to_ready,na,ok,"up_s=13955 regs=3236 log_rx=59950 svcs=4 mem_mib=861 memd_kills=90","",""
S087one_zombie.ext___zombie_made,S,zombie_made,ext_unix,none,none,0,none,1,0,0,13600,na,na,na,na,na,resumed_to_ready,na,ok,"up_s=13964 regs=3236 log_rx=59950 svcs=4 mem_mib=861 memd_kills=90","",""
S087one_zombie.ext___epg_index,S,epg_index,ext_unix,none,none,0,none,1,0,0,13596,na,na,na,na,na,resumed_to_ready,na,ok,"up_s=13972 regs=3236 log_rx=60000 svcs=4 mem_mib=861 memd_kills=90","",""
S087one_zombie.ext___ready,S,ready,ext_unix,none,none,0,none,1,1,na,124,na,na,na,na,na,na,na,dump_fail,"up_s=13980 regs=3236 log_rx=60050 svcs=4 mem_mib=861 memd_kills=90","(00.111123) Error (criu/fsnotify.c:284): fsnotify: 	Can't dump that handle",""
S087one_zombie.ext___steady,S,steady,ext_unix,none,none,0,none,1,1,na,124,na,na,na,na,na,na,na,dump_fail,"up_s=13989 regs=3236 log_rx=60100 svcs=4 mem_mib=861 memd_kills=90","(00.137294) Error (criu/fsnotify.c:284): fsnotify: 	Can't dump that handle",""
S088one_zombie.tcp___init,S,init,tcp_est,none,none,0,none,1,0,0,284,na,na,na,na,na,resumed_to_ready,na,ok,"up_s=13997 regs=3236 log_rx=60100 svcs=4 mem_mib=861 memd_kills=90","",""
S088one_zombie.tcp___db_open,S,db_open,tcp_est,none,none,0,none,1,0,0,284,na,na,na,na,na,resumed_to_ready,na,ok,"up_s=14006 regs=3236 log_rx=60150 svcs=4 mem_mib=861 memd_kills=90","",""
S088one_zombie.tcp___zombie_made,S,zombie_made,tcp_est,none,none,0,none,1,0,0,13596,na,na,na,na,na,resumed_to_ready,na,ok,"up_s=14014 regs=3236 log_rx=60200 svcs=4 mem_mib=861 memd_kills=90","",""
S088one_zombie.tcp___epg_index,S,epg_index,tcp_est,none,none,0,none,1,0,0,13596,na,na,na,na,na,resumed_to_ready,na,ok,"up_s=14022 regs=3236 log_rx=60200 svcs=4 mem_mib=861 memd_kills=90","",""
S088one_zombie.tcp___ready,S,ready,tcp_est,none,none,0,none,1,1,na,124,na,na,na,na,na,na,na,dump_fail,"up_s=14031 regs=3236 log_rx=60250 svcs=4 mem_mib=861 memd_kills=90","(00.131018) Error (criu/fsnotify.c:284): fsnotify: 	Can't dump that handle",""
S088one_zombie.tcp___steady,S,steady,tcp_est,none,none,0,none,1,1,na,124,na,na,na,na,na,na,na,dump_fail,"up_s=14040 regs=3236 log_rx=60300 svcs=4 mem_mib=861 memd_kills=90","(00.123952) Error (criu/fsnotify.c:284): fsnotify: 	Can't dump that handle",""
S089one_zombie.file__init,S,init,filelocks,none,none,0,none,1,0,0,284,na,na,na,na,na,resumed_to_ready,na,ok,"up_s=14048 regs=3236 log_rx=60350 svcs=4 mem_mib=861 memd_kills=90","",""
S089one_zombie.file__db_open,S,db_open,filelocks,none,none,0,none,1,0,0,280,na,na,na,na,na,resumed_to_ready,na,ok,"up_s=14056 regs=3236 log_rx=60350 svcs=4 mem_mib=861 memd_kills=90","",""
S089one_zombie.file__zombie_made,S,zombie_made,filelocks,none,none,0,none,1,0,0,13600,na,na,na,na,na,resumed_to_ready,na,ok,"up_s=14064 regs=3236 log_rx=60400 svcs=4 mem_mib=861 memd_kills=90","",""
S089one_zombie.file__epg_index,S,epg_index,filelocks,none,none,0,none,1,0,0,13596,na,na,na,na,na,resumed_to_ready,na,ok,"up_s=14073 regs=3236 log_rx=60450 svcs=4 mem_mib=861 memd_kills=90","",""
S089one_zombie.file__ready,S,ready,filelocks,none,none,0,none,1,1,na,124,na,na,na,na,na,na,na,dump_fail,"up_s=14081 regs=3236 log_rx=60500 svcs=4 mem_mib=861 memd_kills=90","(00.127261) Error (criu/fsnotify.c:284): fsnotify: 	Can't dump that handle",""
S089one_zombie.file__steady,S,steady,filelocks,none,none,0,none,1,1,na,124,na,na,na,na,na,na,na,dump_fail,"up_s=14090 regs=3236 log_rx=60500 svcs=4 mem_mib=861 memd_kills=90","(00.110182) Error (criu/fsnotify.c:284): fsnotify: 	Can't dump that handle",""
S090one_zombie.perm__init,S,init,permissive,none,none,0,none,1,0,0,284,na,na,na,na,na,resumed_to_ready,na,ok,"up_s=14098 regs=3236 log_rx=60550 svcs=4 mem_mib=861 memd_kills=90","",""
S090one_zombie.perm__db_open,S,db_open,permissive,none,none,0,none,1,0,0,284,na,na,na,na,na,resumed_to_ready,na,ok,"up_s=14106 regs=3236 log_rx=60600 svcs=4 mem_mib=861 memd_kills=90","",""
S090one_zombie.perm__zombie_made,S,zombie_made,permissive,none,none,0,none,1,0,0,13600,na,na,na,na,na,resumed_to_ready,na,ok,"up_s=14115 regs=3236 log_rx=60600 svcs=4 mem_mib=861 memd_kills=90","",""
S090one_zombie.perm__epg_index,S,epg_index,permissive,none,none,0,none,1,0,0,13596,na,na,na,na,na,resumed_to_ready,na,ok,"up_s=14123 regs=3236 log_rx=60650 svcs=4 mem_mib=861 memd_kills=90","",""
S090one_zombie.perm__ready,S,ready,permissive,none,none,0,none,1,1,na,124,na,na,na,na,na,na,na,dump_fail,"up_s=14131 regs=3236 log_rx=60700 svcs=4 mem_mib=861 memd_kills=90","(00.161284) Error (criu/fsnotify.c:284): fsnotify: 	Can't dump that handle",""
S090one_zombie.perm__steady,S,steady,permissive,none,none,0,none,1,1,na,124,na,na,na,na,na,na,na,dump_fail,"up_s=14140 regs=3236 log_rx=60750 svcs=4 mem_mib=861 memd_kills=90","(00.118830) Error (criu/fsnotify.c:284): fsnotify: 	Can't dump that handle",""
S091one_selfpipe.stri__init,S,init,strict,none,none,0,none,1,0,0,284,na,na,na,na,na,resumed_to_ready,na,ok,"up_s=14148 regs=3236 log_rx=60750 svcs=4 mem_mib=862 memd_kills=90","",""
S091one_selfpipe.stri__db_open,S,db_open,strict,none,none,0,none,1,0,0,284,na,na,na,na,na,resumed_to_ready,na,ok,"up_s=14157 regs=3236 log_rx=60800 svcs=4 mem_mib=862 memd_kills=90","",""
S091one_selfpipe.stri__selfpipe,S,selfpipe,strict,none,none,0,none,1,0,0,13600,na,na,na,na,na,resumed_to_ready,na,ok,"up_s=14165 regs=3236 log_rx=60850 svcs=4 mem_mib=862 memd_kills=90","",""
S091one_selfpipe.stri__epg_index,S,epg_index,strict,none,none,0,none,1,0,0,13596,na,na,na,na,na,resumed_to_ready,na,ok,"up_s=14173 regs=3236 log_rx=60850 svcs=4 mem_mib=862 memd_kills=90","",""
S091one_selfpipe.stri__ready,S,ready,strict,none,none,0,none,1,1,na,128,na,na,na,na,na,na,na,dump_fail,"up_s=14182 regs=3236 log_rx=60900 svcs=4 mem_mib=861 memd_kills=90","(00.123535) Error (criu/fsnotify.c:284): fsnotify: 	Can't dump that handle",""
S091one_selfpipe.stri__steady,S,steady,strict,none,none,0,none,1,1,na,128,na,na,na,na,na,na,na,dump_fail,"up_s=14190 regs=3236 log_rx=60950 svcs=4 mem_mib=861 memd_kills=90","(00.120461) Error (criu/fsnotify.c:284): fsnotify: 	Can't dump that handle",""
S092one_selfpipe.ext___init,S,init,ext_unix,none,none,0,none,1,0,0,284,na,na,na,na,na,resumed_to_ready,na,ok,"up_s=14199 regs=3236 log_rx=61000 svcs=4 mem_mib=862 memd_kills=90","",""
S092one_selfpipe.ext___db_open,S,db_open,ext_unix,none,none,0,none,1,0,0,284,na,na,na,na,na,resumed_to_ready,na,ok,"up_s=14207 regs=3236 log_rx=61000 svcs=4 mem_mib=862 memd_kills=90","",""
S092one_selfpipe.ext___selfpipe,S,selfpipe,ext_unix,none,none,0,none,1,0,0,13600,na,na,na,na,na,resumed_to_ready,na,ok,"up_s=14215 regs=3236 log_rx=61050 svcs=4 mem_mib=862 memd_kills=90","",""
S092one_selfpipe.ext___epg_index,S,epg_index,ext_unix,none,none,0,none,1,0,0,13596,na,na,na,na,na,resumed_to_ready,na,ok,"up_s=14223 regs=3236 log_rx=61100 svcs=4 mem_mib=862 memd_kills=90","",""
S092one_selfpipe.ext___ready,S,ready,ext_unix,none,none,0,none,1,1,na,128,na,na,na,na,na,na,na,dump_fail,"up_s=14232 regs=3236 log_rx=61100 svcs=4 mem_mib=862 memd_kills=90","(00.145889) Error (criu/fsnotify.c:284): fsnotify: 	Can't dump that handle",""
S092one_selfpipe.ext___steady,S,steady,ext_unix,none,none,0,none,1,1,na,128,na,na,na,na,na,na,na,dump_fail,"up_s=14240 regs=3236 log_rx=61150 svcs=4 mem_mib=862 memd_kills=90","(00.151000) Error (criu/fsnotify.c:284): fsnotify: 	Can't dump that handle",""
S093one_selfpipe.tcp___init,S,init,tcp_est,none,none,0,none,1,0,0,284,na,na,na,na,na,resumed_to_ready,na,ok,"up_s=14249 regs=3236 log_rx=61200 svcs=4 mem_mib=862 memd_kills=90","",""
S093one_selfpipe.tcp___db_open,S,db_open,tcp_est,none,none,0,none,1,0,0,284,na,na,na,na,na,resumed_to_ready,na,ok,"up_s=14257 regs=3236 log_rx=61250 svcs=4 mem_mib=862 memd_kills=90","",""
S093one_selfpipe.tcp___selfpipe,S,selfpipe,tcp_est,none,none,0,none,1,0,0,13600,na,na,na,na,na,resumed_to_ready,na,ok,"up_s=14265 regs=3236 log_rx=61250 svcs=4 mem_mib=862 memd_kills=90","",""
S093one_selfpipe.tcp___epg_index,S,epg_index,tcp_est,none,none,0,none,1,0,0,13596,na,na,na,na,na,resumed_to_ready,na,ok,"up_s=14273 regs=3236 log_rx=61300 svcs=4 mem_mib=862 memd_kills=90","",""
S093one_selfpipe.tcp___ready,S,ready,tcp_est,none,none,0,none,1,1,na,128,na,na,na,na,na,na,na,dump_fail,"up_s=14282 regs=3236 log_rx=61350 svcs=4 mem_mib=862 memd_kills=90","(00.112005) Error (criu/fsnotify.c:284): fsnotify: 	Can't dump that handle",""
S093one_selfpipe.tcp___steady,S,steady,tcp_est,none,none,0,none,1,1,na,128,na,na,na,na,na,na,na,dump_fail,"up_s=14291 regs=3236 log_rx=61350 svcs=4 mem_mib=862 memd_kills=90","(00.142042) Error (criu/fsnotify.c:284): fsnotify: 	Can't dump that handle",""
S094one_selfpipe.file__init,S,init,filelocks,none,none,0,none,1,0,0,284,na,na,na,na,na,resumed_to_ready,na,ok,"up_s=14299 regs=3236 log_rx=61400 svcs=4 mem_mib=862 memd_kills=90","",""
S094one_selfpipe.file__db_open,S,db_open,filelocks,none,none,0,none,1,0,0,284,na,na,na,na,na,resumed_to_ready,na,ok,"up_s=14307 regs=3236 log_rx=61450 svcs=4 mem_mib=862 memd_kills=90","",""
S094one_selfpipe.file__selfpipe,S,selfpipe,filelocks,none,none,0,none,1,0,0,13600,na,na,na,na,na,resumed_to_ready,na,ok,"up_s=14315 regs=3236 log_rx=61500 svcs=4 mem_mib=862 memd_kills=90","",""
S094one_selfpipe.file__epg_index,S,epg_index,filelocks,none,none,0,none,1,0,0,13596,na,na,na,na,na,resumed_to_ready,na,ok,"up_s=14324 regs=3236 log_rx=61500 svcs=4 mem_mib=862 memd_kills=90","",""
S094one_selfpipe.file__ready,S,ready,filelocks,none,none,0,none,1,1,na,128,na,na,na,na,na,na,na,dump_fail,"up_s=14332 regs=3236 log_rx=61550 svcs=4 mem_mib=862 memd_kills=90","(00.122804) Error (criu/fsnotify.c:284): fsnotify: 	Can't dump that handle",""
S094one_selfpipe.file__steady,S,steady,filelocks,none,none,0,none,1,1,na,128,na,na,na,na,na,na,na,dump_fail,"up_s=14341 regs=3236 log_rx=61600 svcs=4 mem_mib=862 memd_kills=90","(00.148478) Error (criu/fsnotify.c:284): fsnotify: 	Can't dump that handle",""
S095one_selfpipe.perm__init,S,init,permissive,none,none,0,none,1,0,0,284,na,na,na,na,na,resumed_to_ready,na,ok,"up_s=14349 regs=3236 log_rx=61600 svcs=4 mem_mib=862 memd_kills=90","",""
S095one_selfpipe.perm__db_open,S,db_open,permissive,none,none,0,none,1,0,0,280,na,na,na,na,na,resumed_to_ready,na,ok,"up_s=14357 regs=3236 log_rx=61650 svcs=4 mem_mib=862 memd_kills=90","",""
S095one_selfpipe.perm__selfpipe,S,selfpipe,permissive,none,none,0,none,1,0,0,13600,na,na,na,na,na,resumed_to_ready,na,ok,"up_s=14365 regs=3236 log_rx=61700 svcs=4 mem_mib=862 memd_kills=90","",""
S095one_selfpipe.perm__epg_index,S,epg_index,permissive,none,none,0,none,1,0,0,13596,na,na,na,na,na,resumed_to_ready,na,ok,"up_s=14374 regs=3236 log_rx=61750 svcs=4 mem_mib=862 memd_kills=90","",""
S095one_selfpipe.perm__ready,S,ready,permissive,none,none,0,none,1,1,na,128,na,na,na,na,na,na,na,dump_fail,"up_s=14382 regs=3236 log_rx=61750 svcs=4 mem_mib=862 memd_kills=90","(00.126270) Error (criu/fsnotify.c:284): fsnotify: 	Can't dump that handle",""
S095one_selfpipe.perm__steady,S,steady,permissive,none,none,0,none,1,1,na,128,na,na,na,na,na,na,na,dump_fail,"up_s=14391 regs=3236 log_rx=61800 svcs=4 mem_mib=862 memd_kills=90","(00.120924) Error (criu/fsnotify.c:284): fsnotify: 	Can't dump that handle",""
S096one_eventfd.stri__init,S,init,strict,none,none,0,none,1,0,0,284,na,na,na,na,na,resumed_to_ready,na,ok,"up_s=14399 regs=3236 log_rx=61850 svcs=4 mem_mib=862 memd_kills=90","",""
S096one_eventfd.stri__db_open,S,db_open,strict,none,none,0,none,1,0,0,284,na,na,na,na,na,resumed_to_ready,na,ok,"up_s=14407 regs=3236 log_rx=61850 svcs=4 mem_mib=862 memd_kills=90","",""
S096one_eventfd.stri__eventfd_open,S,eventfd_open,strict,none,none,0,none,1,0,0,13596,na,na,na,na,na,resumed_to_ready,na,ok,"up_s=14416 regs=3236 log_rx=61900 svcs=4 mem_mib=863 memd_kills=90","",""
S096one_eventfd.stri__epg_index,S,epg_index,strict,none,none,0,none,1,0,0,13592,na,na,na,na,na,resumed_to_ready,na,ok,"up_s=14424 regs=3236 log_rx=61950 svcs=4 mem_mib=863 memd_kills=90","",""
S096one_eventfd.stri__ready,S,ready,strict,none,none,0,none,1,1,na,124,na,na,na,na,na,na,na,dump_fail,"up_s=14432 regs=3236 log_rx=62000 svcs=4 mem_mib=862 memd_kills=90","(00.137804) Error (criu/fsnotify.c:284): fsnotify: 	Can't dump that handle",""
S096one_eventfd.stri__steady,S,steady,strict,none,none,0,none,1,1,na,124,na,na,na,na,na,na,na,dump_fail,"up_s=14441 regs=3236 log_rx=62000 svcs=4 mem_mib=862 memd_kills=90","(00.160551) Error (criu/fsnotify.c:284): fsnotify: 	Can't dump that handle",""
S097one_eventfd.ext___init,S,init,ext_unix,none,none,0,none,1,0,0,284,na,na,na,na,na,resumed_to_ready,na,ok,"up_s=14449 regs=3236 log_rx=62050 svcs=4 mem_mib=863 memd_kills=90","",""
S097one_eventfd.ext___db_open,S,db_open,ext_unix,none,none,0,none,1,0,0,284,na,na,na,na,na,resumed_to_ready,na,ok,"up_s=14457 regs=3236 log_rx=62100 svcs=4 mem_mib=863 memd_kills=90","",""
S097one_eventfd.ext___eventfd_open,S,eventfd_open,ext_unix,none,none,0,none,1,0,0,13596,na,na,na,na,na,resumed_to_ready,na,ok,"up_s=14466 regs=3236 log_rx=62100 svcs=4 mem_mib=863 memd_kills=90","",""
S097one_eventfd.ext___epg_index,S,epg_index,ext_unix,none,none,0,none,1,0,0,13596,na,na,na,na,na,resumed_to_ready,na,ok,"up_s=14474 regs=3236 log_rx=62150 svcs=4 mem_mib=863 memd_kills=90","",""
S097one_eventfd.ext___ready,S,ready,ext_unix,none,none,0,none,1,1,na,124,na,na,na,na,na,na,na,dump_fail,"up_s=14482 regs=3236 log_rx=62200 svcs=4 mem_mib=863 memd_kills=90","(00.132509) Error (criu/fsnotify.c:284): fsnotify: 	Can't dump that handle",""
S097one_eventfd.ext___steady,S,steady,ext_unix,none,none,0,none,1,1,na,124,na,na,na,na,na,na,na,dump_fail,"up_s=14491 regs=3236 log_rx=62250 svcs=4 mem_mib=863 memd_kills=90","(00.153978) Error (criu/fsnotify.c:284): fsnotify: 	Can't dump that handle",""
S098one_eventfd.tcp___init,S,init,tcp_est,none,none,0,none,1,0,0,284,na,na,na,na,na,resumed_to_ready,na,ok,"up_s=14500 regs=3236 log_rx=62250 svcs=4 mem_mib=863 memd_kills=90","",""
S098one_eventfd.tcp___db_open,S,db_open,tcp_est,none,none,0,none,1,0,0,284,na,na,na,na,na,resumed_to_ready,na,ok,"up_s=14508 regs=3236 log_rx=62300 svcs=4 mem_mib=863 memd_kills=90","",""
S098one_eventfd.tcp___eventfd_open,S,eventfd_open,tcp_est,none,none,0,none,1,0,0,13596,na,na,na,na,na,resumed_to_ready,na,ok,"up_s=14516 regs=3236 log_rx=62350 svcs=4 mem_mib=863 memd_kills=90","",""
S098one_eventfd.tcp___epg_index,S,epg_index,tcp_est,none,none,0,none,1,0,0,13596,na,na,na,na,na,resumed_to_ready,na,ok,"up_s=14524 regs=3236 log_rx=62350 svcs=4 mem_mib=863 memd_kills=90","",""
S098one_eventfd.tcp___ready,S,ready,tcp_est,none,none,0,none,1,1,na,124,na,na,na,na,na,na,na,dump_fail,"up_s=14533 regs=3236 log_rx=62400 svcs=4 mem_mib=863 memd_kills=90","(00.128961) Error (criu/fsnotify.c:284): fsnotify: 	Can't dump that handle",""
S098one_eventfd.tcp___steady,S,steady,tcp_est,none,none,0,none,1,1,na,124,na,na,na,na,na,na,na,dump_fail,"up_s=14541 regs=3236 log_rx=62450 svcs=4 mem_mib=863 memd_kills=90","(00.119260) Error (criu/fsnotify.c:284): fsnotify: 	Can't dump that handle",""
S099one_eventfd.file__init,S,init,filelocks,none,none,0,none,1,0,0,284,na,na,na,na,na,resumed_to_ready,na,ok,"up_s=14550 regs=3236 log_rx=62500 svcs=4 mem_mib=863 memd_kills=90","",""
S099one_eventfd.file__db_open,S,db_open,filelocks,none,none,0,none,1,0,0,284,na,na,na,na,na,resumed_to_ready,na,ok,"up_s=14558 regs=3236 log_rx=62500 svcs=4 mem_mib=863 memd_kills=90","",""
S099one_eventfd.file__eventfd_open,S,eventfd_open,filelocks,none,none,0,none,1,0,0,13596,na,na,na,na,na,resumed_to_ready,na,ok,"up_s=14566 regs=3236 log_rx=62550 svcs=4 mem_mib=863 memd_kills=90","",""
S099one_eventfd.file__epg_index,S,epg_index,filelocks,none,none,0,none,1,0,0,13596,na,na,na,na,na,resumed_to_ready,na,ok,"up_s=14574 regs=3236 log_rx=62600 svcs=4 mem_mib=863 memd_kills=90","",""
S099one_eventfd.file__ready,S,ready,filelocks,none,none,0,none,1,1,na,124,na,na,na,na,na,na,na,dump_fail,"up_s=14583 regs=3236 log_rx=62600 svcs=4 mem_mib=863 memd_kills=90","(00.114198) Error (criu/fsnotify.c:284): fsnotify: 	Can't dump that handle",""
S099one_eventfd.file__steady,S,steady,filelocks,none,none,0,none,1,1,na,124,na,na,na,na,na,na,na,dump_fail,"up_s=14592 regs=3236 log_rx=62650 svcs=4 mem_mib=863 memd_kills=90","(00.144195) Error (criu/fsnotify.c:284): fsnotify: 	Can't dump that handle",""
S100one_eventfd.perm__init,S,init,permissive,none,none,0,none,1,0,0,284,na,na,na,na,na,resumed_to_ready,na,ok,"up_s=14600 regs=3236 log_rx=62700 svcs=4 mem_mib=863 memd_kills=90","",""
S100one_eventfd.perm__db_open,S,db_open,permissive,none,none,0,none,1,0,0,284,na,na,na,na,na,resumed_to_ready,na,ok,"up_s=14608 regs=3236 log_rx=62750 svcs=4 mem_mib=863 memd_kills=90","",""
S100one_eventfd.perm__eventfd_open,S,eventfd_open,permissive,none,none,0,none,1,0,0,13596,na,na,na,na,na,resumed_to_ready,na,ok,"up_s=14617 regs=3236 log_rx=62750 svcs=4 mem_mib=863 memd_kills=90","",""
S100one_eventfd.perm__epg_index,S,epg_index,permissive,none,none,0,none,1,0,0,13596,na,na,na,na,na,resumed_to_ready,na,ok,"up_s=14625 regs=3236 log_rx=62800 svcs=4 mem_mib=863 memd_kills=90","",""
S100one_eventfd.perm__ready,S,ready,permissive,none,none,0,none,1,1,na,124,na,na,na,na,na,na,na,dump_fail,"up_s=14633 regs=3236 log_rx=62850 svcs=4 mem_mib=863 memd_kills=90","(00.146371) Error (criu/fsnotify.c:284): fsnotify: 	Can't dump that handle",""
S100one_eventfd.perm__steady,S,steady,permissive,none,none,0,none,1,1,na,124,na,na,na,na,na,na,na,dump_fail,"up_s=14642 regs=3236 log_rx=62850 svcs=4 mem_mib=863 memd_kills=90","(00.156416) Error (criu/fsnotify.c:284): fsnotify: 	Can't dump that handle",""
S101one_shm.stri__init,S,init,strict,none,none,0,none,1,0,0,284,na,na,na,na,na,resumed_to_ready,na,ok,"up_s=14650 regs=3236 log_rx=62900 svcs=4 mem_mib=867 memd_kills=90","",""
S101one_shm.stri__db_open,S,db_open,strict,none,none,0,none,1,0,0,280,na,na,na,na,na,resumed_to_ready,na,ok,"up_s=14659 regs=3236 log_rx=62950 svcs=4 mem_mib=867 memd_kills=90","",""
S101one_shm.stri__shm_map,S,shm_map,strict,none,none,0,none,1,0,0,13596,na,na,na,na,na,resumed_to_ready,na,ok,"up_s=14667 regs=3236 log_rx=63000 svcs=4 mem_mib=867 memd_kills=90","",""
S101one_shm.stri__epg_index,S,epg_index,strict,none,none,0,none,1,0,0,13596,na,na,na,na,na,resumed_to_ready,na,ok,"up_s=14675 regs=3236 log_rx=63000 svcs=4 mem_mib=867 memd_kills=90","",""
S101one_shm.stri__ready,S,ready,strict,none,none,0,none,1,1,na,124,na,na,na,na,na,na,na,dump_fail,"up_s=14684 regs=3236 log_rx=63050 svcs=4 mem_mib=867 memd_kills=90","(00.130154) Error (criu/fsnotify.c:284): fsnotify: 	Can't dump that handle",""
S101one_shm.stri__steady,S,steady,strict,none,none,0,none,1,1,na,124,na,na,na,na,na,na,na,dump_fail,"up_s=14692 regs=3236 log_rx=63100 svcs=4 mem_mib=867 memd_kills=90","(00.136122) Error (criu/fsnotify.c:284): fsnotify: 	Can't dump that handle",""
S102one_shm.ext___init,S,init,ext_unix,none,none,0,none,1,0,0,280,na,na,na,na,na,resumed_to_ready,na,ok,"up_s=14701 regs=3236 log_rx=63100 svcs=4 mem_mib=867 memd_kills=90","",""
S102one_shm.ext___db_open,S,db_open,ext_unix,none,none,0,none,1,0,0,284,na,na,na,na,na,resumed_to_ready,na,ok,"up_s=14709 regs=3236 log_rx=63150 svcs=4 mem_mib=867 memd_kills=90","",""
S102one_shm.ext___shm_map,S,shm_map,ext_unix,none,none,0,none,1,0,0,13596,na,na,na,na,na,resumed_to_ready,na,ok,"up_s=14717 regs=3236 log_rx=63200 svcs=4 mem_mib=867 memd_kills=90","",""
S102one_shm.ext___epg_index,S,epg_index,ext_unix,none,none,0,none,1,0,0,13596,na,na,na,na,na,resumed_to_ready,na,ok,"up_s=14725 regs=3236 log_rx=63250 svcs=4 mem_mib=868 memd_kills=90","",""
S102one_shm.ext___ready,S,ready,ext_unix,none,none,0,none,1,1,na,124,na,na,na,na,na,na,na,dump_fail,"up_s=14734 regs=3236 log_rx=63250 svcs=4 mem_mib=867 memd_kills=90","(00.127877) Error (criu/fsnotify.c:284): fsnotify: 	Can't dump that handle",""
S102one_shm.ext___steady,S,steady,ext_unix,none,none,0,none,1,1,na,124,na,na,na,na,na,na,na,dump_fail,"up_s=14743 regs=3236 log_rx=63300 svcs=4 mem_mib=867 memd_kills=90","(00.139528) Error (criu/fsnotify.c:284): fsnotify: 	Can't dump that handle",""
S103one_shm.tcp___init,S,init,tcp_est,none,none,0,none,1,0,0,284,na,na,na,na,na,resumed_to_ready,na,ok,"up_s=14751 regs=3236 log_rx=63350 svcs=4 mem_mib=868 memd_kills=90","",""
S103one_shm.tcp___db_open,S,db_open,tcp_est,none,none,0,none,1,0,0,284,na,na,na,na,na,resumed_to_ready,na,ok,"up_s=14759 regs=3236 log_rx=63350 svcs=4 mem_mib=868 memd_kills=90","",""
S103one_shm.tcp___shm_map,S,shm_map,tcp_est,none,none,0,none,1,0,0,13596,na,na,na,na,na,resumed_to_ready,na,ok,"up_s=14767 regs=3236 log_rx=63400 svcs=4 mem_mib=868 memd_kills=90","",""
S103one_shm.tcp___epg_index,S,epg_index,tcp_est,none,none,0,none,1,0,0,13596,na,na,na,na,na,resumed_to_ready,na,ok,"up_s=14776 regs=3236 log_rx=63450 svcs=4 mem_mib=868 memd_kills=90","",""
S103one_shm.tcp___ready,S,ready,tcp_est,none,none,0,none,1,1,na,124,na,na,na,na,na,na,na,dump_fail,"up_s=14784 regs=3236 log_rx=63500 svcs=4 mem_mib=868 memd_kills=90","(00.107225) Error (criu/fsnotify.c:284): fsnotify: 	Can't dump that handle",""
S103one_shm.tcp___steady,S,steady,tcp_est,none,none,0,none,1,1,na,124,na,na,na,na,na,na,na,dump_fail,"up_s=14793 regs=3236 log_rx=63500 svcs=4 mem_mib=868 memd_kills=90","(00.138116) Error (criu/fsnotify.c:284): fsnotify: 	Can't dump that handle",""
S104one_shm.file__init,S,init,filelocks,none,none,0,none,1,0,0,284,na,na,na,na,na,resumed_to_ready,na,ok,"up_s=14801 regs=3236 log_rx=63550 svcs=4 mem_mib=868 memd_kills=90","",""
S104one_shm.file__db_open,S,db_open,filelocks,none,none,0,none,1,0,0,284,na,na,na,na,na,resumed_to_ready,na,ok,"up_s=14809 regs=3236 log_rx=63600 svcs=4 mem_mib=868 memd_kills=90","",""
S104one_shm.file__shm_map,S,shm_map,filelocks,none,none,0,none,1,0,0,13596,na,na,na,na,na,resumed_to_ready,na,ok,"up_s=14818 regs=3236 log_rx=63650 svcs=4 mem_mib=868 memd_kills=90","",""
S104one_shm.file__epg_index,S,epg_index,filelocks,none,none,0,none,1,0,0,13596,na,na,na,na,na,resumed_to_ready,na,ok,"up_s=14826 regs=3236 log_rx=63650 svcs=4 mem_mib=868 memd_kills=90","",""
S104one_shm.file__ready,S,ready,filelocks,none,none,0,none,1,1,na,124,na,na,na,na,na,na,na,dump_fail,"up_s=14834 regs=3236 log_rx=63700 svcs=4 mem_mib=868 memd_kills=90","(00.171102) Error (criu/fsnotify.c:284): fsnotify: 	Can't dump that handle",""
S104one_shm.file__steady,S,steady,filelocks,none,none,0,none,1,1,na,124,na,na,na,na,na,na,na,dump_fail,"up_s=14843 regs=3236 log_rx=63750 svcs=4 mem_mib=868 memd_kills=90","(00.159264) Error (criu/fsnotify.c:284): fsnotify: 	Can't dump that handle",""
S105one_shm.perm__init,S,init,permissive,none,none,0,none,1,0,0,284,na,na,na,na,na,resumed_to_ready,na,ok,"up_s=14852 regs=3236 log_rx=63750 svcs=4 mem_mib=868 memd_kills=90","",""
S105one_shm.perm__db_open,S,db_open,permissive,none,none,0,none,1,0,0,284,na,na,na,na,na,resumed_to_ready,na,ok,"up_s=14860 regs=3236 log_rx=63800 svcs=4 mem_mib=868 memd_kills=90","",""
S105one_shm.perm__shm_map,S,shm_map,permissive,none,none,0,none,1,0,0,13596,na,na,na,na,na,resumed_to_ready,na,ok,"up_s=14868 regs=3236 log_rx=63850 svcs=4 mem_mib=868 memd_kills=90","",""
S105one_shm.perm__epg_index,S,epg_index,permissive,none,none,0,none,1,0,0,13596,na,na,na,na,na,resumed_to_ready,na,ok,"up_s=14876 regs=3236 log_rx=63900 svcs=4 mem_mib=868 memd_kills=90","",""
S105one_shm.perm__ready,S,ready,permissive,none,none,0,none,1,1,na,124,na,na,na,na,na,na,na,dump_fail,"up_s=14885 regs=3236 log_rx=63900 svcs=4 mem_mib=868 memd_kills=90","(00.122456) Error (criu/fsnotify.c:284): fsnotify: 	Can't dump that handle",""
S105one_shm.perm__steady,S,steady,permissive,none,none,0,none,1,1,na,124,na,na,na,na,na,na,na,dump_fail,"up_s=14894 regs=3236 log_rx=63950 svcs=4 mem_mib=868 memd_kills=90","(00.121235) Error (criu/fsnotify.c:284): fsnotify: 	Can't dump that handle",""
S106one_wd.stri__init,S,init,strict,none,none,0,none,1,0,0,284,na,na,na,na,na,resumed_to_ready,na,ok,"up_s=14902 regs=3236 log_rx=64000 svcs=4 mem_mib=864 memd_kills=90","",""
S106one_wd.stri__db_open,S,db_open,strict,none,none,0,none,1,0,0,280,na,na,na,na,na,resumed_to_ready,na,ok,"up_s=14910 regs=3236 log_rx=64000 svcs=4 mem_mib=864 memd_kills=90","",""
S106one_wd.stri__workdir,S,workdir,strict,none,none,0,none,1,0,0,13596,na,na,na,na,na,resumed_to_ready,na,ok,"up_s=14918 regs=3236 log_rx=64050 svcs=4 mem_mib=864 memd_kills=90","",""
S106one_wd.stri__epg_index,S,epg_index,strict,none,none,0,none,1,0,0,13596,na,na,na,na,na,resumed_to_ready,na,ok,"up_s=14926 regs=3236 log_rx=64100 svcs=4 mem_mib=864 memd_kills=90","",""
S106one_wd.stri__ready,S,ready,strict,none,none,0,none,1,1,na,124,na,na,na,na,na,na,na,dump_fail,"up_s=14935 regs=3236 log_rx=64150 svcs=4 mem_mib=864 memd_kills=90","(00.133108) Error (criu/fsnotify.c:284): fsnotify: 	Can't dump that handle",""
S106one_wd.stri__steady,S,steady,strict,none,none,0,none,1,1,na,124,na,na,na,na,na,na,na,dump_fail,"up_s=14944 regs=3236 log_rx=64150 svcs=4 mem_mib=864 memd_kills=90","(00.122436) Error (criu/fsnotify.c:284): fsnotify: 	Can't dump that handle",""
S107one_wd.ext___init,S,init,ext_unix,none,none,0,none,1,0,0,284,na,na,na,na,na,resumed_to_ready,na,ok,"up_s=14952 regs=3236 log_rx=64200 svcs=4 mem_mib=864 memd_kills=90","",""
S107one_wd.ext___db_open,S,db_open,ext_unix,none,none,0,none,1,0,0,284,na,na,na,na,na,resumed_to_ready,na,ok,"up_s=14960 regs=3236 log_rx=64250 svcs=4 mem_mib=864 memd_kills=90","",""
S107one_wd.ext___workdir,S,workdir,ext_unix,none,none,0,none,1,0,0,13592,na,na,na,na,na,resumed_to_ready,na,ok,"up_s=14968 regs=3236 log_rx=64250 svcs=4 mem_mib=864 memd_kills=90","",""
S107one_wd.ext___epg_index,S,epg_index,ext_unix,none,none,0,none,1,0,0,13596,na,na,na,na,na,resumed_to_ready,na,ok,"up_s=14976 regs=3236 log_rx=64300 svcs=4 mem_mib=864 memd_kills=90","",""
S107one_wd.ext___ready,S,ready,ext_unix,none,none,0,none,1,1,na,124,na,na,na,na,na,na,na,dump_fail,"up_s=14985 regs=3236 log_rx=64350 svcs=4 mem_mib=864 memd_kills=90","(00.136979) Error (criu/fsnotify.c:284): fsnotify: 	Can't dump that handle",""
S107one_wd.ext___steady,S,steady,ext_unix,none,none,0,none,1,1,na,124,na,na,na,na,na,na,na,dump_fail,"up_s=14994 regs=3236 log_rx=64400 svcs=4 mem_mib=864 memd_kills=90","(00.137200) Error (criu/fsnotify.c:284): fsnotify: 	Can't dump that handle",""
S108one_wd.tcp___init,S,init,tcp_est,none,none,0,none,1,0,0,280,na,na,na,na,na,resumed_to_ready,na,ok,"up_s=15002 regs=3236 log_rx=64400 svcs=4 mem_mib=865 memd_kills=90","",""
S108one_wd.tcp___db_open,S,db_open,tcp_est,none,none,0,none,1,0,0,284,na,na,na,na,na,resumed_to_ready,na,ok,"up_s=15010 regs=3236 log_rx=64450 svcs=4 mem_mib=865 memd_kills=90","",""
S108one_wd.tcp___workdir,S,workdir,tcp_est,none,none,0,none,1,0,0,13596,na,na,na,na,na,resumed_to_ready,na,ok,"up_s=15018 regs=3236 log_rx=64500 svcs=4 mem_mib=865 memd_kills=90","",""
S108one_wd.tcp___epg_index,S,epg_index,tcp_est,none,none,0,none,1,0,0,13596,na,na,na,na,na,resumed_to_ready,na,ok,"up_s=15027 regs=3236 log_rx=64500 svcs=4 mem_mib=865 memd_kills=90","",""
S108one_wd.tcp___ready,S,ready,tcp_est,none,none,0,none,1,1,na,124,na,na,na,na,na,na,na,dump_fail,"up_s=15035 regs=3236 log_rx=64550 svcs=4 mem_mib=864 memd_kills=90","(00.119403) Error (criu/fsnotify.c:284): fsnotify: 	Can't dump that handle",""
S108one_wd.tcp___steady,S,steady,tcp_est,none,none,0,none,1,1,na,124,na,na,na,na,na,na,na,dump_fail,"up_s=15044 regs=3236 log_rx=64600 svcs=4 mem_mib=864 memd_kills=90","(00.167395) Error (criu/fsnotify.c:284): fsnotify: 	Can't dump that handle",""
S109one_wd.file__init,S,init,filelocks,none,none,0,none,1,0,0,284,na,na,na,na,na,resumed_to_ready,na,ok,"up_s=15052 regs=3236 log_rx=64650 svcs=4 mem_mib=865 memd_kills=90","",""
S109one_wd.file__db_open,S,db_open,filelocks,none,none,0,none,1,0,0,284,na,na,na,na,na,resumed_to_ready,na,ok,"up_s=15060 regs=3236 log_rx=64650 svcs=4 mem_mib=865 memd_kills=90","",""
S109one_wd.file__workdir,S,workdir,filelocks,none,none,0,none,1,0,0,13596,na,na,na,na,na,resumed_to_ready,na,ok,"up_s=15069 regs=3236 log_rx=64700 svcs=4 mem_mib=865 memd_kills=90","",""
S109one_wd.file__epg_index,S,epg_index,filelocks,none,none,0,none,1,0,0,13596,na,na,na,na,na,resumed_to_ready,na,ok,"up_s=15077 regs=3236 log_rx=64750 svcs=4 mem_mib=865 memd_kills=90","",""
S109one_wd.file__ready,S,ready,filelocks,none,none,0,none,1,1,na,124,na,na,na,na,na,na,na,dump_fail,"up_s=15085 regs=3236 log_rx=64750 svcs=4 mem_mib=865 memd_kills=90","(00.136906) Error (criu/fsnotify.c:284): fsnotify: 	Can't dump that handle",""
S109one_wd.file__steady,S,steady,filelocks,none,none,0,none,1,1,na,124,na,na,na,na,na,na,na,dump_fail,"up_s=15094 regs=3236 log_rx=64800 svcs=4 mem_mib=865 memd_kills=90","(00.183452) Error (criu/fsnotify.c:284): fsnotify: 	Can't dump that handle",""
S110one_wd.perm__init,S,init,permissive,none,none,0,none,1,0,0,284,na,na,na,na,na,resumed_to_ready,na,ok,"up_s=15102 regs=3236 log_rx=64850 svcs=4 mem_mib=865 memd_kills=90","",""
S110one_wd.perm__db_open,S,db_open,permissive,none,none,0,none,1,0,0,284,na,na,na,na,na,resumed_to_ready,na,ok,"up_s=15111 regs=3236 log_rx=64900 svcs=4 mem_mib=865 memd_kills=90","",""
S110one_wd.perm__workdir,S,workdir,permissive,none,none,0,none,1,0,0,13592,na,na,na,na,na,resumed_to_ready,na,ok,"up_s=15119 regs=3236 log_rx=64900 svcs=4 mem_mib=865 memd_kills=90","",""
S110one_wd.perm__epg_index,S,epg_index,permissive,none,none,0,none,1,0,0,13596,na,na,na,na,na,resumed_to_ready,na,ok,"up_s=15127 regs=3236 log_rx=64950 svcs=4 mem_mib=865 memd_kills=90","",""
S110one_wd.perm__ready,S,ready,permissive,none,none,0,none,1,1,na,124,na,na,na,na,na,na,na,dump_fail,"up_s=15136 regs=3236 log_rx=65000 svcs=4 mem_mib=865 memd_kills=90","(00.137904) Error (criu/fsnotify.c:284): fsnotify: 	Can't dump that handle",""
S110one_wd.perm__steady,S,steady,permissive,none,none,0,none,1,1,na,124,na,na,na,na,na,na,na,dump_fail,"up_s=15144 regs=3236 log_rx=65000 svcs=4 mem_mib=865 memd_kills=90","(00.151668) Error (criu/fsnotify.c:284): fsnotify: 	Can't dump that handle",""
S111one_journal.stri__init,S,init,strict,none,none,0,none,1,0,0,284,na,na,na,na,na,resumed_to_ready,na,ok,"up_s=15153 regs=3236 log_rx=65050 svcs=4 mem_mib=865 memd_kills=90","",""
S111one_journal.stri__db_open,S,db_open,strict,none,none,0,none,1,0,0,284,na,na,na,na,na,resumed_to_ready,na,ok,"up_s=15161 regs=3236 log_rx=65100 svcs=4 mem_mib=865 memd_kills=90","",""
S111one_journal.stri__tmp_journal,S,tmp_journal,strict,none,none,0,none,1,0,0,13604,na,na,na,na,na,resumed_to_ready,na,ok,"up_s=15169 regs=3236 log_rx=65150 svcs=4 mem_mib=865 memd_kills=90","",""
S111one_journal.stri__epg_index,S,epg_index,strict,none,none,0,none,1,0,0,13596,na,na,na,na,na,resumed_to_ready,na,ok,"up_s=15177 regs=3236 log_rx=65150 svcs=4 mem_mib=865 memd_kills=90","",""
S111one_journal.stri__ready,S,ready,strict,none,none,0,none,1,1,na,132,na,na,na,na,na,na,na,dump_fail,"up_s=15186 regs=3236 log_rx=65200 svcs=4 mem_mib=865 memd_kills=90","(00.160464) Error (criu/fsnotify.c:284): fsnotify: 	Can't dump that handle",""
S111one_journal.stri__steady,S,steady,strict,none,none,0,none,1,1,na,132,na,na,na,na,na,na,na,dump_fail,"up_s=15195 regs=3236 log_rx=65250 svcs=4 mem_mib=865 memd_kills=90","(00.128812) Error (criu/fsnotify.c:284): fsnotify: 	Can't dump that handle",""
S112one_journal.ext___init,S,init,ext_unix,none,none,0,none,1,0,0,288,na,na,na,na,na,resumed_to_ready,na,ok,"up_s=15203 regs=3236 log_rx=65250 svcs=4 mem_mib=865 memd_kills=90","",""
S112one_journal.ext___db_open,S,db_open,ext_unix,none,none,0,none,1,0,0,284,na,na,na,na,na,resumed_to_ready,na,ok,"up_s=15211 regs=3236 log_rx=65300 svcs=4 mem_mib=865 memd_kills=90","",""
S112one_journal.ext___tmp_journal,S,tmp_journal,ext_unix,none,none,0,none,1,0,0,13604,na,na,na,na,na,resumed_to_ready,na,ok,"up_s=15219 regs=3236 log_rx=65350 svcs=4 mem_mib=865 memd_kills=90","",""
S112one_journal.ext___epg_index,S,epg_index,ext_unix,none,none,0,none,1,0,0,13596,na,na,na,na,na,resumed_to_ready,na,ok,"up_s=15228 regs=3236 log_rx=65400 svcs=4 mem_mib=865 memd_kills=90","",""
S112one_journal.ext___ready,S,ready,ext_unix,none,none,0,none,1,1,na,132,na,na,na,na,na,na,na,dump_fail,"up_s=15236 regs=3236 log_rx=65400 svcs=4 mem_mib=865 memd_kills=90","(00.158609) Error (criu/fsnotify.c:284): fsnotify: 	Can't dump that handle",""
S112one_journal.ext___steady,S,steady,ext_unix,none,none,0,none,1,1,na,132,na,na,na,na,na,na,na,dump_fail,"up_s=15245 regs=3236 log_rx=65450 svcs=4 mem_mib=865 memd_kills=90","(00.148511) Error (criu/fsnotify.c:284): fsnotify: 	Can't dump that handle",""
S113one_journal.tcp___init,S,init,tcp_est,none,none,0,none,1,0,0,284,na,na,na,na,na,resumed_to_ready,na,ok,"up_s=15253 regs=3236 log_rx=65500 svcs=4 mem_mib=865 memd_kills=90","",""
S113one_journal.tcp___db_open,S,db_open,tcp_est,none,none,0,none,1,0,0,284,na,na,na,na,na,resumed_to_ready,na,ok,"up_s=15261 regs=3236 log_rx=65500 svcs=4 mem_mib=865 memd_kills=90","",""
S113one_journal.tcp___tmp_journal,S,tmp_journal,tcp_est,none,none,0,none,1,0,0,13604,na,na,na,na,na,resumed_to_ready,na,ok,"up_s=15269 regs=3236 log_rx=65550 svcs=4 mem_mib=865 memd_kills=90","",""
S113one_journal.tcp___epg_index,S,epg_index,tcp_est,none,none,0,none,1,0,0,13596,na,na,na,na,na,resumed_to_ready,na,ok,"up_s=15278 regs=3236 log_rx=65600 svcs=4 mem_mib=865 memd_kills=90","",""
S113one_journal.tcp___ready,S,ready,tcp_est,none,none,0,none,1,1,na,132,na,na,na,na,na,na,na,dump_fail,"up_s=15286 regs=3236 log_rx=65650 svcs=4 mem_mib=865 memd_kills=90","(00.132856) Error (criu/fsnotify.c:284): fsnotify: 	Can't dump that handle",""
S113one_journal.tcp___steady,S,steady,tcp_est,none,none,0,none,1,1,na,132,na,na,na,na,na,na,na,dump_fail,"up_s=15295 regs=3236 log_rx=65650 svcs=4 mem_mib=865 memd_kills=90","(00.112237) Error (criu/fsnotify.c:284): fsnotify: 	Can't dump that handle",""
S114one_journal.file__init,S,init,filelocks,none,none,0,none,1,0,0,284,na,na,na,na,na,resumed_to_ready,na,ok,"up_s=15303 regs=3236 log_rx=65700 svcs=4 mem_mib=865 memd_kills=90","",""
S114one_journal.file__db_open,S,db_open,filelocks,none,none,0,none,1,0,0,284,na,na,na,na,na,resumed_to_ready,na,ok,"up_s=15311 regs=3236 log_rx=65750 svcs=4 mem_mib=865 memd_kills=90","",""
S114one_journal.file__tmp_journal,S,tmp_journal,filelocks,none,none,0,none,1,0,0,13604,na,na,na,na,na,resumed_to_ready,na,ok,"up_s=15320 regs=3236 log_rx=65750 svcs=4 mem_mib=866 memd_kills=90","",""
S114one_journal.file__epg_index,S,epg_index,filelocks,none,none,0,none,1,0,0,13596,na,na,na,na,na,resumed_to_ready,na,ok,"up_s=15328 regs=3236 log_rx=65800 svcs=4 mem_mib=866 memd_kills=90","",""
S114one_journal.file__ready,S,ready,filelocks,none,none,0,none,1,1,na,132,na,na,na,na,na,na,na,dump_fail,"up_s=15336 regs=3236 log_rx=65850 svcs=4 mem_mib=865 memd_kills=90","(00.110017) Error (criu/fsnotify.c:284): fsnotify: 	Can't dump that handle",""
S114one_journal.file__steady,S,steady,filelocks,none,none,0,none,1,1,na,132,na,na,na,na,na,na,na,dump_fail,"up_s=15345 regs=3236 log_rx=65900 svcs=4 mem_mib=865 memd_kills=90","(00.137042) Error (criu/fsnotify.c:284): fsnotify: 	Can't dump that handle",""
S115one_journal.perm__init,S,init,permissive,none,none,0,none,1,0,0,284,na,na,na,na,na,resumed_to_ready,na,ok,"up_s=15353 regs=3236 log_rx=65900 svcs=4 mem_mib=866 memd_kills=90","",""
S115one_journal.perm__db_open,S,db_open,permissive,none,none,0,none,1,0,0,288,na,na,na,na,na,resumed_to_ready,na,ok,"up_s=15362 regs=3236 log_rx=65950 svcs=4 mem_mib=866 memd_kills=90","",""
S115one_journal.perm__tmp_journal,S,tmp_journal,permissive,none,none,0,none,1,0,0,13604,na,na,na,na,na,resumed_to_ready,na,ok,"up_s=15370 regs=3236 log_rx=66000 svcs=4 mem_mib=866 memd_kills=90","",""
S115one_journal.perm__epg_index,S,epg_index,permissive,none,none,0,none,1,0,0,13596,na,na,na,na,na,resumed_to_ready,na,ok,"up_s=15378 regs=3236 log_rx=66000 svcs=4 mem_mib=866 memd_kills=90","",""
S115one_journal.perm__ready,S,ready,permissive,none,none,0,none,1,1,na,132,na,na,na,na,na,na,na,dump_fail,"up_s=15386 regs=3236 log_rx=66050 svcs=4 mem_mib=866 memd_kills=90","(00.118752) Error (criu/fsnotify.c:284): fsnotify: 	Can't dump that handle",""
S115one_journal.perm__steady,S,steady,permissive,none,none,0,none,1,1,na,132,na,na,na,na,na,na,na,dump_fail,"up_s=15395 regs=3236 log_rx=66100 svcs=4 mem_mib=866 memd_kills=90","(00.098762) Error (criu/fsnotify.c:284): fsnotify: 	Can't dump that handle",""
S116one_render.stri__init,S,init,strict,none,none,0,normal,1,0,0,284,na,na,na,na,na,resumed_to_ready,na,ok,"up_s=15404 regs=3236 log_rx=66150 svcs=4 mem_mib=866 memd_kills=90","",""
S116one_render.stri__db_open,S,db_open,strict,none,none,0,normal,1,0,0,284,na,na,na,na,na,resumed_to_ready,na,ok,"up_s=15412 regs=3236 log_rx=66150 svcs=4 mem_mib=866 memd_kills=90","",""
S116one_render.stri__render_conn,S,render_conn,strict,none,none,0,normal,1,1,na,13592,na,na,na,na,na,na,na,dump_fail,"up_s=15419 regs=3236 log_rx=66200 svcs=4 mem_mib=866 memd_kills=90","(00.100638) Error (criu/sk-unix.c:874): unix: External socket is used. Consider using --ext-unix-sk option.",""
S116one_render.stri__epg_index,S,epg_index,strict,none,none,0,normal,1,0,0,13596,na,na,na,na,na,resumed_to_ready,na,ok,"up_s=15427 regs=3236 log_rx=66250 svcs=4 mem_mib=866 memd_kills=90","",""
S116one_render.stri__ready,S,ready,strict,none,none,0,normal,1,1,na,124,na,na,na,na,na,na,na,dump_fail,"up_s=15436 regs=3236 log_rx=66250 svcs=4 mem_mib=866 memd_kills=90","(00.137004) Error (criu/fsnotify.c:284): fsnotify: 	Can't dump that handle",""
S116one_render.stri__steady,S,steady,strict,none,none,0,normal,1,1,na,124,na,na,na,na,na,na,na,dump_fail,"up_s=15444 regs=3236 log_rx=66300 svcs=4 mem_mib=866 memd_kills=90","(00.142128) Error (criu/fsnotify.c:284): fsnotify: 	Can't dump that handle",""
S117one_render.ext___init,S,init,ext_unix,none,none,0,normal,1,0,0,284,na,na,na,na,na,resumed_to_ready,na,ok,"up_s=15453 regs=3236 log_rx=66350 svcs=4 mem_mib=866 memd_kills=90","",""
S117one_render.ext___db_open,S,db_open,ext_unix,none,none,0,normal,1,0,0,284,na,na,na,na,na,resumed_to_ready,na,ok,"up_s=15461 regs=3236 log_rx=66350 svcs=4 mem_mib=866 memd_kills=90","",""
S117one_render.ext___render_conn,S,render_conn,ext_unix,none,none,0,normal,1,1,na,13592,na,na,na,na,na,na,na,dump_fail,"up_s=15468 regs=3236 log_rx=66400 svcs=4 mem_mib=866 memd_kills=90","(00.114559) Error (criu/sk-unix.c:881): unix: Can't dump half of stream unix connection. name: (null); peer name: ",""
S117one_render.ext___epg_index,S,epg_index,ext_unix,none,none,0,normal,1,0,0,13596,na,na,na,na,na,resumed_to_ready,na,ok,"up_s=15476 regs=3236 log_rx=66450 svcs=4 mem_mib=866 memd_kills=90","",""
S117one_render.ext___ready,S,ready,ext_unix,none,none,0,normal,1,1,na,124,na,na,na,na,na,na,na,dump_fail,"up_s=15485 regs=3236 log_rx=66500 svcs=4 mem_mib=866 memd_kills=90","(00.158147) Error (criu/fsnotify.c:284): fsnotify: 	Can't dump that handle",""
S117one_render.ext___steady,S,steady,ext_unix,none,none,0,normal,1,1,na,124,na,na,na,na,na,na,na,dump_fail,"up_s=15494 regs=3236 log_rx=66500 svcs=4 mem_mib=866 memd_kills=90","(00.121680) Error (criu/fsnotify.c:284): fsnotify: 	Can't dump that handle",""
S118one_render.tcp___init,S,init,tcp_est,none,none,0,normal,1,0,0,284,na,na,na,na,na,resumed_to_ready,na,ok,"up_s=15502 regs=3236 log_rx=66550 svcs=4 mem_mib=866 memd_kills=90","",""
S118one_render.tcp___db_open,S,db_open,tcp_est,none,none,0,normal,1,0,0,284,na,na,na,na,na,resumed_to_ready,na,ok,"up_s=15510 regs=3236 log_rx=66600 svcs=4 mem_mib=866 memd_kills=90","",""
S118one_render.tcp___render_conn,S,render_conn,tcp_est,none,none,0,normal,1,1,na,13588,na,na,na,na,na,na,na,dump_fail,"up_s=15517 regs=3236 log_rx=66600 svcs=4 mem_mib=866 memd_kills=90","(00.130728) Error (criu/sk-unix.c:874): unix: External socket is used. Consider using --ext-unix-sk option.",""
S118one_render.tcp___epg_index,S,epg_index,tcp_est,none,none,0,normal,1,0,0,13596,na,na,na,na,na,resumed_to_ready,na,ok,"up_s=15525 regs=3236 log_rx=66650 svcs=4 mem_mib=866 memd_kills=90","",""
S118one_render.tcp___ready,S,ready,tcp_est,none,none,0,normal,1,1,na,124,na,na,na,na,na,na,na,dump_fail,"up_s=15534 regs=3236 log_rx=66700 svcs=4 mem_mib=866 memd_kills=90","(00.135540) Error (criu/fsnotify.c:284): fsnotify: 	Can't dump that handle",""
S118one_render.tcp___steady,S,steady,tcp_est,none,none,0,normal,1,1,na,124,na,na,na,na,na,na,na,dump_fail,"up_s=15543 regs=3236 log_rx=66700 svcs=4 mem_mib=866 memd_kills=90","(00.176715) Error (criu/fsnotify.c:284): fsnotify: 	Can't dump that handle",""
S119one_render.file__init,S,init,filelocks,none,none,0,normal,1,0,0,284,na,na,na,na,na,resumed_to_ready,na,ok,"up_s=15551 regs=3236 log_rx=66750 svcs=4 mem_mib=866 memd_kills=90","",""
S119one_render.file__db_open,S,db_open,filelocks,none,none,0,normal,1,0,0,284,na,na,na,na,na,resumed_to_ready,na,ok,"up_s=15559 regs=3236 log_rx=66800 svcs=4 mem_mib=866 memd_kills=90","",""
S119one_render.file__render_conn,S,render_conn,filelocks,none,none,0,normal,1,1,na,13592,na,na,na,na,na,na,na,dump_fail,"up_s=15567 regs=3236 log_rx=66850 svcs=4 mem_mib=866 memd_kills=90","(00.159245) Error (criu/sk-unix.c:874): unix: External socket is used. Consider using --ext-unix-sk option.",""
S119one_render.file__epg_index,S,epg_index,filelocks,none,none,0,normal,1,0,0,13596,na,na,na,na,na,resumed_to_ready,na,ok,"up_s=15575 regs=3236 log_rx=66850 svcs=4 mem_mib=866 memd_kills=90","",""
S119one_render.file__ready,S,ready,filelocks,none,none,0,normal,1,1,na,124,na,na,na,na,na,na,na,dump_fail,"up_s=15583 regs=3236 log_rx=66900 svcs=4 mem_mib=866 memd_kills=90","(00.145084) Error (criu/fsnotify.c:284): fsnotify: 	Can't dump that handle",""
S119one_render.file__steady,S,steady,filelocks,none,none,0,normal,1,1,na,124,na,na,na,na,na,na,na,dump_fail,"up_s=15592 regs=3236 log_rx=66950 svcs=4 mem_mib=866 memd_kills=90","(00.125576) Error (criu/fsnotify.c:284): fsnotify: 	Can't dump that handle",""
S120one_render.perm__init,S,init,permissive,none,none,0,normal,1,0,0,284,na,na,na,na,na,resumed_to_ready,na,ok,"up_s=15600 regs=3236 log_rx=66950 svcs=4 mem_mib=866 memd_kills=90","",""
S120one_render.perm__db_open,S,db_open,permissive,none,none,0,normal,1,0,0,284,na,na,na,na,na,resumed_to_ready,na,ok,"up_s=15609 regs=3236 log_rx=67000 svcs=4 mem_mib=866 memd_kills=90","",""
S120one_render.perm__render_conn,S,render_conn,permissive,none,none,0,normal,1,1,na,13592,na,na,na,na,na,na,na,dump_fail,"up_s=15616 regs=3236 log_rx=67050 svcs=4 mem_mib=866 memd_kills=90","(00.155840) Error (criu/sk-unix.c:881): unix: Can't dump half of stream unix connection. name: (null); peer name: ",""
S120one_render.perm__epg_index,S,epg_index,permissive,none,none,0,normal,1,0,0,13596,na,na,na,na,na,resumed_to_ready,na,ok,"up_s=15624 regs=3236 log_rx=67050 svcs=4 mem_mib=867 memd_kills=90","",""
S120one_render.perm__ready,S,ready,permissive,none,none,0,normal,1,1,na,124,na,na,na,na,na,na,na,dump_fail,"up_s=15632 regs=3236 log_rx=67100 svcs=4 mem_mib=866 memd_kills=90","(00.127638) Error (criu/fsnotify.c:284): fsnotify: 	Can't dump that handle",""
S120one_render.perm__steady,S,steady,permissive,none,none,0,normal,1,1,na,124,na,na,na,na,na,na,na,dump_fail,"up_s=15641 regs=3236 log_rx=67150 svcs=4 mem_mib=866 memd_kills=90","(00.137909) Error (criu/fsnotify.c:284): fsnotify: 	Can't dump that handle",""
S121one_epoll.stri__init,S,init,strict,none,none,0,none,1,0,0,284,na,na,na,na,na,resumed_to_ready,na,ok,"up_s=15650 regs=3236 log_rx=67200 svcs=4 mem_mib=867 memd_kills=90","",""
S121one_epoll.stri__db_open,S,db_open,strict,none,none,0,none,1,0,0,284,na,na,na,na,na,resumed_to_ready,na,ok,"up_s=15659 regs=3236 log_rx=67200 svcs=4 mem_mib=867 memd_kills=90","",""
S121one_epoll.stri__epoll_open,S,epoll_open,strict,none,none,0,none,1,0,0,13596,na,na,na,na,na,resumed_to_ready,na,ok,"up_s=15667 regs=3236 log_rx=67250 svcs=4 mem_mib=867 memd_kills=90","",""
S121one_epoll.stri__epg_index,S,epg_index,strict,none,none,0,none,1,0,0,13596,na,na,na,na,na,resumed_to_ready,na,ok,"up_s=15676 regs=3236 log_rx=67300 svcs=4 mem_mib=867 memd_kills=90","",""
S121one_epoll.stri__ready,S,ready,strict,none,none,0,none,1,1,na,124,na,na,na,na,na,na,na,dump_fail,"up_s=15685 regs=3236 log_rx=67350 svcs=4 mem_mib=867 memd_kills=90","(00.126216) Error (criu/fsnotify.c:284): fsnotify: 	Can't dump that handle",""
S121one_epoll.stri__steady,S,steady,strict,none,none,0,none,1,1,na,124,na,na,na,na,na,na,na,dump_fail,"up_s=15694 regs=3236 log_rx=67350 svcs=4 mem_mib=867 memd_kills=90","(00.128706) Error (criu/fsnotify.c:284): fsnotify: 	Can't dump that handle",""
S122one_epoll.ext___init,S,init,ext_unix,none,none,0,none,1,0,0,280,na,na,na,na,na,resumed_to_ready,na,ok,"up_s=15703 regs=3236 log_rx=67400 svcs=4 mem_mib=867 memd_kills=90","",""
S122one_epoll.ext___db_open,S,db_open,ext_unix,none,none,0,none,1,0,0,284,na,na,na,na,na,resumed_to_ready,na,ok,"up_s=15711 regs=3236 log_rx=67450 svcs=4 mem_mib=867 memd_kills=90","",""
S122one_epoll.ext___epoll_open,S,epoll_open,ext_unix,none,none,0,none,1,0,0,13596,na,na,na,na,na,resumed_to_ready,na,ok,"up_s=15720 regs=3236 log_rx=67500 svcs=4 mem_mib=867 memd_kills=90","",""
S122one_epoll.ext___epg_index,S,epg_index,ext_unix,none,none,0,none,1,0,0,13596,na,na,na,na,na,resumed_to_ready,na,ok,"up_s=15728 regs=3236 log_rx=67500 svcs=4 mem_mib=867 memd_kills=90","",""
S122one_epoll.ext___ready,S,ready,ext_unix,none,none,0,none,1,1,na,124,na,na,na,na,na,na,na,dump_fail,"up_s=15737 regs=3236 log_rx=67550 svcs=4 mem_mib=867 memd_kills=90","(00.135429) Error (criu/fsnotify.c:284): fsnotify: 	Can't dump that handle",""
S122one_epoll.ext___steady,S,steady,ext_unix,none,none,0,none,1,1,na,124,na,na,na,na,na,na,na,dump_fail,"up_s=15747 regs=3236 log_rx=67600 svcs=4 mem_mib=867 memd_kills=90","(00.112962) Error (criu/fsnotify.c:284): fsnotify: 	Can't dump that handle",""
S123one_epoll.tcp___init,S,init,tcp_est,none,none,0,none,1,0,0,284,na,na,na,na,na,resumed_to_ready,na,ok,"up_s=15755 regs=3236 log_rx=67650 svcs=4 mem_mib=867 memd_kills=90","",""
S123one_epoll.tcp___db_open,S,db_open,tcp_est,none,none,0,none,1,0,0,284,na,na,na,na,na,resumed_to_ready,na,ok,"up_s=15764 regs=3236 log_rx=67650 svcs=4 mem_mib=867 memd_kills=90","",""
S123one_epoll.tcp___epoll_open,S,epoll_open,tcp_est,none,none,0,none,1,0,0,13596,na,na,na,na,na,resumed_to_ready,na,ok,"up_s=15772 regs=3236 log_rx=67700 svcs=4 mem_mib=867 memd_kills=90","",""
S123one_epoll.tcp___epg_index,S,epg_index,tcp_est,none,none,0,none,1,0,0,13596,na,na,na,na,na,resumed_to_ready,na,ok,"up_s=15781 regs=3236 log_rx=67750 svcs=4 mem_mib=867 memd_kills=90","",""
S123one_epoll.tcp___ready,S,ready,tcp_est,none,none,0,none,1,1,na,124,na,na,na,na,na,na,na,dump_fail,"up_s=15790 regs=3236 log_rx=67800 svcs=4 mem_mib=867 memd_kills=90","(00.159232) Error (criu/fsnotify.c:284): fsnotify: 	Can't dump that handle",""
S123one_epoll.tcp___steady,S,steady,tcp_est,none,none,0,none,1,1,na,124,na,na,na,na,na,na,na,dump_fail,"up_s=15799 regs=3236 log_rx=67800 svcs=4 mem_mib=867 memd_kills=90","(00.123296) Error (criu/fsnotify.c:284): fsnotify: 	Can't dump that handle",""
S124one_epoll.file__init,S,init,filelocks,none,none,0,none,1,0,0,284,na,na,na,na,na,resumed_to_ready,na,ok,"up_s=15808 regs=3236 log_rx=67850 svcs=4 mem_mib=867 memd_kills=90","",""
S124one_epoll.file__db_open,S,db_open,filelocks,none,none,0,none,1,0,0,284,na,na,na,na,na,resumed_to_ready,na,ok,"up_s=15816 regs=3236 log_rx=67900 svcs=4 mem_mib=867 memd_kills=90","",""
S124one_epoll.file__epoll_open,S,epoll_open,filelocks,none,none,0,none,1,0,0,13596,na,na,na,na,na,resumed_to_ready,na,ok,"up_s=15825 regs=3236 log_rx=67950 svcs=4 mem_mib=867 memd_kills=90","",""
S124one_epoll.file__epg_index,S,epg_index,filelocks,none,none,0,none,1,0,0,13596,na,na,na,na,na,resumed_to_ready,na,ok,"up_s=15834 regs=3236 log_rx=67950 svcs=4 mem_mib=867 memd_kills=90","",""
S124one_epoll.file__ready,S,ready,filelocks,none,none,0,none,1,1,na,124,na,na,na,na,na,na,na,dump_fail,"up_s=15843 regs=3236 log_rx=68000 svcs=4 mem_mib=867 memd_kills=90","(00.143405) Error (criu/fsnotify.c:284): fsnotify: 	Can't dump that handle",""
S124one_epoll.file__steady,S,steady,filelocks,none,none,0,none,1,1,na,124,na,na,na,na,na,na,na,dump_fail,"up_s=15852 regs=3236 log_rx=68050 svcs=4 mem_mib=867 memd_kills=90","(00.124363) Error (criu/fsnotify.c:284): fsnotify: 	Can't dump that handle",""
S125one_epoll.perm__init,S,init,permissive,none,none,0,none,1,0,0,284,na,na,na,na,na,resumed_to_ready,na,ok,"up_s=15861 regs=3236 log_rx=68100 svcs=4 mem_mib=867 memd_kills=90","",""
S125one_epoll.perm__db_open,S,db_open,permissive,none,none,0,none,1,0,0,284,na,na,na,na,na,resumed_to_ready,na,ok,"up_s=15869 regs=3236 log_rx=68100 svcs=4 mem_mib=867 memd_kills=90","",""
S125one_epoll.perm__epoll_open,S,epoll_open,permissive,none,none,0,none,1,0,0,13596,na,na,na,na,na,resumed_to_ready,na,ok,"up_s=15878 regs=3236 log_rx=68150 svcs=4 mem_mib=867 memd_kills=90","",""
S125one_epoll.perm__epg_index,S,epg_index,permissive,none,none,0,none,1,0,0,13596,na,na,na,na,na,resumed_to_ready,na,ok,"up_s=15886 regs=3236 log_rx=68200 svcs=4 mem_mib=867 memd_kills=90","",""
S125one_epoll.perm__ready,S,ready,permissive,none,none,0,none,1,1,na,124,na,na,na,na,na,na,na,dump_fail,"up_s=15895 regs=3236 log_rx=68250 svcs=4 mem_mib=867 memd_kills=90","(00.107453) Error (criu/fsnotify.c:284): fsnotify: 	Can't dump that handle",""
S125one_epoll.perm__steady,S,steady,permissive,none,none,0,none,1,1,na,124,na,na,na,na,na,na,na,dump_fail,"up_s=15904 regs=3236 log_rx=68250 svcs=4 mem_mib=867 memd_kills=90","(00.141773) Error (criu/fsnotify.c:284): fsnotify: 	Can't dump that handle",""
S126one_listen.stri__init,S,init,strict,none,none,0,none,1,0,0,284,na,na,na,na,na,resumed_to_ready,na,ok,"up_s=15913 regs=3236 log_rx=68300 svcs=4 mem_mib=867 memd_kills=90","",""
S126one_listen.stri__db_open,S,db_open,strict,none,none,0,none,1,0,0,280,na,na,na,na,na,resumed_to_ready,na,ok,"up_s=15921 regs=3236 log_rx=68350 svcs=4 mem_mib=868 memd_kills=90","",""
S126one_listen.stri__svc_listen,S,svc_listen,strict,none,none,0,none,1,0,0,13596,na,na,na,na,na,resumed_to_ready,na,ok,"up_s=15929 regs=3236 log_rx=68400 svcs=4 mem_mib=868 memd_kills=90","",""
S126one_listen.stri__epg_index,S,epg_index,strict,none,none,0,none,1,0,0,13596,na,na,na,na,na,resumed_to_ready,na,ok,"up_s=15937 regs=3236 log_rx=68400 svcs=4 mem_mib=868 memd_kills=90","",""
S126one_listen.stri__ready,S,ready,strict,none,none,0,none,1,1,na,124,na,na,na,na,na,na,na,dump_fail,"up_s=15946 regs=3236 log_rx=68450 svcs=4 mem_mib=868 memd_kills=90","(00.144485) Error (criu/fsnotify.c:284): fsnotify: 	Can't dump that handle",""
S126one_listen.stri__steady,S,steady,strict,none,none,0,none,1,1,na,124,na,na,na,na,na,na,na,dump_fail,"up_s=15955 regs=3236 log_rx=68500 svcs=4 mem_mib=868 memd_kills=90","(00.114124) Error (criu/fsnotify.c:284): fsnotify: 	Can't dump that handle",""
S127one_listen.ext___init,S,init,ext_unix,none,none,0,none,1,0,0,284,na,na,na,na,na,resumed_to_ready,na,ok,"up_s=15963 regs=3236 log_rx=68500 svcs=4 mem_mib=868 memd_kills=90","",""
S127one_listen.ext___db_open,S,db_open,ext_unix,none,none,0,none,1,0,0,280,na,na,na,na,na,resumed_to_ready,na,ok,"up_s=15971 regs=3236 log_rx=68550 svcs=4 mem_mib=868 memd_kills=90","",""
S127one_listen.ext___svc_listen,S,svc_listen,ext_unix,none,none,0,none,1,0,0,13596,na,na,na,na,na,resumed_to_ready,na,ok,"up_s=15979 regs=3236 log_rx=68600 svcs=4 mem_mib=868 memd_kills=90","",""
S127one_listen.ext___epg_index,S,epg_index,ext_unix,none,none,0,none,1,0,0,13596,na,na,na,na,na,resumed_to_ready,na,ok,"up_s=15987 regs=3236 log_rx=68650 svcs=4 mem_mib=868 memd_kills=90","",""
S127one_listen.ext___ready,S,ready,ext_unix,none,none,0,none,1,1,na,124,na,na,na,na,na,na,na,dump_fail,"up_s=15996 regs=3236 log_rx=68650 svcs=4 mem_mib=868 memd_kills=90","(00.130283) Error (criu/fsnotify.c:284): fsnotify: 	Can't dump that handle",""
S127one_listen.ext___steady,S,steady,ext_unix,none,none,0,none,1,1,na,124,na,na,na,na,na,na,na,dump_fail,"up_s=16005 regs=3236 log_rx=68700 svcs=4 mem_mib=868 memd_kills=90","(00.125860) Error (criu/fsnotify.c:284): fsnotify: 	Can't dump that handle",""
S128one_listen.tcp___init,S,init,tcp_est,none,none,0,none,1,0,0,284,na,na,na,na,na,resumed_to_ready,na,ok,"up_s=16013 regs=3236 log_rx=68750 svcs=4 mem_mib=868 memd_kills=90","",""
S128one_listen.tcp___db_open,S,db_open,tcp_est,none,none,0,none,1,0,0,284,na,na,na,na,na,resumed_to_ready,na,ok,"up_s=16021 regs=3236 log_rx=68750 svcs=4 mem_mib=868 memd_kills=90","",""
S128one_listen.tcp___svc_listen,S,svc_listen,tcp_est,none,none,0,none,1,0,0,13596,na,na,na,na,na,resumed_to_ready,na,ok,"up_s=16029 regs=3236 log_rx=68800 svcs=4 mem_mib=868 memd_kills=90","",""
S128one_listen.tcp___epg_index,S,epg_index,tcp_est,none,none,0,none,1,0,0,13596,na,na,na,na,na,resumed_to_ready,na,ok,"up_s=16038 regs=3236 log_rx=68850 svcs=4 mem_mib=868 memd_kills=90","",""
S128one_listen.tcp___ready,S,ready,tcp_est,none,none,0,none,1,1,na,124,na,na,na,na,na,na,na,dump_fail,"up_s=16046 regs=3236 log_rx=68900 svcs=4 mem_mib=868 memd_kills=90","(00.135202) Error (criu/fsnotify.c:284): fsnotify: 	Can't dump that handle",""
S128one_listen.tcp___steady,S,steady,tcp_est,none,none,0,none,1,1,na,124,na,na,na,na,na,na,na,dump_fail,"up_s=16055 regs=3236 log_rx=68900 svcs=4 mem_mib=868 memd_kills=90","(00.117381) Error (criu/fsnotify.c:284): fsnotify: 	Can't dump that handle",""
S129one_listen.file__init,S,init,filelocks,none,none,0,none,1,0,0,284,na,na,na,na,na,resumed_to_ready,na,ok,"up_s=16063 regs=3236 log_rx=68950 svcs=4 mem_mib=868 memd_kills=90","",""
S129one_listen.file__db_open,S,db_open,filelocks,none,none,0,none,1,0,0,284,na,na,na,na,na,resumed_to_ready,na,ok,"up_s=16071 regs=3236 log_rx=69000 svcs=4 mem_mib=868 memd_kills=90","",""
S129one_listen.file__svc_listen,S,svc_listen,filelocks,none,none,0,none,1,0,0,13596,na,na,na,na,na,resumed_to_ready,na,ok,"up_s=16079 regs=3236 log_rx=69000 svcs=4 mem_mib=868 memd_kills=90","",""
S129one_listen.file__epg_index,S,epg_index,filelocks,none,none,0,none,1,0,0,13596,na,na,na,na,na,resumed_to_ready,na,ok,"up_s=16088 regs=3236 log_rx=69050 svcs=4 mem_mib=868 memd_kills=90","",""
S129one_listen.file__ready,S,ready,filelocks,none,none,0,none,1,1,na,124,na,na,na,na,na,na,na,dump_fail,"up_s=16096 regs=3236 log_rx=69100 svcs=4 mem_mib=868 memd_kills=90","(00.137069) Error (criu/fsnotify.c:284): fsnotify: 	Can't dump that handle",""
S129one_listen.file__steady,S,steady,filelocks,none,none,0,none,1,1,na,124,na,na,na,na,na,na,na,dump_fail,"up_s=16105 regs=3236 log_rx=69150 svcs=4 mem_mib=868 memd_kills=90","(00.118800) Error (criu/fsnotify.c:284): fsnotify: 	Can't dump that handle",""
S130one_listen.perm__init,S,init,permissive,none,none,0,none,1,0,0,284,na,na,na,na,na,resumed_to_ready,na,ok,"up_s=16113 regs=3236 log_rx=69150 svcs=4 mem_mib=868 memd_kills=90","",""
S130one_listen.perm__db_open,S,db_open,permissive,none,none,0,none,1,0,0,284,na,na,na,na,na,resumed_to_ready,na,ok,"up_s=16121 regs=3236 log_rx=69200 svcs=4 mem_mib=868 memd_kills=90","",""
S130one_listen.perm__svc_listen,S,svc_listen,permissive,none,none,0,none,1,0,0,13596,na,na,na,na,na,resumed_to_ready,na,ok,"up_s=16130 regs=3236 log_rx=69250 svcs=4 mem_mib=868 memd_kills=90","",""
S130one_listen.perm__epg_index,S,epg_index,permissive,none,none,0,none,1,0,0,13596,na,na,na,na,na,resumed_to_ready,na,ok,"up_s=16138 regs=3236 log_rx=69250 svcs=4 mem_mib=869 memd_kills=90","",""
S130one_listen.perm__ready,S,ready,permissive,none,none,0,none,1,1,na,124,na,na,na,na,na,na,na,dump_fail,"up_s=16146 regs=3236 log_rx=69300 svcs=4 mem_mib=868 memd_kills=90","(00.126474) Error (criu/fsnotify.c:284): fsnotify: 	Can't dump that handle",""
S130one_listen.perm__steady,S,steady,permissive,none,none,0,none,1,1,na,124,na,na,na,na,na,na,na,dump_fail,"up_s=16155 regs=3236 log_rx=69350 svcs=4 mem_mib=868 memd_kills=90","(00.145510) Error (criu/fsnotify.c:284): fsnotify: 	Can't dump that handle",""
S131one_udp.stri__init,S,init,strict,none,none,0,none,1,0,0,280,na,na,na,na,na,resumed_to_ready,na,ok,"up_s=16163 regs=3236 log_rx=69400 svcs=4 mem_mib=869 memd_kills=90","",""
S131one_udp.stri__db_open,S,db_open,strict,none,none,0,none,1,0,0,284,na,na,na,na,na,resumed_to_ready,na,ok,"up_s=16171 regs=3236 log_rx=69400 svcs=4 mem_mib=869 memd_kills=90","",""
S131one_udp.stri__udp_open,S,udp_open,strict,none,none,0,none,1,0,0,13600,na,na,na,na,na,resumed_to_ready,na,ok,"up_s=16180 regs=3236 log_rx=69450 svcs=4 mem_mib=869 memd_kills=90","",""
S131one_udp.stri__epg_index,S,epg_index,strict,none,none,0,none,1,0,0,13592,na,na,na,na,na,resumed_to_ready,na,ok,"up_s=16188 regs=3236 log_rx=69500 svcs=4 mem_mib=869 memd_kills=90","",""
S131one_udp.stri__ready,S,ready,strict,none,none,0,none,1,1,na,124,na,na,na,na,na,na,na,dump_fail,"up_s=16196 regs=3236 log_rx=69500 svcs=4 mem_mib=869 memd_kills=90","(00.111357) Error (criu/fsnotify.c:284): fsnotify: 	Can't dump that handle",""
S131one_udp.stri__steady,S,steady,strict,none,none,0,none,1,1,na,124,na,na,na,na,na,na,na,dump_fail,"up_s=16205 regs=3236 log_rx=69550 svcs=4 mem_mib=868 memd_kills=90","(00.121866) Error (criu/fsnotify.c:284): fsnotify: 	Can't dump that handle",""
S132one_udp.ext___init,S,init,ext_unix,none,none,0,none,1,0,0,284,na,na,na,na,na,resumed_to_ready,na,ok,"up_s=16213 regs=3236 log_rx=69600 svcs=4 mem_mib=869 memd_kills=90","",""
S132one_udp.ext___db_open,S,db_open,ext_unix,none,none,0,none,1,0,0,284,na,na,na,na,na,resumed_to_ready,na,ok,"up_s=16222 regs=3236 log_rx=69650 svcs=4 mem_mib=869 memd_kills=90","",""
S132one_udp.ext___udp_open,S,udp_open,ext_unix,none,none,0,none,1,0,0,13600,na,na,na,na,na,resumed_to_ready,na,ok,"up_s=16230 regs=3236 log_rx=69650 svcs=4 mem_mib=869 memd_kills=90","",""
S132one_udp.ext___epg_index,S,epg_index,ext_unix,none,none,0,none,1,0,0,13596,na,na,na,na,na,resumed_to_ready,na,ok,"up_s=16238 regs=3236 log_rx=69700 svcs=4 mem_mib=869 memd_kills=90","",""
S132one_udp.ext___ready,S,ready,ext_unix,none,none,0,none,1,1,na,124,na,na,na,na,na,na,na,dump_fail,"up_s=16246 regs=3236 log_rx=69750 svcs=4 mem_mib=869 memd_kills=90","(00.129044) Error (criu/fsnotify.c:284): fsnotify: 	Can't dump that handle",""
S132one_udp.ext___steady,S,steady,ext_unix,none,none,0,none,1,1,na,124,na,na,na,na,na,na,na,dump_fail,"up_s=16255 regs=3236 log_rx=69750 svcs=4 mem_mib=869 memd_kills=90","(00.135628) Error (criu/fsnotify.c:284): fsnotify: 	Can't dump that handle",""
S133one_udp.tcp___init,S,init,tcp_est,none,none,0,none,1,0,0,284,na,na,na,na,na,resumed_to_ready,na,ok,"up_s=16264 regs=3236 log_rx=69800 svcs=4 mem_mib=869 memd_kills=90","",""
S133one_udp.tcp___db_open,S,db_open,tcp_est,none,none,0,none,1,0,0,284,na,na,na,na,na,resumed_to_ready,na,ok,"up_s=16272 regs=3236 log_rx=69850 svcs=4 mem_mib=869 memd_kills=90","",""
S133one_udp.tcp___udp_open,S,udp_open,tcp_est,none,none,0,none,1,0,0,13600,na,na,na,na,na,resumed_to_ready,na,ok,"up_s=16280 regs=3236 log_rx=69900 svcs=4 mem_mib=869 memd_kills=90","",""
S133one_udp.tcp___epg_index,S,epg_index,tcp_est,none,none,0,none,1,0,0,13596,na,na,na,na,na,resumed_to_ready,na,ok,"up_s=16288 regs=3236 log_rx=69900 svcs=4 mem_mib=869 memd_kills=90","",""
S133one_udp.tcp___ready,S,ready,tcp_est,none,none,0,none,1,1,na,124,na,na,na,na,na,na,na,dump_fail,"up_s=16297 regs=3236 log_rx=69950 svcs=4 mem_mib=869 memd_kills=90","(00.134462) Error (criu/fsnotify.c:284): fsnotify: 	Can't dump that handle",""
S133one_udp.tcp___steady,S,steady,tcp_est,none,none,0,none,1,1,na,124,na,na,na,na,na,na,na,dump_fail,"up_s=16306 regs=3236 log_rx=70000 svcs=4 mem_mib=869 memd_kills=90","(00.134199) Error (criu/fsnotify.c:284): fsnotify: 	Can't dump that handle",""
S134one_udp.file__init,S,init,filelocks,none,none,0,none,1,0,0,280,na,na,na,na,na,resumed_to_ready,na,ok,"up_s=16314 regs=3236 log_rx=70000 svcs=4 mem_mib=869 memd_kills=90","",""
S134one_udp.file__db_open,S,db_open,filelocks,none,none,0,none,1,0,0,284,na,na,na,na,na,resumed_to_ready,na,ok,"up_s=16322 regs=3236 log_rx=70050 svcs=4 mem_mib=869 memd_kills=90","",""
S134one_udp.file__udp_open,S,udp_open,filelocks,none,none,0,none,1,0,0,13600,na,na,na,na,na,resumed_to_ready,na,ok,"up_s=16330 regs=3236 log_rx=70100 svcs=4 mem_mib=869 memd_kills=90","",""
S134one_udp.file__epg_index,S,epg_index,filelocks,none,none,0,none,1,0,0,13596,na,na,na,na,na,resumed_to_ready,na,ok,"up_s=16338 regs=3236 log_rx=70150 svcs=4 mem_mib=869 memd_kills=90","",""
S134one_udp.file__ready,S,ready,filelocks,none,none,0,none,1,1,na,124,na,na,na,na,na,na,na,dump_fail,"up_s=16347 regs=3236 log_rx=70150 svcs=4 mem_mib=869 memd_kills=90","(00.137219) Error (criu/fsnotify.c:284): fsnotify: 	Can't dump that handle",""
S134one_udp.file__steady,S,steady,filelocks,none,none,0,none,1,1,na,124,na,na,na,na,na,na,na,dump_fail,"up_s=16356 regs=3236 log_rx=70200 svcs=4 mem_mib=869 memd_kills=90","(00.129695) Error (criu/fsnotify.c:284): fsnotify: 	Can't dump that handle",""
S135one_udp.perm__init,S,init,permissive,none,none,0,none,1,0,0,284,na,na,na,na,na,resumed_to_ready,na,ok,"up_s=16364 regs=3236 log_rx=70250 svcs=4 mem_mib=869 memd_kills=90","",""
S135one_udp.perm__db_open,S,db_open,permissive,none,none,0,none,1,0,0,280,na,na,na,na,na,resumed_to_ready,na,ok,"up_s=16372 regs=3236 log_rx=70250 svcs=4 mem_mib=869 memd_kills=90","",""
S135one_udp.perm__udp_open,S,udp_open,permissive,none,none,0,none,1,0,0,13600,na,na,na,na,na,resumed_to_ready,na,ok,"up_s=16380 regs=3236 log_rx=70300 svcs=4 mem_mib=869 memd_kills=90","",""
S135one_udp.perm__epg_index,S,epg_index,permissive,none,none,0,none,1,0,0,13596,na,na,na,na,na,resumed_to_ready,na,ok,"up_s=16389 regs=3236 log_rx=70350 svcs=4 mem_mib=869 memd_kills=90","",""
S135one_udp.perm__ready,S,ready,permissive,none,none,0,none,1,1,na,124,na,na,na,na,na,na,na,dump_fail,"up_s=16397 regs=3236 log_rx=70400 svcs=4 mem_mib=869 memd_kills=90","(00.124473) Error (criu/fsnotify.c:284): fsnotify: 	Can't dump that handle",""
S135one_udp.perm__steady,S,steady,permissive,none,none,0,none,1,1,na,124,na,na,na,na,na,na,na,dump_fail,"up_s=16406 regs=3236 log_rx=70400 svcs=4 mem_mib=869 memd_kills=90","(00.123882) Error (criu/fsnotify.c:284): fsnotify: 	Can't dump that handle",""
S136one_netlink.stri__init,S,init,strict,none,none,0,none,1,0,0,284,na,na,na,na,na,resumed_to_ready,na,ok,"up_s=16414 regs=3236 log_rx=70450 svcs=4 mem_mib=870 memd_kills=90","",""
S136one_netlink.stri__db_open,S,db_open,strict,none,none,0,none,1,0,0,284,na,na,na,na,na,resumed_to_ready,na,ok,"up_s=16422 regs=3236 log_rx=70500 svcs=4 mem_mib=869 memd_kills=90","",""
S136one_netlink.stri__netlink_open,S,netlink_open,strict,none,none,0,none,1,0,0,13596,na,na,na,na,na,resumed_to_ready,na,ok,"up_s=16431 regs=3236 log_rx=70500 svcs=4 mem_mib=869 memd_kills=90","",""
S136one_netlink.stri__epg_index,S,epg_index,strict,none,none,0,none,1,0,0,13596,na,na,na,na,na,resumed_to_ready,na,ok,"up_s=16439 regs=3236 log_rx=70550 svcs=4 mem_mib=869 memd_kills=90","",""
S136one_netlink.stri__ready,S,ready,strict,none,none,0,none,1,1,na,124,na,na,na,na,na,na,na,dump_fail,"up_s=16447 regs=3236 log_rx=70600 svcs=4 mem_mib=869 memd_kills=90","(00.136353) Error (criu/fsnotify.c:284): fsnotify: 	Can't dump that handle",""
S136one_netlink.stri__steady,S,steady,strict,none,none,0,none,1,1,na,124,na,na,na,na,na,na,na,dump_fail,"up_s=16456 regs=3236 log_rx=70650 svcs=4 mem_mib=869 memd_kills=90","(00.114353) Error (criu/fsnotify.c:284): fsnotify: 	Can't dump that handle",""
S137one_netlink.ext___init,S,init,ext_unix,none,none,0,none,1,0,0,280,na,na,na,na,na,resumed_to_ready,na,ok,"up_s=16464 regs=3236 log_rx=70650 svcs=4 mem_mib=870 memd_kills=90","",""
S137one_netlink.ext___db_open,S,db_open,ext_unix,none,none,0,none,1,0,0,284,na,na,na,na,na,resumed_to_ready,na,ok,"up_s=16472 regs=3236 log_rx=70700 svcs=4 mem_mib=870 memd_kills=90","",""
S137one_netlink.ext___netlink_open,S,netlink_open,ext_unix,none,none,0,none,1,0,0,13596,na,na,na,na,na,resumed_to_ready,na,ok,"up_s=16481 regs=3236 log_rx=70750 svcs=4 mem_mib=870 memd_kills=90","",""
S137one_netlink.ext___epg_index,S,epg_index,ext_unix,none,none,0,none,1,0,0,13596,na,na,na,na,na,resumed_to_ready,na,ok,"up_s=16489 regs=3236 log_rx=70750 svcs=4 mem_mib=870 memd_kills=90","",""
S137one_netlink.ext___ready,S,ready,ext_unix,none,none,0,none,1,1,na,124,na,na,na,na,na,na,na,dump_fail,"up_s=16497 regs=3236 log_rx=70800 svcs=4 mem_mib=869 memd_kills=90","(00.145670) Error (criu/fsnotify.c:284): fsnotify: 	Can't dump that handle",""
S137one_netlink.ext___steady,S,steady,ext_unix,none,none,0,none,1,1,na,124,na,na,na,na,na,na,na,dump_fail,"up_s=16506 regs=3236 log_rx=70850 svcs=4 mem_mib=869 memd_kills=90","(00.125162) Error (criu/fsnotify.c:284): fsnotify: 	Can't dump that handle",""
S138one_netlink.tcp___init,S,init,tcp_est,none,none,0,none,1,0,0,284,na,na,na,na,na,resumed_to_ready,na,ok,"up_s=16514 regs=3236 log_rx=70900 svcs=4 mem_mib=870 memd_kills=90","",""
S138one_netlink.tcp___db_open,S,db_open,tcp_est,none,none,0,none,1,0,0,284,na,na,na,na,na,resumed_to_ready,na,ok,"up_s=16523 regs=3236 log_rx=70900 svcs=4 mem_mib=870 memd_kills=90","",""
S138one_netlink.tcp___netlink_open,S,netlink_open,tcp_est,none,none,0,none,1,0,0,13596,na,na,na,na,na,resumed_to_ready,na,ok,"up_s=16531 regs=3236 log_rx=70950 svcs=4 mem_mib=870 memd_kills=90","",""
S138one_netlink.tcp___epg_index,S,epg_index,tcp_est,none,none,0,none,1,0,0,13596,na,na,na,na,na,resumed_to_ready,na,ok,"up_s=16539 regs=3236 log_rx=71000 svcs=4 mem_mib=870 memd_kills=90","",""
S138one_netlink.tcp___ready,S,ready,tcp_est,none,none,0,none,1,1,na,124,na,na,na,na,na,na,na,dump_fail,"up_s=16548 regs=3236 log_rx=71000 svcs=4 mem_mib=870 memd_kills=90","(00.138959) Error (criu/fsnotify.c:284): fsnotify: 	Can't dump that handle",""
S138one_netlink.tcp___steady,S,steady,tcp_est,none,none,0,none,1,1,na,124,na,na,na,na,na,na,na,dump_fail,"up_s=16556 regs=3236 log_rx=71050 svcs=4 mem_mib=870 memd_kills=90","(00.127356) Error (criu/fsnotify.c:284): fsnotify: 	Can't dump that handle",""
S139one_netlink.file__init,S,init,filelocks,none,none,0,none,1,0,0,284,na,na,na,na,na,resumed_to_ready,na,ok,"up_s=16565 regs=3236 log_rx=71100 svcs=4 mem_mib=870 memd_kills=90","",""
S139one_netlink.file__db_open,S,db_open,filelocks,none,none,0,none,1,0,0,284,na,na,na,na,na,resumed_to_ready,na,ok,"up_s=16573 regs=3236 log_rx=71150 svcs=4 mem_mib=870 memd_kills=90","",""
S139one_netlink.file__netlink_open,S,netlink_open,filelocks,none,none,0,none,1,0,0,13596,na,na,na,na,na,resumed_to_ready,na,ok,"up_s=16581 regs=3236 log_rx=71150 svcs=4 mem_mib=870 memd_kills=90","",""
S139one_netlink.file__epg_index,S,epg_index,filelocks,none,none,0,none,1,0,0,13596,na,na,na,na,na,resumed_to_ready,na,ok,"up_s=16589 regs=3236 log_rx=71200 svcs=4 mem_mib=870 memd_kills=90","",""
S139one_netlink.file__ready,S,ready,filelocks,none,none,0,none,1,1,na,124,na,na,na,na,na,na,na,dump_fail,"up_s=16598 regs=3236 log_rx=71250 svcs=4 mem_mib=870 memd_kills=90","(00.134646) Error (criu/fsnotify.c:284): fsnotify: 	Can't dump that handle",""
S139one_netlink.file__steady,S,steady,filelocks,none,none,0,none,1,1,na,124,na,na,na,na,na,na,na,dump_fail,"up_s=16607 regs=3236 log_rx=71250 svcs=4 mem_mib=870 memd_kills=90","(00.144471) Error (criu/fsnotify.c:284): fsnotify: 	Can't dump that handle",""
S140one_netlink.perm__init,S,init,permissive,none,none,0,none,1,0,0,284,na,na,na,na,na,resumed_to_ready,na,ok,"up_s=16615 regs=3236 log_rx=71300 svcs=4 mem_mib=870 memd_kills=90","",""
S140one_netlink.perm__db_open,S,db_open,permissive,none,none,0,none,1,0,0,284,na,na,na,na,na,resumed_to_ready,na,ok,"up_s=16623 regs=3236 log_rx=71350 svcs=4 mem_mib=870 memd_kills=90","",""
S140one_netlink.perm__netlink_open,S,netlink_open,permissive,none,none,0,none,1,0,0,13596,na,na,na,na,na,resumed_to_ready,na,ok,"up_s=16631 regs=3236 log_rx=71400 svcs=4 mem_mib=870 memd_kills=90","",""
S140one_netlink.perm__epg_index,S,epg_index,permissive,none,none,0,none,1,0,0,13596,na,na,na,na,na,resumed_to_ready,na,ok,"up_s=16640 regs=3236 log_rx=71400 svcs=4 mem_mib=870 memd_kills=90","",""
S140one_netlink.perm__ready,S,ready,permissive,none,none,0,none,1,1,na,124,na,na,na,na,na,na,na,dump_fail,"up_s=16648 regs=3236 log_rx=71450 svcs=4 mem_mib=870 memd_kills=90","(00.139736) Error (criu/fsnotify.c:284): fsnotify: 	Can't dump that handle",""
S140one_netlink.perm__steady,S,steady,permissive,none,none,0,none,1,1,na,124,na,na,na,na,na,na,na,dump_fail,"up_s=16657 regs=3236 log_rx=71500 svcs=4 mem_mib=870 memd_kills=90","(00.141654) Error (criu/fsnotify.c:284): fsnotify: 	Can't dump that handle",""
S141rescue__hub_conn1,S,hub_conn1,permissive,bye,none,0,normal,1,1,na,160,na,na,na,na,na,na,na,dump_fail,"up_s=16675 regs=3240 log_rx=71550 svcs=5 mem_mib=874 memd_kills=90","(00.132010) Error (criu/fsnotify.c:284): fsnotify: 	Can't dump that handle",""
S141rescue__hub_conn2,S,hub_conn2,permissive,bye,none,0,normal,1,1,na,160,na,na,na,na,na,na,na,dump_fail,"up_s=16693 regs=3244 log_rx=71650 svcs=5 mem_mib=874 memd_kills=90","(00.126157) Error (criu/fsnotify.c:284): fsnotify: 	Can't dump that handle",""
S141rescue__hub_conn3,S,hub_conn3,permissive,bye,none,0,normal,1,1,na,160,na,na,na,na,na,na,na,dump_fail,"up_s=16711 regs=3248 log_rx=71700 svcs=5 mem_mib=874 memd_kills=90","(00.157808) Error (criu/fsnotify.c:284): fsnotify: 	Can't dump that handle",""
S141rescue__hub_conn4,S,hub_conn4,permissive,bye,none,0,normal,1,1,na,152,na,na,na,na,na,na,na,dump_fail,"up_s=16729 regs=3252 log_rx=71800 svcs=5 mem_mib=874 memd_kills=90","(00.152657) Error (criu/fsnotify.c:284): fsnotify: 	Can't dump that handle",""
S141rescue__hub_subscribed,S,hub_subscribed,permissive,bye,none,0,normal,1,1,na,152,na,na,na,na,na,na,na,dump_fail,"up_s=16747 regs=3256 log_rx=71900 svcs=5 mem_mib=874 memd_kills=90","(00.156341) Error (criu/fsnotify.c:284): fsnotify: 	Can't dump that handle",""
S141rescue__render_conn,S,render_conn,permissive,bye,none,0,normal,1,1,na,152,na,na,na,na,na,na,na,dump_fail,"up_s=16765 regs=3260 log_rx=71950 svcs=5 mem_mib=874 memd_kills=90","(00.148789) Error (criu/fsnotify.c:284): fsnotify: 	Can't dump that handle",""
S141rescue__tcp_conn,S,tcp_conn,permissive,bye,none,0,normal,1,1,na,152,na,na,na,na,na,na,na,dump_fail,"up_s=16784 regs=3264 log_rx=72050 svcs=5 mem_mib=874 memd_kills=90","(00.155899) Error (criu/fsnotify.c:284): fsnotify: 	Can't dump that handle",""
S141rescue__epoll_open,S,epoll_open,permissive,bye,none,0,normal,1,1,na,152,na,na,na,na,na,na,na,dump_fail,"up_s=16802 regs=3268 log_rx=72100 svcs=5 mem_mib=874 memd_kills=90","(00.147034) Error (criu/fsnotify.c:284): fsnotify: 	Can't dump that handle",""
S141rescue__svc_listen,S,svc_listen,permissive,bye,none,0,normal,1,1,na,152,na,na,na,na,na,na,na,dump_fail,"up_s=16820 regs=3272 log_rx=72200 svcs=5 mem_mib=874 memd_kills=90","(00.145752) Error (criu/fsnotify.c:284): fsnotify: 	Can't dump that handle",""
S141rescue__udp_open,S,udp_open,permissive,bye,none,0,normal,1,1,na,152,na,na,na,na,na,na,na,dump_fail,"up_s=16838 regs=3276 log_rx=72250 svcs=5 mem_mib=874 memd_kills=90","(00.125886) Error (criu/fsnotify.c:284): fsnotify: 	Can't dump that handle",""
S141rescue__netlink_open,S,netlink_open,permissive,bye,none,0,normal,1,1,na,152,na,na,na,na,na,na,na,dump_fail,"up_s=16857 regs=3280 log_rx=72350 svcs=5 mem_mib=874 memd_kills=90","(00.150880) Error (criu/fsnotify.c:284): fsnotify: 	Can't dump that handle",""
S141rescue__timer_armed,S,timer_armed,permissive,bye,none,0,normal,1,1,na,152,na,na,na,na,na,na,na,dump_fail,"up_s=16875 regs=3284 log_rx=72450 svcs=5 mem_mib=874 memd_kills=90","(00.137649) Error (criu/fsnotify.c:284): fsnotify: 	Can't dump that handle",""
S141rescue__db_watch,S,db_watch,permissive,bye,none,0,normal,1,1,na,152,na,na,na,na,na,na,na,dump_fail,"up_s=16893 regs=3288 log_rx=72500 svcs=5 mem_mib=874 memd_kills=90","(00.137617) Error (criu/fsnotify.c:284): fsnotify: 	Can't dump that handle",""
S141rescue__db_mmap,S,db_mmap,permissive,bye,none,0,normal,1,1,na,152,na,na,na,na,na,na,na,dump_fail,"up_s=16911 regs=3292 log_rx=72600 svcs=5 mem_mib=874 memd_kills=90","(00.140457) Error (criu/fsnotify.c:284): fsnotify: 	Can't dump that handle",""
S141rescue__ready,S,ready,permissive,bye,none,0,normal,1,1,na,152,na,na,na,na,na,na,na,dump_fail,"up_s=16930 regs=3296 log_rx=72650 svcs=5 mem_mib=874 memd_kills=90","(00.147335) Error (criu/fsnotify.c:284): fsnotify: 	Can't dump that handle",""
S141rescue__steady,S,steady,permissive,bye,none,0,normal,1,1,na,152,na,na,na,na,na,na,na,dump_fail,"up_s=16949 regs=3300 log_rx=72750 svcs=5 mem_mib=875 memd_kills=90","(00.141385) Error (criu/fsnotify.c:284): fsnotify: 	Can't dump that handle",""
S142rescue_tcp__hub_conn1,S,hub_conn1,tcp_est,bye,none,0,normal,1,1,na,128,na,na,na,na,na,na,na,dump_fail,"up_s=16958 regs=3304 log_rx=72800 svcs=4 mem_mib=870 memd_kills=90","(00.130613) Error (criu/fsnotify.c:284): fsnotify: 	Can't dump that handle",""
S142rescue_tcp__hub_conn2,S,hub_conn2,tcp_est,bye,none,0,normal,1,1,na,128,na,na,na,na,na,na,na,dump_fail,"up_s=16968 regs=3308 log_rx=72850 svcs=4 mem_mib=870 memd_kills=90","(00.137540) Error (criu/fsnotify.c:284): fsnotify: 	Can't dump that handle",""
S142rescue_tcp__hub_conn3,S,hub_conn3,tcp_est,bye,none,0,normal,1,1,na,128,na,na,na,na,na,na,na,dump_fail,"up_s=16978 regs=3312 log_rx=72900 svcs=4 mem_mib=870 memd_kills=90","(00.119405) Error (criu/fsnotify.c:284): fsnotify: 	Can't dump that handle",""
S142rescue_tcp__hub_conn4,S,hub_conn4,tcp_est,bye,none,0,normal,1,1,na,128,na,na,na,na,na,na,na,dump_fail,"up_s=16988 regs=3316 log_rx=72900 svcs=4 mem_mib=870 memd_kills=90","(00.136713) Error (criu/fsnotify.c:284): fsnotify: 	Can't dump that handle",""
S142rescue_tcp__hub_subscribed,S,hub_subscribed,tcp_est,bye,none,0,normal,1,1,na,128,na,na,na,na,na,na,na,dump_fail,"up_s=16997 regs=3320 log_rx=72950 svcs=4 mem_mib=870 memd_kills=90","(00.141891) Error (criu/fsnotify.c:284): fsnotify: 	Can't dump that handle",""
S142rescue_tcp__tcp_conn,S,tcp_conn,tcp_est,bye,none,0,normal,1,1,na,128,na,na,na,na,na,na,na,dump_fail,"up_s=17007 regs=3324 log_rx=73000 svcs=4 mem_mib=870 memd_kills=90","(00.145023) Error (criu/fsnotify.c:284): fsnotify: 	Can't dump that handle",""
S142rescue_tcp__timer_armed,S,timer_armed,tcp_est,bye,none,0,normal,1,1,na,128,na,na,na,na,na,na,na,dump_fail,"up_s=17017 regs=3328 log_rx=73050 svcs=4 mem_mib=870 memd_kills=90","(00.141597) Error (criu/fsnotify.c:284): fsnotify: 	Can't dump that handle",""
S142rescue_tcp__db_watch,S,db_watch,tcp_est,bye,none,0,normal,1,1,na,128,na,na,na,na,na,na,na,dump_fail,"up_s=17027 regs=3332 log_rx=73100 svcs=4 mem_mib=870 memd_kills=90","(00.123648) Error (criu/fsnotify.c:284): fsnotify: 	Can't dump that handle",""
S142rescue_tcp__ready,S,ready,tcp_est,bye,none,0,normal,1,1,na,128,na,na,na,na,na,na,na,dump_fail,"up_s=17037 regs=3336 log_rx=73150 svcs=4 mem_mib=870 memd_kills=90","(00.153567) Error (criu/fsnotify.c:284): fsnotify: 	Can't dump that handle",""
S142rescue_tcp__steady,S,steady,tcp_est,bye,none,0,normal,1,1,na,128,na,na,na,na,na,na,na,dump_fail,"up_s=17047 regs=3340 log_rx=73150 svcs=4 mem_mib=870 memd_kills=90","(00.131621) Error (criu/fsnotify.c:284): fsnotify: 	Can't dump that handle",""
S143droplock__tcp_conn,S,tcp_conn,tcp_est,none,droplock_sleep2,0,normal,1,1,na,13600,na,na,na,na,na,na,na,dump_fail,"up_s=17056 regs=3344 log_rx=73200 svcs=4 mem_mib=870 memd_kills=90","(00.120249) Error (criu/sk-unix.c:874): unix: External socket is used. Consider using --ext-unix-sk option.",""
S143droplock__timer_armed,S,timer_armed,tcp_est,none,droplock_sleep2,0,normal,1,1,na,13604,na,na,na,na,na,na,na,dump_fail,"up_s=17066 regs=3348 log_rx=73250 svcs=4 mem_mib=870 memd_kills=90","(00.164875) Error (criu/sk-unix.c:874): unix: External socket is used. Consider using --ext-unix-sk option.",""
S143droplock__db_watch,S,db_watch,tcp_est,none,droplock_sleep2,0,normal,1,1,na,136,na,na,na,na,na,na,na,dump_fail,"up_s=17075 regs=3352 log_rx=73300 svcs=4 mem_mib=870 memd_kills=90","(00.144402) Error (criu/fsnotify.c:284): fsnotify: 	Can't dump that handle",""
S143droplock__ready,S,ready,tcp_est,none,droplock_sleep2,0,normal,1,1,na,136,na,na,na,na,na,na,na,dump_fail,"up_s=17085 regs=3356 log_rx=73350 svcs=4 mem_mib=870 memd_kills=90","(00.131537) Error (criu/fsnotify.c:284): fsnotify: 	Can't dump that handle",""
S143droplock__steady,S,steady,tcp_est,none,droplock_sleep2,0,normal,1,1,na,136,na,na,na,na,na,na,na,dump_fail,"up_s=17096 regs=3360 log_rx=73400 svcs=4 mem_mib=870 memd_kills=90","(00.156606) Error (criu/fsnotify.c:284): fsnotify: 	Can't dump that handle",""
S144frz15__init,S,init,strict,none,sleep15,0,none,1,0,0,284,na,na,na,na,na,resumed_to_ready,na,ok,"up_s=17119 regs=3360 log_rx=73500 svcs=4 mem_mib=870 memd_kills=90","",""
S144frz15__db_open,S,db_open,strict,none,sleep15,0,none,1,0,0,284,na,na,na,na,na,resumed_to_ready,na,ok,"up_s=17142 regs=3360 log_rx=73600 svcs=4 mem_mib=870 memd_kills=90","",""
S144frz15__db_read,S,db_read,strict,none,sleep15,0,none,1,0,0,1304,na,na,na,na,na,resumed_to_ready,na,ok,"up_s=17164 regs=3360 log_rx=73700 svcs=4 mem_mib=871 memd_kills=90","",""
S144frz15__db_read_p25,S,db_read_p25,strict,none,sleep15,0,none,1,0,0,1304,na,na,na,na,na,resumed_to_ready,na,ok,"up_s=17187 regs=3360 log_rx=73750 svcs=4 mem_mib=870 memd_kills=90","",""
S144frz15__db_read_p50,S,db_read_p50,strict,none,sleep15,0,none,1,0,0,1304,na,na,na,na,na,resumed_to_ready,na,ok,"up_s=17210 regs=3360 log_rx=73850 svcs=4 mem_mib=870 memd_kills=90","",""
S144frz15__db_read_p75,S,db_read_p75,strict,none,sleep15,0,none,1,0,0,1304,na,na,na,na,na,resumed_to_ready,na,ok,"up_s=17233 regs=3360 log_rx=73950 svcs=4 mem_mib=871 memd_kills=90","",""
S144frz15__db_parse,S,db_parse,strict,none,sleep15,0,none,1,0,0,1304,na,na,na,na,na,resumed_to_ready,na,ok,"up_s=17256 regs=3360 log_rx=74050 svcs=4 mem_mib=871 memd_kills=90","",""
S144frz15__db_parse_p25,S,db_parse_p25,strict,none,sleep15,0,none,1,0,0,1304,na,na,na,na,na,resumed_to_ready,na,ok,"up_s=17279 regs=3360 log_rx=74150 svcs=4 mem_mib=871 memd_kills=90","",""
S144frz15__db_parse_p50,S,db_parse_p50,strict,none,sleep15,0,none,1,0,0,1304,na,na,na,na,na,resumed_to_ready,na,ok,"up_s=17301 regs=3360 log_rx=74250 svcs=4 mem_mib=871 memd_kills=90","",""
S144frz15__db_parse_p75,S,db_parse_p75,strict,none,sleep15,0,none,1,0,0,1304,na,na,na,na,na,resumed_to_ready,na,ok,"up_s=17324 regs=3360 log_rx=74350 svcs=4 mem_mib=871 memd_kills=90","",""
S144frz15__epg_index,S,epg_index,strict,none,sleep15,0,none,1,0,0,13596,na,na,na,na,na,resumed_to_ready,na,ok,"up_s=17347 regs=3360 log_rx=74450 svcs=4 mem_mib=871 memd_kills=90","",""
S144frz15__epg_index_p25,S,epg_index_p25,strict,none,sleep15,0,none,1,0,0,4384,na,na,na,na,na,resumed_to_ready,na,ok,"up_s=17370 regs=3360 log_rx=74550 svcs=4 mem_mib=871 memd_kills=90","",""
S144frz15__epg_index_p50,S,epg_index_p50,strict,none,sleep15,0,none,1,0,0,7456,na,na,na,na,na,resumed_to_ready,na,ok,"up_s=17393 regs=3360 log_rx=74650 svcs=4 mem_mib=871 memd_kills=90","",""
S144frz15__epg_index_p75,S,epg_index_p75,strict,none,sleep15,0,none,1,0,0,10528,na,na,na,na,na,resumed_to_ready,na,ok,"up_s=17416 regs=3360 log_rx=74750 svcs=4 mem_mib=871 memd_kills=90","",""
S144frz15__epg_text,S,epg_text,strict,none,sleep15,0,none,1,0,0,13596,na,na,na,na,na,resumed_to_ready,na,ok,"up_s=17439 regs=3360 log_rx=74850 svcs=4 mem_mib=871 memd_kills=90","",""
S144frz15__epg_reserve,S,epg_reserve,strict,none,sleep15,0,none,1,0,0,13596,na,na,na,na,na,resumed_to_ready,na,ok,"up_s=17462 regs=3360 log_rx=74950 svcs=4 mem_mib=871 memd_kills=90","",""
S144frz15__timer_armed,S,timer_armed,strict,none,sleep15,0,none,1,0,0,13596,na,na,na,na,na,resumed_to_ready,na,ok,"up_s=17484 regs=3360 log_rx=75050 svcs=4 mem_mib=871 memd_kills=90","",""
S144frz15__db_watch,S,db_watch,strict,none,sleep15,0,none,1,1,na,124,na,na,na,na,na,na,na,dump_fail,"up_s=17492 regs=3360 log_rx=75100 svcs=4 mem_mib=871 memd_kills=90","(00.125504) Error (criu/fsnotify.c:284): fsnotify: 	Can't dump that handle",""
S144frz15__ready,S,ready,strict,none,sleep15,0,none,1,1,na,124,na,na,na,na,na,na,na,dump_fail,"up_s=17500 regs=3360 log_rx=75100 svcs=4 mem_mib=871 memd_kills=90","(00.153815) Error (criu/fsnotify.c:284): fsnotify: 	Can't dump that handle",""
S144frz15__steady,S,steady,strict,none,sleep15,0,none,1,1,na,124,na,na,na,na,na,na,na,dump_fail,"up_s=17509 regs=3360 log_rx=75150 svcs=4 mem_mib=871 memd_kills=90","(00.134996) Error (criu/fsnotify.c:284): fsnotify: 	Can't dump that handle",""
S145frz45__init,S,init,strict,none,sleep45,0,none,1,0,0,284,na,na,na,na,na,resumed_to_ready,na,ok,"up_s=17561 regs=3360 log_rx=75350 svcs=4 mem_mib=871 memd_kills=90","",""
S145frz45__db_open,S,db_open,strict,none,sleep45,0,none,1,0,0,284,na,na,na,na,na,resumed_to_ready,na,ok,"up_s=17614 regs=3360 log_rx=75600 svcs=4 mem_mib=871 memd_kills=90","",""
S145frz45__db_read,S,db_read,strict,none,sleep45,0,none,1,0,0,1304,na,na,na,na,na,resumed_to_ready,na,ok,"up_s=17667 regs=3360 log_rx=75850 svcs=4 mem_mib=871 memd_kills=90","",""
S145frz45__db_read_p25,S,db_read_p25,strict,none,sleep45,0,none,1,0,0,1304,na,na,na,na,na,resumed_to_ready,na,ok,"up_s=17720 regs=3360 log_rx=76050 svcs=4 mem_mib=871 memd_kills=90","",""
S145frz45__db_read_p50,S,db_read_p50,strict,none,sleep45,0,none,1,0,0,1308,na,na,na,na,na,resumed_to_ready,na,ok,"up_s=17773 regs=3360 log_rx=76300 svcs=4 mem_mib=871 memd_kills=90","",""
S145frz45__db_read_p75,S,db_read_p75,strict,none,sleep45,0,none,1,0,0,1304,na,na,na,na,na,resumed_to_ready,na,ok,"up_s=17826 regs=3360 log_rx=76500 svcs=4 mem_mib=871 memd_kills=90","",""
S145frz45__db_parse,S,db_parse,strict,none,sleep45,0,none,1,0,0,1300,na,na,na,na,na,resumed_to_ready,na,ok,"up_s=17878 regs=3360 log_rx=76750 svcs=4 mem_mib=871 memd_kills=90","",""
S145frz45__db_parse_p25,S,db_parse_p25,strict,none,sleep45,0,none,1,0,0,1304,na,na,na,na,na,resumed_to_ready,na,ok,"up_s=17931 regs=3360 log_rx=76950 svcs=4 mem_mib=871 memd_kills=90","",""
S145frz45__db_parse_p50,S,db_parse_p50,strict,none,sleep45,0,none,1,0,0,1300,na,na,na,na,na,resumed_to_ready,na,ok,"up_s=17984 regs=3360 log_rx=77200 svcs=4 mem_mib=871 memd_kills=90","",""
S145frz45__db_parse_p75,S,db_parse_p75,strict,none,sleep45,0,none,1,0,0,1304,na,na,na,na,na,resumed_to_ready,na,ok,"up_s=18037 regs=3360 log_rx=77400 svcs=4 mem_mib=871 memd_kills=90","",""
S145frz45__epg_index,S,epg_index,strict,none,sleep45,0,none,1,0,0,13596,na,na,na,na,na,resumed_to_ready,na,ok,"up_s=18090 regs=3360 log_rx=77650 svcs=4 mem_mib=872 memd_kills=90","",""
S145frz45__epg_index_p25,S,epg_index_p25,strict,none,sleep45,0,none,1,0,0,4380,na,na,na,na,na,resumed_to_ready,na,ok,"up_s=18143 regs=3360 log_rx=77850 svcs=4 mem_mib=872 memd_kills=90","",""
S145frz45__epg_index_p50,S,epg_index_p50,strict,none,sleep45,0,none,1,0,0,7456,na,na,na,na,na,resumed_to_ready,na,ok,"up_s=18196 regs=3360 log_rx=78100 svcs=4 mem_mib=872 memd_kills=90","",""
S145frz45__epg_index_p75,S,epg_index_p75,strict,none,sleep45,0,none,1,0,0,10528,na,na,na,na,na,resumed_to_ready,na,ok,"up_s=18248 regs=3360 log_rx=78300 svcs=4 mem_mib=872 memd_kills=90","",""
S145frz45__epg_text,S,epg_text,strict,none,sleep45,0,none,1,0,0,13596,na,na,na,na,na,resumed_to_ready,na,ok,"up_s=18301 regs=3360 log_rx=78550 svcs=4 mem_mib=872 memd_kills=90","",""
S145frz45__epg_reserve,S,epg_reserve,strict,none,sleep45,0,none,1,0,0,13596,na,na,na,na,na,resumed_to_ready,na,ok,"up_s=18354 regs=3360 log_rx=78750 svcs=4 mem_mib=872 memd_kills=90","",""
S145frz45__timer_armed,S,timer_armed,strict,none,sleep45,0,none,1,0,0,13596,na,na,na,na,na,resumed_to_ready,na,ok,"up_s=18407 regs=3360 log_rx=79000 svcs=4 mem_mib=872 memd_kills=90","",""
S145frz45__db_watch,S,db_watch,strict,none,sleep45,0,none,1,1,na,124,na,na,na,na,na,na,na,dump_fail,"up_s=18415 regs=3360 log_rx=79000 svcs=4 mem_mib=872 memd_kills=90","(00.136047) Error (criu/fsnotify.c:284): fsnotify: 	Can't dump that handle",""
S145frz45__ready,S,ready,strict,none,sleep45,0,none,1,1,na,124,na,na,na,na,na,na,na,dump_fail,"up_s=18423 regs=3360 log_rx=79050 svcs=4 mem_mib=872 memd_kills=90","(00.143573) Error (criu/fsnotify.c:284): fsnotify: 	Can't dump that handle",""
S145frz45__steady,S,steady,strict,none,sleep45,0,none,1,1,na,124,na,na,na,na,na,na,na,dump_fail,"up_s=18431 regs=3360 log_rx=79100 svcs=4 mem_mib=872 memd_kills=90","(00.142889) Error (criu/fsnotify.c:284): fsnotify: 	Can't dump that handle",""
S146frz45_rx__hub_conn1,S,hub_conn1,permissive,bye,sleep45,0,normal,1,1,na,160,na,na,na,na,na,na,na,dump_fail,"up_s=18449 regs=3364 log_rx=79150 svcs=5 mem_mib=876 memd_kills=90","(00.143796) Error (criu/fsnotify.c:284): fsnotify: 	Can't dump that handle",""
S146frz45_rx__hub_conn2,S,hub_conn2,permissive,bye,sleep45,0,normal,1,1,na,160,na,na,na,na,na,na,na,dump_fail,"up_s=18467 regs=3368 log_rx=79250 svcs=5 mem_mib=876 memd_kills=90","(00.136964) Error (criu/fsnotify.c:284): fsnotify: 	Can't dump that handle",""
S146frz45_rx__hub_conn3,S,hub_conn3,permissive,bye,sleep45,0,normal,1,1,na,160,na,na,na,na,na,na,na,dump_fail,"up_s=18485 regs=3372 log_rx=79350 svcs=5 mem_mib=876 memd_kills=90","(00.128681) Error (criu/fsnotify.c:284): fsnotify: 	Can't dump that handle",""
S146frz45_rx__hub_conn4,S,hub_conn4,permissive,bye,sleep45,0,normal,1,1,na,152,na,na,na,na,na,na,na,dump_fail,"up_s=18503 regs=3376 log_rx=79400 svcs=5 mem_mib=876 memd_kills=90","(00.146320) Error (criu/fsnotify.c:284): fsnotify: 	Can't dump that handle",""
S146frz45_rx__hub_subscribed,S,hub_subscribed,permissive,bye,sleep45,0,normal,1,1,na,152,na,na,na,na,na,na,na,dump_fail,"up_s=18521 regs=3380 log_rx=79500 svcs=5 mem_mib=876 memd_kills=90","(00.136539) Error (criu/fsnotify.c:284): fsnotify: 	Can't dump that handle",""
S146frz45_rx__render_conn,S,render_conn,permissive,bye,sleep45,0,normal,1,1,na,152,na,na,na,na,na,na,na,dump_fail,"up_s=18539 regs=3384 log_rx=79550 svcs=5 mem_mib=876 memd_kills=90","(00.155543) Error (criu/fsnotify.c:284): fsnotify: 	Can't dump that handle",""
S146frz45_rx__tcp_conn,S,tcp_conn,permissive,bye,sleep45,0,normal,1,1,na,152,na,na,na,na,na,na,na,dump_fail,"up_s=18558 regs=3388 log_rx=79650 svcs=5 mem_mib=876 memd_kills=90","(00.124806) Error (criu/fsnotify.c:284): fsnotify: 	Can't dump that handle",""
S146frz45_rx__epoll_open,S,epoll_open,permissive,bye,sleep45,0,normal,1,1,na,152,na,na,na,na,na,na,na,dump_fail,"up_s=18576 regs=3392 log_rx=79700 svcs=5 mem_mib=876 memd_kills=90","(00.166960) Error (criu/fsnotify.c:284): fsnotify: 	Can't dump that handle",""
S146frz45_rx__svc_listen,S,svc_listen,permissive,bye,sleep45,0,normal,1,1,na,152,na,na,na,na,na,na,na,dump_fail,"up_s=18594 regs=3396 log_rx=79800 svcs=5 mem_mib=876 memd_kills=90","(00.133550) Error (criu/fsnotify.c:284): fsnotify: 	Can't dump that handle",""
S146frz45_rx__udp_open,S,udp_open,permissive,bye,sleep45,0,normal,1,1,na,152,na,na,na,na,na,na,na,dump_fail,"up_s=18612 regs=3400 log_rx=79900 svcs=5 mem_mib=876 memd_kills=90","(00.138381) Error (criu/fsnotify.c:284): fsnotify: 	Can't dump that handle",""
S146frz45_rx__netlink_open,S,netlink_open,permissive,bye,sleep45,0,normal,1,1,na,152,na,na,na,na,na,na,na,dump_fail,"up_s=18631 regs=3404 log_rx=79950 svcs=5 mem_mib=876 memd_kills=90","(00.149685) Error (criu/fsnotify.c:284): fsnotify: 	Can't dump that handle",""
S146frz45_rx__timer_armed,S,timer_armed,permissive,bye,sleep45,0,normal,1,1,na,152,na,na,na,na,na,na,na,dump_fail,"up_s=18649 regs=3408 log_rx=80050 svcs=5 mem_mib=876 memd_kills=90","(00.133078) Error (criu/fsnotify.c:284): fsnotify: 	Can't dump that handle",""
S146frz45_rx__db_watch,S,db_watch,permissive,bye,sleep45,0,normal,1,1,na,152,na,na,na,na,na,na,na,dump_fail,"up_s=18667 regs=3412 log_rx=80100 svcs=5 mem_mib=876 memd_kills=90","(00.154139) Error (criu/fsnotify.c:284): fsnotify: 	Can't dump that handle",""
S146frz45_rx__db_mmap,S,db_mmap,permissive,bye,sleep45,0,normal,1,1,na,152,na,na,na,na,na,na,na,dump_fail,"up_s=18685 regs=3416 log_rx=80200 svcs=5 mem_mib=876 memd_kills=90","(00.145481) Error (criu/fsnotify.c:284): fsnotify: 	Can't dump that handle",""
S146frz45_rx__ready,S,ready,permissive,bye,sleep45,0,normal,1,1,na,152,na,na,na,na,na,na,na,dump_fail,"up_s=18704 regs=3420 log_rx=80300 svcs=5 mem_mib=876 memd_kills=90","(00.140597) Error (criu/fsnotify.c:284): fsnotify: 	Can't dump that handle",""
S146frz45_rx__steady,S,steady,permissive,bye,sleep45,0,normal,1,1,na,152,na,na,na,na,na,na,na,dump_fail,"up_s=18723 regs=3424 log_rx=80350 svcs=5 mem_mib=876 memd_kills=90","(00.149267) Error (criu/fsnotify.c:284): fsnotify: 	Can't dump that handle",""
S147dbgone__db_open,S,db_open,strict,none,rmdb,0,none,1,0,1,284,na,na,na,na,na,na,na,restore_fail,"up_s=18724 regs=3424 log_rx=80350 svcs=3 mem_mib=850 memd_kills=90","","(00.185593) 2481919: Error (criu/files-reg.c:2353): Can't open file tmp/pbsprobe_db_p23872.bin on restore: No such file or directory"
S147dbgone__db_read,S,db_read,strict,none,rmdb,0,none,1,0,1,1304,na,na,na,na,na,na,na,restore_fail,"up_s=18726 regs=3424 log_rx=80350 svcs=3 mem_mib=851 memd_kills=90","","(00.134671) 2482063: Error (criu/files-reg.c:2353): Can't open file tmp/pbsprobe_db_p23873.bin on restore: No such file or directory"
S147dbgone__db_read_p25,S,db_read_p25,strict,none,rmdb,0,none,1,0,1,1304,na,na,na,na,na,na,na,restore_fail,"up_s=18728 regs=3424 log_rx=80400 svcs=3 mem_mib=851 memd_kills=90","","(00.157568) 2482430: Error (criu/files-reg.c:2353): Can't open file tmp/pbsprobe_db_p23874.bin on restore: No such file or directory"
S147dbgone__db_read_p50,S,db_read_p50,strict,none,rmdb,0,none,1,0,1,1304,na,na,na,na,na,na,na,restore_fail,"up_s=18729 regs=3424 log_rx=80400 svcs=3 mem_mib=851 memd_kills=90","","(00.137545) 2482633: Error (criu/files-reg.c:2353): Can't open file tmp/pbsprobe_db_p23875.bin on restore: No such file or directory"
S147dbgone__db_read_p75,S,db_read_p75,strict,none,rmdb,0,none,1,0,1,1304,na,na,na,na,na,na,na,restore_fail,"up_s=18732 regs=3424 log_rx=80400 svcs=3 mem_mib=851 memd_kills=90","","(00.129593) 2482888: Error (criu/files-reg.c:2353): Can't open file tmp/pbsprobe_db_p23876.bin on restore: No such file or directory"
S147dbgone__db_parse,S,db_parse,strict,none,rmdb,0,none,1,0,1,1304,na,na,na,na,na,na,na,restore_fail,"up_s=18736 regs=3424 log_rx=80400 svcs=3 mem_mib=851 memd_kills=90","","(00.157592) 2483207: Error (criu/files-reg.c:2353): Can't open file tmp/pbsprobe_db_p23877.bin on restore: No such file or directory"
S147dbgone__db_parse_p25,S,db_parse_p25,strict,none,rmdb,0,none,1,0,1,1304,na,na,na,na,na,na,na,restore_fail,"up_s=18739 regs=3424 log_rx=80450 svcs=3 mem_mib=851 memd_kills=90","","(00.117626) 2483804: Error (criu/files-reg.c:2353): Can't open file tmp/pbsprobe_db_p23878.bin on restore: No such file or directory"
S147dbgone__db_parse_p50,S,db_parse_p50,strict,none,rmdb,0,none,1,0,1,1304,na,na,na,na,na,na,na,restore_fail,"up_s=18742 regs=3424 log_rx=80450 svcs=3 mem_mib=851 memd_kills=90","","(00.153639) 2484234: Error (criu/files-reg.c:2353): Can't open file tmp/pbsprobe_db_p23879.bin on restore: No such file or directory"
S147dbgone__db_parse_p75,S,db_parse_p75,strict,none,rmdb,0,none,1,0,1,1304,na,na,na,na,na,na,na,restore_fail,"up_s=18746 regs=3424 log_rx=80450 svcs=3 mem_mib=851 memd_kills=90","","(00.137612) 2484716: Error (criu/files-reg.c:2353): Can't open file tmp/pbsprobe_db_p23880.bin on restore: No such file or directory"
S147dbgone__epg_index,S,epg_index,strict,none,rmdb,0,none,1,0,1,13596,na,na,na,na,na,na,na,restore_fail,"up_s=18752 regs=3424 log_rx=80500 svcs=3 mem_mib=851 memd_kills=90","","(00.121585) 2485261: Error (criu/files-reg.c:2353): Can't open file tmp/pbsprobe_db_p23881.bin on restore: No such file or directory"
S147dbgone__epg_index_p25,S,epg_index_p25,strict,none,rmdb,0,none,1,0,1,4384,na,na,na,na,na,na,na,restore_fail,"up_s=18756 regs=3424 log_rx=80500 svcs=3 mem_mib=851 memd_kills=90","","(00.145617) 2486092: Error (criu/files-reg.c:2353): Can't open file tmp/pbsprobe_db_p23882.bin on restore: No such file or directory"
S147dbgone__epg_index_p50,S,epg_index_p50,strict,none,rmdb,0,none,1,0,1,7456,na,na,na,na,na,na,na,restore_fail,"up_s=18761 regs=3424 log_rx=80500 svcs=3 mem_mib=851 memd_kills=90","","(00.157580) 2486741: Error (criu/files-reg.c:2353): Can't open file tmp/pbsprobe_db_p23883.bin on restore: No such file or directory"
S147dbgone__epg_index_p75,S,epg_index_p75,strict,none,rmdb,0,none,1,0,1,10528,na,na,na,na,na,na,na,restore_fail,"up_s=18767 regs=3424 log_rx=80550 svcs=3 mem_mib=851 memd_kills=90","","(00.117581) 2487453: Error (criu/files-reg.c:2353): Can't open file tmp/pbsprobe_db_p23884.bin on restore: No such file or directory"
S147dbgone__epg_text,S,epg_text,strict,none,rmdb,0,none,1,0,1,13596,na,na,na,na,na,na,na,restore_fail,"up_s=18773 regs=3424 log_rx=80550 svcs=3 mem_mib=851 memd_kills=90","","(00.151224) 2488228: Error (criu/files-reg.c:2353): Can't open file tmp/pbsprobe_db_p23885.bin on restore: No such file or directory"
S147dbgone__epg_reserve,S,epg_reserve,strict,none,rmdb,0,none,1,0,1,13596,na,na,na,na,na,na,na,restore_fail,"up_s=18779 regs=3424 log_rx=80600 svcs=3 mem_mib=851 memd_kills=90","","(00.137636) 2489111: Error (criu/files-reg.c:2353): Can't open file tmp/pbsprobe_db_p23886.bin on restore: No such file or directory"
S147dbgone__timer_armed,S,timer_armed,strict,none,rmdb,0,none,1,0,1,13596,na,na,na,na,na,na,na,restore_fail,"up_s=18787 regs=3424 log_rx=80650 svcs=3 mem_mib=851 memd_kills=90","","(00.125587) 2490050: Error (criu/files-reg.c:2353): Can't open file tmp/pbsprobe_db_p23887.bin on restore: No such file or directory"
S147dbgone__db_watch,S,db_watch,strict,none,rmdb,0,none,1,1,na,124,na,na,na,na,na,na,na,dump_fail,"up_s=18794 regs=3424 log_rx=80650 svcs=4 mem_mib=872 memd_kills=90","(00.128497) Error (criu/fsnotify.c:284): fsnotify: 	Can't dump that handle",""
S147dbgone__ready,S,ready,strict,none,rmdb,0,none,1,1,na,124,na,na,na,na,na,na,na,dump_fail,"up_s=18803 regs=3424 log_rx=80700 svcs=4 mem_mib=872 memd_kills=90","(00.135802) Error (criu/fsnotify.c:284): fsnotify: 	Can't dump that handle",""
S147dbgone__steady,S,steady,strict,none,rmdb,0,none,1,1,na,124,na,na,na,na,na,na,na,dump_fail,"up_s=18811 regs=3424 log_rx=80750 svcs=4 mem_mib=872 memd_kills=90","(00.137264) Error (criu/fsnotify.c:284): fsnotify: 	Can't dump that handle",""
S148dbswap__db_watch,S,db_watch,strict,none,rmdb_recreate,0,none,1,1,na,124,na,na,na,na,na,na,na,dump_fail,"up_s=18819 regs=3424 log_rx=80750 svcs=4 mem_mib=872 memd_kills=90","(00.110332) Error (criu/fsnotify.c:284): fsnotify: 	Can't dump that handle",""
S148dbswap__ready,S,ready,strict,none,rmdb_recreate,0,none,1,1,na,124,na,na,na,na,na,na,na,dump_fail,"up_s=18827 regs=3424 log_rx=80800 svcs=4 mem_mib=872 memd_kills=90","(00.109008) Error (criu/fsnotify.c:284): fsnotify: 	Can't dump that handle",""
S148dbswap__steady,S,steady,strict,none,rmdb_recreate,0,none,1,1,na,124,na,na,na,na,na,na,na,dump_fail,"up_s=18835 regs=3424 log_rx=80850 svcs=4 mem_mib=872 memd_kills=90","(00.140120) Error (criu/fsnotify.c:284): fsnotify: 	Can't dump that handle",""
S149dbtouch__db_watch,S,db_watch,strict,none,touchdb,0,none,1,1,na,124,na,na,na,na,na,na,na,dump_fail,"up_s=18843 regs=3424 log_rx=80850 svcs=4 mem_mib=872 memd_kills=90","(00.125589) Error (criu/fsnotify.c:284): fsnotify: 	Can't dump that handle",""
S149dbtouch__ready,S,ready,strict,none,touchdb,0,none,1,1,na,124,na,na,na,na,na,na,na,dump_fail,"up_s=18851 regs=3424 log_rx=80900 svcs=4 mem_mib=872 memd_kills=90","(00.126031) Error (criu/fsnotify.c:284): fsnotify: 	Can't dump that handle",""
S149dbtouch__steady,S,steady,strict,none,touchdb,0,none,1,1,na,124,na,na,na,na,na,na,na,dump_fail,"up_s=18859 regs=3424 log_rx=80950 svcs=4 mem_mib=872 memd_kills=90","(00.145348) Error (criu/fsnotify.c:284): fsnotify: 	Can't dump that handle",""
S150shmgone__shm_map,S,shm_map,strict,none,rmshm,0,none,1,0,1,13600,na,na,na,na,na,na,na,restore_fail,"up_s=18866 regs=3424 log_rx=80950 svcs=3 mem_mib=859 memd_kills=90","","(00.169737) 2501439: Error (criu/files-reg.c:2353): Can't open file dev/shm/pbsprobe_shm_p23897 on restore: No such file or directory"
S150shmgone__ready,S,ready,strict,none,rmshm,0,none,1,1,na,124,na,na,na,na,na,na,na,dump_fail,"up_s=18874 regs=3424 log_rx=81000 svcs=4 mem_mib=876 memd_kills=90","(00.134798) Error (criu/fsnotify.c:284): fsnotify: 	Can't dump that handle",""
S150shmgone__steady,S,steady,strict,none,rmshm,0,none,1,1,na,124,na,na,na,na,na,na,na,dump_fail,"up_s=18883 regs=3424 log_rx=81050 svcs=4 mem_mib=876 memd_kills=90","(00.136351) Error (criu/fsnotify.c:284): fsnotify: 	Can't dump that handle",""
S151wdgone__workdir,S,workdir,strict,none,rmwd,0,none,1,0,1,13596,na,na,na,na,na,na,na,restore_fail,"up_s=18890 regs=3424 log_rx=81050 svcs=3 mem_mib=859 memd_kills=90","","(00.162350) 2504902: Error (criu/files-reg.c:2353): Can't open file tmp/pbsprobe_wd_p23900 on restore: No such file or directory"
S151wdgone__ready,S,ready,strict,none,rmwd,0,none,1,1,na,124,na,na,na,na,na,na,na,dump_fail,"up_s=18899 regs=3424 log_rx=81100 svcs=4 mem_mib=872 memd_kills=90","(00.128671) Error (criu/fsnotify.c:284): fsnotify: 	Can't dump that handle",""
S151wdgone__steady,S,steady,strict,none,rmwd,0,none,1,1,na,124,na,na,na,na,na,na,na,dump_fail,"up_s=18908 regs=3424 log_rx=81150 svcs=4 mem_mib=872 memd_kills=90","(00.140890) Error (criu/fsnotify.c:284): fsnotify: 	Can't dump that handle",""
S152trunc__db_mmap,S,db_mmap,strict,none,truncdb,0,none,1,1,na,124,na,na,na,na,na,na,na,dump_fail,"up_s=18916 regs=3424 log_rx=81200 svcs=4 mem_mib=872 memd_kills=90","(00.144987) Error (criu/fsnotify.c:284): fsnotify: 	Can't dump that handle",""
S152trunc__ready,S,ready,strict,none,truncdb,0,none,1,1,na,124,na,na,na,na,na,na,na,dump_fail,"up_s=18924 regs=3424 log_rx=81200 svcs=4 mem_mib=872 memd_kills=90","(00.149004) Error (criu/fsnotify.c:284): fsnotify: 	Can't dump that handle",""
S152trunc__steady,S,steady,strict,none,truncdb,0,none,1,1,na,124,na,na,na,na,na,na,na,dump_fail,"up_s=18933 regs=3424 log_rx=81250 svcs=4 mem_mib=872 memd_kills=90","(00.117694) Error (criu/fsnotify.c:284): fsnotify: 	Can't dump that handle",""
S153ota__init,S,init,strict,none,mvbin,0,none,1,0,1,284,na,na,na,na,na,na,na,restore_fail,"up_s=18933 regs=3424 log_rx=81250 svcs=3 mem_mib=851 memd_kills=90","","(00.137566) 2511992: Error (criu/files-reg.c:2353): Can't open file root/Embed-sim-lab-main/testbed/workloads/bin/pbs_mock on restore: No such file or directory"
S153ota__db_open,S,db_open,strict,none,mvbin,0,none,1,0,1,284,na,na,na,na,na,na,na,restore_fail,"up_s=18934 regs=3424 log_rx=81250 svcs=3 mem_mib=859 memd_kills=90","","(00.129621) 2512089: Error (criu/files-reg.c:2353): Can't open file root/Embed-sim-lab-main/testbed/workloads/bin/pbs_mock on restore: No such file or directory"
S153ota__db_read,S,db_read,strict,none,mvbin,0,none,1,0,1,1304,na,na,na,na,na,na,na,restore_fail,"up_s=18937 regs=3424 log_rx=81250 svcs=3 mem_mib=859 memd_kills=90","","(00.141592) 2512230: Error (criu/files-reg.c:2353): Can't open file root/Embed-sim-lab-main/testbed/workloads/bin/pbs_mock on restore: No such file or directory"
S153ota__db_read_p25,S,db_read_p25,strict,none,mvbin,0,none,1,0,1,1300,na,na,na,na,na,na,na,restore_fail,"up_s=18938 regs=3424 log_rx=81300 svcs=3 mem_mib=859 memd_kills=90","","(00.145498) 2512602: Error (criu/files-reg.c:2353): Can't open file root/Embed-sim-lab-main/testbed/workloads/bin/pbs_mock on restore: No such file or directory"
S153ota__db_read_p50,S,db_read_p50,strict,none,mvbin,0,none,1,0,1,1300,na,na,na,na,na,na,na,restore_fail,"up_s=18940 regs=3424 log_rx=81300 svcs=3 mem_mib=859 memd_kills=90","","(00.137660) 2512806: Error (criu/files-reg.c:2353): Can't open file root/Embed-sim-lab-main/testbed/workloads/bin/pbs_mock on restore: No such file or directory"
S153ota__db_read_p75,S,db_read_p75,strict,none,mvbin,0,none,1,0,1,1304,na,na,na,na,na,na,na,restore_fail,"up_s=18942 regs=3424 log_rx=81300 svcs=3 mem_mib=859 memd_kills=90","","(00.149611) 2513063: Error (criu/files-reg.c:2353): Can't open file root/Embed-sim-lab-main/testbed/workloads/bin/pbs_mock on restore: No such file or directory"
S153ota__db_parse,S,db_parse,strict,none,mvbin,0,none,1,0,1,1304,na,na,na,na,na,na,na,restore_fail,"up_s=18947 regs=3424 log_rx=81300 svcs=3 mem_mib=859 memd_kills=90","","(00.121654) 2513382: Error (criu/files-reg.c:2353): Can't open file root/Embed-sim-lab-main/testbed/workloads/bin/pbs_mock on restore: No such file or directory"
S153ota__db_parse_p25,S,db_parse_p25,strict,none,mvbin,0,none,1,0,1,1304,na,na,na,na,na,na,na,restore_fail,"up_s=18949 regs=3424 log_rx=81350 svcs=3 mem_mib=859 memd_kills=90","","(00.129625) 2513976: Error (criu/files-reg.c:2353): Can't open file root/Embed-sim-lab-main/testbed/workloads/bin/pbs_mock on restore: No such file or directory"
S153ota__db_parse_p50,S,db_parse_p50,strict,none,mvbin,0,none,1,0,1,1304,na,na,na,na,na,na,na,restore_fail,"up_s=18953 regs=3424 log_rx=81350 svcs=3 mem_mib=859 memd_kills=90","","(00.145591) 2514407: Error (criu/files-reg.c:2353): Can't open file root/Embed-sim-lab-main/testbed/workloads/bin/pbs_mock on restore: No such file or directory"
S153ota__db_parse_p75,S,db_parse_p75,strict,none,mvbin,0,none,1,0,1,1304,na,na,na,na,na,na,na,restore_fail,"up_s=18957 regs=3424 log_rx=81350 svcs=3 mem_mib=859 memd_kills=90","","(00.133701) 2514890: Error (criu/files-reg.c:2353): Can't open file root/Embed-sim-lab-main/testbed/workloads/bin/pbs_mock on restore: No such file or directory"
S153ota__epg_index,S,epg_index,strict,none,mvbin,0,none,1,0,1,13596,na,na,na,na,na,na,na,restore_fail,"up_s=18962 regs=3424 log_rx=81400 svcs=3 mem_mib=859 memd_kills=90","","(00.149548) 2515436: Error (criu/files-reg.c:2353): Can't open file root/Embed-sim-lab-main/testbed/workloads/bin/pbs_mock on restore: No such file or directory"
S153ota__epg_index_p25,S,epg_index_p25,strict,none,mvbin,0,none,1,0,1,4384,na,na,na,na,na,na,na,restore_fail,"up_s=18967 regs=3424 log_rx=81400 svcs=3 mem_mib=859 memd_kills=90","","(00.133631) 2516264: Error (criu/files-reg.c:2353): Can't open file root/Embed-sim-lab-main/testbed/workloads/bin/pbs_mock on restore: No such file or directory"
S153ota__epg_index_p50,S,epg_index_p50,strict,none,mvbin,0,none,1,0,1,7456,na,na,na,na,na,na,na,restore_fail,"up_s=18972 regs=3424 log_rx=81400 svcs=3 mem_mib=859 memd_kills=90","","(00.121665) 2516922: Error (criu/files-reg.c:2353): Can't open file root/Embed-sim-lab-main/testbed/workloads/bin/pbs_mock on restore: No such file or directory"
S153ota__epg_index_p75,S,epg_index_p75,strict,none,mvbin,0,none,1,0,1,10528,na,na,na,na,na,na,na,restore_fail,"up_s=18977 regs=3424 log_rx=81450 svcs=3 mem_mib=859 memd_kills=90","","(00.145607) 2517635: Error (criu/files-reg.c:2353): Can't open file root/Embed-sim-lab-main/testbed/workloads/bin/pbs_mock on restore: No such file or directory"
S153ota__epg_text,S,epg_text,strict,none,mvbin,0,none,1,0,1,13596,na,na,na,na,na,na,na,restore_fail,"up_s=18983 regs=3424 log_rx=81450 svcs=3 mem_mib=859 memd_kills=90","","(00.129563) 2518407: Error (criu/files-reg.c:2353): Can't open file root/Embed-sim-lab-main/testbed/workloads/bin/pbs_mock on restore: No such file or directory"
S153ota__epg_reserve,S,epg_reserve,strict,none,mvbin,0,none,1,0,1,13596,na,na,na,na,na,na,na,restore_fail,"up_s=18990 regs=3424 log_rx=81500 svcs=3 mem_mib=859 memd_kills=90","","(00.121743) 2519295: Error (criu/files-reg.c:2353): Can't open file root/Embed-sim-lab-main/testbed/workloads/bin/pbs_mock on restore: No such file or directory"
S153ota__timer_armed,S,timer_armed,strict,none,mvbin,0,none,1,0,1,13596,na,na,na,na,na,na,na,restore_fail,"up_s=18997 regs=3424 log_rx=81550 svcs=3 mem_mib=859 memd_kills=90","","(00.133739) 2520231: Error (criu/files-reg.c:2353): Can't open file root/Embed-sim-lab-main/testbed/workloads/bin/pbs_mock on restore: No such file or directory"
S153ota__db_watch,S,db_watch,strict,none,mvbin,0,none,1,1,na,124,na,na,na,na,na,na,na,dump_fail,"up_s=19005 regs=3424 log_rx=81550 svcs=4 mem_mib=872 memd_kills=90","(00.130462) Error (criu/fsnotify.c:284): fsnotify: 	Can't dump that handle",""
S153ota__ready,S,ready,strict,none,mvbin,0,none,1,1,na,124,na,na,na,na,na,na,na,dump_fail,"up_s=19013 regs=3424 log_rx=81600 svcs=4 mem_mib=872 memd_kills=90","(00.135427) Error (criu/fsnotify.c:284): fsnotify: 	Can't dump that handle",""
S153ota__steady,S,steady,strict,none,mvbin,0,none,1,1,na,124,na,na,na,na,na,na,na,dump_fail,"up_s=19021 regs=3424 log_rx=81650 svcs=4 mem_mib=872 memd_kills=90","(00.111158) Error (criu/fsnotify.c:284): fsnotify: 	Can't dump that handle",""
S154ota_back__epg_index,S,epg_index,strict,none,mvbin_back,0,none,1,0,0,13596,na,na,na,na,na,resumed_to_ready,na,ok,"up_s=19030 regs=3424 log_rx=81650 svcs=4 mem_mib=873 memd_kills=90","",""
S154ota_back__ready,S,ready,strict,none,mvbin_back,0,none,1,1,na,124,na,na,na,na,na,na,na,dump_fail,"up_s=19038 regs=3424 log_rx=81700 svcs=4 mem_mib=872 memd_kills=90","(00.138002) Error (criu/fsnotify.c:284): fsnotify: 	Can't dump that handle",""
S154ota_back__steady,S,steady,strict,none,mvbin_back,0,none,1,1,na,124,na,na,na,na,na,na,na,dump_fail,"up_s=19046 regs=3424 log_rx=81750 svcs=4 mem_mib=872 memd_kills=90","(00.132420) Error (criu/fsnotify.c:284): fsnotify: 	Can't dump that handle",""
S155squat__svc_listen,S,svc_listen,strict,none,squat,0,none,1,0,1,13596,na,na,na,na,na,na,na,restore_fail,"up_s=19054 regs=3424 log_rx=81750 svcs=3 mem_mib=859 memd_kills=90","","(00.125419) 2528210: Error (criu/sk-unix.c:1651): unix: Can't bind id 0x7 ino 3461573 addr : Address already in use"
S155squat__ready,S,ready,strict,none,squat,0,none,1,1,na,124,na,na,na,na,na,na,na,dump_fail,"up_s=19062 regs=3424 log_rx=81800 svcs=4 mem_mib=872 memd_kills=90","(00.134920) Error (criu/fsnotify.c:284): fsnotify: 	Can't dump that handle",""
S155squat__steady,S,steady,strict,none,squat,0,none,1,1,na,124,na,na,na,na,na,na,na,dump_fail,"up_s=19071 regs=3424 log_rx=81850 svcs=4 mem_mib=872 memd_kills=90","(00.127568) Error (criu/fsnotify.c:284): fsnotify: 	Can't dump that handle",""
S156hubup__hub_subscribed,S,hub_subscribed,strict,bye,hub_restart,0,normal,1,1,na,124,na,na,na,na,na,na,na,dump_fail,"up_s=19080 regs=3428 log_rx=81900 svcs=4 mem_mib=872 memd_kills=90","(00.135073) Error (criu/fsnotify.c:284): fsnotify: 	Can't dump that handle",""
S156hubup__ready,S,ready,strict,bye,hub_restart,0,normal,1,1,na,124,na,na,na,na,na,na,na,dump_fail,"up_s=19090 regs=3432 log_rx=81950 svcs=4 mem_mib=872 memd_kills=90","(00.157153) Error (criu/fsnotify.c:284): fsnotify: 	Can't dump that handle",""
S156hubup__steady,S,steady,strict,bye,hub_restart,0,normal,1,1,na,124,na,na,na,na,na,na,na,dump_fail,"up_s=19100 regs=3436 log_rx=81950 svcs=4 mem_mib=872 memd_kills=90","(00.129503) Error (criu/fsnotify.c:284): fsnotify: 	Can't dump that handle",""
S157cycle2__hub_subscribed,S,hub_subscribed,strict,bye,cycle2,0,normal,1,1,na,124,na,na,na,na,na,na,na,dump_fail,"up_s=19109 regs=3440 log_rx=82000 svcs=4 mem_mib=872 memd_kills=90","(00.124201) Error (criu/fsnotify.c:284): fsnotify: 	Can't dump that handle",""
S157cycle2__ready,S,ready,strict,bye,cycle2,0,normal,1,1,na,124,na,na,na,na,na,na,na,dump_fail,"up_s=19119 regs=3444 log_rx=82050 svcs=4 mem_mib=872 memd_kills=90","(00.121916) Error (criu/fsnotify.c:284): fsnotify: 	Can't dump that handle",""
S157cycle2__steady,S,steady,strict,bye,cycle2,0,normal,1,1,na,124,na,na,na,na,na,na,na,dump_fail,"up_s=19129 regs=3448 log_rx=82100 svcs=4 mem_mib=872 memd_kills=90","(00.136416) Error (criu/fsnotify.c:284): fsnotify: 	Can't dump that handle",""
S158re2__epg_index,S,epg_index,strict,none,restore2,0,none,1,0,1,13596,na,na,na,na,na,ready_no_pong,na,restore_fail,"up_s=19145 regs=3448 log_rx=82150 svcs=3 mem_mib=860 memd_kills=90","",";r2=(00.133464) 2540061: Error (criu/files-reg.c:2175): File root/Embed-sim-lab-main/pbsprobe/results/runs/S158re2__epg_index/wl.log has bad size 664 (expect 439)"
S158re2__ready,S,ready,strict,none,restore2,0,none,1,1,na,124,na,na,na,na,na,na,na,dump_fail,"up_s=19153 regs=3448 log_rx=82200 svcs=4 mem_mib=873 memd_kills=90","(00.146530) Error (criu/fsnotify.c:284): fsnotify: 	Can't dump that handle",""
S158re2__steady,S,steady,strict,none,restore2,0,none,1,1,na,124,na,na,na,na,na,na,na,dump_fail,"up_s=19161 regs=3448 log_rx=82250 svcs=4 mem_mib=872 memd_kills=90","(00.111092) Error (criu/fsnotify.c:284): fsnotify: 	Can't dump that handle",""
S159dup__ready,S,ready,strict,none,restore_dup,0,none,1,1,na,124,na,na,na,na,na,na,na,dump_fail,"up_s=19169 regs=3448 log_rx=82250 svcs=4 mem_mib=872 memd_kills=90","(00.113746) Error (criu/fsnotify.c:284): fsnotify: 	Can't dump that handle",""
S159dup__steady,S,steady,strict,none,restore_dup,0,none,1,1,na,124,na,na,na,na,na,na,na,dump_fail,"up_s=19177 regs=3448 log_rx=82300 svcs=4 mem_mib=872 memd_kills=90","(00.134330) Error (criu/fsnotify.c:284): fsnotify: 	Can't dump that handle",""
S160halfclose.stri__tcp_conn,S,tcp_conn,strict,none,none,0,normal,1,1,na,52,na,na,na,na,na,na,na,dump_fail,"up_s=19186 regs=3452 log_rx=82350 svcs=4 mem_mib=872 memd_kills=90","(00.122527) Error (criu/sk-inet.c:200): inet: Connected TCP socket; consider using --tcp-established option.",""
S160halfclose.stri__tcp_halfclosed,S,tcp_halfclosed,strict,none,none,0,normal,1,1,na,13600,na,na,na,na,na,na,na,dump_fail,"up_s=19195 regs=3456 log_rx=82400 svcs=4 mem_mib=872 memd_kills=90","(00.139314) Error (criu/sk-unix.c:874): unix: External socket is used. Consider using --ext-unix-sk option.",""
S160halfclose.stri__ready,S,ready,strict,none,none,0,normal,1,1,na,128,na,na,na,na,na,na,na,dump_fail,"up_s=19206 regs=3460 log_rx=82400 svcs=4 mem_mib=873 memd_kills=90","(00.120116) Error (criu/fsnotify.c:284): fsnotify: 	Can't dump that handle",""
S160halfclose.stri__steady,S,steady,strict,none,none,0,normal,1,1,na,128,na,na,na,na,na,na,na,dump_fail,"up_s=19217 regs=3464 log_rx=82450 svcs=4 mem_mib=873 memd_kills=90","(00.152234) Error (criu/fsnotify.c:284): fsnotify: 	Can't dump that handle",""
S161halfclose.ext___tcp_conn,S,tcp_conn,ext_unix,none,none,0,normal,1,1,na,52,na,na,na,na,na,na,na,dump_fail,"up_s=19226 regs=3468 log_rx=82500 svcs=4 mem_mib=873 memd_kills=90","(00.131872) Error (criu/sk-inet.c:200): inet: Connected TCP socket; consider using --tcp-established option.",""
S161halfclose.ext___tcp_halfclosed,S,tcp_halfclosed,ext_unix,none,none,0,normal,1,1,na,13604,na,na,na,na,na,na,na,dump_fail,"up_s=19235 regs=3472 log_rx=82550 svcs=4 mem_mib=873 memd_kills=90","(00.149176) Error (criu/sk-unix.c:881): unix: Can't dump half of stream unix connection. name: (null); peer name: ",""
S161halfclose.ext___ready,S,ready,ext_unix,none,none,0,normal,1,1,na,128,na,na,na,na,na,na,na,dump_fail,"up_s=19245 regs=3476 log_rx=82600 svcs=4 mem_mib=873 memd_kills=90","(00.131793) Error (criu/fsnotify.c:284): fsnotify: 	Can't dump that handle",""
S161halfclose.ext___steady,S,steady,ext_unix,none,none,0,normal,1,1,na,128,na,na,na,na,na,na,na,dump_fail,"up_s=19256 regs=3480 log_rx=82650 svcs=4 mem_mib=873 memd_kills=90","(00.148812) Error (criu/fsnotify.c:284): fsnotify: 	Can't dump that handle",""
S162halfclose.tcp___tcp_conn,S,tcp_conn,tcp_est,none,none,0,normal,1,1,na,13600,na,na,na,na,na,na,na,dump_fail,"up_s=19265 regs=3484 log_rx=82700 svcs=4 mem_mib=873 memd_kills=90","(00.170901) Error (criu/sk-unix.c:874): unix: External socket is used. Consider using --ext-unix-sk option.",""
S162halfclose.tcp___tcp_halfclosed,S,tcp_halfclosed,tcp_est,none,none,0,normal,1,1,na,13600,na,na,na,na,na,na,na,dump_fail,"up_s=19274 regs=3488 log_rx=82700 svcs=4 mem_mib=873 memd_kills=90","(00.156629) Error (criu/sk-unix.c:874): unix: External socket is used. Consider using --ext-unix-sk option.",""
S162halfclose.tcp___ready,S,ready,tcp_est,none,none,0,normal,1,1,na,128,na,na,na,na,na,na,na,dump_fail,"up_s=19285 regs=3492 log_rx=82750 svcs=4 mem_mib=873 memd_kills=90","(00.184171) Error (criu/fsnotify.c:284): fsnotify: 	Can't dump that handle",""
S162halfclose.tcp___steady,S,steady,tcp_est,none,none,0,normal,1,1,na,128,na,na,na,na,na,na,na,dump_fail,"up_s=19296 regs=3496 log_rx=82800 svcs=4 mem_mib=873 memd_kills=90","(00.151848) Error (criu/fsnotify.c:284): fsnotify: 	Can't dump that handle",""
S163halfclose.file__tcp_conn,S,tcp_conn,filelocks,none,none,0,normal,1,1,na,52,na,na,na,na,na,na,na,dump_fail,"up_s=19305 regs=3500 log_rx=82850 svcs=4 mem_mib=873 memd_kills=90","(00.120028) Error (criu/sk-inet.c:200): inet: Connected TCP socket; consider using --tcp-established option.",""
S163halfclose.file__tcp_halfclosed,S,tcp_halfclosed,filelocks,none,none,0,normal,1,1,na,13600,na,na,na,na,na,na,na,dump_fail,"up_s=19314 regs=3504 log_rx=82900 svcs=4 mem_mib=873 memd_kills=90","(00.135969) Error (criu/sk-unix.c:874): unix: External socket is used. Consider using --ext-unix-sk option.",""
S163halfclose.file__ready,S,ready,filelocks,none,none,0,normal,1,1,na,128,na,na,na,na,na,na,na,dump_fail,"up_s=19324 regs=3508 log_rx=82950 svcs=4 mem_mib=873 memd_kills=90","(00.124471) Error (criu/fsnotify.c:284): fsnotify: 	Can't dump that handle",""
S163halfclose.file__steady,S,steady,filelocks,none,none,0,normal,1,1,na,128,na,na,na,na,na,na,na,dump_fail,"up_s=19335 regs=3512 log_rx=83000 svcs=4 mem_mib=873 memd_kills=90","(00.127474) Error (criu/fsnotify.c:284): fsnotify: 	Can't dump that handle",""
S164halfclose.perm__tcp_conn,S,tcp_conn,permissive,none,none,0,normal,1,1,na,13604,na,na,na,na,na,na,na,dump_fail,"up_s=19344 regs=3516 log_rx=83000 svcs=4 mem_mib=873 memd_kills=90","(00.137999) Error (criu/sk-unix.c:881): unix: Can't dump half of stream unix connection. name: (null); peer name: ",""
S164halfclose.perm__tcp_halfclosed,S,tcp_halfclosed,permissive,none,none,0,normal,1,1,na,13600,na,na,na,na,na,na,na,dump_fail,"up_s=19353 regs=3520 log_rx=83050 svcs=4 mem_mib=873 memd_kills=90","(00.171432) Error (criu/sk-unix.c:881): unix: Can't dump half of stream unix connection. name: (null); peer name: ",""
S164halfclose.perm__ready,S,ready,permissive,none,none,0,normal,1,1,na,128,na,na,na,na,na,na,na,dump_fail,"up_s=19364 regs=3524 log_rx=83100 svcs=4 mem_mib=873 memd_kills=90","(00.134725) Error (criu/fsnotify.c:284): fsnotify: 	Can't dump that handle",""
S164halfclose.perm__steady,S,steady,permissive,none,none,0,normal,1,1,na,128,na,na,na,na,na,na,na,dump_fail,"up_s=19375 regs=3528 log_rx=83150 svcs=4 mem_mib=873 memd_kills=90","(00.125072) Error (criu/fsnotify.c:284): fsnotify: 	Can't dump that handle",""
S165scm.stri__hub_conn1,S,hub_conn1,strict,none,none,0,normal,1,1,na,13596,na,na,na,na,na,na,na,dump_fail,"up_s=19381 regs=3529 log_rx=83150 svcs=4 mem_mib=873 memd_kills=90","(00.147489) Error (criu/sk-unix.c:874): unix: External socket is used. Consider using --ext-unix-sk option.",""
S165scm.stri__hub_subscribed,S,hub_subscribed,strict,none,none,0,normal,1,1,na,13596,na,na,na,na,na,na,na,dump_fail,"up_s=19389 regs=3530 log_rx=83200 svcs=4 mem_mib=873 memd_kills=90","(00.104124) Error (criu/sk-unix.c:874): unix: External socket is used. Consider using --ext-unix-sk option.",""
S165scm.stri__ready,S,ready,strict,none,none,0,normal,1,1,na,128,na,na,na,na,na,na,na,dump_fail,"up_s=19397 regs=3531 log_rx=83250 svcs=4 mem_mib=873 memd_kills=90","(00.129810) Error (criu/fsnotify.c:284): fsnotify: 	Can't dump that handle",""
S165scm.stri__steady,S,steady,strict,none,none,0,normal,1,1,na,128,na,na,na,na,na,na,na,dump_fail,"up_s=19406 regs=3532 log_rx=83300 svcs=4 mem_mib=873 memd_kills=90","(00.146119) Error (criu/fsnotify.c:284): fsnotify: 	Can't dump that handle",""
S166scm.ext___hub_conn1,S,hub_conn1,ext_unix,none,none,0,normal,1,1,na,13592,na,na,na,na,na,na,na,dump_fail,"up_s=19413 regs=3533 log_rx=83300 svcs=4 mem_mib=873 memd_kills=90","(00.144629) Error (criu/sk-unix.c:881): unix: Can't dump half of stream unix connection. name: (null); peer name: ",""
S166scm.ext___hub_subscribed,S,hub_subscribed,ext_unix,none,none,0,normal,1,1,na,13592,na,na,na,na,na,na,na,dump_fail,"up_s=19420 regs=3534 log_rx=83350 svcs=4 mem_mib=873 memd_kills=90","(00.128888) Error (criu/sk-unix.c:881): unix: Can't dump half of stream unix connection. name: (null); peer name: ",""
S166scm.ext___ready,S,ready,ext_unix,none,none,0,normal,1,1,na,128,na,na,na,na,na,na,na,dump_fail,"up_s=19428 regs=3535 log_rx=83350 svcs=4 mem_mib=873 memd_kills=90","(00.139293) Error (criu/fsnotify.c:284): fsnotify: 	Can't dump that handle",""
S166scm.ext___steady,S,steady,ext_unix,none,none,0,normal,1,1,na,128,na,na,na,na,na,na,na,dump_fail,"up_s=19437 regs=3536 log_rx=83400 svcs=4 mem_mib=873 memd_kills=90","(00.122214) Error (criu/fsnotify.c:284): fsnotify: 	Can't dump that handle",""
S167scm.perm__hub_conn1,S,hub_conn1,permissive,none,none,0,normal,1,1,na,13596,na,na,na,na,na,na,na,dump_fail,"up_s=19444 regs=3537 log_rx=83450 svcs=4 mem_mib=873 memd_kills=90","(00.124256) Error (criu/sk-unix.c:881): unix: Can't dump half of stream unix connection. name: (null); peer name: ",""
S167scm.perm__hub_subscribed,S,hub_subscribed,permissive,none,none,0,normal,1,1,na,13592,na,na,na,na,na,na,na,dump_fail,"up_s=19451 regs=3538 log_rx=83450 svcs=4 mem_mib=873 memd_kills=90","(00.125942) Error (criu/sk-unix.c:881): unix: Can't dump half of stream unix connection. name: (null); peer name: ",""
S167scm.perm__ready,S,ready,permissive,none,none,0,normal,1,1,na,128,na,na,na,na,na,na,na,dump_fail,"up_s=19460 regs=3539 log_rx=83500 svcs=4 mem_mib=873 memd_kills=90","(00.173888) Error (criu/fsnotify.c:284): fsnotify: 	Can't dump that handle",""
S167scm.perm__steady,S,steady,permissive,none,none,0,normal,1,1,na,128,na,na,na,na,na,na,na,dump_fail,"up_s=19468 regs=3540 log_rx=83550 svcs=4 mem_mib=873 memd_kills=90","(00.148865) Error (criu/fsnotify.c:284): fsnotify: 	Can't dump that handle",""
S168scm_gone__hub_subscribed,S,hub_subscribed,strict,hubkill,none,0,normal,1,1,na,13596,na,na,na,na,na,na,na,dump_fail,"up_s=19476 regs=3541 log_rx=83600 svcs=4 mem_mib=873 memd_kills=90","(00.156308) Error (criu/sk-unix.c:874): unix: External socket is used. Consider using --ext-unix-sk option.",""
S168scm_gone__ready,S,ready,strict,hubkill,none,0,normal,1,1,na,128,na,na,na,na,na,na,na,dump_fail,"up_s=19484 regs=3542 log_rx=83600 svcs=4 mem_mib=873 memd_kills=90","(00.111915) Error (criu/fsnotify.c:284): fsnotify: 	Can't dump that handle",""
S168scm_gone__steady,S,steady,strict,hubkill,none,0,normal,1,1,na,128,na,na,na,na,na,na,na,dump_fail,"up_s=19493 regs=3543 log_rx=83650 svcs=4 mem_mib=873 memd_kills=90","(00.162473) Error (criu/fsnotify.c:284): fsnotify: 	Can't dump that handle",""
S169timer_exp__timer_armed,S,timer_armed,strict,none,sleep15,0,none,1,0,0,13596,na,na,na,na,na,resumed_to_ready,na,ok,"up_s=19516 regs=3543 log_rx=83750 svcs=4 mem_mib=873 memd_kills=90","",""
S169timer_exp__ready,S,ready,strict,none,sleep15,0,none,1,1,na,124,na,na,na,na,na,na,na,dump_fail,"up_s=19524 regs=3543 log_rx=83800 svcs=4 mem_mib=873 memd_kills=90","(00.165998) Error (criu/fsnotify.c:284): fsnotify: 	Can't dump that handle",""
S169timer_exp__steady,S,steady,strict,none,sleep15,0,none,1,1,na,124,na,na,na,na,na,na,na,dump_fail,"up_s=19532 regs=3543 log_rx=83800 svcs=4 mem_mib=873 memd_kills=90","(00.161428) Error (criu/fsnotify.c:284): fsnotify: 	Can't dump that handle",""
S170flood__hub_subscribed,S,hub_subscribed,strict,bye,none,0,normal,1,1,na,124,na,na,na,na,na,na,na,dump_fail,"up_s=19542 regs=3547 log_rx=83850 svcs=4 mem_mib=873 memd_kills=90","(00.124189) Error (criu/fsnotify.c:284): fsnotify: 	Can't dump that handle",""
S170flood__ready,S,ready,strict,bye,none,0,normal,1,1,na,124,na,na,na,na,na,na,na,dump_fail,"up_s=19551 regs=3551 log_rx=83900 svcs=4 mem_mib=873 memd_kills=90","(00.135670) Error (criu/fsnotify.c:284): fsnotify: 	Can't dump that handle",""
S170flood__steady,S,steady,strict,bye,none,0,normal,1,1,na,124,na,na,na,na,na,na,na,dump_fail,"up_s=19561 regs=3555 log_rx=83950 svcs=4 mem_mib=873 memd_kills=90","(00.130029) Error (criu/fsnotify.c:284): fsnotify: 	Can't dump that handle",""
S171flood45__ready,S,ready,strict,bye,sleep45,0,normal,1,1,na,124,na,na,na,na,na,na,na,dump_fail,"up_s=19571 regs=3559 log_rx=84000 svcs=4 mem_mib=873 memd_kills=90","(00.127348) Error (criu/fsnotify.c:284): fsnotify: 	Can't dump that handle",""
S171flood45__steady,S,steady,strict,bye,sleep45,0,normal,1,1,na,124,na,na,na,na,na,na,na,dump_fail,"up_s=19581 regs=3563 log_rx=84050 svcs=4 mem_mib=873 memd_kills=90","(00.140614) Error (criu/fsnotify.c:284): fsnotify: 	Can't dump that handle",""
S172droplock2__tcp_conn,S,tcp_conn,permissive,none,droplock_sleep2,0,normal,1,1,na,13604,na,na,na,na,na,na,na,dump_fail,"up_s=19590 regs=3567 log_rx=84050 svcs=4 mem_mib=873 memd_kills=90","(00.145076) Error (criu/sk-unix.c:881): unix: Can't dump half of stream unix connection. name: (null); peer name: ",""
S172droplock2__timer_armed,S,timer_armed,permissive,none,droplock_sleep2,0,normal,1,1,na,13604,na,na,na,na,na,na,na,dump_fail,"up_s=19599 regs=3571 log_rx=84100 svcs=4 mem_mib=873 memd_kills=90","(00.128403) Error (criu/sk-unix.c:881): unix: Can't dump half of stream unix connection. name: (null); peer name: ",""
S172droplock2__db_watch,S,db_watch,permissive,none,droplock_sleep2,0,normal,1,1,na,136,na,na,na,na,na,na,na,dump_fail,"up_s=19609 regs=3575 log_rx=84150 svcs=4 mem_mib=873 memd_kills=90","(00.151752) Error (criu/fsnotify.c:284): fsnotify: 	Can't dump that handle",""
S172droplock2__ready,S,ready,permissive,none,droplock_sleep2,0,normal,1,1,na,136,na,na,na,na,na,na,na,dump_fail,"up_s=19619 regs=3579 log_rx=84200 svcs=4 mem_mib=873 memd_kills=90","(00.152507) Error (criu/fsnotify.c:284): fsnotify: 	Can't dump that handle",""
S172droplock2__steady,S,steady,permissive,none,droplock_sleep2,0,normal,1,1,na,136,na,na,na,na,na,na,na,dump_fail,"up_s=19629 regs=3583 log_rx=84250 svcs=4 mem_mib=873 memd_kills=90","(00.119243) Error (criu/fsnotify.c:284): fsnotify: 	Can't dump that handle",""
S173dbgone2__db_open,S,db_open,permissive,none,rmdb,0,none,1,0,1,280,na,na,na,na,na,na,na,restore_fail,"up_s=19630 regs=3583 log_rx=84250 svcs=3 mem_mib=852 memd_kills=90","","(00.197624) 2608813: Error (criu/files-reg.c:2353): Can't open file tmp/pbsprobe_db_p23991.bin on restore: No such file or directory"
S173dbgone2__db_read,S,db_read,permissive,none,rmdb,0,none,1,0,1,1304,na,na,na,na,na,na,na,restore_fail,"up_s=19633 regs=3583 log_rx=84250 svcs=3 mem_mib=852 memd_kills=90","","(00.153603) 2608957: Error (criu/files-reg.c:2353): Can't open file tmp/pbsprobe_db_p23992.bin on restore: No such file or directory"
S173dbgone2__db_read_p25,S,db_read_p25,permissive,none,rmdb,0,none,1,0,1,1304,na,na,na,na,na,na,na,restore_fail,"up_s=19634 regs=3583 log_rx=84250 svcs=3 mem_mib=852 memd_kills=90","","(00.125584) 2609327: Error (criu/files-reg.c:2353): Can't open file tmp/pbsprobe_db_p23993.bin on restore: No such file or directory"
S173dbgone2__db_read_p50,S,db_read_p50,permissive,none,rmdb,0,none,1,0,1,1304,na,na,na,na,na,na,na,restore_fail,"up_s=19636 regs=3583 log_rx=84250 svcs=3 mem_mib=852 memd_kills=90","","(00.121613) 2609527: Error (criu/files-reg.c:2353): Can't open file tmp/pbsprobe_db_p23994.bin on restore: No such file or directory"
S173dbgone2__db_read_p75,S,db_read_p75,permissive,none,rmdb,0,none,1,0,1,1304,na,na,na,na,na,na,na,restore_fail,"up_s=19638 regs=3583 log_rx=84250 svcs=3 mem_mib=852 memd_kills=90","","(00.149634) 2609790: Error (criu/files-reg.c:2353): Can't open file tmp/pbsprobe_db_p23995.bin on restore: No such file or directory"
S173dbgone2__db_parse,S,db_parse,permissive,none,rmdb,0,none,1,0,1,1304,na,na,na,na,na,na,na,restore_fail,"up_s=19642 regs=3583 log_rx=84300 svcs=3 mem_mib=852 memd_kills=90","","(00.161637) 2610105: Error (criu/files-reg.c:2353): Can't open file tmp/pbsprobe_db_p23996.bin on restore: No such file or directory"
S173dbgone2__db_parse_p25,S,db_parse_p25,permissive,none,rmdb,0,none,1,0,1,1304,na,na,na,na,na,na,na,restore_fail,"up_s=19645 regs=3583 log_rx=84300 svcs=3 mem_mib=852 memd_kills=90","","(00.129645) 2610698: Error (criu/files-reg.c:2353): Can't open file tmp/pbsprobe_db_p23997.bin on restore: No such file or directory"
S173dbgone2__db_parse_p50,S,db_parse_p50,permissive,none,rmdb,0,none,1,0,1,1304,na,na,na,na,na,na,na,restore_fail,"up_s=19649 regs=3583 log_rx=84300 svcs=3 mem_mib=852 memd_kills=90","","(00.140846) 2611128: Error (criu/files-reg.c:2353): Can't open file tmp/pbsprobe_db_p23998.bin on restore: No such file or directory"
S173dbgone2__db_parse_p75,S,db_parse_p75,permissive,none,rmdb,0,none,1,0,1,1304,na,na,na,na,na,na,na,restore_fail,"up_s=19653 regs=3583 log_rx=84350 svcs=3 mem_mib=852 memd_kills=90","","(00.121550) 2611614: Error (criu/files-reg.c:2353): Can't open file tmp/pbsprobe_db_p23999.bin on restore: No such file or directory"
S173dbgone2__epg_index,S,epg_index,permissive,none,rmdb,0,none,1,0,1,13592,na,na,na,na,na,na,na,restore_fail,"up_s=19658 regs=3583 log_rx=84350 svcs=3 mem_mib=852 memd_kills=90","","(00.157581) 2612159: Error (criu/files-reg.c:2353): Can't open file tmp/pbsprobe_db_p24000.bin on restore: No such file or directory"
S173dbgone2__epg_index_p25,S,epg_index_p25,permissive,none,rmdb,0,none,1,0,1,4384,na,na,na,na,na,na,na,restore_fail,"up_s=19663 regs=3583 log_rx=84400 svcs=3 mem_mib=852 memd_kills=90","","(00.133584) 2612982: Error (criu/files-reg.c:2353): Can't open file tmp/pbsprobe_db_p24001.bin on restore: No such file or directory"
S173dbgone2__epg_index_p50,S,epg_index_p50,permissive,none,rmdb,0,none,1,0,1,7456,na,na,na,na,na,na,na,restore_fail,"up_s=19668 regs=3583 log_rx=84400 svcs=3 mem_mib=852 memd_kills=90","","(00.165641) 2613638: Error (criu/files-reg.c:2353): Can't open file tmp/pbsprobe_db_p24002.bin on restore: No such file or directory"
S173dbgone2__epg_index_p75,S,epg_index_p75,permissive,none,rmdb,0,none,1,0,1,10528,na,na,na,na,na,na,na,restore_fail,"up_s=19673 regs=3583 log_rx=84400 svcs=3 mem_mib=852 memd_kills=90","","(00.125555) 2614350: Error (criu/files-reg.c:2353): Can't open file tmp/pbsprobe_db_p24003.bin on restore: No such file or directory"
S173dbgone2__epg_text,S,epg_text,permissive,none,rmdb,0,none,1,0,1,13596,na,na,na,na,na,na,na,restore_fail,"up_s=19680 regs=3583 log_rx=84450 svcs=3 mem_mib=852 memd_kills=90","","(00.137545) 2615118: Error (criu/files-reg.c:2353): Can't open file tmp/pbsprobe_db_p24004.bin on restore: No such file or directory"
S173dbgone2__epg_reserve,S,epg_reserve,permissive,none,rmdb,0,none,1,0,1,13596,na,na,na,na,na,na,na,restore_fail,"up_s=19686 regs=3583 log_rx=84500 svcs=3 mem_mib=852 memd_kills=90","","(00.105522) 2616001: Error (criu/files-reg.c:2353): Can't open file tmp/pbsprobe_db_p24005.bin on restore: No such file or directory"
S173dbgone2__timer_armed,S,timer_armed,permissive,none,rmdb,0,none,1,0,1,13596,na,na,na,na,na,na,na,restore_fail,"up_s=19694 regs=3583 log_rx=84500 svcs=3 mem_mib=852 memd_kills=90","","(00.137643) 2616939: Error (criu/files-reg.c:2353): Can't open file tmp/pbsprobe_db_p24006.bin on restore: No such file or directory"
S173dbgone2__db_watch,S,db_watch,permissive,none,rmdb,0,none,1,1,na,124,na,na,na,na,na,na,na,dump_fail,"up_s=19701 regs=3583 log_rx=84550 svcs=4 mem_mib=873 memd_kills=90","(00.144265) Error (criu/fsnotify.c:284): fsnotify: 	Can't dump that handle",""
S173dbgone2__ready,S,ready,permissive,none,rmdb,0,none,1,1,na,124,na,na,na,na,na,na,na,dump_fail,"up_s=19709 regs=3583 log_rx=84600 svcs=4 mem_mib=873 memd_kills=90","(00.119887) Error (criu/fsnotify.c:284): fsnotify: 	Can't dump that handle",""
S173dbgone2__steady,S,steady,permissive,none,rmdb,0,none,1,1,na,124,na,na,na,na,na,na,na,dump_fail,"up_s=19718 regs=3583 log_rx=84600 svcs=4 mem_mib=873 memd_kills=90","(00.130492) Error (criu/fsnotify.c:284): fsnotify: 	Can't dump that handle",""
S174ota2__epg_index,S,epg_index,permissive,none,mvbin,0,none,1,0,1,13596,na,na,na,na,na,na,na,restore_fail,"up_s=19724 regs=3583 log_rx=84650 svcs=3 mem_mib=860 memd_kills=90","","(00.157521) 2621445: Error (criu/files-reg.c:2353): Can't open file root/Embed-sim-lab-main/testbed/workloads/bin/pbs_mock on restore: No such file or directory"
S174ota2__ready,S,ready,permissive,none,mvbin,0,none,1,1,na,124,na,na,na,na,na,na,na,dump_fail,"up_s=19732 regs=3583 log_rx=84650 svcs=4 mem_mib=873 memd_kills=90","(00.173181) Error (criu/fsnotify.c:284): fsnotify: 	Can't dump that handle",""
S174ota2__steady,S,steady,permissive,none,mvbin,0,none,1,1,na,124,na,na,na,na,na,na,na,dump_fail,"up_s=19740 regs=3583 log_rx=84700 svcs=4 mem_mib=873 memd_kills=90","(00.174531) Error (criu/fsnotify.c:284): fsnotify: 	Can't dump that handle",""
S175trunc2__db_mmap,S,db_mmap,permissive,none,truncdb,0,none,1,1,na,124,na,na,na,na,na,na,na,dump_fail,"up_s=19748 regs=3583 log_rx=84750 svcs=4 mem_mib=873 memd_kills=90","(00.147456) Error (criu/fsnotify.c:284): fsnotify: 	Can't dump that handle",""
S175trunc2__ready,S,ready,permissive,none,truncdb,0,none,1,1,na,124,na,na,na,na,na,na,na,dump_fail,"up_s=19757 regs=3583 log_rx=84800 svcs=4 mem_mib=873 memd_kills=90","(00.152938) Error (criu/fsnotify.c:284): fsnotify: 	Can't dump that handle",""
S175trunc2__steady,S,steady,permissive,none,truncdb,0,none,1,1,na,124,na,na,na,na,na,na,na,dump_fail,"up_s=19765 regs=3583 log_rx=84800 svcs=4 mem_mib=873 memd_kills=90","(00.142550) Error (criu/fsnotify.c:284): fsnotify: 	Can't dump that handle",""
S176squat2__svc_listen,S,svc_listen,permissive,none,squat,0,none,1,0,1,13596,na,na,na,na,na,na,na,restore_fail,"up_s=19773 regs=3583 log_rx=84850 svcs=3 mem_mib=860 memd_kills=90","","(00.157466) 2628261: Error (criu/sk-unix.c:1651): unix: Can't bind id 0x7 ino 3583065 addr : Address already in use"
S176squat2__ready,S,ready,permissive,none,squat,0,none,1,1,na,124,na,na,na,na,na,na,na,dump_fail,"up_s=19782 regs=3583 log_rx=84900 svcs=4 mem_mib=873 memd_kills=90","(00.139653) Error (criu/fsnotify.c:284): fsnotify: 	Can't dump that handle",""
S176squat2__steady,S,steady,permissive,none,squat,0,none,1,1,na,124,na,na,na,na,na,na,na,dump_fail,"up_s=19790 regs=3583 log_rx=84900 svcs=4 mem_mib=873 memd_kills=90","(00.136017) Error (criu/fsnotify.c:284): fsnotify: 	Can't dump that handle",""
S177shmgone2__shm_map,S,shm_map,permissive,none,rmshm,0,none,1,0,1,13596,na,na,na,na,na,na,na,restore_fail,"up_s=19797 regs=3583 log_rx=84950 svcs=3 mem_mib=860 memd_kills=90","","(00.149661) 2631792: Error (criu/files-reg.c:2353): Can't open file dev/shm/pbsprobe_shm_p24019 on restore: No such file or directory"
S177shmgone2__ready,S,ready,permissive,none,rmshm,0,none,1,1,na,124,na,na,na,na,na,na,na,dump_fail,"up_s=19806 regs=3583 log_rx=85000 svcs=4 mem_mib=877 memd_kills=90","(00.137835) Error (criu/fsnotify.c:284): fsnotify: 	Can't dump that handle",""
S177shmgone2__steady,S,steady,permissive,none,rmshm,0,none,1,1,na,124,na,na,na,na,na,na,na,dump_fail,"up_s=19815 regs=3583 log_rx=85050 svcs=4 mem_mib=877 memd_kills=90","(00.194005) Error (criu/fsnotify.c:284): fsnotify: 	Can't dump that handle",""
S178dbswap2__db_watch,S,db_watch,permissive,none,rmdb_recreate,0,none,1,1,na,124,na,na,na,na,na,na,na,dump_fail,"up_s=19822 regs=3583 log_rx=85050 svcs=4 mem_mib=873 memd_kills=90","(00.188255) Error (criu/fsnotify.c:284): fsnotify: 	Can't dump that handle",""
S178dbswap2__ready,S,ready,permissive,none,rmdb_recreate,0,none,1,1,na,124,na,na,na,na,na,na,na,dump_fail,"up_s=19830 regs=3583 log_rx=85100 svcs=4 mem_mib=873 memd_kills=90","(00.126575) Error (criu/fsnotify.c:284): fsnotify: 	Can't dump that handle",""
S178dbswap2__steady,S,steady,permissive,none,rmdb_recreate,0,none,1,1,na,124,na,na,na,na,na,na,na,dump_fail,"up_s=19839 regs=3583 log_rx=85150 svcs=4 mem_mib=873 memd_kills=90","(00.136514) Error (criu/fsnotify.c:284): fsnotify: 	Can't dump that handle",""
S179mem300__init,S,init,strict,none,none,300,none,1,0,0,284,na,na,na,na,na,resume_stalled,na,resume_stalled,"up_s=19845 regs=3583 log_rx=85150 svcs=3 mem_mib=860 memd_kills=91","",""
S179mem300__db_open,S,db_open,strict,none,none,300,none,1,0,0,284,na,na,na,na,na,resume_stalled,na,resume_stalled,"up_s=19852 regs=3583 log_rx=85200 svcs=3 mem_mib=860 memd_kills=92","",""
S179mem300__db_read,S,db_read,strict,none,none,300,none,1,0,0,1304,na,na,na,na,na,resume_stalled,na,resume_stalled,"up_s=19859 regs=3583 log_rx=85200 svcs=3 mem_mib=861 memd_kills=93","",""
S179mem300__db_read_p25,S,db_read_p25,strict,none,none,300,none,1,0,0,1304,na,na,na,na,na,resume_stalled,na,resume_stalled,"up_s=19867 regs=3583 log_rx=85250 svcs=3 mem_mib=861 memd_kills=94","",""
S179mem300__db_read_p50,S,db_read_p50,strict,none,none,300,none,1,0,0,1304,na,na,na,na,na,resume_stalled,na,resume_stalled,"up_s=19873 regs=3583 log_rx=85250 svcs=3 mem_mib=861 memd_kills=95","",""
S179mem300__db_read_p75,S,db_read_p75,strict,none,none,300,none,1,0,0,1304,na,na,na,na,na,resume_stalled,na,resume_stalled,"up_s=19880 regs=3583 log_rx=85300 svcs=3 mem_mib=861 memd_kills=96","",""
S179mem300__db_parse,S,db_parse,strict,none,none,300,none,1,0,0,1304,na,na,na,na,na,resume_stalled,na,resume_stalled,"up_s=19887 regs=3583 log_rx=85350 svcs=3 mem_mib=861 memd_kills=97","",""
S179mem300__db_parse_p25,S,db_parse_p25,strict,none,none,300,none,1,0,0,1304,na,na,na,na,na,resume_stalled,na,resume_stalled,"up_s=19894 regs=3583 log_rx=85350 svcs=3 mem_mib=861 memd_kills=98","",""
S179mem300__db_parse_p50,S,db_parse_p50,strict,none,none,300,none,1,0,0,1304,na,na,na,na,na,resume_stalled,na,resume_stalled,"up_s=19902 regs=3583 log_rx=85400 svcs=3 mem_mib=861 memd_kills=99","",""
S179mem300__db_parse_p75,S,db_parse_p75,strict,none,none,300,none,1,0,0,1304,na,na,na,na,na,resume_stalled,na,resume_stalled,"up_s=19909 regs=3583 log_rx=85450 svcs=3 mem_mib=862 memd_kills=100","",""
S179mem300__epg_index,S,epg_index,strict,none,none,300,none,1,1,na,8,na,na,na,na,na,na,na,dump_fail,"up_s=19915 regs=3583 log_rx=85450 svcs=3 mem_mib=861 memd_kills=101","(00.109106) Error (compel/src/lib/infect.c:416): Unable to detach from 2649798: No such process",""
S179mem300__epg_index_p25,S,epg_index_p25,strict,none,none,300,none,1,0,0,78124,na,na,na,na,na,resume_stalled,na,resume_stalled,"up_s=19921 regs=3583 log_rx=85500 svcs=3 mem_mib=862 memd_kills=102","",""
S179mem300__epg_index_p50,S,epg_index_p50,strict,none,none,300,none,1,0,0,154940,na,na,na,na,na,resume_stalled,na,resume_stalled,"up_s=19928 regs=3583 log_rx=85500 svcs=3 mem_mib=862 memd_kills=103","",""
S179mem300__epg_index_p75,S,epg_index_p75,strict,none,none,300,none,1,0,0,231748,na,na,na,na,na,resume_stalled,na,resume_stalled,"up_s=19936 regs=3583 log_rx=85550 svcs=3 mem_mib=862 memd_kills=104","",""
S179mem300__epg_text,S,epg_text,strict,none,none,300,none,1,0,0,308556,na,na,na,na,na,resume_stalled,na,resume_stalled,"up_s=19944 regs=3583 log_rx=85600 svcs=3 mem_mib=862 memd_kills=105","",""
S179mem300__epg_reserve,S,epg_reserve,strict,none,none,300,none,1,1,na,143456,na,na,na,na,na,na,na,dump_fail,"up_s=19951 regs=3583 log_rx=85600 svcs=3 mem_mib=862 memd_kills=106","(00.285601) Error (compel/src/lib/infect-rpc.c:44): Message reply from daemon is trimmed (12/0)",""
S179mem300__ready,S,ready,strict,none,none,300,none,0,na,na,na,na,na,na,na,na,na,na,launch_fail,"up_s=19957 regs=3583 log_rx=85650 svcs=3 mem_mib=862 memd_kills=107","",""
S179mem300__steady,S,steady,strict,none,none,300,none,0,na,na,na,na,na,na,na,na,na,na,launch_fail,"up_s=19963 regs=3583 log_rx=85650 svcs=3 mem_mib=862 memd_kills=108","",""
S180mem330__init,S,init,strict,none,none,330,none,1,0,0,284,na,na,na,na,na,resume_stalled,na,resume_stalled,"up_s=19970 regs=3583 log_rx=85700 svcs=3 mem_mib=862 memd_kills=109","",""
S180mem330__db_open,S,db_open,strict,none,none,330,none,1,0,0,284,na,na,na,na,na,resume_stalled,na,resume_stalled,"up_s=19976 regs=3583 log_rx=85700 svcs=3 mem_mib=863 memd_kills=110","",""
S180mem330__db_read,S,db_read,strict,none,none,330,none,1,0,0,1304,na,na,na,na,na,resume_stalled,na,resume_stalled,"up_s=19982 regs=3583 log_rx=85750 svcs=3 mem_mib=863 memd_kills=111","",""
S180mem330__db_read_p25,S,db_read_p25,strict,none,none,330,none,1,0,0,1304,na,na,na,na,na,resume_stalled,na,resume_stalled,"up_s=19988 regs=3583 log_rx=85750 svcs=3 mem_mib=863 memd_kills=112","",""
S180mem330__db_read_p50,S,db_read_p50,strict,none,none,330,none,1,0,0,1304,na,na,na,na,na,resume_stalled,na,resume_stalled,"up_s=19994 regs=3583 log_rx=85800 svcs=3 mem_mib=863 memd_kills=113","",""
S180mem330__db_read_p75,S,db_read_p75,strict,none,none,330,none,1,0,0,1304,na,na,na,na,na,resume_stalled,na,resume_stalled,"up_s=20000 regs=3583 log_rx=85800 svcs=3 mem_mib=863 memd_kills=114","",""
S180mem330__db_parse,S,db_parse,strict,none,none,330,none,1,0,0,1304,na,na,na,na,na,resume_stalled,na,resume_stalled,"up_s=20007 regs=3583 log_rx=85850 svcs=3 mem_mib=863 memd_kills=115","",""
S180mem330__db_parse_p25,S,db_parse_p25,strict,none,none,330,none,1,0,0,1304,na,na,na,na,na,resume_stalled,na,resume_stalled,"up_s=20013 regs=3583 log_rx=85850 svcs=3 mem_mib=863 memd_kills=116","",""
S180mem330__db_parse_p50,S,db_parse_p50,strict,none,none,330,none,1,0,0,1304,na,na,na,na,na,resume_stalled,na,resume_stalled,"up_s=20019 regs=3583 log_rx=85900 svcs=3 mem_mib=864 memd_kills=117","",""
S180mem330__db_parse_p75,S,db_parse_p75,strict,none,none,330,none,1,0,0,1304,na,na,na,na,na,resume_stalled,na,resume_stalled,"up_s=20025 regs=3583 log_rx=85950 svcs=3 mem_mib=864 memd_kills=118","",""
S180mem330__epg_index,S,epg_index,strict,none,none,330,none,1,1,na,8,na,na,na,na,na,na,na,dump_fail,"up_s=20031 regs=3583 log_rx=85950 svcs=3 mem_mib=864 memd_kills=119","(00.080216) Error (compel/src/lib/infect.c:416): Unable to detach from 2668285: No such process",""
S180mem330__epg_index_p25,S,epg_index_p25,strict,none,none,330,none,1,0,0,78124,na,na,na,na,na,resume_stalled,na,resume_stalled,"up_s=20038 regs=3583 log_rx=86000 svcs=3 mem_mib=864 memd_kills=120","",""
S180mem330__epg_index_p50,S,epg_index_p50,strict,none,none,330,none,1,0,0,154940,na,na,na,na,na,resume_stalled,na,resume_stalled,"up_s=20045 regs=3583 log_rx=86000 svcs=3 mem_mib=864 memd_kills=121","",""
S180mem330__epg_index_p75,S,epg_index_p75,strict,none,none,330,none,1,0,0,231752,na,na,na,na,na,resume_stalled,na,resume_stalled,"up_s=20052 regs=3583 log_rx=86050 svcs=3 mem_mib=864 memd_kills=122","",""
S180mem330__epg_text,S,epg_text,strict,none,none,330,none,0,na,na,na,na,na,na,na,na,na,na,launch_fail,"up_s=20058 regs=3583 log_rx=86050 svcs=3 mem_mib=864 memd_kills=123","",""
S180mem330__epg_reserve,S,epg_reserve,strict,none,none,330,none,0,na,na,na,na,na,na,na,na,na,na,launch_fail,"up_s=20064 regs=3583 log_rx=86100 svcs=3 mem_mib=864 memd_kills=124","",""
S180mem330__ready,S,ready,strict,none,none,330,none,0,na,na,na,na,na,na,na,na,na,na,launch_fail,"up_s=20070 regs=3583 log_rx=86100 svcs=3 mem_mib=864 memd_kills=125","",""
S180mem330__steady,S,steady,strict,none,none,330,none,0,na,na,na,na,na,na,na,na,na,na,launch_fail,"up_s=20077 regs=3583 log_rx=86150 svcs=3 mem_mib=864 memd_kills=126","",""
S181mem500__init,S,init,strict,none,none,500,none,1,0,0,284,na,na,na,na,na,resume_stalled,na,resume_stalled,"up_s=20083 regs=3583 log_rx=86150 svcs=3 mem_mib=864 memd_kills=127","",""
S181mem500__db_open,S,db_open,strict,none,none,500,none,1,0,0,284,na,na,na,na,na,resume_stalled,na,resume_stalled,"up_s=20089 regs=3583 log_rx=86200 svcs=3 mem_mib=864 memd_kills=128","",""
S181mem500__db_read,S,db_read,strict,none,none,500,none,1,0,0,1304,na,na,na,na,na,resume_stalled,na,resume_stalled,"up_s=20095 regs=3583 log_rx=86250 svcs=3 mem_mib=865 memd_kills=129","",""
S181mem500__db_read_p25,S,db_read_p25,strict,none,none,500,none,1,0,0,1304,na,na,na,na,na,resume_stalled,na,resume_stalled,"up_s=20101 regs=3583 log_rx=86250 svcs=3 mem_mib=865 memd_kills=130","",""
S181mem500__db_read_p50,S,db_read_p50,strict,none,none,500,none,1,0,0,1304,na,na,na,na,na,resume_stalled,na,resume_stalled,"up_s=20108 regs=3583 log_rx=86300 svcs=3 mem_mib=865 memd_kills=131","",""
S181mem500__db_read_p75,S,db_read_p75,strict,none,none,500,none,1,0,0,1304,na,na,na,na,na,resume_stalled,na,resume_stalled,"up_s=20114 regs=3583 log_rx=86300 svcs=3 mem_mib=865 memd_kills=132","",""
S181mem500__db_parse,S,db_parse,strict,none,none,500,none,1,0,0,1304,na,na,na,na,na,resume_stalled,na,resume_stalled,"up_s=20120 regs=3583 log_rx=86350 svcs=3 mem_mib=865 memd_kills=133","",""
S181mem500__db_parse_p25,S,db_parse_p25,strict,none,none,500,none,1,0,0,1300,na,na,na,na,na,resume_stalled,na,resume_stalled,"up_s=20126 regs=3583 log_rx=86350 svcs=3 mem_mib=865 memd_kills=134","",""
S181mem500__db_parse_p50,S,db_parse_p50,strict,none,none,500,none,1,0,0,1304,na,na,na,na,na,resume_stalled,na,resume_stalled,"up_s=20132 regs=3583 log_rx=86400 svcs=3 mem_mib=866 memd_kills=135","",""
S181mem500__db_parse_p75,S,db_parse_p75,strict,none,none,500,none,1,0,0,1304,na,na,na,na,na,resume_stalled,na,resume_stalled,"up_s=20138 regs=3583 log_rx=86400 svcs=3 mem_mib=866 memd_kills=136","",""
S181mem500__epg_index,S,epg_index,strict,none,none,500,none,1,1,na,8,na,na,na,na,na,na,na,dump_fail,"up_s=20145 regs=3583 log_rx=86450 svcs=3 mem_mib=866 memd_kills=137","(00.119047) Error (compel/src/lib/infect.c:416): Unable to detach from 2686465: No such process",""
S181mem500__epg_index_p25,S,epg_index_p25,strict,none,none,500,none,1,0,0,78124,na,na,na,na,na,resume_stalled,na,resume_stalled,"up_s=20151 regs=3583 log_rx=86450 svcs=3 mem_mib=866 memd_kills=138","",""
S181mem500__epg_index_p50,S,epg_index_p50,strict,none,none,500,none,1,0,0,154940,na,na,na,na,na,resume_stalled,na,resume_stalled,"up_s=20158 regs=3583 log_rx=86500 svcs=3 mem_mib=866 memd_kills=139","",""
S181mem500__epg_index_p75,S,epg_index_p75,strict,none,none,500,none,1,0,0,231752,na,na,na,na,na,resume_stalled,na,resume_stalled,"up_s=20165 regs=3583 log_rx=86500 svcs=3 mem_mib=866 memd_kills=140","",""
S181mem500__epg_text,S,epg_text,strict,none,none,500,none,1,0,0,308560,na,na,na,na,na,resume_stalled,na,resume_stalled,"up_s=20173 regs=3583 log_rx=86550 svcs=3 mem_mib=866 memd_kills=141","",""
S181mem500__epg_reserve,S,epg_reserve,strict,none,none,500,none,1,1,na,143436,na,na,na,na,na,na,na,dump_fail,"up_s=20181 regs=3583 log_rx=86600 svcs=3 mem_mib=866 memd_kills=142","(00.279181) Error (compel/src/lib/infect-rpc.c:41): Failed to read ack: Connection reset by peer",""
S181mem500__ready,S,ready,strict,none,none,500,none,0,na,na,na,na,na,na,na,na,na,na,launch_fail,"up_s=20187 regs=3583 log_rx=86600 svcs=3 mem_mib=866 memd_kills=143","",""
S181mem500__steady,S,steady,strict,none,none,500,none,0,na,na,na,na,na,na,na,na,na,na,launch_fail,"up_s=20193 regs=3583 log_rx=86650 svcs=3 mem_mib=866 memd_kills=144","",""
S182mem700__init,S,init,strict,none,none,700,none,1,0,0,284,na,na,na,na,na,resume_stalled,na,resume_stalled,"up_s=20199 regs=3583 log_rx=86650 svcs=3 mem_mib=867 memd_kills=145","",""
S182mem700__db_open,S,db_open,strict,none,none,700,none,1,0,0,284,na,na,na,na,na,resume_stalled,na,resume_stalled,"up_s=20205 regs=3583 log_rx=86700 svcs=3 mem_mib=867 memd_kills=146","",""
S182mem700__db_read,S,db_read,strict,none,none,700,none,1,0,0,1300,na,na,na,na,na,resume_stalled,na,resume_stalled,"up_s=20211 regs=3583 log_rx=86700 svcs=3 mem_mib=867 memd_kills=147","",""
S182mem700__db_read_p25,S,db_read_p25,strict,none,none,700,none,1,0,0,1304,na,na,na,na,na,resume_stalled,na,resume_stalled,"up_s=20218 regs=3583 log_rx=86750 svcs=3 mem_mib=867 memd_kills=148","",""
S182mem700__db_read_p50,S,db_read_p50,strict,none,none,700,none,1,0,0,1304,na,na,na,na,na,resume_stalled,na,resume_stalled,"up_s=20224 regs=3583 log_rx=86750 svcs=3 mem_mib=867 memd_kills=149","",""
S182mem700__db_read_p75,S,db_read_p75,strict,none,none,700,none,1,0,0,1304,na,na,na,na,na,resume_stalled,na,resume_stalled,"up_s=20230 regs=3583 log_rx=86800 svcs=3 mem_mib=867 memd_kills=150","",""
S182mem700__db_parse,S,db_parse,strict,none,none,700,none,1,0,0,1304,na,na,na,na,na,resume_stalled,na,resume_stalled,"up_s=20236 regs=3583 log_rx=86850 svcs=3 mem_mib=867 memd_kills=151","",""
S182mem700__db_parse_p25,S,db_parse_p25,strict,none,none,700,none,1,0,0,1304,na,na,na,na,na,resume_stalled,na,resume_stalled,"up_s=20242 regs=3583 log_rx=86850 svcs=3 mem_mib=868 memd_kills=152","",""
S182mem700__db_parse_p50,S,db_parse_p50,strict,none,none,700,none,1,0,0,1304,na,na,na,na,na,resume_stalled,na,resume_stalled,"up_s=20249 regs=3583 log_rx=86900 svcs=3 mem_mib=868 memd_kills=153","",""
S182mem700__db_parse_p75,S,db_parse_p75,strict,none,none,700,none,1,0,0,1304,na,na,na,na,na,resume_stalled,na,resume_stalled,"up_s=20255 regs=3583 log_rx=86900 svcs=3 mem_mib=868 memd_kills=154","",""
S182mem700__epg_index,S,epg_index,strict,none,none,700,none,1,1,na,8,na,na,na,na,na,na,na,dump_fail,"up_s=20261 regs=3583 log_rx=86950 svcs=3 mem_mib=868 memd_kills=155","(00.103690) Error (compel/src/lib/infect.c:416): Unable to detach from 2704976: No such process",""
S182mem700__epg_index_p25,S,epg_index_p25,strict,none,none,700,none,1,0,0,78124,na,na,na,na,na,resume_stalled,na,resume_stalled,"up_s=20267 regs=3583 log_rx=86950 svcs=3 mem_mib=868 memd_kills=156","",""
S182mem700__epg_index_p50,S,epg_index_p50,strict,none,none,700,none,1,0,0,154940,na,na,na,na,na,resume_stalled,na,resume_stalled,"up_s=20274 regs=3583 log_rx=87000 svcs=3 mem_mib=868 memd_kills=157","",""
S182mem700__epg_index_p75,S,epg_index_p75,strict,none,none,700,none,1,0,0,231752,na,na,na,na,na,resume_stalled,na,resume_stalled,"up_s=20282 regs=3583 log_rx=87000 svcs=3 mem_mib=868 memd_kills=158","",""
S182mem700__epg_text,S,epg_text,strict,none,none,700,none,0,na,na,na,na,na,na,na,na,na,na,launch_fail,"up_s=20288 regs=3583 log_rx=87050 svcs=3 mem_mib=868 memd_kills=159","",""
S182mem700__epg_reserve,S,epg_reserve,strict,none,none,700,none,0,na,na,na,na,na,na,na,na,na,na,launch_fail,"up_s=20294 regs=3583 log_rx=87050 svcs=3 mem_mib=868 memd_kills=160","",""
S182mem700__ready,S,ready,strict,none,none,700,none,0,na,na,na,na,na,na,na,na,na,na,launch_fail,"up_s=20300 regs=3583 log_rx=87100 svcs=3 mem_mib=868 memd_kills=161","",""
S182mem700__steady,S,steady,strict,none,none,700,none,0,na,na,na,na,na,na,na,na,na,na,launch_fail,"up_s=20306 regs=3583 log_rx=87150 svcs=3 mem_mib=868 memd_kills=162","",""
S183mem1024__init,S,init,strict,none,none,1024,none,1,0,0,280,na,na,na,na,na,resume_stalled,na,resume_stalled,"up_s=20312 regs=3583 log_rx=87150 svcs=3 mem_mib=868 memd_kills=163","",""
S183mem1024__db_open,S,db_open,strict,none,none,1024,none,1,0,0,280,na,na,na,na,na,resume_stalled,na,resume_stalled,"up_s=20319 regs=3583 log_rx=87200 svcs=3 mem_mib=869 memd_kills=164","",""
S183mem1024__db_read,S,db_read,strict,none,none,1024,none,1,0,0,1304,na,na,na,na,na,resume_stalled,na,resume_stalled,"up_s=20325 regs=3583 log_rx=87200 svcs=3 mem_mib=869 memd_kills=165","",""
S183mem1024__db_read_p25,S,db_read_p25,strict,none,none,1024,none,1,0,0,1304,na,na,na,na,na,resume_stalled,na,resume_stalled,"up_s=20331 regs=3583 log_rx=87250 svcs=3 mem_mib=869 memd_kills=166","",""
S183mem1024__db_read_p50,S,db_read_p50,strict,none,none,1024,none,1,0,0,1304,na,na,na,na,na,resume_stalled,na,resume_stalled,"up_s=20337 regs=3583 log_rx=87250 svcs=3 mem_mib=869 memd_kills=167","",""
S183mem1024__db_read_p75,S,db_read_p75,strict,none,none,1024,none,1,0,0,1300,na,na,na,na,na,resume_stalled,na,resume_stalled,"up_s=20343 regs=3583 log_rx=87300 svcs=3 mem_mib=869 memd_kills=168","",""
S183mem1024__db_parse,S,db_parse,strict,none,none,1024,none,1,0,0,1304,na,na,na,na,na,resume_stalled,na,resume_stalled,"up_s=20351 regs=3583 log_rx=87300 svcs=3 mem_mib=870 memd_kills=169","",""
S183mem1024__db_parse_p25,S,db_parse_p25,strict,none,none,1024,none,1,0,0,1304,na,na,na,na,na,resume_stalled,na,resume_stalled,"up_s=20357 regs=3583 log_rx=87350 svcs=3 mem_mib=869 memd_kills=170","",""
S183mem1024__db_parse_p50,S,db_parse_p50,strict,none,none,1024,none,1,0,0,1304,na,na,na,na,na,resume_stalled,na,resume_stalled,"up_s=20363 regs=3583 log_rx=87350 svcs=3 mem_mib=870 memd_kills=171","",""
S183mem1024__db_parse_p75,S,db_parse_p75,strict,none,none,1024,none,1,0,0,1304,na,na,na,na,na,resume_stalled,na,resume_stalled,"up_s=20369 regs=3583 log_rx=87400 svcs=3 mem_mib=870 memd_kills=172","",""
S183mem1024__epg_index,S,epg_index,strict,none,none,1024,none,1,1,na,8,na,na,na,na,na,na,na,dump_fail,"up_s=20375 regs=3583 log_rx=87400 svcs=3 mem_mib=870 memd_kills=173","(00.102955) Error (compel/src/lib/infect.c:416): Unable to detach from 2723255: No such process",""
S183mem1024__epg_index_p25,S,epg_index_p25,strict,none,none,1024,none,1,0,0,78128,na,na,na,na,na,resume_stalled,na,resume_stalled,"up_s=20381 regs=3583 log_rx=87450 svcs=3 mem_mib=870 memd_kills=174","",""
S183mem1024__epg_index_p50,S,epg_index_p50,strict,none,none,1024,none,1,0,0,154936,na,na,na,na,na,resume_stalled,na,resume_stalled,"up_s=20389 regs=3583 log_rx=87500 svcs=3 mem_mib=870 memd_kills=175","",""
S183mem1024__epg_index_p75,S,epg_index_p75,strict,none,none,1024,none,1,0,0,231748,na,na,na,na,na,resume_stalled,na,resume_stalled,"up_s=20396 regs=3583 log_rx=87500 svcs=3 mem_mib=870 memd_kills=176","",""
S183mem1024__epg_text,S,epg_text,strict,none,none,1024,none,1,0,0,308564,na,na,na,na,na,resume_stalled,na,resume_stalled,"up_s=20404 regs=3583 log_rx=87550 svcs=3 mem_mib=870 memd_kills=177","",""
S183mem1024__epg_reserve,S,epg_reserve,strict,none,none,1024,none,0,na,na,na,na,na,na,na,na,na,na,launch_fail,"up_s=20410 regs=3583 log_rx=87550 svcs=3 mem_mib=870 memd_kills=178","",""
S183mem1024__ready,S,ready,strict,none,none,1024,none,0,na,na,na,na,na,na,na,na,na,na,launch_fail,"up_s=20416 regs=3583 log_rx=87600 svcs=3 mem_mib=870 memd_kills=179","",""
S183mem1024__steady,S,steady,strict,none,none,1024,none,0,na,na,na,na,na,na,na,na,na,na,launch_fail,"up_s=20423 regs=3583 log_rx=87600 svcs=3 mem_mib=870 memd_kills=180","",""
S184lmem330__init,S,init,strict,none,none,330,none,1,0,0,284,na,na,na,na,na,resumed_to_ready,na,ok,"up_s=20430 regs=3583 log_rx=87650 svcs=4 mem_mib=890 memd_kills=180","",""
S184lmem330__db_open,S,db_open,strict,none,none,330,none,1,0,0,284,na,na,na,na,na,resumed_to_ready,na,ok,"up_s=20437 regs=3583 log_rx=87700 svcs=4 mem_mib=890 memd_kills=180","",""
S184lmem330__db_read,S,db_read,strict,none,none,330,none,1,0,0,1300,na,na,na,na,na,resumed_to_ready,na,ok,"up_s=20444 regs=3583 log_rx=87700 svcs=4 mem_mib=890 memd_kills=180","",""
S184lmem330__db_read_p25,S,db_read_p25,strict,none,none,330,none,1,0,0,1304,na,na,na,na,na,resumed_to_ready,na,ok,"up_s=20451 regs=3583 log_rx=87750 svcs=4 mem_mib=890 memd_kills=180","",""
S184lmem330__db_read_p50,S,db_read_p50,strict,none,none,330,none,1,0,0,1304,na,na,na,na,na,resumed_to_ready,na,ok,"up_s=20459 regs=3583 log_rx=87800 svcs=4 mem_mib=890 memd_kills=180","",""
S184lmem330__db_read_p75,S,db_read_p75,strict,none,none,330,none,1,0,0,1308,na,na,na,na,na,resumed_to_ready,na,ok,"up_s=20466 regs=3583 log_rx=87800 svcs=4 mem_mib=891 memd_kills=180","",""
S184lmem330__db_parse,S,db_parse,strict,none,none,330,none,1,0,0,1304,na,na,na,na,na,resumed_to_ready,na,ok,"up_s=20473 regs=3583 log_rx=87850 svcs=4 mem_mib=891 memd_kills=180","",""
S184lmem330__db_parse_p25,S,db_parse_p25,strict,none,none,330,none,1,0,0,1304,na,na,na,na,na,resumed_to_ready,na,ok,"up_s=20480 regs=3583 log_rx=87850 svcs=4 mem_mib=891 memd_kills=180","",""
S184lmem330__db_parse_p50,S,db_parse_p50,strict,none,none,330,none,1,0,0,1304,na,na,na,na,na,resumed_to_ready,na,ok,"up_s=20488 regs=3583 log_rx=87900 svcs=4 mem_mib=891 memd_kills=180","",""
S184lmem330__db_parse_p75,S,db_parse_p75,strict,none,none,330,none,1,0,0,1304,na,na,na,na,na,resumed_to_ready,na,ok,"up_s=20495 regs=3583 log_rx=87950 svcs=4 mem_mib=891 memd_kills=180","",""
S184lmem330__epg_index,S,epg_index,strict,none,none,330,none,1,0,0,25888,na,na,na,na,na,resumed_to_ready,na,ok,"up_s=20502 regs=3583 log_rx=87950 svcs=4 mem_mib=891 memd_kills=180","",""
S184lmem330__epg_index_p25,S,epg_index_p25,strict,none,none,330,none,1,0,0,7456,na,na,na,na,na,resumed_to_ready,na,ok,"up_s=20510 regs=3583 log_rx=88000 svcs=4 mem_mib=891 memd_kills=180","",""
S184lmem330__epg_index_p50,S,epg_index_p50,strict,none,none,330,none,1,0,0,13600,na,na,na,na,na,resumed_to_ready,na,ok,"up_s=20517 regs=3583 log_rx=88050 svcs=4 mem_mib=892 memd_kills=180","",""
S184lmem330__epg_index_p75,S,epg_index_p75,strict,none,none,330,none,1,0,0,19744,na,na,na,na,na,resumed_to_ready,na,ok,"up_s=20524 regs=3583 log_rx=88050 svcs=4 mem_mib=892 memd_kills=180","",""
S184lmem330__epg_text,S,epg_text,strict,none,none,330,none,1,0,0,25888,na,na,na,na,na,resumed_to_ready,na,ok,"up_s=20531 regs=3583 log_rx=88100 svcs=4 mem_mib=892 memd_kills=180","",""
S184lmem330__epg_reserve,S,epg_reserve,strict,none,none,330,none,1,0,0,25888,na,na,na,na,na,resumed_to_ready,na,ok,"up_s=20539 regs=3583 log_rx=88100 svcs=4 mem_mib=892 memd_kills=180","",""
S184lmem330__ready,S,ready,strict,none,none,330,none,1,0,0,25888,ok,ok,na,na,na,na,na,ok,"up_s=20546 regs=3583 log_rx=88150 svcs=4 mem_mib=892 memd_kills=180","",""
S184lmem330__steady,S,steady,strict,none,none,330,none,1,0,0,25888,ok,ok,na,na,na,na,na,ok,"up_s=20554 regs=3583 log_rx=88200 svcs=4 mem_mib=892 memd_kills=180","",""
S185lmem500__init,S,init,strict,none,none,500,none,1,0,0,280,na,na,na,na,na,resumed_to_ready,na,ok,"up_s=20562 regs=3583 log_rx=88200 svcs=4 mem_mib=892 memd_kills=180","",""
S185lmem500__db_open,S,db_open,strict,none,none,500,none,1,0,0,284,na,na,na,na,na,resumed_to_ready,na,ok,"up_s=20569 regs=3583 log_rx=88250 svcs=4 mem_mib=893 memd_kills=180","",""
S185lmem500__db_read,S,db_read,strict,none,none,500,none,1,0,0,1304,na,na,na,na,na,resumed_to_ready,na,ok,"up_s=20576 regs=3583 log_rx=88300 svcs=4 mem_mib=893 memd_kills=180","",""
S185lmem500__db_read_p25,S,db_read_p25,strict,none,none,500,none,1,0,0,1304,na,na,na,na,na,resumed_to_ready,na,ok,"up_s=20583 regs=3583 log_rx=88300 svcs=4 mem_mib=893 memd_kills=180","",""
S185lmem500__db_read_p50,S,db_read_p50,strict,none,none,500,none,1,0,0,1304,na,na,na,na,na,resumed_to_ready,na,ok,"up_s=20591 regs=3583 log_rx=88350 svcs=4 mem_mib=893 memd_kills=180","",""
S185lmem500__db_read_p75,S,db_read_p75,strict,none,none,500,none,1,0,0,1304,na,na,na,na,na,resumed_to_ready,na,ok,"up_s=20598 regs=3583 log_rx=88350 svcs=4 mem_mib=893 memd_kills=180","",""
S185lmem500__db_parse,S,db_parse,strict,none,none,500,none,1,0,0,1304,na,na,na,na,na,resumed_to_ready,na,ok,"up_s=20605 regs=3583 log_rx=88400 svcs=4 mem_mib=893 memd_kills=180","",""
S185lmem500__db_parse_p25,S,db_parse_p25,strict,none,none,500,none,1,0,0,1304,na,na,na,na,na,resumed_to_ready,na,ok,"up_s=20612 regs=3583 log_rx=88450 svcs=4 mem_mib=894 memd_kills=180","",""
S185lmem500__db_parse_p50,S,db_parse_p50,strict,none,none,500,none,1,0,0,1304,na,na,na,na,na,resumed_to_ready,na,ok,"up_s=20620 regs=3583 log_rx=88450 svcs=4 mem_mib=894 memd_kills=180","",""
S185lmem500__db_parse_p75,S,db_parse_p75,strict,none,none,500,none,1,0,0,1304,na,na,na,na,na,resumed_to_ready,na,ok,"up_s=20627 regs=3583 log_rx=88500 svcs=4 mem_mib=894 memd_kills=180","",""
S185lmem500__epg_index,S,epg_index,strict,none,none,500,none,1,0,0,25888,na,na,na,na,na,resumed_to_ready,na,ok,"up_s=20634 regs=3583 log_rx=88550 svcs=4 mem_mib=894 memd_kills=180","",""
S185lmem500__epg_index_p25,S,epg_index_p25,strict,none,none,500,none,1,0,0,7456,na,na,na,na,na,resumed_to_ready,na,ok,"up_s=20641 regs=3583 log_rx=88550 svcs=4 mem_mib=894 memd_kills=180","",""
S185lmem500__epg_index_p50,S,epg_index_p50,strict,none,none,500,none,1,0,0,13600,na,na,na,na,na,resumed_to_ready,na,ok,"up_s=20648 regs=3583 log_rx=88600 svcs=4 mem_mib=894 memd_kills=180","",""
S185lmem500__epg_index_p75,S,epg_index_p75,strict,none,none,500,none,1,0,0,19744,na,na,na,na,na,resumed_to_ready,na,ok,"up_s=20656 regs=3583 log_rx=88600 svcs=4 mem_mib=894 memd_kills=180","",""
S185lmem500__epg_text,S,epg_text,strict,none,none,500,none,1,0,0,25888,na,na,na,na,na,resumed_to_ready,na,ok,"up_s=20663 regs=3583 log_rx=88650 svcs=4 mem_mib=895 memd_kills=180","",""
S185lmem500__epg_reserve,S,epg_reserve,strict,none,none,500,none,1,0,0,25888,na,na,na,na,na,resumed_to_ready,na,ok,"up_s=20670 regs=3583 log_rx=88700 svcs=4 mem_mib=895 memd_kills=180","",""
S185lmem500__ready,S,ready,strict,none,none,500,none,1,0,0,25888,ok,ok,na,na,na,na,na,ok,"up_s=20678 regs=3583 log_rx=88700 svcs=4 mem_mib=895 memd_kills=180","",""
S185lmem500__steady,S,steady,strict,none,none,500,none,1,0,0,25888,ok,ok,na,na,na,na,na,ok,"up_s=20686 regs=3583 log_rx=88750 svcs=4 mem_mib=895 memd_kills=180","",""
S188selfhub__init,S,init,strict,none,none,0,self,1,0,0,284,na,na,na,na,na,resumed_to_ready,na,ok,"up_s=20695 regs=3583 log_rx=88800 svcs=4 mem_mib=889 memd_kills=180","",""
S188selfhub__db_open,S,db_open,strict,none,none,0,self,1,0,0,284,na,na,na,na,na,resumed_to_ready,na,ok,"up_s=20704 regs=3583 log_rx=88850 svcs=4 mem_mib=889 memd_kills=180","",""
S188selfhub__db_read,S,db_read,strict,none,none,0,self,1,0,0,1304,na,na,na,na,na,resumed_to_ready,na,ok,"up_s=20712 regs=3583 log_rx=88850 svcs=4 mem_mib=889 memd_kills=180","",""
S188selfhub__db_read_p25,S,db_read_p25,strict,none,none,0,self,1,0,0,1304,na,na,na,na,na,resumed_to_ready,na,ok,"up_s=20721 regs=3583 log_rx=88900 svcs=4 mem_mib=889 memd_kills=180","",""
S188selfhub__db_read_p50,S,db_read_p50,strict,none,none,0,self,1,0,0,1304,na,na,na,na,na,resumed_to_ready,na,ok,"up_s=20730 regs=3583 log_rx=88950 svcs=4 mem_mib=889 memd_kills=180","",""
S188selfhub__db_read_p75,S,db_read_p75,strict,none,none,0,self,1,0,0,1304,na,na,na,na,na,resumed_to_ready,na,ok,"up_s=20738 regs=3583 log_rx=88950 svcs=4 mem_mib=889 memd_kills=180","",""
S188selfhub__db_parse,S,db_parse,strict,none,none,0,self,1,0,0,1300,na,na,na,na,na,resumed_to_ready,na,ok,"up_s=20747 regs=3583 log_rx=89000 svcs=4 mem_mib=889 memd_kills=180","",""
S188selfhub__db_parse_p25,S,db_parse_p25,strict,none,none,0,self,1,0,0,1304,na,na,na,na,na,resumed_to_ready,na,ok,"up_s=20755 regs=3583 log_rx=89050 svcs=4 mem_mib=889 memd_kills=180","",""
S188selfhub__db_parse_p50,S,db_parse_p50,strict,none,none,0,self,1,0,0,1304,na,na,na,na,na,resumed_to_ready,na,ok,"up_s=20764 regs=3583 log_rx=89100 svcs=4 mem_mib=889 memd_kills=180","",""
S188selfhub__hub_conn1,S,hub_conn1,strict,none,none,0,self,1,0,0,13608,na,na,na,na,na,resumed_to_ready,na,ok,"up_s=20773 regs=3583 log_rx=89100 svcs=4 mem_mib=889 memd_kills=180","",""
S188selfhub__hub_conn2,S,hub_conn2,strict,none,none,0,self,1,0,0,13604,na,na,na,na,na,resumed_to_ready,na,ok,"up_s=20781 regs=3583 log_rx=89150 svcs=4 mem_mib=890 memd_kills=180","",""
S188selfhub__hub_subscribed,S,hub_subscribed,strict,none,none,0,self,1,0,0,13604,na,na,na,na,na,resumed_to_ready,na,ok,"up_s=20790 regs=3583 log_rx=89200 svcs=4 mem_mib=890 memd_kills=180","",""
S188selfhub__ready,S,ready,strict,none,none,0,self,1,1,na,128,na,na,na,na,na,na,na,dump_fail,"up_s=20799 regs=3583 log_rx=89250 svcs=4 mem_mib=889 memd_kills=180","(00.143377) Error (criu/fsnotify.c:284): fsnotify: 	Can't dump that handle",""
S188selfhub__steady,S,steady,strict,none,none,0,self,1,1,na,128,na,na,na,na,na,na,na,dump_fail,"up_s=20808 regs=3583 log_rx=89250 svcs=4 mem_mib=889 memd_kills=180","(00.130071) Error (criu/fsnotify.c:284): fsnotify: 	Can't dump that handle",""
S189srcline__Lsrc_001,S,Lsrc_001,strict,none,none,0,normal,0,na,na,na,na,na,na,na,na,na,na,launch_fail,"up_s=20811 regs=3583 log_rx=89300 svcs=4 mem_mib=868 memd_kills=180","",""
S189srcline__Lsrc_002,S,Lsrc_002,strict,none,none,0,normal,0,na,na,na,na,na,na,na,na,na,na,launch_fail,"up_s=20814 regs=3583 log_rx=89300 svcs=4 mem_mib=868 memd_kills=180","",""
S189srcline__Lsrc_003,S,Lsrc_003,strict,none,none,0,normal,0,na,na,na,na,na,na,na,na,na,na,launch_fail,"up_s=20817 regs=3583 log_rx=89300 svcs=4 mem_mib=868 memd_kills=180","",""
S189srcline__Lsrc_004,S,Lsrc_004,strict,none,none,0,normal,0,na,na,na,na,na,na,na,na,na,na,launch_fail,"up_s=20820 regs=3583 log_rx=89350 svcs=4 mem_mib=868 memd_kills=180","",""
S189srcline__Lsrc_005,S,Lsrc_005,strict,none,none,0,normal,0,na,na,na,na,na,na,na,na,na,na,launch_fail,"up_s=20823 regs=3583 log_rx=89350 svcs=4 mem_mib=868 memd_kills=180","",""
S189srcline__Lsrc_006,S,Lsrc_006,strict,none,none,0,normal,0,na,na,na,na,na,na,na,na,na,na,launch_fail,"up_s=20827 regs=3583 log_rx=89350 svcs=4 mem_mib=868 memd_kills=180","",""
S189srcline__Lsrc_007,S,Lsrc_007,strict,none,none,0,normal,0,na,na,na,na,na,na,na,na,na,na,launch_fail,"up_s=20830 regs=3583 log_rx=89350 svcs=4 mem_mib=868 memd_kills=180","",""
S189srcline__Lsrc_008,S,Lsrc_008,strict,none,none,0,normal,0,na,na,na,na,na,na,na,na,na,na,launch_fail,"up_s=20833 regs=3583 log_rx=89400 svcs=4 mem_mib=868 memd_kills=180","",""
S189srcline__Lsrc_009,S,Lsrc_009,strict,none,none,0,normal,0,na,na,na,na,na,na,na,na,na,na,launch_fail,"up_s=20836 regs=3583 log_rx=89400 svcs=4 mem_mib=868 memd_kills=180","",""
S189srcline__Lsrc_010,S,Lsrc_010,strict,none,none,0,normal,0,na,na,na,na,na,na,na,na,na,na,launch_fail,"up_s=20839 regs=3583 log_rx=89400 svcs=4 mem_mib=868 memd_kills=180","",""
S189srcline__Lsrc_011,S,Lsrc_011,strict,none,none,0,normal,0,na,na,na,na,na,na,na,na,na,na,launch_fail,"up_s=20842 regs=3583 log_rx=89400 svcs=4 mem_mib=868 memd_kills=180","",""
S189srcline__Lsrc_012,S,Lsrc_012,strict,none,none,0,normal,0,na,na,na,na,na,na,na,na,na,na,launch_fail,"up_s=20845 regs=3583 log_rx=89450 svcs=4 mem_mib=868 memd_kills=180","",""
S189srcline__Lsrc_013,S,Lsrc_013,strict,none,none,0,normal,0,na,na,na,na,na,na,na,na,na,na,launch_fail,"up_s=20848 regs=3583 log_rx=89450 svcs=4 mem_mib=868 memd_kills=180","",""
S189srcline__Lsrc_014,S,Lsrc_014,strict,none,none,0,normal,0,na,na,na,na,na,na,na,na,na,na,launch_fail,"up_s=20852 regs=3583 log_rx=89450 svcs=4 mem_mib=868 memd_kills=180","",""
S189srcline__Lsrc_015,S,Lsrc_015,strict,none,none,0,normal,0,na,na,na,na,na,na,na,na,na,na,launch_fail,"up_s=20855 regs=3583 log_rx=89450 svcs=4 mem_mib=868 memd_kills=180","",""
S189srcline__Lsrc_016,S,Lsrc_016,strict,none,none,0,normal,0,na,na,na,na,na,na,na,na,na,na,launch_fail,"up_s=20858 regs=3583 log_rx=89500 svcs=4 mem_mib=868 memd_kills=180","",""
S189srcline__Lsrc_017,S,Lsrc_017,strict,none,none,0,normal,0,na,na,na,na,na,na,na,na,na,na,launch_fail,"up_s=20861 regs=3583 log_rx=89500 svcs=4 mem_mib=868 memd_kills=180","",""
S189srcline__Lsrc_018,S,Lsrc_018,strict,none,none,0,normal,0,na,na,na,na,na,na,na,na,na,na,launch_fail,"up_s=20864 regs=3583 log_rx=89500 svcs=4 mem_mib=868 memd_kills=180","",""
S189srcline__Lsrc_019,S,Lsrc_019,strict,none,none,0,normal,0,na,na,na,na,na,na,na,na,na,na,launch_fail,"up_s=20867 regs=3583 log_rx=89550 svcs=4 mem_mib=868 memd_kills=180","",""
S189srcline__Lsrc_020,S,Lsrc_020,strict,none,none,0,normal,0,na,na,na,na,na,na,na,na,na,na,launch_fail,"up_s=20870 regs=3583 log_rx=89550 svcs=4 mem_mib=868 memd_kills=180","",""
S189srcline__Lsrc_021,S,Lsrc_021,strict,none,none,0,normal,0,na,na,na,na,na,na,na,na,na,na,launch_fail,"up_s=20873 regs=3583 log_rx=89550 svcs=4 mem_mib=868 memd_kills=180","",""
S189srcline__Lsrc_022,S,Lsrc_022,strict,none,none,0,normal,0,na,na,na,na,na,na,na,na,na,na,launch_fail,"up_s=20877 regs=3583 log_rx=89550 svcs=4 mem_mib=868 memd_kills=180","",""
S189srcline__Lsrc_023,S,Lsrc_023,strict,none,none,0,normal,0,na,na,na,na,na,na,na,na,na,na,launch_fail,"up_s=20880 regs=3583 log_rx=89600 svcs=4 mem_mib=868 memd_kills=180","",""
S189srcline__Lsrc_024,S,Lsrc_024,strict,none,none,0,normal,0,na,na,na,na,na,na,na,na,na,na,launch_fail,"up_s=20883 regs=3583 log_rx=89600 svcs=4 mem_mib=868 memd_kills=180","",""
S189srcline__Lsrc_025,S,Lsrc_025,strict,none,none,0,normal,0,na,na,na,na,na,na,na,na,na,na,launch_fail,"up_s=20886 regs=3583 log_rx=89600 svcs=4 mem_mib=868 memd_kills=180","",""
S189srcline__Lsrc_026,S,Lsrc_026,strict,none,none,0,normal,0,na,na,na,na,na,na,na,na,na,na,launch_fail,"up_s=20889 regs=3583 log_rx=89600 svcs=4 mem_mib=869 memd_kills=180","",""
S189srcline__Lsrc_027,S,Lsrc_027,strict,none,none,0,normal,0,na,na,na,na,na,na,na,na,na,na,launch_fail,"up_s=20892 regs=3583 log_rx=89650 svcs=4 mem_mib=868 memd_kills=180","",""
S189srcline__Lsrc_028,S,Lsrc_028,strict,none,none,0,normal,0,na,na,na,na,na,na,na,na,na,na,launch_fail,"up_s=20895 regs=3583 log_rx=89650 svcs=4 mem_mib=868 memd_kills=180","",""
S189srcline__Lsrc_029,S,Lsrc_029,strict,none,none,0,normal,0,na,na,na,na,na,na,na,na,na,na,launch_fail,"up_s=20898 regs=3583 log_rx=89650 svcs=4 mem_mib=868 memd_kills=180","",""
S189srcline__Lsrc_030,S,Lsrc_030,strict,none,none,0,normal,0,na,na,na,na,na,na,na,na,na,na,launch_fail,"up_s=20901 regs=3583 log_rx=89650 svcs=4 mem_mib=868 memd_kills=180","",""
S189srcline__Lsrc_031,S,Lsrc_031,strict,none,none,0,normal,0,na,na,na,na,na,na,na,na,na,na,launch_fail,"up_s=20905 regs=3583 log_rx=89700 svcs=4 mem_mib=868 memd_kills=180","",""
S189srcline__Lsrc_032,S,Lsrc_032,strict,none,none,0,normal,0,na,na,na,na,na,na,na,na,na,na,launch_fail,"up_s=20908 regs=3583 log_rx=89700 svcs=4 mem_mib=868 memd_kills=180","",""
S189srcline__Lsrc_033,S,Lsrc_033,strict,none,none,0,normal,0,na,na,na,na,na,na,na,na,na,na,launch_fail,"up_s=20911 regs=3583 log_rx=89700 svcs=4 mem_mib=868 memd_kills=180","",""
S189srcline__Lsrc_034,S,Lsrc_034,strict,none,none,0,normal,0,na,na,na,na,na,na,na,na,na,na,launch_fail,"up_s=20914 regs=3583 log_rx=89700 svcs=4 mem_mib=868 memd_kills=180","",""
S189srcline__Lsrc_035,S,Lsrc_035,strict,none,none,0,normal,0,na,na,na,na,na,na,na,na,na,na,launch_fail,"up_s=20917 regs=3583 log_rx=89750 svcs=4 mem_mib=868 memd_kills=180","",""
S189srcline__Lsrc_036,S,Lsrc_036,strict,none,none,0,normal,0,na,na,na,na,na,na,na,na,na,na,launch_fail,"up_s=20920 regs=3583 log_rx=89750 svcs=4 mem_mib=868 memd_kills=180","",""
S189srcline__Lsrc_037,S,Lsrc_037,strict,none,none,0,normal,0,na,na,na,na,na,na,na,na,na,na,launch_fail,"up_s=20923 regs=3583 log_rx=89750 svcs=4 mem_mib=868 memd_kills=180","",""
S190srcline_opt__Lsrc_001,S,Lsrc_001,permissive,none,none,0,normal,0,na,na,na,na,na,na,na,na,na,na,launch_fail,"up_s=20926 regs=3583 log_rx=89800 svcs=4 mem_mib=868 memd_kills=180","",""
S190srcline_opt__Lsrc_002,S,Lsrc_002,permissive,none,none,0,normal,0,na,na,na,na,na,na,na,na,na,na,launch_fail,"up_s=20930 regs=3583 log_rx=89800 svcs=4 mem_mib=868 memd_kills=180","",""
S190srcline_opt__Lsrc_003,S,Lsrc_003,permissive,none,none,0,normal,0,na,na,na,na,na,na,na,na,na,na,launch_fail,"up_s=20933 regs=3583 log_rx=89800 svcs=4 mem_mib=868 memd_kills=180","",""
S190srcline_opt__Lsrc_004,S,Lsrc_004,permissive,none,none,0,normal,0,na,na,na,na,na,na,na,na,na,na,launch_fail,"up_s=20936 regs=3583 log_rx=89800 svcs=4 mem_mib=868 memd_kills=180","",""
S190srcline_opt__Lsrc_005,S,Lsrc_005,permissive,none,none,0,normal,0,na,na,na,na,na,na,na,na,na,na,launch_fail,"up_s=20939 regs=3583 log_rx=89850 svcs=4 mem_mib=868 memd_kills=180","",""
S190srcline_opt__Lsrc_006,S,Lsrc_006,permissive,none,none,0,normal,0,na,na,na,na,na,na,na,na,na,na,launch_fail,"up_s=20942 regs=3583 log_rx=89850 svcs=4 mem_mib=868 memd_kills=180","",""
S190srcline_opt__Lsrc_007,S,Lsrc_007,permissive,none,none,0,normal,0,na,na,na,na,na,na,na,na,na,na,launch_fail,"up_s=20945 regs=3583 log_rx=89850 svcs=4 mem_mib=868 memd_kills=180","",""
S190srcline_opt__Lsrc_008,S,Lsrc_008,permissive,none,none,0,normal,0,na,na,na,na,na,na,na,na,na,na,launch_fail,"up_s=20948 regs=3583 log_rx=89850 svcs=4 mem_mib=868 memd_kills=180","",""
S190srcline_opt__Lsrc_009,S,Lsrc_009,permissive,none,none,0,normal,0,na,na,na,na,na,na,na,na,na,na,launch_fail,"up_s=20951 regs=3583 log_rx=89900 svcs=4 mem_mib=868 memd_kills=180","",""
S190srcline_opt__Lsrc_010,S,Lsrc_010,permissive,none,none,0,normal,0,na,na,na,na,na,na,na,na,na,na,launch_fail,"up_s=20955 regs=3583 log_rx=89900 svcs=4 mem_mib=868 memd_kills=180","",""
S190srcline_opt__Lsrc_011,S,Lsrc_011,permissive,none,none,0,normal,0,na,na,na,na,na,na,na,na,na,na,launch_fail,"up_s=20958 regs=3583 log_rx=89900 svcs=4 mem_mib=868 memd_kills=180","",""
S190srcline_opt__Lsrc_012,S,Lsrc_012,permissive,none,none,0,normal,0,na,na,na,na,na,na,na,na,na,na,launch_fail,"up_s=20961 regs=3583 log_rx=89950 svcs=4 mem_mib=868 memd_kills=180","",""
S190srcline_opt__Lsrc_013,S,Lsrc_013,permissive,none,none,0,normal,0,na,na,na,na,na,na,na,na,na,na,launch_fail,"up_s=20964 regs=3583 log_rx=89950 svcs=4 mem_mib=868 memd_kills=180","",""
S190srcline_opt__Lsrc_014,S,Lsrc_014,permissive,none,none,0,normal,0,na,na,na,na,na,na,na,na,na,na,launch_fail,"up_s=20967 regs=3583 log_rx=89950 svcs=4 mem_mib=868 memd_kills=180","",""
S190srcline_opt__Lsrc_015,S,Lsrc_015,permissive,none,none,0,normal,0,na,na,na,na,na,na,na,na,na,na,launch_fail,"up_s=20970 regs=3583 log_rx=89950 svcs=4 mem_mib=869 memd_kills=180","",""
S190srcline_opt__Lsrc_016,S,Lsrc_016,permissive,none,none,0,normal,0,na,na,na,na,na,na,na,na,na,na,launch_fail,"up_s=20973 regs=3583 log_rx=90000 svcs=4 mem_mib=868 memd_kills=180","",""
S190srcline_opt__Lsrc_017,S,Lsrc_017,permissive,none,none,0,normal,0,na,na,na,na,na,na,na,na,na,na,launch_fail,"up_s=20976 regs=3583 log_rx=90000 svcs=4 mem_mib=868 memd_kills=180","",""
S190srcline_opt__Lsrc_018,S,Lsrc_018,permissive,none,none,0,normal,0,na,na,na,na,na,na,na,na,na,na,launch_fail,"up_s=20979 regs=3583 log_rx=90000 svcs=4 mem_mib=868 memd_kills=180","",""
S190srcline_opt__Lsrc_019,S,Lsrc_019,permissive,none,none,0,normal,0,na,na,na,na,na,na,na,na,na,na,launch_fail,"up_s=20983 regs=3583 log_rx=90000 svcs=4 mem_mib=868 memd_kills=180","",""
S190srcline_opt__Lsrc_020,S,Lsrc_020,permissive,none,none,0,normal,0,na,na,na,na,na,na,na,na,na,na,launch_fail,"up_s=20986 regs=3583 log_rx=90050 svcs=4 mem_mib=868 memd_kills=180","",""
S190srcline_opt__Lsrc_021,S,Lsrc_021,permissive,none,none,0,normal,0,na,na,na,na,na,na,na,na,na,na,launch_fail,"up_s=20989 regs=3583 log_rx=90050 svcs=4 mem_mib=868 memd_kills=180","",""
S190srcline_opt__Lsrc_022,S,Lsrc_022,permissive,none,none,0,normal,0,na,na,na,na,na,na,na,na,na,na,launch_fail,"up_s=20992 regs=3583 log_rx=90050 svcs=4 mem_mib=868 memd_kills=180","",""
S190srcline_opt__Lsrc_023,S,Lsrc_023,permissive,none,none,0,normal,0,na,na,na,na,na,na,na,na,na,na,launch_fail,"up_s=20995 regs=3583 log_rx=90050 svcs=4 mem_mib=868 memd_kills=180","",""
S190srcline_opt__Lsrc_024,S,Lsrc_024,permissive,none,none,0,normal,0,na,na,na,na,na,na,na,na,na,na,launch_fail,"up_s=20998 regs=3583 log_rx=90100 svcs=4 mem_mib=868 memd_kills=180","",""
S190srcline_opt__Lsrc_025,S,Lsrc_025,permissive,none,none,0,normal,0,na,na,na,na,na,na,na,na,na,na,launch_fail,"up_s=21001 regs=3583 log_rx=90100 svcs=4 mem_mib=868 memd_kills=180","",""
S190srcline_opt__Lsrc_026,S,Lsrc_026,permissive,none,none,0,normal,0,na,na,na,na,na,na,na,na,na,na,launch_fail,"up_s=21004 regs=3583 log_rx=90100 svcs=4 mem_mib=868 memd_kills=180","",""
S190srcline_opt__Lsrc_027,S,Lsrc_027,permissive,none,none,0,normal,0,na,na,na,na,na,na,na,na,na,na,launch_fail,"up_s=21008 regs=3583 log_rx=90150 svcs=4 mem_mib=868 memd_kills=180","",""
S190srcline_opt__Lsrc_028,S,Lsrc_028,permissive,none,none,0,normal,0,na,na,na,na,na,na,na,na,na,na,launch_fail,"up_s=21011 regs=3583 log_rx=90150 svcs=4 mem_mib=868 memd_kills=180","",""
S190srcline_opt__Lsrc_029,S,Lsrc_029,permissive,none,none,0,normal,0,na,na,na,na,na,na,na,na,na,na,launch_fail,"up_s=21014 regs=3583 log_rx=90150 svcs=4 mem_mib=868 memd_kills=180","",""
S190srcline_opt__Lsrc_030,S,Lsrc_030,permissive,none,none,0,normal,0,na,na,na,na,na,na,na,na,na,na,launch_fail,"up_s=21017 regs=3583 log_rx=90150 svcs=4 mem_mib=868 memd_kills=180","",""
S190srcline_opt__Lsrc_031,S,Lsrc_031,permissive,none,none,0,normal,0,na,na,na,na,na,na,na,na,na,na,launch_fail,"up_s=21020 regs=3583 log_rx=90200 svcs=4 mem_mib=868 memd_kills=180","",""
S190srcline_opt__Lsrc_032,S,Lsrc_032,permissive,none,none,0,normal,0,na,na,na,na,na,na,na,na,na,na,launch_fail,"up_s=21023 regs=3583 log_rx=90200 svcs=4 mem_mib=868 memd_kills=180","",""
S190srcline_opt__Lsrc_033,S,Lsrc_033,permissive,none,none,0,normal,0,na,na,na,na,na,na,na,na,na,na,launch_fail,"up_s=21026 regs=3583 log_rx=90200 svcs=4 mem_mib=868 memd_kills=180","",""
S190srcline_opt__Lsrc_034,S,Lsrc_034,permissive,none,none,0,normal,0,na,na,na,na,na,na,na,na,na,na,launch_fail,"up_s=21029 regs=3583 log_rx=90200 svcs=4 mem_mib=869 memd_kills=180","",""
S190srcline_opt__Lsrc_035,S,Lsrc_035,permissive,none,none,0,normal,0,na,na,na,na,na,na,na,na,na,na,launch_fail,"up_s=21032 regs=3583 log_rx=90250 svcs=4 mem_mib=869 memd_kills=180","",""
S190srcline_opt__Lsrc_036,S,Lsrc_036,permissive,none,none,0,normal,0,na,na,na,na,na,na,na,na,na,na,launch_fail,"up_s=21036 regs=3583 log_rx=90250 svcs=4 mem_mib=869 memd_kills=180","",""
S190srcline_opt__Lsrc_037,S,Lsrc_037,permissive,none,none,0,normal,0,na,na,na,na,na,na,na,na,na,na,launch_fail,"up_s=21039 regs=3583 log_rx=90250 svcs=4 mem_mib=869 memd_kills=180","",""
