scenario,family,phase,criu_opts,pre_dump,post_dump,restore_mem_mib,hub_mode,launch_ok,dump_rc,restore_rc,img_kib,v_pong,v_stat,v_hub,v_tcp,v_live5,v_resume,rereg_ms,verdict,world,dump_err,restore_err
S001pure.stri__init,S,init,strict,none,none,0,none,1,0,0,284,na,na,na,na,na,resumed_to_ready,na,ok,"","",""
S001pure.stri__db_open,S,db_open,strict,none,none,0,none,1,0,0,284,na,na,na,na,na,resumed_to_ready,na,ok,"","",""
S001pure.stri__db_read,S,db_read,strict,none,none,0,none,1,0,0,1300,na,na,na,na,na,resumed_to_ready,na,ok,"","",""
S001pure.stri__db_read_p25,S,db_read_p25,strict,none,none,0,none,1,0,0,1304,na,na,na,na,na,resumed_to_ready,na,ok,"","",""
S001pure.stri__db_read_p50,S,db_read_p50,strict,none,none,0,none,1,0,0,1304,na,na,na,na,na,resumed_to_ready,na,ok,"","",""
S001pure.stri__db_read_p75,S,db_read_p75,strict,none,none,0,none,1,0,0,1304,na,na,na,na,na,resumed_to_ready,na,ok,"","",""
S001pure.stri__db_parse,S,db_parse,strict,none,none,0,none,1,0,0,1304,na,na,na,na,na,resumed_to_ready,na,ok,"","",""
S001pure.stri__db_parse_p25,S,db_parse_p25,strict,none,none,0,none,1,0,0,1304,na,na,na,na,na,resumed_to_ready,na,ok,"","",""
S001pure.stri__db_parse_p50,S,db_parse_p50,strict,none,none,0,none,1,0,0,1304,na,na,na,na,na,resumed_to_ready,na,ok,"","",""
S001pure.stri__db_parse_p75,S,db_parse_p75,strict,none,none,0,none,1,0,0,1304,na,na,na,na,na,resumed_to_ready,na,ok,"","",""
S001pure.stri__epg_index,S,epg_index,strict,none,none,0,none,1,0,0,13596,na,na,na,na,na,resumed_to_ready,na,ok,"","",""
S001pure.stri__epg_index_p25,S,epg_index_p25,strict,none,none,0,none,1,0,0,4380,na,na,na,na,na,resumed_to_ready,na,ok,"","",""
S001pure.stri__epg_index_p50,S,epg_index_p50,strict,none,none,0,none,1,0,0,7452,na,na,na,na,na,resumed_to_ready,na,ok,"","",""
S001pure.stri__epg_index_p75,S,epg_index_p75,strict,none,none,0,none,1,0,0,10528,na,na,na,na,na,resumed_to_ready,na,ok,"","",""
S001pure.stri__epg_text,S,epg_text,strict,none,none,0,none,1,0,0,13596,na,na,na,na,na,resumed_to_ready,na,ok,"","",""
S001pure.stri__epg_reserve,S,epg_reserve,strict,none,none,0,none,1,0,0,13596,na,na,na,na,na,resumed_to_ready,na,ok,"","",""
S001pure.stri__timer_armed,S,timer_armed,strict,none,none,0,none,1,0,0,13596,na,na,na,na,na,resumed_to_ready,na,ok,"","",""
S001pure.stri__db_watch,S,db_watch,strict,none,none,0,none,1,1,na,124,na,na,na,na,na,na,na,dump_fail,"","(00.146364) Error (criu/fsnotify.c:284): fsnotify: 	Can't dump that handle",""
S001pure.stri__ready,S,ready,strict,none,none,0,none,1,1,na,124,na,na,na,na,na,na,na,dump_fail,"","(00.181045) Error (criu/fsnotify.c:284): fsnotify: 	Can't dump that handle",""
S001pure.stri__steady,S,steady,strict,none,none,0,none,1,1,na,124,na,na,na,na,na,na,na,dump_fail,"","(00.173215) Error (criu/fsnotify.c:284): fsnotify: 	Can't dump that handle",""
S002pure.ext___init,S,init,ext_unix,none,none,0,none,1,0,0,284,na,na,na,na,na,resumed_to_ready,na,ok,"","",""
S002pure.ext___db_open,S,db_open,ext_unix,none,none,0,none,1,0,0,284,na,na,na,na,na,resumed_to_ready,na,ok,"","",""
S002pure.ext___db_read,S,db_read,ext_unix,none,none,0,none,1,0,0,1304,na,na,na,na,na,resumed_to_ready,na,ok,"","",""
S002pure.ext___db_read_p25,S,db_read_p25,ext_unix,none,none,0,none,1,0,0,1304,na,na,na,na,na,resumed_to_ready,na,ok,"","",""
S002pure.ext___db_read_p50,S,db_read_p50,ext_unix,none,none,0,none,1,0,0,1304,na,na,na,na,na,resumed_to_ready,na,ok,"","",""
S002pure.ext___db_read_p75,S,db_read_p75,ext_unix,none,none,0,none,1,0,0,1304,na,na,na,na,na,resumed_to_ready,na,ok,"","",""
S002pure.ext___db_parse,S,db_parse,ext_unix,none,none,0,none,1,0,0,1304,na,na,na,na,na,resumed_to_ready,na,ok,"","",""
S002pure.ext___db_parse_p25,S,db_parse_p25,ext_unix,none,none,0,none,1,0,0,1304,na,na,na,na,na,resumed_to_ready,na,ok,"","",""
S002pure.ext___db_parse_p50,S,db_parse_p50,ext_unix,none,none,0,none,1,0,0,1300,na,na,na,na,na,resumed_to_ready,na,ok,"","",""
S002pure.ext___db_parse_p75,S,db_parse_p75,ext_unix,none,none,0,none,1,0,0,1304,na,na,na,na,na,resumed_to_ready,na,ok,"","",""
S002pure.ext___epg_index,S,epg_index,ext_unix,none,none,0,none,1,0,0,13596,na,na,na,na,na,resumed_to_ready,na,ok,"","",""
S002pure.ext___epg_index_p25,S,epg_index_p25,ext_unix,none,none,0,none,1,0,0,4380,na,na,na,na,na,resumed_to_ready,na,ok,"","",""
S002pure.ext___epg_index_p50,S,epg_index_p50,ext_unix,none,none,0,none,1,0,0,7452,na,na,na,na,na,resumed_to_ready,na,ok,"","",""
S002pure.ext___epg_index_p75,S,epg_index_p75,ext_unix,none,none,0,none,1,0,0,10524,na,na,na,na,na,resumed_to_ready,na,ok,"","",""
S002pure.ext___epg_text,S,epg_text,ext_unix,none,none,0,none,1,0,0,13596,na,na,na,na,na,resumed_to_ready,na,ok,"","",""
S002pure.ext___epg_reserve,S,epg_reserve,ext_unix,none,none,0,none,1,0,0,13596,na,na,na,na,na,resumed_to_ready,na,ok,"","",""
S002pure.ext___timer_armed,S,timer_armed,ext_unix,none,none,0,none,1,0,0,13596,na,na,na,na,na,resumed_to_ready,na,ok,"","",""
S002pure.ext___db_watch,S,db_watch,ext_unix,none,none,0,none,1,1,na,124,na,na,na,na,na,na,na,dump_fail,"","(00.136277) Error (criu/fsnotify.c:284): fsnotify: 	Can't dump that handle",""
S002pure.ext___ready,S,ready,ext_unix,none,none,0,none,1,1,na,124,na,na,na,na,na,na,na,dump_fail,"","(00.136289) Error (criu/fsnotify.c:284): fsnotify: 	Can't dump that handle",""
S002pure.ext___steady,S,steady,ext_unix,none,none,0,none,1,1,na,124,na,na,na,na,na,na,na,dump_fail,"","(00.094135) Error (criu/fsnotify.c:284): fsnotify: 	Can't dump that handle",""
S003pure.tcp___init,S,init,tcp_est,none,none,0,none,1,0,0,284,na,na,na,na,na,resumed_to_ready,na,ok,"","",""
S003pure.tcp___db_open,S,db_open,tcp_est,none,none,0,none,1,0,0,284,na,na,na,na,na,resumed_to_ready,na,ok,"","",""
S003pure.tcp___db_read,S,db_read,tcp_est,none,none,0,none,1,0,0,1304,na,na,na,na,na,resumed_to_ready,na,ok,"","",""
S003pure.tcp___db_read_p25,S,db_read_p25,tcp_est,none,none,0,none,1,0,0,1304,na,na,na,na,na,resumed_to_ready,na,ok,"","",""
S003pure.tcp___db_read_p50,S,db_read_p50,tcp_est,none,none,0,none,1,0,0,1304,na,na,na,na,na,resumed_to_ready,na,ok,"","",""
S003pure.tcp___db_read_p75,S,db_read_p75,tcp_est,none,none,0,none,1,0,0,1304,na,na,na,na,na,resumed_to_ready,na,ok,"","",""
S003pure.tcp___db_parse,S,db_parse,tcp_est,none,none,0,none,1,0,0,1304,na,na,na,na,na,resumed_to_ready,na,ok,"","",""
S003pure.tcp___db_parse_p25,S,db_parse_p25,tcp_est,none,none,0,none,1,0,0,1304,na,na,na,na,na,resumed_to_ready,na,ok,"","",""
S003pure.tcp___db_parse_p50,S,db_parse_p50,tcp_est,none,none,0,none,1,0,0,1308,na,na,na,na,na,resumed_to_ready,na,ok,"","",""
S003pure.tcp___db_parse_p75,S,db_parse_p75,tcp_est,none,none,0,none,1,0,0,1304,na,na,na,na,na,resumed_to_ready,na,ok,"","",""
S003pure.tcp___epg_index,S,epg_index,tcp_est,none,none,0,none,1,0,0,13596,na,na,na,na,na,resumed_to_ready,na,ok,"","",""
S003pure.tcp___epg_index_p25,S,epg_index_p25,tcp_est,none,none,0,none,1,0,0,4380,na,na,na,na,na,resumed_to_ready,na,ok,"","",""
S003pure.tcp___epg_index_p50,S,epg_index_p50,tcp_est,none,none,0,none,1,0,0,7452,na,na,na,na,na,resumed_to_ready,na,ok,"","",""
S003pure.tcp___epg_index_p75,S,epg_index_p75,tcp_est,none,none,0,none,1,0,0,10524,na,na,na,na,na,resumed_to_ready,na,ok,"","",""
S003pure.tcp___epg_text,S,epg_text,tcp_est,none,none,0,none,1,0,0,13596,na,na,na,na,na,resumed_to_ready,na,ok,"","",""
S003pure.tcp___epg_reserve,S,epg_reserve,tcp_est,none,none,0,none,1,0,0,13596,na,na,na,na,na,resumed_to_ready,na,ok,"","",""
S003pure.tcp___timer_armed,S,timer_armed,tcp_est,none,none,0,none,1,0,0,13596,na,na,na,na,na,resumed_to_ready,na,ok,"","",""
S003pure.tcp___db_watch,S,db_watch,tcp_est,none,none,0,none,1,1,na,124,na,na,na,na,na,na,na,dump_fail,"","(00.133817) Error (criu/fsnotify.c:284): fsnotify: 	Can't dump that handle",""
S003pure.tcp___ready,S,ready,tcp_est,none,none,0,none,1,1,na,124,na,na,na,na,na,na,na,dump_fail,"","(00.112140) Error (criu/fsnotify.c:284): fsnotify: 	Can't dump that handle",""
S003pure.tcp___steady,S,steady,tcp_est,none,none,0,none,1,1,na,124,na,na,na,na,na,na,na,dump_fail,"","(00.144582) Error (criu/fsnotify.c:284): fsnotify: 	Can't dump that handle",""
S004pure.file__init,S,init,filelocks,none,none,0,none,1,0,0,284,na,na,na,na,na,resumed_to_ready,na,ok,"","",""
S004pure.file__db_open,S,db_open,filelocks,none,none,0,none,1,0,0,284,na,na,na,na,na,resumed_to_ready,na,ok,"","",""
S004pure.file__db_read,S,db_read,filelocks,none,none,0,none,1,0,0,1304,na,na,na,na,na,resumed_to_ready,na,ok,"","",""
S004pure.file__db_read_p25,S,db_read_p25,filelocks,none,none,0,none,1,0,0,1304,na,na,na,na,na,resumed_to_ready,na,ok,"","",""
S004pure.file__db_read_p50,S,db_read_p50,filelocks,none,none,0,none,1,0,0,1304,na,na,na,na,na,resumed_to_ready,na,ok,"","",""
S004pure.file__db_read_p75,S,db_read_p75,filelocks,none,none,0,none,1,0,0,1304,na,na,na,na,na,resumed_to_ready,na,ok,"","",""
S004pure.file__db_parse,S,db_parse,filelocks,none,none,0,none,1,0,0,1304,na,na,na,na,na,resumed_to_ready,na,ok,"","",""
S004pure.file__db_parse_p25,S,db_parse_p25,filelocks,none,none,0,none,1,0,0,1304,na,na,na,na,na,resumed_to_ready,na,ok,"","",""
S004pure.file__db_parse_p50,S,db_parse_p50,filelocks,none,none,0,none,1,0,0,1304,na,na,na,na,na,resumed_to_ready,na,ok,"","",""
S004pure.file__db_parse_p75,S,db_parse_p75,filelocks,none,none,0,none,1,0,0,1304,na,na,na,na,na,resumed_to_ready,na,ok,"","",""
S004pure.file__epg_index,S,epg_index,filelocks,none,none,0,none,1,0,0,13596,na,na,na,na,na,resumed_to_ready,na,ok,"","",""
S004pure.file__epg_index_p25,S,epg_index_p25,filelocks,none,none,0,none,1,0,0,4380,na,na,na,na,na,resumed_to_ready,na,ok,"","",""
S004pure.file__epg_index_p50,S,epg_index_p50,filelocks,none,none,0,none,1,0,0,7452,na,na,na,na,na,resumed_to_ready,na,ok,"","",""
S004pure.file__epg_index_p75,S,epg_index_p75,filelocks,none,none,0,none,1,0,0,10528,na,na,na,na,na,resumed_to_ready,na,ok,"","",""
S004pure.file__epg_text,S,epg_text,filelocks,none,none,0,none,1,0,0,13596,na,na,na,na,na,resumed_to_ready,na,ok,"","",""
S004pure.file__epg_reserve,S,epg_reserve,filelocks,none,none,0,none,1,0,0,13596,na,na,na,na,na,resumed_to_ready,na,ok,"","",""
S004pure.file__timer_armed,S,timer_armed,filelocks,none,none,0,none,1,0,0,13592,na,na,na,na,na,resumed_to_ready,na,ok,"","",""
S004pure.file__db_watch,S,db_watch,filelocks,none,none,0,none,1,1,na,124,na,na,na,na,na,na,na,dump_fail,"","(00.156420) Error (criu/fsnotify.c:284): fsnotify: 	Can't dump that handle",""
S004pure.file__ready,S,ready,filelocks,none,none,0,none,1,1,na,124,na,na,na,na,na,na,na,dump_fail,"","(00.111201) Error (criu/fsnotify.c:284): fsnotify: 	Can't dump that handle",""
S004pure.file__steady,S,steady,filelocks,none,none,0,none,1,1,na,124,na,na,na,na,na,na,na,dump_fail,"","(00.145500) Error (criu/fsnotify.c:284): fsnotify: 	Can't dump that handle",""
S005pure.perm__init,S,init,permissive,none,none,0,none,1,0,0,284,na,na,na,na,na,resumed_to_ready,na,ok,"","",""
S005pure.perm__db_open,S,db_open,permissive,none,none,0,none,1,0,0,284,na,na,na,na,na,resumed_to_ready,na,ok,"","",""
S005pure.perm__db_read,S,db_read,permissive,none,none,0,none,1,0,0,1304,na,na,na,na,na,resumed_to_ready,na,ok,"","",""
S005pure.perm__db_read_p25,S,db_read_p25,permissive,none,none,0,none,1,0,0,1304,na,na,na,na,na,resumed_to_ready,na,ok,"","",""
S005pure.perm__db_read_p50,S,db_read_p50,permissive,none,none,0,none,1,0,0,1304,na,na,na,na,na,resumed_to_ready,na,ok,"","",""
S005pure.perm__db_read_p75,S,db_read_p75,permissive,none,none,0,none,1,0,0,1300,na,na,na,na,na,resumed_to_ready,na,ok,"","",""
S005pure.perm__db_parse,S,db_parse,permissive,none,none,0,none,1,0,0,1304,na,na,na,na,na,resumed_to_ready,na,ok,"","",""
S005pure.perm__db_parse_p25,S,db_parse_p25,permissive,none,none,0,none,1,0,0,1304,na,na,na,na,na,resumed_to_ready,na,ok,"","",""
S005pure.perm__db_parse_p50,S,db_parse_p50,permissive,none,none,0,none,1,0,0,1304,na,na,na,na,na,resumed_to_ready,na,ok,"","",""
S005pure.perm__db_parse_p75,S,db_parse_p75,permissive,none,none,0,none,1,0,0,1304,na,na,na,na,na,resumed_to_ready,na,ok,"","",""
S005pure.perm__epg_index,S,epg_index,permissive,none,none,0,none,1,0,0,13596,na,na,na,na,na,resumed_to_ready,na,ok,"","",""
S005pure.perm__epg_index_p25,S,epg_index_p25,permissive,none,none,0,none,1,0,0,4380,na,na,na,na,na,resumed_to_ready,na,ok,"","",""
S005pure.perm__epg_index_p50,S,epg_index_p50,permissive,none,none,0,none,1,0,0,7452,na,na,na,na,na,resumed_to_ready,na,ok,"","",""
S005pure.perm__epg_index_p75,S,epg_index_p75,permissive,none,none,0,none,1,0,0,10524,na,na,na,na,na,resumed_to_ready,na,ok,"","",""
S005pure.perm__epg_text,S,epg_text,permissive,none,none,0,none,1,0,0,13596,na,na,na,na,na,resumed_to_ready,na,ok,"","",""
S005pure.perm__epg_reserve,S,epg_reserve,permissive,none,none,0,none,1,0,0,13596,na,na,na,na,na,resumed_to_ready,na,ok,"","",""
S005pure.perm__timer_armed,S,timer_armed,permissive,none,none,0,none,1,0,0,13596,na,na,na,na,na,resumed_to_ready,na,ok,"","",""
S005pure.perm__db_watch,S,db_watch,permissive,none,none,0,none,1,1,na,124,na,na,na,na,na,na,na,dump_fail,"","(00.145019) Error (criu/fsnotify.c:284): fsnotify: 	Can't dump that handle",""
S005pure.perm__ready,S,ready,permissive,none,none,0,none,1,1,na,124,na,na,na,na,na,na,na,dump_fail,"","(00.188406) Error (criu/fsnotify.c:284): fsnotify: 	Can't dump that handle",""
S005pure.perm__steady,S,steady,permissive,none,none,0,none,1,1,na,124,na,na,na,na,na,na,na,dump_fail,"","(00.147380) Error (criu/fsnotify.c:284): fsnotify: 	Can't dump that handle",""
S006hub1.stri__init,S,init,strict,none,none,0,normal,1,0,0,284,na,na,na,na,na,resumed_to_ready,na,ok,"","",""
S006hub1.stri__db_open,S,db_open,strict,none,none,0,normal,1,0,0,284,na,na,na,na,na,resumed_to_ready,na,ok,"","",""
S006hub1.stri__db_read,S,db_read,strict,none,none,0,normal,1,0,0,1304,na,na,na,na,na,resumed_to_ready,na,ok,"","",""
S006hub1.stri__db_read_p25,S,db_read_p25,strict,none,none,0,normal,1,0,0,1304,na,na,na,na,na,resumed_to_ready,na,ok,"","",""
S006hub1.stri__db_read_p50,S,db_read_p50,strict,none,none,0,normal,1,0,0,1304,na,na,na,na,na,resumed_to_ready,na,ok,"","",""
S006hub1.stri__db_read_p75,S,db_read_p75,strict,none,none,0,normal,1,0,0,1304,na,na,na,na,na,resumed_to_ready,na,ok,"","",""
S006hub1.stri__db_parse,S,db_parse,strict,none,none,0,normal,1,0,0,1304,na,na,na,na,na,resumed_to_ready,na,ok,"","",""
S006hub1.stri__db_parse_p25,S,db_parse_p25,strict,none,none,0,normal,1,0,0,1304,na,na,na,na,na,resumed_to_ready,na,ok,"","",""
S006hub1.stri__db_parse_p50,S,db_parse_p50,strict,none,none,0,normal,1,0,0,1304,na,na,na,na,na,resumed_to_ready,na,ok,"","",""
S006hub1.stri__db_parse_p75,S,db_parse_p75,strict,none,none,0,normal,1,0,0,1304,na,na,na,na,na,resumed_to_ready,na,ok,"","",""
S006hub1.stri__epg_index,S,epg_index,strict,none,none,0,normal,1,0,0,13596,na,na,na,na,na,resumed_to_ready,na,ok,"","",""
S006hub1.stri__epg_index_p25,S,epg_index_p25,strict,none,none,0,normal,1,0,0,4376,na,na,na,na,na,resumed_to_ready,na,ok,"","",""
S006hub1.stri__epg_index_p50,S,epg_index_p50,strict,none,none,0,normal,1,0,0,7452,na,na,na,na,na,resumed_to_ready,na,ok,"","",""
S006hub1.stri__epg_index_p75,S,epg_index_p75,strict,none,none,0,normal,1,0,0,10528,na,na,na,na,na,resumed_to_ready,na,ok,"","",""
S006hub1.stri__epg_text,S,epg_text,strict,none,none,0,normal,1,0,0,13596,na,na,na,na,na,resumed_to_ready,na,ok,"","",""
S006hub1.stri__epg_reserve,S,epg_reserve,strict,none,none,0,normal,1,0,0,13596,na,na,na,na,na,resumed_to_ready,na,ok,"","",""
S006hub1.stri__hub_conn1,S,hub_conn1,strict,none,none,0,normal,1,1,na,13592,na,na,na,na,na,na,na,dump_fail,"","(00.160385) Error (criu/sk-unix.c:874): unix: External socket is used. Consider using --ext-unix-sk option.",""
S006hub1.stri__hub_subscribed,S,hub_subscribed,strict,none,none,0,normal,1,1,na,13592,na,na,na,na,na,na,na,dump_fail,"","(00.133328) Error (criu/sk-unix.c:874): unix: External socket is used. Consider using --ext-unix-sk option.",""
S006hub1.stri__timer_armed,S,timer_armed,strict,none,none,0,normal,1,1,na,13592,na,na,na,na,na,na,na,dump_fail,"","(00.102097) Error (criu/sk-unix.c:874): unix: External socket is used. Consider using --ext-unix-sk option.",""
S006hub1.stri__db_watch,S,db_watch,strict,none,none,0,normal,1,1,na,132,na,na,na,na,na,na,na,dump_fail,"","(00.097707) Error (criu/fsnotify.c:284): fsnotify: 	Can't dump that handle",""
S006hub1.stri__ready,S,ready,strict,none,none,0,normal,1,1,na,132,na,na,na,na,na,na,na,dump_fail,"","(00.123410) Error (criu/fsnotify.c:284): fsnotify: 	Can't dump that handle",""
S006hub1.stri__steady,S,steady,strict,none,none,0,normal,1,1,na,132,na,na,na,na,na,na,na,dump_fail,"","(00.129886) Error (criu/fsnotify.c:284): fsnotify: 	Can't dump that handle",""
S007hub1.ext___init,S,init,ext_unix,none,none,0,normal,1,0,0,284,na,na,na,na,na,resumed_to_ready,na,ok,"","",""
S007hub1.ext___db_open,S,db_open,ext_unix,none,none,0,normal,1,0,0,284,na,na,na,na,na,resumed_to_ready,na,ok,"","",""
S007hub1.ext___db_read,S,db_read,ext_unix,none,none,0,normal,1,0,0,1304,na,na,na,na,na,resumed_to_ready,na,ok,"","",""
S007hub1.ext___db_read_p25,S,db_read_p25,ext_unix,none,none,0,normal,1,0,0,1304,na,na,na,na,na,resumed_to_ready,na,ok,"","",""
S007hub1.ext___db_read_p50,S,db_read_p50,ext_unix,none,none,0,normal,1,0,0,1304,na,na,na,na,na,resumed_to_ready,na,ok,"","",""
S007hub1.ext___db_read_p75,S,db_read_p75,ext_unix,none,none,0,normal,1,0,0,1304,na,na,na,na,na,resumed_to_ready,na,ok,"","",""
S007hub1.ext___db_parse,S,db_parse,ext_unix,none,none,0,normal,1,0,0,1304,na,na,na,na,na,resumed_to_ready,na,ok,"","",""
S007hub1.ext___db_parse_p25,S,db_parse_p25,ext_unix,none,none,0,normal,1,0,0,1304,na,na,na,na,na,resumed_to_ready,na,ok,"","",""
S007hub1.ext___db_parse_p50,S,db_parse_p50,ext_unix,none,none,0,normal,1,0,0,1304,na,na,na,na,na,resumed_to_ready,na,ok,"","",""
S007hub1.ext___db_parse_p75,S,db_parse_p75,ext_unix,none,none,0,normal,1,0,0,1300,na,na,na,na,na,resumed_to_ready,na,ok,"","",""
S007hub1.ext___epg_index,S,epg_index,ext_unix,none,none,0,normal,1,0,0,13596,na,na,na,na,na,resumed_to_ready,na,ok,"","",""
S007hub1.ext___epg_index_p25,S,epg_index_p25,ext_unix,none,none,0,normal,1,0,0,4380,na,na,na,na,na,resumed_to_ready,na,ok,"","",""
S007hub1.ext___epg_index_p50,S,epg_index_p50,ext_unix,none,none,0,normal,1,0,0,7452,na,na,na,na,na,resumed_to_ready,na,ok,"","",""
S007hub1.ext___epg_index_p75,S,epg_index_p75,ext_unix,none,none,0,normal,1,0,0,10524,na,na,na,na,na,resumed_to_ready,na,ok,"","",""
S007hub1.ext___epg_text,S,epg_text,ext_unix,none,none,0,normal,1,0,0,13596,na,na,na,na,na,resumed_to_ready,na,ok,"","",""
S007hub1.ext___epg_reserve,S,epg_reserve,ext_unix,none,none,0,normal,1,0,0,13596,na,na,na,na,na,resumed_to_ready,na,ok,"","",""
S007hub1.ext___hub_conn1,S,hub_conn1,ext_unix,none,none,0,normal,1,1,na,13592,na,na,na,na,na,na,na,dump_fail,"","(00.142633) Error (criu/sk-unix.c:881): unix: Can't dump half of stream unix connection. name: (null); peer name: ",""
S007hub1.ext___hub_subscribed,S,hub_subscribed,ext_unix,none,none,0,normal,1,1,na,13588,na,na,na,na,na,na,na,dump_fail,"","(00.088401) Error (criu/sk-unix.c:881): unix: Can't dump half of stream unix connection. name: (null); peer name: ",""
S007hub1.ext___timer_armed,S,timer_armed,ext_unix,none,none,0,normal,1,1,na,13592,na,na,na,na,na,na,na,dump_fail,"","(00.094618) Error (criu/sk-unix.c:881): unix: Can't dump half of stream unix connection. name: (null); peer name: ",""
S007hub1.ext___db_watch,S,db_watch,ext_unix,none,none,0,normal,1,1,na,132,na,na,na,na,na,na,na,dump_fail,"","(00.142575) Error (criu/fsnotify.c:284): fsnotify: 	Can't dump that handle",""
S007hub1.ext___ready,S,ready,ext_unix,none,none,0,normal,1,1,na,132,na,na,na,na,na,na,na,dump_fail,"","(00.099287) Error (criu/fsnotify.c:284): fsnotify: 	Can't dump that handle",""
S007hub1.ext___steady,S,steady,ext_unix,none,none,0,normal,1,1,na,132,na,na,na,na,na,na,na,dump_fail,"","(00.091362) Error (criu/fsnotify.c:284): fsnotify: 	Can't dump that handle",""
S008hub1.tcp___init,S,init,tcp_est,none,none,0,normal,1,0,0,284,na,na,na,na,na,resumed_to_ready,na,ok,"","",""
S008hub1.tcp___db_open,S,db_open,tcp_est,none,none,0,normal,1,0,0,284,na,na,na,na,na,resumed_to_ready,na,ok,"","",""
S008hub1.tcp___db_read,S,db_read,tcp_est,none,none,0,normal,1,0,0,1304,na,na,na,na,na,resumed_to_ready,na,ok,"","",""
S008hub1.tcp___db_read_p25,S,db_read_p25,tcp_est,none,none,0,normal,1,0,0,1300,na,na,na,na,na,resumed_to_ready,na,ok,"","",""
S008hub1.tcp___db_read_p50,S,db_read_p50,tcp_est,none,none,0,normal,1,0,0,1304,na,na,na,na,na,resumed_to_ready,na,ok,"","",""
S008hub1.tcp___db_read_p75,S,db_read_p75,tcp_est,none,none,0,normal,1,0,0,1304,na,na,na,na,na,resumed_to_ready,na,ok,"","",""
S008hub1.tcp___db_parse,S,db_parse,tcp_est,none,none,0,normal,1,0,0,1304,na,na,na,na,na,resumed_to_ready,na,ok,"","",""
S008hub1.tcp___db_parse_p25,S,db_parse_p25,tcp_est,none,none,0,normal,1,0,0,1304,na,na,na,na,na,resumed_to_ready,na,ok,"","",""
S008hub1.tcp___db_parse_p50,S,db_parse_p50,tcp_est,none,none,0,normal,1,0,0,1300,na,na,na,na,na,resumed_to_ready,na,ok,"","",""
S008hub1.tcp___db_parse_p75,S,db_parse_p75,tcp_est,none,none,0,normal,1,0,0,1304,na,na,na,na,na,resumed_to_ready,na,ok,"","",""
S008hub1.tcp___epg_index,S,epg_index,tcp_est,none,none,0,normal,1,0,0,13596,na,na,na,na,na,resumed_to_ready,na,ok,"","",""
S008hub1.tcp___epg_index_p25,S,epg_index_p25,tcp_est,none,none,0,normal,1,0,0,4376,na,na,na,na,na,resumed_to_ready,na,ok,"","",""
S008hub1.tcp___epg_index_p50,S,epg_index_p50,tcp_est,none,none,0,normal,1,0,0,7452,na,na,na,na,na,resumed_to_ready,na,ok,"","",""
S008hub1.tcp___epg_index_p75,S,epg_index_p75,tcp_est,none,none,0,normal,1,0,0,10528,na,na,na,na,na,resumed_to_ready,na,ok,"","",""
S008hub1.tcp___epg_text,S,epg_text,tcp_est,none,none,0,normal,1,0,0,13596,na,na,na,na,na,resumed_to_ready,na,ok,"","",""
S008hub1.tcp___epg_reserve,S,epg_reserve,tcp_est,none,none,0,normal,1,0,0,13596,na,na,na,na,na,resumed_to_ready,na,ok,"","",""
S008hub1.tcp___hub_conn1,S,hub_conn1,tcp_est,none,none,0,normal,1,1,na,13592,na,na,na,na,na,na,na,dump_fail,"","(00.297803) Error (criu/sk-unix.c:874): unix: External socket is used. Consider using --ext-unix-sk option.",""
S008hub1.tcp___hub_subscribed,S,hub_subscribed,tcp_est,none,none,0,normal,1,1,na,13592,na,na,na,na,na,na,na,dump_fail,"","(00.137579) Error (criu/sk-unix.c:874): unix: External socket is used. Consider using --ext-unix-sk option.",""
S008hub1.tcp___timer_armed,S,timer_armed,tcp_est,none,none,0,normal,1,1,na,13592,na,na,na,na,na,na,na,dump_fail,"","(00.137837) Error (criu/sk-unix.c:874): unix: External socket is used. Consider using --ext-unix-sk option.",""
S008hub1.tcp___db_watch,S,db_watch,tcp_est,none,none,0,normal,1,1,na,132,na,na,na,na,na,na,na,dump_fail,"","(00.182245) Error (criu/fsnotify.c:284): fsnotify: 	Can't dump that handle",""
S008hub1.tcp___ready,S,ready,tcp_est,none,none,0,normal,1,1,na,132,na,na,na,na,na,na,na,dump_fail,"","(00.180049) Error (criu/fsnotify.c:284): fsnotify: 	Can't dump that handle",""
S008hub1.tcp___steady,S,steady,tcp_est,none,none,0,normal,1,1,na,132,na,na,na,na,na,na,na,dump_fail,"","(00.092774) Error (criu/fsnotify.c:284): fsnotify: 	Can't dump that handle",""
S009hub1.file__init,S,init,filelocks,none,none,0,normal,1,0,0,284,na,na,na,na,na,resumed_to_ready,na,ok,"","",""
S009hub1.file__db_open,S,db_open,filelocks,none,none,0,normal,1,0,0,284,na,na,na,na,na,resumed_to_ready,na,ok,"","",""
S009hub1.file__db_read,S,db_read,filelocks,none,none,0,normal,1,0,0,1304,na,na,na,na,na,resumed_to_ready,na,ok,"","",""
S009hub1.file__db_read_p25,S,db_read_p25,filelocks,none,none,0,normal,1,0,0,1300,na,na,na,na,na,resumed_to_ready,na,ok,"","",""
S009hub1.file__db_read_p50,S,db_read_p50,filelocks,none,none,0,normal,1,0,0,1304,na,na,na,na,na,resumed_to_ready,na,ok,"","",""
S009hub1.file__db_read_p75,S,db_read_p75,filelocks,none,none,0,normal,1,0,0,1304,na,na,na,na,na,resumed_to_ready,na,ok,"","",""
S009hub1.file__db_parse,S,db_parse,filelocks,none,none,0,normal,1,0,0,1304,na,na,na,na,na,resumed_to_ready,na,ok,"","",""
S009hub1.file__db_parse_p25,S,db_parse_p25,filelocks,none,none,0,normal,1,0,0,1304,na,na,na,na,na,resumed_to_ready,na,ok,"","",""
S009hub1.file__db_parse_p50,S,db_parse_p50,filelocks,none,none,0,normal,1,0,0,1304,na,na,na,na,na,resumed_to_ready,na,ok,"","",""
S009hub1.file__db_parse_p75,S,db_parse_p75,filelocks,none,none,0,normal,1,0,0,1304,na,na,na,na,na,resumed_to_ready,na,ok,"","",""
S009hub1.file__epg_index,S,epg_index,filelocks,none,none,0,normal,1,0,0,13596,na,na,na,na,na,resumed_to_ready,na,ok,"","",""
S009hub1.file__epg_index_p25,S,epg_index_p25,filelocks,none,none,0,normal,1,0,0,4380,na,na,na,na,na,resumed_to_ready,na,ok,"","",""
S009hub1.file__epg_index_p50,S,epg_index_p50,filelocks,none,none,0,normal,1,0,0,7452,na,na,na,na,na,resumed_to_ready,na,ok,"","",""
S009hub1.file__epg_index_p75,S,epg_index_p75,filelocks,none,none,0,normal,1,0,0,10528,na,na,na,na,na,resumed_to_ready,na,ok,"","",""
S009hub1.file__epg_text,S,epg_text,filelocks,none,none,0,normal,1,0,0,13596,na,na,na,na,na,resumed_to_ready,na,ok,"","",""
S009hub1.file__epg_reserve,S,epg_reserve,filelocks,none,none,0,normal,1,0,0,13592,na,na,na,na,na,resumed_to_ready,na,ok,"","",""
S009hub1.file__hub_conn1,S,hub_conn1,filelocks,none,none,0,normal,1,1,na,13592,na,na,na,na,na,na,na,dump_fail,"","(00.114029) Error (criu/sk-unix.c:874): unix: External socket is used. Consider using --ext-unix-sk option.",""
S009hub1.file__hub_subscribed,S,hub_subscribed,filelocks,none,none,0,normal,1,1,na,13592,na,na,na,na,na,na,na,dump_fail,"","(00.157642) Error (criu/sk-unix.c:874): unix: External socket is used. Consider using --ext-unix-sk option.",""
S009hub1.file__timer_armed,S,timer_armed,filelocks,none,none,0,normal,1,1,na,13588,na,na,na,na,na,na,na,dump_fail,"","(00.167092) Error (criu/sk-unix.c:874): unix: External socket is used. Consider using --ext-unix-sk option.",""
S009hub1.file__db_watch,S,db_watch,filelocks,none,none,0,normal,1,1,na,132,na,na,na,na,na,na,na,dump_fail,"","(00.107881) Error (criu/fsnotify.c:284): fsnotify: 	Can't dump that handle",""
S009hub1.file__ready,S,ready,filelocks,none,none,0,normal,1,1,na,132,na,na,na,na,na,na,na,dump_fail,"","(00.103332) Error (criu/fsnotify.c:284): fsnotify: 	Can't dump that handle",""
S009hub1.file__steady,S,steady,filelocks,none,none,0,normal,1,1,na,132,na,na,na,na,na,na,na,dump_fail,"","(00.118244) Error (criu/fsnotify.c:284): fsnotify: 	Can't dump that handle",""
S010hub1.perm__init,S,init,permissive,none,none,0,normal,1,0,0,284,na,na,na,na,na,resumed_to_ready,na,ok,"","",""
S010hub1.perm__db_open,S,db_open,permissive,none,none,0,normal,1,0,0,284,na,na,na,na,na,resumed_to_ready,na,ok,"","",""
S010hub1.perm__db_read,S,db_read,permissive,none,none,0,normal,1,0,0,1300,na,na,na,na,na,resumed_to_ready,na,ok,"","",""
S010hub1.perm__db_read_p25,S,db_read_p25,permissive,none,none,0,normal,1,0,0,1304,na,na,na,na,na,resumed_to_ready,na,ok,"","",""
S010hub1.perm__db_read_p50,S,db_read_p50,permissive,none,none,0,normal,1,0,0,1304,na,na,na,na,na,resumed_to_ready,na,ok,"","",""
S010hub1.perm__db_read_p75,S,db_read_p75,permissive,none,none,0,normal,1,0,0,1304,na,na,na,na,na,resumed_to_ready,na,ok,"","",""
S010hub1.perm__db_parse,S,db_parse,permissive,none,none,0,normal,1,0,0,1304,na,na,na,na,na,resumed_to_ready,na,ok,"","",""
S010hub1.perm__db_parse_p25,S,db_parse_p25,permissive,none,none,0,normal,1,0,0,1304,na,na,na,na,na,resumed_to_ready,na,ok,"","",""
S010hub1.perm__db_parse_p50,S,db_parse_p50,permissive,none,none,0,normal,1,0,0,1300,na,na,na,na,na,resumed_to_ready,na,ok,"","",""
S010hub1.perm__db_parse_p75,S,db_parse_p75,permissive,none,none,0,normal,1,0,0,1304,na,na,na,na,na,resumed_to_ready,na,ok,"","",""
S010hub1.perm__epg_index,S,epg_index,permissive,none,none,0,normal,1,0,0,13596,na,na,na,na,na,resumed_to_ready,na,ok,"","",""
S010hub1.perm__epg_index_p25,S,epg_index_p25,permissive,none,none,0,normal,1,0,0,4380,na,na,na,na,na,resumed_to_ready,na,ok,"","",""
S010hub1.perm__epg_index_p50,S,epg_index_p50,permissive,none,none,0,normal,1,0,0,7452,na,na,na,na,na,resumed_to_ready,na,ok,"","",""
S010hub1.perm__epg_index_p75,S,epg_index_p75,permissive,none,none,0,normal,1,0,0,10528,na,na,na,na,na,resumed_to_ready,na,ok,"","",""
S010hub1.perm__epg_text,S,epg_text,permissive,none,none,0,normal,1,0,0,13596,na,na,na,na,na,resumed_to_ready,na,ok,"","",""
S010hub1.perm__epg_reserve,S,epg_reserve,permissive,none,none,0,normal,1,0,0,13596,na,na,na,na,na,resumed_to_ready,na,ok,"","",""
S010hub1.perm__hub_conn1,S,hub_conn1,permissive,none,none,0,normal,1,1,na,13592,na,na,na,na,na,na,na,dump_fail,"","(00.157074) Error (criu/sk-unix.c:881): unix: Can't dump half of stream unix connection. name: (null); peer name: ",""
S010hub1.perm__hub_subscribed,S,hub_subscribed,permissive,none,none,0,normal,1,1,na,13592,na,na,na,na,na,na,na,dump_fail,"","(00.149934) Error (criu/sk-unix.c:881): unix: Can't dump half of stream unix connection. name: (null); peer name: ",""
S010hub1.perm__timer_armed,S,timer_armed,permissive,none,none,0,normal,1,1,na,13592,na,na,na,na,na,na,na,dump_fail,"","(00.105979) Error (criu/sk-unix.c:881): unix: Can't dump half of stream unix connection. name: (null); peer name: ",""
S010hub1.perm__db_watch,S,db_watch,permissive,none,none,0,normal,1,1,na,132,na,na,na,na,na,na,na,dump_fail,"","(00.168512) Error (criu/fsnotify.c:284): fsnotify: 	Can't dump that handle",""
S010hub1.perm__ready,S,ready,permissive,none,none,0,normal,1,1,na,132,na,na,na,na,na,na,na,dump_fail,"","(00.162137) Error (criu/fsnotify.c:284): fsnotify: 	Can't dump that handle",""
S010hub1.perm__steady,S,steady,permissive,none,none,0,normal,1,1,na,132,na,na,na,na,na,na,na,dump_fail,"","(00.102490) Error (criu/fsnotify.c:284): fsnotify: 	Can't dump that handle",""
S011hub2.stri__init,S,init,strict,none,none,0,normal,1,0,0,280,na,na,na,na,na,resumed_to_ready,na,ok,"","",""
S011hub2.stri__db_open,S,db_open,strict,none,none,0,normal,1,0,0,284,na,na,na,na,na,resumed_to_ready,na,ok,"","",""
S011hub2.stri__db_read,S,db_read,strict,none,none,0,normal,1,0,0,1304,na,na,na,na,na,resumed_to_ready,na,ok,"","",""
S011hub2.stri__db_read_p25,S,db_read_p25,strict,none,none,0,normal,1,0,0,1304,na,na,na,na,na,resumed_to_ready,na,ok,"","",""
S011hub2.stri__db_read_p50,S,db_read_p50,strict,none,none,0,normal,1,0,0,1304,na,na,na,na,na,resumed_to_ready,na,ok,"","",""
S011hub2.stri__db_read_p75,S,db_read_p75,strict,none,none,0,normal,1,0,0,1304,na,na,na,na,na,resumed_to_ready,na,ok,"","",""
S011hub2.stri__db_parse,S,db_parse,strict,none,none,0,normal,1,0,0,1304,na,na,na,na,na,resumed_to_ready,na,ok,"","",""
S011hub2.stri__db_parse_p25,S,db_parse_p25,strict,none,none,0,normal,1,0,0,1304,na,na,na,na,na,resumed_to_ready,na,ok,"","",""
S011hub2.stri__db_parse_p50,S,db_parse_p50,strict,none,none,0,normal,1,0,0,1304,na,na,na,na,na,resumed_to_ready,na,ok,"","",""
S011hub2.stri__db_parse_p75,S,db_parse_p75,strict,none,none,0,normal,1,0,0,1304,na,na,na,na,na,resumed_to_ready,na,ok,"","",""
S011hub2.stri__epg_index,S,epg_index,strict,none,none,0,normal,1,0,0,13596,na,na,na,na,na,resumed_to_ready,na,ok,"","",""
S011hub2.stri__epg_index_p25,S,epg_index_p25,strict,none,none,0,normal,1,0,0,4380,na,na,na,na,na,resumed_to_ready,na,ok,"","",""
S011hub2.stri__epg_index_p50,S,epg_index_p50,strict,none,none,0,normal,1,0,0,7452,na,na,na,na,na,resumed_to_ready,na,ok,"","",""
S011hub2.stri__epg_index_p75,S,epg_index_p75,strict,none,none,0,normal,1,0,0,10528,na,na,na,na,na,resumed_to_ready,na,ok,"","",""
S011hub2.stri__epg_text,S,epg_text,strict,none,none,0,normal,1,0,0,13596,na,na,na,na,na,resumed_to_ready,na,ok,"","",""
S011hub2.stri__epg_reserve,S,epg_reserve,strict,none,none,0,normal,1,0,0,13596,na,na,na,na,na,resumed_to_ready,na,ok,"","",""
S011hub2.stri__hub_conn1,S,hub_conn1,strict,none,none,0,normal,1,1,na,13592,na,na,na,na,na,na,na,dump_fail,"","(00.162004) Error (criu/sk-unix.c:874): unix: External socket is used. Consider using --ext-unix-sk option.",""
S011hub2.stri__hub_conn2,S,hub_conn2,strict,none,none,0,normal,1,1,na,13588,na,na,na,na,na,na,na,dump_fail,"","(00.095404) Error (criu/sk-unix.c:874): unix: External socket is used. Consider using --ext-unix-sk option.",""
S011hub2.stri__hub_subscribed,S,hub_subscribed,strict,none,none,0,normal,1,1,na,13592,na,na,na,na,na,na,na,dump_fail,"","(00.090368) Error (criu/sk-unix.c:874): unix: External socket is used. Consider using --ext-unix-sk option.",""
S011hub2.stri__timer_armed,S,timer_armed,strict,none,none,0,normal,1,1,na,13592,na,na,na,na,na,na,na,dump_fail,"","(00.091115) Error (criu/sk-unix.c:874): unix: External socket is used. Consider using --ext-unix-sk option.",""
S011hub2.stri__db_watch,S,db_watch,strict,none,none,0,normal,1,1,na,132,na,na,na,na,na,na,na,dump_fail,"","(00.140230) Error (criu/fsnotify.c:284): fsnotify: 	Can't dump that handle",""
S011hub2.stri__ready,S,ready,strict,none,none,0,normal,1,1,na,132,na,na,na,na,na,na,na,dump_fail,"","(00.163790) Error (criu/fsnotify.c:284): fsnotify: 	Can't dump that handle",""
S011hub2.stri__steady,S,steady,strict,none,none,0,normal,1,1,na,132,na,na,na,na,na,na,na,dump_fail,"","(00.178461) Error (criu/fsnotify.c:284): fsnotify: 	Can't dump that handle",""
S012hub2.ext___init,S,init,ext_unix,none,none,0,normal,1,0,0,284,na,na,na,na,na,resumed_to_ready,na,ok,"","",""
S012hub2.ext___db_open,S,db_open,ext_unix,none,none,0,normal,1,0,0,284,na,na,na,na,na,resumed_to_ready,na,ok,"","",""
S012hub2.ext___db_read,S,db_read,ext_unix,none,none,0,normal,1,0,0,1304,na,na,na,na,na,resumed_to_ready,na,ok,"","",""
S012hub2.ext___db_read_p25,S,db_read_p25,ext_unix,none,none,0,normal,1,0,0,1304,na,na,na,na,na,resumed_to_ready,na,ok,"","",""
S012hub2.ext___db_read_p50,S,db_read_p50,ext_unix,none,none,0,normal,1,0,0,1304,na,na,na,na,na,resumed_to_ready,na,ok,"","",""
S012hub2.ext___db_read_p75,S,db_read_p75,ext_unix,none,none,0,normal,1,0,0,1304,na,na,na,na,na,resumed_to_ready,na,ok,"","",""
S012hub2.ext___db_parse,S,db_parse,ext_unix,none,none,0,normal,1,0,0,1304,na,na,na,na,na,resumed_to_ready,na,ok,"","",""
S012hub2.ext___db_parse_p25,S,db_parse_p25,ext_unix,none,none,0,normal,1,0,0,1304,na,na,na,na,na,resumed_to_ready,na,ok,"","",""
S012hub2.ext___db_parse_p50,S,db_parse_p50,ext_unix,none,none,0,normal,1,0,0,1304,na,na,na,na,na,resumed_to_ready,na,ok,"","",""
S012hub2.ext___db_parse_p75,S,db_parse_p75,ext_unix,none,none,0,normal,1,0,0,1304,na,na,na,na,na,resumed_to_ready,na,ok,"","",""
S012hub2.ext___epg_index,S,epg_index,ext_unix,none,none,0,normal,1,0,0,13596,na,na,na,na,na,resumed_to_ready,na,ok,"","",""
S012hub2.ext___epg_index_p25,S,epg_index_p25,ext_unix,none,none,0,normal,1,0,0,4380,na,na,na,na,na,resumed_to_ready,na,ok,"","",""
S012hub2.ext___epg_index_p50,S,epg_index_p50,ext_unix,none,none,0,normal,1,0,0,7452,na,na,na,na,na,resumed_to_ready,na,ok,"","",""
S012hub2.ext___epg_index_p75,S,epg_index_p75,ext_unix,none,none,0,normal,1,0,0,10524,na,na,na,na,na,resumed_to_ready,na,ok,"","",""
S012hub2.ext___epg_text,S,epg_text,ext_unix,none,none,0,normal,1,0,0,13596,na,na,na,na,na,resumed_to_ready,na,ok,"","",""
S012hub2.ext___epg_reserve,S,epg_reserve,ext_unix,none,none,0,normal,1,0,0,13596,na,na,na,na,na,resumed_to_ready,na,ok,"","",""
S012hub2.ext___hub_conn1,S,hub_conn1,ext_unix,none,none,0,normal,1,1,na,13592,na,na,na,na,na,na,na,dump_fail,"","(00.131367) Error (criu/sk-unix.c:881): unix: Can't dump half of stream unix connection. name: (null); peer name: ",""
S012hub2.ext___hub_conn2,S,hub_conn2,ext_unix,none,none,0,normal,1,1,na,13592,na,na,na,na,na,na,na,dump_fail,"","(00.151511) Error (criu/sk-unix.c:881): unix: Can't dump half of stream unix connection. name: (null); peer name: ",""
S012hub2.ext___hub_subscribed,S,hub_subscribed,ext_unix,none,none,0,normal,1,1,na,13592,na,na,na,na,na,na,na,dump_fail,"","(00.165102) Error (criu/sk-unix.c:881): unix: Can't dump half of stream unix connection. name: (null); peer name: ",""
S012hub2.ext___timer_armed,S,timer_armed,ext_unix,none,none,0,normal,1,1,na,13592,na,na,na,na,na,na,na,dump_fail,"","(00.098469) Error (criu/sk-unix.c:881): unix: Can't dump half of stream unix connection. name: (null); peer name: ",""
S012hub2.ext___db_watch,S,db_watch,ext_unix,none,none,0,normal,1,1,na,132,na,na,na,na,na,na,na,dump_fail,"","(00.114141) Error (criu/fsnotify.c:284): fsnotify: 	Can't dump that handle",""
S012hub2.ext___ready,S,ready,ext_unix,none,none,0,normal,1,1,na,132,na,na,na,na,na,na,na,dump_fail,"","(00.164744) Error (criu/fsnotify.c:284): fsnotify: 	Can't dump that handle",""
S012hub2.ext___steady,S,steady,ext_unix,none,none,0,normal,1,1,na,132,na,na,na,na,na,na,na,dump_fail,"","(00.086625) Error (criu/fsnotify.c:284): fsnotify: 	Can't dump that handle",""
S013hub2.tcp___init,S,init,tcp_est,none,none,0,normal,1,0,0,284,na,na,na,na,na,resumed_to_ready,na,ok,"","",""
S013hub2.tcp___db_open,S,db_open,tcp_est,none,none,0,normal,1,0,0,284,na,na,na,na,na,resumed_to_ready,na,ok,"","",""
S013hub2.tcp___db_read,S,db_read,tcp_est,none,none,0,normal,1,0,0,1300,na,na,na,na,na,resumed_to_ready,na,ok,"","",""
S013hub2.tcp___db_read_p25,S,db_read_p25,tcp_est,none,none,0,normal,1,0,0,1304,na,na,na,na,na,resumed_to_ready,na,ok,"","",""
S013hub2.tcp___db_read_p50,S,db_read_p50,tcp_est,none,none,0,normal,1,0,0,1304,na,na,na,na,na,resumed_to_ready,na,ok,"","",""
S013hub2.tcp___db_read_p75,S,db_read_p75,tcp_est,none,none,0,normal,1,0,0,1304,na,na,na,na,na,resumed_to_ready,na,ok,"","",""
S013hub2.tcp___db_parse,S,db_parse,tcp_est,none,none,0,normal,1,0,0,1304,na,na,na,na,na,resumed_to_ready,na,ok,"","",""
S013hub2.tcp___db_parse_p25,S,db_parse_p25,tcp_est,none,none,0,normal,1,0,0,1304,na,na,na,na,na,resumed_to_ready,na,ok,"","",""
S013hub2.tcp___db_parse_p50,S,db_parse_p50,tcp_est,none,none,0,normal,1,0,0,1304,na,na,na,na,na,resumed_to_ready,na,ok,"","",""
S013hub2.tcp___db_parse_p75,S,db_parse_p75,tcp_est,none,none,0,normal,1,0,0,1304,na,na,na,na,na,resumed_to_ready,na,ok,"","",""
S013hub2.tcp___epg_index,S,epg_index,tcp_est,none,none,0,normal,1,0,0,13592,na,na,na,na,na,resumed_to_ready,na,ok,"","",""
S013hub2.tcp___epg_index_p25,S,epg_index_p25,tcp_est,none,none,0,normal,1,0,0,4380,na,na,na,na,na,resumed_to_ready,na,ok,"","",""
S013hub2.tcp___epg_index_p50,S,epg_index_p50,tcp_est,none,none,0,normal,1,0,0,7452,na,na,na,na,na,resumed_to_ready,na,ok,"","",""
S013hub2.tcp___epg_index_p75,S,epg_index_p75,tcp_est,none,none,0,normal,1,0,0,10528,na,na,na,na,na,resumed_to_ready,na,ok,"","",""
S013hub2.tcp___epg_text,S,epg_text,tcp_est,none,none,0,normal,1,0,0,13592,na,na,na,na,na,resumed_to_ready,na,ok,"","",""
S013hub2.tcp___epg_reserve,S,epg_reserve,tcp_est,none,none,0,normal,1,0,0,13596,na,na,na,na,na,resumed_to_ready,na,ok,"","",""
S013hub2.tcp___hub_conn1,S,hub_conn1,tcp_est,none,none,0,normal,1,1,na,13592,na,na,na,na,na,na,na,dump_fail,"","(00.101856) Error (criu/sk-unix.c:874): unix: External socket is used. Consider using --ext-unix-sk option.",""
S013hub2.tcp___hub_conn2,S,hub_conn2,tcp_est,none,none,0,normal,1,1,na,13592,na,na,na,na,na,na,na,dump_fail,"","(00.150859) Error (criu/sk-unix.c:874): unix: External socket is used. Consider using --ext-unix-sk option.",""
S013hub2.tcp___hub_subscribed,S,hub_subscribed,tcp_est,none,none,0,normal,1,1,na,13592,na,na,na,na,na,na,na,dump_fail,"","(00.104893) Error (criu/sk-unix.c:874): unix: External socket is used. Consider using --ext-unix-sk option.",""
S013hub2.tcp___timer_armed,S,timer_armed,tcp_est,none,none,0,normal,1,1,na,13592,na,na,na,na,na,na,na,dump_fail,"","(00.177463) Error (criu/sk-unix.c:874): unix: External socket is used. Consider using --ext-unix-sk option.",""
S013hub2.tcp___db_watch,S,db_watch,tcp_est,none,none,0,normal,1,1,na,132,na,na,na,na,na,na,na,dump_fail,"","(00.174967) Error (criu/fsnotify.c:284): fsnotify: 	Can't dump that handle",""
S013hub2.tcp___ready,S,ready,tcp_est,none,none,0,normal,1,1,na,132,na,na,na,na,na,na,na,dump_fail,"","(00.119644) Error (criu/fsnotify.c:284): fsnotify: 	Can't dump that handle",""
S013hub2.tcp___steady,S,steady,tcp_est,none,none,0,normal,1,1,na,132,na,na,na,na,na,na,na,dump_fail,"","(00.184921) Error (criu/fsnotify.c:284): fsnotify: 	Can't dump that handle",""
S014hub2.file__init,S,init,filelocks,none,none,0,normal,1,0,0,284,na,na,na,na,na,resumed_to_ready,na,ok,"","",""
S014hub2.file__db_open,S,db_open,filelocks,none,none,0,normal,1,0,0,284,na,na,na,na,na,resumed_to_ready,na,ok,"","",""
S014hub2.file__db_read,S,db_read,filelocks,none,none,0,normal,1,0,0,1304,na,na,na,na,na,resumed_to_ready,na,ok,"","",""
S014hub2.file__db_read_p25,S,db_read_p25,filelocks,none,none,0,normal,1,0,0,1304,na,na,na,na,na,resumed_to_ready,na,ok,"","",""
S014hub2.file__db_read_p50,S,db_read_p50,filelocks,none,none,0,normal,1,0,0,1304,na,na,na,na,na,resumed_to_ready,na,ok,"","",""
S014hub2.file__db_read_p75,S,db_read_p75,filelocks,none,none,0,normal,1,0,0,1304,na,na,na,na,na,resumed_to_ready,na,ok,"","",""
S014hub2.file__db_parse,S,db_parse,filelocks,none,none,0,normal,1,0,0,1304,na,na,na,na,na,resumed_to_ready,na,ok,"","",""
S014hub2.file__db_parse_p25,S,db_parse_p25,filelocks,none,none,0,normal,1,0,0,1304,na,na,na,na,na,resumed_to_ready,na,ok,"","",""
S014hub2.file__db_parse_p50,S,db_parse_p50,filelocks,none,none,0,normal,1,0,0,1304,na,na,na,na,na,resumed_to_ready,na,ok,"","",""
S014hub2.file__db_parse_p75,S,db_parse_p75,filelocks,none,none,0,normal,1,0,0,1304,na,na,na,na,na,resumed_to_ready,na,ok,"","",""
S014hub2.file__epg_index,S,epg_index,filelocks,none,none,0,normal,1,0,0,13596,na,na,na,na,na,resumed_to_ready,na,ok,"","",""
S014hub2.file__epg_index_p25,S,epg_index_p25,filelocks,none,none,0,normal,1,0,0,4380,na,na,na,na,na,resumed_to_ready,na,ok,"","",""
S014hub2.file__epg_index_p50,S,epg_index_p50,filelocks,none,none,0,normal,1,0,0,7448,na,na,na,na,na,resumed_to_ready,na,ok,"","",""
S014hub2.file__epg_index_p75,S,epg_index_p75,filelocks,none,none,0,normal,1,0,0,10524,na,na,na,na,na,resumed_to_ready,na,ok,"","",""
S014hub2.file__epg_text,S,epg_text,filelocks,none,none,0,normal,1,0,0,13596,na,na,na,na,na,resumed_to_ready,na,ok,"","",""
S014hub2.file__epg_reserve,S,epg_reserve,filelocks,none,none,0,normal,1,0,0,13596,na,na,na,na,na,resumed_to_ready,na,ok,"","",""
S014hub2.file__hub_conn1,S,hub_conn1,filelocks,none,none,0,normal,1,1,na,13592,na,na,na,na,na,na,na,dump_fail,"","(00.108952) Error (criu/sk-unix.c:874): unix: External socket is used. Consider using --ext-unix-sk option.",""
S014hub2.file__hub_conn2,S,hub_conn2,filelocks,none,none,0,normal,1,1,na,13588,na,na,na,na,na,na,na,dump_fail,"","(00.157361) Error (criu/sk-unix.c:874): unix: External socket is used. Consider using --ext-unix-sk option.",""
S014hub2.file__hub_subscribed,S,hub_subscribed,filelocks,none,none,0,normal,1,1,na,13592,na,na,na,na,na,na,na,dump_fail,"","(00.227740) Error (criu/sk-unix.c:874): unix: External socket is used. Consider using --ext-unix-sk option.",""
S014hub2.file__timer_armed,S,timer_armed,filelocks,none,none,0,normal,1,1,na,13592,na,na,na,na,na,na,na,dump_fail,"","(00.142616) Error (criu/sk-unix.c:874): unix: External socket is used. Consider using --ext-unix-sk option.",""
S014hub2.file__db_watch,S,db_watch,filelocks,none,none,0,normal,1,1,na,132,na,na,na,na,na,na,na,dump_fail,"","(00.097304) Error (criu/fsnotify.c:284): fsnotify: 	Can't dump that handle",""
S014hub2.file__ready,S,ready,filelocks,none,none,0,normal,1,1,na,132,na,na,na,na,na,na,na,dump_fail,"","(00.098512) Error (criu/fsnotify.c:284): fsnotify: 	Can't dump that handle",""
S014hub2.file__steady,S,steady,filelocks,none,none,0,normal,1,1,na,132,na,na,na,na,na,na,na,dump_fail,"","(00.151808) Error (criu/fsnotify.c:284): fsnotify: 	Can't dump that handle",""
S015hub2.perm__init,S,init,permissive,none,none,0,normal,1,0,0,284,na,na,na,na,na,resumed_to_ready,na,ok,"","",""
S015hub2.perm__db_open,S,db_open,permissive,none,none,0,normal,1,0,0,284,na,na,na,na,na,resumed_to_ready,na,ok,"","",""
S015hub2.perm__db_read,S,db_read,permissive,none,none,0,normal,1,0,0,1304,na,na,na,na,na,resumed_to_ready,na,ok,"","",""
S015hub2.perm__db_read_p25,S,db_read_p25,permissive,none,none,0,normal,1,0,0,1304,na,na,na,na,na,resumed_to_ready,na,ok,"","",""
S015hub2.perm__db_read_p50,S,db_read_p50,permissive,none,none,0,normal,1,0,0,1304,na,na,na,na,na,resumed_to_ready,na,ok,"","",""
S015hub2.perm__db_read_p75,S,db_read_p75,permissive,none,none,0,normal,1,0,0,1304,na,na,na,na,na,resumed_to_ready,na,ok,"","",""
S015hub2.perm__db_parse,S,db_parse,permissive,none,none,0,normal,1,0,0,1304,na,na,na,na,na,resumed_to_ready,na,ok,"","",""
S015hub2.perm__db_parse_p25,S,db_parse_p25,permissive,none,none,0,normal,1,0,0,1304,na,na,na,na,na,resumed_to_ready,na,ok,"","",""
S015hub2.perm__db_parse_p50,S,db_parse_p50,permissive,none,none,0,normal,1,0,0,1304,na,na,na,na,na,resumed_to_ready,na,ok,"","",""
S015hub2.perm__db_parse_p75,S,db_parse_p75,permissive,none,none,0,normal,1,0,0,1304,na,na,na,na,na,resumed_to_ready,na,ok,"","",""
S015hub2.perm__epg_index,S,epg_index,permissive,none,none,0,normal,1,0,0,13596,na,na,na,na,na,resumed_to_ready,na,ok,"","",""
S015hub2.perm__epg_index_p25,S,epg_index_p25,permissive,none,none,0,normal,1,0,0,4380,na,na,na,na,na,resumed_to_ready,na,ok,"","",""
S015hub2.perm__epg_index_p50,S,epg_index_p50,permissive,none,none,0,normal,1,0,0,7452,na,na,na,na,na,resumed_to_ready,na,ok,"","",""
S015hub2.perm__epg_index_p75,S,epg_index_p75,permissive,none,none,0,normal,1,0,0,10528,na,na,na,na,na,resumed_to_ready,na,ok,"","",""
S015hub2.perm__epg_text,S,epg_text,permissive,none,none,0,normal,1,0,0,13596,na,na,na,na,na,resumed_to_ready,na,ok,"","",""
S015hub2.perm__epg_reserve,S,epg_reserve,permissive,none,none,0,normal,1,0,0,13596,na,na,na,na,na,resumed_to_ready,na,ok,"","",""
S015hub2.perm__hub_conn1,S,hub_conn1,permissive,none,none,0,normal,1,1,na,13592,na,na,na,na,na,na,na,dump_fail,"","(00.102375) Error (criu/sk-unix.c:881): unix: Can't dump half of stream unix connection. name: (null); peer name: ",""
S015hub2.perm__hub_conn2,S,hub_conn2,permissive,none,none,0,normal,1,1,na,13592,na,na,na,na,na,na,na,dump_fail,"","(00.078392) Error (criu/sk-unix.c:881): unix: Can't dump half of stream unix connection. name: (null); peer name: ",""
S015hub2.perm__hub_subscribed,S,hub_subscribed,permissive,none,none,0,normal,1,1,na,13592,na,na,na,na,na,na,na,dump_fail,"","(00.142320) Error (criu/sk-unix.c:881): unix: Can't dump half of stream unix connection. name: (null); peer name: ",""
S015hub2.perm__timer_armed,S,timer_armed,permissive,none,none,0,normal,1,1,na,13588,na,na,na,na,na,na,na,dump_fail,"","(00.161121) Error (criu/sk-unix.c:881): unix: Can't dump half of stream unix connection. name: (null); peer name: ",""
S015hub2.perm__db_watch,S,db_watch,permissive,none,none,0,normal,1,1,na,132,na,na,na,na,na,na,na,dump_fail,"","(00.083980) Error (criu/fsnotify.c:284): fsnotify: 	Can't dump that handle",""
S015hub2.perm__ready,S,ready,permissive,none,none,0,normal,1,1,na,132,na,na,na,na,na,na,na,dump_fail,"","(00.185165) Error (criu/fsnotify.c:284): fsnotify: 	Can't dump that handle",""
S015hub2.perm__steady,S,steady,permissive,none,none,0,normal,1,1,na,132,na,na,na,na,na,na,na,dump_fail,"","(00.105911) Error (criu/fsnotify.c:284): fsnotify: 	Can't dump that handle",""
S016hub4.stri__init,S,init,strict,none,none,0,normal,1,0,0,284,na,na,na,na,na,resumed_to_ready,na,ok,"","",""
S016hub4.stri__db_open,S,db_open,strict,none,none,0,normal,1,0,0,284,na,na,na,na,na,resumed_to_ready,na,ok,"","",""
S016hub4.stri__db_read,S,db_read,strict,none,none,0,normal,1,0,0,1304,na,na,na,na,na,resumed_to_ready,na,ok,"","",""
S016hub4.stri__db_read_p25,S,db_read_p25,strict,none,none,0,normal,1,0,0,1304,na,na,na,na,na,resumed_to_ready,na,ok,"","",""
S016hub4.stri__db_read_p50,S,db_read_p50,strict,none,none,0,normal,1,0,0,1304,na,na,na,na,na,resumed_to_ready,na,ok,"","",""
S016hub4.stri__db_read_p75,S,db_read_p75,strict,none,none,0,normal,1,0,0,1304,na,na,na,na,na,resumed_to_ready,na,ok,"","",""
S016hub4.stri__db_parse,S,db_parse,strict,none,none,0,normal,1,0,0,1304,na,na,na,na,na,resumed_to_ready,na,ok,"","",""
S016hub4.stri__db_parse_p25,S,db_parse_p25,strict,none,none,0,normal,1,0,0,1304,na,na,na,na,na,resumed_to_ready,na,ok,"","",""
S016hub4.stri__db_parse_p50,S,db_parse_p50,strict,none,none,0,normal,1,0,0,1304,na,na,na,na,na,resumed_to_ready,na,ok,"","",""
S016hub4.stri__db_parse_p75,S,db_parse_p75,strict,none,none,0,normal,1,0,0,1304,na,na,na,na,na,resumed_to_ready,na,ok,"","",""
S016hub4.stri__epg_index,S,epg_index,strict,none,none,0,normal,1,0,0,13596,na,na,na,na,na,resumed_to_ready,na,ok,"","",""
S016hub4.stri__epg_index_p25,S,epg_index_p25,strict,none,none,0,normal,1,0,0,4380,na,na,na,na,na,resumed_to_ready,na,ok,"","",""
S016hub4.stri__epg_index_p50,S,epg_index_p50,strict,none,none,0,normal,1,0,0,7448,na,na,na,na,na,resumed_to_ready,na,ok,"","",""
S016hub4.stri__epg_index_p75,S,epg_index_p75,strict,none,none,0,normal,1,0,0,10528,na,na,na,na,na,resumed_to_ready,na,ok,"","",""
S016hub4.stri__epg_text,S,epg_text,strict,none,none,0,normal,1,0,0,13596,na,na,na,na,na,resumed_to_ready,na,ok,"","",""
S016hub4.stri__epg_reserve,S,epg_reserve,strict,none,none,0,normal,1,0,0,13596,na,na,na,na,na,resumed_to_ready,na,ok,"","",""
S016hub4.stri__hub_conn1,S,hub_conn1,strict,none,none,0,normal,1,1,na,13592,na,na,na,na,na,na,na,dump_fail,"","(00.168074) Error (criu/sk-unix.c:874): unix: External socket is used. Consider using --ext-unix-sk option.",""
S016hub4.stri__hub_conn2,S,hub_conn2,strict,none,none,0,normal,1,1,na,13592,na,na,na,na,na,na,na,dump_fail,"","(00.195832) Error (criu/sk-unix.c:874): unix: External socket is used. Consider using --ext-unix-sk option.",""
S016hub4.stri__hub_conn3,S,hub_conn3,strict,none,none,0,normal,1,1,na,13592,na,na,na,na,na,na,na,dump_fail,"","(00.148909) Error (criu/sk-unix.c:874): unix: External socket is used. Consider using --ext-unix-sk option.",""
S016hub4.stri__hub_conn4,S,hub_conn4,strict,none,none,0,normal,1,1,na,13596,na,na,na,na,na,na,na,dump_fail,"","(00.123066) Error (criu/sk-unix.c:874): unix: External socket is used. Consider using --ext-unix-sk option.",""
S016hub4.stri__hub_subscribed,S,hub_subscribed,strict,none,none,0,normal,1,1,na,13596,na,na,na,na,na,na,na,dump_fail,"","(00.103729) Error (criu/sk-unix.c:874): unix: External socket is used. Consider using --ext-unix-sk option.",""
S016hub4.stri__timer_armed,S,timer_armed,strict,none,none,0,normal,1,1,na,13596,na,na,na,na,na,na,na,dump_fail,"","(00.140684) Error (criu/sk-unix.c:874): unix: External socket is used. Consider using --ext-unix-sk option.",""
S016hub4.stri__db_watch,S,db_watch,strict,none,none,0,normal,1,1,na,132,na,na,na,na,na,na,na,dump_fail,"","(00.168538) Error (criu/fsnotify.c:284): fsnotify: 	Can't dump that handle",""
S016hub4.stri__ready,S,ready,strict,none,none,0,normal,1,1,na,132,na,na,na,na,na,na,na,dump_fail,"","(00.126196) Error (criu/fsnotify.c:284): fsnotify: 	Can't dump that handle",""
S016hub4.stri__steady,S,steady,strict,none,none,0,normal,1,1,na,132,na,na,na,na,na,na,na,dump_fail,"","(00.109457) Error (criu/fsnotify.c:284): fsnotify: 	Can't dump that handle",""
S017hub4.ext___init,S,init,ext_unix,none,none,0,normal,1,0,0,284,na,na,na,na,na,resumed_to_ready,na,ok,"","",""
S017hub4.ext___db_open,S,db_open,ext_unix,none,none,0,normal,1,0,0,284,na,na,na,na,na,resumed_to_ready,na,ok,"","",""
S017hub4.ext___db_read,S,db_read,ext_unix,none,none,0,normal,1,0,0,1304,na,na,na,na,na,resumed_to_ready,na,ok,"","",""
S017hub4.ext___db_read_p25,S,db_read_p25,ext_unix,none,none,0,normal,1,0,0,1304,na,na,na,na,na,resumed_to_ready,na,ok,"","",""
S017hub4.ext___db_read_p50,S,db_read_p50,ext_unix,none,none,0,normal,1,0,0,1304,na,na,na,na,na,resumed_to_ready,na,ok,"","",""
S017hub4.ext___db_read_p75,S,db_read_p75,ext_unix,none,none,0,normal,1,0,0,1304,na,na,na,na,na,resumed_to_ready,na,ok,"","",""
S017hub4.ext___db_parse,S,db_parse,ext_unix,none,none,0,normal,1,0,0,1304,na,na,na,na,na,resumed_to_ready,na,ok,"","",""
S017hub4.ext___db_parse_p25,S,db_parse_p25,ext_unix,none,none,0,normal,1,0,0,1300,na,na,na,na,na,resumed_to_ready,na,ok,"","",""
S017hub4.ext___db_parse_p50,S,db_parse_p50,ext_unix,none,none,0,normal,1,0,0,1304,na,na,na,na,na,resumed_to_ready,na,ok,"","",""
S017hub4.ext___db_parse_p75,S,db_parse_p75,ext_unix,none,none,0,normal,1,0,0,1304,na,na,na,na,na,resumed_to_ready,na,ok,"","",""
S017hub4.ext___epg_index,S,epg_index,ext_unix,none,none,0,normal,1,0,0,13596,na,na,na,na,na,resumed_to_ready,na,ok,"","",""
S017hub4.ext___epg_index_p25,S,epg_index_p25,ext_unix,none,none,0,normal,1,0,0,4380,na,na,na,na,na,resumed_to_ready,na,ok,"","",""
S017hub4.ext___epg_index_p50,S,epg_index_p50,ext_unix,none,none,0,normal,1,0,0,7452,na,na,na,na,na,resumed_to_ready,na,ok,"","",""
S017hub4.ext___epg_index_p75,S,epg_index_p75,ext_unix,none,none,0,normal,1,0,0,10524,na,na,na,na,na,resumed_to_ready,na,ok,"","",""
S017hub4.ext___epg_text,S,epg_text,ext_unix,none,none,0,normal,1,0,0,13596,na,na,na,na,na,resumed_to_ready,na,ok,"","",""
S017hub4.ext___epg_reserve,S,epg_reserve,ext_unix,none,none,0,normal,1,0,0,13596,na,na,na,na,na,resumed_to_ready,na,ok,"","",""
S017hub4.ext___hub_conn1,S,hub_conn1,ext_unix,none,none,0,normal,1,1,na,13592,na,na,na,na,na,na,na,dump_fail,"","(00.095977) Error (criu/sk-unix.c:881): unix: Can't dump half of stream unix connection. name: (null); peer name: ",""
S017hub4.ext___hub_conn2,S,hub_conn2,ext_unix,none,none,0,normal,1,1,na,13592,na,na,na,na,na,na,na,dump_fail,"","(00.121713) Error (criu/sk-unix.c:881): unix: Can't dump half of stream unix connection. name: (null); peer name: ",""
S017hub4.ext___hub_conn3,S,hub_conn3,ext_unix,none,none,0,normal,1,1,na,13592,na,na,na,na,na,na,na,dump_fail,"","(00.163313) Error (criu/sk-unix.c:881): unix: Can't dump half of stream unix connection. name: (null); peer name: ",""
S017hub4.ext___hub_conn4,S,hub_conn4,ext_unix,none,none,0,normal,1,1,na,13596,na,na,na,na,na,na,na,dump_fail,"","(00.148942) Error (criu/sk-unix.c:881): unix: Can't dump half of stream unix connection. name: (null); peer name: ",""
S017hub4.ext___hub_subscribed,S,hub_subscribed,ext_unix,none,none,0,normal,1,1,na,13596,na,na,na,na,na,na,na,dump_fail,"","(00.135124) Error (criu/sk-unix.c:881): unix: Can't dump half of stream unix connection. name: (null); peer name: ",""
S017hub4.ext___timer_armed,S,timer_armed,ext_unix,none,none,0,normal,1,1,na,13596,na,na,na,na,na,na,na,dump_fail,"","(00.186188) Error (criu/sk-unix.c:881): unix: Can't dump half of stream unix connection. name: (null); peer name: ",""
S017hub4.ext___db_watch,S,db_watch,ext_unix,none,none,0,normal,1,1,na,132,na,na,na,na,na,na,na,dump_fail,"","(00.140685) Error (criu/fsnotify.c:284): fsnotify: 	Can't dump that handle",""
S017hub4.ext___ready,S,ready,ext_unix,none,none,0,normal,1,1,na,132,na,na,na,na,na,na,na,dump_fail,"","(00.165742) Error (criu/fsnotify.c:284): fsnotify: 	Can't dump that handle",""
S017hub4.ext___steady,S,steady,ext_unix,none,none,0,normal,1,1,na,132,na,na,na,na,na,na,na,dump_fail,"","(00.100248) Error (criu/fsnotify.c:284): fsnotify: 	Can't dump that handle",""
S018hub4.tcp___init,S,init,tcp_est,none,none,0,normal,1,0,0,284,na,na,na,na,na,resumed_to_ready,na,ok,"","",""
S018hub4.tcp___db_open,S,db_open,tcp_est,none,none,0,normal,1,0,0,284,na,na,na,na,na,resumed_to_ready,na,ok,"","",""
S018hub4.tcp___db_read,S,db_read,tcp_est,none,none,0,normal,1,0,0,1304,na,na,na,na,na,resumed_to_ready,na,ok,"","",""
S018hub4.tcp___db_read_p25,S,db_read_p25,tcp_est,none,none,0,normal,1,0,0,1304,na,na,na,na,na,resumed_to_ready,na,ok,"","",""
S018hub4.tcp___db_read_p50,S,db_read_p50,tcp_est,none,none,0,normal,1,0,0,1304,na,na,na,na,na,resumed_to_ready,na,ok,"","",""
S018hub4.tcp___db_read_p75,S,db_read_p75,tcp_est,none,none,0,normal,1,0,0,1304,na,na,na,na,na,resumed_to_ready,na,ok,"","",""
S018hub4.tcp___db_parse,S,db_parse,tcp_est,none,none,0,normal,1,0,0,1304,na,na,na,na,na,resumed_to_ready,na,ok,"","",""
S018hub4.tcp___db_parse_p25,S,db_parse_p25,tcp_est,none,none,0,normal,1,0,0,1304,na,na,na,na,na,resumed_to_ready,na,ok,"","",""
S018hub4.tcp___db_parse_p50,S,db_parse_p50,tcp_est,none,none,0,normal,1,0,0,1304,na,na,na,na,na,resumed_to_ready,na,ok,"","",""
S018hub4.tcp___db_parse_p75,S,db_parse_p75,tcp_est,none,none,0,normal,1,0,0,1308,na,na,na,na,na,resumed_to_ready,na,ok,"","",""
S018hub4.tcp___epg_index,S,epg_index,tcp_est,none,none,0,normal,1,0,0,13596,na,na,na,na,na,resumed_to_ready,na,ok,"","",""
S018hub4.tcp___epg_index_p25,S,epg_index_p25,tcp_est,none,none,0,normal,1,0,0,4380,na,na,na,na,na,resumed_to_ready,na,ok,"","",""
S018hub4.tcp___epg_index_p50,S,epg_index_p50,tcp_est,none,none,0,normal,1,0,0,7452,na,na,na,na,na,resumed_to_ready,na,ok,"","",""
S018hub4.tcp___epg_index_p75,S,epg_index_p75,tcp_est,none,none,0,normal,1,0,0,10528,na,na,na,na,na,resumed_to_ready,na,ok,"","",""
S018hub4.tcp___epg_text,S,epg_text,tcp_est,none,none,0,normal,1,0,0,13592,na,na,na,na,na,resumed_to_ready,na,ok,"","",""
S018hub4.tcp___epg_reserve,S,epg_reserve,tcp_est,none,none,0,normal,1,0,0,13592,na,na,na,na,na,resumed_to_ready,na,ok,"","",""
S018hub4.tcp___hub_conn1,S,hub_conn1,tcp_est,none,none,0,normal,1,1,na,13592,na,na,na,na,na,na,na,dump_fail,"","(00.127887) Error (criu/sk-unix.c:874): unix: External socket is used. Consider using --ext-unix-sk option.",""
S018hub4.tcp___hub_conn2,S,hub_conn2,tcp_est,none,none,0,normal,1,1,na,13592,na,na,na,na,na,na,na,dump_fail,"","(00.137478) Error (criu/sk-unix.c:874): unix: External socket is used. Consider using --ext-unix-sk option.",""
S018hub4.tcp___hub_conn3,S,hub_conn3,tcp_est,none,none,0,normal,1,1,na,13592,na,na,na,na,na,na,na,dump_fail,"","(00.134550) Error (criu/sk-unix.c:874): unix: External socket is used. Consider using --ext-unix-sk option.",""
S018hub4.tcp___hub_conn4,S,hub_conn4,tcp_est,none,none,0,normal,1,1,na,13592,na,na,na,na,na,na,na,dump_fail,"","(00.158699) Error (criu/sk-unix.c:874): unix: External socket is used. Consider using --ext-unix-sk option.",""
S018hub4.tcp___hub_subscribed,S,hub_subscribed,tcp_est,none,none,0,normal,1,1,na,13596,na,na,na,na,na,na,na,dump_fail,"","(00.127788) Error (criu/sk-unix.c:874): unix: External socket is used. Consider using --ext-unix-sk option.",""
S018hub4.tcp___timer_armed,S,timer_armed,tcp_est,none,none,0,normal,1,1,na,13596,na,na,na,na,na,na,na,dump_fail,"","(00.124830) Error (criu/sk-unix.c:874): unix: External socket is used. Consider using --ext-unix-sk option.",""
S018hub4.tcp___db_watch,S,db_watch,tcp_est,none,none,0,normal,1,1,na,132,na,na,na,na,na,na,na,dump_fail,"","(00.138972) Error (criu/fsnotify.c:284): fsnotify: 	Can't dump that handle",""
S018hub4.tcp___ready,S,ready,tcp_est,none,none,0,normal,1,1,na,132,na,na,na,na,na,na,na,dump_fail,"","(00.107270) Error (criu/fsnotify.c:284): fsnotify: 	Can't dump that handle",""
S018hub4.tcp___steady,S,steady,tcp_est,none,none,0,normal,1,1,na,132,na,na,na,na,na,na,na,dump_fail,"","(00.193656) Error (criu/fsnotify.c:284): fsnotify: 	Can't dump that handle",""
S019hub4.file__init,S,init,filelocks,none,none,0,normal,1,0,0,284,na,na,na,na,na,resumed_to_ready,na,ok,"","",""
S019hub4.file__db_open,S,db_open,filelocks,none,none,0,normal,1,0,0,284,na,na,na,na,na,resumed_to_ready,na,ok,"","",""
S019hub4.file__db_read,S,db_read,filelocks,none,none,0,normal,1,0,0,1304,na,na,na,na,na,resumed_to_ready,na,ok,"","",""
S019hub4.file__db_read_p25,S,db_read_p25,filelocks,none,none,0,normal,1,0,0,1304,na,na,na,na,na,resumed_to_ready,na,ok,"","",""
S019hub4.file__db_read_p50,S,db_read_p50,filelocks,none,none,0,normal,1,0,0,1304,na,na,na,na,na,resumed_to_ready,na,ok,"","",""
S019hub4.file__db_read_p75,S,db_read_p75,filelocks,none,none,0,normal,1,0,0,1304,na,na,na,na,na,resumed_to_ready,na,ok,"","",""
S019hub4.file__db_parse,S,db_parse,filelocks,none,none,0,normal,1,0,0,1304,na,na,na,na,na,resumed_to_ready,na,ok,"","",""
S019hub4.file__db_parse_p25,S,db_parse_p25,filelocks,none,none,0,normal,1,0,0,1300,na,na,na,na,na,resumed_to_ready,na,ok,"","",""
S019hub4.file__db_parse_p50,S,db_parse_p50,filelocks,none,none,0,normal,1,0,0,1300,na,na,na,na,na,resumed_to_ready,na,ok,"","",""
S019hub4.file__db_parse_p75,S,db_parse_p75,filelocks,none,none,0,normal,1,0,0,1300,na,na,na,na,na,resumed_to_ready,na,ok,"","",""
S019hub4.file__epg_index,S,epg_index,filelocks,none,none,0,normal,1,0,0,13596,na,na,na,na,na,resumed_to_ready,na,ok,"","",""
S019hub4.file__epg_index_p25,S,epg_index_p25,filelocks,none,none,0,normal,1,0,0,4376,na,na,na,na,na,resumed_to_ready,na,ok,"","",""
S019hub4.file__epg_index_p50,S,epg_index_p50,filelocks,none,none,0,normal,1,0,0,7452,na,na,na,na,na,resumed_to_ready,na,ok,"","",""
S019hub4.file__epg_index_p75,S,epg_index_p75,filelocks,none,none,0,normal,1,0,0,10524,na,na,na,na,na,resumed_to_ready,na,ok,"","",""
S019hub4.file__epg_text,S,epg_text,filelocks,none,none,0,normal,1,0,0,13596,na,na,na,na,na,resumed_to_ready,na,ok,"","",""
S019hub4.file__epg_reserve,S,epg_reserve,filelocks,none,none,0,normal,1,0,0,13596,na,na,na,na,na,resumed_to_ready,na,ok,"","",""
S019hub4.file__hub_conn1,S,hub_conn1,filelocks,none,none,0,normal,1,1,na,13592,na,na,na,na,na,na,na,dump_fail,"","(00.186143) Error (criu/sk-unix.c:874): unix: External socket is used. Consider using --ext-unix-sk option.",""
S019hub4.file__hub_conn2,S,hub_conn2,filelocks,none,none,0,normal,1,1,na,13592,na,na,na,na,na,na,na,dump_fail,"","(00.088657) Error (criu/sk-unix.c:874): unix: External socket is used. Consider using --ext-unix-sk option.",""
S019hub4.file__hub_conn3,S,hub_conn3,filelocks,none,none,0,normal,1,1,na,13588,na,na,na,na,na,na,na,dump_fail,"","(00.158553) Error (criu/sk-unix.c:874): unix: External socket is used. Consider using --ext-unix-sk option.",""
S019hub4.file__hub_conn4,S,hub_conn4,filelocks,none,none,0,normal,1,1,na,13596,na,na,na,na,na,na,na,dump_fail,"","(00.081455) Error (criu/sk-unix.c:874): unix: External socket is used. Consider using --ext-unix-sk option.",""
S019hub4.file__hub_subscribed,S,hub_subscribed,filelocks,none,none,0,normal,1,1,na,13596,na,na,na,na,na,na,na,dump_fail,"","(00.221005) Error (criu/sk-unix.c:874): unix: External socket is used. Consider using --ext-unix-sk option.",""
S019hub4.file__timer_armed,S,timer_armed,filelocks,none,none,0,normal,1,1,na,13596,na,na,na,na,na,na,na,dump_fail,"","(00.149808) Error (criu/sk-unix.c:874): unix: External socket is used. Consider using --ext-unix-sk option.",""
S019hub4.file__db_watch,S,db_watch,filelocks,none,none,0,normal,1,1,na,132,na,na,na,na,na,na,na,dump_fail,"","(00.109212) Error (criu/fsnotify.c:284): fsnotify: 	Can't dump that handle",""
S019hub4.file__ready,S,ready,filelocks,none,none,0,normal,1,1,na,132,na,na,na,na,na,na,na,dump_fail,"","(00.156309) Error (criu/fsnotify.c:284): fsnotify: 	Can't dump that handle",""
S019hub4.file__steady,S,steady,filelocks,none,none,0,normal,1,1,na,132,na,na,na,na,na,na,na,dump_fail,"","(00.147479) Error (criu/fsnotify.c:284): fsnotify: 	Can't dump that handle",""
S020hub4.perm__init,S,init,permissive,none,none,0,normal,1,0,0,284,na,na,na,na,na,resumed_to_ready,na,ok,"","",""
S020hub4.perm__db_open,S,db_open,permissive,none,none,0,normal,1,0,0,284,na,na,na,na,na,resumed_to_ready,na,ok,"","",""
S020hub4.perm__db_read,S,db_read,permissive,none,none,0,normal,1,0,0,1304,na,na,na,na,na,resumed_to_ready,na,ok,"","",""
S020hub4.perm__db_read_p25,S,db_read_p25,permissive,none,none,0,normal,1,0,0,1304,na,na,na,na,na,resumed_to_ready,na,ok,"","",""
S020hub4.perm__db_read_p50,S,db_read_p50,permissive,none,none,0,normal,1,0,0,1304,na,na,na,na,na,resumed_to_ready,na,ok,"","",""
S020hub4.perm__db_read_p75,S,db_read_p75,permissive,none,none,0,normal,1,0,0,1304,na,na,na,na,na,resumed_to_ready,na,ok,"","",""
S020hub4.perm__db_parse,S,db_parse,permissive,none,none,0,normal,1,0,0,1304,na,na,na,na,na,resumed_to_ready,na,ok,"","",""
S020hub4.perm__db_parse_p25,S,db_parse_p25,permissive,none,none,0,normal,1,0,0,1300,na,na,na,na,na,resumed_to_ready,na,ok,"","",""
S020hub4.perm__db_parse_p50,S,db_parse_p50,permissive,none,none,0,normal,1,0,0,1304,na,na,na,na,na,resumed_to_ready,na,ok,"","",""
S020hub4.perm__db_parse_p75,S,db_parse_p75,permissive,none,none,0,normal,1,0,0,1304,na,na,na,na,na,resumed_to_ready,na,ok,"","",""
S020hub4.perm__epg_index,S,epg_index,permissive,none,none,0,normal,1,0,0,13596,na,na,na,na,na,resumed_to_ready,na,ok,"","",""
S020hub4.perm__epg_index_p25,S,epg_index_p25,permissive,none,none,0,normal,1,0,0,4380,na,na,na,na,na,resumed_to_ready,na,ok,"","",""
S020hub4.perm__epg_index_p50,S,epg_index_p50,permissive,none,none,0,normal,1,0,0,7452,na,na,na,na,na,resumed_to_ready,na,ok,"","",""
S020hub4.perm__epg_index_p75,S,epg_index_p75,permissive,none,none,0,normal,1,0,0,10524,na,na,na,na,na,resumed_to_ready,na,ok,"","",""
S020hub4.perm__epg_text,S,epg_text,permissive,none,none,0,normal,1,0,0,13596,na,na,na,na,na,resumed_to_ready,na,ok,"","",""
S020hub4.perm__epg_reserve,S,epg_reserve,permissive,none,none,0,normal,1,0,0,13596,na,na,na,na,na,resumed_to_ready,na,ok,"","",""
S020hub4.perm__hub_conn1,S,hub_conn1,permissive,none,none,0,normal,1,1,na,13592,na,na,na,na,na,na,na,dump_fail,"","(00.141504) Error (criu/sk-unix.c:881): unix: Can't dump half of stream unix connection. name: (null); peer name: ",""
S020hub4.perm__hub_conn2,S,hub_conn2,permissive,none,none,0,normal,1,1,na,13592,na,na,na,na,na,na,na,dump_fail,"","(00.152190) Error (criu/sk-unix.c:881): unix: Can't dump half of stream unix connection. name: (null); peer name: ",""
S020hub4.perm__hub_conn3,S,hub_conn3,permissive,none,none,0,normal,1,1,na,13592,na,na,na,na,na,na,na,dump_fail,"","(00.147463) Error (criu/sk-unix.c:881): unix: Can't dump half of stream unix connection. name: (null); peer name: ",""
S020hub4.perm__hub_conn4,S,hub_conn4,permissive,none,none,0,normal,1,1,na,13596,na,na,na,na,na,na,na,dump_fail,"","(00.184081) Error (criu/sk-unix.c:881): unix: Can't dump half of stream unix connection. name: (null); peer name: ",""
S020hub4.perm__hub_subscribed,S,hub_subscribed,permissive,none,none,0,normal,1,1,na,13596,na,na,na,na,na,na,na,dump_fail,"","(00.191786) Error (criu/sk-unix.c:881): unix: Can't dump half of stream unix connection. name: (null); peer name: ",""
S020hub4.perm__timer_armed,S,timer_armed,permissive,none,none,0,normal,1,1,na,13596,na,na,na,na,na,na,na,dump_fail,"","(00.159460) Error (criu/sk-unix.c:881): unix: Can't dump half of stream unix connection. name: (null); peer name: ",""
S020hub4.perm__db_watch,S,db_watch,permissive,none,none,0,normal,1,1,na,132,na,na,na,na,na,na,na,dump_fail,"","(00.146838) Error (criu/fsnotify.c:284): fsnotify: 	Can't dump that handle",""
S020hub4.perm__ready,S,ready,permissive,none,none,0,normal,1,1,na,132,na,na,na,na,na,na,na,dump_fail,"","(00.173372) Error (criu/fsnotify.c:284): fsnotify: 	Can't dump that handle",""
S020hub4.perm__steady,S,steady,permissive,none,none,0,normal,1,1,na,132,na,na,na,na,na,na,na,dump_fail,"","(00.167928) Error (criu/fsnotify.c:284): fsnotify: 	Can't dump that handle",""
S021hub8.stri__init,S,init,strict,none,none,0,normal,1,0,0,284,na,na,na,na,na,resumed_to_ready,na,ok,"","",""
S021hub8.stri__db_open,S,db_open,strict,none,none,0,normal,1,0,0,284,na,na,na,na,na,resumed_to_ready,na,ok,"","",""
S021hub8.stri__db_read,S,db_read,strict,none,none,0,normal,1,0,0,1304,na,na,na,na,na,resumed_to_ready,na,ok,"","",""
S021hub8.stri__db_read_p25,S,db_read_p25,strict,none,none,0,normal,1,0,0,1304,na,na,na,na,na,resumed_to_ready,na,ok,"","",""
S021hub8.stri__db_read_p50,S,db_read_p50,strict,none,none,0,normal,1,0,0,1300,na,na,na,na,na,resumed_to_ready,na,ok,"","",""
S021hub8.stri__db_read_p75,S,db_read_p75,strict,none,none,0,normal,1,0,0,1304,na,na,na,na,na,resumed_to_ready,na,ok,"","",""
S021hub8.stri__db_parse,S,db_parse,strict,none,none,0,normal,1,0,0,1304,na,na,na,na,na,resumed_to_ready,na,ok,"","",""
S021hub8.stri__db_parse_p25,S,db_parse_p25,strict,none,none,0,normal,1,0,0,1304,na,na,na,na,na,resumed_to_ready,na,ok,"","",""
S021hub8.stri__db_parse_p50,S,db_parse_p50,strict,none,none,0,normal,1,0,0,1304,na,na,na,na,na,resumed_to_ready,na,ok,"","",""
S021hub8.stri__db_parse_p75,S,db_parse_p75,strict,none,none,0,normal,1,0,0,1304,na,na,na,na,na,resumed_to_ready,na,ok,"","",""
S021hub8.stri__epg_index,S,epg_index,strict,none,none,0,normal,1,0,0,13596,na,na,na,na,na,resumed_to_ready,na,ok,"","",""
S021hub8.stri__epg_index_p25,S,epg_index_p25,strict,none,none,0,normal,1,0,0,4376,na,na,na,na,na,resumed_to_ready,na,ok,"","",""
S021hub8.stri__epg_index_p50,S,epg_index_p50,strict,none,none,0,normal,1,0,0,7452,na,na,na,na,na,resumed_to_ready,na,ok,"","",""
S021hub8.stri__epg_index_p75,S,epg_index_p75,strict,none,none,0,normal,1,0,0,10524,na,na,na,na,na,resumed_to_ready,na,ok,"","",""
S021hub8.stri__epg_text,S,epg_text,strict,none,none,0,normal,1,0,0,13596,na,na,na,na,na,resumed_to_ready,na,ok,"","",""
S021hub8.stri__epg_reserve,S,epg_reserve,strict,none,none,0,normal,1,0,0,13596,na,na,na,na,na,resumed_to_ready,na,ok,"","",""
S021hub8.stri__hub_conn1,S,hub_conn1,strict,none,none,0,normal,1,1,na,13592,na,na,na,na,na,na,na,dump_fail,"","(00.128396) Error (criu/sk-unix.c:874): unix: External socket is used. Consider using --ext-unix-sk option.",""
S021hub8.stri__hub_conn2,S,hub_conn2,strict,none,none,0,normal,1,1,na,13592,na,na,na,na,na,na,na,dump_fail,"","(00.142972) Error (criu/sk-unix.c:874): unix: External socket is used. Consider using --ext-unix-sk option.",""
S021hub8.stri__hub_conn3,S,hub_conn3,strict,none,none,0,normal,1,1,na,13592,na,na,na,na,na,na,na,dump_fail,"","(00.171164) Error (criu/sk-unix.c:874): unix: External socket is used. Consider using --ext-unix-sk option.",""
S021hub8.stri__hub_conn4,S,hub_conn4,strict,none,none,0,normal,1,1,na,13596,na,na,na,na,na,na,na,dump_fail,"","(00.171221) Error (criu/sk-unix.c:874): unix: External socket is used. Consider using --ext-unix-sk option.",""
S021hub8.stri__hub_subscribed,S,hub_subscribed,strict,none,none,0,normal,1,1,na,13596,na,na,na,na,na,na,na,dump_fail,"","(00.198342) Error (criu/sk-unix.c:874): unix: External socket is used. Consider using --ext-unix-sk option.",""
S021hub8.stri__timer_armed,S,timer_armed,strict,none,none,0,normal,1,1,na,13596,na,na,na,na,na,na,na,dump_fail,"","(00.177812) Error (criu/sk-unix.c:874): unix: External socket is used. Consider using --ext-unix-sk option.",""
S021hub8.stri__db_watch,S,db_watch,strict,none,none,0,normal,1,1,na,136,na,na,na,na,na,na,na,dump_fail,"","(00.163348) Error (criu/fsnotify.c:284): fsnotify: 	Can't dump that handle",""
S021hub8.stri__ready,S,ready,strict,none,none,0,normal,1,1,na,136,na,na,na,na,na,na,na,dump_fail,"","(00.148637) Error (criu/fsnotify.c:284): fsnotify: 	Can't dump that handle",""
S021hub8.stri__steady,S,steady,strict,none,none,0,normal,1,1,na,136,na,na,na,na,na,na,na,dump_fail,"","(00.188100) Error (criu/fsnotify.c:284): fsnotify: 	Can't dump that handle",""
S022hub8.ext___init,S,init,ext_unix,none,none,0,normal,1,0,0,284,na,na,na,na,na,resumed_to_ready,na,ok,"","",""
S022hub8.ext___db_open,S,db_open,ext_unix,none,none,0,normal,1,0,0,284,na,na,na,na,na,resumed_to_ready,na,ok,"","",""
S022hub8.ext___db_read,S,db_read,ext_unix,none,none,0,normal,1,0,0,1304,na,na,na,na,na,resumed_to_ready,na,ok,"","",""
S022hub8.ext___db_read_p25,S,db_read_p25,ext_unix,none,none,0,normal,1,0,0,1304,na,na,na,na,na,resumed_to_ready,na,ok,"","",""
S022hub8.ext___db_read_p50,S,db_read_p50,ext_unix,none,none,0,normal,1,0,0,1304,na,na,na,na,na,resumed_to_ready,na,ok,"","",""
S022hub8.ext___db_read_p75,S,db_read_p75,ext_unix,none,none,0,normal,1,0,0,1304,na,na,na,na,na,resumed_to_ready,na,ok,"","",""
S022hub8.ext___db_parse,S,db_parse,ext_unix,none,none,0,normal,1,0,0,1304,na,na,na,na,na,resumed_to_ready,na,ok,"","",""
S022hub8.ext___db_parse_p25,S,db_parse_p25,ext_unix,none,none,0,normal,1,0,0,1304,na,na,na,na,na,resumed_to_ready,na,ok,"","",""
S022hub8.ext___db_parse_p50,S,db_parse_p50,ext_unix,none,none,0,normal,1,0,0,1304,na,na,na,na,na,resumed_to_ready,na,ok,"","",""
S022hub8.ext___db_parse_p75,S,db_parse_p75,ext_unix,none,none,0,normal,1,0,0,1304,na,na,na,na,na,resumed_to_ready,na,ok,"","",""
S022hub8.ext___epg_index,S,epg_index,ext_unix,none,none,0,normal,1,0,0,13596,na,na,na,na,na,resumed_to_ready,na,ok,"","",""
S022hub8.ext___epg_index_p25,S,epg_index_p25,ext_unix,none,none,0,normal,1,0,0,4380,na,na,na,na,na,resumed_to_ready,na,ok,"","",""
S022hub8.ext___epg_index_p50,S,epg_index_p50,ext_unix,none,none,0,normal,1,0,0,7452,na,na,na,na,na,resumed_to_ready,na,ok,"","",""
S022hub8.ext___epg_index_p75,S,epg_index_p75,ext_unix,none,none,0,normal,1,0,0,10524,na,na,na,na,na,resumed_to_ready,na,ok,"","",""
S022hub8.ext___epg_text,S,epg_text,ext_unix,none,none,0,normal,1,0,0,13596,na,na,na,na,na,resumed_to_ready,na,ok,"","",""
S022hub8.ext___epg_reserve,S,epg_reserve,ext_unix,none,none,0,normal,1,0,0,13596,na,na,na,na,na,resumed_to_ready,na,ok,"","",""
S022hub8.ext___hub_conn1,S,hub_conn1,ext_unix,none,none,0,normal,1,1,na,13592,na,na,na,na,na,na,na,dump_fail,"","(00.192126) Error (criu/sk-unix.c:881): unix: Can't dump half of stream unix connection. name: (null); peer name: ",""
S022hub8.ext___hub_conn2,S,hub_conn2,ext_unix,none,none,0,normal,1,1,na,13588,na,na,na,na,na,na,na,dump_fail,"","(00.151457) Error (criu/sk-unix.c:881): unix: Can't dump half of stream unix connection. name: (null); peer name: ",""
S022hub8.ext___hub_conn3,S,hub_conn3,ext_unix,none,none,0,normal,1,1,na,13596,na,na,na,na,na,na,na,dump_fail,"","(00.163295) Error (criu/sk-unix.c:881): unix: Can't dump half of stream unix connection. name: (null); peer name: ",""
S022hub8.ext___hub_conn4,S,hub_conn4,ext_unix,none,none,0,normal,1,1,na,13596,na,na,na,na,na,na,na,dump_fail,"","(00.159901) Error (criu/sk-unix.c:881): unix: Can't dump half of stream unix connection. name: (null); peer name: ",""
S022hub8.ext___hub_subscribed,S,hub_subscribed,ext_unix,none,none,0,normal,1,1,na,13596,na,na,na,na,na,na,na,dump_fail,"","(00.183097) Error (criu/sk-unix.c:881): unix: Can't dump half of stream unix connection. name: (null); peer name: ",""
S022hub8.ext___timer_armed,S,timer_armed,ext_unix,none,none,0,normal,1,1,na,13596,na,na,na,na,na,na,na,dump_fail,"","(00.167248) Error (criu/sk-unix.c:881): unix: Can't dump half of stream unix connection. name: (null); peer name: ",""
S022hub8.ext___db_watch,S,db_watch,ext_unix,none,none,0,normal,1,1,na,136,na,na,na,na,na,na,na,dump_fail,"","(00.162192) Error (criu/fsnotify.c:284): fsnotify: 	Can't dump that handle",""
S022hub8.ext___ready,S,ready,ext_unix,none,none,0,normal,1,1,na,136,na,na,na,na,na,na,na,dump_fail,"","(00.188563) Error (criu/fsnotify.c:284): fsnotify: 	Can't dump that handle",""
S022hub8.ext___steady,S,steady,ext_unix,none,none,0,normal,1,1,na,136,na,na,na,na,na,na,na,dump_fail,"","(00.199704) Error (criu/fsnotify.c:284): fsnotify: 	Can't dump that handle",""
S023hub8.tcp___init,S,init,tcp_est,none,none,0,normal,1,0,0,280,na,na,na,na,na,resumed_to_ready,na,ok,"","",""
S023hub8.tcp___db_open,S,db_open,tcp_est,none,none,0,normal,1,0,0,284,na,na,na,na,na,resumed_to_ready,na,ok,"","",""
S023hub8.tcp___db_read,S,db_read,tcp_est,none,none,0,normal,1,0,0,1304,na,na,na,na,na,resumed_to_ready,na,ok,"","",""
S023hub8.tcp___db_read_p25,S,db_read_p25,tcp_est,none,none,0,normal,1,0,0,1304,na,na,na,na,na,resumed_to_ready,na,ok,"","",""
S023hub8.tcp___db_read_p50,S,db_read_p50,tcp_est,none,none,0,normal,1,0,0,1304,na,na,na,na,na,resumed_to_ready,na,ok,"","",""
S023hub8.tcp___db_read_p75,S,db_read_p75,tcp_est,none,none,0,normal,1,0,0,1304,na,na,na,na,na,resumed_to_ready,na,ok,"","",""
S023hub8.tcp___db_parse,S,db_parse,tcp_est,none,none,0,normal,1,0,0,1308,na,na,na,na,na,resumed_to_ready,na,ok,"","",""
S023hub8.tcp___db_parse_p25,S,db_parse_p25,tcp_est,none,none,0,normal,1,0,0,1304,na,na,na,na,na,resumed_to_ready,na,ok,"","",""
S023hub8.tcp___db_parse_p50,S,db_parse_p50,tcp_est,none,none,0,normal,1,0,0,1300,na,na,na,na,na,resumed_to_ready,na,ok,"","",""
S023hub8.tcp___db_parse_p75,S,db_parse_p75,tcp_est,none,none,0,normal,1,0,0,1304,na,na,na,na,na,resumed_to_ready,na,ok,"","",""
S023hub8.tcp___epg_index,S,epg_index,tcp_est,none,none,0,normal,1,0,0,13596,na,na,na,na,na,resumed_to_ready,na,ok,"","",""
S023hub8.tcp___epg_index_p25,S,epg_index_p25,tcp_est,none,none,0,normal,1,0,0,4380,na,na,na,na,na,resumed_to_ready,na,ok,"","",""
S023hub8.tcp___epg_index_p50,S,epg_index_p50,tcp_est,none,none,0,normal,1,0,0,7448,na,na,na,na,na,resumed_to_ready,na,ok,"","",""
S023hub8.tcp___epg_index_p75,S,epg_index_p75,tcp_est,none,none,0,normal,1,0,0,10528,na,na,na,na,na,resumed_to_ready,na,ok,"","",""
S023hub8.tcp___epg_text,S,epg_text,tcp_est,none,none,0,normal,1,0,0,13596,na,na,na,na,na,resumed_to_ready,na,ok,"","",""
S023hub8.tcp___epg_reserve,S,epg_reserve,tcp_est,none,none,0,normal,1,0,0,13600,na,na,na,na,na,resumed_to_ready,na,ok,"","",""
S023hub8.tcp___hub_conn1,S,hub_conn1,tcp_est,none,none,0,normal,1,1,na,13592,na,na,na,na,na,na,na,dump_fail,"","(00.158405) Error (criu/sk-unix.c:874): unix: External socket is used. Consider using --ext-unix-sk option.",""
S023hub8.tcp___hub_conn2,S,hub_conn2,tcp_est,none,none,0,normal,1,1,na,13592,na,na,na,na,na,na,na,dump_fail,"","(00.145458) Error (criu/sk-unix.c:874): unix: External socket is used. Consider using --ext-unix-sk option.",""
S023hub8.tcp___hub_conn3,S,hub_conn3,tcp_est,none,none,0,normal,1,1,na,13592,na,na,na,na,na,na,na,dump_fail,"","(00.126463) Error (criu/sk-unix.c:874): unix: External socket is used. Consider using --ext-unix-sk option.",""
S023hub8.tcp___hub_conn4,S,hub_conn4,tcp_est,none,none,0,normal,1,1,na,13596,na,na,na,na,na,na,na,dump_fail,"","(00.141860) Error (criu/sk-unix.c:874): unix: External socket is used. Consider using --ext-unix-sk option.",""
S023hub8.tcp___hub_subscribed,S,hub_subscribed,tcp_est,none,none,0,normal,1,1,na,13596,na,na,na,na,na,na,na,dump_fail,"","(00.163533) Error (criu/sk-unix.c:874): unix: External socket is used. Consider using --ext-unix-sk option.",""
S023hub8.tcp___timer_armed,S,timer_armed,tcp_est,none,none,0,normal,1,1,na,13596,na,na,na,na,na,na,na,dump_fail,"","(00.150962) Error (criu/sk-unix.c:874): unix: External socket is used. Consider using --ext-unix-sk option.",""
S023hub8.tcp___db_watch,S,db_watch,tcp_est,none,none,0,normal,1,1,na,136,na,na,na,na,na,na,na,dump_fail,"","(00.155359) Error (criu/fsnotify.c:284): fsnotify: 	Can't dump that handle",""
S023hub8.tcp___ready,S,ready,tcp_est,none,none,0,normal,1,1,na,136,na,na,na,na,na,na,na,dump_fail,"","(00.180059) Error (criu/fsnotify.c:284): fsnotify: 	Can't dump that handle",""
S023hub8.tcp___steady,S,steady,tcp_est,none,none,0,normal,1,1,na,136,na,na,na,na,na,na,na,dump_fail,"","(00.171013) Error (criu/fsnotify.c:284): fsnotify: 	Can't dump that handle",""
S024hub8.file__init,S,init,filelocks,none,none,0,normal,1,0,0,280,na,na,na,na,na,resumed_to_ready,na,ok,"","",""
S024hub8.file__db_open,S,db_open,filelocks,none,none,0,normal,1,0,0,280,na,na,na,na,na,resumed_to_ready,na,ok,"","",""
S024hub8.file__db_read,S,db_read,filelocks,none,none,0,normal,1,0,0,1300,na,na,na,na,na,resumed_to_ready,na,ok,"","",""
S024hub8.file__db_read_p25,S,db_read_p25,filelocks,none,none,0,normal,1,0,0,1304,na,na,na,na,na,resumed_to_ready,na,ok,"","",""
S024hub8.file__db_read_p50,S,db_read_p50,filelocks,none,none,0,normal,1,0,0,1304,na,na,na,na,na,resumed_to_ready,na,ok,"","",""
S024hub8.file__db_read_p75,S,db_read_p75,filelocks,none,none,0,normal,1,0,0,1304,na,na,na,na,na,resumed_to_ready,na,ok,"","",""
S024hub8.file__db_parse,S,db_parse,filelocks,none,none,0,normal,1,0,0,1304,na,na,na,na,na,resumed_to_ready,na,ok,"","",""
S024hub8.file__db_parse_p25,S,db_parse_p25,filelocks,none,none,0,normal,1,0,0,1304,na,na,na,na,na,resumed_to_ready,na,ok,"","",""
S024hub8.file__db_parse_p50,S,db_parse_p50,filelocks,none,none,0,normal,1,0,0,1304,na,na,na,na,na,resumed_to_ready,na,ok,"","",""
S024hub8.file__db_parse_p75,S,db_parse_p75,filelocks,none,none,0,normal,1,0,0,1304,na,na,na,na,na,resumed_to_ready,na,ok,"","",""
S024hub8.file__epg_index,S,epg_index,filelocks,none,none,0,normal,1,0,0,13596,na,na,na,na,na,resumed_to_ready,na,ok,"","",""
S024hub8.file__epg_index_p25,S,epg_index_p25,filelocks,none,none,0,normal,1,0,0,4380,na,na,na,na,na,resumed_to_ready,na,ok,"","",""
S024hub8.file__epg_index_p50,S,epg_index_p50,filelocks,none,none,0,normal,1,0,0,7452,na,na,na,na,na,resumed_to_ready,na,ok,"","",""
S024hub8.file__epg_index_p75,S,epg_index_p75,filelocks,none,none,0,normal,1,0,0,10528,na,na,na,na,na,resumed_to_ready,na,ok,"","",""
S024hub8.file__epg_text,S,epg_text,filelocks,none,none,0,normal,1,0,0,13592,na,na,na,na,na,resumed_to_ready,na,ok,"","",""
S024hub8.file__epg_reserve,S,epg_reserve,filelocks,none,none,0,normal,1,0,0,13596,na,na,na,na,na,resumed_to_ready,na,ok,"","",""
S024hub8.file__hub_conn1,S,hub_conn1,filelocks,none,none,0,normal,1,1,na,13592,na,na,na,na,na,na,na,dump_fail,"","(00.141631) Error (criu/sk-unix.c:874): unix: External socket is used. Consider using --ext-unix-sk option.",""
S024hub8.file__hub_conn2,S,hub_conn2,filelocks,none,none,0,normal,1,1,na,13592,na,na,na,na,na,na,na,dump_fail,"","(00.130398) Error (criu/sk-unix.c:874): unix: External socket is used. Consider using --ext-unix-sk option.",""
S024hub8.file__hub_conn3,S,hub_conn3,filelocks,none,none,0,normal,1,1,na,13592,na,na,na,na,na,na,na,dump_fail,"","(00.174393) Error (criu/sk-unix.c:874): unix: External socket is used. Consider using --ext-unix-sk option.",""
S024hub8.file__hub_conn4,S,hub_conn4,filelocks,none,none,0,normal,1,1,na,13596,na,na,na,na,na,na,na,dump_fail,"","(00.139590) Error (criu/sk-unix.c:874): unix: External socket is used. Consider using --ext-unix-sk option.",""
S024hub8.file__hub_subscribed,S,hub_subscribed,filelocks,none,none,0,normal,1,1,na,13596,na,na,na,na,na,na,na,dump_fail,"","(00.162355) Error (criu/sk-unix.c:874): unix: External socket is used. Consider using --ext-unix-sk option.",""
S024hub8.file__timer_armed,S,timer_armed,filelocks,none,none,0,normal,1,1,na,13596,na,na,na,na,na,na,na,dump_fail,"","(00.114185) Error (criu/sk-unix.c:874): unix: External socket is used. Consider using --ext-unix-sk option.",""
S024hub8.file__db_watch,S,db_watch,filelocks,none,none,0,normal,1,1,na,136,na,na,na,na,na,na,na,dump_fail,"","(00.140604) Error (criu/fsnotify.c:284): fsnotify: 	Can't dump that handle",""
S024hub8.file__ready,S,ready,filelocks,none,none,0,normal,1,1,na,136,na,na,na,na,na,na,na,dump_fail,"","(00.160063) Error (criu/fsnotify.c:284): fsnotify: 	Can't dump that handle",""
S024hub8.file__steady,S,steady,filelocks,none,none,0,normal,1,1,na,136,na,na,na,na,na,na,na,dump_fail,"","(00.182003) Error (criu/fsnotify.c:284): fsnotify: 	Can't dump that handle",""
S025hub8.perm__init,S,init,permissive,none,none,0,normal,1,0,0,284,na,na,na,na,na,resumed_to_ready,na,ok,"","",""
S025hub8.perm__db_open,S,db_open,permissive,none,none,0,normal,1,0,0,284,na,na,na,na,na,resumed_to_ready,na,ok,"","",""
S025hub8.perm__db_read,S,db_read,permissive,none,none,0,normal,1,0,0,1304,na,na,na,na,na,resumed_to_ready,na,ok,"","",""
S025hub8.perm__db_read_p25,S,db_read_p25,permissive,none,none,0,normal,1,0,0,1308,na,na,na,na,na,resumed_to_ready,na,ok,"","",""
S025hub8.perm__db_read_p50,S,db_read_p50,permissive,none,none,0,normal,1,0,0,1304,na,na,na,na,na,resumed_to_ready,na,ok,"","",""
S025hub8.perm__db_read_p75,S,db_read_p75,permissive,none,none,0,normal,1,0,0,1304,na,na,na,na,na,resumed_to_ready,na,ok,"","",""
S025hub8.perm__db_parse,S,db_parse,permissive,none,none,0,normal,1,0,0,1304,na,na,na,na,na,resumed_to_ready,na,ok,"","",""
S025hub8.perm__db_parse_p25,S,db_parse_p25,permissive,none,none,0,normal,1,0,0,1304,na,na,na,na,na,resumed_to_ready,na,ok,"","",""
S025hub8.perm__db_parse_p50,S,db_parse_p50,permissive,none,none,0,normal,1,0,0,1304,na,na,na,na,na,resumed_to_ready,na,ok,"","",""
S025hub8.perm__db_parse_p75,S,db_parse_p75,permissive,none,none,0,normal,1,0,0,1304,na,na,na,na,na,resumed_to_ready,na,ok,"","",""
S025hub8.perm__epg_index,S,epg_index,permissive,none,none,0,normal,1,0,0,13596,na,na,na,na,na,resumed_to_ready,na,ok,"","",""
S025hub8.perm__epg_index_p25,S,epg_index_p25,permissive,none,none,0,normal,1,0,0,4380,na,na,na,na,na,resumed_to_ready,na,ok,"","",""
S025hub8.perm__epg_index_p50,S,epg_index_p50,permissive,none,none,0,normal,1,0,0,7452,na,na,na,na,na,resumed_to_ready,na,ok,"","",""
S025hub8.perm__epg_index_p75,S,epg_index_p75,permissive,none,none,0,normal,1,0,0,10528,na,na,na,na,na,resumed_to_ready,na,ok,"","",""
S025hub8.perm__epg_text,S,epg_text,permissive,none,none,0,normal,1,0,0,13596,na,na,na,na,na,resumed_to_ready,na,ok,"","",""
S025hub8.perm__epg_reserve,S,epg_reserve,permissive,none,none,0,normal,1,0,0,13592,na,na,na,na,na,resumed_to_ready,na,ok,"","",""
S025hub8.perm__hub_conn1,S,hub_conn1,permissive,none,none,0,normal,1,1,na,13592,na,na,na,na,na,na,na,dump_fail,"","(00.122730) Error (criu/sk-unix.c:881): unix: Can't dump half of stream unix connection. name: (null); peer name: ",""
S025hub8.perm__hub_conn2,S,hub_conn2,permissive,none,none,0,normal,1,1,na,13588,na,na,na,na,na,na,na,dump_fail,"","(00.130286) Error (criu/sk-unix.c:881): unix: Can't dump half of stream unix connection. name: (null); peer name: ",""
S025hub8.perm__hub_conn3,S,hub_conn3,permissive,none,none,0,normal,1,1,na,13588,na,na,na,na,na,na,na,dump_fail,"","(00.145046) Error (criu/sk-unix.c:881): unix: Can't dump half of stream unix connection. name: (null); peer name: ",""
S025hub8.perm__hub_conn4,S,hub_conn4,permissive,none,none,0,normal,1,1,na,13596,na,na,na,na,na,na,na,dump_fail,"","(00.156592) Error (criu/sk-unix.c:881): unix: Can't dump half of stream unix connection. name: (null); peer name: ",""
S025hub8.perm__hub_subscribed,S,hub_subscribed,permissive,none,none,0,normal,1,1,na,13596,na,na,na,na,na,na,na,dump_fail,"","(00.147713) Error (criu/sk-unix.c:881): unix: Can't dump half of stream unix connection. name: (null); peer name: ",""
S025hub8.perm__timer_armed,S,timer_armed,permissive,none,none,0,normal,1,1,na,13596,na,na,na,na,na,na,na,dump_fail,"","(00.154072) Error (criu/sk-unix.c:881): unix: Can't dump half of stream unix connection. name: (null); peer name: ",""
S025hub8.perm__db_watch,S,db_watch,permissive,none,none,0,normal,1,1,na,136,na,na,na,na,na,na,na,dump_fail,"","(00.142319) Error (criu/fsnotify.c:284): fsnotify: 	Can't dump that handle",""
S025hub8.perm__ready,S,ready,permissive,none,none,0,normal,1,1,na,136,na,na,na,na,na,na,na,dump_fail,"","(00.172763) Error (criu/fsnotify.c:284): fsnotify: 	Can't dump that handle",""
S025hub8.perm__steady,S,steady,permissive,none,none,0,normal,1,1,na,136,na,na,na,na,na,na,na,dump_fail,"","(00.131407) Error (criu/fsnotify.c:284): fsnotify: 	Can't dump that handle",""
S026tcprr.stri__init,S,init,strict,none,none,0,normal,1,0,0,284,na,na,na,na,na,resumed_to_ready,na,ok,"","",""
S026tcprr.stri__db_open,S,db_open,strict,none,none,0,normal,1,0,0,284,na,na,na,na,na,resumed_to_ready,na,ok,"","",""
S026tcprr.stri__db_read,S,db_read,strict,none,none,0,normal,1,0,0,1304,na,na,na,na,na,resumed_to_ready,na,ok,"","",""
S026tcprr.stri__db_read_p25,S,db_read_p25,strict,none,none,0,normal,1,0,0,1300,na,na,na,na,na,resumed_to_ready,na,ok,"","",""
S026tcprr.stri__db_read_p50,S,db_read_p50,strict,none,none,0,normal,1,0,0,1304,na,na,na,na,na,resumed_to_ready,na,ok,"","",""
S026tcprr.stri__db_read_p75,S,db_read_p75,strict,none,none,0,normal,1,0,0,1304,na,na,na,na,na,resumed_to_ready,na,ok,"","",""
S026tcprr.stri__db_parse,S,db_parse,strict,none,none,0,normal,1,0,0,1304,na,na,na,na,na,resumed_to_ready,na,ok,"","",""
S026tcprr.stri__db_parse_p25,S,db_parse_p25,strict,none,none,0,normal,1,0,0,1304,na,na,na,na,na,resumed_to_ready,na,ok,"","",""
S026tcprr.stri__db_parse_p50,S,db_parse_p50,strict,none,none,0,normal,1,0,0,1304,na,na,na,na,na,resumed_to_ready,na,ok,"","",""
S026tcprr.stri__db_parse_p75,S,db_parse_p75,strict,none,none,0,normal,1,0,0,1304,na,na,na,na,na,resumed_to_ready,na,ok,"","",""
S026tcprr.stri__epg_index,S,epg_index,strict,none,none,0,normal,1,0,0,13596,na,na,na,na,na,resumed_to_ready,na,ok,"","",""
S026tcprr.stri__epg_index_p25,S,epg_index_p25,strict,none,none,0,normal,1,0,0,4380,na,na,na,na,na,resumed_to_ready,na,ok,"","",""
S026tcprr.stri__epg_index_p50,S,epg_index_p50,strict,none,none,0,normal,1,0,0,7452,na,na,na,na,na,resumed_to_ready,na,ok,"","",""
S026tcprr.stri__epg_index_p75,S,epg_index_p75,strict,none,none,0,normal,1,0,0,10528,na,na,na,na,na,resumed_to_ready,na,ok,"","",""
S026tcprr.stri__epg_text,S,epg_text,strict,none,none,0,normal,1,0,0,13596,na,na,na,na,na,resumed_to_ready,na,ok,"","",""
S026tcprr.stri__epg_reserve,S,epg_reserve,strict,none,none,0,normal,1,0,0,13596,na,na,na,na,na,resumed_to_ready,na,ok,"","",""
S026tcprr.stri__hub_conn1,S,hub_conn1,strict,none,none,0,normal,1,1,na,13588,na,na,na,na,na,na,na,dump_fail,"","(00.161766) Error (criu/sk-unix.c:874): unix: External socket is used. Consider using --ext-unix-sk option.",""
S026tcprr.stri__hub_conn2,S,hub_conn2,strict,none,none,0,normal,1,1,na,13592,na,na,na,na,na,na,na,dump_fail,"","(00.126001) Error (criu/sk-unix.c:874): unix: External socket is used. Consider using --ext-unix-sk option.",""
S026tcprr.stri__hub_conn3,S,hub_conn3,strict,none,none,0,normal,1,1,na,13592,na,na,na,na,na,na,na,dump_fail,"","(00.155436) Error (criu/sk-unix.c:874): unix: External socket is used. Consider using --ext-unix-sk option.",""
S026tcprr.stri__hub_conn4,S,hub_conn4,strict,none,none,0,normal,1,1,na,13596,na,na,na,na,na,na,na,dump_fail,"","(00.168319) Error (criu/sk-unix.c:874): unix: External socket is used. Consider using --ext-unix-sk option.",""
S026tcprr.stri__hub_subscribed,S,hub_subscribed,strict,none,none,0,normal,1,1,na,13596,na,na,na,na,na,na,na,dump_fail,"","(00.154141) Error (criu/sk-unix.c:874): unix: External socket is used. Consider using --ext-unix-sk option.",""
S026tcprr.stri__tcp_conn,S,tcp_conn,strict,none,none,0,normal,1,1,na,56,na,na,na,na,na,na,na,dump_fail,"","(00.127012) Error (criu/sk-inet.c:200): inet: Connected TCP socket; consider using --tcp-established option.",""
S026tcprr.stri__timer_armed,S,timer_armed,strict,none,none,0,normal,1,1,na,56,na,na,na,na,na,na,na,dump_fail,"","(00.121166) Error (criu/sk-inet.c:200): inet: Connected TCP socket; consider using --tcp-established option.",""
S026tcprr.stri__db_watch,S,db_watch,strict,none,none,0,normal,1,1,na,56,na,na,na,na,na,na,na,dump_fail,"","(00.159420) Error (criu/sk-inet.c:200): inet: Connected TCP socket; consider using --tcp-established option.",""
S026tcprr.stri__ready,S,ready,strict,none,none,0,normal,1,1,na,56,na,na,na,na,na,na,na,dump_fail,"","(00.163284) Error (criu/sk-inet.c:200): inet: Connected TCP socket; consider using --tcp-established option.",""
S026tcprr.stri__steady,S,steady,strict,none,none,0,normal,1,1,na,56,na,na,na,na,na,na,na,dump_fail,"","(00.101980) Error (criu/sk-inet.c:200): inet: Connected TCP socket; consider using --tcp-established option.",""
S027tcprr.ext___init,S,init,ext_unix,none,none,0,normal,1,0,0,280,na,na,na,na,na,resumed_to_ready,na,ok,"","",""
S027tcprr.ext___db_open,S,db_open,ext_unix,none,none,0,normal,1,0,0,284,na,na,na,na,na,resumed_to_ready,na,ok,"","",""
S027tcprr.ext___db_read,S,db_read,ext_unix,none,none,0,normal,1,0,0,1304,na,na,na,na,na,resumed_to_ready,na,ok,"","",""
S027tcprr.ext___db_read_p25,S,db_read_p25,ext_unix,none,none,0,normal,1,0,0,1304,na,na,na,na,na,resumed_to_ready,na,ok,"","",""
S027tcprr.ext___db_read_p50,S,db_read_p50,ext_unix,none,none,0,normal,1,0,0,1304,na,na,na,na,na,resumed_to_ready,na,ok,"","",""
S027tcprr.ext___db_read_p75,S,db_read_p75,ext_unix,none,none,0,normal,1,0,0,1304,na,na,na,na,na,resumed_to_ready,na,ok,"","",""
S027tcprr.ext___db_parse,S,db_parse,ext_unix,none,none,0,normal,1,0,0,1304,na,na,na,na,na,resumed_to_ready,na,ok,"","",""
S027tcprr.ext___db_parse_p25,S,db_parse_p25,ext_unix,none,none,0,normal,1,0,0,1304,na,na,na,na,na,resumed_to_ready,na,ok,"","",""
S027tcprr.ext___db_parse_p50,S,db_parse_p50,ext_unix,none,none,0,normal,1,0,0,1300,na,na,na,na,na,resumed_to_ready,na,ok,"","",""
S027tcprr.ext___db_parse_p75,S,db_parse_p75,ext_unix,none,none,0,normal,1,0,0,1304,na,na,na,na,na,resumed_to_ready,na,ok,"","",""
S027tcprr.ext___epg_index,S,epg_index,ext_unix,none,none,0,normal,1,0,0,13596,na,na,na,na,na,resumed_to_ready,na,ok,"","",""
S027tcprr.ext___epg_index_p25,S,epg_index_p25,ext_unix,none,none,0,normal,1,0,0,4380,na,na,na,na,na,resumed_to_ready,na,ok,"","",""
S027tcprr.ext___epg_index_p50,S,epg_index_p50,ext_unix,none,none,0,normal,1,0,0,7452,na,na,na,na,na,resumed_to_ready,na,ok,"","",""
S027tcprr.ext___epg_index_p75,S,epg_index_p75,ext_unix,none,none,0,normal,1,0,0,10528,na,na,na,na,na,resumed_to_ready,na,ok,"","",""
S027tcprr.ext___epg_text,S,epg_text,ext_unix,none,none,0,normal,1,0,0,13596,na,na,na,na,na,resumed_to_ready,na,ok,"","",""
S027tcprr.ext___epg_reserve,S,epg_reserve,ext_unix,none,none,0,normal,1,0,0,13596,na,na,na,na,na,resumed_to_ready,na,ok,"","",""
S027tcprr.ext___hub_conn1,S,hub_conn1,ext_unix,none,none,0,normal,1,1,na,13592,na,na,na,na,na,na,na,dump_fail,"","(00.132047) Error (criu/sk-unix.c:881): unix: Can't dump half of stream unix connection. name: (null); peer name: ",""
S027tcprr.ext___hub_conn2,S,hub_conn2,ext_unix,none,none,0,normal,1,1,na,13592,na,na,na,na,na,na,na,dump_fail,"","(00.148914) Error (criu/sk-unix.c:881): unix: Can't dump half of stream unix connection. name: (null); peer name: ",""
S027tcprr.ext___hub_conn3,S,hub_conn3,ext_unix,none,none,0,normal,1,1,na,13592,na,na,na,na,na,na,na,dump_fail,"","(00.154302) Error (criu/sk-unix.c:881): unix: Can't dump half of stream unix connection. name: (null); peer name: ",""
S027tcprr.ext___hub_conn4,S,hub_conn4,ext_unix,none,none,0,normal,1,1,na,13596,na,na,na,na,na,na,na,dump_fail,"","(00.183917) Error (criu/sk-unix.c:881): unix: Can't dump half of stream unix connection. name: (null); peer name: ",""
S027tcprr.ext___hub_subscribed,S,hub_subscribed,ext_unix,none,none,0,normal,1,1,na,13596,na,na,na,na,na,na,na,dump_fail,"","(00.125305) Error (criu/sk-unix.c:881): unix: Can't dump half of stream unix connection. name: (null); peer name: ",""
S027tcprr.ext___tcp_conn,S,tcp_conn,ext_unix,none,none,0,normal,1,1,na,56,na,na,na,na,na,na,na,dump_fail,"","(00.116163) Error (criu/sk-inet.c:200): inet: Connected TCP socket; consider using --tcp-established option.",""
S027tcprr.ext___timer_armed,S,timer_armed,ext_unix,none,none,0,normal,1,1,na,56,na,na,na,na,na,na,na,dump_fail,"","(00.143715) Error (criu/sk-inet.c:200): inet: Connected TCP socket; consider using --tcp-established option.",""
S027tcprr.ext___db_watch,S,db_watch,ext_unix,none,none,0,normal,1,1,na,56,na,na,na,na,na,na,na,dump_fail,"","(00.129706) Error (criu/sk-inet.c:200): inet: Connected TCP socket; consider using --tcp-established option.",""
S027tcprr.ext___ready,S,ready,ext_unix,none,none,0,normal,1,1,na,56,na,na,na,na,na,na,na,dump_fail,"","(00.111050) Error (criu/sk-inet.c:200): inet: Connected TCP socket; consider using --tcp-established option.",""
S027tcprr.ext___steady,S,steady,ext_unix,none,none,0,normal,1,1,na,56,na,na,na,na,na,na,na,dump_fail,"","(00.150867) Error (criu/sk-inet.c:200): inet: Connected TCP socket; consider using --tcp-established option.",""
S028tcprr.tcp___init,S,init,tcp_est,none,none,0,normal,1,0,0,284,na,na,na,na,na,resumed_to_ready,na,ok,"","",""
S028tcprr.tcp___db_open,S,db_open,tcp_est,none,none,0,normal,1,0,0,284,na,na,na,na,na,resumed_to_ready,na,ok,"","",""
S028tcprr.tcp___db_read,S,db_read,tcp_est,none,none,0,normal,1,0,0,1304,na,na,na,na,na,resumed_to_ready,na,ok,"","",""
S028tcprr.tcp___db_read_p25,S,db_read_p25,tcp_est,none,none,0,normal,1,0,0,1304,na,na,na,na,na,resumed_to_ready,na,ok,"","",""
S028tcprr.tcp___db_read_p50,S,db_read_p50,tcp_est,none,none,0,normal,1,0,0,1304,na,na,na,na,na,resumed_to_ready,na,ok,"","",""
S028tcprr.tcp___db_read_p75,S,db_read_p75,tcp_est,none,none,0,normal,1,0,0,1304,na,na,na,na,na,resumed_to_ready,na,ok,"","",""
S028tcprr.tcp___db_parse,S,db_parse,tcp_est,none,none,0,normal,1,0,0,1304,na,na,na,na,na,resumed_to_ready,na,ok,"","",""
S028tcprr.tcp___db_parse_p25,S,db_parse_p25,tcp_est,none,none,0,normal,1,0,0,1304,na,na,na,na,na,resumed_to_ready,na,ok,"","",""
S028tcprr.tcp___db_parse_p50,S,db_parse_p50,tcp_est,none,none,0,normal,1,0,0,1304,na,na,na,na,na,resumed_to_ready,na,ok,"","",""
S028tcprr.tcp___db_parse_p75,S,db_parse_p75,tcp_est,none,none,0,normal,1,0,0,1304,na,na,na,na,na,resumed_to_ready,na,ok,"","",""
S028tcprr.tcp___epg_index,S,epg_index,tcp_est,none,none,0,normal,1,0,0,13596,na,na,na,na,na,resumed_to_ready,na,ok,"","",""
S028tcprr.tcp___epg_index_p25,S,epg_index_p25,tcp_est,none,none,0,normal,1,0,0,4376,na,na,na,na,na,resumed_to_ready,na,ok,"","",""
S028tcprr.tcp___epg_index_p50,S,epg_index_p50,tcp_est,none,none,0,normal,1,0,0,7452,na,na,na,na,na,resumed_to_ready,na,ok,"","",""
S028tcprr.tcp___epg_index_p75,S,epg_index_p75,tcp_est,none,none,0,normal,1,0,0,10524,na,na,na,na,na,resumed_to_ready,na,ok,"","",""
S028tcprr.tcp___epg_text,S,epg_text,tcp_est,none,none,0,normal,1,0,0,13596,na,na,na,na,na,resumed_to_ready,na,ok,"","",""
S028tcprr.tcp___epg_reserve,S,epg_reserve,tcp_est,none,none,0,normal,1,0,0,13596,na,na,na,na,na,resumed_to_ready,na,ok,"","",""
S028tcprr.tcp___hub_conn1,S,hub_conn1,tcp_est,none,none,0,normal,1,1,na,13592,na,na,na,na,na,na,na,dump_fail,"","(00.145592) Error (criu/sk-unix.c:874): unix: External socket is used. Consider using --ext-unix-sk option.",""
S028tcprr.tcp___hub_conn2,S,hub_conn2,tcp_est,none,none,0,normal,1,1,na,13592,na,na,na,na,na,na,na,dump_fail,"","(00.153420) Error (criu/sk-unix.c:874): unix: External socket is used. Consider using --ext-unix-sk option.",""
S028tcprr.tcp___hub_conn3,S,hub_conn3,tcp_est,none,none,0,normal,1,1,na,13592,na,na,na,na,na,na,na,dump_fail,"","(00.132190) Error (criu/sk-unix.c:874): unix: External socket is used. Consider using --ext-unix-sk option.",""
S028tcprr.tcp___hub_conn4,S,hub_conn4,tcp_est,none,none,0,normal,1,1,na,13596,na,na,na,na,na,na,na,dump_fail,"","(00.109712) Error (criu/sk-unix.c:874): unix: External socket is used. Consider using --ext-unix-sk option.",""
S028tcprr.tcp___hub_subscribed,S,hub_subscribed,tcp_est,none,none,0,normal,1,1,na,13596,na,na,na,na,na,na,na,dump_fail,"","(00.159292) Error (criu/sk-unix.c:874): unix: External socket is used. Consider using --ext-unix-sk option.",""
S028tcprr.tcp___tcp_conn,S,tcp_conn,tcp_est,none,none,0,normal,1,1,na,13600,na,na,na,na,na,na,na,dump_fail,"","(00.270179) Error (criu/sk-unix.c:874): unix: External socket is used. Consider using --ext-unix-sk option.",""
S028tcprr.tcp___timer_armed,S,timer_armed,tcp_est,none,none,0,normal,1,1,na,13600,na,na,na,na,na,na,na,dump_fail,"","(00.114948) Error (criu/sk-unix.c:874): unix: External socket is used. Consider using --ext-unix-sk option.",""
S028tcprr.tcp___db_watch,S,db_watch,tcp_est,none,none,0,normal,1,1,na,140,na,na,na,na,na,na,na,dump_fail,"","(00.189102) Error (criu/fsnotify.c:284): fsnotify: 	Can't dump that handle",""
S028tcprr.tcp___ready,S,ready,tcp_est,none,none,0,normal,1,1,na,140,na,na,na,na,na,na,na,dump_fail,"","(00.219005) Error (criu/fsnotify.c:284): fsnotify: 	Can't dump that handle",""
S028tcprr.tcp___steady,S,steady,tcp_est,none,none,0,normal,1,1,na,140,na,na,na,na,na,na,na,dump_fail,"","(00.212097) Error (criu/fsnotify.c:284): fsnotify: 	Can't dump that handle",""
S029tcprr.file__init,S,init,filelocks,none,none,0,normal,1,0,0,284,na,na,na,na,na,resumed_to_ready,na,ok,"","",""
S029tcprr.file__db_open,S,db_open,filelocks,none,none,0,normal,1,0,0,284,na,na,na,na,na,resumed_to_ready,na,ok,"","",""
S029tcprr.file__db_read,S,db_read,filelocks,none,none,0,normal,1,0,0,1304,na,na,na,na,na,resumed_to_ready,na,ok,"","",""
S029tcprr.file__db_read_p25,S,db_read_p25,filelocks,none,none,0,normal,1,0,0,1304,na,na,na,na,na,resumed_to_ready,na,ok,"","",""
S029tcprr.file__db_read_p50,S,db_read_p50,filelocks,none,none,0,normal,1,0,0,1304,na,na,na,na,na,resumed_to_ready,na,ok,"","",""
S029tcprr.file__db_read_p75,S,db_read_p75,filelocks,none,none,0,normal,1,0,0,1304,na,na,na,na,na,resumed_to_ready,na,ok,"","",""
S029tcprr.file__db_parse,S,db_parse,filelocks,none,none,0,normal,1,0,0,1304,na,na,na,na,na,resumed_to_ready,na,ok,"","",""
S029tcprr.file__db_parse_p25,S,db_parse_p25,filelocks,none,none,0,normal,1,0,0,1304,na,na,na,na,na,resumed_to_ready,na,ok,"","",""
S029tcprr.file__db_parse_p50,S,db_parse_p50,filelocks,none,none,0,normal,1,0,0,1304,na,na,na,na,na,resumed_to_ready,na,ok,"","",""
S029tcprr.file__db_parse_p75,S,db_parse_p75,filelocks,none,none,0,normal,1,0,0,1304,na,na,na,na,na,resumed_to_ready,na,ok,"","",""
S029tcprr.file__epg_index,S,epg_index,filelocks,none,none,0,normal,1,0,0,13596,na,na,na,na,na,resumed_to_ready,na,ok,"","",""
S029tcprr.file__epg_index_p25,S,epg_index_p25,filelocks,none,none,0,normal,1,0,0,4380,na,na,na,na,na,resumed_to_ready,na,ok,"","",""
S029tcprr.file__epg_index_p50,S,epg_index_p50,filelocks,none,none,0,normal,1,0,0,7452,na,na,na,na,na,resumed_to_ready,na,ok,"","",""
S029tcprr.file__epg_index_p75,S,epg_index_p75,filelocks,none,none,0,normal,1,0,0,10524,na,na,na,na,na,resumed_to_ready,na,ok,"","",""
S029tcprr.file__epg_text,S,epg_text,filelocks,none,none,0,normal,1,0,0,13592,na,na,na,na,na,resumed_to_ready,na,ok,"","",""
S029tcprr.file__epg_reserve,S,epg_reserve,filelocks,none,none,0,normal,1,0,0,13596,na,na,na,na,na,resumed_to_ready,na,ok,"","",""
S029tcprr.file__hub_conn1,S,hub_conn1,filelocks,none,none,0,normal,1,1,na,13592,na,na,na,na,na,na,na,dump_fail,"","(00.140411) Error (criu/sk-unix.c:874): unix: External socket is used. Consider using --ext-unix-sk option.",""
S029tcprr.file__hub_conn2,S,hub_conn2,filelocks,none,none,0,normal,1,1,na,13592,na,na,na,na,na,na,na,dump_fail,"","(00.089095) Error (criu/sk-unix.c:874): unix: External socket is used. Consider using --ext-unix-sk option.",""
S029tcprr.file__hub_conn3,S,hub_conn3,filelocks,none,none,0,normal,1,1,na,13592,na,na,na,na,na,na,na,dump_fail,"","(00.157172) Error (criu/sk-unix.c:874): unix: External socket is used. Consider using --ext-unix-sk option.",""
S029tcprr.file__hub_conn4,S,hub_conn4,filelocks,none,none,0,normal,1,1,na,13596,na,na,na,na,na,na,na,dump_fail,"","(00.110726) Error (criu/sk-unix.c:874): unix: External socket is used. Consider using --ext-unix-sk option.",""
S029tcprr.file__hub_subscribed,S,hub_subscribed,filelocks,none,none,0,normal,1,1,na,13596,na,na,na,na,na,na,na,dump_fail,"","(00.104017) Error (criu/sk-unix.c:874): unix: External socket is used. Consider using --ext-unix-sk option.",""
S029tcprr.file__tcp_conn,S,tcp_conn,filelocks,none,none,0,normal,1,1,na,56,na,na,na,na,na,na,na,dump_fail,"","(00.147688) Error (criu/sk-inet.c:200): inet: Connected TCP socket; consider using --tcp-established option.",""
S029tcprr.file__timer_armed,S,timer_armed,filelocks,none,none,0,normal,1,1,na,56,na,na,na,na,na,na,na,dump_fail,"","(00.148609) Error (criu/sk-inet.c:200): inet: Connected TCP socket; consider using --tcp-established option.",""
S029tcprr.file__db_watch,S,db_watch,filelocks,none,none,0,normal,1,1,na,56,na,na,na,na,na,na,na,dump_fail,"","(00.128118) Error (criu/sk-inet.c:200): inet: Connected TCP socket; consider using --tcp-established option.",""
S029tcprr.file__ready,S,ready,filelocks,none,none,0,normal,1,1,na,56,na,na,na,na,na,na,na,dump_fail,"","(00.147397) Error (criu/sk-inet.c:200): inet: Connected TCP socket; consider using --tcp-established option.",""
S029tcprr.file__steady,S,steady,filelocks,none,none,0,normal,1,1,na,56,na,na,na,na,na,na,na,dump_fail,"","(00.151063) Error (criu/sk-inet.c:200): inet: Connected TCP socket; consider using --tcp-established option.",""
S030tcprr.perm__init,S,init,permissive,none,none,0,normal,1,0,0,284,na,na,na,na,na,resumed_to_ready,na,ok,"","",""
S030tcprr.perm__db_open,S,db_open,permissive,none,none,0,normal,1,0,0,284,na,na,na,na,na,resumed_to_ready,na,ok,"","",""
S030tcprr.perm__db_read,S,db_read,permissive,none,none,0,normal,1,0,0,1304,na,na,na,na,na,resumed_to_ready,na,ok,"","",""
S030tcprr.perm__db_read_p25,S,db_read_p25,permissive,none,none,0,normal,1,0,0,1304,na,na,na,na,na,resumed_to_ready,na,ok,"","",""
S030tcprr.perm__db_read_p50,S,db_read_p50,permissive,none,none,0,normal,1,0,0,1304,na,na,na,na,na,resumed_to_ready,na,ok,"","",""
S030tcprr.perm__db_read_p75,S,db_read_p75,permissive,none,none,0,normal,1,0,0,1304,na,na,na,na,na,resumed_to_ready,na,ok,"","",""
S030tcprr.perm__db_parse,S,db_parse,permissive,none,none,0,normal,1,0,0,1304,na,na,na,na,na,resumed_to_ready,na,ok,"","",""
S030tcprr.perm__db_parse_p25,S,db_parse_p25,permissive,none,none,0,normal,1,0,0,1304,na,na,na,na,na,resumed_to_ready,na,ok,"","",""
S030tcprr.perm__db_parse_p50,S,db_parse_p50,permissive,none,none,0,normal,1,0,0,1304,na,na,na,na,na,resumed_to_ready,na,ok,"","",""
S030tcprr.perm__db_parse_p75,S,db_parse_p75,permissive,none,none,0,normal,1,0,0,1304,na,na,na,na,na,resumed_to_ready,na,ok,"","",""
S030tcprr.perm__epg_index,S,epg_index,permissive,none,none,0,normal,1,0,0,13596,na,na,na,na,na,resumed_to_ready,na,ok,"","",""
S030tcprr.perm__epg_index_p25,S,epg_index_p25,permissive,none,none,0,normal,1,0,0,4380,na,na,na,na,na,resumed_to_ready,na,ok,"","",""
S030tcprr.perm__epg_index_p50,S,epg_index_p50,permissive,none,none,0,normal,1,0,0,7452,na,na,na,na,na,resumed_to_ready,na,ok,"","",""
S030tcprr.perm__epg_index_p75,S,epg_index_p75,permissive,none,none,0,normal,1,0,0,10524,na,na,na,na,na,resumed_to_ready,na,ok,"","",""
S030tcprr.perm__epg_text,S,epg_text,permissive,none,none,0,normal,1,0,0,13596,na,na,na,na,na,resumed_to_ready,na,ok,"","",""
S030tcprr.perm__epg_reserve,S,epg_reserve,permissive,none,none,0,normal,1,0,0,13596,na,na,na,na,na,resumed_to_ready,na,ok,"","",""
S030tcprr.perm__hub_conn1,S,hub_conn1,permissive,none,none,0,normal,1,1,na,13592,na,na,na,na,na,na,na,dump_fail,"","(00.138130) Error (criu/sk-unix.c:881): unix: Can't dump half of stream unix connection. name: (null); peer name: ",""
S030tcprr.perm__hub_conn2,S,hub_conn2,permissive,none,none,0,normal,1,1,na,13592,na,na,na,na,na,na,na,dump_fail,"","(00.082831) Error (criu/sk-unix.c:881): unix: Can't dump half of stream unix connection. name: (null); peer name: ",""
S030tcprr.perm__hub_conn3,S,hub_conn3,permissive,none,none,0,normal,1,1,na,13588,na,na,na,na,na,na,na,dump_fail,"","(00.150736) Error (criu/sk-unix.c:881): unix: Can't dump half of stream unix connection. name: (null); peer name: ",""
S030tcprr.perm__hub_conn4,S,hub_conn4,permissive,none,none,0,normal,1,1,na,13592,na,na,na,na,na,na,na,dump_fail,"","(00.139408) Error (criu/sk-unix.c:881): unix: Can't dump half of stream unix connection. name: (null); peer name: ",""
S030tcprr.perm__hub_subscribed,S,hub_subscribed,permissive,none,none,0,normal,1,1,na,13596,na,na,na,na,na,na,na,dump_fail,"","(00.148022) Error (criu/sk-unix.c:881): unix: Can't dump half of stream unix connection. name: (null); peer name: ",""
S030tcprr.perm__tcp_conn,S,tcp_conn,permissive,none,none,0,normal,1,1,na,13600,na,na,na,na,na,na,na,dump_fail,"","(00.165837) Error (criu/sk-unix.c:881): unix: Can't dump half of stream unix connection. name: (null); peer name: ",""
S030tcprr.perm__timer_armed,S,timer_armed,permissive,none,none,0,normal,1,1,na,13600,na,na,na,na,na,na,na,dump_fail,"","(00.110874) Error (criu/sk-unix.c:881): unix: Can't dump half of stream unix connection. name: (null); peer name: ",""
S030tcprr.perm__db_watch,S,db_watch,permissive,none,none,0,normal,1,1,na,140,na,na,na,na,na,na,na,dump_fail,"","(00.155019) Error (criu/fsnotify.c:284): fsnotify: 	Can't dump that handle",""
S030tcprr.perm__ready,S,ready,permissive,none,none,0,normal,1,1,na,140,na,na,na,na,na,na,na,dump_fail,"","(00.116889) Error (criu/fsnotify.c:284): fsnotify: 	Can't dump that handle",""
S030tcprr.perm__steady,S,steady,permissive,none,none,0,normal,1,1,na,140,na,na,na,na,na,na,na,dump_fail,"","(00.152537) Error (criu/fsnotify.c:284): fsnotify: 	Can't dump that handle",""
S031tcpst.stri__init,S,init,strict,none,none,0,normal,1,0,0,284,na,na,na,na,na,resumed_to_ready,na,ok,"","",""
S031tcpst.stri__db_open,S,db_open,strict,none,none,0,normal,1,0,0,284,na,na,na,na,na,resumed_to_ready,na,ok,"","",""
S031tcpst.stri__db_read,S,db_read,strict,none,none,0,normal,1,0,0,1304,na,na,na,na,na,resumed_to_ready,na,ok,"","",""
S031tcpst.stri__db_read_p25,S,db_read_p25,strict,none,none,0,normal,1,0,0,1304,na,na,na,na,na,resumed_to_ready,na,ok,"","",""
S031tcpst.stri__db_read_p50,S,db_read_p50,strict,none,none,0,normal,1,0,0,1304,na,na,na,na,na,resumed_to_ready,na,ok,"","",""
S031tcpst.stri__db_read_p75,S,db_read_p75,strict,none,none,0,normal,1,0,0,1304,na,na,na,na,na,resumed_to_ready,na,ok,"","",""
S031tcpst.stri__db_parse,S,db_parse,strict,none,none,0,normal,1,0,0,1304,na,na,na,na,na,resumed_to_ready,na,ok,"","",""
S031tcpst.stri__db_parse_p25,S,db_parse_p25,strict,none,none,0,normal,1,0,0,1304,na,na,na,na,na,resumed_to_ready,na,ok,"","",""
S031tcpst.stri__db_parse_p50,S,db_parse_p50,strict,none,none,0,normal,1,0,0,1304,na,na,na,na,na,resumed_to_ready,na,ok,"","",""
S031tcpst.stri__db_parse_p75,S,db_parse_p75,strict,none,none,0,normal,1,0,0,1304,na,na,na,na,na,resumed_to_ready,na,ok,"","",""
S031tcpst.stri__epg_index,S,epg_index,strict,none,none,0,normal,1,0,0,13596,na,na,na,na,na,resumed_to_ready,na,ok,"","",""
S031tcpst.stri__epg_index_p25,S,epg_index_p25,strict,none,none,0,normal,1,0,0,4380,na,na,na,na,na,resumed_to_ready,na,ok,"","",""
S031tcpst.stri__epg_index_p50,S,epg_index_p50,strict,none,none,0,normal,1,0,0,7452,na,na,na,na,na,resumed_to_ready,na,ok,"","",""
S031tcpst.stri__epg_index_p75,S,epg_index_p75,strict,none,none,0,normal,1,0,0,10524,na,na,na,na,na,resumed_to_ready,na,ok,"","",""
S031tcpst.stri__epg_text,S,epg_text,strict,none,none,0,normal,1,0,0,13592,na,na,na,na,na,resumed_to_ready,na,ok,"","",""
S031tcpst.stri__epg_reserve,S,epg_reserve,strict,none,none,0,normal,1,0,0,13592,na,na,na,na,na,resumed_to_ready,na,ok,"","",""
S031tcpst.stri__hub_conn1,S,hub_conn1,strict,none,none,0,normal,1,1,na,13588,na,na,na,na,na,na,na,dump_fail,"","(00.125936) Error (criu/sk-unix.c:874): unix: External socket is used. Consider using --ext-unix-sk option.",""
S031tcpst.stri__hub_conn2,S,hub_conn2,strict,none,none,0,normal,1,1,na,13592,na,na,na,na,na,na,na,dump_fail,"","(00.128880) Error (criu/sk-unix.c:874): unix: External socket is used. Consider using --ext-unix-sk option.",""
S031tcpst.stri__hub_conn3,S,hub_conn3,strict,none,none,0,normal,1,1,na,13596,na,na,na,na,na,na,na,dump_fail,"","(00.155617) Error (criu/sk-unix.c:874): unix: External socket is used. Consider using --ext-unix-sk option.",""
S031tcpst.stri__hub_conn4,S,hub_conn4,strict,none,none,0,normal,1,1,na,13596,na,na,na,na,na,na,na,dump_fail,"","(00.138680) Error (criu/sk-unix.c:874): unix: External socket is used. Consider using --ext-unix-sk option.",""
S031tcpst.stri__hub_subscribed,S,hub_subscribed,strict,none,none,0,normal,1,1,na,13596,na,na,na,na,na,na,na,dump_fail,"","(00.135062) Error (criu/sk-unix.c:874): unix: External socket is used. Consider using --ext-unix-sk option.",""
S031tcpst.stri__tcp_conn,S,tcp_conn,strict,none,none,0,normal,1,1,na,56,na,na,na,na,na,na,na,dump_fail,"","(00.119109) Error (criu/sk-inet.c:200): inet: Connected TCP socket; consider using --tcp-established option.",""
S031tcpst.stri__timer_armed,S,timer_armed,strict,none,none,0,normal,1,1,na,56,na,na,na,na,na,na,na,dump_fail,"","(00.112542) Error (criu/sk-inet.c:200): inet: Connected TCP socket; consider using --tcp-established option.",""
S031tcpst.stri__db_watch,S,db_watch,strict,none,none,0,normal,1,1,na,56,na,na,na,na,na,na,na,dump_fail,"","(00.137755) Error (criu/sk-inet.c:200): inet: Connected TCP socket; consider using --tcp-established option.",""
S031tcpst.stri__ready,S,ready,strict,none,none,0,normal,1,1,na,56,na,na,na,na,na,na,na,dump_fail,"","(00.099785) Error (criu/sk-inet.c:200): inet: Connected TCP socket; consider using --tcp-established option.",""
S031tcpst.stri__steady,S,steady,strict,none,none,0,normal,1,1,na,56,na,na,na,na,na,na,na,dump_fail,"","(00.132298) Error (criu/sk-inet.c:200): inet: Connected TCP socket; consider using --tcp-established option.",""
S032tcpst.ext___init,S,init,ext_unix,none,none,0,normal,1,0,0,284,na,na,na,na,na,resumed_to_ready,na,ok,"","",""
S032tcpst.ext___db_open,S,db_open,ext_unix,none,none,0,normal,1,0,0,284,na,na,na,na,na,resumed_to_ready,na,ok,"","",""
S032tcpst.ext___db_read,S,db_read,ext_unix,none,none,0,normal,1,0,0,1304,na,na,na,na,na,resumed_to_ready,na,ok,"","",""
S032tcpst.ext___db_read_p25,S,db_read_p25,ext_unix,none,none,0,normal,1,0,0,1304,na,na,na,na,na,resumed_to_ready,na,ok,"","",""
S032tcpst.ext___db_read_p50,S,db_read_p50,ext_unix,none,none,0,normal,1,0,0,1304,na,na,na,na,na,resumed_to_ready,na,ok,"","",""
S032tcpst.ext___db_read_p75,S,db_read_p75,ext_unix,none,none,0,normal,1,0,0,1304,na,na,na,na,na,resumed_to_ready,na,ok,"","",""
S032tcpst.ext___db_parse,S,db_parse,ext_unix,none,none,0,normal,1,0,0,1304,na,na,na,na,na,resumed_to_ready,na,ok,"","",""
S032tcpst.ext___db_parse_p25,S,db_parse_p25,ext_unix,none,none,0,normal,1,0,0,1304,na,na,na,na,na,resumed_to_ready,na,ok,"","",""
S032tcpst.ext___db_parse_p50,S,db_parse_p50,ext_unix,none,none,0,normal,1,0,0,1308,na,na,na,na,na,resumed_to_ready,na,ok,"","",""
S032tcpst.ext___db_parse_p75,S,db_parse_p75,ext_unix,none,none,0,normal,1,0,0,1304,na,na,na,na,na,resumed_to_ready,na,ok,"","",""
S032tcpst.ext___epg_index,S,epg_index,ext_unix,none,none,0,normal,1,0,0,13596,na,na,na,na,na,resumed_to_ready,na,ok,"","",""
S032tcpst.ext___epg_index_p25,S,epg_index_p25,ext_unix,none,none,0,normal,1,0,0,4380,na,na,na,na,na,resumed_to_ready,na,ok,"","",""
S032tcpst.ext___epg_index_p50,S,epg_index_p50,ext_unix,none,none,0,normal,1,0,0,7452,na,na,na,na,na,resumed_to_ready,na,ok,"","",""
S032tcpst.ext___epg_index_p75,S,epg_index_p75,ext_unix,none,none,0,normal,1,0,0,10528,na,na,na,na,na,resumed_to_ready,na,ok,"","",""
S032tcpst.ext___epg_text,S,epg_text,ext_unix,none,none,0,normal,1,0,0,13596,na,na,na,na,na,resumed_to_ready,na,ok,"","",""
S032tcpst.ext___epg_reserve,S,epg_reserve,ext_unix,none,none,0,normal,1,0,0,13596,na,na,na,na,na,resumed_to_ready,na,ok,"","",""
S032tcpst.ext___hub_conn1,S,hub_conn1,ext_unix,none,none,0,normal,1,1,na,13592,na,na,na,na,na,na,na,dump_fail,"","(00.158644) Error (criu/sk-unix.c:881): unix: Can't dump half of stream unix connection. name: (null); peer name: ",""
S032tcpst.ext___hub_conn2,S,hub_conn2,ext_unix,none,none,0,normal,1,1,na,13592,na,na,na,na,na,na,na,dump_fail,"","(00.125060) Error (criu/sk-unix.c:881): unix: Can't dump half of stream unix connection. name: (null); peer name: ",""
S032tcpst.ext___hub_conn3,S,hub_conn3,ext_unix,none,none,0,normal,1,1,na,13592,na,na,na,na,na,na,na,dump_fail,"","(00.137828) Error (criu/sk-unix.c:881): unix: Can't dump half of stream unix connection. name: (null); peer name: ",""
S032tcpst.ext___hub_conn4,S,hub_conn4,ext_unix,none,none,0,normal,1,1,na,13596,na,na,na,na,na,na,na,dump_fail,"","(00.151639) Error (criu/sk-unix.c:881): unix: Can't dump half of stream unix connection. name: (null); peer name: ",""
S032tcpst.ext___hub_subscribed,S,hub_subscribed,ext_unix,none,none,0,normal,1,1,na,13596,na,na,na,na,na,na,na,dump_fail,"","(00.150612) Error (criu/sk-unix.c:881): unix: Can't dump half of stream unix connection. name: (null); peer name: ",""
S032tcpst.ext___tcp_conn,S,tcp_conn,ext_unix,none,none,0,normal,1,1,na,56,na,na,na,na,na,na,na,dump_fail,"","(00.122061) Error (criu/sk-inet.c:200): inet: Connected TCP socket; consider using --tcp-established option.",""
S032tcpst.ext___timer_armed,S,timer_armed,ext_unix,none,none,0,normal,1,1,na,56,na,na,na,na,na,na,na,dump_fail,"","(00.126045) Error (criu/sk-inet.c:200): inet: Connected TCP socket; consider using --tcp-established option.",""
S032tcpst.ext___db_watch,S,db_watch,ext_unix,none,none,0,normal,1,1,na,56,na,na,na,na,na,na,na,dump_fail,"","(00.123269) Error (criu/sk-inet.c:200): inet: Connected TCP socket; consider using --tcp-established option.",""
S032tcpst.ext___ready,S,ready,ext_unix,none,none,0,normal,1,1,na,56,na,na,na,na,na,na,na,dump_fail,"","(00.119056) Error (criu/sk-inet.c:200): inet: Connected TCP socket; consider using --tcp-established option.",""
S032tcpst.ext___steady,S,steady,ext_unix,none,none,0,normal,1,1,na,56,na,na,na,na,na,na,na,dump_fail,"","(00.122537) Error (criu/sk-inet.c:200): inet: Connected TCP socket; consider using --tcp-established option.",""
S033tcpst.tcp___init,S,init,tcp_est,none,none,0,normal,1,0,0,284,na,na,na,na,na,resumed_to_ready,na,ok,"","",""
S033tcpst.tcp___db_open,S,db_open,tcp_est,none,none,0,normal,1,0,0,284,na,na,na,na,na,resumed_to_ready,na,ok,"","",""
S033tcpst.tcp___db_read,S,db_read,tcp_est,none,none,0,normal,1,0,0,1304,na,na,na,na,na,resumed_to_ready,na,ok,"","",""
S033tcpst.tcp___db_read_p25,S,db_read_p25,tcp_est,none,none,0,normal,1,0,0,1304,na,na,na,na,na,resumed_to_ready,na,ok,"","",""
S033tcpst.tcp___db_read_p50,S,db_read_p50,tcp_est,none,none,0,normal,1,0,0,1304,na,na,na,na,na,resumed_to_ready,na,ok,"","",""
S033tcpst.tcp___db_read_p75,S,db_read_p75,tcp_est,none,none,0,normal,1,0,0,1304,na,na,na,na,na,resumed_to_ready,na,ok,"","",""
S033tcpst.tcp___db_parse,S,db_parse,tcp_est,none,none,0,normal,1,0,0,1304,na,na,na,na,na,resumed_to_ready,na,ok,"","",""
S033tcpst.tcp___db_parse_p25,S,db_parse_p25,tcp_est,none,none,0,normal,1,0,0,1304,na,na,na,na,na,resumed_to_ready,na,ok,"","",""
S033tcpst.tcp___db_parse_p50,S,db_parse_p50,tcp_est,none,none,0,normal,1,0,0,1300,na,na,na,na,na,resumed_to_ready,na,ok,"","",""
S033tcpst.tcp___db_parse_p75,S,db_parse_p75,tcp_est,none,none,0,normal,1,0,0,1304,na,na,na,na,na,resumed_to_ready,na,ok,"","",""
S033tcpst.tcp___epg_index,S,epg_index,tcp_est,none,none,0,normal,1,0,0,13596,na,na,na,na,na,resumed_to_ready,na,ok,"","",""
S033tcpst.tcp___epg_index_p25,S,epg_index_p25,tcp_est,none,none,0,normal,1,0,0,4380,na,na,na,na,na,resumed_to_ready,na,ok,"","",""
S033tcpst.tcp___epg_index_p50,S,epg_index_p50,tcp_est,none,none,0,normal,1,0,0,7452,na,na,na,na,na,resumed_to_ready,na,ok,"","",""
S033tcpst.tcp___epg_index_p75,S,epg_index_p75,tcp_est,none,none,0,normal,1,0,0,10524,na,na,na,na,na,resumed_to_ready,na,ok,"","",""
S033tcpst.tcp___epg_text,S,epg_text,tcp_est,none,none,0,normal,1,0,0,13596,na,na,na,na,na,resumed_to_ready,na,ok,"","",""
S033tcpst.tcp___epg_reserve,S,epg_reserve,tcp_est,none,none,0,normal,1,0,0,13596,na,na,na,na,na,resumed_to_ready,na,ok,"","",""
S033tcpst.tcp___hub_conn1,S,hub_conn1,tcp_est,none,none,0,normal,1,1,na,13592,na,na,na,na,na,na,na,dump_fail,"","(00.132977) Error (criu/sk-unix.c:874): unix: External socket is used. Consider using --ext-unix-sk option.",""
S033tcpst.tcp___hub_conn2,S,hub_conn2,tcp_est,none,none,0,normal,1,1,na,13592,na,na,na,na,na,na,na,dump_fail,"","(00.080110) Error (criu/sk-unix.c:874): unix: External socket is used. Consider using --ext-unix-sk option.",""
S033tcpst.tcp___hub_conn3,S,hub_conn3,tcp_est,none,none,0,normal,1,1,na,13596,na,na,na,na,na,na,na,dump_fail,"","(00.150686) Error (criu/sk-unix.c:874): unix: External socket is used. Consider using --ext-unix-sk option.",""
S033tcpst.tcp___hub_conn4,S,hub_conn4,tcp_est,none,none,0,normal,1,1,na,13596,na,na,na,na,na,na,na,dump_fail,"","(00.172159) Error (criu/sk-unix.c:874): unix: External socket is used. Consider using --ext-unix-sk option.",""
S033tcpst.tcp___hub_subscribed,S,hub_subscribed,tcp_est,none,none,0,normal,1,1,na,13596,na,na,na,na,na,na,na,dump_fail,"","(00.114699) Error (criu/sk-unix.c:874): unix: External socket is used. Consider using --ext-unix-sk option.",""
S033tcpst.tcp___tcp_conn,S,tcp_conn,tcp_est,none,none,0,normal,1,1,na,13600,na,na,na,na,na,na,na,dump_fail,"","(00.144029) Error (criu/sk-unix.c:874): unix: External socket is used. Consider using --ext-unix-sk option.",""
S033tcpst.tcp___timer_armed,S,timer_armed,tcp_est,none,none,0,normal,1,1,na,13608,na,na,na,na,na,na,na,dump_fail,"","(00.223317) Error (criu/sk-unix.c:874): unix: External socket is used. Consider using --ext-unix-sk option.",""
S033tcpst.tcp___db_watch,S,db_watch,tcp_est,none,none,0,normal,1,1,na,152,na,na,na,na,na,na,na,dump_fail,"","(00.183956) Error (criu/fsnotify.c:284): fsnotify: 	Can't dump that handle",""
S033tcpst.tcp___ready,S,ready,tcp_est,none,none,0,normal,1,1,na,140,na,na,na,na,na,na,na,dump_fail,"","(00.106170) Error (criu/fsnotify.c:284): fsnotify: 	Can't dump that handle",""
S033tcpst.tcp___steady,S,steady,tcp_est,none,none,0,normal,1,1,na,140,na,na,na,na,na,na,na,dump_fail,"","(00.158469) Error (criu/fsnotify.c:284): fsnotify: 	Can't dump that handle",""
S034tcpst.file__init,S,init,filelocks,none,none,0,normal,1,0,0,284,na,na,na,na,na,resumed_to_ready,na,ok,"","",""
S034tcpst.file__db_open,S,db_open,filelocks,none,none,0,normal,1,0,0,284,na,na,na,na,na,resumed_to_ready,na,ok,"","",""
S034tcpst.file__db_read,S,db_read,filelocks,none,none,0,normal,1,0,0,1304,na,na,na,na,na,resumed_to_ready,na,ok,"","",""
S034tcpst.file__db_read_p25,S,db_read_p25,filelocks,none,none,0,normal,1,0,0,1304,na,na,na,na,na,resumed_to_ready,na,ok,"","",""
S034tcpst.file__db_read_p50,S,db_read_p50,filelocks,none,none,0,normal,1,0,0,1304,na,na,na,na,na,resumed_to_ready,na,ok,"","",""
S034tcpst.file__db_read_p75,S,db_read_p75,filelocks,none,none,0,normal,1,0,0,1304,na,na,na,na,na,resumed_to_ready,na,ok,"","",""
S034tcpst.file__db_parse,S,db_parse,filelocks,none,none,0,normal,1,0,0,1304,na,na,na,na,na,resumed_to_ready,na,ok,"","",""
S034tcpst.file__db_parse_p25,S,db_parse_p25,filelocks,none,none,0,normal,1,0,0,1304,na,na,na,na,na,resumed_to_ready,na,ok,"","",""
S034tcpst.file__db_parse_p50,S,db_parse_p50,filelocks,none,none,0,normal,1,0,0,1304,na,na,na,na,na,resumed_to_ready,na,ok,"","",""
S034tcpst.file__db_parse_p75,S,db_parse_p75,filelocks,none,none,0,normal,1,0,0,1304,na,na,na,na,na,resumed_to_ready,na,ok,"","",""
S034tcpst.file__epg_index,S,epg_index,filelocks,none,none,0,normal,1,0,0,13596,na,na,na,na,na,resumed_to_ready,na,ok,"","",""
S034tcpst.file__epg_index_p25,S,epg_index_p25,filelocks,none,none,0,normal,1,0,0,4380,na,na,na,na,na,resumed_to_ready,na,ok,"","",""
S034tcpst.file__epg_index_p50,S,epg_index_p50,filelocks,none,none,0,normal,1,0,0,7456,na,na,na,na,na,resumed_to_ready,na,ok,"","",""
S034tcpst.file__epg_index_p75,S,epg_index_p75,filelocks,none,none,0,normal,1,0,0,10524,na,na,na,na,na,resumed_to_ready,na,ok,"","",""
S034tcpst.file__epg_text,S,epg_text,filelocks,none,none,0,normal,1,0,0,13596,na,na,na,na,na,resumed_to_ready,na,ok,"","",""
S034tcpst.file__epg_reserve,S,epg_reserve,filelocks,none,none,0,normal,1,0,0,13596,na,na,na,na,na,resumed_to_ready,na,ok,"","",""
S034tcpst.file__hub_conn1,S,hub_conn1,filelocks,none,none,0,normal,1,1,na,13592,na,na,na,na,na,na,na,dump_fail,"","(00.183162) Error (criu/sk-unix.c:874): unix: External socket is used. Consider using --ext-unix-sk option.",""
S034tcpst.file__hub_conn2,S,hub_conn2,filelocks,none,none,0,normal,1,1,na,13592,na,na,na,na,na,na,na,dump_fail,"","(00.140510) Error (criu/sk-unix.c:874): unix: External socket is used. Consider using --ext-unix-sk option.",""
S034tcpst.file__hub_conn3,S,hub_conn3,filelocks,none,none,0,normal,1,1,na,13596,na,na,na,na,na,na,na,dump_fail,"","(00.169297) Error (criu/sk-unix.c:874): unix: External socket is used. Consider using --ext-unix-sk option.",""
S034tcpst.file__hub_conn4,S,hub_conn4,filelocks,none,none,0,normal,1,1,na,13596,na,na,na,na,na,na,na,dump_fail,"","(00.094495) Error (criu/sk-unix.c:874): unix: External socket is used. Consider using --ext-unix-sk option.",""
S034tcpst.file__hub_subscribed,S,hub_subscribed,filelocks,none,none,0,normal,1,1,na,13596,na,na,na,na,na,na,na,dump_fail,"","(00.157772) Error (criu/sk-unix.c:874): unix: External socket is used. Consider using --ext-unix-sk option.",""
S034tcpst.file__tcp_conn,S,tcp_conn,filelocks,none,none,0,normal,1,1,na,56,na,na,na,na,na,na,na,dump_fail,"","(00.143647) Error (criu/sk-inet.c:200): inet: Connected TCP socket; consider using --tcp-established option.",""
S034tcpst.file__timer_armed,S,timer_armed,filelocks,none,none,0,normal,1,1,na,56,na,na,na,na,na,na,na,dump_fail,"","(00.120745) Error (criu/sk-inet.c:200): inet: Connected TCP socket; consider using --tcp-established option.",""
S034tcpst.file__db_watch,S,db_watch,filelocks,none,none,0,normal,1,1,na,56,na,na,na,na,na,na,na,dump_fail,"","(00.149460) Error (criu/sk-inet.c:200): inet: Connected TCP socket; consider using --tcp-established option.",""
S034tcpst.file__ready,S,ready,filelocks,none,none,0,normal,1,1,na,56,na,na,na,na,na,na,na,dump_fail,"","(00.139210) Error (criu/sk-inet.c:200): inet: Connected TCP socket; consider using --tcp-established option.",""
S034tcpst.file__steady,S,steady,filelocks,none,none,0,normal,1,1,na,56,na,na,na,na,na,na,na,dump_fail,"","(00.106501) Error (criu/sk-inet.c:200): inet: Connected TCP socket; consider using --tcp-established option.",""
S035tcpst.perm__init,S,init,permissive,none,none,0,normal,1,0,0,284,na,na,na,na,na,resumed_to_ready,na,ok,"","",""
S035tcpst.perm__db_open,S,db_open,permissive,none,none,0,normal,1,0,0,280,na,na,na,na,na,resumed_to_ready,na,ok,"","",""
S035tcpst.perm__db_read,S,db_read,permissive,none,none,0,normal,1,0,0,1304,na,na,na,na,na,resumed_to_ready,na,ok,"","",""
S035tcpst.perm__db_read_p25,S,db_read_p25,permissive,none,none,0,normal,1,0,0,1304,na,na,na,na,na,resumed_to_ready,na,ok,"","",""
S035tcpst.perm__db_read_p50,S,db_read_p50,permissive,none,none,0,normal,1,0,0,1304,na,na,na,na,na,resumed_to_ready,na,ok,"","",""
S035tcpst.perm__db_read_p75,S,db_read_p75,permissive,none,none,0,normal,1,0,0,1304,na,na,na,na,na,resumed_to_ready,na,ok,"","",""
S035tcpst.perm__db_parse,S,db_parse,permissive,none,none,0,normal,1,0,0,1304,na,na,na,na,na,resumed_to_ready,na,ok,"","",""
S035tcpst.perm__db_parse_p25,S,db_parse_p25,permissive,none,none,0,normal,1,0,0,1304,na,na,na,na,na,resumed_to_ready,na,ok,"","",""
S035tcpst.perm__db_parse_p50,S,db_parse_p50,permissive,none,none,0,normal,1,0,0,1304,na,na,na,na,na,resumed_to_ready,na,ok,"","",""
S035tcpst.perm__db_parse_p75,S,db_parse_p75,permissive,none,none,0,normal,1,0,0,1304,na,na,na,na,na,resumed_to_ready,na,ok,"","",""
S035tcpst.perm__epg_index,S,epg_index,permissive,none,none,0,normal,1,0,0,13596,na,na,na,na,na,resumed_to_ready,na,ok,"","",""
S035tcpst.perm__epg_index_p25,S,epg_index_p25,permissive,none,none,0,normal,1,0,0,4380,na,na,na,na,na,resumed_to_ready,na,ok,"","",""
S035tcpst.perm__epg_index_p50,S,epg_index_p50,permissive,none,none,0,normal,1,0,0,7452,na,na,na,na,na,resumed_to_ready,na,ok,"","",""
S035tcpst.perm__epg_index_p75,S,epg_index_p75,permissive,none,none,0,normal,1,0,0,10528,na,na,na,na,na,resumed_to_ready,na,ok,"","",""
S035tcpst.perm__epg_text,S,epg_text,permissive,none,none,0,normal,1,0,0,13596,na,na,na,na,na,resumed_to_ready,na,ok,"","",""
S035tcpst.perm__epg_reserve,S,epg_reserve,permissive,none,none,0,normal,1,0,0,13596,na,na,na,na,na,resumed_to_ready,na,ok,"","",""
S035tcpst.perm__hub_conn1,S,hub_conn1,permissive,none,none,0,normal,1,1,na,13592,na,na,na,na,na,na,na,dump_fail,"","(00.157035) Error (criu/sk-unix.c:881): unix: Can't dump half of stream unix connection. name: (null); peer name: ",""
S035tcpst.perm__hub_conn2,S,hub_conn2,permissive,none,none,0,normal,1,1,na,13592,na,na,na,na,na,na,na,dump_fail,"","(00.162356) Error (criu/sk-unix.c:881): unix: Can't dump half of stream unix connection. name: (null); peer name: ",""
S035tcpst.perm__hub_conn3,S,hub_conn3,permissive,none,none,0,normal,1,1,na,13596,na,na,na,na,na,na,na,dump_fail,"","(00.123406) Error (criu/sk-unix.c:881): unix: Can't dump half of stream unix connection. name: (null); peer name: ",""
S035tcpst.perm__hub_conn4,S,hub_conn4,permissive,none,none,0,normal,1,1,na,13596,na,na,na,na,na,na,na,dump_fail,"","(00.137670) Error (criu/sk-unix.c:881): unix: Can't dump half of stream unix connection. name: (null); peer name: ",""
S035tcpst.perm__hub_subscribed,S,hub_subscribed,permissive,none,none,0,normal,1,1,na,13596,na,na,na,na,na,na,na,dump_fail,"","(00.142977) Error (criu/sk-unix.c:881): unix: Can't dump half of stream unix connection. name: (null); peer name: ",""
S035tcpst.perm__tcp_conn,S,tcp_conn,permissive,none,none,0,normal,1,1,na,13600,na,na,na,na,na,na,na,dump_fail,"","(00.142896) Error (criu/sk-unix.c:881): unix: Can't dump half of stream unix connection. name: (null); peer name: ",""
S035tcpst.perm__timer_armed,S,timer_armed,permissive,none,none,0,normal,1,1,na,13604,na,na,na,na,na,na,na,dump_fail,"","(00.183618) Error (criu/sk-unix.c:881): unix: Can't dump half of stream unix connection. name: (null); peer name: ",""
S035tcpst.perm__db_watch,S,db_watch,permissive,none,none,0,normal,1,1,na,148,na,na,na,na,na,na,na,dump_fail,"","(00.149458) Error (criu/fsnotify.c:284): fsnotify: 	Can't dump that handle",""
S035tcpst.perm__ready,S,ready,permissive,none,none,0,normal,1,1,na,140,na,na,na,na,na,na,na,dump_fail,"","(00.174264) Error (criu/fsnotify.c:284): fsnotify: 	Can't dump that handle",""
S035tcpst.perm__steady,S,steady,permissive,none,none,0,normal,1,1,na,140,na,na,na,na,na,na,na,dump_fail,"","(00.133519) Error (criu/fsnotify.c:284): fsnotify: 	Can't dump that handle",""
S036heavy.stri__init,S,init,strict,none,none,0,none,1,0,0,284,na,na,na,na,na,resumed_to_ready,na,ok,"","",""
S036heavy.stri__db_open,S,db_open,strict,none,none,0,none,1,0,0,284,na,na,na,na,na,resumed_to_ready,na,ok,"","",""
S036heavy.stri__db_read,S,db_read,strict,none,none,0,none,1,0,0,1300,na,na,na,na,na,resumed_to_ready,na,ok,"","",""
S036heavy.stri__db_read_p25,S,db_read_p25,strict,none,none,0,none,1,0,0,1304,na,na,na,na,na,resumed_to_ready,na,ok,"","",""
S036heavy.stri__db_read_p50,S,db_read_p50,strict,none,none,0,none,1,0,0,1304,na,na,na,na,na,resumed_to_ready,na,ok,"","",""
S036heavy.stri__db_read_p75,S,db_read_p75,strict,none,none,0,none,1,0,0,1304,na,na,na,na,na,resumed_to_ready,na,ok,"","",""
S036heavy.stri__db_parse,S,db_parse,strict,none,none,0,none,1,0,0,1304,na,na,na,na,na,resumed_to_ready,na,ok,"","",""
S036heavy.stri__db_parse_p25,S,db_parse_p25,strict,none,none,0,none,1,0,0,1304,na,na,na,na,na,resumed_to_ready,na,ok,"","",""
S036heavy.stri__db_parse_p50,S,db_parse_p50,strict,none,none,0,none,1,0,0,1304,na,na,na,na,na,resumed_to_ready,na,ok,"","",""
S036heavy.stri__db_parse_p75,S,db_parse_p75,strict,none,none,0,none,1,0,0,1304,na,na,na,na,na,resumed_to_ready,na,ok,"","",""
S036heavy.stri__epg_index,S,epg_index,strict,none,none,0,none,1,0,0,308560,na,na,na,na,na,resumed_to_ready,na,ok,"","",""
S036heavy.stri__epg_index_p25,S,epg_index_p25,strict,none,none,0,none,1,0,0,78124,na,na,na,na,na,resumed_to_ready,na,ok,"","",""
S036heavy.stri__epg_index_p50,S,epg_index_p50,strict,none,none,0,none,1,0,0,154936,na,na,na,na,na,resumed_to_ready,na,ok,"","",""
S036heavy.stri__epg_index_p75,S,epg_index_p75,strict,none,none,0,none,1,0,0,231748,na,na,na,na,na,resumed_to_ready,na,ok,"","",""
S036heavy.stri__epg_text,S,epg_text,strict,none,none,0,none,1,0,0,308560,na,na,na,na,na,resumed_to_ready,na,ok,"","",""
S036heavy.stri__epg_reserve,S,epg_reserve,strict,none,none,0,none,1,0,0,308560,na,na,na,na,na,resumed_to_ready,na,ok,"","",""
S036heavy.stri__ready,S,ready,strict,none,none,0,none,1,0,0,308560,ok,ok,na,na,na,na,na,ok,"","",""
S036heavy.stri__steady,S,steady,strict,none,none,0,none,1,0,0,308560,ok,ok,na,na,na,na,na,ok,"","",""
S037heavy.ext___init,S,init,ext_unix,none,none,0,none,1,0,0,280,na,na,na,na,na,resumed_to_ready,na,ok,"","",""
S037heavy.ext___db_open,S,db_open,ext_unix,none,none,0,none,1,0,0,284,na,na,na,na,na,resumed_to_ready,na,ok,"","",""
S037heavy.ext___db_read,S,db_read,ext_unix,none,none,0,none,1,0,0,1304,na,na,na,na,na,resumed_to_ready,na,ok,"","",""
S037heavy.ext___db_read_p25,S,db_read_p25,ext_unix,none,none,0,none,1,0,0,1304,na,na,na,na,na,resumed_to_ready,na,ok,"","",""
S037heavy.ext___db_read_p50,S,db_read_p50,ext_unix,none,none,0,none,1,0,0,1304,na,na,na,na,na,resumed_to_ready,na,ok,"","",""
S037heavy.ext___db_read_p75,S,db_read_p75,ext_unix,none,none,0,none,1,0,0,1304,na,na,na,na,na,resumed_to_ready,na,ok,"","",""
S037heavy.ext___db_parse,S,db_parse,ext_unix,none,none,0,none,1,0,0,1304,na,na,na,na,na,resumed_to_ready,na,ok,"","",""
S037heavy.ext___db_parse_p25,S,db_parse_p25,ext_unix,none,none,0,none,1,0,0,1304,na,na,na,na,na,resumed_to_ready,na,ok,"","",""
S037heavy.ext___db_parse_p50,S,db_parse_p50,ext_unix,none,none,0,none,1,0,0,1304,na,na,na,na,na,resumed_to_ready,na,ok,"","",""
S037heavy.ext___db_parse_p75,S,db_parse_p75,ext_unix,none,none,0,none,1,0,0,1304,na,na,na,na,na,resumed_to_ready,na,ok,"","",""
S037heavy.ext___epg_index,S,epg_index,ext_unix,none,none,0,none,1,0,0,308560,na,na,na,na,na,resumed_to_ready,na,ok,"","",""
S037heavy.ext___epg_index_p25,S,epg_index_p25,ext_unix,none,none,0,none,1,0,0,78124,na,na,na,na,na,resumed_to_ready,na,ok,"","",""
S037heavy.ext___epg_index_p50,S,epg_index_p50,ext_unix,none,none,0,none,1,0,0,154936,na,na,na,na,na,resumed_to_ready,na,ok,"","",""
S037heavy.ext___epg_index_p75,S,epg_index_p75,ext_unix,none,none,0,none,1,0,0,231748,na,na,na,na,na,resumed_to_ready,na,ok,"","",""
S037heavy.ext___epg_text,S,epg_text,ext_unix,none,none,0,none,1,0,0,308560,na,na,na,na,na,resumed_to_ready,na,ok,"","",""
S037heavy.ext___epg_reserve,S,epg_reserve,ext_unix,none,none,0,none,1,0,0,308560,na,na,na,na,na,resumed_to_ready,na,ok,"","",""
S037heavy.ext___ready,S,ready,ext_unix,none,none,0,none,1,0,0,308560,ok,ok,na,na,na,na,na,ok,"","",""
S037heavy.ext___steady,S,steady,ext_unix,none,none,0,none,1,0,0,308556,ok,ok,na,na,na,na,na,ok,"","",""
S038heavy.tcp___init,S,init,tcp_est,none,none,0,none,1,0,0,280,na,na,na,na,na,resumed_to_ready,na,ok,"","",""
S038heavy.tcp___db_open,S,db_open,tcp_est,none,none,0,none,1,0,0,284,na,na,na,na,na,resumed_to_ready,na,ok,"","",""
S038heavy.tcp___db_read,S,db_read,tcp_est,none,none,0,none,1,0,0,1304,na,na,na,na,na,resumed_to_ready,na,ok,"","",""
S038heavy.tcp___db_read_p25,S,db_read_p25,tcp_est,none,none,0,none,1,0,0,1304,na,na,na,na,na,resumed_to_ready,na,ok,"","",""
S038heavy.tcp___db_read_p50,S,db_read_p50,tcp_est,none,none,0,none,1,0,0,1300,na,na,na,na,na,resumed_to_ready,na,ok,"","",""
S038heavy.tcp___db_read_p75,S,db_read_p75,tcp_est,none,none,0,none,1,0,0,1304,na,na,na,na,na,resumed_to_ready,na,ok,"","",""
S038heavy.tcp___db_parse,S,db_parse,tcp_est,none,none,0,none,1,0,0,1304,na,na,na,na,na,resumed_to_ready,na,ok,"","",""
S038heavy.tcp___db_parse_p25,S,db_parse_p25,tcp_est,none,none,0,none,1,0,0,1304,na,na,na,na,na,resumed_to_ready,na,ok,"","",""
S038heavy.tcp___db_parse_p50,S,db_parse_p50,tcp_est,none,none,0,none,1,0,0,1304,na,na,na,na,na,resumed_to_ready,na,ok,"","",""
S038heavy.tcp___db_parse_p75,S,db_parse_p75,tcp_est,none,none,0,none,1,0,0,1304,na,na,na,na,na,resumed_to_ready,na,ok,"","",""
S038heavy.tcp___epg_index,S,epg_index,tcp_est,none,none,0,none,1,0,0,308560,na,na,na,na,na,resumed_to_ready,na,ok,"","",""
S038heavy.tcp___epg_index_p25,S,epg_index_p25,tcp_est,none,none,0,none,1,0,0,78124,na,na,na,na,na,resumed_to_ready,na,ok,"","",""
S038heavy.tcp___epg_index_p50,S,epg_index_p50,tcp_est,none,none,0,none,1,0,0,154932,na,na,na,na,na,resumed_to_ready,na,ok,"","",""
S038heavy.tcp___epg_index_p75,S,epg_index_p75,tcp_est,none,none,0,none,1,0,0,231748,na,na,na,na,na,resumed_to_ready,na,ok,"","",""
S038heavy.tcp___epg_text,S,epg_text,tcp_est,none,none,0,none,1,0,0,308560,na,na,na,na,na,resumed_to_ready,na,ok,"","",""
S038heavy.tcp___epg_reserve,S,epg_reserve,tcp_est,none,none,0,none,1,0,0,308560,na,na,na,na,na,resumed_to_ready,na,ok,"","",""
S038heavy.tcp___ready,S,ready,tcp_est,none,none,0,none,1,0,0,308560,ok,ok,na,na,na,na,na,ok,"","",""
S038heavy.tcp___steady,S,steady,tcp_est,none,none,0,none,1,0,0,308560,ok,ok,na,na,na,na,na,ok,"","",""
S039heavy.file__init,S,init,filelocks,none,none,0,none,1,0,0,280,na,na,na,na,na,resumed_to_ready,na,ok,"","",""
S039heavy.file__db_open,S,db_open,filelocks,none,none,0,none,1,0,0,284,na,na,na,na,na,resumed_to_ready,na,ok,"","",""
S039heavy.file__db_read,S,db_read,filelocks,none,none,0,none,1,0,0,1304,na,na,na,na,na,resumed_to_ready,na,ok,"","",""
S039heavy.file__db_read_p25,S,db_read_p25,filelocks,none,none,0,none,1,0,0,1304,na,na,na,na,na,resumed_to_ready,na,ok,"","",""
S039heavy.file__db_read_p50,S,db_read_p50,filelocks,none,none,0,none,1,0,0,1304,na,na,na,na,na,resumed_to_ready,na,ok,"","",""
S039heavy.file__db_read_p75,S,db_read_p75,filelocks,none,none,0,none,1,0,0,1304,na,na,na,na,na,resumed_to_ready,na,ok,"","",""
S039heavy.file__db_parse,S,db_parse,filelocks,none,none,0,none,1,0,0,1304,na,na,na,na,na,resumed_to_ready,na,ok,"","",""
S039heavy.file__db_parse_p25,S,db_parse_p25,filelocks,none,none,0,none,1,0,0,1304,na,na,na,na,na,resumed_to_ready,na,ok,"","",""
S039heavy.file__db_parse_p50,S,db_parse_p50,filelocks,none,none,0,none,1,0,0,1304,na,na,na,na,na,resumed_to_ready,na,ok,"","",""
S039heavy.file__db_parse_p75,S,db_parse_p75,filelocks,none,none,0,none,1,0,0,1304,na,na,na,na,na,resumed_to_ready,na,ok,"","",""
S039heavy.file__epg_index,S,epg_index,filelocks,none,none,0,none,1,0,0,308560,na,na,na,na,na,resumed_to_ready,na,ok,"","",""
S039heavy.file__epg_index_p25,S,epg_index_p25,filelocks,none,none,0,none,1,0,0,78124,na,na,na,na,na,resumed_to_ready,na,ok,"","",""
S039heavy.file__epg_index_p50,S,epg_index_p50,filelocks,none,none,0,none,1,0,0,154936,na,na,na,na,na,resumed_to_ready,na,ok,"","",""
S039heavy.file__epg_index_p75,S,epg_index_p75,filelocks,none,none,0,none,1,0,0,231748,na,na,na,na,na,resumed_to_ready,na,ok,"","",""
S039heavy.file__epg_text,S,epg_text,filelocks,none,none,0,none,1,0,0,308560,na,na,na,na,na,resumed_to_ready,na,ok,"","",""
S039heavy.file__epg_reserve,S,epg_reserve,filelocks,none,none,0,none,1,0,0,308560,na,na,na,na,na,resumed_to_ready,na,ok,"","",""
S039heavy.file__ready,S,ready,filelocks,none,none,0,none,1,0,0,308560,ok,ok,na,na,na,na,na,ok,"","",""
S039heavy.file__steady,S,steady,filelocks,none,none,0,none,1,0,0,308560,ok,ok,na,na,na,na,na,ok,"","",""
S040heavy.perm__init,S,init,permissive,none,none,0,none,1,0,0,284,na,na,na,na,na,resumed_to_ready,na,ok,"","",""
S040heavy.perm__db_open,S,db_open,permissive,none,none,0,none,1,0,0,280,na,na,na,na,na,resumed_to_ready,na,ok,"","",""
S040heavy.perm__db_read,S,db_read,permissive,none,none,0,none,1,0,0,1304,na,na,na,na,na,resumed_to_ready,na,ok,"","",""
S040heavy.perm__db_read_p25,S,db_read_p25,permissive,none,none,0,none,1,0,0,1304,na,na,na,na,na,resumed_to_ready,na,ok,"","",""
S040heavy.perm__db_read_p50,S,db_read_p50,permissive,none,none,0,none,1,0,0,1304,na,na,na,na,na,resumed_to_ready,na,ok,"","",""
S040heavy.perm__db_read_p75,S,db_read_p75,permissive,none,none,0,none,1,0,0,1304,na,na,na,na,na,resumed_to_ready,na,ok,"","",""
S040heavy.perm__db_parse,S,db_parse,permissive,none,none,0,none,1,0,0,1304,na,na,na,na,na,resumed_to_ready,na,ok,"","",""
S040heavy.perm__db_parse_p25,S,db_parse_p25,permissive,none,none,0,none,1,0,0,1304,na,na,na,na,na,resumed_to_ready,na,ok,"","",""
S040heavy.perm__db_parse_p50,S,db_parse_p50,permissive,none,none,0,none,1,0,0,1304,na,na,na,na,na,resumed_to_ready,na,ok,"","",""
S040heavy.perm__db_parse_p75,S,db_parse_p75,permissive,none,none,0,none,1,0,0,1304,na,na,na,na,na,resumed_to_ready,na,ok,"","",""
S040heavy.perm__epg_index,S,epg_index,permissive,none,none,0,none,1,0,0,308560,na,na,na,na,na,resumed_to_ready,na,ok,"","",""
S040heavy.perm__epg_index_p25,S,epg_index_p25,permissive,none,none,0,none,1,0,0,78124,na,na,na,na,na,resumed_to_ready,na,ok,"","",""
S040heavy.perm__epg_index_p50,S,epg_index_p50,permissive,none,none,0,none,1,0,0,154936,na,na,na,na,na,resumed_to_ready,na,ok,"","",""
S040heavy.perm__epg_index_p75,S,epg_index_p75,permissive,none,none,0,none,1,0,0,231748,na,na,na,na,na,resumed_to_ready,na,ok,"","",""
S040heavy.perm__epg_text,S,epg_text,permissive,none,none,0,none,1,0,0,308560,na,na,na,na,na,resumed_to_ready,na,ok,"","",""
S040heavy.perm__epg_reserve,S,epg_reserve,permissive,none,none,0,none,1,0,0,308556,na,na,na,na,na,resumed_to_ready,na,ok,"","",""
S040heavy.perm__ready,S,ready,permissive,none,none,0,none,1,0,0,308560,ok,ok,na,na,na,na,na,ok,"","",""
S040heavy.perm__steady,S,steady,permissive,none,none,0,none,1,0,0,308556,ok,ok,na,na,na,na,na,ok,"","",""
S041light.stri__init,S,init,strict,none,none,0,none,1,0,0,284,na,na,na,na,na,resumed_to_ready,na,ok,"","",""
S041light.stri__db_open,S,db_open,strict,none,none,0,none,1,0,0,280,na,na,na,na,na,resumed_to_ready,na,ok,"","",""
S041light.stri__db_read,S,db_read,strict,none,none,0,none,1,0,0,1304,na,na,na,na,na,resumed_to_ready,na,ok,"","",""
S041light.stri__db_read_p25,S,db_read_p25,strict,none,none,0,none,1,0,0,1304,na,na,na,na,na,resumed_to_ready,na,ok,"","",""
S041light.stri__db_read_p50,S,db_read_p50,strict,none,none,0,none,1,0,0,1304,na,na,na,na,na,resumed_to_ready,na,ok,"","",""
S041light.stri__db_read_p75,S,db_read_p75,strict,none,none,0,none,1,0,0,1304,na,na,na,na,na,resumed_to_ready,na,ok,"","",""
S041light.stri__db_parse,S,db_parse,strict,none,none,0,none,1,0,0,1304,na,na,na,na,na,resumed_to_ready,na,ok,"","",""
S041light.stri__db_parse_p25,S,db_parse_p25,strict,none,none,0,none,1,0,0,1304,na,na,na,na,na,resumed_to_ready,na,ok,"","",""
S041light.stri__db_parse_p50,S,db_parse_p50,strict,none,none,0,none,1,0,0,1304,na,na,na,na,na,resumed_to_ready,na,ok,"","",""
S041light.stri__db_parse_p75,S,db_parse_p75,strict,none,none,0,none,1,0,0,1304,na,na,na,na,na,resumed_to_ready,na,ok,"","",""
S041light.stri__epg_index,S,epg_index,strict,none,none,0,none,1,0,0,25884,na,na,na,na,na,resumed_to_ready,na,ok,"","",""
S041light.stri__epg_index_p25,S,epg_index_p25,strict,none,none,0,none,1,0,0,7452,na,na,na,na,na,resumed_to_ready,na,ok,"","",""
S041light.stri__epg_index_p50,S,epg_index_p50,strict,none,none,0,none,1,0,0,13596,na,na,na,na,na,resumed_to_ready,na,ok,"","",""
S041light.stri__epg_index_p75,S,epg_index_p75,strict,none,none,0,none,1,0,0,19744,na,na,na,na,na,resumed_to_ready,na,ok,"","",""
S041light.stri__epg_text,S,epg_text,strict,none,none,0,none,1,0,0,25884,na,na,na,na,na,resumed_to_ready,na,ok,"","",""
S041light.stri__epg_reserve,S,epg_reserve,strict,none,none,0,none,1,0,0,25884,na,na,na,na,na,resumed_to_ready,na,ok,"","",""
S041light.stri__ready,S,ready,strict,none,none,0,none,1,0,0,25884,ok,ok,na,na,na,na,na,ok,"","",""
S041light.stri__steady,S,steady,strict,none,none,0,none,1,0,0,25884,ok,ok,na,na,na,na,na,ok,"","",""
S042light.ext___init,S,init,ext_unix,none,none,0,none,1,0,0,284,na,na,na,na,na,resumed_to_ready,na,ok,"","",""
S042light.ext___db_open,S,db_open,ext_unix,none,none,0,none,1,0,0,284,na,na,na,na,na,resumed_to_ready,na,ok,"","",""
S042light.ext___db_read,S,db_read,ext_unix,none,none,0,none,1,0,0,1304,na,na,na,na,na,resumed_to_ready,na,ok,"","",""
S042light.ext___db_read_p25,S,db_read_p25,ext_unix,none,none,0,none,1,0,0,1304,na,na,na,na,na,resumed_to_ready,na,ok,"","",""
S042light.ext___db_read_p50,S,db_read_p50,ext_unix,none,none,0,none,1,0,0,1304,na,na,na,na,na,resumed_to_ready,na,ok,"","",""
S042light.ext___db_read_p75,S,db_read_p75,ext_unix,none,none,0,none,1,0,0,1304,na,na,na,na,na,resumed_to_ready,na,ok,"","",""
S042light.ext___db_parse,S,db_parse,ext_unix,none,none,0,none,1,0,0,1304,na,na,na,na,na,resumed_to_ready,na,ok,"","",""
S042light.ext___db_parse_p25,S,db_parse_p25,ext_unix,none,none,0,none,1,0,0,1304,na,na,na,na,na,resumed_to_ready,na,ok,"","",""
S042light.ext___db_parse_p50,S,db_parse_p50,ext_unix,none,none,0,none,1,0,0,1304,na,na,na,na,na,resumed_to_ready,na,ok,"","",""
S042light.ext___db_parse_p75,S,db_parse_p75,ext_unix,none,none,0,none,1,0,0,1304,na,na,na,na,na,resumed_to_ready,na,ok,"","",""
S042light.ext___epg_index,S,epg_index,ext_unix,none,none,0,none,1,0,0,25884,na,na,na,na,na,resumed_to_ready,na,ok,"","",""
S042light.ext___epg_index_p25,S,epg_index_p25,ext_unix,none,none,0,none,1,0,0,7452,na,na,na,na,na,resumed_to_ready,na,ok,"","",""
S042light.ext___epg_index_p50,S,epg_index_p50,ext_unix,none,none,0,none,1,0,0,13600,na,na,na,na,na,resumed_to_ready,na,ok,"","",""
S042light.ext___epg_index_p75,S,epg_index_p75,ext_unix,none,none,0,none,1,0,0,19744,na,na,na,na,na,resumed_to_ready,na,ok,"","",""
S042light.ext___epg_text,S,epg_text,ext_unix,none,none,0,none,1,0,0,25884,na,na,na,na,na,resumed_to_ready,na,ok,"","",""
S042light.ext___epg_reserve,S,epg_reserve,ext_unix,none,none,0,none,1,0,0,25884,na,na,na,na,na,resumed_to_ready,na,ok,"","",""
S042light.ext___ready,S,ready,ext_unix,none,none,0,none,1,0,0,25884,ok,ok,na,na,na,na,na,ok,"","",""
S042light.ext___steady,S,steady,ext_unix,none,none,0,none,1,0,0,25884,ok,ok,na,na,na,na,na,ok,"","",""
S043light.tcp___init,S,init,tcp_est,none,none,0,none,1,0,0,284,na,na,na,na,na,resumed_to_ready,na,ok,"","",""
S043light.tcp___db_open,S,db_open,tcp_est,none,none,0,none,1,0,0,284,na,na,na,na,na,resumed_to_ready,na,ok,"","",""
S043light.tcp___db_read,S,db_read,tcp_est,none,none,0,none,1,0,0,1304,na,na,na,na,na,resumed_to_ready,na,ok,"","",""
S043light.tcp___db_read_p25,S,db_read_p25,tcp_est,none,none,0,none,1,0,0,1304,na,na,na,na,na,resumed_to_ready,na,ok,"","",""
S043light.tcp___db_read_p50,S,db_read_p50,tcp_est,none,none,0,none,1,0,0,1304,na,na,na,na,na,resumed_to_ready,na,ok,"","",""
S043light.tcp___db_read_p75,S,db_read_p75,tcp_est,none,none,0,none,1,0,0,1304,na,na,na,na,na,resumed_to_ready,na,ok,"","",""
S043light.tcp___db_parse,S,db_parse,tcp_est,none,none,0,none,1,0,0,1304,na,na,na,na,na,resumed_to_ready,na,ok,"","",""
S043light.tcp___db_parse_p25,S,db_parse_p25,tcp_est,none,none,0,none,1,0,0,1304,na,na,na,na,na,resumed_to_ready,na,ok,"","",""
S043light.tcp___db_parse_p50,S,db_parse_p50,tcp_est,none,none,0,none,1,0,0,1304,na,na,na,na,na,resumed_to_ready,na,ok,"","",""
S043light.tcp___db_parse_p75,S,db_parse_p75,tcp_est,none,none,0,none,1,0,0,1304,na,na,na,na,na,resumed_to_ready,na,ok,"","",""
S043light.tcp___epg_index,S,epg_index,tcp_est,none,none,0,none,1,0,0,25884,na,na,na,na,na,resumed_to_ready,na,ok,"","",""
S043light.tcp___epg_index_p25,S,epg_index_p25,tcp_est,none,none,0,none,1,0,0,7452,na,na,na,na,na,resumed_to_ready,na,ok,"","",""
S043light.tcp___epg_index_p50,S,epg_index_p50,tcp_est,none,none,0,none,1,0,0,13600,na,na,na,na,na,resumed_to_ready,na,ok,"","",""
S043light.tcp___epg_index_p75,S,epg_index_p75,tcp_est,none,none,0,none,1,0,0,19744,na,na,na,na,na,resumed_to_ready,na,ok,"","",""
S043light.tcp___epg_text,S,epg_text,tcp_est,none,none,0,none,1,0,0,25884,na,na,na,na,na,resumed_to_ready,na,ok,"","",""
S043light.tcp___epg_reserve,S,epg_reserve,tcp_est,none,none,0,none,1,0,0,25884,na,na,na,na,na,resumed_to_ready,na,ok,"","",""
S043light.tcp___ready,S,ready,tcp_est,none,none,0,none,1,0,0,25880,ok,ok,na,na,na,na,na,ok,"","",""
S043light.tcp___steady,S,steady,tcp_est,none,none,0,none,1,0,0,25884,ok,ok,na,na,na,na,na,ok,"","",""
S044light.file__init,S,init,filelocks,none,none,0,none,1,0,0,280,na,na,na,na,na,resumed_to_ready,na,ok,"","",""
S044light.file__db_open,S,db_open,filelocks,none,none,0,none,1,0,0,284,na,na,na,na,na,resumed_to_ready,na,ok,"","",""
S044light.file__db_read,S,db_read,filelocks,none,none,0,none,1,0,0,1304,na,na,na,na,na,resumed_to_ready,na,ok,"","",""
S044light.file__db_read_p25,S,db_read_p25,filelocks,none,none,0,none,1,0,0,1304,na,na,na,na,na,resumed_to_ready,na,ok,"","",""
S044light.file__db_read_p50,S,db_read_p50,filelocks,none,none,0,none,1,0,0,1304,na,na,na,na,na,resumed_to_ready,na,ok,"","",""
S044light.file__db_read_p75,S,db_read_p75,filelocks,none,none,0,none,1,0,0,1304,na,na,na,na,na,resumed_to_ready,na,ok,"","",""
S044light.file__db_parse,S,db_parse,filelocks,none,none,0,none,1,0,0,1304,na,na,na,na,na,resumed_to_ready,na,ok,"","",""
S044light.file__db_parse_p25,S,db_parse_p25,filelocks,none,none,0,none,1,0,0,1304,na,na,na,na,na,resumed_to_ready,na,ok,"","",""
S044light.file__db_parse_p50,S,db_parse_p50,filelocks,none,none,0,none,1,0,0,1304,na,na,na,na,na,resumed_to_ready,na,ok,"","",""
S044light.file__db_parse_p75,S,db_parse_p75,filelocks,none,none,0,none,1,0,0,1304,na,na,na,na,na,resumed_to_ready,na,ok,"","",""
S044light.file__epg_index,S,epg_index,filelocks,none,none,0,none,1,0,0,25884,na,na,na,na,na,resumed_to_ready,na,ok,"","",""
S044light.file__epg_index_p25,S,epg_index_p25,filelocks,none,none,0,none,1,0,0,7452,na,na,na,na,na,resumed_to_ready,na,ok,"","",""
S044light.file__epg_index_p50,S,epg_index_p50,filelocks,none,none,0,none,1,0,0,13596,na,na,na,na,na,resumed_to_ready,na,ok,"","",""
S044light.file__epg_index_p75,S,epg_index_p75,filelocks,none,none,0,none,1,0,0,19740,na,na,na,na,na,resumed_to_ready,na,ok,"","",""
S044light.file__epg_text,S,epg_text,filelocks,none,none,0,none,1,0,0,25884,na,na,na,na,na,resumed_to_ready,na,ok,"","",""
S044light.file__epg_reserve,S,epg_reserve,filelocks,none,none,0,none,1,0,0,25884,na,na,na,na,na,resumed_to_ready,na,ok,"","",""
S044light.file__ready,S,ready,filelocks,none,none,0,none,1,0,0,25884,ok,ok,na,na,na,na,na,ok,"","",""
S044light.file__steady,S,steady,filelocks,none,none,0,none,1,0,0,25884,ok,ok,na,na,na,na,na,ok,"","",""
S045light.perm__init,S,init,permissive,none,none,0,none,1,0,0,284,na,na,na,na,na,resumed_to_ready,na,ok,"","",""
S045light.perm__db_open,S,db_open,permissive,none,none,0,none,1,0,0,284,na,na,na,na,na,resumed_to_ready,na,ok,"","",""
S045light.perm__db_read,S,db_read,permissive,none,none,0,none,1,0,0,1304,na,na,na,na,na,resumed_to_ready,na,ok,"","",""
S045light.perm__db_read_p25,S,db_read_p25,permissive,none,none,0,none,1,0,0,1304,na,na,na,na,na,resumed_to_ready,na,ok,"","",""
S045light.perm__db_read_p50,S,db_read_p50,permissive,none,none,0,none,1,0,0,1304,na,na,na,na,na,resumed_to_ready,na,ok,"","",""
S045light.perm__db_read_p75,S,db_read_p75,permissive,none,none,0,none,1,0,0,1304,na,na,na,na,na,resumed_to_ready,na,ok,"","",""
S045light.perm__db_parse,S,db_parse,permissive,none,none,0,none,1,0,0,1304,na,na,na,na,na,resumed_to_ready,na,ok,"","",""
S045light.perm__db_parse_p25,S,db_parse_p25,permissive,none,none,0,none,1,0,0,1304,na,na,na,na,na,resumed_to_ready,na,ok,"","",""
S045light.perm__db_parse_p50,S,db_parse_p50,permissive,none,none,0,none,1,0,0,1304,na,na,na,na,na,resumed_to_ready,na,ok,"","",""
S045light.perm__db_parse_p75,S,db_parse_p75,permissive,none,none,0,none,1,0,0,1304,na,na,na,na,na,resumed_to_ready,na,ok,"","",""
S045light.perm__epg_index,S,epg_index,permissive,none,none,0,none,1,0,0,25884,na,na,na,na,na,resumed_to_ready,na,ok,"","",""
S045light.perm__epg_index_p25,S,epg_index_p25,permissive,none,none,0,none,1,0,0,7452,na,na,na,na,na,resumed_to_ready,na,ok,"","",""
S045light.perm__epg_index_p50,S,epg_index_p50,permissive,none,none,0,none,1,0,0,13600,na,na,na,na,na,resumed_to_ready,na,ok,"","",""
S045light.perm__epg_index_p75,S,epg_index_p75,permissive,none,none,0,none,1,0,0,19744,na,na,na,na,na,resumed_to_ready,na,ok,"","",""
S045light.perm__epg_text,S,epg_text,permissive,none,none,0,none,1,0,0,25880,na,na,na,na,na,resumed_to_ready,na,ok,"","",""
S045light.perm__epg_reserve,S,epg_reserve,permissive,none,none,0,none,1,0,0,25884,na,na,na,na,na,resumed_to_ready,na,ok,"","",""
S045light.perm__ready,S,ready,permissive,none,none,0,none,1,0,0,25880,ok,ok,na,na,na,na,na,ok,"","",""
S045light.perm__steady,S,steady,permissive,none,none,0,none,1,0,0,25884,ok,ok,na,na,na,na,na,ok,"","",""
S046all.stri__init,S,init,strict,none,none,0,normal,1,0,0,284,na,na,na,na,na,resumed_to_ready,na,ok,"","",""
S046all.stri__sig_pending,S,sig_pending,strict,none,none,0,normal,1,0,0,284,na,na,na,na,na,resumed_to_ready,na,ok,"","",""
S046all.stri__dev_urandom,S,dev_urandom,strict,none,none,0,normal,1,0,0,284,na,na,na,na,na,resumed_to_ready,na,ok,"","",""
S046all.stri__log_open,S,log_open,strict,none,none,0,normal,1,1,na,276,na,na,na,na,na,na,na,dump_fail,"","(00.230581) Error (criu/sk-unix.c:874): unix: External socket is used. Consider using --ext-unix-sk option.",""
S046all.stri__db_open,S,db_open,strict,none,none,0,normal,1,1,na,276,na,na,na,na,na,na,na,dump_fail,"","(00.147984) Error (criu/sk-unix.c:874): unix: External socket is used. Consider using --ext-unix-sk option.",""
S046all.stri__db_lock,S,db_lock,strict,none,none,0,normal,1,1,na,268,na,na,na,na,na,na,na,dump_fail,"","(00.123112) Error (criu/file-lock.c:110): Some file locks are hold by dumping tasks! You can try --file-locks to dump them.",""
S046all.stri__db_read_p25,S,db_read_p25,strict,none,none,0,normal,1,1,na,1288,na,na,na,na,na,na,na,dump_fail,"","(00.120959) Error (criu/file-lock.c:110): Some file locks are hold by dumping tasks! You can try --file-locks to dump them.",""
S046all.stri__db_read_p50,S,db_read_p50,strict,none,none,0,normal,1,1,na,1288,na,na,na,na,na,na,na,dump_fail,"","(00.120104) Error (criu/file-lock.c:110): Some file locks are hold by dumping tasks! You can try --file-locks to dump them.",""
S046all.stri__db_read_p75,S,db_read_p75,strict,none,none,0,normal,1,1,na,1288,na,na,na,na,na,na,na,dump_fail,"","(00.126270) Error (criu/file-lock.c:110): Some file locks are hold by dumping tasks! You can try --file-locks to dump them.",""
S046all.stri__db_parse,S,db_parse,strict,none,none,0,normal,1,1,na,1288,na,na,na,na,na,na,na,dump_fail,"","(00.140122) Error (criu/file-lock.c:110): Some file locks are hold by dumping tasks! You can try --file-locks to dump them.",""
S046all.stri__db_parse_p25,S,db_parse_p25,strict,none,none,0,normal,1,1,na,1288,na,na,na,na,na,na,na,dump_fail,"","(00.112752) Error (criu/file-lock.c:110): Some file locks are hold by dumping tasks! You can try --file-locks to dump them.",""
S046all.stri__db_parse_p50,S,db_parse_p50,strict,none,none,0,normal,1,1,na,1288,na,na,na,na,na,na,na,dump_fail,"","(00.134650) Error (criu/file-lock.c:110): Some file locks are hold by dumping tasks! You can try --file-locks to dump them.",""
S046all.stri__db_parse_p75,S,db_parse_p75,strict,none,none,0,normal,1,1,na,1288,na,na,na,na,na,na,na,dump_fail,"","(00.119067) Error (criu/file-lock.c:110): Some file locks are hold by dumping tasks! You can try --file-locks to dump them.",""
S046all.stri__epg_index,S,epg_index,strict,none,none,0,normal,1,1,na,13580,na,na,na,na,na,na,na,dump_fail,"","(00.133243) Error (criu/file-lock.c:110): Some file locks are hold by dumping tasks! You can try --file-locks to dump them.",""
S046all.stri__epg_index_p25,S,epg_index_p25,strict,none,none,0,normal,1,1,na,4364,na,na,na,na,na,na,na,dump_fail,"","(00.083583) Error (criu/file-lock.c:110): Some file locks are hold by dumping tasks! You can try --file-locks to dump them.",""
S046all.stri__epg_index_p50,S,epg_index_p50,strict,none,none,0,normal,1,1,na,7436,na,na,na,na,na,na,na,dump_fail,"","(00.150014) Error (criu/file-lock.c:110): Some file locks are hold by dumping tasks! You can try --file-locks to dump them.",""
S046all.stri__epg_index_p75,S,epg_index_p75,strict,none,none,0,normal,1,1,na,10512,na,na,na,na,na,na,na,dump_fail,"","(00.175391) Error (criu/file-lock.c:110): Some file locks are hold by dumping tasks! You can try --file-locks to dump them.",""
S046all.stri__epg_text,S,epg_text,strict,none,none,0,normal,1,1,na,13580,na,na,na,na,na,na,na,dump_fail,"","(00.142409) Error (criu/file-lock.c:110): Some file locks are hold by dumping tasks! You can try --file-locks to dump them.",""
S046all.stri__epg_reserve,S,epg_reserve,strict,none,none,0,normal,1,1,na,13580,na,na,na,na,na,na,na,dump_fail,"","(00.141272) Error (criu/file-lock.c:110): Some file locks are hold by dumping tasks! You can try --file-locks to dump them.",""
S046all.stri__thread1,S,thread1,strict,none,none,0,normal,1,1,na,13592,na,na,na,na,na,na,na,dump_fail,"","(00.106469) Error (criu/file-lock.c:110): Some file locks are hold by dumping tasks! You can try --file-locks to dump them.",""
S046all.stri__thread2,S,thread2,strict,none,none,0,normal,1,1,na,13608,na,na,na,na,na,na,na,dump_fail,"","(00.136598) Error (criu/file-lock.c:110): Some file locks are hold by dumping tasks! You can try --file-locks to dump them.",""
S046all.stri__thread3,S,thread3,strict,none,none,0,normal,1,1,na,13620,na,na,na,na,na,na,na,dump_fail,"","(00.124636) Error (criu/file-lock.c:110): Some file locks are hold by dumping tasks! You can try --file-locks to dump them.",""
S046all.stri__thread4,S,thread4,strict,none,none,0,normal,1,1,na,13640,na,na,na,na,na,na,na,dump_fail,"","(00.137434) Error (criu/file-lock.c:110): Some file locks are hold by dumping tasks! You can try --file-locks to dump them.",""
S046all.stri__helper_forked,S,helper_forked,strict,none,none,0,normal,1,1,na,27216,na,na,na,na,na,na,na,dump_fail,"","(00.172757) Error (criu/file-lock.c:110): Some file locks are hold by dumping tasks! You can try --file-locks to dump them.",""
S046all.stri__zombie_made,S,zombie_made,strict,none,none,0,normal,1,1,na,27220,na,na,na,na,na,na,na,dump_fail,"","(00.180649) Error (criu/file-lock.c:110): Some file locks are hold by dumping tasks! You can try --file-locks to dump them.",""
S046all.stri__selfpipe,S,selfpipe,strict,none,none,0,normal,1,1,na,27232,na,na,na,na,na,na,na,dump_fail,"","(00.174706) Error (criu/file-lock.c:110): Some file locks are hold by dumping tasks! You can try --file-locks to dump them.",""
S046all.stri__eventfd_open,S,eventfd_open,strict,none,none,0,normal,1,1,na,27232,na,na,na,na,na,na,na,dump_fail,"","(00.142518) Error (criu/file-lock.c:110): Some file locks are hold by dumping tasks! You can try --file-locks to dump them.",""
S046all.stri__shm_map,S,shm_map,strict,none,none,0,normal,1,1,na,27232,na,na,na,na,na,na,na,dump_fail,"","(00.166516) Error (criu/file-lock.c:110): Some file locks are hold by dumping tasks! You can try --file-locks to dump them.",""
S046all.stri__workdir,S,workdir,strict,none,none,0,normal,1,1,na,27224,na,na,na,na,na,na,na,dump_fail,"","(00.168689) Error (criu/file-lock.c:110): Some file locks are hold by dumping tasks! You can try --file-locks to dump them.",""
S046all.stri__tmp_journal,S,tmp_journal,strict,none,none,0,normal,1,1,na,27232,na,na,na,na,na,na,na,dump_fail,"","(00.167358) Error (criu/file-lock.c:110): Some file locks are hold by dumping tasks! You can try --file-locks to dump them.",""
S046all.stri__hub_conn1,S,hub_conn1,strict,none,none,0,normal,1,1,na,27236,na,na,na,na,na,na,na,dump_fail,"","(00.171983) Error (criu/file-lock.c:110): Some file locks are hold by dumping tasks! You can try --file-locks to dump them.",""
S046all.stri__hub_conn2,S,hub_conn2,strict,none,none,0,normal,1,1,na,27240,na,na,na,na,na,na,na,dump_fail,"","(00.150401) Error (criu/file-lock.c:110): Some file locks are hold by dumping tasks! You can try --file-locks to dump them.",""
S046all.stri__hub_conn3,S,hub_conn3,strict,none,none,0,normal,1,1,na,27236,na,na,na,na,na,na,na,dump_fail,"","(00.167158) Error (criu/file-lock.c:110): Some file locks are hold by dumping tasks! You can try --file-locks to dump them.",""
S046all.stri__hub_conn4,S,hub_conn4,strict,none,none,0,normal,1,1,na,27240,na,na,na,na,na,na,na,dump_fail,"","(00.153498) Error (criu/file-lock.c:110): Some file locks are hold by dumping tasks! You can try --file-locks to dump them.",""
S046all.stri__hub_subscribed,S,hub_subscribed,strict,none,none,0,normal,1,1,na,27240,na,na,na,na,na,na,na,dump_fail,"","(00.172577) Error (criu/file-lock.c:110): Some file locks are hold by dumping tasks! You can try --file-locks to dump them.",""
S046all.stri__render_conn,S,render_conn,strict,none,none,0,normal,1,1,na,27248,na,na,na,na,na,na,na,dump_fail,"","(00.196019) Error (criu/file-lock.c:110): Some file locks are hold by dumping tasks! You can try --file-locks to dump them.",""
S046all.stri__tcp_conn,S,tcp_conn,strict,none,none,0,normal,1,1,na,72,na,na,na,na,na,na,na,dump_fail,"","(00.132477) Error (criu/sk-inet.c:200): inet: Connected TCP socket; consider using --tcp-established option.",""
S046all.stri__epoll_open,S,epoll_open,strict,none,none,0,normal,1,1,na,72,na,na,na,na,na,na,na,dump_fail,"","(00.136159) Error (criu/sk-inet.c:200): inet: Connected TCP socket; consider using --tcp-established option.",""
S046all.stri__svc_listen,S,svc_listen,strict,none,none,0,normal,1,1,na,72,na,na,na,na,na,na,na,dump_fail,"","(00.151237) Error (criu/sk-inet.c:200): inet: Connected TCP socket; consider using --tcp-established option.",""
S046all.stri__udp_open,S,udp_open,strict,none,none,0,normal,1,1,na,72,na,na,na,na,na,na,na,dump_fail,"","(00.125435) Error (criu/sk-inet.c:200): inet: Connected TCP socket; consider using --tcp-established option.",""
S046all.stri__netlink_open,S,netlink_open,strict,none,none,0,normal,1,1,na,72,na,na,na,na,na,na,na,dump_fail,"","(00.132578) Error (criu/sk-inet.c:200): inet: Connected TCP socket; consider using --tcp-established option.",""
S046all.stri__timer_armed,S,timer_armed,strict,none,none,0,normal,1,1,na,72,na,na,na,na,na,na,na,dump_fail,"","(00.107432) Error (criu/sk-inet.c:200): inet: Connected TCP socket; consider using --tcp-established option.",""
S046all.stri__db_watch,S,db_watch,strict,none,none,0,normal,1,1,na,72,na,na,na,na,na,na,na,dump_fail,"","(00.123032) Error (criu/sk-inet.c:200): inet: Connected TCP socket; consider using --tcp-established option.",""
S046all.stri__db_mmap,S,db_mmap,strict,none,none,0,normal,1,1,na,72,na,na,na,na,na,na,na,dump_fail,"","(00.119886) Error (criu/sk-inet.c:200): inet: Connected TCP socket; consider using --tcp-established option.",""
S046all.stri__ready,S,ready,strict,none,none,0,normal,1,1,na,76,na,na,na,na,na,na,na,dump_fail,"","(00.118406) Error (criu/sk-inet.c:200): inet: Connected TCP socket; consider using --tcp-established option.",""
S046all.stri__steady,S,steady,strict,none,none,0,normal,1,1,na,76,na,na,na,na,na,na,na,dump_fail,"","(00.114053) Error (criu/sk-inet.c:200): inet: Connected TCP socket; consider using --tcp-established option.",""
S047all.ext___init,S,init,ext_unix,none,none,0,normal,1,0,0,284,na,na,na,na,na,resumed_to_ready,na,ok,"","",""
S047all.ext___sig_pending,S,sig_pending,ext_unix,none,none,0,normal,1,0,0,284,na,na,na,na,na,resumed_to_ready,na,ok,"","",""
S047all.ext___dev_urandom,S,dev_urandom,ext_unix,none,none,0,normal,1,0,0,284,na,na,na,na,na,resumed_to_ready,na,ok,"","",""
S047all.ext___log_open,S,log_open,ext_unix,none,none,0,normal,1,0,0,284,na,na,na,na,na,resumed_to_ready,na,ok,"","",""
S047all.ext___db_open,S,db_open,ext_unix,none,none,0,normal,1,0,0,284,na,na,na,na,na,resumed_to_ready,na,ok,"","",""
S047all.ext___db_lock,S,db_lock,ext_unix,none,none,0,normal,1,1,na,268,na,na,na,na,na,na,na,dump_fail,"","(00.062598) Error (criu/file-lock.c:110): Some file locks are hold by dumping tasks! You can try --file-locks to dump them.",""
S047all.ext___db_read_p25,S,db_read_p25,ext_unix,none,none,0,normal,1,1,na,1288,na,na,na,na,na,na,na,dump_fail,"","(00.148959) Error (criu/file-lock.c:110): Some file locks are hold by dumping tasks! You can try --file-locks to dump them.",""
S047all.ext___db_read_p50,S,db_read_p50,ext_unix,none,none,0,normal,1,1,na,1288,na,na,na,na,na,na,na,dump_fail,"","(00.118415) Error (criu/file-lock.c:110): Some file locks are hold by dumping tasks! You can try --file-locks to dump them.",""
S047all.ext___db_read_p75,S,db_read_p75,ext_unix,none,none,0,normal,1,1,na,1288,na,na,na,na,na,na,na,dump_fail,"","(00.114043) Error (criu/file-lock.c:110): Some file locks are hold by dumping tasks! You can try --file-locks to dump them.",""
S047all.ext___db_parse,S,db_parse,ext_unix,none,none,0,normal,1,1,na,1288,na,na,na,na,na,na,na,dump_fail,"","(00.107223) Error (criu/file-lock.c:110): Some file locks are hold by dumping tasks! You can try --file-locks to dump them.",""
S047all.ext___db_parse_p25,S,db_parse_p25,ext_unix,none,none,0,normal,1,1,na,1288,na,na,na,na,na,na,na,dump_fail,"","(00.107700) Error (criu/file-lock.c:110): Some file locks are hold by dumping tasks! You can try --file-locks to dump them.",""
S047all.ext___db_parse_p50,S,db_parse_p50,ext_unix,none,none,0,normal,1,1,na,1292,na,na,na,na,na,na,na,dump_fail,"","(00.072971) Error (criu/file-lock.c:110): Some file locks are hold by dumping tasks! You can try --file-locks to dump them.",""
S047all.ext___db_parse_p75,S,db_parse_p75,ext_unix,none,none,0,normal,1,1,na,1288,na,na,na,na,na,na,na,dump_fail,"","(00.118618) Error (criu/file-lock.c:110): Some file locks are hold by dumping tasks! You can try --file-locks to dump them.",""
S047all.ext___epg_index,S,epg_index,ext_unix,none,none,0,normal,1,1,na,13580,na,na,na,na,na,na,na,dump_fail,"","(00.163716) Error (criu/file-lock.c:110): Some file locks are hold by dumping tasks! You can try --file-locks to dump them.",""
S047all.ext___epg_index_p25,S,epg_index_p25,ext_unix,none,none,0,normal,1,1,na,4364,na,na,na,na,na,na,na,dump_fail,"","(00.120516) Error (criu/file-lock.c:110): Some file locks are hold by dumping tasks! You can try --file-locks to dump them.",""
S047all.ext___epg_index_p50,S,epg_index_p50,ext_unix,none,none,0,normal,1,1,na,7440,na,na,na,na,na,na,na,dump_fail,"","(00.079340) Error (criu/file-lock.c:110): Some file locks are hold by dumping tasks! You can try --file-locks to dump them.",""
S047all.ext___epg_index_p75,S,epg_index_p75,ext_unix,none,none,0,normal,1,1,na,10508,na,na,na,na,na,na,na,dump_fail,"","(00.148019) Error (criu/file-lock.c:110): Some file locks are hold by dumping tasks! You can try --file-locks to dump them.",""
S047all.ext___epg_text,S,epg_text,ext_unix,none,none,0,normal,1,1,na,13584,na,na,na,na,na,na,na,dump_fail,"","(00.174692) Error (criu/file-lock.c:110): Some file locks are hold by dumping tasks! You can try --file-locks to dump them.",""
S047all.ext___epg_reserve,S,epg_reserve,ext_unix,none,none,0,normal,1,1,na,13580,na,na,na,na,na,na,na,dump_fail,"","(00.138792) Error (criu/file-lock.c:110): Some file locks are hold by dumping tasks! You can try --file-locks to dump them.",""
S047all.ext___thread1,S,thread1,ext_unix,none,none,0,normal,1,1,na,13596,na,na,na,na,na,na,na,dump_fail,"","(00.156604) Error (criu/file-lock.c:110): Some file locks are hold by dumping tasks! You can try --file-locks to dump them.",""
S047all.ext___thread2,S,thread2,ext_unix,none,none,0,normal,1,1,na,13608,na,na,na,na,na,na,na,dump_fail,"","(00.082969) Error (criu/file-lock.c:110): Some file locks are hold by dumping tasks! You can try --file-locks to dump them.",""
S047all.ext___thread3,S,thread3,ext_unix,none,none,0,normal,1,1,na,13624,na,na,na,na,na,na,na,dump_fail,"","(00.117403) Error (criu/file-lock.c:110): Some file locks are hold by dumping tasks! You can try --file-locks to dump them.",""
S047all.ext___thread4,S,thread4,ext_unix,none,none,0,normal,1,1,na,13636,na,na,na,na,na,na,na,dump_fail,"","(00.135453) Error (criu/file-lock.c:110): Some file locks are hold by dumping tasks! You can try --file-locks to dump them.",""
S047all.ext___helper_forked,S,helper_forked,ext_unix,none,none,0,normal,1,1,na,27216,na,na,na,na,na,na,na,dump_fail,"","(00.140222) Error (criu/file-lock.c:110): Some file locks are hold by dumping tasks! You can try --file-locks to dump them.",""
S047all.ext___zombie_made,S,zombie_made,ext_unix,none,none,0,normal,1,1,na,27228,na,na,na,na,na,na,na,dump_fail,"","(00.160776) Error (criu/file-lock.c:110): Some file locks are hold by dumping tasks! You can try --file-locks to dump them.",""
S047all.ext___selfpipe,S,selfpipe,ext_unix,none,none,0,normal,1,1,na,27228,na,na,na,na,na,na,na,dump_fail,"","(00.135477) Error (criu/file-lock.c:110): Some file locks are hold by dumping tasks! You can try --file-locks to dump them.",""
S047all.ext___eventfd_open,S,eventfd_open,ext_unix,none,none,0,normal,1,1,na,27224,na,na,na,na,na,na,na,dump_fail,"","(00.142052) Error (criu/file-lock.c:110): Some file locks are hold by dumping tasks! You can try --file-locks to dump them.",""
S047all.ext___shm_map,S,shm_map,ext_unix,none,none,0,normal,1,1,na,27224,na,na,na,na,na,na,na,dump_fail,"","(00.100049) Error (criu/file-lock.c:110): Some file locks are hold by dumping tasks! You can try --file-locks to dump them.",""
S047all.ext___workdir,S,workdir,ext_unix,none,none,0,normal,1,1,na,27224,na,na,na,na,na,na,na,dump_fail,"","(00.156517) Error (criu/file-lock.c:110): Some file locks are hold by dumping tasks! You can try --file-locks to dump them.",""
S047all.ext___tmp_journal,S,tmp_journal,ext_unix,none,none,0,normal,1,1,na,27232,na,na,na,na,na,na,na,dump_fail,"","(00.116014) Error (criu/file-lock.c:110): Some file locks are hold by dumping tasks! You can try --file-locks to dump them.",""
S047all.ext___hub_conn1,S,hub_conn1,ext_unix,none,none,0,normal,1,1,na,27244,na,na,na,na,na,na,na,dump_fail,"","(00.162513) Error (criu/file-lock.c:110): Some file locks are hold by dumping tasks! You can try --file-locks to dump them.",""
S047all.ext___hub_conn2,S,hub_conn2,ext_unix,none,none,0,normal,1,1,na,27236,na,na,na,na,na,na,na,dump_fail,"","(00.187133) Error (criu/file-lock.c:110): Some file locks are hold by dumping tasks! You can try --file-locks to dump them.",""
S047all.ext___hub_conn3,S,hub_conn3,ext_unix,none,none,0,normal,1,1,na,27236,na,na,na,na,na,na,na,dump_fail,"","(00.140637) Error (criu/file-lock.c:110): Some file locks are hold by dumping tasks! You can try --file-locks to dump them.",""
S047all.ext___hub_conn4,S,hub_conn4,ext_unix,none,none,0,normal,1,1,na,27240,na,na,na,na,na,na,na,dump_fail,"","(00.161769) Error (criu/file-lock.c:110): Some file locks are hold by dumping tasks! You can try --file-locks to dump them.",""
S047all.ext___hub_subscribed,S,hub_subscribed,ext_unix,none,none,0,normal,1,1,na,27248,na,na,na,na,na,na,na,dump_fail,"","(00.137079) Error (criu/file-lock.c:110): Some file locks are hold by dumping tasks! You can try --file-locks to dump them.",""
S047all.ext___render_conn,S,render_conn,ext_unix,none,none,0,normal,1,1,na,27248,na,na,na,na,na,na,na,dump_fail,"","(00.160366) Error (criu/file-lock.c:110): Some file locks are hold by dumping tasks! You can try --file-locks to dump them.",""
S047all.ext___tcp_conn,S,tcp_conn,ext_unix,none,none,0,normal,1,1,na,72,na,na,na,na,na,na,na,dump_fail,"","(00.126842) Error (criu/sk-inet.c:200): inet: Connected TCP socket; consider using --tcp-established option.",""
S047all.ext___epoll_open,S,epoll_open,ext_unix,none,none,0,normal,1,1,na,72,na,na,na,na,na,na,na,dump_fail,"","(00.134828) Error (criu/sk-inet.c:200): inet: Connected TCP socket; consider using --tcp-established option.",""
S047all.ext___svc_listen,S,svc_listen,ext_unix,none,none,0,normal,1,1,na,72,na,na,na,na,na,na,na,dump_fail,"","(00.118973) Error (criu/sk-inet.c:200): inet: Connected TCP socket; consider using --tcp-established option.",""
S047all.ext___udp_open,S,udp_open,ext_unix,none,none,0,normal,1,1,na,72,na,na,na,na,na,na,na,dump_fail,"","(00.112646) Error (criu/sk-inet.c:200): inet: Connected TCP socket; consider using --tcp-established option.",""
S047all.ext___netlink_open,S,netlink_open,ext_unix,none,none,0,normal,1,1,na,72,na,na,na,na,na,na,na,dump_fail,"","(00.132997) Error (criu/sk-inet.c:200): inet: Connected TCP socket; consider using --tcp-established option.",""
S047all.ext___timer_armed,S,timer_armed,ext_unix,none,none,0,normal,1,1,na,72,na,na,na,na,na,na,na,dump_fail,"","(00.145931) Error (criu/sk-inet.c:200): inet: Connected TCP socket; consider using --tcp-established option.",""
S047all.ext___db_watch,S,db_watch,ext_unix,none,none,0,normal,1,1,na,72,na,na,na,na,na,na,na,dump_fail,"","(00.126586) Error (criu/sk-inet.c:200): inet: Connected TCP socket; consider using --tcp-established option.",""
S047all.ext___db_mmap,S,db_mmap,ext_unix,none,none,0,normal,1,1,na,72,na,na,na,na,na,na,na,dump_fail,"","(00.116829) Error (criu/sk-inet.c:200): inet: Connected TCP socket; consider using --tcp-established option.",""
S047all.ext___ready,S,ready,ext_unix,none,none,0,normal,1,1,na,76,na,na,na,na,na,na,na,dump_fail,"","(00.102944) Error (criu/sk-inet.c:200): inet: Connected TCP socket; consider using --tcp-established option.",""
S047all.ext___steady,S,steady,ext_unix,none,none,0,normal,1,1,na,76,na,na,na,na,na,na,na,dump_fail,"","(00.139219) Error (criu/sk-inet.c:200): inet: Connected TCP socket; consider using --tcp-established option.",""
S048all.tcp___init,S,init,tcp_est,none,none,0,normal,1,0,0,284,na,na,na,na,na,resumed_to_ready,na,ok,"","",""
S048all.tcp___sig_pending,S,sig_pending,tcp_est,none,none,0,normal,1,0,0,284,na,na,na,na,na,resumed_to_ready,na,ok,"","",""
S048all.tcp___dev_urandom,S,dev_urandom,tcp_est,none,none,0,normal,1,0,0,284,na,na,na,na,na,resumed_to_ready,na,ok,"","",""
S048all.tcp___log_open,S,log_open,tcp_est,none,none,0,normal,1,1,na,276,na,na,na,na,na,na,na,dump_fail,"","(00.152635) Error (criu/sk-unix.c:874): unix: External socket is used. Consider using --ext-unix-sk option.",""
S048all.tcp___db_open,S,db_open,tcp_est,none,none,0,normal,1,1,na,276,na,na,na,na,na,na,na,dump_fail,"","(00.121553) Error (criu/sk-unix.c:874): unix: External socket is used. Consider using --ext-unix-sk option.",""
S048all.tcp___db_lock,S,db_lock,tcp_est,none,none,0,normal,1,1,na,268,na,na,na,na,na,na,na,dump_fail,"","(00.134820) Error (criu/file-lock.c:110): Some file locks are hold by dumping tasks! You can try --file-locks to dump them.",""
S048all.tcp___db_read_p25,S,db_read_p25,tcp_est,none,none,0,normal,1,1,na,1288,na,na,na,na,na,na,na,dump_fail,"","(00.148115) Error (criu/file-lock.c:110): Some file locks are hold by dumping tasks! You can try --file-locks to dump them.",""
S048all.tcp___db_read_p50,S,db_read_p50,tcp_est,none,none,0,normal,1,1,na,1292,na,na,na,na,na,na,na,dump_fail,"","(00.148867) Error (criu/file-lock.c:110): Some file locks are hold by dumping tasks! You can try --file-locks to dump them.",""
S048all.tcp___db_read_p75,S,db_read_p75,tcp_est,none,none,0,normal,1,1,na,1288,na,na,na,na,na,na,na,dump_fail,"","(00.140853) Error (criu/file-lock.c:110): Some file locks are hold by dumping tasks! You can try --file-locks to dump them.",""
S048all.tcp___db_parse,S,db_parse,tcp_est,none,none,0,normal,1,1,na,1288,na,na,na,na,na,na,na,dump_fail,"","(00.140716) Error (criu/file-lock.c:110): Some file locks are hold by dumping tasks! You can try --file-locks to dump them.",""
S048all.tcp___db_parse_p25,S,db_parse_p25,tcp_est,none,none,0,normal,1,1,na,1288,na,na,na,na,na,na,na,dump_fail,"","(00.125008) Error (criu/file-lock.c:110): Some file locks are hold by dumping tasks! You can try --file-locks to dump them.",""
S048all.tcp___db_parse_p50,S,db_parse_p50,tcp_est,none,none,0,normal,1,1,na,1288,na,na,na,na,na,na,na,dump_fail,"","(00.124326) Error (criu/file-lock.c:110): Some file locks are hold by dumping tasks! You can try --file-locks to dump them.",""
S048all.tcp___db_parse_p75,S,db_parse_p75,tcp_est,none,none,0,normal,1,1,na,1288,na,na,na,na,na,na,na,dump_fail,"","(00.115267) Error (criu/file-lock.c:110): Some file locks are hold by dumping tasks! You can try --file-locks to dump them.",""
S048all.tcp___epg_index,S,epg_index,tcp_est,none,none,0,normal,1,1,na,13580,na,na,na,na,na,na,na,dump_fail,"","(00.139912) Error (criu/file-lock.c:110): Some file locks are hold by dumping tasks! You can try --file-locks to dump them.",""
S048all.tcp___epg_index_p25,S,epg_index_p25,tcp_est,none,none,0,normal,1,1,na,4364,na,na,na,na,na,na,na,dump_fail,"","(00.126696) Error (criu/file-lock.c:110): Some file locks are hold by dumping tasks! You can try --file-locks to dump them.",""
S048all.tcp___epg_index_p50,S,epg_index_p50,tcp_est,none,none,0,normal,1,1,na,7436,na,na,na,na,na,na,na,dump_fail,"","(00.138448) Error (criu/file-lock.c:110): Some file locks are hold by dumping tasks! You can try --file-locks to dump them.",""
S048all.tcp___epg_index_p75,S,epg_index_p75,tcp_est,none,none,0,normal,1,1,na,10508,na,na,na,na,na,na,na,dump_fail,"","(00.165033) Error (criu/file-lock.c:110): Some file locks are hold by dumping tasks! You can try --file-locks to dump them.",""
S048all.tcp___epg_text,S,epg_text,tcp_est,none,none,0,normal,1,1,na,13580,na,na,na,na,na,na,na,dump_fail,"","(00.113913) Error (criu/file-lock.c:110): Some file locks are hold by dumping tasks! You can try --file-locks to dump them.",""
S048all.tcp___epg_reserve,S,epg_reserve,tcp_est,none,none,0,normal,1,1,na,13580,na,na,na,na,na,na,na,dump_fail,"","(00.143185) Error (criu/file-lock.c:110): Some file locks are hold by dumping tasks! You can try --file-locks to dump them.",""
S048all.tcp___thread1,S,thread1,tcp_est,none,none,0,normal,1,1,na,13592,na,na,na,na,na,na,na,dump_fail,"","(00.107365) Error (criu/file-lock.c:110): Some file locks are hold by dumping tasks! You can try --file-locks to dump them.",""
S048all.tcp___thread2,S,thread2,tcp_est,none,none,0,normal,1,1,na,13608,na,na,na,na,na,na,na,dump_fail,"","(00.138303) Error (criu/file-lock.c:110): Some file locks are hold by dumping tasks! You can try --file-locks to dump them.",""
S048all.tcp___thread3,S,thread3,tcp_est,none,none,0,normal,1,1,na,13620,na,na,na,na,na,na,na,dump_fail,"","(00.147859) Error (criu/file-lock.c:110): Some file locks are hold by dumping tasks! You can try --file-locks to dump them.",""
S048all.tcp___thread4,S,thread4,tcp_est,none,none,0,normal,1,1,na,13636,na,na,na,na,na,na,na,dump_fail,"","(00.107819) Error (criu/file-lock.c:110): Some file locks are hold by dumping tasks! You can try --file-locks to dump them.",""
S048all.tcp___helper_forked,S,helper_forked,tcp_est,none,none,0,normal,1,1,na,27220,na,na,na,na,na,na,na,dump_fail,"","(00.160339) Error (criu/file-lock.c:110): Some file locks are hold by dumping tasks! You can try --file-locks to dump them.",""
S048all.tcp___zombie_made,S,zombie_made,tcp_est,none,none,0,normal,1,1,na,27216,na,na,na,na,na,na,na,dump_fail,"","(00.128412) Error (criu/file-lock.c:110): Some file locks are hold by dumping tasks! You can try --file-locks to dump them.",""
S048all.tcp___selfpipe,S,selfpipe,tcp_est,none,none,0,normal,1,1,na,27224,na,na,na,na,na,na,na,dump_fail,"","(00.151101) Error (criu/file-lock.c:110): Some file locks are hold by dumping tasks! You can try --file-locks to dump them.",""
S048all.tcp___eventfd_open,S,eventfd_open,tcp_est,none,none,0,normal,1,1,na,27224,na,na,na,na,na,na,na,dump_fail,"","(00.137194) Error (criu/file-lock.c:110): Some file locks are hold by dumping tasks! You can try --file-locks to dump them.",""
S048all.tcp___shm_map,S,shm_map,tcp_est,none,none,0,normal,1,1,na,27224,na,na,na,na,na,na,na,dump_fail,"","(00.145844) Error (criu/file-lock.c:110): Some file locks are hold by dumping tasks! You can try --file-locks to dump them.",""
S048all.tcp___workdir,S,workdir,tcp_est,none,none,0,normal,1,1,na,27224,na,na,na,na,na,na,na,dump_fail,"","(00.166867) Error (criu/file-lock.c:110): Some file locks are hold by dumping tasks! You can try --file-locks to dump them.",""
S048all.tcp___tmp_journal,S,tmp_journal,tcp_est,none,none,0,normal,1,1,na,27240,na,na,na,na,na,na,na,dump_fail,"","(00.150092) Error (criu/file-lock.c:110): Some file locks are hold by dumping tasks! You can try --file-locks to dump them.",""
S048all.tcp___hub_conn1,S,hub_conn1,tcp_est,none,none,0,normal,1,1,na,27236,na,na,na,na,na,na,na,dump_fail,"","(00.143934) Error (criu/file-lock.c:110): Some file locks are hold by dumping tasks! You can try --file-locks to dump them.",""
S048all.tcp___hub_conn2,S,hub_conn2,tcp_est,none,none,0,normal,1,1,na,27240,na,na,na,na,na,na,na,dump_fail,"","(00.154788) Error (criu/file-lock.c:110): Some file locks are hold by dumping tasks! You can try --file-locks to dump them.",""
S048all.tcp___hub_conn3,S,hub_conn3,tcp_est,none,none,0,normal,1,1,na,27236,na,na,na,na,na,na,na,dump_fail,"","(00.186552) Error (criu/file-lock.c:110): Some file locks are hold by dumping tasks! You can try --file-locks to dump them.",""
S048all.tcp___hub_conn4,S,hub_conn4,tcp_est,none,none,0,normal,1,1,na,27240,na,na,na,na,na,na,na,dump_fail,"","(00.139772) Error (criu/file-lock.c:110): Some file locks are hold by dumping tasks! You can try --file-locks to dump them.",""
S048all.tcp___hub_subscribed,S,hub_subscribed,tcp_est,none,none,0,normal,1,1,na,27240,na,na,na,na,na,na,na,dump_fail,"","(00.140125) Error (criu/file-lock.c:110): Some file locks are hold by dumping tasks! You can try --file-locks to dump them.",""
S048all.tcp___render_conn,S,render_conn,tcp_est,none,none,0,normal,1,1,na,27240,na,na,na,na,na,na,na,dump_fail,"","(00.139827) Error (criu/file-lock.c:110): Some file locks are hold by dumping tasks! You can try --file-locks to dump them.",""
S048all.tcp___tcp_conn,S,tcp_conn,tcp_est,none,none,0,normal,1,1,na,27256,na,na,na,na,na,na,na,dump_fail,"","(00.141238) Error (criu/file-lock.c:110): Some file locks are hold by dumping tasks! You can try --file-locks to dump them.",""
S048all.tcp___epoll_open,S,epoll_open,tcp_est,none,none,0,normal,1,1,na,27248,na,na,na,na,na,na,na,dump_fail,"","(00.160112) Error (criu/file-lock.c:110): Some file locks are hold by dumping tasks! You can try --file-locks to dump them.",""
S048all.tcp___svc_listen,S,svc_listen,tcp_est,none,none,0,normal,1,1,na,27248,na,na,na,na,na,na,na,dump_fail,"","(00.142491) Error (criu/file-lock.c:110): Some file locks are hold by dumping tasks! You can try --file-locks to dump them.",""
S048all.tcp___udp_open,S,udp_open,tcp_est,none,none,0,normal,1,1,na,27248,na,na,na,na,na,na,na,dump_fail,"","(00.152968) Error (criu/file-lock.c:110): Some file locks are hold by dumping tasks! You can try --file-locks to dump them.",""
S048all.tcp___netlink_open,S,netlink_open,tcp_est,none,none,0,normal,1,1,na,27252,na,na,na,na,na,na,na,dump_fail,"","(00.129488) Error (criu/file-lock.c:110): Some file locks are hold by dumping tasks! You can try --file-locks to dump them.",""
S048all.tcp___timer_armed,S,timer_armed,tcp_est,none,none,0,normal,1,1,na,27248,na,na,na,na,na,na,na,dump_fail,"","(00.151160) Error (criu/file-lock.c:110): Some file locks are hold by dumping tasks! You can try --file-locks to dump them.",""
S048all.tcp___db_watch,S,db_watch,tcp_est,none,none,0,normal,1,1,na,164,na,na,na,na,na,na,na,dump_fail,"","(00.140308) Error (criu/fsnotify.c:284): fsnotify: 	Can't dump that handle",""
S048all.tcp___db_mmap,S,db_mmap,tcp_est,none,none,0,normal,1,1,na,164,na,na,na,na,na,na,na,dump_fail,"","(00.129451) Error (criu/fsnotify.c:284): fsnotify: 	Can't dump that handle",""
S048all.tcp___ready,S,ready,tcp_est,none,none,0,normal,1,1,na,164,na,na,na,na,na,na,na,dump_fail,"","(00.153763) Error (criu/fsnotify.c:284): fsnotify: 	Can't dump that handle",""
S048all.tcp___steady,S,steady,tcp_est,none,none,0,normal,1,1,na,164,na,na,na,na,na,na,na,dump_fail,"","(00.125965) Error (criu/fsnotify.c:284): fsnotify: 	Can't dump that handle",""
S049all.file__init,S,init,filelocks,none,none,0,normal,1,0,0,284,na,na,na,na,na,resumed_to_ready,na,ok,"","",""
S049all.file__sig_pending,S,sig_pending,filelocks,none,none,0,normal,1,0,0,284,na,na,na,na,na,resumed_to_ready,na,ok,"","",""
S049all.file__dev_urandom,S,dev_urandom,filelocks,none,none,0,normal,1,0,0,288,na,na,na,na,na,resumed_to_ready,na,ok,"","",""
S049all.file__log_open,S,log_open,filelocks,none,none,0,normal,1,1,na,276,na,na,na,na,na,na,na,dump_fail,"","(00.118820) Error (criu/sk-unix.c:874): unix: External socket is used. Consider using --ext-unix-sk option.",""
S049all.file__db_open,S,db_open,filelocks,none,none,0,normal,1,1,na,276,na,na,na,na,na,na,na,dump_fail,"","(00.116765) Error (criu/sk-unix.c:874): unix: External socket is used. Consider using --ext-unix-sk option.",""
S049all.file__db_lock,S,db_lock,filelocks,none,none,0,normal,1,1,na,280,na,na,na,na,na,na,na,dump_fail,"","(00.136927) Error (criu/sk-unix.c:874): unix: External socket is used. Consider using --ext-unix-sk option.",""
S049all.file__db_read_p25,S,db_read_p25,filelocks,none,none,0,normal,1,1,na,1300,na,na,na,na,na,na,na,dump_fail,"","(00.119035) Error (criu/sk-unix.c:874): unix: External socket is used. Consider using --ext-unix-sk option.",""
S049all.file__db_read_p50,S,db_read_p50,filelocks,none,none,0,normal,1,1,na,1300,na,na,na,na,na,na,na,dump_fail,"","(00.115865) Error (criu/sk-unix.c:874): unix: External socket is used. Consider using --ext-unix-sk option.",""
S049all.file__db_read_p75,S,db_read_p75,filelocks,none,none,0,normal,1,1,na,1296,na,na,na,na,na,na,na,dump_fail,"","(00.119606) Error (criu/sk-unix.c:874): unix: External socket is used. Consider using --ext-unix-sk option.",""
S049all.file__db_parse,S,db_parse,filelocks,none,none,0,normal,1,1,na,1300,na,na,na,na,na,na,na,dump_fail,"","(00.100351) Error (criu/sk-unix.c:874): unix: External socket is used. Consider using --ext-unix-sk option.",""
S049all.file__db_parse_p25,S,db_parse_p25,filelocks,none,none,0,normal,1,1,na,1300,na,na,na,na,na,na,na,dump_fail,"","(00.112148) Error (criu/sk-unix.c:874): unix: External socket is used. Consider using --ext-unix-sk option.",""
S049all.file__db_parse_p50,S,db_parse_p50,filelocks,none,none,0,normal,1,1,na,1300,na,na,na,na,na,na,na,dump_fail,"","(00.124500) Error (criu/sk-unix.c:874): unix: External socket is used. Consider using --ext-unix-sk option.",""
S049all.file__db_parse_p75,S,db_parse_p75,filelocks,none,none,0,normal,1,1,na,1300,na,na,na,na,na,na,na,dump_fail,"","(00.112872) Error (criu/sk-unix.c:874): unix: External socket is used. Consider using --ext-unix-sk option.",""
S049all.file__epg_index,S,epg_index,filelocks,none,none,0,normal,1,1,na,13592,na,na,na,na,na,na,na,dump_fail,"","(00.135366) Error (criu/sk-unix.c:874): unix: External socket is used. Consider using --ext-unix-sk option.",""
S049all.file__epg_index_p25,S,epg_index_p25,filelocks,none,none,0,normal,1,1,na,4376,na,na,na,na,na,na,na,dump_fail,"","(00.134204) Error (criu/sk-unix.c:874): unix: External socket is used. Consider using --ext-unix-sk option.",""
S049all.file__epg_index_p50,S,epg_index_p50,filelocks,none,none,0,normal,1,1,na,7448,na,na,na,na,na,na,na,dump_fail,"","(00.114302) Error (criu/sk-unix.c:874): unix: External socket is used. Consider using --ext-unix-sk option.",""
S049all.file__epg_index_p75,S,epg_index_p75,filelocks,none,none,0,normal,1,1,na,10520,na,na,na,na,na,na,na,dump_fail,"","(00.135360) Error (criu/sk-unix.c:874): unix: External socket is used. Consider using --ext-unix-sk option.",""
S049all.file__epg_text,S,epg_text,filelocks,none,none,0,normal,1,1,na,13592,na,na,na,na,na,na,na,dump_fail,"","(00.123464) Error (criu/sk-unix.c:874): unix: External socket is used. Consider using --ext-unix-sk option.",""
S049all.file__epg_reserve,S,epg_reserve,filelocks,none,none,0,normal,1,1,na,13592,na,na,na,na,na,na,na,dump_fail,"","(00.127285) Error (criu/sk-unix.c:874): unix: External socket is used. Consider using --ext-unix-sk option.",""
S049all.file__thread1,S,thread1,filelocks,none,none,0,normal,1,1,na,13608,na,na,na,na,na,na,na,dump_fail,"","(00.129608) Error (criu/sk-unix.c:874): unix: External socket is used. Consider using --ext-unix-sk option.",""
S049all.file__thread2,S,thread2,filelocks,none,none,0,normal,1,1,na,13620,na,na,na,na,na,na,na,dump_fail,"","(00.131544) Error (criu/sk-unix.c:874): unix: External socket is used. Consider using --ext-unix-sk option.",""
S049all.file__thread3,S,thread3,filelocks,none,none,0,normal,1,1,na,13636,na,na,na,na,na,na,na,dump_fail,"","(00.132406) Error (criu/sk-unix.c:874): unix: External socket is used. Consider using --ext-unix-sk option.",""
S049all.file__thread4,S,thread4,filelocks,none,none,0,normal,1,1,na,13648,na,na,na,na,na,na,na,dump_fail,"","(00.126637) Error (criu/sk-unix.c:874): unix: External socket is used. Consider using --ext-unix-sk option.",""
S049all.file__helper_forked,S,helper_forked,filelocks,none,none,0,normal,1,1,na,27232,na,na,na,na,na,na,na,dump_fail,"","(00.148475) Error (criu/sk-unix.c:874): unix: External socket is used. Consider using --ext-unix-sk option.",""
S049all.file__zombie_made,S,zombie_made,filelocks,none,none,0,normal,1,1,na,27236,na,na,na,na,na,na,na,dump_fail,"","(00.177225) Error (criu/sk-unix.c:874): unix: External socket is used. Consider using --ext-unix-sk option.",""
S049all.file__selfpipe,S,selfpipe,filelocks,none,none,0,normal,1,1,na,27240,na,na,na,na,na,na,na,dump_fail,"","(00.143524) Error (criu/sk-unix.c:874): unix: External socket is used. Consider using --ext-unix-sk option.",""
S049all.file__eventfd_open,S,eventfd_open,filelocks,none,none,0,normal,1,1,na,27240,na,na,na,na,na,na,na,dump_fail,"","(00.133714) Error (criu/sk-unix.c:874): unix: External socket is used. Consider using --ext-unix-sk option.",""
S049all.file__shm_map,S,shm_map,filelocks,none,none,0,normal,1,1,na,27240,na,na,na,na,na,na,na,dump_fail,"","(00.143754) Error (criu/sk-unix.c:874): unix: External socket is used. Consider using --ext-unix-sk option.",""
S049all.file__workdir,S,workdir,filelocks,none,none,0,normal,1,1,na,27240,na,na,na,na,na,na,na,dump_fail,"","(00.145224) Error (criu/sk-unix.c:874): unix: External socket is used. Consider using --ext-unix-sk option.",""
S049all.file__tmp_journal,S,tmp_journal,filelocks,none,none,0,normal,1,1,na,27248,na,na,na,na,na,na,na,dump_fail,"","(00.137051) Error (criu/sk-unix.c:874): unix: External socket is used. Consider using --ext-unix-sk option.",""
S049all.file__hub_conn1,S,hub_conn1,filelocks,none,none,0,normal,1,1,na,27252,na,na,na,na,na,na,na,dump_fail,"","(00.126450) Error (criu/sk-unix.c:874): unix: External socket is used. Consider using --ext-unix-sk option.",""
S049all.file__hub_conn2,S,hub_conn2,filelocks,none,none,0,normal,1,1,na,27256,na,na,na,na,na,na,na,dump_fail,"","(00.165672) Error (criu/sk-unix.c:874): unix: External socket is used. Consider using --ext-unix-sk option.",""
S049all.file__hub_conn3,S,hub_conn3,filelocks,none,none,0,normal,1,1,na,27256,na,na,na,na,na,na,na,dump_fail,"","(00.139760) Error (criu/sk-unix.c:874): unix: External socket is used. Consider using --ext-unix-sk option.",""
S049all.file__hub_conn4,S,hub_conn4,filelocks,none,none,0,normal,1,1,na,27256,na,na,na,na,na,na,na,dump_fail,"","(00.140506) Error (criu/sk-unix.c:874): unix: External socket is used. Consider using --ext-unix-sk option.",""
S049all.file__hub_subscribed,S,hub_subscribed,filelocks,none,none,0,normal,1,1,na,27256,na,na,na,na,na,na,na,dump_fail,"","(00.132789) Error (criu/sk-unix.c:874): unix: External socket is used. Consider using --ext-unix-sk option.",""
S049all.file__render_conn,S,render_conn,filelocks,none,none,0,normal,1,1,na,27256,na,na,na,na,na,na,na,dump_fail,"","(00.132824) Error (criu/sk-unix.c:874): unix: External socket is used. Consider using --ext-unix-sk option.",""
S049all.file__tcp_conn,S,tcp_conn,filelocks,none,none,0,normal,1,1,na,72,na,na,na,na,na,na,na,dump_fail,"","(00.116529) Error (criu/sk-inet.c:200): inet: Connected TCP socket; consider using --tcp-established option.",""
S049all.file__epoll_open,S,epoll_open,filelocks,none,none,0,normal,1,1,na,72,na,na,na,na,na,na,na,dump_fail,"","(00.106002) Error (criu/sk-inet.c:200): inet: Connected TCP socket; consider using --tcp-established option.",""
S049all.file__svc_listen,S,svc_listen,filelocks,none,none,0,normal,1,1,na,72,na,na,na,na,na,na,na,dump_fail,"","(00.124818) Error (criu/sk-inet.c:200): inet: Connected TCP socket; consider using --tcp-established option.",""
S049all.file__udp_open,S,udp_open,filelocks,none,none,0,normal,1,1,na,72,na,na,na,na,na,na,na,dump_fail,"","(00.108204) Error (criu/sk-inet.c:200): inet: Connected TCP socket; consider using --tcp-established option.",""
S049all.file__netlink_open,S,netlink_open,filelocks,none,none,0,normal,1,1,na,72,na,na,na,na,na,na,na,dump_fail,"","(00.130145) Error (criu/sk-inet.c:200): inet: Connected TCP socket; consider using --tcp-established option.",""
S049all.file__timer_armed,S,timer_armed,filelocks,none,none,0,normal,1,1,na,72,na,na,na,na,na,na,na,dump_fail,"","(00.130135) Error (criu/sk-inet.c:200): inet: Connected TCP socket; consider using --tcp-established option.",""
S049all.file__db_watch,S,db_watch,filelocks,none,none,0,normal,1,1,na,72,na,na,na,na,na,na,na,dump_fail,"","(00.070969) Error (criu/sk-inet.c:200): inet: Connected TCP socket; consider using --tcp-established option.",""
S049all.file__db_mmap,S,db_mmap,filelocks,none,none,0,normal,1,1,na,72,na,na,na,na,na,na,na,dump_fail,"","(00.133757) Error (criu/sk-inet.c:200): inet: Connected TCP socket; consider using --tcp-established option.",""
S049all.file__ready,S,ready,filelocks,none,none,0,normal,1,1,na,76,na,na,na,na,na,na,na,dump_fail,"","(00.118538) Error (criu/sk-inet.c:200): inet: Connected TCP socket; consider using --tcp-established option.",""
S049all.file__steady,S,steady,filelocks,none,none,0,normal,1,1,na,76,na,na,na,na,na,na,na,dump_fail,"","(00.111728) Error (criu/sk-inet.c:200): inet: Connected TCP socket; consider using --tcp-established option.",""
S050all.perm__init,S,init,permissive,none,none,0,normal,1,0,0,280,na,na,na,na,na,resumed_to_ready,na,ok,"","",""
S050all.perm__sig_pending,S,sig_pending,permissive,none,none,0,normal,1,0,0,284,na,na,na,na,na,resumed_to_ready,na,ok,"","",""
S050all.perm__dev_urandom,S,dev_urandom,permissive,none,none,0,normal,1,0,0,284,na,na,na,na,na,resumed_to_ready,na,ok,"","",""
S050all.perm__log_open,S,log_open,permissive,none,none,0,normal,1,0,0,284,na,na,na,na,na,resumed_to_ready,na,ok,"","",""
S050all.perm__db_open,S,db_open,permissive,none,none,0,normal,1,0,0,284,na,na,na,na,na,resumed_to_ready,na,ok,"","",""
S050all.perm__db_lock,S,db_lock,permissive,none,none,0,normal,1,0,0,288,na,na,na,na,na,resumed_to_ready,na,ok,"","",""
S050all.perm__db_read_p25,S,db_read_p25,permissive,none,none,0,normal,1,0,0,1308,na,na,na,na,na,resumed_to_ready,na,ok,"","",""
S050all.perm__db_read_p50,S,db_read_p50,permissive,none,none,0,normal,1,0,0,1308,na,na,na,na,na,resumed_to_ready,na,ok,"","",""
S050all.perm__db_read_p75,S,db_read_p75,permissive,none,none,0,normal,1,0,0,1308,na,na,na,na,na,resumed_to_ready,na,ok,"","",""
S050all.perm__db_parse,S,db_parse,permissive,none,none,0,normal,1,0,0,1308,na,na,na,na,na,resumed_to_ready,na,ok,"","",""
S050all.perm__db_parse_p25,S,db_parse_p25,permissive,none,none,0,normal,1,0,0,1308,na,na,na,na,na,resumed_to_ready,na,ok,"","",""
S050all.perm__db_parse_p50,S,db_parse_p50,permissive,none,none,0,normal,1,0,0,1308,na,na,na,na,na,resumed_to_ready,na,ok,"","",""
S050all.perm__db_parse_p75,S,db_parse_p75,permissive,none,none,0,normal,1,0,0,1308,na,na,na,na,na,resumed_to_ready,na,ok,"","",""
S050all.perm__epg_index,S,epg_index,permissive,none,none,0,normal,1,0,0,13600,na,na,na,na,na,resumed_to_ready,na,ok,"","",""
S050all.perm__epg_index_p25,S,epg_index_p25,permissive,none,none,0,normal,1,0,0,4384,na,na,na,na,na,resumed_to_ready,na,ok,"","",""
S050all.perm__epg_index_p50,S,epg_index_p50,permissive,none,none,0,normal,1,0,0,7456,na,na,na,na,na,resumed_to_ready,na,ok,"","",""
S050all.perm__epg_index_p75,S,epg_index_p75,permissive,none,none,0,normal,1,0,0,10532,na,na,na,na,na,resumed_to_ready,na,ok,"","",""
S050all.perm__epg_text,S,epg_text,permissive,none,none,0,normal,1,0,0,13600,na,na,na,na,na,resumed_to_ready,na,ok,"","",""
S050all.perm__epg_reserve,S,epg_reserve,permissive,none,none,0,normal,1,0,0,13600,na,na,na,na,na,resumed_to_ready,na,ok,"","",""
S050all.perm__thread1,S,thread1,permissive,none,none,0,normal,1,0,0,13612,na,na,na,na,na,resumed_to_ready,na,ok,"","",""
S050all.perm__thread2,S,thread2,permissive,none,none,0,normal,1,0,0,13632,na,na,na,na,na,resumed_to_ready,na,ok,"","",""
S050all.perm__thread3,S,thread3,permissive,none,none,0,normal,1,0,0,13644,na,na,na,na,na,resumed_to_ready,na,ok,"","",""
S050all.perm__thread4,S,thread4,permissive,none,none,0,normal,1,0,0,13656,na,na,na,na,na,resumed_to_ready,na,ok,"","",""
S050all.perm__helper_forked,S,helper_forked,permissive,none,none,0,normal,1,0,0,27240,na,na,na,na,na,resumed_to_ready,na,ok,"","",""
S050all.perm__zombie_made,S,zombie_made,permissive,none,none,0,normal,1,0,0,27244,na,na,na,na,na,resumed_to_ready,na,ok,"","",""
S050all.perm__selfpipe,S,selfpipe,permissive,none,none,0,normal,1,0,0,27248,na,na,na,na,na,resumed_to_ready,na,ok,"","",""
S050all.perm__eventfd_open,S,eventfd_open,permissive,none,none,0,normal,1,0,0,27248,na,na,na,na,na,resumed_to_ready,na,ok,"","",""
S050all.perm__shm_map,S,shm_map,permissive,none,none,0,normal,1,0,0,27256,na,na,na,na,na,resumed_to_ready,na,ok,"","",""
S050all.perm__workdir,S,workdir,permissive,none,none,0,normal,1,0,0,27248,na,na,na,na,na,resumed_to_ready,na,ok,"","",""
S050all.perm__tmp_journal,S,tmp_journal,permissive,none,none,0,normal,1,0,0,27256,na,na,na,na,na,resumed_to_ready,na,ok,"","",""
S050all.perm__hub_conn1,S,hub_conn1,permissive,none,none,0,normal,1,1,na,27252,na,na,na,na,na,na,na,dump_fail,"","(00.148801) Error (criu/sk-unix.c:881): unix: Can't dump half of stream unix connection. name: (null); peer name: ",""
S050all.perm__hub_conn2,S,hub_conn2,permissive,none,none,0,normal,1,1,na,27256,na,na,na,na,na,na,na,dump_fail,"","(00.153879) Error (criu/sk-unix.c:881): unix: Can't dump half of stream unix connection. name: (null); peer name: ",""
S050all.perm__hub_conn3,S,hub_conn3,permissive,none,none,0,normal,1,1,na,27256,na,na,na,na,na,na,na,dump_fail,"","(00.137942) Error (criu/sk-unix.c:881): unix: Can't dump half of stream unix connection. name: (null); peer name: ",""
S050all.perm__hub_conn4,S,hub_conn4,permissive,none,none,0,normal,1,1,na,27264,na,na,na,na,na,na,na,dump_fail,"","(00.186553) Error (criu/sk-unix.c:881): unix: Can't dump half of stream unix connection. name: (null); peer name: ",""
S050all.perm__hub_subscribed,S,hub_subscribed,permissive,none,none,0,normal,1,1,na,27264,na,na,na,na,na,na,na,dump_fail,"","(00.142325) Error (criu/sk-unix.c:881): unix: Can't dump half of stream unix connection. name: (null); peer name: ",""
S050all.perm__render_conn,S,render_conn,permissive,none,none,0,normal,1,1,na,27256,na,na,na,na,na,na,na,dump_fail,"","(00.152875) Error (criu/sk-unix.c:881): unix: Can't dump half of stream unix connection. name: (null); peer name: ",""
S050all.perm__tcp_conn,S,tcp_conn,permissive,none,none,0,normal,1,1,na,27272,na,na,na,na,na,na,na,dump_fail,"","(00.151248) Error (criu/sk-unix.c:881): unix: Can't dump half of stream unix connection. name: (null); peer name: ",""
S050all.perm__epoll_open,S,epoll_open,permissive,none,none,0,normal,1,1,na,27264,na,na,na,na,na,na,na,dump_fail,"","(00.140716) Error (criu/sk-unix.c:881): unix: Can't dump half of stream unix connection. name: (null); peer name: ",""
S050all.perm__svc_listen,S,svc_listen,permissive,none,none,0,normal,1,1,na,27264,na,na,na,na,na,na,na,dump_fail,"","(00.167180) Error (criu/sk-unix.c:881): unix: Can't dump half of stream unix connection. name: (null); peer name: ",""
S050all.perm__udp_open,S,udp_open,permissive,none,none,0,normal,1,1,na,27272,na,na,na,na,na,na,na,dump_fail,"","(00.153840) Error (criu/sk-unix.c:881): unix: Can't dump half of stream unix connection. name: (null); peer name: ",""
S050all.perm__netlink_open,S,netlink_open,permissive,none,none,0,normal,1,1,na,27264,na,na,na,na,na,na,na,dump_fail,"","(00.166462) Error (criu/sk-unix.c:881): unix: Can't dump half of stream unix connection. name: (null); peer name: ",""
S050all.perm__timer_armed,S,timer_armed,permissive,none,none,0,normal,1,1,na,27276,na,na,na,na,na,na,na,dump_fail,"","(00.138331) Error (criu/sk-unix.c:881): unix: Can't dump half of stream unix connection. name: (null); peer name: ",""
S050all.perm__db_watch,S,db_watch,permissive,none,none,0,normal,1,1,na,164,na,na,na,na,na,na,na,dump_fail,"","(00.144518) Error (criu/fsnotify.c:284): fsnotify: 	Can't dump that handle",""
S050all.perm__db_mmap,S,db_mmap,permissive,none,none,0,normal,1,1,na,164,na,na,na,na,na,na,na,dump_fail,"","(00.137026) Error (criu/fsnotify.c:284): fsnotify: 	Can't dump that handle",""
S050all.perm__ready,S,ready,permissive,none,none,0,normal,1,1,na,164,na,na,na,na,na,na,na,dump_fail,"","(00.146157) Error (criu/fsnotify.c:284): fsnotify: 	Can't dump that handle",""
S050all.perm__steady,S,steady,permissive,none,none,0,normal,1,1,na,164,na,na,na,na,na,na,na,dump_fail,"","(00.159656) Error (criu/fsnotify.c:284): fsnotify: 	Can't dump that handle",""
S051one_sigpend.stri__init,S,init,strict,none,none,0,none,1,0,0,284,na,na,na,na,na,resumed_to_ready,na,ok,"","",""
S051one_sigpend.stri__db_open,S,db_open,strict,none,none,0,none,1,0,0,284,na,na,na,na,na,resumed_to_ready,na,ok,"","",""
S051one_sigpend.stri__sig_pending,S,sig_pending,strict,none,none,0,none,1,0,0,284,na,na,na,na,na,resumed_to_ready,na,ok,"","",""
S051one_sigpend.stri__epg_index,S,epg_index,strict,none,none,0,none,1,0,0,13596,na,na,na,na,na,resumed_to_ready,na,ok,"","",""
S051one_sigpend.stri__ready,S,ready,strict,none,none,0,none,1,1,na,124,na,na,na,na,na,na,na,dump_fail,"","(00.131935) Error (criu/fsnotify.c:284): fsnotify: 	Can't dump that handle",""
S051one_sigpend.stri__steady,S,steady,strict,none,none,0,none,1,1,na,124,na,na,na,na,na,na,na,dump_fail,"","(00.138913) Error (criu/fsnotify.c:284): fsnotify: 	Can't dump that handle",""
S052one_sigpend.ext___init,S,init,ext_unix,none,none,0,none,1,0,0,284,na,na,na,na,na,resumed_to_ready,na,ok,"","",""
S052one_sigpend.ext___db_open,S,db_open,ext_unix,none,none,0,none,1,0,0,284,na,na,na,na,na,resumed_to_ready,na,ok,"","",""
S052one_sigpend.ext___sig_pending,S,sig_pending,ext_unix,none,none,0,none,1,0,0,280,na,na,na,na,na,resumed_to_ready,na,ok,"","",""
S052one_sigpend.ext___epg_index,S,epg_index,ext_unix,none,none,0,none,1,0,0,13596,na,na,na,na,na,resumed_to_ready,na,ok,"","",""
S052one_sigpend.ext___ready,S,ready,ext_unix,none,none,0,none,1,1,na,124,na,na,na,na,na,na,na,dump_fail,"","(00.132398) Error (criu/fsnotify.c:284): fsnotify: 	Can't dump that handle",""
S052one_sigpend.ext___steady,S,steady,ext_unix,none,none,0,none,1,1,na,124,na,na,na,na,na,na,na,dump_fail,"","(00.127060) Error (criu/fsnotify.c:284): fsnotify: 	Can't dump that handle",""
S053one_sigpend.tcp___init,S,init,tcp_est,none,none,0,none,1,0,0,284,na,na,na,na,na,resumed_to_ready,na,ok,"","",""
S053one_sigpend.tcp___db_open,S,db_open,tcp_est,none,none,0,none,1,0,0,284,na,na,na,na,na,resumed_to_ready,na,ok,"","",""
S053one_sigpend.tcp___sig_pending,S,sig_pending,tcp_est,none,none,0,none,1,0,0,284,na,na,na,na,na,resumed_to_ready,na,ok,"","",""
S053one_sigpend.tcp___epg_index,S,epg_index,tcp_est,none,none,0,none,1,0,0,13596,na,na,na,na,na,resumed_to_ready,na,ok,"","",""
S053one_sigpend.tcp___ready,S,ready,tcp_est,none,none,0,none,1,1,na,124,na,na,na,na,na,na,na,dump_fail,"","(00.136987) Error (criu/fsnotify.c:284): fsnotify: 	Can't dump that handle",""
S053one_sigpend.tcp___steady,S,steady,tcp_est,none,none,0,none,1,1,na,124,na,na,na,na,na,na,na,dump_fail,"","(00.143552) Error (criu/fsnotify.c:284): fsnotify: 	Can't dump that handle",""
S054one_sigpend.file__init,S,init,filelocks,none,none,0,none,1,0,0,284,na,na,na,na,na,resumed_to_ready,na,ok,"","",""
S054one_sigpend.file__db_open,S,db_open,filelocks,none,none,0,none,1,0,0,284,na,na,na,na,na,resumed_to_ready,na,ok,"","",""
S054one_sigpend.file__sig_pending,S,sig_pending,filelocks,none,none,0,none,1,0,0,284,na,na,na,na,na,resumed_to_ready,na,ok,"","",""
S054one_sigpend.file__epg_index,S,epg_index,filelocks,none,none,0,none,1,0,0,13596,na,na,na,na,na,resumed_to_ready,na,ok,"","",""
S054one_sigpend.file__ready,S,ready,filelocks,none,none,0,none,1,1,na,124,na,na,na,na,na,na,na,dump_fail,"","(00.076466) Error (criu/fsnotify.c:284): fsnotify: 	Can't dump that handle",""
S054one_sigpend.file__steady,S,steady,filelocks,none,none,0,none,1,1,na,124,na,na,na,na,na,na,na,dump_fail,"","(00.134225) Error (criu/fsnotify.c:284): fsnotify: 	Can't dump that handle",""
S055one_sigpend.perm__init,S,init,permissive,none,none,0,none,1,0,0,284,na,na,na,na,na,resumed_to_ready,na,ok,"","",""
S055one_sigpend.perm__db_open,S,db_open,permissive,none,none,0,none,1,0,0,280,na,na,na,na,na,resumed_to_ready,na,ok,"","",""
S055one_sigpend.perm__sig_pending,S,sig_pending,permissive,none,none,0,none,1,0,0,284,na,na,na,na,na,resumed_to_ready,na,ok,"","",""
S055one_sigpend.perm__epg_index,S,epg_index,permissive,none,none,0,none,1,0,0,13596,na,na,na,na,na,resumed_to_ready,na,ok,"","",""
S055one_sigpend.perm__ready,S,ready,permissive,none,none,0,none,1,1,na,124,na,na,na,na,na,na,na,dump_fail,"","(00.165849) Error (criu/fsnotify.c:284): fsnotify: 	Can't dump that handle",""
S055one_sigpend.perm__steady,S,steady,permissive,none,none,0,none,1,1,na,124,na,na,na,na,na,na,na,dump_fail,"","(00.138599) Error (criu/fsnotify.c:284): fsnotify: 	Can't dump that handle",""
S056one_urandom.stri__init,S,init,strict,none,none,0,none,1,0,0,284,na,na,na,na,na,resumed_to_ready,na,ok,"","",""
S056one_urandom.stri__db_open,S,db_open,strict,none,none,0,none,1,0,0,284,na,na,na,na,na,resumed_to_ready,na,ok,"","",""
S056one_urandom.stri__dev_urandom,S,dev_urandom,strict,none,none,0,none,1,0,0,284,na,na,na,na,na,resumed_to_ready,na,ok,"","",""
S056one_urandom.stri__epg_index,S,epg_index,strict,none,none,0,none,1,0,0,13596,na,na,na,na,na,resumed_to_ready,na,ok,"","",""
S056one_urandom.stri__ready,S,ready,strict,none,none,0,none,1,1,na,124,na,na,na,na,na,na,na,dump_fail,"","(00.115152) Error (criu/fsnotify.c:284): fsnotify: 	Can't dump that handle",""
S056one_urandom.stri__steady,S,steady,strict,none,none,0,none,1,1,na,124,na,na,na,na,na,na,na,dump_fail,"","(00.132965) Error (criu/fsnotify.c:284): fsnotify: 	Can't dump that handle",""
S057one_urandom.ext___init,S,init,ext_unix,none,none,0,none,1,0,0,284,na,na,na,na,na,resumed_to_ready,na,ok,"","",""
S057one_urandom.ext___db_open,S,db_open,ext_unix,none,none,0,none,1,0,0,284,na,na,na,na,na,resumed_to_ready,na,ok,"","",""
S057one_urandom.ext___dev_urandom,S,dev_urandom,ext_unix,none,none,0,none,1,0,0,284,na,na,na,na,na,resumed_to_ready,na,ok,"","",""
S057one_urandom.ext___epg_index,S,epg_index,ext_unix,none,none,0,none,1,0,0,13596,na,na,na,na,na,resumed_to_ready,na,ok,"","",""
S057one_urandom.ext___ready,S,ready,ext_unix,none,none,0,none,1,1,na,124,na,na,na,na,na,na,na,dump_fail,"","(00.128841) Error (criu/fsnotify.c:284): fsnotify: 	Can't dump that handle",""
S057one_urandom.ext___steady,S,steady,ext_unix,none,none,0,none,1,1,na,124,na,na,na,na,na,na,na,dump_fail,"","(00.154849) Error (criu/fsnotify.c:284): fsnotify: 	Can't dump that handle",""
S058one_urandom.tcp___init,S,init,tcp_est,none,none,0,none,1,0,0,284,na,na,na,na,na,resumed_to_ready,na,ok,"","",""
S058one_urandom.tcp___db_open,S,db_open,tcp_est,none,none,0,none,1,0,0,284,na,na,na,na,na,resumed_to_ready,na,ok,"","",""
S058one_urandom.tcp___dev_urandom,S,dev_urandom,tcp_est,none,none,0,none,1,0,0,284,na,na,na,na,na,resumed_to_ready,na,ok,"","",""
S058one_urandom.tcp___epg_index,S,epg_index,tcp_est,none,none,0,none,1,0,0,13596,na,na,na,na,na,resumed_to_ready,na,ok,"","",""
S058one_urandom.tcp___ready,S,ready,tcp_est,none,none,0,none,1,1,na,124,na,na,na,na,na,na,na,dump_fail,"","(00.150097) Error (criu/fsnotify.c:284): fsnotify: 	Can't dump that handle",""
S058one_urandom.tcp___steady,S,steady,tcp_est,none,none,0,none,1,1,na,124,na,na,na,na,na,na,na,dump_fail,"","(00.127281) Error (criu/fsnotify.c:284): fsnotify: 	Can't dump that handle",""
S059one_urandom.file__init,S,init,filelocks,none,none,0,none,1,0,0,284,na,na,na,na,na,resumed_to_ready,na,ok,"","",""
S059one_urandom.file__db_open,S,db_open,filelocks,none,none,0,none,1,0,0,284,na,na,na,na,na,resumed_to_ready,na,ok,"","",""
S059one_urandom.file__dev_urandom,S,dev_urandom,filelocks,none,none,0,none,1,0,0,284,na,na,na,na,na,resumed_to_ready,na,ok,"","",""
S059one_urandom.file__epg_index,S,epg_index,filelocks,none,none,0,none,1,0,0,13596,na,na,na,na,na,resumed_to_ready,na,ok,"","",""
S059one_urandom.file__ready,S,ready,filelocks,none,none,0,none,1,1,na,124,na,na,na,na,na,na,na,dump_fail,"","(00.152734) Error (criu/fsnotify.c:284): fsnotify: 	Can't dump that handle",""
S059one_urandom.file__steady,S,steady,filelocks,none,none,0,none,1,1,na,124,na,na,na,na,na,na,na,dump_fail,"","(00.122110) Error (criu/fsnotify.c:284): fsnotify: 	Can't dump that handle",""
S060one_urandom.perm__init,S,init,permissive,none,none,0,none,1,0,0,284,na,na,na,na,na,resumed_to_ready,na,ok,"","",""
S060one_urandom.perm__db_open,S,db_open,permissive,none,none,0,none,1,0,0,284,na,na,na,na,na,resumed_to_ready,na,ok,"","",""
S060one_urandom.perm__dev_urandom,S,dev_urandom,permissive,none,none,0,none,1,0,0,284,na,na,na,na,na,resumed_to_ready,na,ok,"","",""
S060one_urandom.perm__epg_index,S,epg_index,permissive,none,none,0,none,1,0,0,13592,na,na,na,na,na,resumed_to_ready,na,ok,"","",""
S060one_urandom.perm__ready,S,ready,permissive,none,none,0,none,1,1,na,124,na,na,na,na,na,na,na,dump_fail,"","(00.111224) Error (criu/fsnotify.c:284): fsnotify: 	Can't dump that handle",""
S060one_urandom.perm__steady,S,steady,permissive,none,none,0,none,1,1,na,124,na,na,na,na,na,na,na,dump_fail,"","(00.137346) Error (criu/fsnotify.c:284): fsnotify: 	Can't dump that handle",""
S061one_log.stri__init,S,init,strict,none,none,0,normal,1,0,0,284,na,na,na,na,na,resumed_to_ready,na,ok,"","",""
S061one_log.stri__db_open,S,db_open,strict,none,none,0,normal,1,1,na,276,na,na,na,na,na,na,na,dump_fail,"","(00.077537) Error (criu/sk-unix.c:874): unix: External socket is used. Consider using --ext-unix-sk option.",""
S061one_log.stri__log_open,S,log_open,strict,none,none,0,normal,1,1,na,276,na,na,na,na,na,na,na,dump_fail,"","(00.070844) Error (criu/sk-unix.c:874): unix: External socket is used. Consider using --ext-unix-sk option.",""
S061one_log.stri__epg_index,S,epg_index,strict,none,none,0,normal,1,1,na,13588,na,na,na,na,na,na,na,dump_fail,"","(00.125660) Error (criu/sk-unix.c:874): unix: External socket is used. Consider using --ext-unix-sk option.",""
S061one_log.stri__ready,S,ready,strict,none,none,0,normal,1,1,na,124,na,na,na,na,na,na,na,dump_fail,"","(00.147819) Error (criu/fsnotify.c:284): fsnotify: 	Can't dump that handle",""
S061one_log.stri__steady,S,steady,strict,none,none,0,normal,1,1,na,124,na,na,na,na,na,na,na,dump_fail,"","(00.140514) Error (criu/fsnotify.c:284): fsnotify: 	Can't dump that handle",""
S062one_log.ext___init,S,init,ext_unix,none,none,0,normal,1,0,0,280,na,na,na,na,na,resumed_to_ready,na,ok,"","",""
S062one_log.ext___db_open,S,db_open,ext_unix,none,none,0,normal,1,0,0,284,na,na,na,na,na,resumed_to_ready,na,ok,"","",""
S062one_log.ext___log_open,S,log_open,ext_unix,none,none,0,normal,1,0,0,284,na,na,na,na,na,resumed_to_ready,na,ok,"","",""
S062one_log.ext___epg_index,S,epg_index,ext_unix,none,none,0,normal,1,0,0,13596,na,na,na,na,na,resumed_to_ready,na,ok,"","",""
S062one_log.ext___ready,S,ready,ext_unix,none,none,0,normal,1,1,na,124,na,na,na,na,na,na,na,dump_fail,"","(00.133153) Error (criu/fsnotify.c:284): fsnotify: 	Can't dump that handle",""
S062one_log.ext___steady,S,steady,ext_unix,none,none,0,normal,1,1,na,124,na,na,na,na,na,na,na,dump_fail,"","(00.171373) Error (criu/fsnotify.c:284): fsnotify: 	Can't dump that handle",""
S063one_log.tcp___init,S,init,tcp_est,none,none,0,normal,1,0,0,284,na,na,na,na,na,resumed_to_ready,na,ok,"","",""
S063one_log.tcp___db_open,S,db_open,tcp_est,none,none,0,normal,1,1,na,272,na,na,na,na,na,na,na,dump_fail,"","(00.143370) Error (criu/sk-unix.c:874): unix: External socket is used. Consider using --ext-unix-sk option.",""
S063one_log.tcp___log_open,S,log_open,tcp_est,none,none,0,normal,1,1,na,276,na,na,na,na,na,na,na,dump_fail,"","(00.081396) Error (criu/sk-unix.c:874): unix: External socket is used. Consider using --ext-unix-sk option.",""
S063one_log.tcp___epg_index,S,epg_index,tcp_est,none,none,0,normal,1,1,na,13588,na,na,na,na,na,na,na,dump_fail,"","(00.129646) Error (criu/sk-unix.c:874): unix: External socket is used. Consider using --ext-unix-sk option.",""
S063one_log.tcp___ready,S,ready,tcp_est,none,none,0,normal,1,1,na,124,na,na,na,na,na,na,na,dump_fail,"","(00.096151) Error (criu/fsnotify.c:284): fsnotify: 	Can't dump that handle",""
S063one_log.tcp___steady,S,steady,tcp_est,none,none,0,normal,1,1,na,124,na,na,na,na,na,na,na,dump_fail,"","(00.147373) Error (criu/fsnotify.c:284): fsnotify: 	Can't dump that handle",""
S064one_log.file__init,S,init,filelocks,none,none,0,normal,1,0,0,284,na,na,na,na,na,resumed_to_ready,na,ok,"","",""
S064one_log.file__db_open,S,db_open,filelocks,none,none,0,normal,1,1,na,276,na,na,na,na,na,na,na,dump_fail,"","(00.099444) Error (criu/sk-unix.c:874): unix: External socket is used. Consider using --ext-unix-sk option.",""
S064one_log.file__log_open,S,log_open,filelocks,none,none,0,normal,1,1,na,276,na,na,na,na,na,na,na,dump_fail,"","(00.077882) Error (criu/sk-unix.c:874): unix: External socket is used. Consider using --ext-unix-sk option.",""
S064one_log.file__epg_index,S,epg_index,filelocks,none,none,0,normal,1,1,na,13588,na,na,na,na,na,na,na,dump_fail,"","(00.144948) Error (criu/sk-unix.c:874): unix: External socket is used. Consider using --ext-unix-sk option.",""
S064one_log.file__ready,S,ready,filelocks,none,none,0,normal,1,1,na,124,na,na,na,na,na,na,na,dump_fail,"","(00.159835) Error (criu/fsnotify.c:284): fsnotify: 	Can't dump that handle",""
S064one_log.file__steady,S,steady,filelocks,none,none,0,normal,1,1,na,124,na,na,na,na,na,na,na,dump_fail,"","(00.088919) Error (criu/fsnotify.c:284): fsnotify: 	Can't dump that handle",""
S065one_log.perm__init,S,init,permissive,none,none,0,normal,1,0,0,280,na,na,na,na,na,resumed_to_ready,na,ok,"","",""
S065one_log.perm__db_open,S,db_open,permissive,none,none,0,normal,1,0,0,284,na,na,na,na,na,resumed_to_ready,na,ok,"","",""
S065one_log.perm__log_open,S,log_open,permissive,none,none,0,normal,1,0,0,284,na,na,na,na,na,resumed_to_ready,na,ok,"","",""
S065one_log.perm__epg_index,S,epg_index,permissive,none,none,0,normal,1,0,0,13592,na,na,na,na,na,resumed_to_ready,na,ok,"","",""
S065one_log.perm__ready,S,ready,permissive,none,none,0,normal,1,1,na,124,na,na,na,na,na,na,na,dump_fail,"","(00.142212) Error (criu/fsnotify.c:284): fsnotify: 	Can't dump that handle",""
S065one_log.perm__steady,S,steady,permissive,none,none,0,normal,1,1,na,124,na,na,na,na,na,na,na,dump_fail,"","(00.133417) Error (criu/fsnotify.c:284): fsnotify: 	Can't dump that handle",""
S066one_lockf.stri__init,S,init,strict,none,none,0,none,1,0,0,280,na,na,na,na,na,resumed_to_ready,na,ok,"","",""
S066one_lockf.stri__db_open,S,db_open,strict,none,none,0,none,1,0,0,284,na,na,na,na,na,resumed_to_ready,na,ok,"","",""
S066one_lockf.stri__db_lock,S,db_lock,strict,none,none,0,none,1,1,na,268,na,na,na,na,na,na,na,dump_fail,"","(00.084330) Error (criu/file-lock.c:110): Some file locks are hold by dumping tasks! You can try --file-locks to dump them.",""
S066one_lockf.stri__epg_index,S,epg_index,strict,none,none,0,none,1,1,na,13576,na,na,na,na,na,na,na,dump_fail,"","(00.132923) Error (criu/file-lock.c:110): Some file locks are hold by dumping tasks! You can try --file-locks to dump them.",""
S066one_lockf.stri__ready,S,ready,strict,none,none,0,none,1,1,na,124,na,na,na,na,na,na,na,dump_fail,"","(00.166647) Error (criu/fsnotify.c:284): fsnotify: 	Can't dump that handle",""
S066one_lockf.stri__steady,S,steady,strict,none,none,0,none,1,1,na,124,na,na,na,na,na,na,na,dump_fail,"","(00.158526) Error (criu/fsnotify.c:284): fsnotify: 	Can't dump that handle",""
S067one_lockf.ext___init,S,init,ext_unix,none,none,0,none,1,0,0,284,na,na,na,na,na,resumed_to_ready,na,ok,"","",""
S067one_lockf.ext___db_open,S,db_open,ext_unix,none,none,0,none,1,0,0,284,na,na,na,na,na,resumed_to_ready,na,ok,"","",""
S067one_lockf.ext___db_lock,S,db_lock,ext_unix,none,none,0,none,1,1,na,268,na,na,na,na,na,na,na,dump_fail,"","(00.062947) Error (criu/file-lock.c:110): Some file locks are hold by dumping tasks! You can try --file-locks to dump them.",""
S067one_lockf.ext___epg_index,S,epg_index,ext_unix,none,none,0,none,1,1,na,13580,na,na,na,na,na,na,na,dump_fail,"","(00.126975) Error (criu/file-lock.c:110): Some file locks are hold by dumping tasks! You can try --file-locks to dump them.",""
S067one_lockf.ext___ready,S,ready,ext_unix,none,none,0,none,1,1,na,124,na,na,na,na,na,na,na,dump_fail,"","(00.123284) Error (criu/fsnotify.c:284): fsnotify: 	Can't dump that handle",""
S067one_lockf.ext___steady,S,steady,ext_unix,none,none,0,none,1,1,na,124,na,na,na,na,na,na,na,dump_fail,"","(00.122785) Error (criu/fsnotify.c:284): fsnotify: 	Can't dump that handle",""
S068one_lockf.tcp___init,S,init,tcp_est,none,none,0,none,1,0,0,284,na,na,na,na,na,resumed_to_ready,na,ok,"","",""
S068one_lockf.tcp___db_open,S,db_open,tcp_est,none,none,0,none,1,0,0,284,na,na,na,na,na,resumed_to_ready,na,ok,"","",""
S068one_lockf.tcp___db_lock,S,db_lock,tcp_est,none,none,0,none,1,1,na,264,na,na,na,na,na,na,na,dump_fail,"","(00.083068) Error (criu/file-lock.c:110): Some file locks are hold by dumping tasks! You can try --file-locks to dump them.",""
S068one_lockf.tcp___epg_index,S,epg_index,tcp_est,none,none,0,none,1,1,na,13576,na,na,na,na,na,na,na,dump_fail,"","(00.124894) Error (criu/file-lock.c:110): Some file locks are hold by dumping tasks! You can try --file-locks to dump them.",""
S068one_lockf.tcp___ready,S,ready,tcp_est,none,none,0,none,1,1,na,124,na,na,na,na,na,na,na,dump_fail,"","(00.144156) Error (criu/fsnotify.c:284): fsnotify: 	Can't dump that handle",""
S068one_lockf.tcp___steady,S,steady,tcp_est,none,none,0,none,1,1,na,124,na,na,na,na,na,na,na,dump_fail,"","(00.124021) Error (criu/fsnotify.c:284): fsnotify: 	Can't dump that handle",""
S069one_lockf.file__init,S,init,filelocks,none,none,0,none,1,0,0,284,na,na,na,na,na,resumed_to_ready,na,ok,"","",""
S069one_lockf.file__db_open,S,db_open,filelocks,none,none,0,none,1,0,0,284,na,na,na,na,na,resumed_to_ready,na,ok,"","",""
S069one_lockf.file__db_lock,S,db_lock,filelocks,none,none,0,none,1,0,0,288,na,na,na,na,na,resumed_to_ready,na,ok,"","",""
S069one_lockf.file__epg_index,S,epg_index,filelocks,none,none,0,none,1,0,0,13600,na,na,na,na,na,resumed_to_ready,na,ok,"","",""
S069one_lockf.file__ready,S,ready,filelocks,none,none,0,none,1,1,na,124,na,na,na,na,na,na,na,dump_fail,"","(00.166753) Error (criu/fsnotify.c:284): fsnotify: 	Can't dump that handle",""
S069one_lockf.file__steady,S,steady,filelocks,none,none,0,none,1,1,na,124,na,na,na,na,na,na,na,dump_fail,"","(00.140464) Error (criu/fsnotify.c:284): fsnotify: 	Can't dump that handle",""
S070one_lockf.perm__init,S,init,permissive,none,none,0,none,1,0,0,284,na,na,na,na,na,resumed_to_ready,na,ok,"","",""
S070one_lockf.perm__db_open,S,db_open,permissive,none,none,0,none,1,0,0,284,na,na,na,na,na,resumed_to_ready,na,ok,"","",""
S070one_lockf.perm__db_lock,S,db_lock,permissive,none,none,0,none,1,0,0,288,na,na,na,na,na,resumed_to_ready,na,ok,"","",""
S070one_lockf.perm__epg_index,S,epg_index,permissive,none,none,0,none,1,0,0,13600,na,na,na,na,na,resumed_to_ready,na,ok,"","",""
S070one_lockf.perm__ready,S,ready,permissive,none,none,0,none,1,1,na,124,na,na,na,na,na,na,na,dump_fail,"","(00.139094) Error (criu/fsnotify.c:284): fsnotify: 	Can't dump that handle",""
S070one_lockf.perm__steady,S,steady,permissive,none,none,0,none,1,1,na,124,na,na,na,na,na,na,na,dump_fail,"","(00.135255) Error (criu/fsnotify.c:284): fsnotify: 	Can't dump that handle",""
S071one_lockp.stri__init,S,init,strict,none,none,0,none,1,0,0,284,na,na,na,na,na,resumed_to_ready,na,ok,"","",""
S071one_lockp.stri__db_open,S,db_open,strict,none,none,0,none,1,0,0,284,na,na,na,na,na,resumed_to_ready,na,ok,"","",""
S071one_lockp.stri__db_lock,S,db_lock,strict,none,none,0,none,1,1,na,264,na,na,na,na,na,na,na,dump_fail,"","(00.093125) Error (criu/file-lock.c:110): Some file locks are hold by dumping tasks! You can try --file-locks to dump them.",""
S071one_lockp.stri__epg_index,S,epg_index,strict,none,none,0,none,1,1,na,13580,na,na,na,na,na,na,na,dump_fail,"","(00.113774) Error (criu/file-lock.c:110): Some file locks are hold by dumping tasks! You can try --file-locks to dump them.",""
S071one_lockp.stri__ready,S,ready,strict,none,none,0,none,1,1,na,124,na,na,na,na,na,na,na,dump_fail,"","(00.117248) Error (criu/fsnotify.c:284): fsnotify: 	Can't dump that handle",""
S071one_lockp.stri__steady,S,steady,strict,none,none,0,none,1,1,na,124,na,na,na,na,na,na,na,dump_fail,"","(00.152779) Error (criu/fsnotify.c:284): fsnotify: 	Can't dump that handle",""
S072one_lockp.ext___init,S,init,ext_unix,none,none,0,none,1,0,0,284,na,na,na,na,na,resumed_to_ready,na,ok,"","",""
S072one_lockp.ext___db_open,S,db_open,ext_unix,none,none,0,none,1,0,0,280,na,na,na,na,na,resumed_to_ready,na,ok,"","",""
S072one_lockp.ext___db_lock,S,db_lock,ext_unix,none,none,0,none,1,1,na,264,na,na,na,na,na,na,na,dump_fail,"","(00.075834) Error (criu/file-lock.c:110): Some file locks are hold by dumping tasks! You can try --file-locks to dump them.",""
S072one_lockp.ext___epg_index,S,epg_index,ext_unix,none,none,0,none,1,1,na,13576,na,na,na,na,na,na,na,dump_fail,"","(00.137993) Error (criu/file-lock.c:110): Some file locks are hold by dumping tasks! You can try --file-locks to dump them.",""
S072one_lockp.ext___ready,S,ready,ext_unix,none,none,0,none,1,1,na,124,na,na,na,na,na,na,na,dump_fail,"","(00.141905) Error (criu/fsnotify.c:284): fsnotify: 	Can't dump that handle",""
S072one_lockp.ext___steady,S,steady,ext_unix,none,none,0,none,1,1,na,124,na,na,na,na,na,na,na,dump_fail,"","(00.129111) Error (criu/fsnotify.c:284): fsnotify: 	Can't dump that handle",""
S073one_lockp.tcp___init,S,init,tcp_est,none,none,0,none,1,0,0,284,na,na,na,na,na,resumed_to_ready,na,ok,"","",""
S073one_lockp.tcp___db_open,S,db_open,tcp_est,none,none,0,none,1,0,0,284,na,na,na,na,na,resumed_to_ready,na,ok,"","",""
S073one_lockp.tcp___db_lock,S,db_lock,tcp_est,none,none,0,none,1,1,na,268,na,na,na,na,na,na,na,dump_fail,"","(00.072782) Error (criu/file-lock.c:110): Some file locks are hold by dumping tasks! You can try --file-locks to dump them.",""
S073one_lockp.tcp___epg_index,S,epg_index,tcp_est,none,none,0,none,1,1,na,13576,na,na,na,na,na,na,na,dump_fail,"","(00.138161) Error (criu/file-lock.c:110): Some file locks are hold by dumping tasks! You can try --file-locks to dump them.",""
S073one_lockp.tcp___ready,S,ready,tcp_est,none,none,0,none,1,1,na,124,na,na,na,na,na,na,na,dump_fail,"","(00.152955) Error (criu/fsnotify.c:284): fsnotify: 	Can't dump that handle",""
S073one_lockp.tcp___steady,S,steady,tcp_est,none,none,0,none,1,1,na,124,na,na,na,na,na,na,na,dump_fail,"","(00.146403) Error (criu/fsnotify.c:284): fsnotify: 	Can't dump that handle",""
S074one_lockp.file__init,S,init,filelocks,none,none,0,none,1,0,0,284,na,na,na,na,na,resumed_to_ready,na,ok,"","",""
S074one_lockp.file__db_open,S,db_open,filelocks,none,none,0,none,1,0,0,284,na,na,na,na,na,resumed_to_ready,na,ok,"","",""
S074one_lockp.file__db_lock,S,db_lock,filelocks,none,none,0,none,1,0,0,288,na,na,na,na,na,resumed_to_ready,na,ok,"","",""
S074one_lockp.file__epg_index,S,epg_index,filelocks,none,none,0,none,1,0,0,13600,na,na,na,na,na,resumed_to_ready,na,ok,"","",""
S074one_lockp.file__ready,S,ready,filelocks,none,none,0,none,1,1,na,124,na,na,na,na,na,na,na,dump_fail,"","(00.133708) Error (criu/fsnotify.c:284): fsnotify: 	Can't dump that handle",""
S074one_lockp.file__steady,S,steady,filelocks,none,none,0,none,1,1,na,124,na,na,na,na,na,na,na,dump_fail,"","(00.139195) Error (criu/fsnotify.c:284): fsnotify: 	Can't dump that handle",""
S075one_lockp.perm__init,S,init,permissive,none,none,0,none,1,0,0,284,na,na,na,na,na,resumed_to_ready,na,ok,"","",""
S075one_lockp.perm__db_open,S,db_open,permissive,none,none,0,none,1,0,0,280,na,na,na,na,na,resumed_to_ready,na,ok,"","",""
S075one_lockp.perm__db_lock,S,db_lock,permissive,none,none,0,none,1,0,0,288,na,na,na,na,na,resumed_to_ready,na,ok,"","",""
S075one_lockp.perm__epg_index,S,epg_index,permissive,none,none,0,none,1,0,0,13596,na,na,na,na,na,resumed_to_ready,na,ok,"","",""
S075one_lockp.perm__ready,S,ready,permissive,none,none,0,none,1,1,na,124,na,na,na,na,na,na,na,dump_fail,"","(00.146274) Error (criu/fsnotify.c:284): fsnotify: 	Can't dump that handle",""
S075one_lockp.perm__steady,S,steady,permissive,none,none,0,none,1,1,na,124,na,na,na,na,na,na,na,dump_fail,"","(00.144026) Error (criu/fsnotify.c:284): fsnotify: 	Can't dump that handle",""
S076one_thread.stri__init,S,init,strict,none,none,0,none,1,0,0,280,na,na,na,na,na,resumed_to_ready,na,ok,"","",""
S076one_thread.stri__db_open,S,db_open,strict,none,none,0,none,1,0,0,284,na,na,na,na,na,resumed_to_ready,na,ok,"","",""
S076one_thread.stri__thread4,S,thread4,strict,none,none,0,none,1,0,0,13652,na,na,na,na,na,resumed_to_ready,na,ok,"","",""
S076one_thread.stri__epg_index,S,epg_index,strict,none,none,0,none,1,0,0,13596,na,na,na,na,na,resumed_to_ready,na,ok,"","",""
S076one_thread.stri__ready,S,ready,strict,none,none,0,none,1,1,na,128,na,na,na,na,na,na,na,dump_fail,"","(00.117591) Error (criu/fsnotify.c:284): fsnotify: 	Can't dump that handle",""
S076one_thread.stri__steady,S,steady,strict,none,none,0,none,1,1,na,128,na,na,na,na,na,na,na,dump_fail,"","(00.124455) Error (criu/fsnotify.c:284): fsnotify: 	Can't dump that handle",""
S077one_thread.ext___init,S,init,ext_unix,none,none,0,none,1,0,0,284,na,na,na,na,na,resumed_to_ready,na,ok,"","",""
S077one_thread.ext___db_open,S,db_open,ext_unix,none,none,0,none,1,0,0,284,na,na,na,na,na,resumed_to_ready,na,ok,"","",""
S077one_thread.ext___thread4,S,thread4,ext_unix,none,none,0,none,1,0,0,13652,na,na,na,na,na,resumed_to_ready,na,ok,"","",""
S077one_thread.ext___epg_index,S,epg_index,ext_unix,none,none,0,none,1,0,0,13596,na,na,na,na,na,resumed_to_ready,na,ok,"","",""
S077one_thread.ext___ready,S,ready,ext_unix,none,none,0,none,1,1,na,128,na,na,na,na,na,na,na,dump_fail,"","(00.128905) Error (criu/fsnotify.c:284): fsnotify: 	Can't dump that handle",""
S077one_thread.ext___steady,S,steady,ext_unix,none,none,0,none,1,1,na,128,na,na,na,na,na,na,na,dump_fail,"","(00.142621) Error (criu/fsnotify.c:284): fsnotify: 	Can't dump that handle",""
S078one_thread.tcp___init,S,init,tcp_est,none,none,0,none,1,0,0,284,na,na,na,na,na,resumed_to_ready,na,ok,"","",""
S078one_thread.tcp___db_open,S,db_open,tcp_est,none,none,0,none,1,0,0,284,na,na,na,na,na,resumed_to_ready,na,ok,"","",""
S078one_thread.tcp___thread4,S,thread4,tcp_est,none,none,0,none,1,0,0,13652,na,na,na,na,na,resumed_to_ready,na,ok,"","",""
S078one_thread.tcp___epg_index,S,epg_index,tcp_est,none,none,0,none,1,0,0,13588,na,na,na,na,na,resumed_to_ready,na,ok,"","",""
S078one_thread.tcp___ready,S,ready,tcp_est,none,none,0,none,1,1,na,128,na,na,na,na,na,na,na,dump_fail,"","(00.158300) Error (criu/fsnotify.c:284): fsnotify: 	Can't dump that handle",""
S078one_thread.tcp___steady,S,steady,tcp_est,none,none,0,none,1,1,na,128,na,na,na,na,na,na,na,dump_fail,"","(00.144261) Error (criu/fsnotify.c:284): fsnotify: 	Can't dump that handle",""
S079one_thread.file__init,S,init,filelocks,none,none,0,none,1,0,0,284,na,na,na,na,na,resumed_to_ready,na,ok,"","",""
S079one_thread.file__db_open,S,db_open,filelocks,none,none,0,none,1,0,0,284,na,na,na,na,na,resumed_to_ready,na,ok,"","",""
S079one_thread.file__thread4,S,thread4,filelocks,none,none,0,none,1,0,0,13656,na,na,na,na,na,resumed_to_ready,na,ok,"","",""
S079one_thread.file__epg_index,S,epg_index,filelocks,none,none,0,none,1,0,0,13592,na,na,na,na,na,resumed_to_ready,na,ok,"","",""
S079one_thread.file__ready,S,ready,filelocks,none,none,0,none,1,1,na,128,na,na,na,na,na,na,na,dump_fail,"","(00.138295) Error (criu/fsnotify.c:284): fsnotify: 	Can't dump that handle",""
S079one_thread.file__steady,S,steady,filelocks,none,none,0,none,1,1,na,128,na,na,na,na,na,na,na,dump_fail,"","(00.119365) Error (criu/fsnotify.c:284): fsnotify: 	Can't dump that handle",""
S080one_thread.perm__init,S,init,permissive,none,none,0,none,1,0,0,284,na,na,na,na,na,resumed_to_ready,na,ok,"","",""
S080one_thread.perm__db_open,S,db_open,permissive,none,none,0,none,1,0,0,284,na,na,na,na,na,resumed_to_ready,na,ok,"","",""
S080one_thread.perm__thread4,S,thread4,permissive,none,none,0,none,1,0,0,13652,na,na,na,na,na,resumed_to_ready,na,ok,"","",""
S080one_thread.perm__epg_index,S,epg_index,permissive,none,none,0,none,1,0,0,13596,na,na,na,na,na,resumed_to_ready,na,ok,"","",""
S080one_thread.perm__ready,S,ready,permissive,none,none,0,none,1,1,na,128,na,na,na,na,na,na,na,dump_fail,"","(00.171435) Error (criu/fsnotify.c:284): fsnotify: 	Can't dump that handle",""
S080one_thread.perm__steady,S,steady,permissive,none,none,0,none,1,1,na,128,na,na,na,na,na,na,na,dump_fail,"","(00.119679) Error (criu/fsnotify.c:284): fsnotify: 	Can't dump that handle",""
S081one_child.stri__init,S,init,strict,none,none,0,none,1,0,0,284,na,na,na,na,na,resumed_to_ready,na,ok,"","",""
S081one_child.stri__db_open,S,db_open,strict,none,none,0,none,1,0,0,284,na,na,na,na,na,resumed_to_ready,na,ok,"","",""
S081one_child.stri__helper_forked,S,helper_forked,strict,none,none,0,none,1,0,0,27140,na,na,na,na,na,resumed_to_ready,na,ok,"","",""
S081one_child.stri__epg_index,S,epg_index,strict,none,none,0,none,1,0,0,13596,na,na,na,na,na,resumed_to_ready,na,ok,"","",""
S081one_child.stri__ready,S,ready,strict,none,none,0,none,1,1,na,124,na,na,na,na,na,na,na,dump_fail,"","(00.119955) Error (criu/fsnotify.c:284): fsnotify: 	Can't dump that handle",""
S081one_child.stri__steady,S,steady,strict,none,none,0,none,1,1,na,124,na,na,na,na,na,na,na,dump_fail,"","(00.095925) Error (criu/fsnotify.c:284): fsnotify: 	Can't dump that handle",""
S082one_child.ext___init,S,init,ext_unix,none,none,0,none,1,0,0,284,na,na,na,na,na,resumed_to_ready,na,ok,"","",""
S082one_child.ext___db_open,S,db_open,ext_unix,none,none,0,none,1,0,0,284,na,na,na,na,na,resumed_to_ready,na,ok,"","",""
S082one_child.ext___helper_forked,S,helper_forked,ext_unix,none,none,0,none,1,0,0,27140,na,na,na,na,na,resumed_to_ready,na,ok,"","",""
S082one_child.ext___epg_index,S,epg_index,ext_unix,none,none,0,none,1,0,0,13596,na,na,na,na,na,resumed_to_ready,na,ok,"","",""
S082one_child.ext___ready,S,ready,ext_unix,none,none,0,none,1,1,na,124,na,na,na,na,na,na,na,dump_fail,"","(00.129086) Error (criu/fsnotify.c:284): fsnotify: 	Can't dump that handle",""
S082one_child.ext___steady,S,steady,ext_unix,none,none,0,none,1,1,na,124,na,na,na,na,na,na,na,dump_fail,"","(00.136820) Error (criu/fsnotify.c:284): fsnotify: 	Can't dump that handle",""
S083one_child.tcp___init,S,init,tcp_est,none,none,0,none,1,0,0,280,na,na,na,na,na,resumed_to_ready,na,ok,"","",""
S083one_child.tcp___db_open,S,db_open,tcp_est,none,none,0,none,1,0,0,284,na,na,na,na,na,resumed_to_ready,na,ok,"","",""
S083one_child.tcp___helper_forked,S,helper_forked,tcp_est,none,none,0,none,1,0,0,27140,na,na,na,na,na,resumed_to_ready,na,ok,"","",""
S083one_child.tcp___epg_index,S,epg_index,tcp_est,none,none,0,none,1,0,0,13596,na,na,na,na,na,resumed_to_ready,na,ok,"","",""
S083one_child.tcp___ready,S,ready,tcp_est,none,none,0,none,1,1,na,124,na,na,na,na,na,na,na,dump_fail,"","(00.131060) Error (criu/fsnotify.c:284): fsnotify: 	Can't dump that handle",""
S083one_child.tcp___steady,S,steady,tcp_est,none,none,0,none,1,1,na,124,na,na,na,na,na,na,na,dump_fail,"","(00.140576) Error (criu/fsnotify.c:284): fsnotify: 	Can't dump that handle",""
S084one_child.file__init,S,init,filelocks,none,none,0,none,1,0,0,284,na,na,na,na,na,resumed_to_ready,na,ok,"","",""
S084one_child.file__db_open,S,db_open,filelocks,none,none,0,none,1,0,0,284,na,na,na,na,na,resumed_to_ready,na,ok,"","",""
S084one_child.file__helper_forked,S,helper_forked,filelocks,none,none,0,none,1,0,0,27140,na,na,na,na,na,resumed_to_ready,na,ok,"","",""
S084one_child.file__epg_index,S,epg_index,filelocks,none,none,0,none,1,0,0,13596,na,na,na,na,na,resumed_to_ready,na,ok,"","",""
S084one_child.file__ready,S,ready,filelocks,none,none,0,none,1,1,na,124,na,na,na,na,na,na,na,dump_fail,"","(00.118342) Error (criu/fsnotify.c:284): fsnotify: 	Can't dump that handle",""
S084one_child.file__steady,S,steady,filelocks,none,none,0,none,1,1,na,124,na,na,na,na,na,na,na,dump_fail,"","(00.106914) Error (criu/fsnotify.c:284): fsnotify: 	Can't dump that handle",""
S085one_child.perm__init,S,init,permissive,none,none,0,none,1,0,0,280,na,na,na,na,na,resumed_to_ready,na,ok,"","",""
S085one_child.perm__db_open,S,db_open,permissive,none,none,0,none,1,0,0,284,na,na,na,na,na,resumed_to_ready,na,ok,"","",""
S085one_child.perm__helper_forked,S,helper_forked,permissive,none,none,0,none,1,0,0,27140,na,na,na,na,na,resumed_to_ready,na,ok,"","",""
S085one_child.perm__epg_index,S,epg_index,permissive,none,none,0,none,1,0,0,13596,na,na,na,na,na,resumed_to_ready,na,ok,"","",""
S085one_child.perm__ready,S,ready,permissive,none,none,0,none,1,1,na,124,na,na,na,na,na,na,na,dump_fail,"","(00.146235) Error (criu/fsnotify.c:284): fsnotify: 	Can't dump that handle",""
S085one_child.perm__steady,S,steady,permissive,none,none,0,none,1,1,na,124,na,na,na,na,na,na,na,dump_fail,"","(00.113296) Error (criu/fsnotify.c:284): fsnotify: 	Can't dump that handle",""
S086one_zombie.stri__init,S,init,strict,none,none,0,none,1,0,0,280,na,na,na,na,na,resumed_to_ready,na,ok,"","",""
S086one_zombie.stri__db_open,S,db_open,strict,none,none,0,none,1,0,0,284,na,na,na,na,na,resumed_to_ready,na,ok,"","",""
S086one_zombie.stri__zombie_made,S,zombie_made,strict,none,none,0,none,1,0,0,13600,na,na,na,na,na,resumed_to_ready,na,ok,"","",""
S086one_zombie.stri__epg_index,S,epg_index,strict,none,none,0,none,1,0,0,13596,na,na,na,na,na,resumed_to_ready,na,ok,"","",""
S086one_zombie.stri__ready,S,ready,strict,none,none,0,none,1,1,na,124,na,na,na,na,na,na,na,dump_fail,"","(00.144179) Error (criu/fsnotify.c:284): fsnotify: 	Can't dump that handle",""
S086one_zombie.stri__steady,S,steady,strict,none,none,0,none,1,1,na,124,na,na,na,na,na,na,na,dump_fail,"","(00.121955) Error (criu/fsnotify.c:284): fsnotify: 	Can't dump that handle",""
S087one_zombie.ext___init,S,init,ext_unix,none,none,0,none,1,0,0,280,na,na,na,na,na,resumed_to_ready,na,ok,"","",""
S087one_zombie.ext___db_open,S,db_open,ext_unix,none,none,0,none,1,0,0,284,na,na,na,na,na,resumed_to_ready,na,ok,"","",""
S087one_zombie.ext___zombie_made,S,zombie_made,ext_unix,none,none,0,none,1,0,0,13600,na,na,na,na,na,resumed_to_ready,na,ok,"","",""
S087one_zombie.ext___epg_index,S,epg_index,ext_unix,none,none,0,none,1,0,0,13592,na,na,na,na,na,resumed_to_ready,na,ok,"","",""
S087one_zombie.ext___ready,S,ready,ext_unix,none,none,0,none,1,1,na,124,na,na,na,na,na,na,na,dump_fail,"","(00.120606) Error (criu/fsnotify.c:284): fsnotify: 	Can't dump that handle",""
S087one_zombie.ext___steady,S,steady,ext_unix,none,none,0,none,1,1,na,124,na,na,na,na,na,na,na,dump_fail,"","(00.152125) Error (criu/fsnotify.c:284): fsnotify: 	Can't dump that handle",""
S088one_zombie.tcp___init,S,init,tcp_est,none,none,0,none,1,0,0,284,na,na,na,na,na,resumed_to_ready,na,ok,"","",""
S088one_zombie.tcp___db_open,S,db_open,tcp_est,none,none,0,none,1,0,0,284,na,na,na,na,na,resumed_to_ready,na,ok,"","",""
S088one_zombie.tcp___zombie_made,S,zombie_made,tcp_est,none,none,0,none,1,0,0,13600,na,na,na,na,na,resumed_to_ready,na,ok,"","",""
S088one_zombie.tcp___epg_index,S,epg_index,tcp_est,none,none,0,none,1,0,0,13596,na,na,na,na,na,resumed_to_ready,na,ok,"","",""
S088one_zombie.tcp___ready,S,ready,tcp_est,none,none,0,none,1,1,na,124,na,na,na,na,na,na,na,dump_fail,"","(00.155912) Error (criu/fsnotify.c:284): fsnotify: 	Can't dump that handle",""
S088one_zombie.tcp___steady,S,steady,tcp_est,none,none,0,none,1,1,na,124,na,na,na,na,na,na,na,dump_fail,"","(00.143188) Error (criu/fsnotify.c:284): fsnotify: 	Can't dump that handle",""
S089one_zombie.file__init,S,init,filelocks,none,none,0,none,1,0,0,284,na,na,na,na,na,resumed_to_ready,na,ok,"","",""
S089one_zombie.file__db_open,S,db_open,filelocks,none,none,0,none,1,0,0,284,na,na,na,na,na,resumed_to_ready,na,ok,"","",""
S089one_zombie.file__zombie_made,S,zombie_made,filelocks,none,none,0,none,1,0,0,13600,na,na,na,na,na,resumed_to_ready,na,ok,"","",""
S089one_zombie.file__epg_index,S,epg_index,filelocks,none,none,0,none,1,0,0,13596,na,na,na,na,na,resumed_to_ready,na,ok,"","",""
S089one_zombie.file__ready,S,ready,filelocks,none,none,0,none,1,1,na,124,na,na,na,na,na,na,na,dump_fail,"","(00.167864) Error (criu/fsnotify.c:284): fsnotify: 	Can't dump that handle",""
S089one_zombie.file__steady,S,steady,filelocks,none,none,0,none,1,1,na,124,na,na,na,na,na,na,na,dump_fail,"","(00.108296) Error (criu/fsnotify.c:284): fsnotify: 	Can't dump that handle",""
S090one_zombie.perm__init,S,init,permissive,none,none,0,none,1,0,0,284,na,na,na,na,na,resumed_to_ready,na,ok,"","",""
S090one_zombie.perm__db_open,S,db_open,permissive,none,none,0,none,1,0,0,284,na,na,na,na,na,resumed_to_ready,na,ok,"","",""
S090one_zombie.perm__zombie_made,S,zombie_made,permissive,none,none,0,none,1,0,0,13600,na,na,na,na,na,resumed_to_ready,na,ok,"","",""
S090one_zombie.perm__epg_index,S,epg_index,permissive,none,none,0,none,1,0,0,13592,na,na,na,na,na,resumed_to_ready,na,ok,"","",""
S090one_zombie.perm__ready,S,ready,permissive,none,none,0,none,1,1,na,124,na,na,na,na,na,na,na,dump_fail,"","(00.138329) Error (criu/fsnotify.c:284): fsnotify: 	Can't dump that handle",""
S090one_zombie.perm__steady,S,steady,permissive,none,none,0,none,1,1,na,124,na,na,na,na,na,na,na,dump_fail,"","(00.118722) Error (criu/fsnotify.c:284): fsnotify: 	Can't dump that handle",""
S091one_selfpipe.stri__init,S,init,strict,none,none,0,none,1,0,0,284,na,na,na,na,na,resumed_to_ready,na,ok,"","",""
S091one_selfpipe.stri__db_open,S,db_open,strict,none,none,0,none,1,0,0,280,na,na,na,na,na,resumed_to_ready,na,ok,"","",""
S091one_selfpipe.stri__selfpipe,S,selfpipe,strict,none,none,0,none,1,0,0,13600,na,na,na,na,na,resumed_to_ready,na,ok,"","",""
S091one_selfpipe.stri__epg_index,S,epg_index,strict,none,none,0,none,1,0,0,13596,na,na,na,na,na,resumed_to_ready,na,ok,"","",""
S091one_selfpipe.stri__ready,S,ready,strict,none,none,0,none,1,1,na,128,na,na,na,na,na,na,na,dump_fail,"","(00.125856) Error (criu/fsnotify.c:284): fsnotify: 	Can't dump that handle",""
S091one_selfpipe.stri__steady,S,steady,strict,none,none,0,none,1,1,na,128,na,na,na,na,na,na,na,dump_fail,"","(00.118865) Error (criu/fsnotify.c:284): fsnotify: 	Can't dump that handle",""
S092one_selfpipe.ext___init,S,init,ext_unix,none,none,0,none,1,0,0,284,na,na,na,na,na,resumed_to_ready,na,ok,"","",""
S092one_selfpipe.ext___db_open,S,db_open,ext_unix,none,none,0,none,1,0,0,284,na,na,na,na,na,resumed_to_ready,na,ok,"","",""
S092one_selfpipe.ext___selfpipe,S,selfpipe,ext_unix,none,none,0,none,1,0,0,13600,na,na,na,na,na,resumed_to_ready,na,ok,"","",""
S092one_selfpipe.ext___epg_index,S,epg_index,ext_unix,none,none,0,none,1,0,0,13596,na,na,na,na,na,resumed_to_ready,na,ok,"","",""
S092one_selfpipe.ext___ready,S,ready,ext_unix,none,none,0,none,1,1,na,128,na,na,na,na,na,na,na,dump_fail,"","(00.117903) Error (criu/fsnotify.c:284): fsnotify: 	Can't dump that handle",""
S092one_selfpipe.ext___steady,S,steady,ext_unix,none,none,0,none,1,1,na,128,na,na,na,na,na,na,na,dump_fail,"","(00.134986) Error (criu/fsnotify.c:284): fsnotify: 	Can't dump that handle",""
S093one_selfpipe.tcp___init,S,init,tcp_est,none,none,0,none,1,0,0,284,na,na,na,na,na,resumed_to_ready,na,ok,"","",""
S093one_selfpipe.tcp___db_open,S,db_open,tcp_est,none,none,0,none,1,0,0,284,na,na,na,na,na,resumed_to_ready,na,ok,"","",""
S093one_selfpipe.tcp___selfpipe,S,selfpipe,tcp_est,none,none,0,none,1,0,0,13600,na,na,na,na,na,resumed_to_ready,na,ok,"","",""
S093one_selfpipe.tcp___epg_index,S,epg_index,tcp_est,none,none,0,none,1,0,0,13592,na,na,na,na,na,resumed_to_ready,na,ok,"","",""
S093one_selfpipe.tcp___ready,S,ready,tcp_est,none,none,0,none,1,1,na,128,na,na,na,na,na,na,na,dump_fail,"","(00.121309) Error (criu/fsnotify.c:284): fsnotify: 	Can't dump that handle",""
S093one_selfpipe.tcp___steady,S,steady,tcp_est,none,none,0,none,1,1,na,128,na,na,na,na,na,na,na,dump_fail,"","(00.117356) Error (criu/fsnotify.c:284): fsnotify: 	Can't dump that handle",""
S094one_selfpipe.file__init,S,init,filelocks,none,none,0,none,1,0,0,280,na,na,na,na,na,resumed_to_ready,na,ok,"","",""
S094one_selfpipe.file__db_open,S,db_open,filelocks,none,none,0,none,1,0,0,284,na,na,na,na,na,resumed_to_ready,na,ok,"","",""
S094one_selfpipe.file__selfpipe,S,selfpipe,filelocks,none,none,0,none,1,0,0,13600,na,na,na,na,na,resumed_to_ready,na,ok,"","",""
S094one_selfpipe.file__epg_index,S,epg_index,filelocks,none,none,0,none,1,0,0,13596,na,na,na,na,na,resumed_to_ready,na,ok,"","",""
S094one_selfpipe.file__ready,S,ready,filelocks,none,none,0,none,1,1,na,128,na,na,na,na,na,na,na,dump_fail,"","(00.137971) Error (criu/fsnotify.c:284): fsnotify: 	Can't dump that handle",""
S094one_selfpipe.file__steady,S,steady,filelocks,none,none,0,none,1,1,na,128,na,na,na,na,na,na,na,dump_fail,"","(00.140724) Error (criu/fsnotify.c:284): fsnotify: 	Can't dump that handle",""
S095one_selfpipe.perm__init,S,init,permissive,none,none,0,none,1,0,0,284,na,na,na,na,na,resumed_to_ready,na,ok,"","",""
S095one_selfpipe.perm__db_open,S,db_open,permissive,none,none,0,none,1,0,0,284,na,na,na,na,na,resumed_to_ready,na,ok,"","",""
S095one_selfpipe.perm__selfpipe,S,selfpipe,permissive,none,none,0,none,1,0,0,13600,na,na,na,na,na,resumed_to_ready,na,ok,"","",""
S095one_selfpipe.perm__epg_index,S,epg_index,permissive,none,none,0,none,1,0,0,13596,na,na,na,na,na,resumed_to_ready,na,ok,"","",""
S095one_selfpipe.perm__ready,S,ready,permissive,none,none,0,none,1,1,na,128,na,na,na,na,na,na,na,dump_fail,"","(00.126136) Error (criu/fsnotify.c:284): fsnotify: 	Can't dump that handle",""
S095one_selfpipe.perm__steady,S,steady,permissive,none,none,0,none,1,1,na,128,na,na,na,na,na,na,na,dump_fail,"","(00.129329) Error (criu/fsnotify.c:284): fsnotify: 	Can't dump that handle",""
S096one_eventfd.stri__init,S,init,strict,none,none,0,none,1,0,0,284,na,na,na,na,na,resumed_to_ready,na,ok,"","",""
S096one_eventfd.stri__db_open,S,db_open,strict,none,none,0,none,1,0,0,284,na,na,na,na,na,resumed_to_ready,na,ok,"","",""
S096one_eventfd.stri__eventfd_open,S,eventfd_open,strict,none,none,0,none,1,0,0,13596,na,na,na,na,na,resumed_to_ready,na,ok,"","",""
S096one_eventfd.stri__epg_index,S,epg_index,strict,none,none,0,none,1,0,0,13596,na,na,na,na,na,resumed_to_ready,na,ok,"","",""
S096one_eventfd.stri__ready,S,ready,strict,none,none,0,none,1,1,na,124,na,na,na,na,na,na,na,dump_fail,"","(00.141869) Error (criu/fsnotify.c:284): fsnotify: 	Can't dump that handle",""
S096one_eventfd.stri__steady,S,steady,strict,none,none,0,none,1,1,na,124,na,na,na,na,na,na,na,dump_fail,"","(00.165479) Error (criu/fsnotify.c:284): fsnotify: 	Can't dump that handle",""
S097one_eventfd.ext___init,S,init,ext_unix,none,none,0,none,1,0,0,284,na,na,na,na,na,resumed_to_ready,na,ok,"","",""
S097one_eventfd.ext___db_open,S,db_open,ext_unix,none,none,0,none,1,0,0,284,na,na,na,na,na,resumed_to_ready,na,ok,"","",""
S097one_eventfd.ext___eventfd_open,S,eventfd_open,ext_unix,none,none,0,none,1,0,0,13592,na,na,na,na,na,resumed_to_ready,na,ok,"","",""
S097one_eventfd.ext___epg_index,S,epg_index,ext_unix,none,none,0,none,1,0,0,13592,na,na,na,na,na,resumed_to_ready,na,ok,"","",""
S097one_eventfd.ext___ready,S,ready,ext_unix,none,none,0,none,1,1,na,124,na,na,na,na,na,na,na,dump_fail,"","(00.128255) Error (criu/fsnotify.c:284): fsnotify: 	Can't dump that handle",""
S097one_eventfd.ext___steady,S,steady,ext_unix,none,none,0,none,1,1,na,124,na,na,na,na,na,na,na,dump_fail,"","(00.182203) Error (criu/fsnotify.c:284): fsnotify: 	Can't dump that handle",""
S098one_eventfd.tcp___init,S,init,tcp_est,none,none,0,none,1,0,0,284,na,na,na,na,na,resumed_to_ready,na,ok,"","",""
S098one_eventfd.tcp___db_open,S,db_open,tcp_est,none,none,0,none,1,0,0,284,na,na,na,na,na,resumed_to_ready,na,ok,"","",""
S098one_eventfd.tcp___eventfd_open,S,eventfd_open,tcp_est,none,none,0,none,1,0,0,13592,na,na,na,na,na,resumed_to_ready,na,ok,"","",""
S098one_eventfd.tcp___epg_index,S,epg_index,tcp_est,none,none,0,none,1,0,0,13596,na,na,na,na,na,resumed_to_ready,na,ok,"","",""
S098one_eventfd.tcp___ready,S,ready,tcp_est,none,none,0,none,1,1,na,124,na,na,na,na,na,na,na,dump_fail,"","(00.130343) Error (criu/fsnotify.c:284): fsnotify: 	Can't dump that handle",""
S098one_eventfd.tcp___steady,S,steady,tcp_est,none,none,0,none,1,1,na,124,na,na,na,na,na,na,na,dump_fail,"","(00.130890) Error (criu/fsnotify.c:284): fsnotify: 	Can't dump that handle",""
S099one_eventfd.file__init,S,init,filelocks,none,none,0,none,1,0,0,284,na,na,na,na,na,resumed_to_ready,na,ok,"","",""
S099one_eventfd.file__db_open,S,db_open,filelocks,none,none,0,none,1,0,0,284,na,na,na,na,na,resumed_to_ready,na,ok,"","",""
S099one_eventfd.file__eventfd_open,S,eventfd_open,filelocks,none,none,0,none,1,0,0,13596,na,na,na,na,na,resumed_to_ready,na,ok,"","",""
S099one_eventfd.file__epg_index,S,epg_index,filelocks,none,none,0,none,1,0,0,13592,na,na,na,na,na,resumed_to_ready,na,ok,"","",""
S099one_eventfd.file__ready,S,ready,filelocks,none,none,0,none,1,1,na,124,na,na,na,na,na,na,na,dump_fail,"","(00.168939) Error (criu/fsnotify.c:284): fsnotify: 	Can't dump that handle",""
S099one_eventfd.file__steady,S,steady,filelocks,none,none,0,none,1,1,na,124,na,na,na,na,na,na,na,dump_fail,"","(00.133523) Error (criu/fsnotify.c:284): fsnotify: 	Can't dump that handle",""
S100one_eventfd.perm__init,S,init,permissive,none,none,0,none,1,0,0,284,na,na,na,na,na,resumed_to_ready,na,ok,"","",""
S100one_eventfd.perm__db_open,S,db_open,permissive,none,none,0,none,1,0,0,284,na,na,na,na,na,resumed_to_ready,na,ok,"","",""
S100one_eventfd.perm__eventfd_open,S,eventfd_open,permissive,none,none,0,none,1,0,0,13596,na,na,na,na,na,resumed_to_ready,na,ok,"","",""
S100one_eventfd.perm__epg_index,S,epg_index,permissive,none,none,0,none,1,0,0,13592,na,na,na,na,na,resumed_to_ready,na,ok,"","",""
S100one_eventfd.perm__ready,S,ready,permissive,none,none,0,none,1,1,na,124,na,na,na,na,na,na,na,dump_fail,"","(00.137797) Error (criu/fsnotify.c:284): fsnotify: 	Can't dump that handle",""
S100one_eventfd.perm__steady,S,steady,permissive,none,none,0,none,1,1,na,124,na,na,na,na,na,na,na,dump_fail,"","(00.142689) Error (criu/fsnotify.c:284): fsnotify: 	Can't dump that handle",""
S101one_shm.stri__init,S,init,strict,none,none,0,none,1,0,0,284,na,na,na,na,na,resumed_to_ready,na,ok,"","",""
S101one_shm.stri__db_open,S,db_open,strict,none,none,0,none,1,0,0,284,na,na,na,na,na,resumed_to_ready,na,ok,"","",""
S101one_shm.stri__shm_map,S,shm_map,strict,none,none,0,none,1,0,0,13596,na,na,na,na,na,resumed_to_ready,na,ok,"","",""
S101one_shm.stri__epg_index,S,epg_index,strict,none,none,0,none,1,0,0,13596,na,na,na,na,na,resumed_to_ready,na,ok,"","",""
S101one_shm.stri__ready,S,ready,strict,none,none,0,none,1,1,na,124,na,na,na,na,na,na,na,dump_fail,"","(00.170413) Error (criu/fsnotify.c:284): fsnotify: 	Can't dump that handle",""
S101one_shm.stri__steady,S,steady,strict,none,none,0,none,1,1,na,124,na,na,na,na,na,na,na,dump_fail,"","(00.151881) Error (criu/fsnotify.c:284): fsnotify: 	Can't dump that handle",""
S102one_shm.ext___init,S,init,ext_unix,none,none,0,none,1,0,0,284,na,na,na,na,na,resumed_to_ready,na,ok,"","",""
S102one_shm.ext___db_open,S,db_open,ext_unix,none,none,0,none,1,0,0,284,na,na,na,na,na,resumed_to_ready,na,ok,"","",""
S102one_shm.ext___shm_map,S,shm_map,ext_unix,none,none,0,none,1,0,0,13596,na,na,na,na,na,resumed_to_ready,na,ok,"","",""
S102one_shm.ext___epg_index,S,epg_index,ext_unix,none,none,0,none,1,0,0,13592,na,na,na,na,na,resumed_to_ready,na,ok,"","",""
S102one_shm.ext___ready,S,ready,ext_unix,none,none,0,none,1,1,na,124,na,na,na,na,na,na,na,dump_fail,"","(00.145897) Error (criu/fsnotify.c:284): fsnotify: 	Can't dump that handle",""
S102one_shm.ext___steady,S,steady,ext_unix,none,none,0,none,1,1,na,124,na,na,na,na,na,na,na,dump_fail,"","(00.153718) Error (criu/fsnotify.c:284): fsnotify: 	Can't dump that handle",""
S103one_shm.tcp___init,S,init,tcp_est,none,none,0,none,1,0,0,288,na,na,na,na,na,resumed_to_ready,na,ok,"","",""
S103one_shm.tcp___db_open,S,db_open,tcp_est,none,none,0,none,1,0,0,284,na,na,na,na,na,resumed_to_ready,na,ok,"","",""
S103one_shm.tcp___shm_map,S,shm_map,tcp_est,none,none,0,none,1,0,0,13596,na,na,na,na,na,resumed_to_ready,na,ok,"","",""
S103one_shm.tcp___epg_index,S,epg_index,tcp_est,none,none,0,none,1,0,0,13596,na,na,na,na,na,resumed_to_ready,na,ok,"","",""
S103one_shm.tcp___ready,S,ready,tcp_est,none,none,0,none,1,1,na,124,na,na,na,na,na,na,na,dump_fail,"","(00.121863) Error (criu/fsnotify.c:284): fsnotify: 	Can't dump that handle",""
S103one_shm.tcp___steady,S,steady,tcp_est,none,none,0,none,1,1,na,124,na,na,na,na,na,na,na,dump_fail,"","(00.132955) Error (criu/fsnotify.c:284): fsnotify: 	Can't dump that handle",""
S104one_shm.file__init,S,init,filelocks,none,none,0,none,1,0,0,280,na,na,na,na,na,resumed_to_ready,na,ok,"","",""
S104one_shm.file__db_open,S,db_open,filelocks,none,none,0,none,1,0,0,284,na,na,na,na,na,resumed_to_ready,na,ok,"","",""
S104one_shm.file__shm_map,S,shm_map,filelocks,none,none,0,none,1,0,0,13596,na,na,na,na,na,resumed_to_ready,na,ok,"","",""
S104one_shm.file__epg_index,S,epg_index,filelocks,none,none,0,none,1,0,0,13596,na,na,na,na,na,resumed_to_ready,na,ok,"","",""
S104one_shm.file__ready,S,ready,filelocks,none,none,0,none,1,1,na,124,na,na,na,na,na,na,na,dump_fail,"","(00.116813) Error (criu/fsnotify.c:284): fsnotify: 	Can't dump that handle",""
S104one_shm.file__steady,S,steady,filelocks,none,none,0,none,1,1,na,124,na,na,na,na,na,na,na,dump_fail,"","(00.124395) Error (criu/fsnotify.c:284): fsnotify: 	Can't dump that handle",""
S105one_shm.perm__init,S,init,permissive,none,none,0,none,1,0,0,284,na,na,na,na,na,resumed_to_ready,na,ok,"","",""
S105one_shm.perm__db_open,S,db_open,permissive,none,none,0,none,1,0,0,284,na,na,na,na,na,resumed_to_ready,na,ok,"","",""
S105one_shm.perm__shm_map,S,shm_map,permissive,none,none,0,none,1,0,0,13596,na,na,na,na,na,resumed_to_ready,na,ok,"","",""
S105one_shm.perm__epg_index,S,epg_index,permissive,none,none,0,none,1,0,0,13596,na,na,na,na,na,resumed_to_ready,na,ok,"","",""
S105one_shm.perm__ready,S,ready,permissive,none,none,0,none,1,1,na,124,na,na,na,na,na,na,na,dump_fail,"","(00.138806) Error (criu/fsnotify.c:284): fsnotify: 	Can't dump that handle",""
S105one_shm.perm__steady,S,steady,permissive,none,none,0,none,1,1,na,124,na,na,na,na,na,na,na,dump_fail,"","(00.152700) Error (criu/fsnotify.c:284): fsnotify: 	Can't dump that handle",""
S106one_wd.stri__init,S,init,strict,none,none,0,none,1,0,0,284,na,na,na,na,na,resumed_to_ready,na,ok,"","",""
S106one_wd.stri__db_open,S,db_open,strict,none,none,0,none,1,0,0,280,na,na,na,na,na,resumed_to_ready,na,ok,"","",""
S106one_wd.stri__workdir,S,workdir,strict,none,none,0,none,1,0,0,13592,na,na,na,na,na,resumed_to_ready,na,ok,"","",""
S106one_wd.stri__epg_index,S,epg_index,strict,none,none,0,none,1,0,0,13592,na,na,na,na,na,resumed_to_ready,na,ok,"","",""
S106one_wd.stri__ready,S,ready,strict,none,none,0,none,1,1,na,124,na,na,na,na,na,na,na,dump_fail,"","(00.122253) Error (criu/fsnotify.c:284): fsnotify: 	Can't dump that handle",""
S106one_wd.stri__steady,S,steady,strict,none,none,0,none,1,1,na,124,na,na,na,na,na,na,na,dump_fail,"","(00.150370) Error (criu/fsnotify.c:284): fsnotify: 	Can't dump that handle",""
S107one_wd.ext___init,S,init,ext_unix,none,none,0,none,1,0,0,284,na,na,na,na,na,resumed_to_ready,na,ok,"","",""
S107one_wd.ext___db_open,S,db_open,ext_unix,none,none,0,none,1,0,0,284,na,na,na,na,na,resumed_to_ready,na,ok,"","",""
S107one_wd.ext___workdir,S,workdir,ext_unix,none,none,0,none,1,0,0,13596,na,na,na,na,na,resumed_to_ready,na,ok,"","",""
S107one_wd.ext___epg_index,S,epg_index,ext_unix,none,none,0,none,1,0,0,13596,na,na,na,na,na,resumed_to_ready,na,ok,"","",""
S107one_wd.ext___ready,S,ready,ext_unix,none,none,0,none,1,1,na,124,na,na,na,na,na,na,na,dump_fail,"","(00.170561) Error (criu/fsnotify.c:284): fsnotify: 	Can't dump that handle",""
S107one_wd.ext___steady,S,steady,ext_unix,none,none,0,none,1,1,na,124,na,na,na,na,na,na,na,dump_fail,"","(00.137672) Error (criu/fsnotify.c:284): fsnotify: 	Can't dump that handle",""
S108one_wd.tcp___init,S,init,tcp_est,none,none,0,none,1,0,0,284,na,na,na,na,na,resumed_to_ready,na,ok,"","",""
S108one_wd.tcp___db_open,S,db_open,tcp_est,none,none,0,none,1,0,0,284,na,na,na,na,na,resumed_to_ready,na,ok,"","",""
S108one_wd.tcp___workdir,S,workdir,tcp_est,none,none,0,none,1,0,0,13592,na,na,na,na,na,resumed_to_ready,na,ok,"","",""
S108one_wd.tcp___epg_index,S,epg_index,tcp_est,none,none,0,none,1,0,0,13596,na,na,na,na,na,resumed_to_ready,na,ok,"","",""
S108one_wd.tcp___ready,S,ready,tcp_est,none,none,0,none,1,1,na,124,na,na,na,na,na,na,na,dump_fail,"","(00.151045) Error (criu/fsnotify.c:284): fsnotify: 	Can't dump that handle",""
S108one_wd.tcp___steady,S,steady,tcp_est,none,none,0,none,1,1,na,124,na,na,na,na,na,na,na,dump_fail,"","(00.125581) Error (criu/fsnotify.c:284): fsnotify: 	Can't dump that handle",""
S109one_wd.file__init,S,init,filelocks,none,none,0,none,1,0,0,284,na,na,na,na,na,resumed_to_ready,na,ok,"","",""
S109one_wd.file__db_open,S,db_open,filelocks,none,none,0,none,1,0,0,284,na,na,na,na,na,resumed_to_ready,na,ok,"","",""
S109one_wd.file__workdir,S,workdir,filelocks,none,none,0,none,1,0,0,13596,na,na,na,na,na,resumed_to_ready,na,ok,"","",""
S109one_wd.file__epg_index,S,epg_index,filelocks,none,none,0,none,1,0,0,13596,na,na,na,na,na,resumed_to_ready,na,ok,"","",""
S109one_wd.file__ready,S,ready,filelocks,none,none,0,none,1,1,na,124,na,na,na,na,na,na,na,dump_fail,"","(00.149542) Error (criu/fsnotify.c:284): fsnotify: 	Can't dump that handle",""
S109one_wd.file__steady,S,steady,filelocks,none,none,0,none,1,1,na,124,na,na,na,na,na,na,na,dump_fail,"","(00.132224) Error (criu/fsnotify.c:284): fsnotify: 	Can't dump that handle",""
S110one_wd.perm__init,S,init,permissive,none,none,0,none,1,0,0,284,na,na,na,na,na,resumed_to_ready,na,ok,"","",""
S110one_wd.perm__db_open,S,db_open,permissive,none,none,0,none,1,0,0,280,na,na,na,na,na,resumed_to_ready,na,ok,"","",""
S110one_wd.perm__workdir,S,workdir,permissive,none,none,0,none,1,0,0,13592,na,na,na,na,na,resumed_to_ready,na,ok,"","",""
S110one_wd.perm__epg_index,S,epg_index,permissive,none,none,0,none,1,0,0,13596,na,na,na,na,na,resumed_to_ready,na,ok,"","",""
S110one_wd.perm__ready,S,ready,permissive,none,none,0,none,1,1,na,124,na,na,na,na,na,na,na,dump_fail,"","(00.144155) Error (criu/fsnotify.c:284): fsnotify: 	Can't dump that handle",""
S110one_wd.perm__steady,S,steady,permissive,none,none,0,none,1,1,na,124,na,na,na,na,na,na,na,dump_fail,"","(00.121884) Error (criu/fsnotify.c:284): fsnotify: 	Can't dump that handle",""
S111one_journal.stri__init,S,init,strict,none,none,0,none,1,0,0,284,na,na,na,na,na,resumed_to_ready,na,ok,"","",""
S111one_journal.stri__db_open,S,db_open,strict,none,none,0,none,1,0,0,284,na,na,na,na,na,resumed_to_ready,na,ok,"","",""
S111one_journal.stri__tmp_journal,S,tmp_journal,strict,none,none,0,none,1,0,0,13604,na,na,na,na,na,resumed_to_ready,na,ok,"","",""
S111one_journal.stri__epg_index,S,epg_index,strict,none,none,0,none,1,0,0,13596,na,na,na,na,na,resumed_to_ready,na,ok,"","",""
S111one_journal.stri__ready,S,ready,strict,none,none,0,none,1,1,na,132,na,na,na,na,na,na,na,dump_fail,"","(00.167477) Error (criu/fsnotify.c:284): fsnotify: 	Can't dump that handle",""
S111one_journal.stri__steady,S,steady,strict,none,none,0,none,1,1,na,132,na,na,na,na,na,na,na,dump_fail,"","(00.147580) Error (criu/fsnotify.c:284): fsnotify: 	Can't dump that handle",""
S112one_journal.ext___init,S,init,ext_unix,none,none,0,none,1,0,0,284,na,na,na,na,na,resumed_to_ready,na,ok,"","",""
S112one_journal.ext___db_open,S,db_open,ext_unix,none,none,0,none,1,0,0,284,na,na,na,na,na,resumed_to_ready,na,ok,"","",""
S112one_journal.ext___tmp_journal,S,tmp_journal,ext_unix,none,none,0,none,1,0,0,13604,na,na,na,na,na,resumed_to_ready,na,ok,"","",""
S112one_journal.ext___epg_index,S,epg_index,ext_unix,none,none,0,none,1,0,0,13596,na,na,na,na,na,resumed_to_ready,na,ok,"","",""
S112one_journal.ext___ready,S,ready,ext_unix,none,none,0,none,1,1,na,132,na,na,na,na,na,na,na,dump_fail,"","(00.137637) Error (criu/fsnotify.c:284): fsnotify: 	Can't dump that handle",""
S112one_journal.ext___steady,S,steady,ext_unix,none,none,0,none,1,1,na,132,na,na,na,na,na,na,na,dump_fail,"","(00.125671) Error (criu/fsnotify.c:284): fsnotify: 	Can't dump that handle",""
S113one_journal.tcp___init,S,init,tcp_est,none,none,0,none,1,0,0,284,na,na,na,na,na,resumed_to_ready,na,ok,"","",""
S113one_journal.tcp___db_open,S,db_open,tcp_est,none,none,0,none,1,0,0,284,na,na,na,na,na,resumed_to_ready,na,ok,"","",""
S113one_journal.tcp___tmp_journal,S,tmp_journal,tcp_est,none,none,0,none,1,0,0,13604,na,na,na,na,na,resumed_to_ready,na,ok,"","",""
S113one_journal.tcp___epg_index,S,epg_index,tcp_est,none,none,0,none,1,0,0,13596,na,na,na,na,na,resumed_to_ready,na,ok,"","",""
S113one_journal.tcp___ready,S,ready,tcp_est,none,none,0,none,1,1,na,132,na,na,na,na,na,na,na,dump_fail,"","(00.121463) Error (criu/fsnotify.c:284): fsnotify: 	Can't dump that handle",""
S113one_journal.tcp___steady,S,steady,tcp_est,none,none,0,none,1,1,na,132,na,na,na,na,na,na,na,dump_fail,"","(00.148032) Error (criu/fsnotify.c:284): fsnotify: 	Can't dump that handle",""
S114one_journal.file__init,S,init,filelocks,none,none,0,none,1,0,0,280,na,na,na,na,na,resumed_to_ready,na,ok,"","",""
S114one_journal.file__db_open,S,db_open,filelocks,none,none,0,none,1,0,0,284,na,na,na,na,na,resumed_to_ready,na,ok,"","",""
S114one_journal.file__tmp_journal,S,tmp_journal,filelocks,none,none,0,none,1,0,0,13604,na,na,na,na,na,resumed_to_ready,na,ok,"","",""
S114one_journal.file__epg_index,S,epg_index,filelocks,none,none,0,none,1,0,0,13596,na,na,na,na,na,resumed_to_ready,na,ok,"","",""
S114one_journal.file__ready,S,ready,filelocks,none,none,0,none,1,1,na,132,na,na,na,na,na,na,na,dump_fail,"","(00.136196) Error (criu/fsnotify.c:284): fsnotify: 	Can't dump that handle",""
S114one_journal.file__steady,S,steady,filelocks,none,none,0,none,1,1,na,132,na,na,na,na,na,na,na,dump_fail,"","(00.133975) Error (criu/fsnotify.c:284): fsnotify: 	Can't dump that handle",""
S115one_journal.perm__init,S,init,permissive,none,none,0,none,1,0,0,284,na,na,na,na,na,resumed_to_ready,na,ok,"","",""
S115one_journal.perm__db_open,S,db_open,permissive,none,none,0,none,1,0,0,284,na,na,na,na,na,resumed_to_ready,na,ok,"","",""
S115one_journal.perm__tmp_journal,S,tmp_journal,permissive,none,none,0,none,1,0,0,13604,na,na,na,na,na,resumed_to_ready,na,ok,"","",""
S115one_journal.perm__epg_index,S,epg_index,permissive,none,none,0,none,1,0,0,13596,na,na,na,na,na,resumed_to_ready,na,ok,"","",""
S115one_journal.perm__ready,S,ready,permissive,none,none,0,none,1,1,na,132,na,na,na,na,na,na,na,dump_fail,"","(00.141325) Error (criu/fsnotify.c:284): fsnotify: 	Can't dump that handle",""
S115one_journal.perm__steady,S,steady,permissive,none,none,0,none,1,1,na,132,na,na,na,na,na,na,na,dump_fail,"","(00.149985) Error (criu/fsnotify.c:284): fsnotify: 	Can't dump that handle",""
S116one_render.stri__init,S,init,strict,none,none,0,normal,1,0,0,284,na,na,na,na,na,resumed_to_ready,na,ok,"","",""
S116one_render.stri__db_open,S,db_open,strict,none,none,0,normal,1,0,0,284,na,na,na,na,na,resumed_to_ready,na,ok,"","",""
S116one_render.stri__render_conn,S,render_conn,strict,none,none,0,normal,1,1,na,13588,na,na,na,na,na,na,na,dump_fail,"","(00.107600) Error (criu/sk-unix.c:874): unix: External socket is used. Consider using --ext-unix-sk option.",""
S116one_render.stri__epg_index,S,epg_index,strict,none,none,0,normal,1,0,0,13596,na,na,na,na,na,resumed_to_ready,na,ok,"","",""
S116one_render.stri__ready,S,ready,strict,none,none,0,normal,1,1,na,124,na,na,na,na,na,na,na,dump_fail,"","(00.143625) Error (criu/fsnotify.c:284): fsnotify: 	Can't dump that handle",""
S116one_render.stri__steady,S,steady,strict,none,none,0,normal,1,1,na,124,na,na,na,na,na,na,na,dump_fail,"","(00.158578) Error (criu/fsnotify.c:284): fsnotify: 	Can't dump that handle",""
S117one_render.ext___init,S,init,ext_unix,none,none,0,normal,1,0,0,280,na,na,na,na,na,resumed_to_ready,na,ok,"","",""
S117one_render.ext___db_open,S,db_open,ext_unix,none,none,0,normal,1,0,0,284,na,na,na,na,na,resumed_to_ready,na,ok,"","",""
S117one_render.ext___render_conn,S,render_conn,ext_unix,none,none,0,normal,1,1,na,13588,na,na,na,na,na,na,na,dump_fail,"","(00.138583) Error (criu/sk-unix.c:881): unix: Can't dump half of stream unix connection. name: (null); peer name: ",""
S117one_render.ext___epg_index,S,epg_index,ext_unix,none,none,0,normal,1,0,0,13596,na,na,na,na,na,resumed_to_ready,na,ok,"","",""
S117one_render.ext___ready,S,ready,ext_unix,none,none,0,normal,1,1,na,124,na,na,na,na,na,na,na,dump_fail,"","(00.114467) Error (criu/fsnotify.c:284): fsnotify: 	Can't dump that handle",""
S117one_render.ext___steady,S,steady,ext_unix,none,none,0,normal,1,1,na,124,na,na,na,na,na,na,na,dump_fail,"","(00.133211) Error (criu/fsnotify.c:284): fsnotify: 	Can't dump that handle",""
S118one_render.tcp___init,S,init,tcp_est,none,none,0,normal,1,0,0,284,na,na,na,na,na,resumed_to_ready,na,ok,"","",""
S118one_render.tcp___db_open,S,db_open,tcp_est,none,none,0,normal,1,0,0,284,na,na,na,na,na,resumed_to_ready,na,ok,"","",""
S118one_render.tcp___render_conn,S,render_conn,tcp_est,none,none,0,normal,1,1,na,13588,na,na,na,na,na,na,na,dump_fail,"","(00.133263) Error (criu/sk-unix.c:874): unix: External socket is used. Consider using --ext-unix-sk option.",""
S118one_render.tcp___epg_index,S,epg_index,tcp_est,none,none,0,normal,1,0,0,13596,na,na,na,na,na,resumed_to_ready,na,ok,"","",""
S118one_render.tcp___ready,S,ready,tcp_est,none,none,0,normal,1,1,na,124,na,na,na,na,na,na,na,dump_fail,"","(00.138585) Error (criu/fsnotify.c:284): fsnotify: 	Can't dump that handle",""
S118one_render.tcp___steady,S,steady,tcp_est,none,none,0,normal,1,1,na,124,na,na,na,na,na,na,na,dump_fail,"","(00.143348) Error (criu/fsnotify.c:284): fsnotify: 	Can't dump that handle",""
S119one_render.file__init,S,init,filelocks,none,none,0,normal,1,0,0,284,na,na,na,na,na,resumed_to_ready,na,ok,"","",""
S119one_render.file__db_open,S,db_open,filelocks,none,none,0,normal,1,0,0,284,na,na,na,na,na,resumed_to_ready,na,ok,"","",""
S119one_render.file__render_conn,S,render_conn,filelocks,none,none,0,normal,1,1,na,13588,na,na,na,na,na,na,na,dump_fail,"","(00.142242) Error (criu/sk-unix.c:874): unix: External socket is used. Consider using --ext-unix-sk option.",""
S119one_render.file__epg_index,S,epg_index,filelocks,none,none,0,normal,1,0,0,13596,na,na,na,na,na,resumed_to_ready,na,ok,"","",""
S119one_render.file__ready,S,ready,filelocks,none,none,0,normal,1,1,na,124,na,na,na,na,na,na,na,dump_fail,"","(00.186601) Error (criu/fsnotify.c:284): fsnotify: 	Can't dump that handle",""
S119one_render.file__steady,S,steady,filelocks,none,none,0,normal,1,1,na,124,na,na,na,na,na,na,na,dump_fail,"","(00.145298) Error (criu/fsnotify.c:284): fsnotify: 	Can't dump that handle",""
S120one_render.perm__init,S,init,permissive,none,none,0,normal,1,0,0,284,na,na,na,na,na,resumed_to_ready,na,ok,"","",""
S120one_render.perm__db_open,S,db_open,permissive,none,none,0,normal,1,0,0,284,na,na,na,na,na,resumed_to_ready,na,ok,"","",""
S120one_render.perm__render_conn,S,render_conn,permissive,none,none,0,normal,1,1,na,13588,na,na,na,na,na,na,na,dump_fail,"","(00.124906) Error (criu/sk-unix.c:881): unix: Can't dump half of stream unix connection. name: (null); peer name: ",""
S120one_render.perm__epg_index,S,epg_index,permissive,none,none,0,normal,1,0,0,13596,na,na,na,na,na,resumed_to_ready,na,ok,"","",""
S120one_render.perm__ready,S,ready,permissive,none,none,0,normal,1,1,na,124,na,na,na,na,na,na,na,dump_fail,"","(00.166107) Error (criu/fsnotify.c:284): fsnotify: 	Can't dump that handle",""
S120one_render.perm__steady,S,steady,permissive,none,none,0,normal,1,1,na,124,na,na,na,na,na,na,na,dump_fail,"","(00.167707) Error (criu/fsnotify.c:284): fsnotify: 	Can't dump that handle",""
S121one_epoll.stri__init,S,init,strict,none,none,0,none,1,0,0,284,na,na,na,na,na,resumed_to_ready,na,ok,"","",""
S121one_epoll.stri__db_open,S,db_open,strict,none,none,0,none,1,0,0,280,na,na,na,na,na,resumed_to_ready,na,ok,"","",""
S121one_epoll.stri__epoll_open,S,epoll_open,strict,none,none,0,none,1,0,0,13596,na,na,na,na,na,resumed_to_ready,na,ok,"","",""
S121one_epoll.stri__epg_index,S,epg_index,strict,none,none,0,none,1,0,0,13596,na,na,na,na,na,resumed_to_ready,na,ok,"","",""
S121one_epoll.stri__ready,S,ready,strict,none,none,0,none,1,1,na,124,na,na,na,na,na,na,na,dump_fail,"","(00.160850) Error (criu/fsnotify.c:284): fsnotify: 	Can't dump that handle",""
S121one_epoll.stri__steady,S,steady,strict,none,none,0,none,1,1,na,124,na,na,na,na,na,na,na,dump_fail,"","(00.167563) Error (criu/fsnotify.c:284): fsnotify: 	Can't dump that handle",""
S122one_epoll.ext___init,S,init,ext_unix,none,none,0,none,1,0,0,284,na,na,na,na,na,resumed_to_ready,na,ok,"","",""
S122one_epoll.ext___db_open,S,db_open,ext_unix,none,none,0,none,1,0,0,284,na,na,na,na,na,resumed_to_ready,na,ok,"","",""
S122one_epoll.ext___epoll_open,S,epoll_open,ext_unix,none,none,0,none,1,0,0,13596,na,na,na,na,na,resumed_to_ready,na,ok,"","",""
S122one_epoll.ext___epg_index,S,epg_index,ext_unix,none,none,0,none,1,0,0,13592,na,na,na,na,na,resumed_to_ready,na,ok,"","",""
S122one_epoll.ext___ready,S,ready,ext_unix,none,none,0,none,1,1,na,124,na,na,na,na,na,na,na,dump_fail,"","(00.139083) Error (criu/fsnotify.c:284): fsnotify: 	Can't dump that handle",""
S122one_epoll.ext___steady,S,steady,ext_unix,none,none,0,none,1,1,na,124,na,na,na,na,na,na,na,dump_fail,"","(00.153010) Error (criu/fsnotify.c:284): fsnotify: 	Can't dump that handle",""
S123one_epoll.tcp___init,S,init,tcp_est,none,none,0,none,1,0,0,284,na,na,na,na,na,resumed_to_ready,na,ok,"","",""
S123one_epoll.tcp___db_open,S,db_open,tcp_est,none,none,0,none,1,0,0,284,na,na,na,na,na,resumed_to_ready,na,ok,"","",""
S123one_epoll.tcp___epoll_open,S,epoll_open,tcp_est,none,none,0,none,1,0,0,13596,na,na,na,na,na,resumed_to_ready,na,ok,"","",""
S123one_epoll.tcp___epg_index,S,epg_index,tcp_est,none,none,0,none,1,0,0,13596,na,na,na,na,na,resumed_to_ready,na,ok,"","",""
S123one_epoll.tcp___ready,S,ready,tcp_est,none,none,0,none,1,1,na,124,na,na,na,na,na,na,na,dump_fail,"","(00.138662) Error (criu/fsnotify.c:284): fsnotify: 	Can't dump that handle",""
S123one_epoll.tcp___steady,S,steady,tcp_est,none,none,0,none,1,1,na,124,na,na,na,na,na,na,na,dump_fail,"","(00.160066) Error (criu/fsnotify.c:284): fsnotify: 	Can't dump that handle",""
S124one_epoll.file__init,S,init,filelocks,none,none,0,none,1,0,0,280,na,na,na,na,na,resumed_to_ready,na,ok,"","",""
S124one_epoll.file__db_open,S,db_open,filelocks,none,none,0,none,1,0,0,284,na,na,na,na,na,resumed_to_ready,na,ok,"","",""
S124one_epoll.file__epoll_open,S,epoll_open,filelocks,none,none,0,none,1,0,0,13596,na,na,na,na,na,resumed_to_ready,na,ok,"","",""
S124one_epoll.file__epg_index,S,epg_index,filelocks,none,none,0,none,1,0,0,13596,na,na,na,na,na,resumed_to_ready,na,ok,"","",""
S124one_epoll.file__ready,S,ready,filelocks,none,none,0,none,1,1,na,124,na,na,na,na,na,na,na,dump_fail,"","(00.133162) Error (criu/fsnotify.c:284): fsnotify: 	Can't dump that handle",""
S124one_epoll.file__steady,S,steady,filelocks,none,none,0,none,1,1,na,124,na,na,na,na,na,na,na,dump_fail,"","(00.136616) Error (criu/fsnotify.c:284): fsnotify: 	Can't dump that handle",""
S125one_epoll.perm__init,S,init,permissive,none,none,0,none,1,0,0,284,na,na,na,na,na,resumed_to_ready,na,ok,"","",""
S125one_epoll.perm__db_open,S,db_open,permissive,none,none,0,none,1,0,0,284,na,na,na,na,na,resumed_to_ready,na,ok,"","",""
S125one_epoll.perm__epoll_open,S,epoll_open,permissive,none,none,0,none,1,0,0,13596,na,na,na,na,na,resumed_to_ready,na,ok,"","",""
S125one_epoll.perm__epg_index,S,epg_index,permissive,none,none,0,none,1,0,0,13596,na,na,na,na,na,resumed_to_ready,na,ok,"","",""
S125one_epoll.perm__ready,S,ready,permissive,none,none,0,none,1,1,na,124,na,na,na,na,na,na,na,dump_fail,"","(00.149810) Error (criu/fsnotify.c:284): fsnotify: 	Can't dump that handle",""
S125one_epoll.perm__steady,S,steady,permissive,none,none,0,none,1,1,na,124,na,na,na,na,na,na,na,dump_fail,"","(00.153296) Error (criu/fsnotify.c:284): fsnotify: 	Can't dump that handle",""
S126one_listen.stri__init,S,init,strict,none,none,0,none,1,0,0,284,na,na,na,na,na,resumed_to_ready,na,ok,"","",""
S126one_listen.stri__db_open,S,db_open,strict,none,none,0,none,1,0,0,284,na,na,na,na,na,resumed_to_ready,na,ok,"","",""
S126one_listen.stri__svc_listen,S,svc_listen,strict,none,none,0,none,1,0,0,13596,na,na,na,na,na,resumed_to_ready,na,ok,"","",""
S126one_listen.stri__epg_index,S,epg_index,strict,none,none,0,none,1,0,0,13596,na,na,na,na,na,resumed_to_ready,na,ok,"","",""
S126one_listen.stri__ready,S,ready,strict,none,none,0,none,1,1,na,124,na,na,na,na,na,na,na,dump_fail,"","(00.137360) Error (criu/fsnotify.c:284): fsnotify: 	Can't dump that handle",""
S126one_listen.stri__steady,S,steady,strict,none,none,0,none,1,1,na,124,na,na,na,na,na,na,na,dump_fail,"","(00.150085) Error (criu/fsnotify.c:284): fsnotify: 	Can't dump that handle",""
S127one_listen.ext___init,S,init,ext_unix,none,none,0,none,1,0,0,284,na,na,na,na,na,resumed_to_ready,na,ok,"","",""
S127one_listen.ext___db_open,S,db_open,ext_unix,none,none,0,none,1,0,0,284,na,na,na,na,na,resumed_to_ready,na,ok,"","",""
S127one_listen.ext___svc_listen,S,svc_listen,ext_unix,none,none,0,none,1,0,0,13596,na,na,na,na,na,resumed_to_ready,na,ok,"","",""
S127one_listen.ext___epg_index,S,epg_index,ext_unix,none,none,0,none,1,0,0,13596,na,na,na,na,na,resumed_to_ready,na,ok,"","",""
S127one_listen.ext___ready,S,ready,ext_unix,none,none,0,none,1,1,na,124,na,na,na,na,na,na,na,dump_fail,"","(00.166978) Error (criu/fsnotify.c:284): fsnotify: 	Can't dump that handle",""
S127one_listen.ext___steady,S,steady,ext_unix,none,none,0,none,1,1,na,124,na,na,na,na,na,na,na,dump_fail,"","(00.178836) Error (criu/fsnotify.c:284): fsnotify: 	Can't dump that handle",""
S128one_listen.tcp___init,S,init,tcp_est,none,none,0,none,1,0,0,284,na,na,na,na,na,resumed_to_ready,na,ok,"","",""
S128one_listen.tcp___db_open,S,db_open,tcp_est,none,none,0,none,1,0,0,284,na,na,na,na,na,resumed_to_ready,na,ok,"","",""
S128one_listen.tcp___svc_listen,S,svc_listen,tcp_est,none,none,0,none,1,0,0,13596,na,na,na,na,na,resumed_to_ready,na,ok,"","",""
S128one_listen.tcp___epg_index,S,epg_index,tcp_est,none,none,0,none,1,0,0,13588,na,na,na,na,na,resumed_to_ready,na,ok,"","",""
S128one_listen.tcp___ready,S,ready,tcp_est,none,none,0,none,1,1,na,124,na,na,na,na,na,na,na,dump_fail,"","(00.157157) Error (criu/fsnotify.c:284): fsnotify: 	Can't dump that handle",""
S128one_listen.tcp___steady,S,steady,tcp_est,none,none,0,none,1,1,na,124,na,na,na,na,na,na,na,dump_fail,"","(00.119500) Error (criu/fsnotify.c:284): fsnotify: 	Can't dump that handle",""
S129one_listen.file__init,S,init,filelocks,none,none,0,none,1,0,0,284,na,na,na,na,na,resumed_to_ready,na,ok,"","",""
S129one_listen.file__db_open,S,db_open,filelocks,none,none,0,none,1,0,0,284,na,na,na,na,na,resumed_to_ready,na,ok,"","",""
S129one_listen.file__svc_listen,S,svc_listen,filelocks,none,none,0,none,1,0,0,13596,na,na,na,na,na,resumed_to_ready,na,ok,"","",""
S129one_listen.file__epg_index,S,epg_index,filelocks,none,none,0,none,1,0,0,13588,na,na,na,na,na,resumed_to_ready,na,ok,"","",""
S129one_listen.file__ready,S,ready,filelocks,none,none,0,none,1,1,na,124,na,na,na,na,na,na,na,dump_fail,"","(00.135492) Error (criu/fsnotify.c:284): fsnotify: 	Can't dump that handle",""
S129one_listen.file__steady,S,steady,filelocks,none,none,0,none,1,1,na,124,na,na,na,na,na,na,na,dump_fail,"","(00.158095) Error (criu/fsnotify.c:284): fsnotify: 	Can't dump that handle",""
S130one_listen.perm__init,S,init,permissive,none,none,0,none,1,0,0,284,na,na,na,na,na,resumed_to_ready,na,ok,"","",""
S130one_listen.perm__db_open,S,db_open,permissive,none,none,0,none,1,0,0,284,na,na,na,na,na,resumed_to_ready,na,ok,"","",""
S130one_listen.perm__svc_listen,S,svc_listen,permissive,none,none,0,none,1,0,0,13596,na,na,na,na,na,resumed_to_ready,na,ok,"","",""
S130one_listen.perm__epg_index,S,epg_index,permissive,none,none,0,none,1,0,0,13596,na,na,na,na,na,resumed_to_ready,na,ok,"","",""
S130one_listen.perm__ready,S,ready,permissive,none,none,0,none,1,1,na,124,na,na,na,na,na,na,na,dump_fail,"","(00.116149) Error (criu/fsnotify.c:284): fsnotify: 	Can't dump that handle",""
S130one_listen.perm__steady,S,steady,permissive,none,none,0,none,1,1,na,124,na,na,na,na,na,na,na,dump_fail,"","(00.108059) Error (criu/fsnotify.c:284): fsnotify: 	Can't dump that handle",""
S131one_udp.stri__init,S,init,strict,none,none,0,none,1,0,0,284,na,na,na,na,na,resumed_to_ready,na,ok,"","",""
S131one_udp.stri__db_open,S,db_open,strict,none,none,0,none,1,0,0,284,na,na,na,na,na,resumed_to_ready,na,ok,"","",""
S131one_udp.stri__udp_open,S,udp_open,strict,none,none,0,none,1,0,0,13596,na,na,na,na,na,resumed_to_ready,na,ok,"","",""
S131one_udp.stri__epg_index,S,epg_index,strict,none,none,0,none,1,0,0,13592,na,na,na,na,na,resumed_to_ready,na,ok,"","",""
S131one_udp.stri__ready,S,ready,strict,none,none,0,none,1,1,na,124,na,na,na,na,na,na,na,dump_fail,"","(00.137811) Error (criu/fsnotify.c:284): fsnotify: 	Can't dump that handle",""
S131one_udp.stri__steady,S,steady,strict,none,none,0,none,1,1,na,124,na,na,na,na,na,na,na,dump_fail,"","(00.157695) Error (criu/fsnotify.c:284): fsnotify: 	Can't dump that handle",""
S132one_udp.ext___init,S,init,ext_unix,none,none,0,none,1,0,0,284,na,na,na,na,na,resumed_to_ready,na,ok,"","",""
S132one_udp.ext___db_open,S,db_open,ext_unix,none,none,0,none,1,0,0,284,na,na,na,na,na,resumed_to_ready,na,ok,"","",""
S132one_udp.ext___udp_open,S,udp_open,ext_unix,none,none,0,none,1,0,0,13592,na,na,na,na,na,resumed_to_ready,na,ok,"","",""
S132one_udp.ext___epg_index,S,epg_index,ext_unix,none,none,0,none,1,0,0,13596,na,na,na,na,na,resumed_to_ready,na,ok,"","",""
S132one_udp.ext___ready,S,ready,ext_unix,none,none,0,none,1,1,na,124,na,na,na,na,na,na,na,dump_fail,"","(00.159824) Error (criu/fsnotify.c:284): fsnotify: 	Can't dump that handle",""
S132one_udp.ext___steady,S,steady,ext_unix,none,none,0,none,1,1,na,124,na,na,na,na,na,na,na,dump_fail,"","(00.147686) Error (criu/fsnotify.c:284): fsnotify: 	Can't dump that handle",""
S133one_udp.tcp___init,S,init,tcp_est,none,none,0,none,1,0,0,284,na,na,na,na,na,resumed_to_ready,na,ok,"","",""
S133one_udp.tcp___db_open,S,db_open,tcp_est,none,none,0,none,1,0,0,284,na,na,na,na,na,resumed_to_ready,na,ok,"","",""
S133one_udp.tcp___udp_open,S,udp_open,tcp_est,none,none,0,none,1,0,0,13596,na,na,na,na,na,resumed_to_ready,na,ok,"","",""
S133one_udp.tcp___epg_index,S,epg_index,tcp_est,none,none,0,none,1,0,0,13596,na,na,na,na,na,resumed_to_ready,na,ok,"","",""
S133one_udp.tcp___ready,S,ready,tcp_est,none,none,0,none,1,1,na,124,na,na,na,na,na,na,na,dump_fail,"","(00.159680) Error (criu/fsnotify.c:284): fsnotify: 	Can't dump that handle",""
S133one_udp.tcp___steady,S,steady,tcp_est,none,none,0,none,1,1,na,124,na,na,na,na,na,na,na,dump_fail,"","(00.144130) Error (criu/fsnotify.c:284): fsnotify: 	Can't dump that handle",""
S134one_udp.file__init,S,init,filelocks,none,none,0,none,1,0,0,284,na,na,na,na,na,resumed_to_ready,na,ok,"","",""
S134one_udp.file__db_open,S,db_open,filelocks,none,none,0,none,1,0,0,284,na,na,na,na,na,resumed_to_ready,na,ok,"","",""
S134one_udp.file__udp_open,S,udp_open,filelocks,none,none,0,none,1,0,0,13596,na,na,na,na,na,resumed_to_ready,na,ok,"","",""
S134one_udp.file__epg_index,S,epg_index,filelocks,none,none,0,none,1,0,0,13596,na,na,na,na,na,resumed_to_ready,na,ok,"","",""
S134one_udp.file__ready,S,ready,filelocks,none,none,0,none,1,1,na,124,na,na,na,na,na,na,na,dump_fail,"","(00.119301) Error (criu/fsnotify.c:284): fsnotify: 	Can't dump that handle",""
S134one_udp.file__steady,S,steady,filelocks,none,none,0,none,1,1,na,124,na,na,na,na,na,na,na,dump_fail,"","(00.150191) Error (criu/fsnotify.c:284): fsnotify: 	Can't dump that handle",""
S135one_udp.perm__init,S,init,permissive,none,none,0,none,1,0,0,284,na,na,na,na,na,resumed_to_ready,na,ok,"","",""
S135one_udp.perm__db_open,S,db_open,permissive,none,none,0,none,1,0,0,284,na,na,na,na,na,resumed_to_ready,na,ok,"","",""
S135one_udp.perm__udp_open,S,udp_open,permissive,none,none,0,none,1,0,0,13596,na,na,na,na,na,resumed_to_ready,na,ok,"","",""
S135one_udp.perm__epg_index,S,epg_index,permissive,none,none,0,none,1,0,0,13596,na,na,na,na,na,resumed_to_ready,na,ok,"","",""
S135one_udp.perm__ready,S,ready,permissive,none,none,0,none,1,1,na,124,na,na,na,na,na,na,na,dump_fail,"","(00.114987) Error (criu/fsnotify.c:284): fsnotify: 	Can't dump that handle",""
S135one_udp.perm__steady,S,steady,permissive,none,none,0,none,1,1,na,124,na,na,na,na,na,na,na,dump_fail,"","(00.148321) Error (criu/fsnotify.c:284): fsnotify: 	Can't dump that handle",""
S136one_netlink.stri__init,S,init,strict,none,none,0,none,1,0,0,276,na,na,na,na,na,resumed_to_ready,na,ok,"","",""
S136one_netlink.stri__db_open,S,db_open,strict,none,none,0,none,1,0,0,284,na,na,na,na,na,resumed_to_ready,na,ok,"","",""
S136one_netlink.stri__netlink_open,S,netlink_open,strict,none,none,0,none,1,0,0,13592,na,na,na,na,na,resumed_to_ready,na,ok,"","",""
S136one_netlink.stri__epg_index,S,epg_index,strict,none,none,0,none,1,0,0,13592,na,na,na,na,na,resumed_to_ready,na,ok,"","",""
S136one_netlink.stri__ready,S,ready,strict,none,none,0,none,1,1,na,124,na,na,na,na,na,na,na,dump_fail,"","(00.132820) Error (criu/fsnotify.c:284): fsnotify: 	Can't dump that handle",""
S136one_netlink.stri__steady,S,steady,strict,none,none,0,none,1,1,na,124,na,na,na,na,na,na,na,dump_fail,"","(00.157421) Error (criu/fsnotify.c:284): fsnotify: 	Can't dump that handle",""
S137one_netlink.ext___init,S,init,ext_unix,none,none,0,none,1,0,0,284,na,na,na,na,na,resumed_to_ready,na,ok,"","",""
S137one_netlink.ext___db_open,S,db_open,ext_unix,none,none,0,none,1,0,0,284,na,na,na,na,na,resumed_to_ready,na,ok,"","",""
S137one_netlink.ext___netlink_open,S,netlink_open,ext_unix,none,none,0,none,1,0,0,13596,na,na,na,na,na,resumed_to_ready,na,ok,"","",""
S137one_netlink.ext___epg_index,S,epg_index,ext_unix,none,none,0,none,1,0,0,13596,na,na,na,na,na,resumed_to_ready,na,ok,"","",""
S137one_netlink.ext___ready,S,ready,ext_unix,none,none,0,none,1,1,na,124,na,na,na,na,na,na,na,dump_fail,"","(00.178802) Error (criu/fsnotify.c:284): fsnotify: 	Can't dump that handle",""
S137one_netlink.ext___steady,S,steady,ext_unix,none,none,0,none,1,1,na,124,na,na,na,na,na,na,na,dump_fail,"","(00.161578) Error (criu/fsnotify.c:284): fsnotify: 	Can't dump that handle",""
S138one_netlink.tcp___init,S,init,tcp_est,none,none,0,none,1,0,0,280,na,na,na,na,na,resumed_to_ready,na,ok,"","",""
S138one_netlink.tcp___db_open,S,db_open,tcp_est,none,none,0,none,1,0,0,284,na,na,na,na,na,resumed_to_ready,na,ok,"","",""
S138one_netlink.tcp___netlink_open,S,netlink_open,tcp_est,none,none,0,none,1,0,0,13596,na,na,na,na,na,resumed_to_ready,na,ok,"","",""
S138one_netlink.tcp___epg_index,S,epg_index,tcp_est,none,none,0,none,1,0,0,13596,na,na,na,na,na,resumed_to_ready,na,ok,"","",""
S138one_netlink.tcp___ready,S,ready,tcp_est,none,none,0,none,1,1,na,124,na,na,na,na,na,na,na,dump_fail,"","(00.150617) Error (criu/fsnotify.c:284): fsnotify: 	Can't dump that handle",""
S138one_netlink.tcp___steady,S,steady,tcp_est,none,none,0,none,1,1,na,124,na,na,na,na,na,na,na,dump_fail,"","(00.138073) Error (criu/fsnotify.c:284): fsnotify: 	Can't dump that handle",""
S139one_netlink.file__init,S,init,filelocks,none,none,0,none,1,0,0,284,na,na,na,na,na,resumed_to_ready,na,ok,"","",""
S139one_netlink.file__db_open,S,db_open,filelocks,none,none,0,none,1,0,0,284,na,na,na,na,na,resumed_to_ready,na,ok,"","",""
S139one_netlink.file__netlink_open,S,netlink_open,filelocks,none,none,0,none,1,0,0,13596,na,na,na,na,na,resumed_to_ready,na,ok,"","",""
S139one_netlink.file__epg_index,S,epg_index,filelocks,none,none,0,none,1,0,0,13596,na,na,na,na,na,resumed_to_ready,na,ok,"","",""
S139one_netlink.file__ready,S,ready,filelocks,none,none,0,none,1,1,na,124,na,na,na,na,na,na,na,dump_fail,"","(00.156768) Error (criu/fsnotify.c:284): fsnotify: 	Can't dump that handle",""
S139one_netlink.file__steady,S,steady,filelocks,none,none,0,none,1,1,na,124,na,na,na,na,na,na,na,dump_fail,"","(00.158900) Error (criu/fsnotify.c:284): fsnotify: 	Can't dump that handle",""
S140one_netlink.perm__init,S,init,permissive,none,none,0,none,1,0,0,284,na,na,na,na,na,resumed_to_ready,na,ok,"","",""
S140one_netlink.perm__db_open,S,db_open,permissive,none,none,0,none,1,0,0,284,na,na,na,na,na,resumed_to_ready,na,ok,"","",""
S140one_netlink.perm__netlink_open,S,netlink_open,permissive,none,none,0,none,1,0,0,13592,na,na,na,na,na,resumed_to_ready,na,ok,"","",""
S140one_netlink.perm__epg_index,S,epg_index,permissive,none,none,0,none,1,0,0,13596,na,na,na,na,na,resumed_to_ready,na,ok,"","",""
S140one_netlink.perm__ready,S,ready,permissive,none,none,0,none,1,1,na,124,na,na,na,na,na,na,na,dump_fail,"","(00.196312) Error (criu/fsnotify.c:284): fsnotify: 	Can't dump that handle",""
S140one_netlink.perm__steady,S,steady,permissive,none,none,0,none,1,1,na,124,na,na,na,na,na,na,na,dump_fail,"","(00.161152) Error (criu/fsnotify.c:284): fsnotify: 	Can't dump that handle",""
S141rescue__hub_conn1,S,hub_conn1,permissive,bye,none,0,normal,1,1,na,164,na,na,na,na,na,na,na,dump_fail,"","(00.183699) Error (criu/fsnotify.c:284): fsnotify: 	Can't dump that handle",""
S141rescue__hub_conn2,S,hub_conn2,permissive,bye,none,0,normal,1,1,na,164,na,na,na,na,na,na,na,dump_fail,"","(00.200191) Error (criu/fsnotify.c:284): fsnotify: 	Can't dump that handle",""
S141rescue__hub_conn3,S,hub_conn3,permissive,bye,none,0,normal,1,1,na,164,na,na,na,na,na,na,na,dump_fail,"","(00.149999) Error (criu/fsnotify.c:284): fsnotify: 	Can't dump that handle",""
S141rescue__hub_conn4,S,hub_conn4,permissive,bye,none,0,normal,1,1,na,156,na,na,na,na,na,na,na,dump_fail,"","(00.174093) Error (criu/fsnotify.c:284): fsnotify: 	Can't dump that handle",""
S141rescue__hub_subscribed,S,hub_subscribed,permissive,bye,none,0,normal,1,1,na,156,na,na,na,na,na,na,na,dump_fail,"","(00.181130) Error (criu/fsnotify.c:284): fsnotify: 	Can't dump that handle",""
S141rescue__render_conn,S,render_conn,permissive,bye,none,0,normal,1,1,na,156,na,na,na,na,na,na,na,dump_fail,"","(00.193898) Error (criu/fsnotify.c:284): fsnotify: 	Can't dump that handle",""
S141rescue__tcp_conn,S,tcp_conn,permissive,bye,none,0,normal,1,1,na,156,na,na,na,na,na,na,na,dump_fail,"","(00.159794) Error (criu/fsnotify.c:284): fsnotify: 	Can't dump that handle",""
S141rescue__epoll_open,S,epoll_open,permissive,bye,none,0,normal,1,1,na,156,na,na,na,na,na,na,na,dump_fail,"","(00.129409) Error (criu/fsnotify.c:284): fsnotify: 	Can't dump that handle",""
S141rescue__svc_listen,S,svc_listen,permissive,bye,none,0,normal,1,1,na,156,na,na,na,na,na,na,na,dump_fail,"","(00.127472) Error (criu/fsnotify.c:284): fsnotify: 	Can't dump that handle",""
S141rescue__udp_open,S,udp_open,permissive,bye,none,0,normal,1,1,na,156,na,na,na,na,na,na,na,dump_fail,"","(00.196359) Error (criu/fsnotify.c:284): fsnotify: 	Can't dump that handle",""
S141rescue__netlink_open,S,netlink_open,permissive,bye,none,0,normal,1,1,na,156,na,na,na,na,na,na,na,dump_fail,"","(00.147681) Error (criu/fsnotify.c:284): fsnotify: 	Can't dump that handle",""
S141rescue__timer_armed,S,timer_armed,permissive,bye,none,0,normal,1,1,na,156,na,na,na,na,na,na,na,dump_fail,"","(00.197921) Error (criu/fsnotify.c:284): fsnotify: 	Can't dump that handle",""
S141rescue__db_watch,S,db_watch,permissive,bye,none,0,normal,1,1,na,156,na,na,na,na,na,na,na,dump_fail,"","(00.166653) Error (criu/fsnotify.c:284): fsnotify: 	Can't dump that handle",""
S141rescue__db_mmap,S,db_mmap,permissive,bye,none,0,normal,1,1,na,156,na,na,na,na,na,na,na,dump_fail,"","(00.184566) Error (criu/fsnotify.c:284): fsnotify: 	Can't dump that handle",""
S141rescue__ready,S,ready,permissive,bye,none,0,normal,1,1,na,156,na,na,na,na,na,na,na,dump_fail,"","(00.161978) Error (criu/fsnotify.c:284): fsnotify: 	Can't dump that handle",""
S141rescue__steady,S,steady,permissive,bye,none,0,normal,1,1,na,156,na,na,na,na,na,na,na,dump_fail,"","(00.156887) Error (criu/fsnotify.c:284): fsnotify: 	Can't dump that handle",""
S142rescue_tcp__hub_conn1,S,hub_conn1,tcp_est,bye,none,0,normal,1,1,na,132,na,na,na,na,na,na,na,dump_fail,"","(00.191866) Error (criu/fsnotify.c:284): fsnotify: 	Can't dump that handle",""
S142rescue_tcp__hub_conn2,S,hub_conn2,tcp_est,bye,none,0,normal,1,1,na,132,na,na,na,na,na,na,na,dump_fail,"","(00.161924) Error (criu/fsnotify.c:284): fsnotify: 	Can't dump that handle",""
S142rescue_tcp__hub_conn3,S,hub_conn3,tcp_est,bye,none,0,normal,1,1,na,132,na,na,na,na,na,na,na,dump_fail,"","(00.172094) Error (criu/fsnotify.c:284): fsnotify: 	Can't dump that handle",""
S142rescue_tcp__hub_conn4,S,hub_conn4,tcp_est,bye,none,0,normal,1,1,na,132,na,na,na,na,na,na,na,dump_fail,"","(00.132236) Error (criu/fsnotify.c:284): fsnotify: 	Can't dump that handle",""
S142rescue_tcp__hub_subscribed,S,hub_subscribed,tcp_est,bye,none,0,normal,1,1,na,132,na,na,na,na,na,na,na,dump_fail,"","(00.140095) Error (criu/fsnotify.c:284): fsnotify: 	Can't dump that handle",""
S142rescue_tcp__tcp_conn,S,tcp_conn,tcp_est,bye,none,0,normal,1,1,na,132,na,na,na,na,na,na,na,dump_fail,"","(00.150417) Error (criu/fsnotify.c:284): fsnotify: 	Can't dump that handle",""
S142rescue_tcp__timer_armed,S,timer_armed,tcp_est,bye,none,0,normal,1,1,na,132,na,na,na,na,na,na,na,dump_fail,"","(00.143629) Error (criu/fsnotify.c:284): fsnotify: 	Can't dump that handle",""
S142rescue_tcp__db_watch,S,db_watch,tcp_est,bye,none,0,normal,1,1,na,132,na,na,na,na,na,na,na,dump_fail,"","(00.144884) Error (criu/fsnotify.c:284): fsnotify: 	Can't dump that handle",""
S142rescue_tcp__ready,S,ready,tcp_est,bye,none,0,normal,1,1,na,132,na,na,na,na,na,na,na,dump_fail,"","(00.159252) Error (criu/fsnotify.c:284): fsnotify: 	Can't dump that handle",""
S142rescue_tcp__steady,S,steady,tcp_est,bye,none,0,normal,1,1,na,132,na,na,na,na,na,na,na,dump_fail,"","(00.145295) Error (criu/fsnotify.c:284): fsnotify: 	Can't dump that handle",""
S143droplock__tcp_conn,S,tcp_conn,tcp_est,none,droplock_sleep2,0,normal,1,1,na,13600,na,na,na,na,na,na,na,dump_fail,"","(00.157538) Error (criu/sk-unix.c:874): unix: External socket is used. Consider using --ext-unix-sk option.",""
S143droplock__timer_armed,S,timer_armed,tcp_est,none,droplock_sleep2,0,normal,1,1,na,13600,na,na,na,na,na,na,na,dump_fail,"","(00.110776) Error (criu/sk-unix.c:874): unix: External socket is used. Consider using --ext-unix-sk option.",""
S143droplock__db_watch,S,db_watch,tcp_est,none,droplock_sleep2,0,normal,1,1,na,136,na,na,na,na,na,na,na,dump_fail,"","(00.165270) Error (criu/fsnotify.c:284): fsnotify: 	Can't dump that handle",""
S143droplock__ready,S,ready,tcp_est,none,droplock_sleep2,0,normal,1,1,na,136,na,na,na,na,na,na,na,dump_fail,"","(00.140002) Error (criu/fsnotify.c:284): fsnotify: 	Can't dump that handle",""
S143droplock__steady,S,steady,tcp_est,none,droplock_sleep2,0,normal,1,1,na,136,na,na,na,na,na,na,na,dump_fail,"","(00.158659) Error (criu/fsnotify.c:284): fsnotify: 	Can't dump that handle",""
S144frz15__init,S,init,strict,none,sleep15,0,none,1,0,0,284,na,na,na,na,na,resumed_to_ready,na,ok,"","",""
S144frz15__db_open,S,db_open,strict,none,sleep15,0,none,1,0,0,284,na,na,na,na,na,resumed_to_ready,na,ok,"","",""
S144frz15__db_read,S,db_read,strict,none,sleep15,0,none,1,0,0,1304,na,na,na,na,na,resumed_to_ready,na,ok,"","",""
S144frz15__db_read_p25,S,db_read_p25,strict,none,sleep15,0,none,1,0,0,1304,na,na,na,na,na,resumed_to_ready,na,ok,"","",""
S144frz15__db_read_p50,S,db_read_p50,strict,none,sleep15,0,none,1,0,0,1304,na,na,na,na,na,resumed_to_ready,na,ok,"","",""
S144frz15__db_read_p75,S,db_read_p75,strict,none,sleep15,0,none,1,0,0,1304,na,na,na,na,na,resumed_to_ready,na,ok,"","",""
S144frz15__db_parse,S,db_parse,strict,none,sleep15,0,none,1,0,0,1304,na,na,na,na,na,resumed_to_ready,na,ok,"","",""
S144frz15__db_parse_p25,S,db_parse_p25,strict,none,sleep15,0,none,1,0,0,1304,na,na,na,na,na,resumed_to_ready,na,ok,"","",""
S144frz15__db_parse_p50,S,db_parse_p50,strict,none,sleep15,0,none,1,0,0,1304,na,na,na,na,na,resumed_to_ready,na,ok,"","",""
S144frz15__db_parse_p75,S,db_parse_p75,strict,none,sleep15,0,none,1,0,0,1308,na,na,na,na,na,resumed_to_ready,na,ok,"","",""
S144frz15__epg_index,S,epg_index,strict,none,sleep15,0,none,1,0,0,13600,na,na,na,na,na,resumed_to_ready,na,ok,"","",""
S144frz15__epg_index_p25,S,epg_index_p25,strict,none,sleep15,0,none,1,0,0,4384,na,na,na,na,na,resumed_to_ready,na,ok,"","",""
S144frz15__epg_index_p50,S,epg_index_p50,strict,none,sleep15,0,none,1,0,0,7456,na,na,na,na,na,resumed_to_ready,na,ok,"","",""
S144frz15__epg_index_p75,S,epg_index_p75,strict,none,sleep15,0,none,1,0,0,10528,na,na,na,na,na,resumed_to_ready,na,ok,"","",""
S144frz15__epg_text,S,epg_text,strict,none,sleep15,0,none,1,0,0,13596,na,na,na,na,na,resumed_to_ready,na,ok,"","",""
S144frz15__epg_reserve,S,epg_reserve,strict,none,sleep15,0,none,1,0,0,13596,na,na,na,na,na,resumed_to_ready,na,ok,"","",""
S144frz15__timer_armed,S,timer_armed,strict,none,sleep15,0,none,1,0,0,13596,na,na,na,na,na,resumed_to_ready,na,ok,"","",""
S144frz15__db_watch,S,db_watch,strict,none,sleep15,0,none,1,1,na,128,na,na,na,na,na,na,na,dump_fail,"","(00.192534) Error (criu/fsnotify.c:284): fsnotify: 	Can't dump that handle",""
S144frz15__ready,S,ready,strict,none,sleep15,0,none,1,1,na,128,na,na,na,na,na,na,na,dump_fail,"","(00.133912) Error (criu/fsnotify.c:284): fsnotify: 	Can't dump that handle",""
S144frz15__steady,S,steady,strict,none,sleep15,0,none,1,1,na,128,na,na,na,na,na,na,na,dump_fail,"","(00.158181) Error (criu/fsnotify.c:284): fsnotify: 	Can't dump that handle",""
S145frz45__init,S,init,strict,none,sleep45,0,none,1,0,0,284,na,na,na,na,na,resumed_to_ready,na,ok,"","",""
S145frz45__db_open,S,db_open,strict,none,sleep45,0,none,1,0,0,284,na,na,na,na,na,resumed_to_ready,na,ok,"","",""
S145frz45__db_read,S,db_read,strict,none,sleep45,0,none,1,0,0,1304,na,na,na,na,na,resumed_to_ready,na,ok,"","",""
S145frz45__db_read_p25,S,db_read_p25,strict,none,sleep45,0,none,1,0,0,1304,na,na,na,na,na,resumed_to_ready,na,ok,"","",""
S145frz45__db_read_p50,S,db_read_p50,strict,none,sleep45,0,none,1,0,0,1304,na,na,na,na,na,resumed_to_ready,na,ok,"","",""
S145frz45__db_read_p75,S,db_read_p75,strict,none,sleep45,0,none,1,0,0,1304,na,na,na,na,na,resumed_to_ready,na,ok,"","",""
S145frz45__db_parse,S,db_parse,strict,none,sleep45,0,none,1,0,0,1304,na,na,na,na,na,resumed_to_ready,na,ok,"","",""
S145frz45__db_parse_p25,S,db_parse_p25,strict,none,sleep45,0,none,1,0,0,1304,na,na,na,na,na,resumed_to_ready,na,ok,"","",""
S145frz45__db_parse_p50,S,db_parse_p50,strict,none,sleep45,0,none,1,0,0,1304,na,na,na,na,na,resumed_to_ready,na,ok,"","",""
S145frz45__db_parse_p75,S,db_parse_p75,strict,none,sleep45,0,none,1,0,0,1304,na,na,na,na,na,resumed_to_ready,na,ok,"","",""
S145frz45__epg_index,S,epg_index,strict,none,sleep45,0,none,1,0,0,13596,na,na,na,na,na,resumed_to_ready,na,ok,"","",""
S145frz45__epg_index_p25,S,epg_index_p25,strict,none,sleep45,0,none,1,0,0,4380,na,na,na,na,na,resumed_to_ready,na,ok,"","",""
S145frz45__epg_index_p50,S,epg_index_p50,strict,none,sleep45,0,none,1,0,0,7452,na,na,na,na,na,resumed_to_ready,na,ok,"","",""
S145frz45__epg_index_p75,S,epg_index_p75,strict,none,sleep45,0,none,1,0,0,10524,na,na,na,na,na,resumed_to_ready,na,ok,"","",""
S145frz45__epg_text,S,epg_text,strict,none,sleep45,0,none,1,0,0,13596,na,na,na,na,na,resumed_to_ready,na,ok,"","",""
S145frz45__epg_reserve,S,epg_reserve,strict,none,sleep45,0,none,1,0,0,13596,na,na,na,na,na,resumed_to_ready,na,ok,"","",""
S145frz45__timer_armed,S,timer_armed,strict,none,sleep45,0,none,1,0,0,13596,na,na,na,na,na,resumed_to_ready,na,ok,"","",""
S145frz45__db_watch,S,db_watch,strict,none,sleep45,0,none,1,1,na,124,na,na,na,na,na,na,na,dump_fail,"","(00.154553) Error (criu/fsnotify.c:284): fsnotify: 	Can't dump that handle",""
S145frz45__ready,S,ready,strict,none,sleep45,0,none,1,1,na,124,na,na,na,na,na,na,na,dump_fail,"","(00.108166) Error (criu/fsnotify.c:284): fsnotify: 	Can't dump that handle",""
S145frz45__steady,S,steady,strict,none,sleep45,0,none,1,1,na,124,na,na,na,na,na,na,na,dump_fail,"","(00.173520) Error (criu/fsnotify.c:284): fsnotify: 	Can't dump that handle",""
S146frz45_rx__hub_conn1,S,hub_conn1,permissive,bye,sleep45,0,normal,1,1,na,164,na,na,na,na,na,na,na,dump_fail,"","(00.167168) Error (criu/fsnotify.c:284): fsnotify: 	Can't dump that handle",""
S146frz45_rx__hub_conn2,S,hub_conn2,permissive,bye,sleep45,0,normal,1,1,na,156,na,na,na,na,na,na,na,dump_fail,"","(00.217285) Error (criu/fsnotify.c:284): fsnotify: 	Can't dump that handle",""
S146frz45_rx__hub_conn3,S,hub_conn3,permissive,bye,sleep45,0,normal,1,1,na,164,na,na,na,na,na,na,na,dump_fail,"","(00.162546) Error (criu/fsnotify.c:284): fsnotify: 	Can't dump that handle",""
S146frz45_rx__hub_conn4,S,hub_conn4,permissive,bye,sleep45,0,normal,1,1,na,156,na,na,na,na,na,na,na,dump_fail,"","(00.181078) Error (criu/fsnotify.c:284): fsnotify: 	Can't dump that handle",""
S146frz45_rx__hub_subscribed,S,hub_subscribed,permissive,bye,sleep45,0,normal,1,1,na,156,na,na,na,na,na,na,na,dump_fail,"","(00.187364) Error (criu/fsnotify.c:284): fsnotify: 	Can't dump that handle",""
S146frz45_rx__render_conn,S,render_conn,permissive,bye,sleep45,0,normal,1,1,na,156,na,na,na,na,na,na,na,dump_fail,"","(00.156399) Error (criu/fsnotify.c:284): fsnotify: 	Can't dump that handle",""
S146frz45_rx__tcp_conn,S,tcp_conn,permissive,bye,sleep45,0,normal,1,1,na,156,na,na,na,na,na,na,na,dump_fail,"","(00.162484) Error (criu/fsnotify.c:284): fsnotify: 	Can't dump that handle",""
S146frz45_rx__epoll_open,S,epoll_open,permissive,bye,sleep45,0,normal,1,1,na,156,na,na,na,na,na,na,na,dump_fail,"","(00.144094) Error (criu/fsnotify.c:284): fsnotify: 	Can't dump that handle",""
S146frz45_rx__svc_listen,S,svc_listen,permissive,bye,sleep45,0,normal,1,1,na,156,na,na,na,na,na,na,na,dump_fail,"","(00.176543) Error (criu/fsnotify.c:284): fsnotify: 	Can't dump that handle",""
S146frz45_rx__udp_open,S,udp_open,permissive,bye,sleep45,0,normal,1,1,na,156,na,na,na,na,na,na,na,dump_fail,"","(00.151402) Error (criu/fsnotify.c:284): fsnotify: 	Can't dump that handle",""
S146frz45_rx__netlink_open,S,netlink_open,permissive,bye,sleep45,0,normal,1,1,na,156,na,na,na,na,na,na,na,dump_fail,"","(00.170240) Error (criu/fsnotify.c:284): fsnotify: 	Can't dump that handle",""
S146frz45_rx__timer_armed,S,timer_armed,permissive,bye,sleep45,0,normal,1,1,na,156,na,na,na,na,na,na,na,dump_fail,"","(00.153418) Error (criu/fsnotify.c:284): fsnotify: 	Can't dump that handle",""
S146frz45_rx__db_watch,S,db_watch,permissive,bye,sleep45,0,normal,1,1,na,156,na,na,na,na,na,na,na,dump_fail,"","(00.156722) Error (criu/fsnotify.c:284): fsnotify: 	Can't dump that handle",""
S146frz45_rx__db_mmap,S,db_mmap,permissive,bye,sleep45,0,normal,1,1,na,156,na,na,na,na,na,na,na,dump_fail,"","(00.191540) Error (criu/fsnotify.c:284): fsnotify: 	Can't dump that handle",""
S146frz45_rx__ready,S,ready,permissive,bye,sleep45,0,normal,1,1,na,156,na,na,na,na,na,na,na,dump_fail,"","(00.176960) Error (criu/fsnotify.c:284): fsnotify: 	Can't dump that handle",""
S146frz45_rx__steady,S,steady,permissive,bye,sleep45,0,normal,1,1,na,156,na,na,na,na,na,na,na,dump_fail,"","(00.182174) Error (criu/fsnotify.c:284): fsnotify: 	Can't dump that handle",""
S147dbgone__db_open,S,db_open,strict,none,rmdb,0,none,1,0,1,284,na,na,na,na,na,na,na,restore_fail,"","","(00.069219) 2295148: Error (criu/files-reg.c:2353): Can't open file tmp/pbsprobe_db_p23872.bin on restore: No such file or directory"
S147dbgone__db_read,S,db_read,strict,none,rmdb,0,none,1,0,1,1304,na,na,na,na,na,na,na,restore_fail,"","","(00.100849) 2295261: Error (criu/files-reg.c:2353): Can't open file tmp/pbsprobe_db_p23873.bin on restore: No such file or directory"
S147dbgone__db_read_p25,S,db_read_p25,strict,none,rmdb,0,none,1,0,1,1300,na,na,na,na,na,na,na,restore_fail,"","","(00.085962) 2295582: Error (criu/files-reg.c:2353): Can't open file tmp/pbsprobe_db_p23874.bin on restore: No such file or directory"
S147dbgone__db_read_p50,S,db_read_p50,strict,none,rmdb,0,none,1,0,1,1304,na,na,na,na,na,na,na,restore_fail,"","","(00.057587) 2295744: Error (criu/files-reg.c:2353): Can't open file tmp/pbsprobe_db_p23875.bin on restore: No such file or directory"
S147dbgone__db_read_p75,S,db_read_p75,strict,none,rmdb,0,none,1,0,1,1304,na,na,na,na,na,na,na,restore_fail,"","","(00.103246) 2295965: Error (criu/files-reg.c:2353): Can't open file tmp/pbsprobe_db_p23876.bin on restore: No such file or directory"
S147dbgone__db_parse,S,db_parse,strict,none,rmdb,0,none,1,0,1,1304,na,na,na,na,na,na,na,restore_fail,"","","(00.085023) 2296234: Error (criu/files-reg.c:2353): Can't open file tmp/pbsprobe_db_p23877.bin on restore: No such file or directory"
S147dbgone__db_parse_p25,S,db_parse_p25,strict,none,rmdb,0,none,1,0,1,1304,na,na,na,na,na,na,na,restore_fail,"","","(00.063963) 2296762: Error (criu/files-reg.c:2353): Can't open file tmp/pbsprobe_db_p23878.bin on restore: No such file or directory"
S147dbgone__db_parse_p50,S,db_parse_p50,strict,none,rmdb,0,none,1,0,1,1304,na,na,na,na,na,na,na,restore_fail,"","","(00.058947) 2297135: Error (criu/files-reg.c:2353): Can't open file tmp/pbsprobe_db_p23879.bin on restore: No such file or directory"
S147dbgone__db_parse_p75,S,db_parse_p75,strict,none,rmdb,0,none,1,0,1,1300,na,na,na,na,na,na,na,restore_fail,"","","(00.078259) 2297564: Error (criu/files-reg.c:2353): Can't open file tmp/pbsprobe_db_p23880.bin on restore: No such file or directory"
S147dbgone__epg_index,S,epg_index,strict,none,rmdb,0,none,1,0,1,13596,na,na,na,na,na,na,na,restore_fail,"","","(00.069240) 2298040: Error (criu/files-reg.c:2353): Can't open file tmp/pbsprobe_db_p23881.bin on restore: No such file or directory"
S147dbgone__epg_index_p25,S,epg_index_p25,strict,none,rmdb,0,none,1,0,1,4376,na,na,na,na,na,na,na,restore_fail,"","","(00.080120) 2298772: Error (criu/files-reg.c:2353): Can't open file tmp/pbsprobe_db_p23882.bin on restore: No such file or directory"
S147dbgone__epg_index_p50,S,epg_index_p50,strict,none,rmdb,0,none,1,0,1,7452,na,na,na,na,na,na,na,restore_fail,"","","(00.086515) 2299355: Error (criu/files-reg.c:2353): Can't open file tmp/pbsprobe_db_p23883.bin on restore: No such file or directory"
S147dbgone__epg_index_p75,S,epg_index_p75,strict,none,rmdb,0,none,1,0,1,10524,na,na,na,na,na,na,na,restore_fail,"","","(00.067619) 2299987: Error (criu/files-reg.c:2353): Can't open file tmp/pbsprobe_db_p23884.bin on restore: No such file or directory"
S147dbgone__epg_text,S,epg_text,strict,none,rmdb,0,none,1,0,1,13596,na,na,na,na,na,na,na,restore_fail,"","","(00.079370) 2300671: Error (criu/files-reg.c:2353): Can't open file tmp/pbsprobe_db_p23885.bin on restore: No such file or directory"
S147dbgone__epg_reserve,S,epg_reserve,strict,none,rmdb,0,none,1,0,1,13596,na,na,na,na,na,na,na,restore_fail,"","","(00.076025) 2301462: Error (criu/files-reg.c:2353): Can't open file tmp/pbsprobe_db_p23886.bin on restore: No such file or directory"
S147dbgone__timer_armed,S,timer_armed,strict,none,rmdb,0,none,1,0,1,13596,na,na,na,na,na,na,na,restore_fail,"","","(00.072041) 2302301: Error (criu/files-reg.c:2353): Can't open file tmp/pbsprobe_db_p23887.bin on restore: No such file or directory"
S147dbgone__db_watch,S,db_watch,strict,none,rmdb,0,none,1,1,na,124,na,na,na,na,na,na,na,dump_fail,"","(00.140507) Error (criu/fsnotify.c:284): fsnotify: 	Can't dump that handle",""
S147dbgone__ready,S,ready,strict,none,rmdb,0,none,1,1,na,124,na,na,na,na,na,na,na,dump_fail,"","(00.191501) Error (criu/fsnotify.c:284): fsnotify: 	Can't dump that handle",""
S147dbgone__steady,S,steady,strict,none,rmdb,0,none,1,1,na,124,na,na,na,na,na,na,na,dump_fail,"","(00.178025) Error (criu/fsnotify.c:284): fsnotify: 	Can't dump that handle",""
S148dbswap__db_watch,S,db_watch,strict,none,rmdb_recreate,0,none,1,1,na,124,na,na,na,na,na,na,na,dump_fail,"","(00.179307) Error (criu/fsnotify.c:284): fsnotify: 	Can't dump that handle",""
S148dbswap__ready,S,ready,strict,none,rmdb_recreate,0,none,1,1,na,124,na,na,na,na,na,na,na,dump_fail,"","(00.150577) Error (criu/fsnotify.c:284): fsnotify: 	Can't dump that handle",""
S148dbswap__steady,S,steady,strict,none,rmdb_recreate,0,none,1,1,na,124,na,na,na,na,na,na,na,dump_fail,"","(00.149325) Error (criu/fsnotify.c:284): fsnotify: 	Can't dump that handle",""
S149dbtouch__db_watch,S,db_watch,strict,none,touchdb,0,none,1,1,na,124,na,na,na,na,na,na,na,dump_fail,"","(00.135919) Error (criu/fsnotify.c:284): fsnotify: 	Can't dump that handle",""
S149dbtouch__ready,S,ready,strict,none,touchdb,0,none,1,1,na,128,na,na,na,na,na,na,na,dump_fail,"","(00.136905) Error (criu/fsnotify.c:284): fsnotify: 	Can't dump that handle",""
