scenario,family,phase,criu_opts,pre_dump,post_dump,restore_mem_mib,hub_mode,verify,params,hypothesis
S001pure.stri__init,S,init,strict,none,none,0,none,resume,--db_mib 8 --index_mib 12 --parse_iters 120000 --refresh_ms 500 --refresh_kib 256 --timer 1 --timer_s 60 --watch 1 --substeps 1 --hub_conns 0,[pure 구성·strict] ok — 자원 무해 구간 전체 통과
S001pure.stri__db_open,S,db_open,strict,none,none,0,none,resume,--db_mib 8 --index_mib 12 --parse_iters 120000 --refresh_ms 500 --refresh_kib 256 --timer 1 --timer_s 60 --watch 1 --substeps 1 --hub_conns 0,[pure 구성·strict] ok — 자원 무해 구간 전체 통과
S001pure.stri__db_read,S,db_read,strict,none,none,0,none,resume,--db_mib 8 --index_mib 12 --parse_iters 120000 --refresh_ms 500 --refresh_kib 256 --timer 1 --timer_s 60 --watch 1 --substeps 1 --hub_conns 0,[pure 구성·strict] ok — 자원 무해 구간 전체 통과
S001pure.stri__db_read_p25,S,db_read_p25,strict,none,none,0,none,resume,--db_mib 8 --index_mib 12 --parse_iters 120000 --refresh_ms 500 --refresh_kib 256 --timer 1 --timer_s 60 --watch 1 --substeps 1 --hub_conns 0,[pure 구성·strict] ok — 자원 무해 구간 전체 통과
S001pure.stri__db_read_p50,S,db_read_p50,strict,none,none,0,none,resume,--db_mib 8 --index_mib 12 --parse_iters 120000 --refresh_ms 500 --refresh_kib 256 --timer 1 --timer_s 60 --watch 1 --substeps 1 --hub_conns 0,[pure 구성·strict] ok — 자원 무해 구간 전체 통과
S001pure.stri__db_read_p75,S,db_read_p75,strict,none,none,0,none,resume,--db_mib 8 --index_mib 12 --parse_iters 120000 --refresh_ms 500 --refresh_kib 256 --timer 1 --timer_s 60 --watch 1 --substeps 1 --hub_conns 0,[pure 구성·strict] ok — 자원 무해 구간 전체 통과
S001pure.stri__db_parse,S,db_parse,strict,none,none,0,none,resume,--db_mib 8 --index_mib 12 --parse_iters 120000 --refresh_ms 500 --refresh_kib 256 --timer 1 --timer_s 60 --watch 1 --substeps 1 --hub_conns 0,[pure 구성·strict] ok — 자원 무해 구간 전체 통과
S001pure.stri__db_parse_p25,S,db_parse_p25,strict,none,none,0,none,resume,--db_mib 8 --index_mib 12 --parse_iters 120000 --refresh_ms 500 --refresh_kib 256 --timer 1 --timer_s 60 --watch 1 --substeps 1 --hub_conns 0,[pure 구성·strict] ok — 자원 무해 구간 전체 통과
S001pure.stri__db_parse_p50,S,db_parse_p50,strict,none,none,0,none,resume,--db_mib 8 --index_mib 12 --parse_iters 120000 --refresh_ms 500 --refresh_kib 256 --timer 1 --timer_s 60 --watch 1 --substeps 1 --hub_conns 0,[pure 구성·strict] ok — 자원 무해 구간 전체 통과
S001pure.stri__db_parse_p75,S,db_parse_p75,strict,none,none,0,none,resume,--db_mib 8 --index_mib 12 --parse_iters 120000 --refresh_ms 500 --refresh_kib 256 --timer 1 --timer_s 60 --watch 1 --substeps 1 --hub_conns 0,[pure 구성·strict] ok — 자원 무해 구간 전체 통과
S001pure.stri__epg_index,S,epg_index,strict,none,none,0,none,resume,--db_mib 8 --index_mib 12 --parse_iters 120000 --refresh_ms 500 --refresh_kib 256 --timer 1 --timer_s 60 --watch 1 --substeps 1 --hub_conns 0,[pure 구성·strict] ok — 자원 무해 구간 전체 통과
S001pure.stri__epg_index_p25,S,epg_index_p25,strict,none,none,0,none,resume,--db_mib 8 --index_mib 12 --parse_iters 120000 --refresh_ms 500 --refresh_kib 256 --timer 1 --timer_s 60 --watch 1 --substeps 1 --hub_conns 0,[pure 구성·strict] ok — 자원 무해 구간 전체 통과
S001pure.stri__epg_index_p50,S,epg_index_p50,strict,none,none,0,none,resume,--db_mib 8 --index_mib 12 --parse_iters 120000 --refresh_ms 500 --refresh_kib 256 --timer 1 --timer_s 60 --watch 1 --substeps 1 --hub_conns 0,[pure 구성·strict] ok — 자원 무해 구간 전체 통과
S001pure.stri__epg_index_p75,S,epg_index_p75,strict,none,none,0,none,resume,--db_mib 8 --index_mib 12 --parse_iters 120000 --refresh_ms 500 --refresh_kib 256 --timer 1 --timer_s 60 --watch 1 --substeps 1 --hub_conns 0,[pure 구성·strict] ok — 자원 무해 구간 전체 통과
S001pure.stri__epg_text,S,epg_text,strict,none,none,0,none,resume,--db_mib 8 --index_mib 12 --parse_iters 120000 --refresh_ms 500 --refresh_kib 256 --timer 1 --timer_s 60 --watch 1 --substeps 1 --hub_conns 0,[pure 구성·strict] ok — 자원 무해 구간 전체 통과
S001pure.stri__epg_reserve,S,epg_reserve,strict,none,none,0,none,resume,--db_mib 8 --index_mib 12 --parse_iters 120000 --refresh_ms 500 --refresh_kib 256 --timer 1 --timer_s 60 --watch 1 --substeps 1 --hub_conns 0,[pure 구성·strict] ok — 자원 무해 구간 전체 통과
S001pure.stri__timer_armed,S,timer_armed,strict,none,none,0,none,resume,--db_mib 8 --index_mib 12 --parse_iters 120000 --refresh_ms 500 --refresh_kib 256 --timer 1 --timer_s 60 --watch 1 --substeps 1 --hub_conns 0,[pure 구성·strict] ok — 자원 무해 구간 전체 통과
S001pure.stri__db_watch,S,db_watch,strict,none,none,0,none,resume,--db_mib 8 --index_mib 12 --parse_iters 120000 --refresh_ms 500 --refresh_kib 256 --timer 1 --timer_s 60 --watch 1 --substeps 1 --hub_conns 0,[pure 구성·strict] ok — 자원 무해 구간 전체 통과
S001pure.stri__ready,S,ready,strict,none,none,0,none,"pong,stat",--db_mib 8 --index_mib 12 --parse_iters 120000 --refresh_ms 500 --refresh_kib 256 --timer 1 --timer_s 60 --watch 1 --substeps 1 --hub_conns 0,[pure 구성·strict] ok — 자원 무해 구간 전체 통과
S001pure.stri__steady,S,steady,strict,none,none,0,none,"pong,stat",--db_mib 8 --index_mib 12 --parse_iters 120000 --refresh_ms 500 --refresh_kib 256 --timer 1 --timer_s 60 --watch 1 --substeps 1 --hub_conns 0,[pure 구성·strict] ok — 자원 무해 구간 전체 통과
S002pure.ext___init,S,init,ext_unix,none,none,0,none,resume,--db_mib 8 --index_mib 12 --parse_iters 120000 --refresh_ms 500 --refresh_kib 256 --timer 1 --timer_s 60 --watch 1 --substeps 1 --hub_conns 0,[pure 구성·ext_unix] ok — 자원 무해 구간 전체 통과
S002pure.ext___db_open,S,db_open,ext_unix,none,none,0,none,resume,--db_mib 8 --index_mib 12 --parse_iters 120000 --refresh_ms 500 --refresh_kib 256 --timer 1 --timer_s 60 --watch 1 --substeps 1 --hub_conns 0,[pure 구성·ext_unix] ok — 자원 무해 구간 전체 통과
S002pure.ext___db_read,S,db_read,ext_unix,none,none,0,none,resume,--db_mib 8 --index_mib 12 --parse_iters 120000 --refresh_ms 500 --refresh_kib 256 --timer 1 --timer_s 60 --watch 1 --substeps 1 --hub_conns 0,[pure 구성·ext_unix] ok — 자원 무해 구간 전체 통과
S002pure.ext___db_read_p25,S,db_read_p25,ext_unix,none,none,0,none,resume,--db_mib 8 --index_mib 12 --parse_iters 120000 --refresh_ms 500 --refresh_kib 256 --timer 1 --timer_s 60 --watch 1 --substeps 1 --hub_conns 0,[pure 구성·ext_unix] ok — 자원 무해 구간 전체 통과
S002pure.ext___db_read_p50,S,db_read_p50,ext_unix,none,none,0,none,resume,--db_mib 8 --index_mib 12 --parse_iters 120000 --refresh_ms 500 --refresh_kib 256 --timer 1 --timer_s 60 --watch 1 --substeps 1 --hub_conns 0,[pure 구성·ext_unix] ok — 자원 무해 구간 전체 통과
S002pure.ext___db_read_p75,S,db_read_p75,ext_unix,none,none,0,none,resume,--db_mib 8 --index_mib 12 --parse_iters 120000 --refresh_ms 500 --refresh_kib 256 --timer 1 --timer_s 60 --watch 1 --substeps 1 --hub_conns 0,[pure 구성·ext_unix] ok — 자원 무해 구간 전체 통과
S002pure.ext___db_parse,S,db_parse,ext_unix,none,none,0,none,resume,--db_mib 8 --index_mib 12 --parse_iters 120000 --refresh_ms 500 --refresh_kib 256 --timer 1 --timer_s 60 --watch 1 --substeps 1 --hub_conns 0,[pure 구성·ext_unix] ok — 자원 무해 구간 전체 통과
S002pure.ext___db_parse_p25,S,db_parse_p25,ext_unix,none,none,0,none,resume,--db_mib 8 --index_mib 12 --parse_iters 120000 --refresh_ms 500 --refresh_kib 256 --timer 1 --timer_s 60 --watch 1 --substeps 1 --hub_conns 0,[pure 구성·ext_unix] ok — 자원 무해 구간 전체 통과
S002pure.ext___db_parse_p50,S,db_parse_p50,ext_unix,none,none,0,none,resume,--db_mib 8 --index_mib 12 --parse_iters 120000 --refresh_ms 500 --refresh_kib 256 --timer 1 --timer_s 60 --watch 1 --substeps 1 --hub_conns 0,[pure 구성·ext_unix] ok — 자원 무해 구간 전체 통과
S002pure.ext___db_parse_p75,S,db_parse_p75,ext_unix,none,none,0,none,resume,--db_mib 8 --index_mib 12 --parse_iters 120000 --refresh_ms 500 --refresh_kib 256 --timer 1 --timer_s 60 --watch 1 --substeps 1 --hub_conns 0,[pure 구성·ext_unix] ok — 자원 무해 구간 전체 통과
S002pure.ext___epg_index,S,epg_index,ext_unix,none,none,0,none,resume,--db_mib 8 --index_mib 12 --parse_iters 120000 --refresh_ms 500 --refresh_kib 256 --timer 1 --timer_s 60 --watch 1 --substeps 1 --hub_conns 0,[pure 구성·ext_unix] ok — 자원 무해 구간 전체 통과
S002pure.ext___epg_index_p25,S,epg_index_p25,ext_unix,none,none,0,none,resume,--db_mib 8 --index_mib 12 --parse_iters 120000 --refresh_ms 500 --refresh_kib 256 --timer 1 --timer_s 60 --watch 1 --substeps 1 --hub_conns 0,[pure 구성·ext_unix] ok — 자원 무해 구간 전체 통과
S002pure.ext___epg_index_p50,S,epg_index_p50,ext_unix,none,none,0,none,resume,--db_mib 8 --index_mib 12 --parse_iters 120000 --refresh_ms 500 --refresh_kib 256 --timer 1 --timer_s 60 --watch 1 --substeps 1 --hub_conns 0,[pure 구성·ext_unix] ok — 자원 무해 구간 전체 통과
S002pure.ext___epg_index_p75,S,epg_index_p75,ext_unix,none,none,0,none,resume,--db_mib 8 --index_mib 12 --parse_iters 120000 --refresh_ms 500 --refresh_kib 256 --timer 1 --timer_s 60 --watch 1 --substeps 1 --hub_conns 0,[pure 구성·ext_unix] ok — 자원 무해 구간 전체 통과
S002pure.ext___epg_text,S,epg_text,ext_unix,none,none,0,none,resume,--db_mib 8 --index_mib 12 --parse_iters 120000 --refresh_ms 500 --refresh_kib 256 --timer 1 --timer_s 60 --watch 1 --substeps 1 --hub_conns 0,[pure 구성·ext_unix] ok — 자원 무해 구간 전체 통과
S002pure.ext___epg_reserve,S,epg_reserve,ext_unix,none,none,0,none,resume,--db_mib 8 --index_mib 12 --parse_iters 120000 --refresh_ms 500 --refresh_kib 256 --timer 1 --timer_s 60 --watch 1 --substeps 1 --hub_conns 0,[pure 구성·ext_unix] ok — 자원 무해 구간 전체 통과
S002pure.ext___timer_armed,S,timer_armed,ext_unix,none,none,0,none,resume,--db_mib 8 --index_mib 12 --parse_iters 120000 --refresh_ms 500 --refresh_kib 256 --timer 1 --timer_s 60 --watch 1 --substeps 1 --hub_conns 0,[pure 구성·ext_unix] ok — 자원 무해 구간 전체 통과
S002pure.ext___db_watch,S,db_watch,ext_unix,none,none,0,none,resume,--db_mib 8 --index_mib 12 --parse_iters 120000 --refresh_ms 500 --refresh_kib 256 --timer 1 --timer_s 60 --watch 1 --substeps 1 --hub_conns 0,[pure 구성·ext_unix] ok — 자원 무해 구간 전체 통과
S002pure.ext___ready,S,ready,ext_unix,none,none,0,none,"pong,stat",--db_mib 8 --index_mib 12 --parse_iters 120000 --refresh_ms 500 --refresh_kib 256 --timer 1 --timer_s 60 --watch 1 --substeps 1 --hub_conns 0,[pure 구성·ext_unix] ok — 자원 무해 구간 전체 통과
S002pure.ext___steady,S,steady,ext_unix,none,none,0,none,"pong,stat",--db_mib 8 --index_mib 12 --parse_iters 120000 --refresh_ms 500 --refresh_kib 256 --timer 1 --timer_s 60 --watch 1 --substeps 1 --hub_conns 0,[pure 구성·ext_unix] ok — 자원 무해 구간 전체 통과
S003pure.tcp___init,S,init,tcp_est,none,none,0,none,resume,--db_mib 8 --index_mib 12 --parse_iters 120000 --refresh_ms 500 --refresh_kib 256 --timer 1 --timer_s 60 --watch 1 --substeps 1 --hub_conns 0,[pure 구성·tcp_est] ok — 자원 무해 구간 전체 통과
S003pure.tcp___db_open,S,db_open,tcp_est,none,none,0,none,resume,--db_mib 8 --index_mib 12 --parse_iters 120000 --refresh_ms 500 --refresh_kib 256 --timer 1 --timer_s 60 --watch 1 --substeps 1 --hub_conns 0,[pure 구성·tcp_est] ok — 자원 무해 구간 전체 통과
S003pure.tcp___db_read,S,db_read,tcp_est,none,none,0,none,resume,--db_mib 8 --index_mib 12 --parse_iters 120000 --refresh_ms 500 --refresh_kib 256 --timer 1 --timer_s 60 --watch 1 --substeps 1 --hub_conns 0,[pure 구성·tcp_est] ok — 자원 무해 구간 전체 통과
S003pure.tcp___db_read_p25,S,db_read_p25,tcp_est,none,none,0,none,resume,--db_mib 8 --index_mib 12 --parse_iters 120000 --refresh_ms 500 --refresh_kib 256 --timer 1 --timer_s 60 --watch 1 --substeps 1 --hub_conns 0,[pure 구성·tcp_est] ok — 자원 무해 구간 전체 통과
S003pure.tcp___db_read_p50,S,db_read_p50,tcp_est,none,none,0,none,resume,--db_mib 8 --index_mib 12 --parse_iters 120000 --refresh_ms 500 --refresh_kib 256 --timer 1 --timer_s 60 --watch 1 --substeps 1 --hub_conns 0,[pure 구성·tcp_est] ok — 자원 무해 구간 전체 통과
S003pure.tcp___db_read_p75,S,db_read_p75,tcp_est,none,none,0,none,resume,--db_mib 8 --index_mib 12 --parse_iters 120000 --refresh_ms 500 --refresh_kib 256 --timer 1 --timer_s 60 --watch 1 --substeps 1 --hub_conns 0,[pure 구성·tcp_est] ok — 자원 무해 구간 전체 통과
S003pure.tcp___db_parse,S,db_parse,tcp_est,none,none,0,none,resume,--db_mib 8 --index_mib 12 --parse_iters 120000 --refresh_ms 500 --refresh_kib 256 --timer 1 --timer_s 60 --watch 1 --substeps 1 --hub_conns 0,[pure 구성·tcp_est] ok — 자원 무해 구간 전체 통과
S003pure.tcp___db_parse_p25,S,db_parse_p25,tcp_est,none,none,0,none,resume,--db_mib 8 --index_mib 12 --parse_iters 120000 --refresh_ms 500 --refresh_kib 256 --timer 1 --timer_s 60 --watch 1 --substeps 1 --hub_conns 0,[pure 구성·tcp_est] ok — 자원 무해 구간 전체 통과
S003pure.tcp___db_parse_p50,S,db_parse_p50,tcp_est,none,none,0,none,resume,--db_mib 8 --index_mib 12 --parse_iters 120000 --refresh_ms 500 --refresh_kib 256 --timer 1 --timer_s 60 --watch 1 --substeps 1 --hub_conns 0,[pure 구성·tcp_est] ok — 자원 무해 구간 전체 통과
S003pure.tcp___db_parse_p75,S,db_parse_p75,tcp_est,none,none,0,none,resume,--db_mib 8 --index_mib 12 --parse_iters 120000 --refresh_ms 500 --refresh_kib 256 --timer 1 --timer_s 60 --watch 1 --substeps 1 --hub_conns 0,[pure 구성·tcp_est] ok — 자원 무해 구간 전체 통과
S003pure.tcp___epg_index,S,epg_index,tcp_est,none,none,0,none,resume,--db_mib 8 --index_mib 12 --parse_iters 120000 --refresh_ms 500 --refresh_kib 256 --timer 1 --timer_s 60 --watch 1 --substeps 1 --hub_conns 0,[pure 구성·tcp_est] ok — 자원 무해 구간 전체 통과
S003pure.tcp___epg_index_p25,S,epg_index_p25,tcp_est,none,none,0,none,resume,--db_mib 8 --index_mib 12 --parse_iters 120000 --refresh_ms 500 --refresh_kib 256 --timer 1 --timer_s 60 --watch 1 --substeps 1 --hub_conns 0,[pure 구성·tcp_est] ok — 자원 무해 구간 전체 통과
S003pure.tcp___epg_index_p50,S,epg_index_p50,tcp_est,none,none,0,none,resume,--db_mib 8 --index_mib 12 --parse_iters 120000 --refresh_ms 500 --refresh_kib 256 --timer 1 --timer_s 60 --watch 1 --substeps 1 --hub_conns 0,[pure 구성·tcp_est] ok — 자원 무해 구간 전체 통과
S003pure.tcp___epg_index_p75,S,epg_index_p75,tcp_est,none,none,0,none,resume,--db_mib 8 --index_mib 12 --parse_iters 120000 --refresh_ms 500 --refresh_kib 256 --timer 1 --timer_s 60 --watch 1 --substeps 1 --hub_conns 0,[pure 구성·tcp_est] ok — 자원 무해 구간 전체 통과
S003pure.tcp___epg_text,S,epg_text,tcp_est,none,none,0,none,resume,--db_mib 8 --index_mib 12 --parse_iters 120000 --refresh_ms 500 --refresh_kib 256 --timer 1 --timer_s 60 --watch 1 --substeps 1 --hub_conns 0,[pure 구성·tcp_est] ok — 자원 무해 구간 전체 통과
S003pure.tcp___epg_reserve,S,epg_reserve,tcp_est,none,none,0,none,resume,--db_mib 8 --index_mib 12 --parse_iters 120000 --refresh_ms 500 --refresh_kib 256 --timer 1 --timer_s 60 --watch 1 --substeps 1 --hub_conns 0,[pure 구성·tcp_est] ok — 자원 무해 구간 전체 통과
S003pure.tcp___timer_armed,S,timer_armed,tcp_est,none,none,0,none,resume,--db_mib 8 --index_mib 12 --parse_iters 120000 --refresh_ms 500 --refresh_kib 256 --timer 1 --timer_s 60 --watch 1 --substeps 1 --hub_conns 0,[pure 구성·tcp_est] ok — 자원 무해 구간 전체 통과
S003pure.tcp___db_watch,S,db_watch,tcp_est,none,none,0,none,resume,--db_mib 8 --index_mib 12 --parse_iters 120000 --refresh_ms 500 --refresh_kib 256 --timer 1 --timer_s 60 --watch 1 --substeps 1 --hub_conns 0,[pure 구성·tcp_est] ok — 자원 무해 구간 전체 통과
S003pure.tcp___ready,S,ready,tcp_est,none,none,0,none,"pong,stat",--db_mib 8 --index_mib 12 --parse_iters 120000 --refresh_ms 500 --refresh_kib 256 --timer 1 --timer_s 60 --watch 1 --substeps 1 --hub_conns 0,[pure 구성·tcp_est] ok — 자원 무해 구간 전체 통과
S003pure.tcp___steady,S,steady,tcp_est,none,none,0,none,"pong,stat",--db_mib 8 --index_mib 12 --parse_iters 120000 --refresh_ms 500 --refresh_kib 256 --timer 1 --timer_s 60 --watch 1 --substeps 1 --hub_conns 0,[pure 구성·tcp_est] ok — 자원 무해 구간 전체 통과
S004pure.file__init,S,init,filelocks,none,none,0,none,resume,--db_mib 8 --index_mib 12 --parse_iters 120000 --refresh_ms 500 --refresh_kib 256 --timer 1 --timer_s 60 --watch 1 --substeps 1 --hub_conns 0,[pure 구성·filelocks] ok — 자원 무해 구간 전체 통과
S004pure.file__db_open,S,db_open,filelocks,none,none,0,none,resume,--db_mib 8 --index_mib 12 --parse_iters 120000 --refresh_ms 500 --refresh_kib 256 --timer 1 --timer_s 60 --watch 1 --substeps 1 --hub_conns 0,[pure 구성·filelocks] ok — 자원 무해 구간 전체 통과
S004pure.file__db_read,S,db_read,filelocks,none,none,0,none,resume,--db_mib 8 --index_mib 12 --parse_iters 120000 --refresh_ms 500 --refresh_kib 256 --timer 1 --timer_s 60 --watch 1 --substeps 1 --hub_conns 0,[pure 구성·filelocks] ok — 자원 무해 구간 전체 통과
S004pure.file__db_read_p25,S,db_read_p25,filelocks,none,none,0,none,resume,--db_mib 8 --index_mib 12 --parse_iters 120000 --refresh_ms 500 --refresh_kib 256 --timer 1 --timer_s 60 --watch 1 --substeps 1 --hub_conns 0,[pure 구성·filelocks] ok — 자원 무해 구간 전체 통과
S004pure.file__db_read_p50,S,db_read_p50,filelocks,none,none,0,none,resume,--db_mib 8 --index_mib 12 --parse_iters 120000 --refresh_ms 500 --refresh_kib 256 --timer 1 --timer_s 60 --watch 1 --substeps 1 --hub_conns 0,[pure 구성·filelocks] ok — 자원 무해 구간 전체 통과
S004pure.file__db_read_p75,S,db_read_p75,filelocks,none,none,0,none,resume,--db_mib 8 --index_mib 12 --parse_iters 120000 --refresh_ms 500 --refresh_kib 256 --timer 1 --timer_s 60 --watch 1 --substeps 1 --hub_conns 0,[pure 구성·filelocks] ok — 자원 무해 구간 전체 통과
S004pure.file__db_parse,S,db_parse,filelocks,none,none,0,none,resume,--db_mib 8 --index_mib 12 --parse_iters 120000 --refresh_ms 500 --refresh_kib 256 --timer 1 --timer_s 60 --watch 1 --substeps 1 --hub_conns 0,[pure 구성·filelocks] ok — 자원 무해 구간 전체 통과
S004pure.file__db_parse_p25,S,db_parse_p25,filelocks,none,none,0,none,resume,--db_mib 8 --index_mib 12 --parse_iters 120000 --refresh_ms 500 --refresh_kib 256 --timer 1 --timer_s 60 --watch 1 --substeps 1 --hub_conns 0,[pure 구성·filelocks] ok — 자원 무해 구간 전체 통과
S004pure.file__db_parse_p50,S,db_parse_p50,filelocks,none,none,0,none,resume,--db_mib 8 --index_mib 12 --parse_iters 120000 --refresh_ms 500 --refresh_kib 256 --timer 1 --timer_s 60 --watch 1 --substeps 1 --hub_conns 0,[pure 구성·filelocks] ok — 자원 무해 구간 전체 통과
S004pure.file__db_parse_p75,S,db_parse_p75,filelocks,none,none,0,none,resume,--db_mib 8 --index_mib 12 --parse_iters 120000 --refresh_ms 500 --refresh_kib 256 --timer 1 --timer_s 60 --watch 1 --substeps 1 --hub_conns 0,[pure 구성·filelocks] ok — 자원 무해 구간 전체 통과
S004pure.file__epg_index,S,epg_index,filelocks,none,none,0,none,resume,--db_mib 8 --index_mib 12 --parse_iters 120000 --refresh_ms 500 --refresh_kib 256 --timer 1 --timer_s 60 --watch 1 --substeps 1 --hub_conns 0,[pure 구성·filelocks] ok — 자원 무해 구간 전체 통과
S004pure.file__epg_index_p25,S,epg_index_p25,filelocks,none,none,0,none,resume,--db_mib 8 --index_mib 12 --parse_iters 120000 --refresh_ms 500 --refresh_kib 256 --timer 1 --timer_s 60 --watch 1 --substeps 1 --hub_conns 0,[pure 구성·filelocks] ok — 자원 무해 구간 전체 통과
S004pure.file__epg_index_p50,S,epg_index_p50,filelocks,none,none,0,none,resume,--db_mib 8 --index_mib 12 --parse_iters 120000 --refresh_ms 500 --refresh_kib 256 --timer 1 --timer_s 60 --watch 1 --substeps 1 --hub_conns 0,[pure 구성·filelocks] ok — 자원 무해 구간 전체 통과
S004pure.file__epg_index_p75,S,epg_index_p75,filelocks,none,none,0,none,resume,--db_mib 8 --index_mib 12 --parse_iters 120000 --refresh_ms 500 --refresh_kib 256 --timer 1 --timer_s 60 --watch 1 --substeps 1 --hub_conns 0,[pure 구성·filelocks] ok — 자원 무해 구간 전체 통과
S004pure.file__epg_text,S,epg_text,filelocks,none,none,0,none,resume,--db_mib 8 --index_mib 12 --parse_iters 120000 --refresh_ms 500 --refresh_kib 256 --timer 1 --timer_s 60 --watch 1 --substeps 1 --hub_conns 0,[pure 구성·filelocks] ok — 자원 무해 구간 전체 통과
S004pure.file__epg_reserve,S,epg_reserve,filelocks,none,none,0,none,resume,--db_mib 8 --index_mib 12 --parse_iters 120000 --refresh_ms 500 --refresh_kib 256 --timer 1 --timer_s 60 --watch 1 --substeps 1 --hub_conns 0,[pure 구성·filelocks] ok — 자원 무해 구간 전체 통과
S004pure.file__timer_armed,S,timer_armed,filelocks,none,none,0,none,resume,--db_mib 8 --index_mib 12 --parse_iters 120000 --refresh_ms 500 --refresh_kib 256 --timer 1 --timer_s 60 --watch 1 --substeps 1 --hub_conns 0,[pure 구성·filelocks] ok — 자원 무해 구간 전체 통과
S004pure.file__db_watch,S,db_watch,filelocks,none,none,0,none,resume,--db_mib 8 --index_mib 12 --parse_iters 120000 --refresh_ms 500 --refresh_kib 256 --timer 1 --timer_s 60 --watch 1 --substeps 1 --hub_conns 0,[pure 구성·filelocks] ok — 자원 무해 구간 전체 통과
S004pure.file__ready,S,ready,filelocks,none,none,0,none,"pong,stat",--db_mib 8 --index_mib 12 --parse_iters 120000 --refresh_ms 500 --refresh_kib 256 --timer 1 --timer_s 60 --watch 1 --substeps 1 --hub_conns 0,[pure 구성·filelocks] ok — 자원 무해 구간 전체 통과
S004pure.file__steady,S,steady,filelocks,none,none,0,none,"pong,stat",--db_mib 8 --index_mib 12 --parse_iters 120000 --refresh_ms 500 --refresh_kib 256 --timer 1 --timer_s 60 --watch 1 --substeps 1 --hub_conns 0,[pure 구성·filelocks] ok — 자원 무해 구간 전체 통과
S005pure.perm__init,S,init,permissive,none,none,0,none,resume,--db_mib 8 --index_mib 12 --parse_iters 120000 --refresh_ms 500 --refresh_kib 256 --timer 1 --timer_s 60 --watch 1 --substeps 1 --hub_conns 0,[pure 구성·permissive] ok — 자원 무해 구간 전체 통과
S005pure.perm__db_open,S,db_open,permissive,none,none,0,none,resume,--db_mib 8 --index_mib 12 --parse_iters 120000 --refresh_ms 500 --refresh_kib 256 --timer 1 --timer_s 60 --watch 1 --substeps 1 --hub_conns 0,[pure 구성·permissive] ok — 자원 무해 구간 전체 통과
S005pure.perm__db_read,S,db_read,permissive,none,none,0,none,resume,--db_mib 8 --index_mib 12 --parse_iters 120000 --refresh_ms 500 --refresh_kib 256 --timer 1 --timer_s 60 --watch 1 --substeps 1 --hub_conns 0,[pure 구성·permissive] ok — 자원 무해 구간 전체 통과
S005pure.perm__db_read_p25,S,db_read_p25,permissive,none,none,0,none,resume,--db_mib 8 --index_mib 12 --parse_iters 120000 --refresh_ms 500 --refresh_kib 256 --timer 1 --timer_s 60 --watch 1 --substeps 1 --hub_conns 0,[pure 구성·permissive] ok — 자원 무해 구간 전체 통과
S005pure.perm__db_read_p50,S,db_read_p50,permissive,none,none,0,none,resume,--db_mib 8 --index_mib 12 --parse_iters 120000 --refresh_ms 500 --refresh_kib 256 --timer 1 --timer_s 60 --watch 1 --substeps 1 --hub_conns 0,[pure 구성·permissive] ok — 자원 무해 구간 전체 통과
S005pure.perm__db_read_p75,S,db_read_p75,permissive,none,none,0,none,resume,--db_mib 8 --index_mib 12 --parse_iters 120000 --refresh_ms 500 --refresh_kib 256 --timer 1 --timer_s 60 --watch 1 --substeps 1 --hub_conns 0,[pure 구성·permissive] ok — 자원 무해 구간 전체 통과
S005pure.perm__db_parse,S,db_parse,permissive,none,none,0,none,resume,--db_mib 8 --index_mib 12 --parse_iters 120000 --refresh_ms 500 --refresh_kib 256 --timer 1 --timer_s 60 --watch 1 --substeps 1 --hub_conns 0,[pure 구성·permissive] ok — 자원 무해 구간 전체 통과
S005pure.perm__db_parse_p25,S,db_parse_p25,permissive,none,none,0,none,resume,--db_mib 8 --index_mib 12 --parse_iters 120000 --refresh_ms 500 --refresh_kib 256 --timer 1 --timer_s 60 --watch 1 --substeps 1 --hub_conns 0,[pure 구성·permissive] ok — 자원 무해 구간 전체 통과
S005pure.perm__db_parse_p50,S,db_parse_p50,permissive,none,none,0,none,resume,--db_mib 8 --index_mib 12 --parse_iters 120000 --refresh_ms 500 --refresh_kib 256 --timer 1 --timer_s 60 --watch 1 --substeps 1 --hub_conns 0,[pure 구성·permissive] ok — 자원 무해 구간 전체 통과
S005pure.perm__db_parse_p75,S,db_parse_p75,permissive,none,none,0,none,resume,--db_mib 8 --index_mib 12 --parse_iters 120000 --refresh_ms 500 --refresh_kib 256 --timer 1 --timer_s 60 --watch 1 --substeps 1 --hub_conns 0,[pure 구성·permissive] ok — 자원 무해 구간 전체 통과
S005pure.perm__epg_index,S,epg_index,permissive,none,none,0,none,resume,--db_mib 8 --index_mib 12 --parse_iters 120000 --refresh_ms 500 --refresh_kib 256 --timer 1 --timer_s 60 --watch 1 --substeps 1 --hub_conns 0,[pure 구성·permissive] ok — 자원 무해 구간 전체 통과
S005pure.perm__epg_index_p25,S,epg_index_p25,permissive,none,none,0,none,resume,--db_mib 8 --index_mib 12 --parse_iters 120000 --refresh_ms 500 --refresh_kib 256 --timer 1 --timer_s 60 --watch 1 --substeps 1 --hub_conns 0,[pure 구성·permissive] ok — 자원 무해 구간 전체 통과
S005pure.perm__epg_index_p50,S,epg_index_p50,permissive,none,none,0,none,resume,--db_mib 8 --index_mib 12 --parse_iters 120000 --refresh_ms 500 --refresh_kib 256 --timer 1 --timer_s 60 --watch 1 --substeps 1 --hub_conns 0,[pure 구성·permissive] ok — 자원 무해 구간 전체 통과
S005pure.perm__epg_index_p75,S,epg_index_p75,permissive,none,none,0,none,resume,--db_mib 8 --index_mib 12 --parse_iters 120000 --refresh_ms 500 --refresh_kib 256 --timer 1 --timer_s 60 --watch 1 --substeps 1 --hub_conns 0,[pure 구성·permissive] ok — 자원 무해 구간 전체 통과
S005pure.perm__epg_text,S,epg_text,permissive,none,none,0,none,resume,--db_mib 8 --index_mib 12 --parse_iters 120000 --refresh_ms 500 --refresh_kib 256 --timer 1 --timer_s 60 --watch 1 --substeps 1 --hub_conns 0,[pure 구성·permissive] ok — 자원 무해 구간 전체 통과
S005pure.perm__epg_reserve,S,epg_reserve,permissive,none,none,0,none,resume,--db_mib 8 --index_mib 12 --parse_iters 120000 --refresh_ms 500 --refresh_kib 256 --timer 1 --timer_s 60 --watch 1 --substeps 1 --hub_conns 0,[pure 구성·permissive] ok — 자원 무해 구간 전체 통과
S005pure.perm__timer_armed,S,timer_armed,permissive,none,none,0,none,resume,--db_mib 8 --index_mib 12 --parse_iters 120000 --refresh_ms 500 --refresh_kib 256 --timer 1 --timer_s 60 --watch 1 --substeps 1 --hub_conns 0,[pure 구성·permissive] ok — 자원 무해 구간 전체 통과
S005pure.perm__db_watch,S,db_watch,permissive,none,none,0,none,resume,--db_mib 8 --index_mib 12 --parse_iters 120000 --refresh_ms 500 --refresh_kib 256 --timer 1 --timer_s 60 --watch 1 --substeps 1 --hub_conns 0,[pure 구성·permissive] ok — 자원 무해 구간 전체 통과
S005pure.perm__ready,S,ready,permissive,none,none,0,none,"pong,stat",--db_mib 8 --index_mib 12 --parse_iters 120000 --refresh_ms 500 --refresh_kib 256 --timer 1 --timer_s 60 --watch 1 --substeps 1 --hub_conns 0,[pure 구성·permissive] ok — 자원 무해 구간 전체 통과
S005pure.perm__steady,S,steady,permissive,none,none,0,none,"pong,stat",--db_mib 8 --index_mib 12 --parse_iters 120000 --refresh_ms 500 --refresh_kib 256 --timer 1 --timer_s 60 --watch 1 --substeps 1 --hub_conns 0,[pure 구성·permissive] ok — 자원 무해 구간 전체 통과
S006hub1.stri__init,S,init,strict,none,none,0,normal,resume,--db_mib 8 --index_mib 12 --parse_iters 120000 --refresh_ms 500 --refresh_kib 256 --timer 1 --timer_s 60 --watch 1 --substeps 1 --hub_conns 1 --hub_pending 8,[hub1 구성·strict] ok — 이 라인의 자원은 해당 옵션에서 무해
S006hub1.stri__db_open,S,db_open,strict,none,none,0,normal,resume,--db_mib 8 --index_mib 12 --parse_iters 120000 --refresh_ms 500 --refresh_kib 256 --timer 1 --timer_s 60 --watch 1 --substeps 1 --hub_conns 1 --hub_pending 8,[hub1 구성·strict] ok — 이 라인의 자원은 해당 옵션에서 무해
S006hub1.stri__db_read,S,db_read,strict,none,none,0,normal,resume,--db_mib 8 --index_mib 12 --parse_iters 120000 --refresh_ms 500 --refresh_kib 256 --timer 1 --timer_s 60 --watch 1 --substeps 1 --hub_conns 1 --hub_pending 8,[hub1 구성·strict] ok — 이 라인의 자원은 해당 옵션에서 무해
S006hub1.stri__db_read_p25,S,db_read_p25,strict,none,none,0,normal,resume,--db_mib 8 --index_mib 12 --parse_iters 120000 --refresh_ms 500 --refresh_kib 256 --timer 1 --timer_s 60 --watch 1 --substeps 1 --hub_conns 1 --hub_pending 8,[hub1 구성·strict] ok — 이 라인의 자원은 해당 옵션에서 무해
S006hub1.stri__db_read_p50,S,db_read_p50,strict,none,none,0,normal,resume,--db_mib 8 --index_mib 12 --parse_iters 120000 --refresh_ms 500 --refresh_kib 256 --timer 1 --timer_s 60 --watch 1 --substeps 1 --hub_conns 1 --hub_pending 8,[hub1 구성·strict] ok — 이 라인의 자원은 해당 옵션에서 무해
S006hub1.stri__db_read_p75,S,db_read_p75,strict,none,none,0,normal,resume,--db_mib 8 --index_mib 12 --parse_iters 120000 --refresh_ms 500 --refresh_kib 256 --timer 1 --timer_s 60 --watch 1 --substeps 1 --hub_conns 1 --hub_pending 8,[hub1 구성·strict] ok — 이 라인의 자원은 해당 옵션에서 무해
S006hub1.stri__db_parse,S,db_parse,strict,none,none,0,normal,resume,--db_mib 8 --index_mib 12 --parse_iters 120000 --refresh_ms 500 --refresh_kib 256 --timer 1 --timer_s 60 --watch 1 --substeps 1 --hub_conns 1 --hub_pending 8,[hub1 구성·strict] ok — 이 라인의 자원은 해당 옵션에서 무해
S006hub1.stri__db_parse_p25,S,db_parse_p25,strict,none,none,0,normal,resume,--db_mib 8 --index_mib 12 --parse_iters 120000 --refresh_ms 500 --refresh_kib 256 --timer 1 --timer_s 60 --watch 1 --substeps 1 --hub_conns 1 --hub_pending 8,[hub1 구성·strict] ok — 이 라인의 자원은 해당 옵션에서 무해
S006hub1.stri__db_parse_p50,S,db_parse_p50,strict,none,none,0,normal,resume,--db_mib 8 --index_mib 12 --parse_iters 120000 --refresh_ms 500 --refresh_kib 256 --timer 1 --timer_s 60 --watch 1 --substeps 1 --hub_conns 1 --hub_pending 8,[hub1 구성·strict] ok — 이 라인의 자원은 해당 옵션에서 무해
S006hub1.stri__db_parse_p75,S,db_parse_p75,strict,none,none,0,normal,resume,--db_mib 8 --index_mib 12 --parse_iters 120000 --refresh_ms 500 --refresh_kib 256 --timer 1 --timer_s 60 --watch 1 --substeps 1 --hub_conns 1 --hub_pending 8,[hub1 구성·strict] ok — 이 라인의 자원은 해당 옵션에서 무해
S006hub1.stri__epg_index,S,epg_index,strict,none,none,0,normal,resume,--db_mib 8 --index_mib 12 --parse_iters 120000 --refresh_ms 500 --refresh_kib 256 --timer 1 --timer_s 60 --watch 1 --substeps 1 --hub_conns 1 --hub_pending 8,[hub1 구성·strict] ok — 이 라인의 자원은 해당 옵션에서 무해
S006hub1.stri__epg_index_p25,S,epg_index_p25,strict,none,none,0,normal,resume,--db_mib 8 --index_mib 12 --parse_iters 120000 --refresh_ms 500 --refresh_kib 256 --timer 1 --timer_s 60 --watch 1 --substeps 1 --hub_conns 1 --hub_pending 8,[hub1 구성·strict] ok — 이 라인의 자원은 해당 옵션에서 무해
S006hub1.stri__epg_index_p50,S,epg_index_p50,strict,none,none,0,normal,resume,--db_mib 8 --index_mib 12 --parse_iters 120000 --refresh_ms 500 --refresh_kib 256 --timer 1 --timer_s 60 --watch 1 --substeps 1 --hub_conns 1 --hub_pending 8,[hub1 구성·strict] ok — 이 라인의 자원은 해당 옵션에서 무해
S006hub1.stri__epg_index_p75,S,epg_index_p75,strict,none,none,0,normal,resume,--db_mib 8 --index_mib 12 --parse_iters 120000 --refresh_ms 500 --refresh_kib 256 --timer 1 --timer_s 60 --watch 1 --substeps 1 --hub_conns 1 --hub_pending 8,[hub1 구성·strict] ok — 이 라인의 자원은 해당 옵션에서 무해
S006hub1.stri__epg_text,S,epg_text,strict,none,none,0,normal,resume,--db_mib 8 --index_mib 12 --parse_iters 120000 --refresh_ms 500 --refresh_kib 256 --timer 1 --timer_s 60 --watch 1 --substeps 1 --hub_conns 1 --hub_pending 8,[hub1 구성·strict] ok — 이 라인의 자원은 해당 옵션에서 무해
S006hub1.stri__epg_reserve,S,epg_reserve,strict,none,none,0,normal,resume,--db_mib 8 --index_mib 12 --parse_iters 120000 --refresh_ms 500 --refresh_kib 256 --timer 1 --timer_s 60 --watch 1 --substeps 1 --hub_conns 1 --hub_pending 8,[hub1 구성·strict] ok — 이 라인의 자원은 해당 옵션에서 무해
S006hub1.stri__hub_conn1,S,hub_conn1,strict,none,none,0,normal,resume,--db_mib 8 --index_mib 12 --parse_iters 120000 --refresh_ms 500 --refresh_kib 256 --timer 1 --timer_s 60 --watch 1 --substeps 1 --hub_conns 1 --hub_pending 8,"[hub1 구성·strict] dump_fail — hub established는 옵션 불가 (경계선 2, 처방만이 답)"
S006hub1.stri__hub_subscribed,S,hub_subscribed,strict,none,none,0,normal,resume,--db_mib 8 --index_mib 12 --parse_iters 120000 --refresh_ms 500 --refresh_kib 256 --timer 1 --timer_s 60 --watch 1 --substeps 1 --hub_conns 1 --hub_pending 8,"[hub1 구성·strict] dump_fail — hub established는 옵션 불가 (경계선 2, 처방만이 답)"
S006hub1.stri__timer_armed,S,timer_armed,strict,none,none,0,normal,resume,--db_mib 8 --index_mib 12 --parse_iters 120000 --refresh_ms 500 --refresh_kib 256 --timer 1 --timer_s 60 --watch 1 --substeps 1 --hub_conns 1 --hub_pending 8,"[hub1 구성·strict] dump_fail — hub established는 옵션 불가 (경계선 2, 처방만이 답)"
S006hub1.stri__db_watch,S,db_watch,strict,none,none,0,normal,resume,--db_mib 8 --index_mib 12 --parse_iters 120000 --refresh_ms 500 --refresh_kib 256 --timer 1 --timer_s 60 --watch 1 --substeps 1 --hub_conns 1 --hub_pending 8,"[hub1 구성·strict] dump_fail — hub established는 옵션 불가 (경계선 2, 처방만이 답)"
S006hub1.stri__ready,S,ready,strict,none,none,0,normal,"pong,stat",--db_mib 8 --index_mib 12 --parse_iters 120000 --refresh_ms 500 --refresh_kib 256 --timer 1 --timer_s 60 --watch 1 --substeps 1 --hub_conns 1 --hub_pending 8,"[hub1 구성·strict] dump_fail — hub established는 옵션 불가 (경계선 2, 처방만이 답)"
S006hub1.stri__steady,S,steady,strict,none,none,0,normal,"pong,stat",--db_mib 8 --index_mib 12 --parse_iters 120000 --refresh_ms 500 --refresh_kib 256 --timer 1 --timer_s 60 --watch 1 --substeps 1 --hub_conns 1 --hub_pending 8,"[hub1 구성·strict] dump_fail — hub established는 옵션 불가 (경계선 2, 처방만이 답)"
S007hub1.ext___init,S,init,ext_unix,none,none,0,normal,resume,--db_mib 8 --index_mib 12 --parse_iters 120000 --refresh_ms 500 --refresh_kib 256 --timer 1 --timer_s 60 --watch 1 --substeps 1 --hub_conns 1 --hub_pending 8,[hub1 구성·ext_unix] ok — 이 라인의 자원은 해당 옵션에서 무해
S007hub1.ext___db_open,S,db_open,ext_unix,none,none,0,normal,resume,--db_mib 8 --index_mib 12 --parse_iters 120000 --refresh_ms 500 --refresh_kib 256 --timer 1 --timer_s 60 --watch 1 --substeps 1 --hub_conns 1 --hub_pending 8,[hub1 구성·ext_unix] ok — 이 라인의 자원은 해당 옵션에서 무해
S007hub1.ext___db_read,S,db_read,ext_unix,none,none,0,normal,resume,--db_mib 8 --index_mib 12 --parse_iters 120000 --refresh_ms 500 --refresh_kib 256 --timer 1 --timer_s 60 --watch 1 --substeps 1 --hub_conns 1 --hub_pending 8,[hub1 구성·ext_unix] ok — 이 라인의 자원은 해당 옵션에서 무해
S007hub1.ext___db_read_p25,S,db_read_p25,ext_unix,none,none,0,normal,resume,--db_mib 8 --index_mib 12 --parse_iters 120000 --refresh_ms 500 --refresh_kib 256 --timer 1 --timer_s 60 --watch 1 --substeps 1 --hub_conns 1 --hub_pending 8,[hub1 구성·ext_unix] ok — 이 라인의 자원은 해당 옵션에서 무해
S007hub1.ext___db_read_p50,S,db_read_p50,ext_unix,none,none,0,normal,resume,--db_mib 8 --index_mib 12 --parse_iters 120000 --refresh_ms 500 --refresh_kib 256 --timer 1 --timer_s 60 --watch 1 --substeps 1 --hub_conns 1 --hub_pending 8,[hub1 구성·ext_unix] ok — 이 라인의 자원은 해당 옵션에서 무해
S007hub1.ext___db_read_p75,S,db_read_p75,ext_unix,none,none,0,normal,resume,--db_mib 8 --index_mib 12 --parse_iters 120000 --refresh_ms 500 --refresh_kib 256 --timer 1 --timer_s 60 --watch 1 --substeps 1 --hub_conns 1 --hub_pending 8,[hub1 구성·ext_unix] ok — 이 라인의 자원은 해당 옵션에서 무해
S007hub1.ext___db_parse,S,db_parse,ext_unix,none,none,0,normal,resume,--db_mib 8 --index_mib 12 --parse_iters 120000 --refresh_ms 500 --refresh_kib 256 --timer 1 --timer_s 60 --watch 1 --substeps 1 --hub_conns 1 --hub_pending 8,[hub1 구성·ext_unix] ok — 이 라인의 자원은 해당 옵션에서 무해
S007hub1.ext___db_parse_p25,S,db_parse_p25,ext_unix,none,none,0,normal,resume,--db_mib 8 --index_mib 12 --parse_iters 120000 --refresh_ms 500 --refresh_kib 256 --timer 1 --timer_s 60 --watch 1 --substeps 1 --hub_conns 1 --hub_pending 8,[hub1 구성·ext_unix] ok — 이 라인의 자원은 해당 옵션에서 무해
S007hub1.ext___db_parse_p50,S,db_parse_p50,ext_unix,none,none,0,normal,resume,--db_mib 8 --index_mib 12 --parse_iters 120000 --refresh_ms 500 --refresh_kib 256 --timer 1 --timer_s 60 --watch 1 --substeps 1 --hub_conns 1 --hub_pending 8,[hub1 구성·ext_unix] ok — 이 라인의 자원은 해당 옵션에서 무해
S007hub1.ext___db_parse_p75,S,db_parse_p75,ext_unix,none,none,0,normal,resume,--db_mib 8 --index_mib 12 --parse_iters 120000 --refresh_ms 500 --refresh_kib 256 --timer 1 --timer_s 60 --watch 1 --substeps 1 --hub_conns 1 --hub_pending 8,[hub1 구성·ext_unix] ok — 이 라인의 자원은 해당 옵션에서 무해
S007hub1.ext___epg_index,S,epg_index,ext_unix,none,none,0,normal,resume,--db_mib 8 --index_mib 12 --parse_iters 120000 --refresh_ms 500 --refresh_kib 256 --timer 1 --timer_s 60 --watch 1 --substeps 1 --hub_conns 1 --hub_pending 8,[hub1 구성·ext_unix] ok — 이 라인의 자원은 해당 옵션에서 무해
S007hub1.ext___epg_index_p25,S,epg_index_p25,ext_unix,none,none,0,normal,resume,--db_mib 8 --index_mib 12 --parse_iters 120000 --refresh_ms 500 --refresh_kib 256 --timer 1 --timer_s 60 --watch 1 --substeps 1 --hub_conns 1 --hub_pending 8,[hub1 구성·ext_unix] ok — 이 라인의 자원은 해당 옵션에서 무해
S007hub1.ext___epg_index_p50,S,epg_index_p50,ext_unix,none,none,0,normal,resume,--db_mib 8 --index_mib 12 --parse_iters 120000 --refresh_ms 500 --refresh_kib 256 --timer 1 --timer_s 60 --watch 1 --substeps 1 --hub_conns 1 --hub_pending 8,[hub1 구성·ext_unix] ok — 이 라인의 자원은 해당 옵션에서 무해
S007hub1.ext___epg_index_p75,S,epg_index_p75,ext_unix,none,none,0,normal,resume,--db_mib 8 --index_mib 12 --parse_iters 120000 --refresh_ms 500 --refresh_kib 256 --timer 1 --timer_s 60 --watch 1 --substeps 1 --hub_conns 1 --hub_pending 8,[hub1 구성·ext_unix] ok — 이 라인의 자원은 해당 옵션에서 무해
S007hub1.ext___epg_text,S,epg_text,ext_unix,none,none,0,normal,resume,--db_mib 8 --index_mib 12 --parse_iters 120000 --refresh_ms 500 --refresh_kib 256 --timer 1 --timer_s 60 --watch 1 --substeps 1 --hub_conns 1 --hub_pending 8,[hub1 구성·ext_unix] ok — 이 라인의 자원은 해당 옵션에서 무해
S007hub1.ext___epg_reserve,S,epg_reserve,ext_unix,none,none,0,normal,resume,--db_mib 8 --index_mib 12 --parse_iters 120000 --refresh_ms 500 --refresh_kib 256 --timer 1 --timer_s 60 --watch 1 --substeps 1 --hub_conns 1 --hub_pending 8,[hub1 구성·ext_unix] ok — 이 라인의 자원은 해당 옵션에서 무해
S007hub1.ext___hub_conn1,S,hub_conn1,ext_unix,none,none,0,normal,resume,--db_mib 8 --index_mib 12 --parse_iters 120000 --refresh_ms 500 --refresh_kib 256 --timer 1 --timer_s 60 --watch 1 --substeps 1 --hub_conns 1 --hub_pending 8,"[hub1 구성·ext_unix] dump_fail — hub established는 옵션 불가 (경계선 2, 처방만이 답)"
S007hub1.ext___hub_subscribed,S,hub_subscribed,ext_unix,none,none,0,normal,resume,--db_mib 8 --index_mib 12 --parse_iters 120000 --refresh_ms 500 --refresh_kib 256 --timer 1 --timer_s 60 --watch 1 --substeps 1 --hub_conns 1 --hub_pending 8,"[hub1 구성·ext_unix] dump_fail — hub established는 옵션 불가 (경계선 2, 처방만이 답)"
S007hub1.ext___timer_armed,S,timer_armed,ext_unix,none,none,0,normal,resume,--db_mib 8 --index_mib 12 --parse_iters 120000 --refresh_ms 500 --refresh_kib 256 --timer 1 --timer_s 60 --watch 1 --substeps 1 --hub_conns 1 --hub_pending 8,"[hub1 구성·ext_unix] dump_fail — hub established는 옵션 불가 (경계선 2, 처방만이 답)"
S007hub1.ext___db_watch,S,db_watch,ext_unix,none,none,0,normal,resume,--db_mib 8 --index_mib 12 --parse_iters 120000 --refresh_ms 500 --refresh_kib 256 --timer 1 --timer_s 60 --watch 1 --substeps 1 --hub_conns 1 --hub_pending 8,"[hub1 구성·ext_unix] dump_fail — hub established는 옵션 불가 (경계선 2, 처방만이 답)"
S007hub1.ext___ready,S,ready,ext_unix,none,none,0,normal,"pong,stat",--db_mib 8 --index_mib 12 --parse_iters 120000 --refresh_ms 500 --refresh_kib 256 --timer 1 --timer_s 60 --watch 1 --substeps 1 --hub_conns 1 --hub_pending 8,"[hub1 구성·ext_unix] dump_fail — hub established는 옵션 불가 (경계선 2, 처방만이 답)"
S007hub1.ext___steady,S,steady,ext_unix,none,none,0,normal,"pong,stat",--db_mib 8 --index_mib 12 --parse_iters 120000 --refresh_ms 500 --refresh_kib 256 --timer 1 --timer_s 60 --watch 1 --substeps 1 --hub_conns 1 --hub_pending 8,"[hub1 구성·ext_unix] dump_fail — hub established는 옵션 불가 (경계선 2, 처방만이 답)"
S008hub1.tcp___init,S,init,tcp_est,none,none,0,normal,resume,--db_mib 8 --index_mib 12 --parse_iters 120000 --refresh_ms 500 --refresh_kib 256 --timer 1 --timer_s 60 --watch 1 --substeps 1 --hub_conns 1 --hub_pending 8,[hub1 구성·tcp_est] ok — 이 라인의 자원은 해당 옵션에서 무해
S008hub1.tcp___db_open,S,db_open,tcp_est,none,none,0,normal,resume,--db_mib 8 --index_mib 12 --parse_iters 120000 --refresh_ms 500 --refresh_kib 256 --timer 1 --timer_s 60 --watch 1 --substeps 1 --hub_conns 1 --hub_pending 8,[hub1 구성·tcp_est] ok — 이 라인의 자원은 해당 옵션에서 무해
S008hub1.tcp___db_read,S,db_read,tcp_est,none,none,0,normal,resume,--db_mib 8 --index_mib 12 --parse_iters 120000 --refresh_ms 500 --refresh_kib 256 --timer 1 --timer_s 60 --watch 1 --substeps 1 --hub_conns 1 --hub_pending 8,[hub1 구성·tcp_est] ok — 이 라인의 자원은 해당 옵션에서 무해
S008hub1.tcp___db_read_p25,S,db_read_p25,tcp_est,none,none,0,normal,resume,--db_mib 8 --index_mib 12 --parse_iters 120000 --refresh_ms 500 --refresh_kib 256 --timer 1 --timer_s 60 --watch 1 --substeps 1 --hub_conns 1 --hub_pending 8,[hub1 구성·tcp_est] ok — 이 라인의 자원은 해당 옵션에서 무해
S008hub1.tcp___db_read_p50,S,db_read_p50,tcp_est,none,none,0,normal,resume,--db_mib 8 --index_mib 12 --parse_iters 120000 --refresh_ms 500 --refresh_kib 256 --timer 1 --timer_s 60 --watch 1 --substeps 1 --hub_conns 1 --hub_pending 8,[hub1 구성·tcp_est] ok — 이 라인의 자원은 해당 옵션에서 무해
S008hub1.tcp___db_read_p75,S,db_read_p75,tcp_est,none,none,0,normal,resume,--db_mib 8 --index_mib 12 --parse_iters 120000 --refresh_ms 500 --refresh_kib 256 --timer 1 --timer_s 60 --watch 1 --substeps 1 --hub_conns 1 --hub_pending 8,[hub1 구성·tcp_est] ok — 이 라인의 자원은 해당 옵션에서 무해
S008hub1.tcp___db_parse,S,db_parse,tcp_est,none,none,0,normal,resume,--db_mib 8 --index_mib 12 --parse_iters 120000 --refresh_ms 500 --refresh_kib 256 --timer 1 --timer_s 60 --watch 1 --substeps 1 --hub_conns 1 --hub_pending 8,[hub1 구성·tcp_est] ok — 이 라인의 자원은 해당 옵션에서 무해
S008hub1.tcp___db_parse_p25,S,db_parse_p25,tcp_est,none,none,0,normal,resume,--db_mib 8 --index_mib 12 --parse_iters 120000 --refresh_ms 500 --refresh_kib 256 --timer 1 --timer_s 60 --watch 1 --substeps 1 --hub_conns 1 --hub_pending 8,[hub1 구성·tcp_est] ok — 이 라인의 자원은 해당 옵션에서 무해
S008hub1.tcp___db_parse_p50,S,db_parse_p50,tcp_est,none,none,0,normal,resume,--db_mib 8 --index_mib 12 --parse_iters 120000 --refresh_ms 500 --refresh_kib 256 --timer 1 --timer_s 60 --watch 1 --substeps 1 --hub_conns 1 --hub_pending 8,[hub1 구성·tcp_est] ok — 이 라인의 자원은 해당 옵션에서 무해
S008hub1.tcp___db_parse_p75,S,db_parse_p75,tcp_est,none,none,0,normal,resume,--db_mib 8 --index_mib 12 --parse_iters 120000 --refresh_ms 500 --refresh_kib 256 --timer 1 --timer_s 60 --watch 1 --substeps 1 --hub_conns 1 --hub_pending 8,[hub1 구성·tcp_est] ok — 이 라인의 자원은 해당 옵션에서 무해
S008hub1.tcp___epg_index,S,epg_index,tcp_est,none,none,0,normal,resume,--db_mib 8 --index_mib 12 --parse_iters 120000 --refresh_ms 500 --refresh_kib 256 --timer 1 --timer_s 60 --watch 1 --substeps 1 --hub_conns 1 --hub_pending 8,[hub1 구성·tcp_est] ok — 이 라인의 자원은 해당 옵션에서 무해
S008hub1.tcp___epg_index_p25,S,epg_index_p25,tcp_est,none,none,0,normal,resume,--db_mib 8 --index_mib 12 --parse_iters 120000 --refresh_ms 500 --refresh_kib 256 --timer 1 --timer_s 60 --watch 1 --substeps 1 --hub_conns 1 --hub_pending 8,[hub1 구성·tcp_est] ok — 이 라인의 자원은 해당 옵션에서 무해
S008hub1.tcp___epg_index_p50,S,epg_index_p50,tcp_est,none,none,0,normal,resume,--db_mib 8 --index_mib 12 --parse_iters 120000 --refresh_ms 500 --refresh_kib 256 --timer 1 --timer_s 60 --watch 1 --substeps 1 --hub_conns 1 --hub_pending 8,[hub1 구성·tcp_est] ok — 이 라인의 자원은 해당 옵션에서 무해
S008hub1.tcp___epg_index_p75,S,epg_index_p75,tcp_est,none,none,0,normal,resume,--db_mib 8 --index_mib 12 --parse_iters 120000 --refresh_ms 500 --refresh_kib 256 --timer 1 --timer_s 60 --watch 1 --substeps 1 --hub_conns 1 --hub_pending 8,[hub1 구성·tcp_est] ok — 이 라인의 자원은 해당 옵션에서 무해
S008hub1.tcp___epg_text,S,epg_text,tcp_est,none,none,0,normal,resume,--db_mib 8 --index_mib 12 --parse_iters 120000 --refresh_ms 500 --refresh_kib 256 --timer 1 --timer_s 60 --watch 1 --substeps 1 --hub_conns 1 --hub_pending 8,[hub1 구성·tcp_est] ok — 이 라인의 자원은 해당 옵션에서 무해
S008hub1.tcp___epg_reserve,S,epg_reserve,tcp_est,none,none,0,normal,resume,--db_mib 8 --index_mib 12 --parse_iters 120000 --refresh_ms 500 --refresh_kib 256 --timer 1 --timer_s 60 --watch 1 --substeps 1 --hub_conns 1 --hub_pending 8,[hub1 구성·tcp_est] ok — 이 라인의 자원은 해당 옵션에서 무해
S008hub1.tcp___hub_conn1,S,hub_conn1,tcp_est,none,none,0,normal,resume,--db_mib 8 --index_mib 12 --parse_iters 120000 --refresh_ms 500 --refresh_kib 256 --timer 1 --timer_s 60 --watch 1 --substeps 1 --hub_conns 1 --hub_pending 8,"[hub1 구성·tcp_est] dump_fail — hub established는 옵션 불가 (경계선 2, 처방만이 답)"
S008hub1.tcp___hub_subscribed,S,hub_subscribed,tcp_est,none,none,0,normal,resume,--db_mib 8 --index_mib 12 --parse_iters 120000 --refresh_ms 500 --refresh_kib 256 --timer 1 --timer_s 60 --watch 1 --substeps 1 --hub_conns 1 --hub_pending 8,"[hub1 구성·tcp_est] dump_fail — hub established는 옵션 불가 (경계선 2, 처방만이 답)"
S008hub1.tcp___timer_armed,S,timer_armed,tcp_est,none,none,0,normal,resume,--db_mib 8 --index_mib 12 --parse_iters 120000 --refresh_ms 500 --refresh_kib 256 --timer 1 --timer_s 60 --watch 1 --substeps 1 --hub_conns 1 --hub_pending 8,"[hub1 구성·tcp_est] dump_fail — hub established는 옵션 불가 (경계선 2, 처방만이 답)"
S008hub1.tcp___db_watch,S,db_watch,tcp_est,none,none,0,normal,resume,--db_mib 8 --index_mib 12 --parse_iters 120000 --refresh_ms 500 --refresh_kib 256 --timer 1 --timer_s 60 --watch 1 --substeps 1 --hub_conns 1 --hub_pending 8,"[hub1 구성·tcp_est] dump_fail — hub established는 옵션 불가 (경계선 2, 처방만이 답)"
S008hub1.tcp___ready,S,ready,tcp_est,none,none,0,normal,"pong,stat",--db_mib 8 --index_mib 12 --parse_iters 120000 --refresh_ms 500 --refresh_kib 256 --timer 1 --timer_s 60 --watch 1 --substeps 1 --hub_conns 1 --hub_pending 8,"[hub1 구성·tcp_est] dump_fail — hub established는 옵션 불가 (경계선 2, 처방만이 답)"
S008hub1.tcp___steady,S,steady,tcp_est,none,none,0,normal,"pong,stat",--db_mib 8 --index_mib 12 --parse_iters 120000 --refresh_ms 500 --refresh_kib 256 --timer 1 --timer_s 60 --watch 1 --substeps 1 --hub_conns 1 --hub_pending 8,"[hub1 구성·tcp_est] dump_fail — hub established는 옵션 불가 (경계선 2, 처방만이 답)"
S009hub1.file__init,S,init,filelocks,none,none,0,normal,resume,--db_mib 8 --index_mib 12 --parse_iters 120000 --refresh_ms 500 --refresh_kib 256 --timer 1 --timer_s 60 --watch 1 --substeps 1 --hub_conns 1 --hub_pending 8,[hub1 구성·filelocks] ok — 이 라인의 자원은 해당 옵션에서 무해
S009hub1.file__db_open,S,db_open,filelocks,none,none,0,normal,resume,--db_mib 8 --index_mib 12 --parse_iters 120000 --refresh_ms 500 --refresh_kib 256 --timer 1 --timer_s 60 --watch 1 --substeps 1 --hub_conns 1 --hub_pending 8,[hub1 구성·filelocks] ok — 이 라인의 자원은 해당 옵션에서 무해
S009hub1.file__db_read,S,db_read,filelocks,none,none,0,normal,resume,--db_mib 8 --index_mib 12 --parse_iters 120000 --refresh_ms 500 --refresh_kib 256 --timer 1 --timer_s 60 --watch 1 --substeps 1 --hub_conns 1 --hub_pending 8,[hub1 구성·filelocks] ok — 이 라인의 자원은 해당 옵션에서 무해
S009hub1.file__db_read_p25,S,db_read_p25,filelocks,none,none,0,normal,resume,--db_mib 8 --index_mib 12 --parse_iters 120000 --refresh_ms 500 --refresh_kib 256 --timer 1 --timer_s 60 --watch 1 --substeps 1 --hub_conns 1 --hub_pending 8,[hub1 구성·filelocks] ok — 이 라인의 자원은 해당 옵션에서 무해
S009hub1.file__db_read_p50,S,db_read_p50,filelocks,none,none,0,normal,resume,--db_mib 8 --index_mib 12 --parse_iters 120000 --refresh_ms 500 --refresh_kib 256 --timer 1 --timer_s 60 --watch 1 --substeps 1 --hub_conns 1 --hub_pending 8,[hub1 구성·filelocks] ok — 이 라인의 자원은 해당 옵션에서 무해
S009hub1.file__db_read_p75,S,db_read_p75,filelocks,none,none,0,normal,resume,--db_mib 8 --index_mib 12 --parse_iters 120000 --refresh_ms 500 --refresh_kib 256 --timer 1 --timer_s 60 --watch 1 --substeps 1 --hub_conns 1 --hub_pending 8,[hub1 구성·filelocks] ok — 이 라인의 자원은 해당 옵션에서 무해
S009hub1.file__db_parse,S,db_parse,filelocks,none,none,0,normal,resume,--db_mib 8 --index_mib 12 --parse_iters 120000 --refresh_ms 500 --refresh_kib 256 --timer 1 --timer_s 60 --watch 1 --substeps 1 --hub_conns 1 --hub_pending 8,[hub1 구성·filelocks] ok — 이 라인의 자원은 해당 옵션에서 무해
S009hub1.file__db_parse_p25,S,db_parse_p25,filelocks,none,none,0,normal,resume,--db_mib 8 --index_mib 12 --parse_iters 120000 --refresh_ms 500 --refresh_kib 256 --timer 1 --timer_s 60 --watch 1 --substeps 1 --hub_conns 1 --hub_pending 8,[hub1 구성·filelocks] ok — 이 라인의 자원은 해당 옵션에서 무해
S009hub1.file__db_parse_p50,S,db_parse_p50,filelocks,none,none,0,normal,resume,--db_mib 8 --index_mib 12 --parse_iters 120000 --refresh_ms 500 --refresh_kib 256 --timer 1 --timer_s 60 --watch 1 --substeps 1 --hub_conns 1 --hub_pending 8,[hub1 구성·filelocks] ok — 이 라인의 자원은 해당 옵션에서 무해
S009hub1.file__db_parse_p75,S,db_parse_p75,filelocks,none,none,0,normal,resume,--db_mib 8 --index_mib 12 --parse_iters 120000 --refresh_ms 500 --refresh_kib 256 --timer 1 --timer_s 60 --watch 1 --substeps 1 --hub_conns 1 --hub_pending 8,[hub1 구성·filelocks] ok — 이 라인의 자원은 해당 옵션에서 무해
S009hub1.file__epg_index,S,epg_index,filelocks,none,none,0,normal,resume,--db_mib 8 --index_mib 12 --parse_iters 120000 --refresh_ms 500 --refresh_kib 256 --timer 1 --timer_s 60 --watch 1 --substeps 1 --hub_conns 1 --hub_pending 8,[hub1 구성·filelocks] ok — 이 라인의 자원은 해당 옵션에서 무해
S009hub1.file__epg_index_p25,S,epg_index_p25,filelocks,none,none,0,normal,resume,--db_mib 8 --index_mib 12 --parse_iters 120000 --refresh_ms 500 --refresh_kib 256 --timer 1 --timer_s 60 --watch 1 --substeps 1 --hub_conns 1 --hub_pending 8,[hub1 구성·filelocks] ok — 이 라인의 자원은 해당 옵션에서 무해
S009hub1.file__epg_index_p50,S,epg_index_p50,filelocks,none,none,0,normal,resume,--db_mib 8 --index_mib 12 --parse_iters 120000 --refresh_ms 500 --refresh_kib 256 --timer 1 --timer_s 60 --watch 1 --substeps 1 --hub_conns 1 --hub_pending 8,[hub1 구성·filelocks] ok — 이 라인의 자원은 해당 옵션에서 무해
S009hub1.file__epg_index_p75,S,epg_index_p75,filelocks,none,none,0,normal,resume,--db_mib 8 --index_mib 12 --parse_iters 120000 --refresh_ms 500 --refresh_kib 256 --timer 1 --timer_s 60 --watch 1 --substeps 1 --hub_conns 1 --hub_pending 8,[hub1 구성·filelocks] ok — 이 라인의 자원은 해당 옵션에서 무해
S009hub1.file__epg_text,S,epg_text,filelocks,none,none,0,normal,resume,--db_mib 8 --index_mib 12 --parse_iters 120000 --refresh_ms 500 --refresh_kib 256 --timer 1 --timer_s 60 --watch 1 --substeps 1 --hub_conns 1 --hub_pending 8,[hub1 구성·filelocks] ok — 이 라인의 자원은 해당 옵션에서 무해
S009hub1.file__epg_reserve,S,epg_reserve,filelocks,none,none,0,normal,resume,--db_mib 8 --index_mib 12 --parse_iters 120000 --refresh_ms 500 --refresh_kib 256 --timer 1 --timer_s 60 --watch 1 --substeps 1 --hub_conns 1 --hub_pending 8,[hub1 구성·filelocks] ok — 이 라인의 자원은 해당 옵션에서 무해
S009hub1.file__hub_conn1,S,hub_conn1,filelocks,none,none,0,normal,resume,--db_mib 8 --index_mib 12 --parse_iters 120000 --refresh_ms 500 --refresh_kib 256 --timer 1 --timer_s 60 --watch 1 --substeps 1 --hub_conns 1 --hub_pending 8,"[hub1 구성·filelocks] dump_fail — hub established는 옵션 불가 (경계선 2, 처방만이 답)"
S009hub1.file__hub_subscribed,S,hub_subscribed,filelocks,none,none,0,normal,resume,--db_mib 8 --index_mib 12 --parse_iters 120000 --refresh_ms 500 --refresh_kib 256 --timer 1 --timer_s 60 --watch 1 --substeps 1 --hub_conns 1 --hub_pending 8,"[hub1 구성·filelocks] dump_fail — hub established는 옵션 불가 (경계선 2, 처방만이 답)"
S009hub1.file__timer_armed,S,timer_armed,filelocks,none,none,0,normal,resume,--db_mib 8 --index_mib 12 --parse_iters 120000 --refresh_ms 500 --refresh_kib 256 --timer 1 --timer_s 60 --watch 1 --substeps 1 --hub_conns 1 --hub_pending 8,"[hub1 구성·filelocks] dump_fail — hub established는 옵션 불가 (경계선 2, 처방만이 답)"
S009hub1.file__db_watch,S,db_watch,filelocks,none,none,0,normal,resume,--db_mib 8 --index_mib 12 --parse_iters 120000 --refresh_ms 500 --refresh_kib 256 --timer 1 --timer_s 60 --watch 1 --substeps 1 --hub_conns 1 --hub_pending 8,"[hub1 구성·filelocks] dump_fail — hub established는 옵션 불가 (경계선 2, 처방만이 답)"
S009hub1.file__ready,S,ready,filelocks,none,none,0,normal,"pong,stat",--db_mib 8 --index_mib 12 --parse_iters 120000 --refresh_ms 500 --refresh_kib 256 --timer 1 --timer_s 60 --watch 1 --substeps 1 --hub_conns 1 --hub_pending 8,"[hub1 구성·filelocks] dump_fail — hub established는 옵션 불가 (경계선 2, 처방만이 답)"
S009hub1.file__steady,S,steady,filelocks,none,none,0,normal,"pong,stat",--db_mib 8 --index_mib 12 --parse_iters 120000 --refresh_ms 500 --refresh_kib 256 --timer 1 --timer_s 60 --watch 1 --substeps 1 --hub_conns 1 --hub_pending 8,"[hub1 구성·filelocks] dump_fail — hub established는 옵션 불가 (경계선 2, 처방만이 답)"
S010hub1.perm__init,S,init,permissive,none,none,0,normal,resume,--db_mib 8 --index_mib 12 --parse_iters 120000 --refresh_ms 500 --refresh_kib 256 --timer 1 --timer_s 60 --watch 1 --substeps 1 --hub_conns 1 --hub_pending 8,[hub1 구성·permissive] ok — 이 라인의 자원은 해당 옵션에서 무해
S010hub1.perm__db_open,S,db_open,permissive,none,none,0,normal,resume,--db_mib 8 --index_mib 12 --parse_iters 120000 --refresh_ms 500 --refresh_kib 256 --timer 1 --timer_s 60 --watch 1 --substeps 1 --hub_conns 1 --hub_pending 8,[hub1 구성·permissive] ok — 이 라인의 자원은 해당 옵션에서 무해
S010hub1.perm__db_read,S,db_read,permissive,none,none,0,normal,resume,--db_mib 8 --index_mib 12 --parse_iters 120000 --refresh_ms 500 --refresh_kib 256 --timer 1 --timer_s 60 --watch 1 --substeps 1 --hub_conns 1 --hub_pending 8,[hub1 구성·permissive] ok — 이 라인의 자원은 해당 옵션에서 무해
S010hub1.perm__db_read_p25,S,db_read_p25,permissive,none,none,0,normal,resume,--db_mib 8 --index_mib 12 --parse_iters 120000 --refresh_ms 500 --refresh_kib 256 --timer 1 --timer_s 60 --watch 1 --substeps 1 --hub_conns 1 --hub_pending 8,[hub1 구성·permissive] ok — 이 라인의 자원은 해당 옵션에서 무해
S010hub1.perm__db_read_p50,S,db_read_p50,permissive,none,none,0,normal,resume,--db_mib 8 --index_mib 12 --parse_iters 120000 --refresh_ms 500 --refresh_kib 256 --timer 1 --timer_s 60 --watch 1 --substeps 1 --hub_conns 1 --hub_pending 8,[hub1 구성·permissive] ok — 이 라인의 자원은 해당 옵션에서 무해
S010hub1.perm__db_read_p75,S,db_read_p75,permissive,none,none,0,normal,resume,--db_mib 8 --index_mib 12 --parse_iters 120000 --refresh_ms 500 --refresh_kib 256 --timer 1 --timer_s 60 --watch 1 --substeps 1 --hub_conns 1 --hub_pending 8,[hub1 구성·permissive] ok — 이 라인의 자원은 해당 옵션에서 무해
S010hub1.perm__db_parse,S,db_parse,permissive,none,none,0,normal,resume,--db_mib 8 --index_mib 12 --parse_iters 120000 --refresh_ms 500 --refresh_kib 256 --timer 1 --timer_s 60 --watch 1 --substeps 1 --hub_conns 1 --hub_pending 8,[hub1 구성·permissive] ok — 이 라인의 자원은 해당 옵션에서 무해
S010hub1.perm__db_parse_p25,S,db_parse_p25,permissive,none,none,0,normal,resume,--db_mib 8 --index_mib 12 --parse_iters 120000 --refresh_ms 500 --refresh_kib 256 --timer 1 --timer_s 60 --watch 1 --substeps 1 --hub_conns 1 --hub_pending 8,[hub1 구성·permissive] ok — 이 라인의 자원은 해당 옵션에서 무해
S010hub1.perm__db_parse_p50,S,db_parse_p50,permissive,none,none,0,normal,resume,--db_mib 8 --index_mib 12 --parse_iters 120000 --refresh_ms 500 --refresh_kib 256 --timer 1 --timer_s 60 --watch 1 --substeps 1 --hub_conns 1 --hub_pending 8,[hub1 구성·permissive] ok — 이 라인의 자원은 해당 옵션에서 무해
S010hub1.perm__db_parse_p75,S,db_parse_p75,permissive,none,none,0,normal,resume,--db_mib 8 --index_mib 12 --parse_iters 120000 --refresh_ms 500 --refresh_kib 256 --timer 1 --timer_s 60 --watch 1 --substeps 1 --hub_conns 1 --hub_pending 8,[hub1 구성·permissive] ok — 이 라인의 자원은 해당 옵션에서 무해
S010hub1.perm__epg_index,S,epg_index,permissive,none,none,0,normal,resume,--db_mib 8 --index_mib 12 --parse_iters 120000 --refresh_ms 500 --refresh_kib 256 --timer 1 --timer_s 60 --watch 1 --substeps 1 --hub_conns 1 --hub_pending 8,[hub1 구성·permissive] ok — 이 라인의 자원은 해당 옵션에서 무해
S010hub1.perm__epg_index_p25,S,epg_index_p25,permissive,none,none,0,normal,resume,--db_mib 8 --index_mib 12 --parse_iters 120000 --refresh_ms 500 --refresh_kib 256 --timer 1 --timer_s 60 --watch 1 --substeps 1 --hub_conns 1 --hub_pending 8,[hub1 구성·permissive] ok — 이 라인의 자원은 해당 옵션에서 무해
S010hub1.perm__epg_index_p50,S,epg_index_p50,permissive,none,none,0,normal,resume,--db_mib 8 --index_mib 12 --parse_iters 120000 --refresh_ms 500 --refresh_kib 256 --timer 1 --timer_s 60 --watch 1 --substeps 1 --hub_conns 1 --hub_pending 8,[hub1 구성·permissive] ok — 이 라인의 자원은 해당 옵션에서 무해
S010hub1.perm__epg_index_p75,S,epg_index_p75,permissive,none,none,0,normal,resume,--db_mib 8 --index_mib 12 --parse_iters 120000 --refresh_ms 500 --refresh_kib 256 --timer 1 --timer_s 60 --watch 1 --substeps 1 --hub_conns 1 --hub_pending 8,[hub1 구성·permissive] ok — 이 라인의 자원은 해당 옵션에서 무해
S010hub1.perm__epg_text,S,epg_text,permissive,none,none,0,normal,resume,--db_mib 8 --index_mib 12 --parse_iters 120000 --refresh_ms 500 --refresh_kib 256 --timer 1 --timer_s 60 --watch 1 --substeps 1 --hub_conns 1 --hub_pending 8,[hub1 구성·permissive] ok — 이 라인의 자원은 해당 옵션에서 무해
S010hub1.perm__epg_reserve,S,epg_reserve,permissive,none,none,0,normal,resume,--db_mib 8 --index_mib 12 --parse_iters 120000 --refresh_ms 500 --refresh_kib 256 --timer 1 --timer_s 60 --watch 1 --substeps 1 --hub_conns 1 --hub_pending 8,[hub1 구성·permissive] ok — 이 라인의 자원은 해당 옵션에서 무해
S010hub1.perm__hub_conn1,S,hub_conn1,permissive,none,none,0,normal,resume,--db_mib 8 --index_mib 12 --parse_iters 120000 --refresh_ms 500 --refresh_kib 256 --timer 1 --timer_s 60 --watch 1 --substeps 1 --hub_conns 1 --hub_pending 8,"[hub1 구성·permissive] dump_fail — hub established는 옵션 불가 (경계선 2, 처방만이 답)"
S010hub1.perm__hub_subscribed,S,hub_subscribed,permissive,none,none,0,normal,resume,--db_mib 8 --index_mib 12 --parse_iters 120000 --refresh_ms 500 --refresh_kib 256 --timer 1 --timer_s 60 --watch 1 --substeps 1 --hub_conns 1 --hub_pending 8,"[hub1 구성·permissive] dump_fail — hub established는 옵션 불가 (경계선 2, 처방만이 답)"
S010hub1.perm__timer_armed,S,timer_armed,permissive,none,none,0,normal,resume,--db_mib 8 --index_mib 12 --parse_iters 120000 --refresh_ms 500 --refresh_kib 256 --timer 1 --timer_s 60 --watch 1 --substeps 1 --hub_conns 1 --hub_pending 8,"[hub1 구성·permissive] dump_fail — hub established는 옵션 불가 (경계선 2, 처방만이 답)"
S010hub1.perm__db_watch,S,db_watch,permissive,none,none,0,normal,resume,--db_mib 8 --index_mib 12 --parse_iters 120000 --refresh_ms 500 --refresh_kib 256 --timer 1 --timer_s 60 --watch 1 --substeps 1 --hub_conns 1 --hub_pending 8,"[hub1 구성·permissive] dump_fail — hub established는 옵션 불가 (경계선 2, 처방만이 답)"
S010hub1.perm__ready,S,ready,permissive,none,none,0,normal,"pong,stat",--db_mib 8 --index_mib 12 --parse_iters 120000 --refresh_ms 500 --refresh_kib 256 --timer 1 --timer_s 60 --watch 1 --substeps 1 --hub_conns 1 --hub_pending 8,"[hub1 구성·permissive] dump_fail — hub established는 옵션 불가 (경계선 2, 처방만이 답)"
S010hub1.perm__steady,S,steady,permissive,none,none,0,normal,"pong,stat",--db_mib 8 --index_mib 12 --parse_iters 120000 --refresh_ms 500 --refresh_kib 256 --timer 1 --timer_s 60 --watch 1 --substeps 1 --hub_conns 1 --hub_pending 8,"[hub1 구성·permissive] dump_fail — hub established는 옵션 불가 (경계선 2, 처방만이 답)"
S011hub2.stri__init,S,init,strict,none,none,0,normal,resume,--db_mib 8 --index_mib 12 --parse_iters 120000 --refresh_ms 500 --refresh_kib 256 --timer 1 --timer_s 60 --watch 1 --substeps 1 --hub_conns 2 --hub_pending 8,[hub2 구성·strict] ok — 이 라인의 자원은 해당 옵션에서 무해
S011hub2.stri__db_open,S,db_open,strict,none,none,0,normal,resume,--db_mib 8 --index_mib 12 --parse_iters 120000 --refresh_ms 500 --refresh_kib 256 --timer 1 --timer_s 60 --watch 1 --substeps 1 --hub_conns 2 --hub_pending 8,[hub2 구성·strict] ok — 이 라인의 자원은 해당 옵션에서 무해
S011hub2.stri__db_read,S,db_read,strict,none,none,0,normal,resume,--db_mib 8 --index_mib 12 --parse_iters 120000 --refresh_ms 500 --refresh_kib 256 --timer 1 --timer_s 60 --watch 1 --substeps 1 --hub_conns 2 --hub_pending 8,[hub2 구성·strict] ok — 이 라인의 자원은 해당 옵션에서 무해
S011hub2.stri__db_read_p25,S,db_read_p25,strict,none,none,0,normal,resume,--db_mib 8 --index_mib 12 --parse_iters 120000 --refresh_ms 500 --refresh_kib 256 --timer 1 --timer_s 60 --watch 1 --substeps 1 --hub_conns 2 --hub_pending 8,[hub2 구성·strict] ok — 이 라인의 자원은 해당 옵션에서 무해
S011hub2.stri__db_read_p50,S,db_read_p50,strict,none,none,0,normal,resume,--db_mib 8 --index_mib 12 --parse_iters 120000 --refresh_ms 500 --refresh_kib 256 --timer 1 --timer_s 60 --watch 1 --substeps 1 --hub_conns 2 --hub_pending 8,[hub2 구성·strict] ok — 이 라인의 자원은 해당 옵션에서 무해
S011hub2.stri__db_read_p75,S,db_read_p75,strict,none,none,0,normal,resume,--db_mib 8 --index_mib 12 --parse_iters 120000 --refresh_ms 500 --refresh_kib 256 --timer 1 --timer_s 60 --watch 1 --substeps 1 --hub_conns 2 --hub_pending 8,[hub2 구성·strict] ok — 이 라인의 자원은 해당 옵션에서 무해
S011hub2.stri__db_parse,S,db_parse,strict,none,none,0,normal,resume,--db_mib 8 --index_mib 12 --parse_iters 120000 --refresh_ms 500 --refresh_kib 256 --timer 1 --timer_s 60 --watch 1 --substeps 1 --hub_conns 2 --hub_pending 8,[hub2 구성·strict] ok — 이 라인의 자원은 해당 옵션에서 무해
S011hub2.stri__db_parse_p25,S,db_parse_p25,strict,none,none,0,normal,resume,--db_mib 8 --index_mib 12 --parse_iters 120000 --refresh_ms 500 --refresh_kib 256 --timer 1 --timer_s 60 --watch 1 --substeps 1 --hub_conns 2 --hub_pending 8,[hub2 구성·strict] ok — 이 라인의 자원은 해당 옵션에서 무해
S011hub2.stri__db_parse_p50,S,db_parse_p50,strict,none,none,0,normal,resume,--db_mib 8 --index_mib 12 --parse_iters 120000 --refresh_ms 500 --refresh_kib 256 --timer 1 --timer_s 60 --watch 1 --substeps 1 --hub_conns 2 --hub_pending 8,[hub2 구성·strict] ok — 이 라인의 자원은 해당 옵션에서 무해
S011hub2.stri__db_parse_p75,S,db_parse_p75,strict,none,none,0,normal,resume,--db_mib 8 --index_mib 12 --parse_iters 120000 --refresh_ms 500 --refresh_kib 256 --timer 1 --timer_s 60 --watch 1 --substeps 1 --hub_conns 2 --hub_pending 8,[hub2 구성·strict] ok — 이 라인의 자원은 해당 옵션에서 무해
S011hub2.stri__epg_index,S,epg_index,strict,none,none,0,normal,resume,--db_mib 8 --index_mib 12 --parse_iters 120000 --refresh_ms 500 --refresh_kib 256 --timer 1 --timer_s 60 --watch 1 --substeps 1 --hub_conns 2 --hub_pending 8,[hub2 구성·strict] ok — 이 라인의 자원은 해당 옵션에서 무해
S011hub2.stri__epg_index_p25,S,epg_index_p25,strict,none,none,0,normal,resume,--db_mib 8 --index_mib 12 --parse_iters 120000 --refresh_ms 500 --refresh_kib 256 --timer 1 --timer_s 60 --watch 1 --substeps 1 --hub_conns 2 --hub_pending 8,[hub2 구성·strict] ok — 이 라인의 자원은 해당 옵션에서 무해
S011hub2.stri__epg_index_p50,S,epg_index_p50,strict,none,none,0,normal,resume,--db_mib 8 --index_mib 12 --parse_iters 120000 --refresh_ms 500 --refresh_kib 256 --timer 1 --timer_s 60 --watch 1 --substeps 1 --hub_conns 2 --hub_pending 8,[hub2 구성·strict] ok — 이 라인의 자원은 해당 옵션에서 무해
S011hub2.stri__epg_index_p75,S,epg_index_p75,strict,none,none,0,normal,resume,--db_mib 8 --index_mib 12 --parse_iters 120000 --refresh_ms 500 --refresh_kib 256 --timer 1 --timer_s 60 --watch 1 --substeps 1 --hub_conns 2 --hub_pending 8,[hub2 구성·strict] ok — 이 라인의 자원은 해당 옵션에서 무해
S011hub2.stri__epg_text,S,epg_text,strict,none,none,0,normal,resume,--db_mib 8 --index_mib 12 --parse_iters 120000 --refresh_ms 500 --refresh_kib 256 --timer 1 --timer_s 60 --watch 1 --substeps 1 --hub_conns 2 --hub_pending 8,[hub2 구성·strict] ok — 이 라인의 자원은 해당 옵션에서 무해
S011hub2.stri__epg_reserve,S,epg_reserve,strict,none,none,0,normal,resume,--db_mib 8 --index_mib 12 --parse_iters 120000 --refresh_ms 500 --refresh_kib 256 --timer 1 --timer_s 60 --watch 1 --substeps 1 --hub_conns 2 --hub_pending 8,[hub2 구성·strict] ok — 이 라인의 자원은 해당 옵션에서 무해
S011hub2.stri__hub_conn1,S,hub_conn1,strict,none,none,0,normal,resume,--db_mib 8 --index_mib 12 --parse_iters 120000 --refresh_ms 500 --refresh_kib 256 --timer 1 --timer_s 60 --watch 1 --substeps 1 --hub_conns 2 --hub_pending 8,"[hub2 구성·strict] dump_fail — hub established는 옵션 불가 (경계선 2, 처방만이 답)"
S011hub2.stri__hub_conn2,S,hub_conn2,strict,none,none,0,normal,resume,--db_mib 8 --index_mib 12 --parse_iters 120000 --refresh_ms 500 --refresh_kib 256 --timer 1 --timer_s 60 --watch 1 --substeps 1 --hub_conns 2 --hub_pending 8,"[hub2 구성·strict] dump_fail — hub established는 옵션 불가 (경계선 2, 처방만이 답)"
S011hub2.stri__hub_subscribed,S,hub_subscribed,strict,none,none,0,normal,resume,--db_mib 8 --index_mib 12 --parse_iters 120000 --refresh_ms 500 --refresh_kib 256 --timer 1 --timer_s 60 --watch 1 --substeps 1 --hub_conns 2 --hub_pending 8,"[hub2 구성·strict] dump_fail — hub established는 옵션 불가 (경계선 2, 처방만이 답)"
S011hub2.stri__timer_armed,S,timer_armed,strict,none,none,0,normal,resume,--db_mib 8 --index_mib 12 --parse_iters 120000 --refresh_ms 500 --refresh_kib 256 --timer 1 --timer_s 60 --watch 1 --substeps 1 --hub_conns 2 --hub_pending 8,"[hub2 구성·strict] dump_fail — hub established는 옵션 불가 (경계선 2, 처방만이 답)"
S011hub2.stri__db_watch,S,db_watch,strict,none,none,0,normal,resume,--db_mib 8 --index_mib 12 --parse_iters 120000 --refresh_ms 500 --refresh_kib 256 --timer 1 --timer_s 60 --watch 1 --substeps 1 --hub_conns 2 --hub_pending 8,"[hub2 구성·strict] dump_fail — hub established는 옵션 불가 (경계선 2, 처방만이 답)"
S011hub2.stri__ready,S,ready,strict,none,none,0,normal,"pong,stat",--db_mib 8 --index_mib 12 --parse_iters 120000 --refresh_ms 500 --refresh_kib 256 --timer 1 --timer_s 60 --watch 1 --substeps 1 --hub_conns 2 --hub_pending 8,"[hub2 구성·strict] dump_fail — hub established는 옵션 불가 (경계선 2, 처방만이 답)"
S011hub2.stri__steady,S,steady,strict,none,none,0,normal,"pong,stat",--db_mib 8 --index_mib 12 --parse_iters 120000 --refresh_ms 500 --refresh_kib 256 --timer 1 --timer_s 60 --watch 1 --substeps 1 --hub_conns 2 --hub_pending 8,"[hub2 구성·strict] dump_fail — hub established는 옵션 불가 (경계선 2, 처방만이 답)"
S012hub2.ext___init,S,init,ext_unix,none,none,0,normal,resume,--db_mib 8 --index_mib 12 --parse_iters 120000 --refresh_ms 500 --refresh_kib 256 --timer 1 --timer_s 60 --watch 1 --substeps 1 --hub_conns 2 --hub_pending 8,[hub2 구성·ext_unix] ok — 이 라인의 자원은 해당 옵션에서 무해
S012hub2.ext___db_open,S,db_open,ext_unix,none,none,0,normal,resume,--db_mib 8 --index_mib 12 --parse_iters 120000 --refresh_ms 500 --refresh_kib 256 --timer 1 --timer_s 60 --watch 1 --substeps 1 --hub_conns 2 --hub_pending 8,[hub2 구성·ext_unix] ok — 이 라인의 자원은 해당 옵션에서 무해
S012hub2.ext___db_read,S,db_read,ext_unix,none,none,0,normal,resume,--db_mib 8 --index_mib 12 --parse_iters 120000 --refresh_ms 500 --refresh_kib 256 --timer 1 --timer_s 60 --watch 1 --substeps 1 --hub_conns 2 --hub_pending 8,[hub2 구성·ext_unix] ok — 이 라인의 자원은 해당 옵션에서 무해
S012hub2.ext___db_read_p25,S,db_read_p25,ext_unix,none,none,0,normal,resume,--db_mib 8 --index_mib 12 --parse_iters 120000 --refresh_ms 500 --refresh_kib 256 --timer 1 --timer_s 60 --watch 1 --substeps 1 --hub_conns 2 --hub_pending 8,[hub2 구성·ext_unix] ok — 이 라인의 자원은 해당 옵션에서 무해
S012hub2.ext___db_read_p50,S,db_read_p50,ext_unix,none,none,0,normal,resume,--db_mib 8 --index_mib 12 --parse_iters 120000 --refresh_ms 500 --refresh_kib 256 --timer 1 --timer_s 60 --watch 1 --substeps 1 --hub_conns 2 --hub_pending 8,[hub2 구성·ext_unix] ok — 이 라인의 자원은 해당 옵션에서 무해
S012hub2.ext___db_read_p75,S,db_read_p75,ext_unix,none,none,0,normal,resume,--db_mib 8 --index_mib 12 --parse_iters 120000 --refresh_ms 500 --refresh_kib 256 --timer 1 --timer_s 60 --watch 1 --substeps 1 --hub_conns 2 --hub_pending 8,[hub2 구성·ext_unix] ok — 이 라인의 자원은 해당 옵션에서 무해
S012hub2.ext___db_parse,S,db_parse,ext_unix,none,none,0,normal,resume,--db_mib 8 --index_mib 12 --parse_iters 120000 --refresh_ms 500 --refresh_kib 256 --timer 1 --timer_s 60 --watch 1 --substeps 1 --hub_conns 2 --hub_pending 8,[hub2 구성·ext_unix] ok — 이 라인의 자원은 해당 옵션에서 무해
S012hub2.ext___db_parse_p25,S,db_parse_p25,ext_unix,none,none,0,normal,resume,--db_mib 8 --index_mib 12 --parse_iters 120000 --refresh_ms 500 --refresh_kib 256 --timer 1 --timer_s 60 --watch 1 --substeps 1 --hub_conns 2 --hub_pending 8,[hub2 구성·ext_unix] ok — 이 라인의 자원은 해당 옵션에서 무해
S012hub2.ext___db_parse_p50,S,db_parse_p50,ext_unix,none,none,0,normal,resume,--db_mib 8 --index_mib 12 --parse_iters 120000 --refresh_ms 500 --refresh_kib 256 --timer 1 --timer_s 60 --watch 1 --substeps 1 --hub_conns 2 --hub_pending 8,[hub2 구성·ext_unix] ok — 이 라인의 자원은 해당 옵션에서 무해
S012hub2.ext___db_parse_p75,S,db_parse_p75,ext_unix,none,none,0,normal,resume,--db_mib 8 --index_mib 12 --parse_iters 120000 --refresh_ms 500 --refresh_kib 256 --timer 1 --timer_s 60 --watch 1 --substeps 1 --hub_conns 2 --hub_pending 8,[hub2 구성·ext_unix] ok — 이 라인의 자원은 해당 옵션에서 무해
S012hub2.ext___epg_index,S,epg_index,ext_unix,none,none,0,normal,resume,--db_mib 8 --index_mib 12 --parse_iters 120000 --refresh_ms 500 --refresh_kib 256 --timer 1 --timer_s 60 --watch 1 --substeps 1 --hub_conns 2 --hub_pending 8,[hub2 구성·ext_unix] ok — 이 라인의 자원은 해당 옵션에서 무해
S012hub2.ext___epg_index_p25,S,epg_index_p25,ext_unix,none,none,0,normal,resume,--db_mib 8 --index_mib 12 --parse_iters 120000 --refresh_ms 500 --refresh_kib 256 --timer 1 --timer_s 60 --watch 1 --substeps 1 --hub_conns 2 --hub_pending 8,[hub2 구성·ext_unix] ok — 이 라인의 자원은 해당 옵션에서 무해
S012hub2.ext___epg_index_p50,S,epg_index_p50,ext_unix,none,none,0,normal,resume,--db_mib 8 --index_mib 12 --parse_iters 120000 --refresh_ms 500 --refresh_kib 256 --timer 1 --timer_s 60 --watch 1 --substeps 1 --hub_conns 2 --hub_pending 8,[hub2 구성·ext_unix] ok — 이 라인의 자원은 해당 옵션에서 무해
S012hub2.ext___epg_index_p75,S,epg_index_p75,ext_unix,none,none,0,normal,resume,--db_mib 8 --index_mib 12 --parse_iters 120000 --refresh_ms 500 --refresh_kib 256 --timer 1 --timer_s 60 --watch 1 --substeps 1 --hub_conns 2 --hub_pending 8,[hub2 구성·ext_unix] ok — 이 라인의 자원은 해당 옵션에서 무해
S012hub2.ext___epg_text,S,epg_text,ext_unix,none,none,0,normal,resume,--db_mib 8 --index_mib 12 --parse_iters 120000 --refresh_ms 500 --refresh_kib 256 --timer 1 --timer_s 60 --watch 1 --substeps 1 --hub_conns 2 --hub_pending 8,[hub2 구성·ext_unix] ok — 이 라인의 자원은 해당 옵션에서 무해
S012hub2.ext___epg_reserve,S,epg_reserve,ext_unix,none,none,0,normal,resume,--db_mib 8 --index_mib 12 --parse_iters 120000 --refresh_ms 500 --refresh_kib 256 --timer 1 --timer_s 60 --watch 1 --substeps 1 --hub_conns 2 --hub_pending 8,[hub2 구성·ext_unix] ok — 이 라인의 자원은 해당 옵션에서 무해
S012hub2.ext___hub_conn1,S,hub_conn1,ext_unix,none,none,0,normal,resume,--db_mib 8 --index_mib 12 --parse_iters 120000 --refresh_ms 500 --refresh_kib 256 --timer 1 --timer_s 60 --watch 1 --substeps 1 --hub_conns 2 --hub_pending 8,"[hub2 구성·ext_unix] dump_fail — hub established는 옵션 불가 (경계선 2, 처방만이 답)"
S012hub2.ext___hub_conn2,S,hub_conn2,ext_unix,none,none,0,normal,resume,--db_mib 8 --index_mib 12 --parse_iters 120000 --refresh_ms 500 --refresh_kib 256 --timer 1 --timer_s 60 --watch 1 --substeps 1 --hub_conns 2 --hub_pending 8,"[hub2 구성·ext_unix] dump_fail — hub established는 옵션 불가 (경계선 2, 처방만이 답)"
S012hub2.ext___hub_subscribed,S,hub_subscribed,ext_unix,none,none,0,normal,resume,--db_mib 8 --index_mib 12 --parse_iters 120000 --refresh_ms 500 --refresh_kib 256 --timer 1 --timer_s 60 --watch 1 --substeps 1 --hub_conns 2 --hub_pending 8,"[hub2 구성·ext_unix] dump_fail — hub established는 옵션 불가 (경계선 2, 처방만이 답)"
S012hub2.ext___timer_armed,S,timer_armed,ext_unix,none,none,0,normal,resume,--db_mib 8 --index_mib 12 --parse_iters 120000 --refresh_ms 500 --refresh_kib 256 --timer 1 --timer_s 60 --watch 1 --substeps 1 --hub_conns 2 --hub_pending 8,"[hub2 구성·ext_unix] dump_fail — hub established는 옵션 불가 (경계선 2, 처방만이 답)"
S012hub2.ext___db_watch,S,db_watch,ext_unix,none,none,0,normal,resume,--db_mib 8 --index_mib 12 --parse_iters 120000 --refresh_ms 500 --refresh_kib 256 --timer 1 --timer_s 60 --watch 1 --substeps 1 --hub_conns 2 --hub_pending 8,"[hub2 구성·ext_unix] dump_fail — hub established는 옵션 불가 (경계선 2, 처방만이 답)"
S012hub2.ext___ready,S,ready,ext_unix,none,none,0,normal,"pong,stat",--db_mib 8 --index_mib 12 --parse_iters 120000 --refresh_ms 500 --refresh_kib 256 --timer 1 --timer_s 60 --watch 1 --substeps 1 --hub_conns 2 --hub_pending 8,"[hub2 구성·ext_unix] dump_fail — hub established는 옵션 불가 (경계선 2, 처방만이 답)"
S012hub2.ext___steady,S,steady,ext_unix,none,none,0,normal,"pong,stat",--db_mib 8 --index_mib 12 --parse_iters 120000 --refresh_ms 500 --refresh_kib 256 --timer 1 --timer_s 60 --watch 1 --substeps 1 --hub_conns 2 --hub_pending 8,"[hub2 구성·ext_unix] dump_fail — hub established는 옵션 불가 (경계선 2, 처방만이 답)"
S013hub2.tcp___init,S,init,tcp_est,none,none,0,normal,resume,--db_mib 8 --index_mib 12 --parse_iters 120000 --refresh_ms 500 --refresh_kib 256 --timer 1 --timer_s 60 --watch 1 --substeps 1 --hub_conns 2 --hub_pending 8,[hub2 구성·tcp_est] ok — 이 라인의 자원은 해당 옵션에서 무해
S013hub2.tcp___db_open,S,db_open,tcp_est,none,none,0,normal,resume,--db_mib 8 --index_mib 12 --parse_iters 120000 --refresh_ms 500 --refresh_kib 256 --timer 1 --timer_s 60 --watch 1 --substeps 1 --hub_conns 2 --hub_pending 8,[hub2 구성·tcp_est] ok — 이 라인의 자원은 해당 옵션에서 무해
S013hub2.tcp___db_read,S,db_read,tcp_est,none,none,0,normal,resume,--db_mib 8 --index_mib 12 --parse_iters 120000 --refresh_ms 500 --refresh_kib 256 --timer 1 --timer_s 60 --watch 1 --substeps 1 --hub_conns 2 --hub_pending 8,[hub2 구성·tcp_est] ok — 이 라인의 자원은 해당 옵션에서 무해
S013hub2.tcp___db_read_p25,S,db_read_p25,tcp_est,none,none,0,normal,resume,--db_mib 8 --index_mib 12 --parse_iters 120000 --refresh_ms 500 --refresh_kib 256 --timer 1 --timer_s 60 --watch 1 --substeps 1 --hub_conns 2 --hub_pending 8,[hub2 구성·tcp_est] ok — 이 라인의 자원은 해당 옵션에서 무해
S013hub2.tcp___db_read_p50,S,db_read_p50,tcp_est,none,none,0,normal,resume,--db_mib 8 --index_mib 12 --parse_iters 120000 --refresh_ms 500 --refresh_kib 256 --timer 1 --timer_s 60 --watch 1 --substeps 1 --hub_conns 2 --hub_pending 8,[hub2 구성·tcp_est] ok — 이 라인의 자원은 해당 옵션에서 무해
S013hub2.tcp___db_read_p75,S,db_read_p75,tcp_est,none,none,0,normal,resume,--db_mib 8 --index_mib 12 --parse_iters 120000 --refresh_ms 500 --refresh_kib 256 --timer 1 --timer_s 60 --watch 1 --substeps 1 --hub_conns 2 --hub_pending 8,[hub2 구성·tcp_est] ok — 이 라인의 자원은 해당 옵션에서 무해
S013hub2.tcp___db_parse,S,db_parse,tcp_est,none,none,0,normal,resume,--db_mib 8 --index_mib 12 --parse_iters 120000 --refresh_ms 500 --refresh_kib 256 --timer 1 --timer_s 60 --watch 1 --substeps 1 --hub_conns 2 --hub_pending 8,[hub2 구성·tcp_est] ok — 이 라인의 자원은 해당 옵션에서 무해
S013hub2.tcp___db_parse_p25,S,db_parse_p25,tcp_est,none,none,0,normal,resume,--db_mib 8 --index_mib 12 --parse_iters 120000 --refresh_ms 500 --refresh_kib 256 --timer 1 --timer_s 60 --watch 1 --substeps 1 --hub_conns 2 --hub_pending 8,[hub2 구성·tcp_est] ok — 이 라인의 자원은 해당 옵션에서 무해
S013hub2.tcp___db_parse_p50,S,db_parse_p50,tcp_est,none,none,0,normal,resume,--db_mib 8 --index_mib 12 --parse_iters 120000 --refresh_ms 500 --refresh_kib 256 --timer 1 --timer_s 60 --watch 1 --substeps 1 --hub_conns 2 --hub_pending 8,[hub2 구성·tcp_est] ok — 이 라인의 자원은 해당 옵션에서 무해
S013hub2.tcp___db_parse_p75,S,db_parse_p75,tcp_est,none,none,0,normal,resume,--db_mib 8 --index_mib 12 --parse_iters 120000 --refresh_ms 500 --refresh_kib 256 --timer 1 --timer_s 60 --watch 1 --substeps 1 --hub_conns 2 --hub_pending 8,[hub2 구성·tcp_est] ok — 이 라인의 자원은 해당 옵션에서 무해
S013hub2.tcp___epg_index,S,epg_index,tcp_est,none,none,0,normal,resume,--db_mib 8 --index_mib 12 --parse_iters 120000 --refresh_ms 500 --refresh_kib 256 --timer 1 --timer_s 60 --watch 1 --substeps 1 --hub_conns 2 --hub_pending 8,[hub2 구성·tcp_est] ok — 이 라인의 자원은 해당 옵션에서 무해
S013hub2.tcp___epg_index_p25,S,epg_index_p25,tcp_est,none,none,0,normal,resume,--db_mib 8 --index_mib 12 --parse_iters 120000 --refresh_ms 500 --refresh_kib 256 --timer 1 --timer_s 60 --watch 1 --substeps 1 --hub_conns 2 --hub_pending 8,[hub2 구성·tcp_est] ok — 이 라인의 자원은 해당 옵션에서 무해
S013hub2.tcp___epg_index_p50,S,epg_index_p50,tcp_est,none,none,0,normal,resume,--db_mib 8 --index_mib 12 --parse_iters 120000 --refresh_ms 500 --refresh_kib 256 --timer 1 --timer_s 60 --watch 1 --substeps 1 --hub_conns 2 --hub_pending 8,[hub2 구성·tcp_est] ok — 이 라인의 자원은 해당 옵션에서 무해
S013hub2.tcp___epg_index_p75,S,epg_index_p75,tcp_est,none,none,0,normal,resume,--db_mib 8 --index_mib 12 --parse_iters 120000 --refresh_ms 500 --refresh_kib 256 --timer 1 --timer_s 60 --watch 1 --substeps 1 --hub_conns 2 --hub_pending 8,[hub2 구성·tcp_est] ok — 이 라인의 자원은 해당 옵션에서 무해
S013hub2.tcp___epg_text,S,epg_text,tcp_est,none,none,0,normal,resume,--db_mib 8 --index_mib 12 --parse_iters 120000 --refresh_ms 500 --refresh_kib 256 --timer 1 --timer_s 60 --watch 1 --substeps 1 --hub_conns 2 --hub_pending 8,[hub2 구성·tcp_est] ok — 이 라인의 자원은 해당 옵션에서 무해
S013hub2.tcp___epg_reserve,S,epg_reserve,tcp_est,none,none,0,normal,resume,--db_mib 8 --index_mib 12 --parse_iters 120000 --refresh_ms 500 --refresh_kib 256 --timer 1 --timer_s 60 --watch 1 --substeps 1 --hub_conns 2 --hub_pending 8,[hub2 구성·tcp_est] ok — 이 라인의 자원은 해당 옵션에서 무해
S013hub2.tcp___hub_conn1,S,hub_conn1,tcp_est,none,none,0,normal,resume,--db_mib 8 --index_mib 12 --parse_iters 120000 --refresh_ms 500 --refresh_kib 256 --timer 1 --timer_s 60 --watch 1 --substeps 1 --hub_conns 2 --hub_pending 8,"[hub2 구성·tcp_est] dump_fail — hub established는 옵션 불가 (경계선 2, 처방만이 답)"
S013hub2.tcp___hub_conn2,S,hub_conn2,tcp_est,none,none,0,normal,resume,--db_mib 8 --index_mib 12 --parse_iters 120000 --refresh_ms 500 --refresh_kib 256 --timer 1 --timer_s 60 --watch 1 --substeps 1 --hub_conns 2 --hub_pending 8,"[hub2 구성·tcp_est] dump_fail — hub established는 옵션 불가 (경계선 2, 처방만이 답)"
S013hub2.tcp___hub_subscribed,S,hub_subscribed,tcp_est,none,none,0,normal,resume,--db_mib 8 --index_mib 12 --parse_iters 120000 --refresh_ms 500 --refresh_kib 256 --timer 1 --timer_s 60 --watch 1 --substeps 1 --hub_conns 2 --hub_pending 8,"[hub2 구성·tcp_est] dump_fail — hub established는 옵션 불가 (경계선 2, 처방만이 답)"
S013hub2.tcp___timer_armed,S,timer_armed,tcp_est,none,none,0,normal,resume,--db_mib 8 --index_mib 12 --parse_iters 120000 --refresh_ms 500 --refresh_kib 256 --timer 1 --timer_s 60 --watch 1 --substeps 1 --hub_conns 2 --hub_pending 8,"[hub2 구성·tcp_est] dump_fail — hub established는 옵션 불가 (경계선 2, 처방만이 답)"
S013hub2.tcp___db_watch,S,db_watch,tcp_est,none,none,0,normal,resume,--db_mib 8 --index_mib 12 --parse_iters 120000 --refresh_ms 500 --refresh_kib 256 --timer 1 --timer_s 60 --watch 1 --substeps 1 --hub_conns 2 --hub_pending 8,"[hub2 구성·tcp_est] dump_fail — hub established는 옵션 불가 (경계선 2, 처방만이 답)"
S013hub2.tcp___ready,S,ready,tcp_est,none,none,0,normal,"pong,stat",--db_mib 8 --index_mib 12 --parse_iters 120000 --refresh_ms 500 --refresh_kib 256 --timer 1 --timer_s 60 --watch 1 --substeps 1 --hub_conns 2 --hub_pending 8,"[hub2 구성·tcp_est] dump_fail — hub established는 옵션 불가 (경계선 2, 처방만이 답)"
S013hub2.tcp___steady,S,steady,tcp_est,none,none,0,normal,"pong,stat",--db_mib 8 --index_mib 12 --parse_iters 120000 --refresh_ms 500 --refresh_kib 256 --timer 1 --timer_s 60 --watch 1 --substeps 1 --hub_conns 2 --hub_pending 8,"[hub2 구성·tcp_est] dump_fail — hub established는 옵션 불가 (경계선 2, 처방만이 답)"
S014hub2.file__init,S,init,filelocks,none,none,0,normal,resume,--db_mib 8 --index_mib 12 --parse_iters 120000 --refresh_ms 500 --refresh_kib 256 --timer 1 --timer_s 60 --watch 1 --substeps 1 --hub_conns 2 --hub_pending 8,[hub2 구성·filelocks] ok — 이 라인의 자원은 해당 옵션에서 무해
S014hub2.file__db_open,S,db_open,filelocks,none,none,0,normal,resume,--db_mib 8 --index_mib 12 --parse_iters 120000 --refresh_ms 500 --refresh_kib 256 --timer 1 --timer_s 60 --watch 1 --substeps 1 --hub_conns 2 --hub_pending 8,[hub2 구성·filelocks] ok — 이 라인의 자원은 해당 옵션에서 무해
S014hub2.file__db_read,S,db_read,filelocks,none,none,0,normal,resume,--db_mib 8 --index_mib 12 --parse_iters 120000 --refresh_ms 500 --refresh_kib 256 --timer 1 --timer_s 60 --watch 1 --substeps 1 --hub_conns 2 --hub_pending 8,[hub2 구성·filelocks] ok — 이 라인의 자원은 해당 옵션에서 무해
S014hub2.file__db_read_p25,S,db_read_p25,filelocks,none,none,0,normal,resume,--db_mib 8 --index_mib 12 --parse_iters 120000 --refresh_ms 500 --refresh_kib 256 --timer 1 --timer_s 60 --watch 1 --substeps 1 --hub_conns 2 --hub_pending 8,[hub2 구성·filelocks] ok — 이 라인의 자원은 해당 옵션에서 무해
S014hub2.file__db_read_p50,S,db_read_p50,filelocks,none,none,0,normal,resume,--db_mib 8 --index_mib 12 --parse_iters 120000 --refresh_ms 500 --refresh_kib 256 --timer 1 --timer_s 60 --watch 1 --substeps 1 --hub_conns 2 --hub_pending 8,[hub2 구성·filelocks] ok — 이 라인의 자원은 해당 옵션에서 무해
S014hub2.file__db_read_p75,S,db_read_p75,filelocks,none,none,0,normal,resume,--db_mib 8 --index_mib 12 --parse_iters 120000 --refresh_ms 500 --refresh_kib 256 --timer 1 --timer_s 60 --watch 1 --substeps 1 --hub_conns 2 --hub_pending 8,[hub2 구성·filelocks] ok — 이 라인의 자원은 해당 옵션에서 무해
S014hub2.file__db_parse,S,db_parse,filelocks,none,none,0,normal,resume,--db_mib 8 --index_mib 12 --parse_iters 120000 --refresh_ms 500 --refresh_kib 256 --timer 1 --timer_s 60 --watch 1 --substeps 1 --hub_conns 2 --hub_pending 8,[hub2 구성·filelocks] ok — 이 라인의 자원은 해당 옵션에서 무해
S014hub2.file__db_parse_p25,S,db_parse_p25,filelocks,none,none,0,normal,resume,--db_mib 8 --index_mib 12 --parse_iters 120000 --refresh_ms 500 --refresh_kib 256 --timer 1 --timer_s 60 --watch 1 --substeps 1 --hub_conns 2 --hub_pending 8,[hub2 구성·filelocks] ok — 이 라인의 자원은 해당 옵션에서 무해
S014hub2.file__db_parse_p50,S,db_parse_p50,filelocks,none,none,0,normal,resume,--db_mib 8 --index_mib 12 --parse_iters 120000 --refresh_ms 500 --refresh_kib 256 --timer 1 --timer_s 60 --watch 1 --substeps 1 --hub_conns 2 --hub_pending 8,[hub2 구성·filelocks] ok — 이 라인의 자원은 해당 옵션에서 무해
S014hub2.file__db_parse_p75,S,db_parse_p75,filelocks,none,none,0,normal,resume,--db_mib 8 --index_mib 12 --parse_iters 120000 --refresh_ms 500 --refresh_kib 256 --timer 1 --timer_s 60 --watch 1 --substeps 1 --hub_conns 2 --hub_pending 8,[hub2 구성·filelocks] ok — 이 라인의 자원은 해당 옵션에서 무해
S014hub2.file__epg_index,S,epg_index,filelocks,none,none,0,normal,resume,--db_mib 8 --index_mib 12 --parse_iters 120000 --refresh_ms 500 --refresh_kib 256 --timer 1 --timer_s 60 --watch 1 --substeps 1 --hub_conns 2 --hub_pending 8,[hub2 구성·filelocks] ok — 이 라인의 자원은 해당 옵션에서 무해
S014hub2.file__epg_index_p25,S,epg_index_p25,filelocks,none,none,0,normal,resume,--db_mib 8 --index_mib 12 --parse_iters 120000 --refresh_ms 500 --refresh_kib 256 --timer 1 --timer_s 60 --watch 1 --substeps 1 --hub_conns 2 --hub_pending 8,[hub2 구성·filelocks] ok — 이 라인의 자원은 해당 옵션에서 무해
S014hub2.file__epg_index_p50,S,epg_index_p50,filelocks,none,none,0,normal,resume,--db_mib 8 --index_mib 12 --parse_iters 120000 --refresh_ms 500 --refresh_kib 256 --timer 1 --timer_s 60 --watch 1 --substeps 1 --hub_conns 2 --hub_pending 8,[hub2 구성·filelocks] ok — 이 라인의 자원은 해당 옵션에서 무해
S014hub2.file__epg_index_p75,S,epg_index_p75,filelocks,none,none,0,normal,resume,--db_mib 8 --index_mib 12 --parse_iters 120000 --refresh_ms 500 --refresh_kib 256 --timer 1 --timer_s 60 --watch 1 --substeps 1 --hub_conns 2 --hub_pending 8,[hub2 구성·filelocks] ok — 이 라인의 자원은 해당 옵션에서 무해
S014hub2.file__epg_text,S,epg_text,filelocks,none,none,0,normal,resume,--db_mib 8 --index_mib 12 --parse_iters 120000 --refresh_ms 500 --refresh_kib 256 --timer 1 --timer_s 60 --watch 1 --substeps 1 --hub_conns 2 --hub_pending 8,[hub2 구성·filelocks] ok — 이 라인의 자원은 해당 옵션에서 무해
S014hub2.file__epg_reserve,S,epg_reserve,filelocks,none,none,0,normal,resume,--db_mib 8 --index_mib 12 --parse_iters 120000 --refresh_ms 500 --refresh_kib 256 --timer 1 --timer_s 60 --watch 1 --substeps 1 --hub_conns 2 --hub_pending 8,[hub2 구성·filelocks] ok — 이 라인의 자원은 해당 옵션에서 무해
S014hub2.file__hub_conn1,S,hub_conn1,filelocks,none,none,0,normal,resume,--db_mib 8 --index_mib 12 --parse_iters 120000 --refresh_ms 500 --refresh_kib 256 --timer 1 --timer_s 60 --watch 1 --substeps 1 --hub_conns 2 --hub_pending 8,"[hub2 구성·filelocks] dump_fail — hub established는 옵션 불가 (경계선 2, 처방만이 답)"
S014hub2.file__hub_conn2,S,hub_conn2,filelocks,none,none,0,normal,resume,--db_mib 8 --index_mib 12 --parse_iters 120000 --refresh_ms 500 --refresh_kib 256 --timer 1 --timer_s 60 --watch 1 --substeps 1 --hub_conns 2 --hub_pending 8,"[hub2 구성·filelocks] dump_fail — hub established는 옵션 불가 (경계선 2, 처방만이 답)"
S014hub2.file__hub_subscribed,S,hub_subscribed,filelocks,none,none,0,normal,resume,--db_mib 8 --index_mib 12 --parse_iters 120000 --refresh_ms 500 --refresh_kib 256 --timer 1 --timer_s 60 --watch 1 --substeps 1 --hub_conns 2 --hub_pending 8,"[hub2 구성·filelocks] dump_fail — hub established는 옵션 불가 (경계선 2, 처방만이 답)"
S014hub2.file__timer_armed,S,timer_armed,filelocks,none,none,0,normal,resume,--db_mib 8 --index_mib 12 --parse_iters 120000 --refresh_ms 500 --refresh_kib 256 --timer 1 --timer_s 60 --watch 1 --substeps 1 --hub_conns 2 --hub_pending 8,"[hub2 구성·filelocks] dump_fail — hub established는 옵션 불가 (경계선 2, 처방만이 답)"
S014hub2.file__db_watch,S,db_watch,filelocks,none,none,0,normal,resume,--db_mib 8 --index_mib 12 --parse_iters 120000 --refresh_ms 500 --refresh_kib 256 --timer 1 --timer_s 60 --watch 1 --substeps 1 --hub_conns 2 --hub_pending 8,"[hub2 구성·filelocks] dump_fail — hub established는 옵션 불가 (경계선 2, 처방만이 답)"
S014hub2.file__ready,S,ready,filelocks,none,none,0,normal,"pong,stat",--db_mib 8 --index_mib 12 --parse_iters 120000 --refresh_ms 500 --refresh_kib 256 --timer 1 --timer_s 60 --watch 1 --substeps 1 --hub_conns 2 --hub_pending 8,"[hub2 구성·filelocks] dump_fail — hub established는 옵션 불가 (경계선 2, 처방만이 답)"
S014hub2.file__steady,S,steady,filelocks,none,none,0,normal,"pong,stat",--db_mib 8 --index_mib 12 --parse_iters 120000 --refresh_ms 500 --refresh_kib 256 --timer 1 --timer_s 60 --watch 1 --substeps 1 --hub_conns 2 --hub_pending 8,"[hub2 구성·filelocks] dump_fail — hub established는 옵션 불가 (경계선 2, 처방만이 답)"
S015hub2.perm__init,S,init,permissive,none,none,0,normal,resume,--db_mib 8 --index_mib 12 --parse_iters 120000 --refresh_ms 500 --refresh_kib 256 --timer 1 --timer_s 60 --watch 1 --substeps 1 --hub_conns 2 --hub_pending 8,[hub2 구성·permissive] ok — 이 라인의 자원은 해당 옵션에서 무해
S015hub2.perm__db_open,S,db_open,permissive,none,none,0,normal,resume,--db_mib 8 --index_mib 12 --parse_iters 120000 --refresh_ms 500 --refresh_kib 256 --timer 1 --timer_s 60 --watch 1 --substeps 1 --hub_conns 2 --hub_pending 8,[hub2 구성·permissive] ok — 이 라인의 자원은 해당 옵션에서 무해
S015hub2.perm__db_read,S,db_read,permissive,none,none,0,normal,resume,--db_mib 8 --index_mib 12 --parse_iters 120000 --refresh_ms 500 --refresh_kib 256 --timer 1 --timer_s 60 --watch 1 --substeps 1 --hub_conns 2 --hub_pending 8,[hub2 구성·permissive] ok — 이 라인의 자원은 해당 옵션에서 무해
S015hub2.perm__db_read_p25,S,db_read_p25,permissive,none,none,0,normal,resume,--db_mib 8 --index_mib 12 --parse_iters 120000 --refresh_ms 500 --refresh_kib 256 --timer 1 --timer_s 60 --watch 1 --substeps 1 --hub_conns 2 --hub_pending 8,[hub2 구성·permissive] ok — 이 라인의 자원은 해당 옵션에서 무해
S015hub2.perm__db_read_p50,S,db_read_p50,permissive,none,none,0,normal,resume,--db_mib 8 --index_mib 12 --parse_iters 120000 --refresh_ms 500 --refresh_kib 256 --timer 1 --timer_s 60 --watch 1 --substeps 1 --hub_conns 2 --hub_pending 8,[hub2 구성·permissive] ok — 이 라인의 자원은 해당 옵션에서 무해
S015hub2.perm__db_read_p75,S,db_read_p75,permissive,none,none,0,normal,resume,--db_mib 8 --index_mib 12 --parse_iters 120000 --refresh_ms 500 --refresh_kib 256 --timer 1 --timer_s 60 --watch 1 --substeps 1 --hub_conns 2 --hub_pending 8,[hub2 구성·permissive] ok — 이 라인의 자원은 해당 옵션에서 무해
S015hub2.perm__db_parse,S,db_parse,permissive,none,none,0,normal,resume,--db_mib 8 --index_mib 12 --parse_iters 120000 --refresh_ms 500 --refresh_kib 256 --timer 1 --timer_s 60 --watch 1 --substeps 1 --hub_conns 2 --hub_pending 8,[hub2 구성·permissive] ok — 이 라인의 자원은 해당 옵션에서 무해
S015hub2.perm__db_parse_p25,S,db_parse_p25,permissive,none,none,0,normal,resume,--db_mib 8 --index_mib 12 --parse_iters 120000 --refresh_ms 500 --refresh_kib 256 --timer 1 --timer_s 60 --watch 1 --substeps 1 --hub_conns 2 --hub_pending 8,[hub2 구성·permissive] ok — 이 라인의 자원은 해당 옵션에서 무해
S015hub2.perm__db_parse_p50,S,db_parse_p50,permissive,none,none,0,normal,resume,--db_mib 8 --index_mib 12 --parse_iters 120000 --refresh_ms 500 --refresh_kib 256 --timer 1 --timer_s 60 --watch 1 --substeps 1 --hub_conns 2 --hub_pending 8,[hub2 구성·permissive] ok — 이 라인의 자원은 해당 옵션에서 무해
S015hub2.perm__db_parse_p75,S,db_parse_p75,permissive,none,none,0,normal,resume,--db_mib 8 --index_mib 12 --parse_iters 120000 --refresh_ms 500 --refresh_kib 256 --timer 1 --timer_s 60 --watch 1 --substeps 1 --hub_conns 2 --hub_pending 8,[hub2 구성·permissive] ok — 이 라인의 자원은 해당 옵션에서 무해
S015hub2.perm__epg_index,S,epg_index,permissive,none,none,0,normal,resume,--db_mib 8 --index_mib 12 --parse_iters 120000 --refresh_ms 500 --refresh_kib 256 --timer 1 --timer_s 60 --watch 1 --substeps 1 --hub_conns 2 --hub_pending 8,[hub2 구성·permissive] ok — 이 라인의 자원은 해당 옵션에서 무해
S015hub2.perm__epg_index_p25,S,epg_index_p25,permissive,none,none,0,normal,resume,--db_mib 8 --index_mib 12 --parse_iters 120000 --refresh_ms 500 --refresh_kib 256 --timer 1 --timer_s 60 --watch 1 --substeps 1 --hub_conns 2 --hub_pending 8,[hub2 구성·permissive] ok — 이 라인의 자원은 해당 옵션에서 무해
S015hub2.perm__epg_index_p50,S,epg_index_p50,permissive,none,none,0,normal,resume,--db_mib 8 --index_mib 12 --parse_iters 120000 --refresh_ms 500 --refresh_kib 256 --timer 1 --timer_s 60 --watch 1 --substeps 1 --hub_conns 2 --hub_pending 8,[hub2 구성·permissive] ok — 이 라인의 자원은 해당 옵션에서 무해
S015hub2.perm__epg_index_p75,S,epg_index_p75,permissive,none,none,0,normal,resume,--db_mib 8 --index_mib 12 --parse_iters 120000 --refresh_ms 500 --refresh_kib 256 --timer 1 --timer_s 60 --watch 1 --substeps 1 --hub_conns 2 --hub_pending 8,[hub2 구성·permissive] ok — 이 라인의 자원은 해당 옵션에서 무해
S015hub2.perm__epg_text,S,epg_text,permissive,none,none,0,normal,resume,--db_mib 8 --index_mib 12 --parse_iters 120000 --refresh_ms 500 --refresh_kib 256 --timer 1 --timer_s 60 --watch 1 --substeps 1 --hub_conns 2 --hub_pending 8,[hub2 구성·permissive] ok — 이 라인의 자원은 해당 옵션에서 무해
S015hub2.perm__epg_reserve,S,epg_reserve,permissive,none,none,0,normal,resume,--db_mib 8 --index_mib 12 --parse_iters 120000 --refresh_ms 500 --refresh_kib 256 --timer 1 --timer_s 60 --watch 1 --substeps 1 --hub_conns 2 --hub_pending 8,[hub2 구성·permissive] ok — 이 라인의 자원은 해당 옵션에서 무해
S015hub2.perm__hub_conn1,S,hub_conn1,permissive,none,none,0,normal,resume,--db_mib 8 --index_mib 12 --parse_iters 120000 --refresh_ms 500 --refresh_kib 256 --timer 1 --timer_s 60 --watch 1 --substeps 1 --hub_conns 2 --hub_pending 8,"[hub2 구성·permissive] dump_fail — hub established는 옵션 불가 (경계선 2, 처방만이 답)"
S015hub2.perm__hub_conn2,S,hub_conn2,permissive,none,none,0,normal,resume,--db_mib 8 --index_mib 12 --parse_iters 120000 --refresh_ms 500 --refresh_kib 256 --timer 1 --timer_s 60 --watch 1 --substeps 1 --hub_conns 2 --hub_pending 8,"[hub2 구성·permissive] dump_fail — hub established는 옵션 불가 (경계선 2, 처방만이 답)"
S015hub2.perm__hub_subscribed,S,hub_subscribed,permissive,none,none,0,normal,resume,--db_mib 8 --index_mib 12 --parse_iters 120000 --refresh_ms 500 --refresh_kib 256 --timer 1 --timer_s 60 --watch 1 --substeps 1 --hub_conns 2 --hub_pending 8,"[hub2 구성·permissive] dump_fail — hub established는 옵션 불가 (경계선 2, 처방만이 답)"
S015hub2.perm__timer_armed,S,timer_armed,permissive,none,none,0,normal,resume,--db_mib 8 --index_mib 12 --parse_iters 120000 --refresh_ms 500 --refresh_kib 256 --timer 1 --timer_s 60 --watch 1 --substeps 1 --hub_conns 2 --hub_pending 8,"[hub2 구성·permissive] dump_fail — hub established는 옵션 불가 (경계선 2, 처방만이 답)"
S015hub2.perm__db_watch,S,db_watch,permissive,none,none,0,normal,resume,--db_mib 8 --index_mib 12 --parse_iters 120000 --refresh_ms 500 --refresh_kib 256 --timer 1 --timer_s 60 --watch 1 --substeps 1 --hub_conns 2 --hub_pending 8,"[hub2 구성·permissive] dump_fail — hub established는 옵션 불가 (경계선 2, 처방만이 답)"
S015hub2.perm__ready,S,ready,permissive,none,none,0,normal,"pong,stat",--db_mib 8 --index_mib 12 --parse_iters 120000 --refresh_ms 500 --refresh_kib 256 --timer 1 --timer_s 60 --watch 1 --substeps 1 --hub_conns 2 --hub_pending 8,"[hub2 구성·permissive] dump_fail — hub established는 옵션 불가 (경계선 2, 처방만이 답)"
S015hub2.perm__steady,S,steady,permissive,none,none,0,normal,"pong,stat",--db_mib 8 --index_mib 12 --parse_iters 120000 --refresh_ms 500 --refresh_kib 256 --timer 1 --timer_s 60 --watch 1 --substeps 1 --hub_conns 2 --hub_pending 8,"[hub2 구성·permissive] dump_fail — hub established는 옵션 불가 (경계선 2, 처방만이 답)"
S016hub4.stri__init,S,init,strict,none,none,0,normal,resume,--db_mib 8 --index_mib 12 --parse_iters 120000 --refresh_ms 500 --refresh_kib 256 --timer 1 --timer_s 60 --watch 1 --substeps 1 --hub_conns 4 --hub_pending 8,[hub4 구성·strict] ok — 이 라인의 자원은 해당 옵션에서 무해
S016hub4.stri__db_open,S,db_open,strict,none,none,0,normal,resume,--db_mib 8 --index_mib 12 --parse_iters 120000 --refresh_ms 500 --refresh_kib 256 --timer 1 --timer_s 60 --watch 1 --substeps 1 --hub_conns 4 --hub_pending 8,[hub4 구성·strict] ok — 이 라인의 자원은 해당 옵션에서 무해
S016hub4.stri__db_read,S,db_read,strict,none,none,0,normal,resume,--db_mib 8 --index_mib 12 --parse_iters 120000 --refresh_ms 500 --refresh_kib 256 --timer 1 --timer_s 60 --watch 1 --substeps 1 --hub_conns 4 --hub_pending 8,[hub4 구성·strict] ok — 이 라인의 자원은 해당 옵션에서 무해
S016hub4.stri__db_read_p25,S,db_read_p25,strict,none,none,0,normal,resume,--db_mib 8 --index_mib 12 --parse_iters 120000 --refresh_ms 500 --refresh_kib 256 --timer 1 --timer_s 60 --watch 1 --substeps 1 --hub_conns 4 --hub_pending 8,[hub4 구성·strict] ok — 이 라인의 자원은 해당 옵션에서 무해
S016hub4.stri__db_read_p50,S,db_read_p50,strict,none,none,0,normal,resume,--db_mib 8 --index_mib 12 --parse_iters 120000 --refresh_ms 500 --refresh_kib 256 --timer 1 --timer_s 60 --watch 1 --substeps 1 --hub_conns 4 --hub_pending 8,[hub4 구성·strict] ok — 이 라인의 자원은 해당 옵션에서 무해
S016hub4.stri__db_read_p75,S,db_read_p75,strict,none,none,0,normal,resume,--db_mib 8 --index_mib 12 --parse_iters 120000 --refresh_ms 500 --refresh_kib 256 --timer 1 --timer_s 60 --watch 1 --substeps 1 --hub_conns 4 --hub_pending 8,[hub4 구성·strict] ok — 이 라인의 자원은 해당 옵션에서 무해
S016hub4.stri__db_parse,S,db_parse,strict,none,none,0,normal,resume,--db_mib 8 --index_mib 12 --parse_iters 120000 --refresh_ms 500 --refresh_kib 256 --timer 1 --timer_s 60 --watch 1 --substeps 1 --hub_conns 4 --hub_pending 8,[hub4 구성·strict] ok — 이 라인의 자원은 해당 옵션에서 무해
S016hub4.stri__db_parse_p25,S,db_parse_p25,strict,none,none,0,normal,resume,--db_mib 8 --index_mib 12 --parse_iters 120000 --refresh_ms 500 --refresh_kib 256 --timer 1 --timer_s 60 --watch 1 --substeps 1 --hub_conns 4 --hub_pending 8,[hub4 구성·strict] ok — 이 라인의 자원은 해당 옵션에서 무해
S016hub4.stri__db_parse_p50,S,db_parse_p50,strict,none,none,0,normal,resume,--db_mib 8 --index_mib 12 --parse_iters 120000 --refresh_ms 500 --refresh_kib 256 --timer 1 --timer_s 60 --watch 1 --substeps 1 --hub_conns 4 --hub_pending 8,[hub4 구성·strict] ok — 이 라인의 자원은 해당 옵션에서 무해
S016hub4.stri__db_parse_p75,S,db_parse_p75,strict,none,none,0,normal,resume,--db_mib 8 --index_mib 12 --parse_iters 120000 --refresh_ms 500 --refresh_kib 256 --timer 1 --timer_s 60 --watch 1 --substeps 1 --hub_conns 4 --hub_pending 8,[hub4 구성·strict] ok — 이 라인의 자원은 해당 옵션에서 무해
S016hub4.stri__epg_index,S,epg_index,strict,none,none,0,normal,resume,--db_mib 8 --index_mib 12 --parse_iters 120000 --refresh_ms 500 --refresh_kib 256 --timer 1 --timer_s 60 --watch 1 --substeps 1 --hub_conns 4 --hub_pending 8,[hub4 구성·strict] ok — 이 라인의 자원은 해당 옵션에서 무해
S016hub4.stri__epg_index_p25,S,epg_index_p25,strict,none,none,0,normal,resume,--db_mib 8 --index_mib 12 --parse_iters 120000 --refresh_ms 500 --refresh_kib 256 --timer 1 --timer_s 60 --watch 1 --substeps 1 --hub_conns 4 --hub_pending 8,[hub4 구성·strict] ok — 이 라인의 자원은 해당 옵션에서 무해
S016hub4.stri__epg_index_p50,S,epg_index_p50,strict,none,none,0,normal,resume,--db_mib 8 --index_mib 12 --parse_iters 120000 --refresh_ms 500 --refresh_kib 256 --timer 1 --timer_s 60 --watch 1 --substeps 1 --hub_conns 4 --hub_pending 8,[hub4 구성·strict] ok — 이 라인의 자원은 해당 옵션에서 무해
S016hub4.stri__epg_index_p75,S,epg_index_p75,strict,none,none,0,normal,resume,--db_mib 8 --index_mib 12 --parse_iters 120000 --refresh_ms 500 --refresh_kib 256 --timer 1 --timer_s 60 --watch 1 --substeps 1 --hub_conns 4 --hub_pending 8,[hub4 구성·strict] ok — 이 라인의 자원은 해당 옵션에서 무해
S016hub4.stri__epg_text,S,epg_text,strict,none,none,0,normal,resume,--db_mib 8 --index_mib 12 --parse_iters 120000 --refresh_ms 500 --refresh_kib 256 --timer 1 --timer_s 60 --watch 1 --substeps 1 --hub_conns 4 --hub_pending 8,[hub4 구성·strict] ok — 이 라인의 자원은 해당 옵션에서 무해
S016hub4.stri__epg_reserve,S,epg_reserve,strict,none,none,0,normal,resume,--db_mib 8 --index_mib 12 --parse_iters 120000 --refresh_ms 500 --refresh_kib 256 --timer 1 --timer_s 60 --watch 1 --substeps 1 --hub_conns 4 --hub_pending 8,[hub4 구성·strict] ok — 이 라인의 자원은 해당 옵션에서 무해
S016hub4.stri__hub_conn1,S,hub_conn1,strict,none,none,0,normal,resume,--db_mib 8 --index_mib 12 --parse_iters 120000 --refresh_ms 500 --refresh_kib 256 --timer 1 --timer_s 60 --watch 1 --substeps 1 --hub_conns 4 --hub_pending 8,"[hub4 구성·strict] dump_fail — hub established는 옵션 불가 (경계선 2, 처방만이 답)"
S016hub4.stri__hub_conn2,S,hub_conn2,strict,none,none,0,normal,resume,--db_mib 8 --index_mib 12 --parse_iters 120000 --refresh_ms 500 --refresh_kib 256 --timer 1 --timer_s 60 --watch 1 --substeps 1 --hub_conns 4 --hub_pending 8,"[hub4 구성·strict] dump_fail — hub established는 옵션 불가 (경계선 2, 처방만이 답)"
S016hub4.stri__hub_conn3,S,hub_conn3,strict,none,none,0,normal,resume,--db_mib 8 --index_mib 12 --parse_iters 120000 --refresh_ms 500 --refresh_kib 256 --timer 1 --timer_s 60 --watch 1 --substeps 1 --hub_conns 4 --hub_pending 8,"[hub4 구성·strict] dump_fail — hub established는 옵션 불가 (경계선 2, 처방만이 답)"
S016hub4.stri__hub_conn4,S,hub_conn4,strict,none,none,0,normal,resume,--db_mib 8 --index_mib 12 --parse_iters 120000 --refresh_ms 500 --refresh_kib 256 --timer 1 --timer_s 60 --watch 1 --substeps 1 --hub_conns 4 --hub_pending 8,"[hub4 구성·strict] dump_fail — hub established는 옵션 불가 (경계선 2, 처방만이 답)"
S016hub4.stri__hub_subscribed,S,hub_subscribed,strict,none,none,0,normal,resume,--db_mib 8 --index_mib 12 --parse_iters 120000 --refresh_ms 500 --refresh_kib 256 --timer 1 --timer_s 60 --watch 1 --substeps 1 --hub_conns 4 --hub_pending 8,"[hub4 구성·strict] dump_fail — hub established는 옵션 불가 (경계선 2, 처방만이 답)"
S016hub4.stri__timer_armed,S,timer_armed,strict,none,none,0,normal,resume,--db_mib 8 --index_mib 12 --parse_iters 120000 --refresh_ms 500 --refresh_kib 256 --timer 1 --timer_s 60 --watch 1 --substeps 1 --hub_conns 4 --hub_pending 8,"[hub4 구성·strict] dump_fail — hub established는 옵션 불가 (경계선 2, 처방만이 답)"
S016hub4.stri__db_watch,S,db_watch,strict,none,none,0,normal,resume,--db_mib 8 --index_mib 12 --parse_iters 120000 --refresh_ms 500 --refresh_kib 256 --timer 1 --timer_s 60 --watch 1 --substeps 1 --hub_conns 4 --hub_pending 8,"[hub4 구성·strict] dump_fail — hub established는 옵션 불가 (경계선 2, 처방만이 답)"
S016hub4.stri__ready,S,ready,strict,none,none,0,normal,"pong,stat",--db_mib 8 --index_mib 12 --parse_iters 120000 --refresh_ms 500 --refresh_kib 256 --timer 1 --timer_s 60 --watch 1 --substeps 1 --hub_conns 4 --hub_pending 8,"[hub4 구성·strict] dump_fail — hub established는 옵션 불가 (경계선 2, 처방만이 답)"
S016hub4.stri__steady,S,steady,strict,none,none,0,normal,"pong,stat",--db_mib 8 --index_mib 12 --parse_iters 120000 --refresh_ms 500 --refresh_kib 256 --timer 1 --timer_s 60 --watch 1 --substeps 1 --hub_conns 4 --hub_pending 8,"[hub4 구성·strict] dump_fail — hub established는 옵션 불가 (경계선 2, 처방만이 답)"
S017hub4.ext___init,S,init,ext_unix,none,none,0,normal,resume,--db_mib 8 --index_mib 12 --parse_iters 120000 --refresh_ms 500 --refresh_kib 256 --timer 1 --timer_s 60 --watch 1 --substeps 1 --hub_conns 4 --hub_pending 8,[hub4 구성·ext_unix] ok — 이 라인의 자원은 해당 옵션에서 무해
S017hub4.ext___db_open,S,db_open,ext_unix,none,none,0,normal,resume,--db_mib 8 --index_mib 12 --parse_iters 120000 --refresh_ms 500 --refresh_kib 256 --timer 1 --timer_s 60 --watch 1 --substeps 1 --hub_conns 4 --hub_pending 8,[hub4 구성·ext_unix] ok — 이 라인의 자원은 해당 옵션에서 무해
S017hub4.ext___db_read,S,db_read,ext_unix,none,none,0,normal,resume,--db_mib 8 --index_mib 12 --parse_iters 120000 --refresh_ms 500 --refresh_kib 256 --timer 1 --timer_s 60 --watch 1 --substeps 1 --hub_conns 4 --hub_pending 8,[hub4 구성·ext_unix] ok — 이 라인의 자원은 해당 옵션에서 무해
S017hub4.ext___db_read_p25,S,db_read_p25,ext_unix,none,none,0,normal,resume,--db_mib 8 --index_mib 12 --parse_iters 120000 --refresh_ms 500 --refresh_kib 256 --timer 1 --timer_s 60 --watch 1 --substeps 1 --hub_conns 4 --hub_pending 8,[hub4 구성·ext_unix] ok — 이 라인의 자원은 해당 옵션에서 무해
S017hub4.ext___db_read_p50,S,db_read_p50,ext_unix,none,none,0,normal,resume,--db_mib 8 --index_mib 12 --parse_iters 120000 --refresh_ms 500 --refresh_kib 256 --timer 1 --timer_s 60 --watch 1 --substeps 1 --hub_conns 4 --hub_pending 8,[hub4 구성·ext_unix] ok — 이 라인의 자원은 해당 옵션에서 무해
S017hub4.ext___db_read_p75,S,db_read_p75,ext_unix,none,none,0,normal,resume,--db_mib 8 --index_mib 12 --parse_iters 120000 --refresh_ms 500 --refresh_kib 256 --timer 1 --timer_s 60 --watch 1 --substeps 1 --hub_conns 4 --hub_pending 8,[hub4 구성·ext_unix] ok — 이 라인의 자원은 해당 옵션에서 무해
S017hub4.ext___db_parse,S,db_parse,ext_unix,none,none,0,normal,resume,--db_mib 8 --index_mib 12 --parse_iters 120000 --refresh_ms 500 --refresh_kib 256 --timer 1 --timer_s 60 --watch 1 --substeps 1 --hub_conns 4 --hub_pending 8,[hub4 구성·ext_unix] ok — 이 라인의 자원은 해당 옵션에서 무해
S017hub4.ext___db_parse_p25,S,db_parse_p25,ext_unix,none,none,0,normal,resume,--db_mib 8 --index_mib 12 --parse_iters 120000 --refresh_ms 500 --refresh_kib 256 --timer 1 --timer_s 60 --watch 1 --substeps 1 --hub_conns 4 --hub_pending 8,[hub4 구성·ext_unix] ok — 이 라인의 자원은 해당 옵션에서 무해
S017hub4.ext___db_parse_p50,S,db_parse_p50,ext_unix,none,none,0,normal,resume,--db_mib 8 --index_mib 12 --parse_iters 120000 --refresh_ms 500 --refresh_kib 256 --timer 1 --timer_s 60 --watch 1 --substeps 1 --hub_conns 4 --hub_pending 8,[hub4 구성·ext_unix] ok — 이 라인의 자원은 해당 옵션에서 무해
S017hub4.ext___db_parse_p75,S,db_parse_p75,ext_unix,none,none,0,normal,resume,--db_mib 8 --index_mib 12 --parse_iters 120000 --refresh_ms 500 --refresh_kib 256 --timer 1 --timer_s 60 --watch 1 --substeps 1 --hub_conns 4 --hub_pending 8,[hub4 구성·ext_unix] ok — 이 라인의 자원은 해당 옵션에서 무해
S017hub4.ext___epg_index,S,epg_index,ext_unix,none,none,0,normal,resume,--db_mib 8 --index_mib 12 --parse_iters 120000 --refresh_ms 500 --refresh_kib 256 --timer 1 --timer_s 60 --watch 1 --substeps 1 --hub_conns 4 --hub_pending 8,[hub4 구성·ext_unix] ok — 이 라인의 자원은 해당 옵션에서 무해
S017hub4.ext___epg_index_p25,S,epg_index_p25,ext_unix,none,none,0,normal,resume,--db_mib 8 --index_mib 12 --parse_iters 120000 --refresh_ms 500 --refresh_kib 256 --timer 1 --timer_s 60 --watch 1 --substeps 1 --hub_conns 4 --hub_pending 8,[hub4 구성·ext_unix] ok — 이 라인의 자원은 해당 옵션에서 무해
S017hub4.ext___epg_index_p50,S,epg_index_p50,ext_unix,none,none,0,normal,resume,--db_mib 8 --index_mib 12 --parse_iters 120000 --refresh_ms 500 --refresh_kib 256 --timer 1 --timer_s 60 --watch 1 --substeps 1 --hub_conns 4 --hub_pending 8,[hub4 구성·ext_unix] ok — 이 라인의 자원은 해당 옵션에서 무해
S017hub4.ext___epg_index_p75,S,epg_index_p75,ext_unix,none,none,0,normal,resume,--db_mib 8 --index_mib 12 --parse_iters 120000 --refresh_ms 500 --refresh_kib 256 --timer 1 --timer_s 60 --watch 1 --substeps 1 --hub_conns 4 --hub_pending 8,[hub4 구성·ext_unix] ok — 이 라인의 자원은 해당 옵션에서 무해
S017hub4.ext___epg_text,S,epg_text,ext_unix,none,none,0,normal,resume,--db_mib 8 --index_mib 12 --parse_iters 120000 --refresh_ms 500 --refresh_kib 256 --timer 1 --timer_s 60 --watch 1 --substeps 1 --hub_conns 4 --hub_pending 8,[hub4 구성·ext_unix] ok — 이 라인의 자원은 해당 옵션에서 무해
S017hub4.ext___epg_reserve,S,epg_reserve,ext_unix,none,none,0,normal,resume,--db_mib 8 --index_mib 12 --parse_iters 120000 --refresh_ms 500 --refresh_kib 256 --timer 1 --timer_s 60 --watch 1 --substeps 1 --hub_conns 4 --hub_pending 8,[hub4 구성·ext_unix] ok — 이 라인의 자원은 해당 옵션에서 무해
S017hub4.ext___hub_conn1,S,hub_conn1,ext_unix,none,none,0,normal,resume,--db_mib 8 --index_mib 12 --parse_iters 120000 --refresh_ms 500 --refresh_kib 256 --timer 1 --timer_s 60 --watch 1 --substeps 1 --hub_conns 4 --hub_pending 8,"[hub4 구성·ext_unix] dump_fail — hub established는 옵션 불가 (경계선 2, 처방만이 답)"
S017hub4.ext___hub_conn2,S,hub_conn2,ext_unix,none,none,0,normal,resume,--db_mib 8 --index_mib 12 --parse_iters 120000 --refresh_ms 500 --refresh_kib 256 --timer 1 --timer_s 60 --watch 1 --substeps 1 --hub_conns 4 --hub_pending 8,"[hub4 구성·ext_unix] dump_fail — hub established는 옵션 불가 (경계선 2, 처방만이 답)"
S017hub4.ext___hub_conn3,S,hub_conn3,ext_unix,none,none,0,normal,resume,--db_mib 8 --index_mib 12 --parse_iters 120000 --refresh_ms 500 --refresh_kib 256 --timer 1 --timer_s 60 --watch 1 --substeps 1 --hub_conns 4 --hub_pending 8,"[hub4 구성·ext_unix] dump_fail — hub established는 옵션 불가 (경계선 2, 처방만이 답)"
S017hub4.ext___hub_conn4,S,hub_conn4,ext_unix,none,none,0,normal,resume,--db_mib 8 --index_mib 12 --parse_iters 120000 --refresh_ms 500 --refresh_kib 256 --timer 1 --timer_s 60 --watch 1 --substeps 1 --hub_conns 4 --hub_pending 8,"[hub4 구성·ext_unix] dump_fail — hub established는 옵션 불가 (경계선 2, 처방만이 답)"
S017hub4.ext___hub_subscribed,S,hub_subscribed,ext_unix,none,none,0,normal,resume,--db_mib 8 --index_mib 12 --parse_iters 120000 --refresh_ms 500 --refresh_kib 256 --timer 1 --timer_s 60 --watch 1 --substeps 1 --hub_conns 4 --hub_pending 8,"[hub4 구성·ext_unix] dump_fail — hub established는 옵션 불가 (경계선 2, 처방만이 답)"
S017hub4.ext___timer_armed,S,timer_armed,ext_unix,none,none,0,normal,resume,--db_mib 8 --index_mib 12 --parse_iters 120000 --refresh_ms 500 --refresh_kib 256 --timer 1 --timer_s 60 --watch 1 --substeps 1 --hub_conns 4 --hub_pending 8,"[hub4 구성·ext_unix] dump_fail — hub established는 옵션 불가 (경계선 2, 처방만이 답)"
S017hub4.ext___db_watch,S,db_watch,ext_unix,none,none,0,normal,resume,--db_mib 8 --index_mib 12 --parse_iters 120000 --refresh_ms 500 --refresh_kib 256 --timer 1 --timer_s 60 --watch 1 --substeps 1 --hub_conns 4 --hub_pending 8,"[hub4 구성·ext_unix] dump_fail — hub established는 옵션 불가 (경계선 2, 처방만이 답)"
S017hub4.ext___ready,S,ready,ext_unix,none,none,0,normal,"pong,stat",--db_mib 8 --index_mib 12 --parse_iters 120000 --refresh_ms 500 --refresh_kib 256 --timer 1 --timer_s 60 --watch 1 --substeps 1 --hub_conns 4 --hub_pending 8,"[hub4 구성·ext_unix] dump_fail — hub established는 옵션 불가 (경계선 2, 처방만이 답)"
S017hub4.ext___steady,S,steady,ext_unix,none,none,0,normal,"pong,stat",--db_mib 8 --index_mib 12 --parse_iters 120000 --refresh_ms 500 --refresh_kib 256 --timer 1 --timer_s 60 --watch 1 --substeps 1 --hub_conns 4 --hub_pending 8,"[hub4 구성·ext_unix] dump_fail — hub established는 옵션 불가 (경계선 2, 처방만이 답)"
S018hub4.tcp___init,S,init,tcp_est,none,none,0,normal,resume,--db_mib 8 --index_mib 12 --parse_iters 120000 --refresh_ms 500 --refresh_kib 256 --timer 1 --timer_s 60 --watch 1 --substeps 1 --hub_conns 4 --hub_pending 8,[hub4 구성·tcp_est] ok — 이 라인의 자원은 해당 옵션에서 무해
S018hub4.tcp___db_open,S,db_open,tcp_est,none,none,0,normal,resume,--db_mib 8 --index_mib 12 --parse_iters 120000 --refresh_ms 500 --refresh_kib 256 --timer 1 --timer_s 60 --watch 1 --substeps 1 --hub_conns 4 --hub_pending 8,[hub4 구성·tcp_est] ok — 이 라인의 자원은 해당 옵션에서 무해
S018hub4.tcp___db_read,S,db_read,tcp_est,none,none,0,normal,resume,--db_mib 8 --index_mib 12 --parse_iters 120000 --refresh_ms 500 --refresh_kib 256 --timer 1 --timer_s 60 --watch 1 --substeps 1 --hub_conns 4 --hub_pending 8,[hub4 구성·tcp_est] ok — 이 라인의 자원은 해당 옵션에서 무해
S018hub4.tcp___db_read_p25,S,db_read_p25,tcp_est,none,none,0,normal,resume,--db_mib 8 --index_mib 12 --parse_iters 120000 --refresh_ms 500 --refresh_kib 256 --timer 1 --timer_s 60 --watch 1 --substeps 1 --hub_conns 4 --hub_pending 8,[hub4 구성·tcp_est] ok — 이 라인의 자원은 해당 옵션에서 무해
S018hub4.tcp___db_read_p50,S,db_read_p50,tcp_est,none,none,0,normal,resume,--db_mib 8 --index_mib 12 --parse_iters 120000 --refresh_ms 500 --refresh_kib 256 --timer 1 --timer_s 60 --watch 1 --substeps 1 --hub_conns 4 --hub_pending 8,[hub4 구성·tcp_est] ok — 이 라인의 자원은 해당 옵션에서 무해
S018hub4.tcp___db_read_p75,S,db_read_p75,tcp_est,none,none,0,normal,resume,--db_mib 8 --index_mib 12 --parse_iters 120000 --refresh_ms 500 --refresh_kib 256 --timer 1 --timer_s 60 --watch 1 --substeps 1 --hub_conns 4 --hub_pending 8,[hub4 구성·tcp_est] ok — 이 라인의 자원은 해당 옵션에서 무해
S018hub4.tcp___db_parse,S,db_parse,tcp_est,none,none,0,normal,resume,--db_mib 8 --index_mib 12 --parse_iters 120000 --refresh_ms 500 --refresh_kib 256 --timer 1 --timer_s 60 --watch 1 --substeps 1 --hub_conns 4 --hub_pending 8,[hub4 구성·tcp_est] ok — 이 라인의 자원은 해당 옵션에서 무해
S018hub4.tcp___db_parse_p25,S,db_parse_p25,tcp_est,none,none,0,normal,resume,--db_mib 8 --index_mib 12 --parse_iters 120000 --refresh_ms 500 --refresh_kib 256 --timer 1 --timer_s 60 --watch 1 --substeps 1 --hub_conns 4 --hub_pending 8,[hub4 구성·tcp_est] ok — 이 라인의 자원은 해당 옵션에서 무해
S018hub4.tcp___db_parse_p50,S,db_parse_p50,tcp_est,none,none,0,normal,resume,--db_mib 8 --index_mib 12 --parse_iters 120000 --refresh_ms 500 --refresh_kib 256 --timer 1 --timer_s 60 --watch 1 --substeps 1 --hub_conns 4 --hub_pending 8,[hub4 구성·tcp_est] ok — 이 라인의 자원은 해당 옵션에서 무해
S018hub4.tcp___db_parse_p75,S,db_parse_p75,tcp_est,none,none,0,normal,resume,--db_mib 8 --index_mib 12 --parse_iters 120000 --refresh_ms 500 --refresh_kib 256 --timer 1 --timer_s 60 --watch 1 --substeps 1 --hub_conns 4 --hub_pending 8,[hub4 구성·tcp_est] ok — 이 라인의 자원은 해당 옵션에서 무해
S018hub4.tcp___epg_index,S,epg_index,tcp_est,none,none,0,normal,resume,--db_mib 8 --index_mib 12 --parse_iters 120000 --refresh_ms 500 --refresh_kib 256 --timer 1 --timer_s 60 --watch 1 --substeps 1 --hub_conns 4 --hub_pending 8,[hub4 구성·tcp_est] ok — 이 라인의 자원은 해당 옵션에서 무해
S018hub4.tcp___epg_index_p25,S,epg_index_p25,tcp_est,none,none,0,normal,resume,--db_mib 8 --index_mib 12 --parse_iters 120000 --refresh_ms 500 --refresh_kib 256 --timer 1 --timer_s 60 --watch 1 --substeps 1 --hub_conns 4 --hub_pending 8,[hub4 구성·tcp_est] ok — 이 라인의 자원은 해당 옵션에서 무해
S018hub4.tcp___epg_index_p50,S,epg_index_p50,tcp_est,none,none,0,normal,resume,--db_mib 8 --index_mib 12 --parse_iters 120000 --refresh_ms 500 --refresh_kib 256 --timer 1 --timer_s 60 --watch 1 --substeps 1 --hub_conns 4 --hub_pending 8,[hub4 구성·tcp_est] ok — 이 라인의 자원은 해당 옵션에서 무해
S018hub4.tcp___epg_index_p75,S,epg_index_p75,tcp_est,none,none,0,normal,resume,--db_mib 8 --index_mib 12 --parse_iters 120000 --refresh_ms 500 --refresh_kib 256 --timer 1 --timer_s 60 --watch 1 --substeps 1 --hub_conns 4 --hub_pending 8,[hub4 구성·tcp_est] ok — 이 라인의 자원은 해당 옵션에서 무해
S018hub4.tcp___epg_text,S,epg_text,tcp_est,none,none,0,normal,resume,--db_mib 8 --index_mib 12 --parse_iters 120000 --refresh_ms 500 --refresh_kib 256 --timer 1 --timer_s 60 --watch 1 --substeps 1 --hub_conns 4 --hub_pending 8,[hub4 구성·tcp_est] ok — 이 라인의 자원은 해당 옵션에서 무해
S018hub4.tcp___epg_reserve,S,epg_reserve,tcp_est,none,none,0,normal,resume,--db_mib 8 --index_mib 12 --parse_iters 120000 --refresh_ms 500 --refresh_kib 256 --timer 1 --timer_s 60 --watch 1 --substeps 1 --hub_conns 4 --hub_pending 8,[hub4 구성·tcp_est] ok — 이 라인의 자원은 해당 옵션에서 무해
S018hub4.tcp___hub_conn1,S,hub_conn1,tcp_est,none,none,0,normal,resume,--db_mib 8 --index_mib 12 --parse_iters 120000 --refresh_ms 500 --refresh_kib 256 --timer 1 --timer_s 60 --watch 1 --substeps 1 --hub_conns 4 --hub_pending 8,"[hub4 구성·tcp_est] dump_fail — hub established는 옵션 불가 (경계선 2, 처방만이 답)"
S018hub4.tcp___hub_conn2,S,hub_conn2,tcp_est,none,none,0,normal,resume,--db_mib 8 --index_mib 12 --parse_iters 120000 --refresh_ms 500 --refresh_kib 256 --timer 1 --timer_s 60 --watch 1 --substeps 1 --hub_conns 4 --hub_pending 8,"[hub4 구성·tcp_est] dump_fail — hub established는 옵션 불가 (경계선 2, 처방만이 답)"
S018hub4.tcp___hub_conn3,S,hub_conn3,tcp_est,none,none,0,normal,resume,--db_mib 8 --index_mib 12 --parse_iters 120000 --refresh_ms 500 --refresh_kib 256 --timer 1 --timer_s 60 --watch 1 --substeps 1 --hub_conns 4 --hub_pending 8,"[hub4 구성·tcp_est] dump_fail — hub established는 옵션 불가 (경계선 2, 처방만이 답)"
S018hub4.tcp___hub_conn4,S,hub_conn4,tcp_est,none,none,0,normal,resume,--db_mib 8 --index_mib 12 --parse_iters 120000 --refresh_ms 500 --refresh_kib 256 --timer 1 --timer_s 60 --watch 1 --substeps 1 --hub_conns 4 --hub_pending 8,"[hub4 구성·tcp_est] dump_fail — hub established는 옵션 불가 (경계선 2, 처방만이 답)"
S018hub4.tcp___hub_subscribed,S,hub_subscribed,tcp_est,none,none,0,normal,resume,--db_mib 8 --index_mib 12 --parse_iters 120000 --refresh_ms 500 --refresh_kib 256 --timer 1 --timer_s 60 --watch 1 --substeps 1 --hub_conns 4 --hub_pending 8,"[hub4 구성·tcp_est] dump_fail — hub established는 옵션 불가 (경계선 2, 처방만이 답)"
S018hub4.tcp___timer_armed,S,timer_armed,tcp_est,none,none,0,normal,resume,--db_mib 8 --index_mib 12 --parse_iters 120000 --refresh_ms 500 --refresh_kib 256 --timer 1 --timer_s 60 --watch 1 --substeps 1 --hub_conns 4 --hub_pending 8,"[hub4 구성·tcp_est] dump_fail — hub established는 옵션 불가 (경계선 2, 처방만이 답)"
S018hub4.tcp___db_watch,S,db_watch,tcp_est,none,none,0,normal,resume,--db_mib 8 --index_mib 12 --parse_iters 120000 --refresh_ms 500 --refresh_kib 256 --timer 1 --timer_s 60 --watch 1 --substeps 1 --hub_conns 4 --hub_pending 8,"[hub4 구성·tcp_est] dump_fail — hub established는 옵션 불가 (경계선 2, 처방만이 답)"
S018hub4.tcp___ready,S,ready,tcp_est,none,none,0,normal,"pong,stat",--db_mib 8 --index_mib 12 --parse_iters 120000 --refresh_ms 500 --refresh_kib 256 --timer 1 --timer_s 60 --watch 1 --substeps 1 --hub_conns 4 --hub_pending 8,"[hub4 구성·tcp_est] dump_fail — hub established는 옵션 불가 (경계선 2, 처방만이 답)"
S018hub4.tcp___steady,S,steady,tcp_est,none,none,0,normal,"pong,stat",--db_mib 8 --index_mib 12 --parse_iters 120000 --refresh_ms 500 --refresh_kib 256 --timer 1 --timer_s 60 --watch 1 --substeps 1 --hub_conns 4 --hub_pending 8,"[hub4 구성·tcp_est] dump_fail — hub established는 옵션 불가 (경계선 2, 처방만이 답)"
S019hub4.file__init,S,init,filelocks,none,none,0,normal,resume,--db_mib 8 --index_mib 12 --parse_iters 120000 --refresh_ms 500 --refresh_kib 256 --timer 1 --timer_s 60 --watch 1 --substeps 1 --hub_conns 4 --hub_pending 8,[hub4 구성·filelocks] ok — 이 라인의 자원은 해당 옵션에서 무해
S019hub4.file__db_open,S,db_open,filelocks,none,none,0,normal,resume,--db_mib 8 --index_mib 12 --parse_iters 120000 --refresh_ms 500 --refresh_kib 256 --timer 1 --timer_s 60 --watch 1 --substeps 1 --hub_conns 4 --hub_pending 8,[hub4 구성·filelocks] ok — 이 라인의 자원은 해당 옵션에서 무해
S019hub4.file__db_read,S,db_read,filelocks,none,none,0,normal,resume,--db_mib 8 --index_mib 12 --parse_iters 120000 --refresh_ms 500 --refresh_kib 256 --timer 1 --timer_s 60 --watch 1 --substeps 1 --hub_conns 4 --hub_pending 8,[hub4 구성·filelocks] ok — 이 라인의 자원은 해당 옵션에서 무해
S019hub4.file__db_read_p25,S,db_read_p25,filelocks,none,none,0,normal,resume,--db_mib 8 --index_mib 12 --parse_iters 120000 --refresh_ms 500 --refresh_kib 256 --timer 1 --timer_s 60 --watch 1 --substeps 1 --hub_conns 4 --hub_pending 8,[hub4 구성·filelocks] ok — 이 라인의 자원은 해당 옵션에서 무해
S019hub4.file__db_read_p50,S,db_read_p50,filelocks,none,none,0,normal,resume,--db_mib 8 --index_mib 12 --parse_iters 120000 --refresh_ms 500 --refresh_kib 256 --timer 1 --timer_s 60 --watch 1 --substeps 1 --hub_conns 4 --hub_pending 8,[hub4 구성·filelocks] ok — 이 라인의 자원은 해당 옵션에서 무해
S019hub4.file__db_read_p75,S,db_read_p75,filelocks,none,none,0,normal,resume,--db_mib 8 --index_mib 12 --parse_iters 120000 --refresh_ms 500 --refresh_kib 256 --timer 1 --timer_s 60 --watch 1 --substeps 1 --hub_conns 4 --hub_pending 8,[hub4 구성·filelocks] ok — 이 라인의 자원은 해당 옵션에서 무해
S019hub4.file__db_parse,S,db_parse,filelocks,none,none,0,normal,resume,--db_mib 8 --index_mib 12 --parse_iters 120000 --refresh_ms 500 --refresh_kib 256 --timer 1 --timer_s 60 --watch 1 --substeps 1 --hub_conns 4 --hub_pending 8,[hub4 구성·filelocks] ok — 이 라인의 자원은 해당 옵션에서 무해
S019hub4.file__db_parse_p25,S,db_parse_p25,filelocks,none,none,0,normal,resume,--db_mib 8 --index_mib 12 --parse_iters 120000 --refresh_ms 500 --refresh_kib 256 --timer 1 --timer_s 60 --watch 1 --substeps 1 --hub_conns 4 --hub_pending 8,[hub4 구성·filelocks] ok — 이 라인의 자원은 해당 옵션에서 무해
S019hub4.file__db_parse_p50,S,db_parse_p50,filelocks,none,none,0,normal,resume,--db_mib 8 --index_mib 12 --parse_iters 120000 --refresh_ms 500 --refresh_kib 256 --timer 1 --timer_s 60 --watch 1 --substeps 1 --hub_conns 4 --hub_pending 8,[hub4 구성·filelocks] ok — 이 라인의 자원은 해당 옵션에서 무해
S019hub4.file__db_parse_p75,S,db_parse_p75,filelocks,none,none,0,normal,resume,--db_mib 8 --index_mib 12 --parse_iters 120000 --refresh_ms 500 --refresh_kib 256 --timer 1 --timer_s 60 --watch 1 --substeps 1 --hub_conns 4 --hub_pending 8,[hub4 구성·filelocks] ok — 이 라인의 자원은 해당 옵션에서 무해
S019hub4.file__epg_index,S,epg_index,filelocks,none,none,0,normal,resume,--db_mib 8 --index_mib 12 --parse_iters 120000 --refresh_ms 500 --refresh_kib 256 --timer 1 --timer_s 60 --watch 1 --substeps 1 --hub_conns 4 --hub_pending 8,[hub4 구성·filelocks] ok — 이 라인의 자원은 해당 옵션에서 무해
S019hub4.file__epg_index_p25,S,epg_index_p25,filelocks,none,none,0,normal,resume,--db_mib 8 --index_mib 12 --parse_iters 120000 --refresh_ms 500 --refresh_kib 256 --timer 1 --timer_s 60 --watch 1 --substeps 1 --hub_conns 4 --hub_pending 8,[hub4 구성·filelocks] ok — 이 라인의 자원은 해당 옵션에서 무해
S019hub4.file__epg_index_p50,S,epg_index_p50,filelocks,none,none,0,normal,resume,--db_mib 8 --index_mib 12 --parse_iters 120000 --refresh_ms 500 --refresh_kib 256 --timer 1 --timer_s 60 --watch 1 --substeps 1 --hub_conns 4 --hub_pending 8,[hub4 구성·filelocks] ok — 이 라인의 자원은 해당 옵션에서 무해
S019hub4.file__epg_index_p75,S,epg_index_p75,filelocks,none,none,0,normal,resume,--db_mib 8 --index_mib 12 --parse_iters 120000 --refresh_ms 500 --refresh_kib 256 --timer 1 --timer_s 60 --watch 1 --substeps 1 --hub_conns 4 --hub_pending 8,[hub4 구성·filelocks] ok — 이 라인의 자원은 해당 옵션에서 무해
S019hub4.file__epg_text,S,epg_text,filelocks,none,none,0,normal,resume,--db_mib 8 --index_mib 12 --parse_iters 120000 --refresh_ms 500 --refresh_kib 256 --timer 1 --timer_s 60 --watch 1 --substeps 1 --hub_conns 4 --hub_pending 8,[hub4 구성·filelocks] ok — 이 라인의 자원은 해당 옵션에서 무해
S019hub4.file__epg_reserve,S,epg_reserve,filelocks,none,none,0,normal,resume,--db_mib 8 --index_mib 12 --parse_iters 120000 --refresh_ms 500 --refresh_kib 256 --timer 1 --timer_s 60 --watch 1 --substeps 1 --hub_conns 4 --hub_pending 8,[hub4 구성·filelocks] ok — 이 라인의 자원은 해당 옵션에서 무해
S019hub4.file__hub_conn1,S,hub_conn1,filelocks,none,none,0,normal,resume,--db_mib 8 --index_mib 12 --parse_iters 120000 --refresh_ms 500 --refresh_kib 256 --timer 1 --timer_s 60 --watch 1 --substeps 1 --hub_conns 4 --hub_pending 8,"[hub4 구성·filelocks] dump_fail — hub established는 옵션 불가 (경계선 2, 처방만이 답)"
S019hub4.file__hub_conn2,S,hub_conn2,filelocks,none,none,0,normal,resume,--db_mib 8 --index_mib 12 --parse_iters 120000 --refresh_ms 500 --refresh_kib 256 --timer 1 --timer_s 60 --watch 1 --substeps 1 --hub_conns 4 --hub_pending 8,"[hub4 구성·filelocks] dump_fail — hub established는 옵션 불가 (경계선 2, 처방만이 답)"
S019hub4.file__hub_conn3,S,hub_conn3,filelocks,none,none,0,normal,resume,--db_mib 8 --index_mib 12 --parse_iters 120000 --refresh_ms 500 --refresh_kib 256 --timer 1 --timer_s 60 --watch 1 --substeps 1 --hub_conns 4 --hub_pending 8,"[hub4 구성·filelocks] dump_fail — hub established는 옵션 불가 (경계선 2, 처방만이 답)"
S019hub4.file__hub_conn4,S,hub_conn4,filelocks,none,none,0,normal,resume,--db_mib 8 --index_mib 12 --parse_iters 120000 --refresh_ms 500 --refresh_kib 256 --timer 1 --timer_s 60 --watch 1 --substeps 1 --hub_conns 4 --hub_pending 8,"[hub4 구성·filelocks] dump_fail — hub established는 옵션 불가 (경계선 2, 처방만이 답)"
S019hub4.file__hub_subscribed,S,hub_subscribed,filelocks,none,none,0,normal,resume,--db_mib 8 --index_mib 12 --parse_iters 120000 --refresh_ms 500 --refresh_kib 256 --timer 1 --timer_s 60 --watch 1 --substeps 1 --hub_conns 4 --hub_pending 8,"[hub4 구성·filelocks] dump_fail — hub established는 옵션 불가 (경계선 2, 처방만이 답)"
S019hub4.file__timer_armed,S,timer_armed,filelocks,none,none,0,normal,resume,--db_mib 8 --index_mib 12 --parse_iters 120000 --refresh_ms 500 --refresh_kib 256 --timer 1 --timer_s 60 --watch 1 --substeps 1 --hub_conns 4 --hub_pending 8,"[hub4 구성·filelocks] dump_fail — hub established는 옵션 불가 (경계선 2, 처방만이 답)"
S019hub4.file__db_watch,S,db_watch,filelocks,none,none,0,normal,resume,--db_mib 8 --index_mib 12 --parse_iters 120000 --refresh_ms 500 --refresh_kib 256 --timer 1 --timer_s 60 --watch 1 --substeps 1 --hub_conns 4 --hub_pending 8,"[hub4 구성·filelocks] dump_fail — hub established는 옵션 불가 (경계선 2, 처방만이 답)"
S019hub4.file__ready,S,ready,filelocks,none,none,0,normal,"pong,stat",--db_mib 8 --index_mib 12 --parse_iters 120000 --refresh_ms 500 --refresh_kib 256 --timer 1 --timer_s 60 --watch 1 --substeps 1 --hub_conns 4 --hub_pending 8,"[hub4 구성·filelocks] dump_fail — hub established는 옵션 불가 (경계선 2, 처방만이 답)"
S019hub4.file__steady,S,steady,filelocks,none,none,0,normal,"pong,stat",--db_mib 8 --index_mib 12 --parse_iters 120000 --refresh_ms 500 --refresh_kib 256 --timer 1 --timer_s 60 --watch 1 --substeps 1 --hub_conns 4 --hub_pending 8,"[hub4 구성·filelocks] dump_fail — hub established는 옵션 불가 (경계선 2, 처방만이 답)"
S020hub4.perm__init,S,init,permissive,none,none,0,normal,resume,--db_mib 8 --index_mib 12 --parse_iters 120000 --refresh_ms 500 --refresh_kib 256 --timer 1 --timer_s 60 --watch 1 --substeps 1 --hub_conns 4 --hub_pending 8,[hub4 구성·permissive] ok — 이 라인의 자원은 해당 옵션에서 무해
S020hub4.perm__db_open,S,db_open,permissive,none,none,0,normal,resume,--db_mib 8 --index_mib 12 --parse_iters 120000 --refresh_ms 500 --refresh_kib 256 --timer 1 --timer_s 60 --watch 1 --substeps 1 --hub_conns 4 --hub_pending 8,[hub4 구성·permissive] ok — 이 라인의 자원은 해당 옵션에서 무해
S020hub4.perm__db_read,S,db_read,permissive,none,none,0,normal,resume,--db_mib 8 --index_mib 12 --parse_iters 120000 --refresh_ms 500 --refresh_kib 256 --timer 1 --timer_s 60 --watch 1 --substeps 1 --hub_conns 4 --hub_pending 8,[hub4 구성·permissive] ok — 이 라인의 자원은 해당 옵션에서 무해
S020hub4.perm__db_read_p25,S,db_read_p25,permissive,none,none,0,normal,resume,--db_mib 8 --index_mib 12 --parse_iters 120000 --refresh_ms 500 --refresh_kib 256 --timer 1 --timer_s 60 --watch 1 --substeps 1 --hub_conns 4 --hub_pending 8,[hub4 구성·permissive] ok — 이 라인의 자원은 해당 옵션에서 무해
S020hub4.perm__db_read_p50,S,db_read_p50,permissive,none,none,0,normal,resume,--db_mib 8 --index_mib 12 --parse_iters 120000 --refresh_ms 500 --refresh_kib 256 --timer 1 --timer_s 60 --watch 1 --substeps 1 --hub_conns 4 --hub_pending 8,[hub4 구성·permissive] ok — 이 라인의 자원은 해당 옵션에서 무해
S020hub4.perm__db_read_p75,S,db_read_p75,permissive,none,none,0,normal,resume,--db_mib 8 --index_mib 12 --parse_iters 120000 --refresh_ms 500 --refresh_kib 256 --timer 1 --timer_s 60 --watch 1 --substeps 1 --hub_conns 4 --hub_pending 8,[hub4 구성·permissive] ok — 이 라인의 자원은 해당 옵션에서 무해
S020hub4.perm__db_parse,S,db_parse,permissive,none,none,0,normal,resume,--db_mib 8 --index_mib 12 --parse_iters 120000 --refresh_ms 500 --refresh_kib 256 --timer 1 --timer_s 60 --watch 1 --substeps 1 --hub_conns 4 --hub_pending 8,[hub4 구성·permissive] ok — 이 라인의 자원은 해당 옵션에서 무해
S020hub4.perm__db_parse_p25,S,db_parse_p25,permissive,none,none,0,normal,resume,--db_mib 8 --index_mib 12 --parse_iters 120000 --refresh_ms 500 --refresh_kib 256 --timer 1 --timer_s 60 --watch 1 --substeps 1 --hub_conns 4 --hub_pending 8,[hub4 구성·permissive] ok — 이 라인의 자원은 해당 옵션에서 무해
S020hub4.perm__db_parse_p50,S,db_parse_p50,permissive,none,none,0,normal,resume,--db_mib 8 --index_mib 12 --parse_iters 120000 --refresh_ms 500 --refresh_kib 256 --timer 1 --timer_s 60 --watch 1 --substeps 1 --hub_conns 4 --hub_pending 8,[hub4 구성·permissive] ok — 이 라인의 자원은 해당 옵션에서 무해
S020hub4.perm__db_parse_p75,S,db_parse_p75,permissive,none,none,0,normal,resume,--db_mib 8 --index_mib 12 --parse_iters 120000 --refresh_ms 500 --refresh_kib 256 --timer 1 --timer_s 60 --watch 1 --substeps 1 --hub_conns 4 --hub_pending 8,[hub4 구성·permissive] ok — 이 라인의 자원은 해당 옵션에서 무해
S020hub4.perm__epg_index,S,epg_index,permissive,none,none,0,normal,resume,--db_mib 8 --index_mib 12 --parse_iters 120000 --refresh_ms 500 --refresh_kib 256 --timer 1 --timer_s 60 --watch 1 --substeps 1 --hub_conns 4 --hub_pending 8,[hub4 구성·permissive] ok — 이 라인의 자원은 해당 옵션에서 무해
S020hub4.perm__epg_index_p25,S,epg_index_p25,permissive,none,none,0,normal,resume,--db_mib 8 --index_mib 12 --parse_iters 120000 --refresh_ms 500 --refresh_kib 256 --timer 1 --timer_s 60 --watch 1 --substeps 1 --hub_conns 4 --hub_pending 8,[hub4 구성·permissive] ok — 이 라인의 자원은 해당 옵션에서 무해
S020hub4.perm__epg_index_p50,S,epg_index_p50,permissive,none,none,0,normal,resume,--db_mib 8 --index_mib 12 --parse_iters 120000 --refresh_ms 500 --refresh_kib 256 --timer 1 --timer_s 60 --watch 1 --substeps 1 --hub_conns 4 --hub_pending 8,[hub4 구성·permissive] ok — 이 라인의 자원은 해당 옵션에서 무해
S020hub4.perm__epg_index_p75,S,epg_index_p75,permissive,none,none,0,normal,resume,--db_mib 8 --index_mib 12 --parse_iters 120000 --refresh_ms 500 --refresh_kib 256 --timer 1 --timer_s 60 --watch 1 --substeps 1 --hub_conns 4 --hub_pending 8,[hub4 구성·permissive] ok — 이 라인의 자원은 해당 옵션에서 무해
S020hub4.perm__epg_text,S,epg_text,permissive,none,none,0,normal,resume,--db_mib 8 --index_mib 12 --parse_iters 120000 --refresh_ms 500 --refresh_kib 256 --timer 1 --timer_s 60 --watch 1 --substeps 1 --hub_conns 4 --hub_pending 8,[hub4 구성·permissive] ok — 이 라인의 자원은 해당 옵션에서 무해
S020hub4.perm__epg_reserve,S,epg_reserve,permissive,none,none,0,normal,resume,--db_mib 8 --index_mib 12 --parse_iters 120000 --refresh_ms 500 --refresh_kib 256 --timer 1 --timer_s 60 --watch 1 --substeps 1 --hub_conns 4 --hub_pending 8,[hub4 구성·permissive] ok — 이 라인의 자원은 해당 옵션에서 무해
S020hub4.perm__hub_conn1,S,hub_conn1,permissive,none,none,0,normal,resume,--db_mib 8 --index_mib 12 --parse_iters 120000 --refresh_ms 500 --refresh_kib 256 --timer 1 --timer_s 60 --watch 1 --substeps 1 --hub_conns 4 --hub_pending 8,"[hub4 구성·permissive] dump_fail — hub established는 옵션 불가 (경계선 2, 처방만이 답)"
S020hub4.perm__hub_conn2,S,hub_conn2,permissive,none,none,0,normal,resume,--db_mib 8 --index_mib 12 --parse_iters 120000 --refresh_ms 500 --refresh_kib 256 --timer 1 --timer_s 60 --watch 1 --substeps 1 --hub_conns 4 --hub_pending 8,"[hub4 구성·permissive] dump_fail — hub established는 옵션 불가 (경계선 2, 처방만이 답)"
S020hub4.perm__hub_conn3,S,hub_conn3,permissive,none,none,0,normal,resume,--db_mib 8 --index_mib 12 --parse_iters 120000 --refresh_ms 500 --refresh_kib 256 --timer 1 --timer_s 60 --watch 1 --substeps 1 --hub_conns 4 --hub_pending 8,"[hub4 구성·permissive] dump_fail — hub established는 옵션 불가 (경계선 2, 처방만이 답)"
S020hub4.perm__hub_conn4,S,hub_conn4,permissive,none,none,0,normal,resume,--db_mib 8 --index_mib 12 --parse_iters 120000 --refresh_ms 500 --refresh_kib 256 --timer 1 --timer_s 60 --watch 1 --substeps 1 --hub_conns 4 --hub_pending 8,"[hub4 구성·permissive] dump_fail — hub established는 옵션 불가 (경계선 2, 처방만이 답)"
S020hub4.perm__hub_subscribed,S,hub_subscribed,permissive,none,none,0,normal,resume,--db_mib 8 --index_mib 12 --parse_iters 120000 --refresh_ms 500 --refresh_kib 256 --timer 1 --timer_s 60 --watch 1 --substeps 1 --hub_conns 4 --hub_pending 8,"[hub4 구성·permissive] dump_fail — hub established는 옵션 불가 (경계선 2, 처방만이 답)"
S020hub4.perm__timer_armed,S,timer_armed,permissive,none,none,0,normal,resume,--db_mib 8 --index_mib 12 --parse_iters 120000 --refresh_ms 500 --refresh_kib 256 --timer 1 --timer_s 60 --watch 1 --substeps 1 --hub_conns 4 --hub_pending 8,"[hub4 구성·permissive] dump_fail — hub established는 옵션 불가 (경계선 2, 처방만이 답)"
S020hub4.perm__db_watch,S,db_watch,permissive,none,none,0,normal,resume,--db_mib 8 --index_mib 12 --parse_iters 120000 --refresh_ms 500 --refresh_kib 256 --timer 1 --timer_s 60 --watch 1 --substeps 1 --hub_conns 4 --hub_pending 8,"[hub4 구성·permissive] dump_fail — hub established는 옵션 불가 (경계선 2, 처방만이 답)"
S020hub4.perm__ready,S,ready,permissive,none,none,0,normal,"pong,stat",--db_mib 8 --index_mib 12 --parse_iters 120000 --refresh_ms 500 --refresh_kib 256 --timer 1 --timer_s 60 --watch 1 --substeps 1 --hub_conns 4 --hub_pending 8,"[hub4 구성·permissive] dump_fail — hub established는 옵션 불가 (경계선 2, 처방만이 답)"
S020hub4.perm__steady,S,steady,permissive,none,none,0,normal,"pong,stat",--db_mib 8 --index_mib 12 --parse_iters 120000 --refresh_ms 500 --refresh_kib 256 --timer 1 --timer_s 60 --watch 1 --substeps 1 --hub_conns 4 --hub_pending 8,"[hub4 구성·permissive] dump_fail — hub established는 옵션 불가 (경계선 2, 처방만이 답)"
S021hub8.stri__init,S,init,strict,none,none,0,normal,resume,--db_mib 8 --index_mib 12 --parse_iters 120000 --refresh_ms 500 --refresh_kib 256 --timer 1 --timer_s 60 --watch 1 --substeps 1 --hub_conns 8 --hub_pending 8,[hub8 구성·strict] ok — 이 라인의 자원은 해당 옵션에서 무해
S021hub8.stri__db_open,S,db_open,strict,none,none,0,normal,resume,--db_mib 8 --index_mib 12 --parse_iters 120000 --refresh_ms 500 --refresh_kib 256 --timer 1 --timer_s 60 --watch 1 --substeps 1 --hub_conns 8 --hub_pending 8,[hub8 구성·strict] ok — 이 라인의 자원은 해당 옵션에서 무해
S021hub8.stri__db_read,S,db_read,strict,none,none,0,normal,resume,--db_mib 8 --index_mib 12 --parse_iters 120000 --refresh_ms 500 --refresh_kib 256 --timer 1 --timer_s 60 --watch 1 --substeps 1 --hub_conns 8 --hub_pending 8,[hub8 구성·strict] ok — 이 라인의 자원은 해당 옵션에서 무해
S021hub8.stri__db_read_p25,S,db_read_p25,strict,none,none,0,normal,resume,--db_mib 8 --index_mib 12 --parse_iters 120000 --refresh_ms 500 --refresh_kib 256 --timer 1 --timer_s 60 --watch 1 --substeps 1 --hub_conns 8 --hub_pending 8,[hub8 구성·strict] ok — 이 라인의 자원은 해당 옵션에서 무해
S021hub8.stri__db_read_p50,S,db_read_p50,strict,none,none,0,normal,resume,--db_mib 8 --index_mib 12 --parse_iters 120000 --refresh_ms 500 --refresh_kib 256 --timer 1 --timer_s 60 --watch 1 --substeps 1 --hub_conns 8 --hub_pending 8,[hub8 구성·strict] ok — 이 라인의 자원은 해당 옵션에서 무해
S021hub8.stri__db_read_p75,S,db_read_p75,strict,none,none,0,normal,resume,--db_mib 8 --index_mib 12 --parse_iters 120000 --refresh_ms 500 --refresh_kib 256 --timer 1 --timer_s 60 --watch 1 --substeps 1 --hub_conns 8 --hub_pending 8,[hub8 구성·strict] ok — 이 라인의 자원은 해당 옵션에서 무해
S021hub8.stri__db_parse,S,db_parse,strict,none,none,0,normal,resume,--db_mib 8 --index_mib 12 --parse_iters 120000 --refresh_ms 500 --refresh_kib 256 --timer 1 --timer_s 60 --watch 1 --substeps 1 --hub_conns 8 --hub_pending 8,[hub8 구성·strict] ok — 이 라인의 자원은 해당 옵션에서 무해
S021hub8.stri__db_parse_p25,S,db_parse_p25,strict,none,none,0,normal,resume,--db_mib 8 --index_mib 12 --parse_iters 120000 --refresh_ms 500 --refresh_kib 256 --timer 1 --timer_s 60 --watch 1 --substeps 1 --hub_conns 8 --hub_pending 8,[hub8 구성·strict] ok — 이 라인의 자원은 해당 옵션에서 무해
S021hub8.stri__db_parse_p50,S,db_parse_p50,strict,none,none,0,normal,resume,--db_mib 8 --index_mib 12 --parse_iters 120000 --refresh_ms 500 --refresh_kib 256 --timer 1 --timer_s 60 --watch 1 --substeps 1 --hub_conns 8 --hub_pending 8,[hub8 구성·strict] ok — 이 라인의 자원은 해당 옵션에서 무해
S021hub8.stri__db_parse_p75,S,db_parse_p75,strict,none,none,0,normal,resume,--db_mib 8 --index_mib 12 --parse_iters 120000 --refresh_ms 500 --refresh_kib 256 --timer 1 --timer_s 60 --watch 1 --substeps 1 --hub_conns 8 --hub_pending 8,[hub8 구성·strict] ok — 이 라인의 자원은 해당 옵션에서 무해
S021hub8.stri__epg_index,S,epg_index,strict,none,none,0,normal,resume,--db_mib 8 --index_mib 12 --parse_iters 120000 --refresh_ms 500 --refresh_kib 256 --timer 1 --timer_s 60 --watch 1 --substeps 1 --hub_conns 8 --hub_pending 8,[hub8 구성·strict] ok — 이 라인의 자원은 해당 옵션에서 무해
S021hub8.stri__epg_index_p25,S,epg_index_p25,strict,none,none,0,normal,resume,--db_mib 8 --index_mib 12 --parse_iters 120000 --refresh_ms 500 --refresh_kib 256 --timer 1 --timer_s 60 --watch 1 --substeps 1 --hub_conns 8 --hub_pending 8,[hub8 구성·strict] ok — 이 라인의 자원은 해당 옵션에서 무해
S021hub8.stri__epg_index_p50,S,epg_index_p50,strict,none,none,0,normal,resume,--db_mib 8 --index_mib 12 --parse_iters 120000 --refresh_ms 500 --refresh_kib 256 --timer 1 --timer_s 60 --watch 1 --substeps 1 --hub_conns 8 --hub_pending 8,[hub8 구성·strict] ok — 이 라인의 자원은 해당 옵션에서 무해
S021hub8.stri__epg_index_p75,S,epg_index_p75,strict,none,none,0,normal,resume,--db_mib 8 --index_mib 12 --parse_iters 120000 --refresh_ms 500 --refresh_kib 256 --timer 1 --timer_s 60 --watch 1 --substeps 1 --hub_conns 8 --hub_pending 8,[hub8 구성·strict] ok — 이 라인의 자원은 해당 옵션에서 무해
S021hub8.stri__epg_text,S,epg_text,strict,none,none,0,normal,resume,--db_mib 8 --index_mib 12 --parse_iters 120000 --refresh_ms 500 --refresh_kib 256 --timer 1 --timer_s 60 --watch 1 --substeps 1 --hub_conns 8 --hub_pending 8,[hub8 구성·strict] ok — 이 라인의 자원은 해당 옵션에서 무해
S021hub8.stri__epg_reserve,S,epg_reserve,strict,none,none,0,normal,resume,--db_mib 8 --index_mib 12 --parse_iters 120000 --refresh_ms 500 --refresh_kib 256 --timer 1 --timer_s 60 --watch 1 --substeps 1 --hub_conns 8 --hub_pending 8,[hub8 구성·strict] ok — 이 라인의 자원은 해당 옵션에서 무해
S021hub8.stri__hub_conn1,S,hub_conn1,strict,none,none,0,normal,resume,--db_mib 8 --index_mib 12 --parse_iters 120000 --refresh_ms 500 --refresh_kib 256 --timer 1 --timer_s 60 --watch 1 --substeps 1 --hub_conns 8 --hub_pending 8,"[hub8 구성·strict] dump_fail — hub established는 옵션 불가 (경계선 2, 처방만이 답)"
S021hub8.stri__hub_conn2,S,hub_conn2,strict,none,none,0,normal,resume,--db_mib 8 --index_mib 12 --parse_iters 120000 --refresh_ms 500 --refresh_kib 256 --timer 1 --timer_s 60 --watch 1 --substeps 1 --hub_conns 8 --hub_pending 8,"[hub8 구성·strict] dump_fail — hub established는 옵션 불가 (경계선 2, 처방만이 답)"
S021hub8.stri__hub_conn3,S,hub_conn3,strict,none,none,0,normal,resume,--db_mib 8 --index_mib 12 --parse_iters 120000 --refresh_ms 500 --refresh_kib 256 --timer 1 --timer_s 60 --watch 1 --substeps 1 --hub_conns 8 --hub_pending 8,"[hub8 구성·strict] dump_fail — hub established는 옵션 불가 (경계선 2, 처방만이 답)"
S021hub8.stri__hub_conn4,S,hub_conn4,strict,none,none,0,normal,resume,--db_mib 8 --index_mib 12 --parse_iters 120000 --refresh_ms 500 --refresh_kib 256 --timer 1 --timer_s 60 --watch 1 --substeps 1 --hub_conns 8 --hub_pending 8,"[hub8 구성·strict] dump_fail — hub established는 옵션 불가 (경계선 2, 처방만이 답)"
S021hub8.stri__hub_subscribed,S,hub_subscribed,strict,none,none,0,normal,resume,--db_mib 8 --index_mib 12 --parse_iters 120000 --refresh_ms 500 --refresh_kib 256 --timer 1 --timer_s 60 --watch 1 --substeps 1 --hub_conns 8 --hub_pending 8,"[hub8 구성·strict] dump_fail — hub established는 옵션 불가 (경계선 2, 처방만이 답)"
S021hub8.stri__timer_armed,S,timer_armed,strict,none,none,0,normal,resume,--db_mib 8 --index_mib 12 --parse_iters 120000 --refresh_ms 500 --refresh_kib 256 --timer 1 --timer_s 60 --watch 1 --substeps 1 --hub_conns 8 --hub_pending 8,"[hub8 구성·strict] dump_fail — hub established는 옵션 불가 (경계선 2, 처방만이 답)"
S021hub8.stri__db_watch,S,db_watch,strict,none,none,0,normal,resume,--db_mib 8 --index_mib 12 --parse_iters 120000 --refresh_ms 500 --refresh_kib 256 --timer 1 --timer_s 60 --watch 1 --substeps 1 --hub_conns 8 --hub_pending 8,"[hub8 구성·strict] dump_fail — hub established는 옵션 불가 (경계선 2, 처방만이 답)"
S021hub8.stri__ready,S,ready,strict,none,none,0,normal,"pong,stat",--db_mib 8 --index_mib 12 --parse_iters 120000 --refresh_ms 500 --refresh_kib 256 --timer 1 --timer_s 60 --watch 1 --substeps 1 --hub_conns 8 --hub_pending 8,"[hub8 구성·strict] dump_fail — hub established는 옵션 불가 (경계선 2, 처방만이 답)"
S021hub8.stri__steady,S,steady,strict,none,none,0,normal,"pong,stat",--db_mib 8 --index_mib 12 --parse_iters 120000 --refresh_ms 500 --refresh_kib 256 --timer 1 --timer_s 60 --watch 1 --substeps 1 --hub_conns 8 --hub_pending 8,"[hub8 구성·strict] dump_fail — hub established는 옵션 불가 (경계선 2, 처방만이 답)"
S022hub8.ext___init,S,init,ext_unix,none,none,0,normal,resume,--db_mib 8 --index_mib 12 --parse_iters 120000 --refresh_ms 500 --refresh_kib 256 --timer 1 --timer_s 60 --watch 1 --substeps 1 --hub_conns 8 --hub_pending 8,[hub8 구성·ext_unix] ok — 이 라인의 자원은 해당 옵션에서 무해
S022hub8.ext___db_open,S,db_open,ext_unix,none,none,0,normal,resume,--db_mib 8 --index_mib 12 --parse_iters 120000 --refresh_ms 500 --refresh_kib 256 --timer 1 --timer_s 60 --watch 1 --substeps 1 --hub_conns 8 --hub_pending 8,[hub8 구성·ext_unix] ok — 이 라인의 자원은 해당 옵션에서 무해
S022hub8.ext___db_read,S,db_read,ext_unix,none,none,0,normal,resume,--db_mib 8 --index_mib 12 --parse_iters 120000 --refresh_ms 500 --refresh_kib 256 --timer 1 --timer_s 60 --watch 1 --substeps 1 --hub_conns 8 --hub_pending 8,[hub8 구성·ext_unix] ok — 이 라인의 자원은 해당 옵션에서 무해
S022hub8.ext___db_read_p25,S,db_read_p25,ext_unix,none,none,0,normal,resume,--db_mib 8 --index_mib 12 --parse_iters 120000 --refresh_ms 500 --refresh_kib 256 --timer 1 --timer_s 60 --watch 1 --substeps 1 --hub_conns 8 --hub_pending 8,[hub8 구성·ext_unix] ok — 이 라인의 자원은 해당 옵션에서 무해
S022hub8.ext___db_read_p50,S,db_read_p50,ext_unix,none,none,0,normal,resume,--db_mib 8 --index_mib 12 --parse_iters 120000 --refresh_ms 500 --refresh_kib 256 --timer 1 --timer_s 60 --watch 1 --substeps 1 --hub_conns 8 --hub_pending 8,[hub8 구성·ext_unix] ok — 이 라인의 자원은 해당 옵션에서 무해
S022hub8.ext___db_read_p75,S,db_read_p75,ext_unix,none,none,0,normal,resume,--db_mib 8 --index_mib 12 --parse_iters 120000 --refresh_ms 500 --refresh_kib 256 --timer 1 --timer_s 60 --watch 1 --substeps 1 --hub_conns 8 --hub_pending 8,[hub8 구성·ext_unix] ok — 이 라인의 자원은 해당 옵션에서 무해
S022hub8.ext___db_parse,S,db_parse,ext_unix,none,none,0,normal,resume,--db_mib 8 --index_mib 12 --parse_iters 120000 --refresh_ms 500 --refresh_kib 256 --timer 1 --timer_s 60 --watch 1 --substeps 1 --hub_conns 8 --hub_pending 8,[hub8 구성·ext_unix] ok — 이 라인의 자원은 해당 옵션에서 무해
S022hub8.ext___db_parse_p25,S,db_parse_p25,ext_unix,none,none,0,normal,resume,--db_mib 8 --index_mib 12 --parse_iters 120000 --refresh_ms 500 --refresh_kib 256 --timer 1 --timer_s 60 --watch 1 --substeps 1 --hub_conns 8 --hub_pending 8,[hub8 구성·ext_unix] ok — 이 라인의 자원은 해당 옵션에서 무해
S022hub8.ext___db_parse_p50,S,db_parse_p50,ext_unix,none,none,0,normal,resume,--db_mib 8 --index_mib 12 --parse_iters 120000 --refresh_ms 500 --refresh_kib 256 --timer 1 --timer_s 60 --watch 1 --substeps 1 --hub_conns 8 --hub_pending 8,[hub8 구성·ext_unix] ok — 이 라인의 자원은 해당 옵션에서 무해
S022hub8.ext___db_parse_p75,S,db_parse_p75,ext_unix,none,none,0,normal,resume,--db_mib 8 --index_mib 12 --parse_iters 120000 --refresh_ms 500 --refresh_kib 256 --timer 1 --timer_s 60 --watch 1 --substeps 1 --hub_conns 8 --hub_pending 8,[hub8 구성·ext_unix] ok — 이 라인의 자원은 해당 옵션에서 무해
S022hub8.ext___epg_index,S,epg_index,ext_unix,none,none,0,normal,resume,--db_mib 8 --index_mib 12 --parse_iters 120000 --refresh_ms 500 --refresh_kib 256 --timer 1 --timer_s 60 --watch 1 --substeps 1 --hub_conns 8 --hub_pending 8,[hub8 구성·ext_unix] ok — 이 라인의 자원은 해당 옵션에서 무해
S022hub8.ext___epg_index_p25,S,epg_index_p25,ext_unix,none,none,0,normal,resume,--db_mib 8 --index_mib 12 --parse_iters 120000 --refresh_ms 500 --refresh_kib 256 --timer 1 --timer_s 60 --watch 1 --substeps 1 --hub_conns 8 --hub_pending 8,[hub8 구성·ext_unix] ok — 이 라인의 자원은 해당 옵션에서 무해
S022hub8.ext___epg_index_p50,S,epg_index_p50,ext_unix,none,none,0,normal,resume,--db_mib 8 --index_mib 12 --parse_iters 120000 --refresh_ms 500 --refresh_kib 256 --timer 1 --timer_s 60 --watch 1 --substeps 1 --hub_conns 8 --hub_pending 8,[hub8 구성·ext_unix] ok — 이 라인의 자원은 해당 옵션에서 무해
S022hub8.ext___epg_index_p75,S,epg_index_p75,ext_unix,none,none,0,normal,resume,--db_mib 8 --index_mib 12 --parse_iters 120000 --refresh_ms 500 --refresh_kib 256 --timer 1 --timer_s 60 --watch 1 --substeps 1 --hub_conns 8 --hub_pending 8,[hub8 구성·ext_unix] ok — 이 라인의 자원은 해당 옵션에서 무해
S022hub8.ext___epg_text,S,epg_text,ext_unix,none,none,0,normal,resume,--db_mib 8 --index_mib 12 --parse_iters 120000 --refresh_ms 500 --refresh_kib 256 --timer 1 --timer_s 60 --watch 1 --substeps 1 --hub_conns 8 --hub_pending 8,[hub8 구성·ext_unix] ok — 이 라인의 자원은 해당 옵션에서 무해
S022hub8.ext___epg_reserve,S,epg_reserve,ext_unix,none,none,0,normal,resume,--db_mib 8 --index_mib 12 --parse_iters 120000 --refresh_ms 500 --refresh_kib 256 --timer 1 --timer_s 60 --watch 1 --substeps 1 --hub_conns 8 --hub_pending 8,[hub8 구성·ext_unix] ok — 이 라인의 자원은 해당 옵션에서 무해
S022hub8.ext___hub_conn1,S,hub_conn1,ext_unix,none,none,0,normal,resume,--db_mib 8 --index_mib 12 --parse_iters 120000 --refresh_ms 500 --refresh_kib 256 --timer 1 --timer_s 60 --watch 1 --substeps 1 --hub_conns 8 --hub_pending 8,"[hub8 구성·ext_unix] dump_fail — hub established는 옵션 불가 (경계선 2, 처방만이 답)"
S022hub8.ext___hub_conn2,S,hub_conn2,ext_unix,none,none,0,normal,resume,--db_mib 8 --index_mib 12 --parse_iters 120000 --refresh_ms 500 --refresh_kib 256 --timer 1 --timer_s 60 --watch 1 --substeps 1 --hub_conns 8 --hub_pending 8,"[hub8 구성·ext_unix] dump_fail — hub established는 옵션 불가 (경계선 2, 처방만이 답)"
S022hub8.ext___hub_conn3,S,hub_conn3,ext_unix,none,none,0,normal,resume,--db_mib 8 --index_mib 12 --parse_iters 120000 --refresh_ms 500 --refresh_kib 256 --timer 1 --timer_s 60 --watch 1 --substeps 1 --hub_conns 8 --hub_pending 8,"[hub8 구성·ext_unix] dump_fail — hub established는 옵션 불가 (경계선 2, 처방만이 답)"
S022hub8.ext___hub_conn4,S,hub_conn4,ext_unix,none,none,0,normal,resume,--db_mib 8 --index_mib 12 --parse_iters 120000 --refresh_ms 500 --refresh_kib 256 --timer 1 --timer_s 60 --watch 1 --substeps 1 --hub_conns 8 --hub_pending 8,"[hub8 구성·ext_unix] dump_fail — hub established는 옵션 불가 (경계선 2, 처방만이 답)"
S022hub8.ext___hub_subscribed,S,hub_subscribed,ext_unix,none,none,0,normal,resume,--db_mib 8 --index_mib 12 --parse_iters 120000 --refresh_ms 500 --refresh_kib 256 --timer 1 --timer_s 60 --watch 1 --substeps 1 --hub_conns 8 --hub_pending 8,"[hub8 구성·ext_unix] dump_fail — hub established는 옵션 불가 (경계선 2, 처방만이 답)"
S022hub8.ext___timer_armed,S,timer_armed,ext_unix,none,none,0,normal,resume,--db_mib 8 --index_mib 12 --parse_iters 120000 --refresh_ms 500 --refresh_kib 256 --timer 1 --timer_s 60 --watch 1 --substeps 1 --hub_conns 8 --hub_pending 8,"[hub8 구성·ext_unix] dump_fail — hub established는 옵션 불가 (경계선 2, 처방만이 답)"
S022hub8.ext___db_watch,S,db_watch,ext_unix,none,none,0,normal,resume,--db_mib 8 --index_mib 12 --parse_iters 120000 --refresh_ms 500 --refresh_kib 256 --timer 1 --timer_s 60 --watch 1 --substeps 1 --hub_conns 8 --hub_pending 8,"[hub8 구성·ext_unix] dump_fail — hub established는 옵션 불가 (경계선 2, 처방만이 답)"
S022hub8.ext___ready,S,ready,ext_unix,none,none,0,normal,"pong,stat",--db_mib 8 --index_mib 12 --parse_iters 120000 --refresh_ms 500 --refresh_kib 256 --timer 1 --timer_s 60 --watch 1 --substeps 1 --hub_conns 8 --hub_pending 8,"[hub8 구성·ext_unix] dump_fail — hub established는 옵션 불가 (경계선 2, 처방만이 답)"
S022hub8.ext___steady,S,steady,ext_unix,none,none,0,normal,"pong,stat",--db_mib 8 --index_mib 12 --parse_iters 120000 --refresh_ms 500 --refresh_kib 256 --timer 1 --timer_s 60 --watch 1 --substeps 1 --hub_conns 8 --hub_pending 8,"[hub8 구성·ext_unix] dump_fail — hub established는 옵션 불가 (경계선 2, 처방만이 답)"
S023hub8.tcp___init,S,init,tcp_est,none,none,0,normal,resume,--db_mib 8 --index_mib 12 --parse_iters 120000 --refresh_ms 500 --refresh_kib 256 --timer 1 --timer_s 60 --watch 1 --substeps 1 --hub_conns 8 --hub_pending 8,[hub8 구성·tcp_est] ok — 이 라인의 자원은 해당 옵션에서 무해
S023hub8.tcp___db_open,S,db_open,tcp_est,none,none,0,normal,resume,--db_mib 8 --index_mib 12 --parse_iters 120000 --refresh_ms 500 --refresh_kib 256 --timer 1 --timer_s 60 --watch 1 --substeps 1 --hub_conns 8 --hub_pending 8,[hub8 구성·tcp_est] ok — 이 라인의 자원은 해당 옵션에서 무해
S023hub8.tcp___db_read,S,db_read,tcp_est,none,none,0,normal,resume,--db_mib 8 --index_mib 12 --parse_iters 120000 --refresh_ms 500 --refresh_kib 256 --timer 1 --timer_s 60 --watch 1 --substeps 1 --hub_conns 8 --hub_pending 8,[hub8 구성·tcp_est] ok — 이 라인의 자원은 해당 옵션에서 무해
S023hub8.tcp___db_read_p25,S,db_read_p25,tcp_est,none,none,0,normal,resume,--db_mib 8 --index_mib 12 --parse_iters 120000 --refresh_ms 500 --refresh_kib 256 --timer 1 --timer_s 60 --watch 1 --substeps 1 --hub_conns 8 --hub_pending 8,[hub8 구성·tcp_est] ok — 이 라인의 자원은 해당 옵션에서 무해
S023hub8.tcp___db_read_p50,S,db_read_p50,tcp_est,none,none,0,normal,resume,--db_mib 8 --index_mib 12 --parse_iters 120000 --refresh_ms 500 --refresh_kib 256 --timer 1 --timer_s 60 --watch 1 --substeps 1 --hub_conns 8 --hub_pending 8,[hub8 구성·tcp_est] ok — 이 라인의 자원은 해당 옵션에서 무해
S023hub8.tcp___db_read_p75,S,db_read_p75,tcp_est,none,none,0,normal,resume,--db_mib 8 --index_mib 12 --parse_iters 120000 --refresh_ms 500 --refresh_kib 256 --timer 1 --timer_s 60 --watch 1 --substeps 1 --hub_conns 8 --hub_pending 8,[hub8 구성·tcp_est] ok — 이 라인의 자원은 해당 옵션에서 무해
S023hub8.tcp___db_parse,S,db_parse,tcp_est,none,none,0,normal,resume,--db_mib 8 --index_mib 12 --parse_iters 120000 --refresh_ms 500 --refresh_kib 256 --timer 1 --timer_s 60 --watch 1 --substeps 1 --hub_conns 8 --hub_pending 8,[hub8 구성·tcp_est] ok — 이 라인의 자원은 해당 옵션에서 무해
S023hub8.tcp___db_parse_p25,S,db_parse_p25,tcp_est,none,none,0,normal,resume,--db_mib 8 --index_mib 12 --parse_iters 120000 --refresh_ms 500 --refresh_kib 256 --timer 1 --timer_s 60 --watch 1 --substeps 1 --hub_conns 8 --hub_pending 8,[hub8 구성·tcp_est] ok — 이 라인의 자원은 해당 옵션에서 무해
S023hub8.tcp___db_parse_p50,S,db_parse_p50,tcp_est,none,none,0,normal,resume,--db_mib 8 --index_mib 12 --parse_iters 120000 --refresh_ms 500 --refresh_kib 256 --timer 1 --timer_s 60 --watch 1 --substeps 1 --hub_conns 8 --hub_pending 8,[hub8 구성·tcp_est] ok — 이 라인의 자원은 해당 옵션에서 무해
S023hub8.tcp___db_parse_p75,S,db_parse_p75,tcp_est,none,none,0,normal,resume,--db_mib 8 --index_mib 12 --parse_iters 120000 --refresh_ms 500 --refresh_kib 256 --timer 1 --timer_s 60 --watch 1 --substeps 1 --hub_conns 8 --hub_pending 8,[hub8 구성·tcp_est] ok — 이 라인의 자원은 해당 옵션에서 무해
S023hub8.tcp___epg_index,S,epg_index,tcp_est,none,none,0,normal,resume,--db_mib 8 --index_mib 12 --parse_iters 120000 --refresh_ms 500 --refresh_kib 256 --timer 1 --timer_s 60 --watch 1 --substeps 1 --hub_conns 8 --hub_pending 8,[hub8 구성·tcp_est] ok — 이 라인의 자원은 해당 옵션에서 무해
S023hub8.tcp___epg_index_p25,S,epg_index_p25,tcp_est,none,none,0,normal,resume,--db_mib 8 --index_mib 12 --parse_iters 120000 --refresh_ms 500 --refresh_kib 256 --timer 1 --timer_s 60 --watch 1 --substeps 1 --hub_conns 8 --hub_pending 8,[hub8 구성·tcp_est] ok — 이 라인의 자원은 해당 옵션에서 무해
S023hub8.tcp___epg_index_p50,S,epg_index_p50,tcp_est,none,none,0,normal,resume,--db_mib 8 --index_mib 12 --parse_iters 120000 --refresh_ms 500 --refresh_kib 256 --timer 1 --timer_s 60 --watch 1 --substeps 1 --hub_conns 8 --hub_pending 8,[hub8 구성·tcp_est] ok — 이 라인의 자원은 해당 옵션에서 무해
S023hub8.tcp___epg_index_p75,S,epg_index_p75,tcp_est,none,none,0,normal,resume,--db_mib 8 --index_mib 12 --parse_iters 120000 --refresh_ms 500 --refresh_kib 256 --timer 1 --timer_s 60 --watch 1 --substeps 1 --hub_conns 8 --hub_pending 8,[hub8 구성·tcp_est] ok — 이 라인의 자원은 해당 옵션에서 무해
S023hub8.tcp___epg_text,S,epg_text,tcp_est,none,none,0,normal,resume,--db_mib 8 --index_mib 12 --parse_iters 120000 --refresh_ms 500 --refresh_kib 256 --timer 1 --timer_s 60 --watch 1 --substeps 1 --hub_conns 8 --hub_pending 8,[hub8 구성·tcp_est] ok — 이 라인의 자원은 해당 옵션에서 무해
S023hub8.tcp___epg_reserve,S,epg_reserve,tcp_est,none,none,0,normal,resume,--db_mib 8 --index_mib 12 --parse_iters 120000 --refresh_ms 500 --refresh_kib 256 --timer 1 --timer_s 60 --watch 1 --substeps 1 --hub_conns 8 --hub_pending 8,[hub8 구성·tcp_est] ok — 이 라인의 자원은 해당 옵션에서 무해
S023hub8.tcp___hub_conn1,S,hub_conn1,tcp_est,none,none,0,normal,resume,--db_mib 8 --index_mib 12 --parse_iters 120000 --refresh_ms 500 --refresh_kib 256 --timer 1 --timer_s 60 --watch 1 --substeps 1 --hub_conns 8 --hub_pending 8,"[hub8 구성·tcp_est] dump_fail — hub established는 옵션 불가 (경계선 2, 처방만이 답)"
S023hub8.tcp___hub_conn2,S,hub_conn2,tcp_est,none,none,0,normal,resume,--db_mib 8 --index_mib 12 --parse_iters 120000 --refresh_ms 500 --refresh_kib 256 --timer 1 --timer_s 60 --watch 1 --substeps 1 --hub_conns 8 --hub_pending 8,"[hub8 구성·tcp_est] dump_fail — hub established는 옵션 불가 (경계선 2, 처방만이 답)"
S023hub8.tcp___hub_conn3,S,hub_conn3,tcp_est,none,none,0,normal,resume,--db_mib 8 --index_mib 12 --parse_iters 120000 --refresh_ms 500 --refresh_kib 256 --timer 1 --timer_s 60 --watch 1 --substeps 1 --hub_conns 8 --hub_pending 8,"[hub8 구성·tcp_est] dump_fail — hub established는 옵션 불가 (경계선 2, 처방만이 답)"
S023hub8.tcp___hub_conn4,S,hub_conn4,tcp_est,none,none,0,normal,resume,--db_mib 8 --index_mib 12 --parse_iters 120000 --refresh_ms 500 --refresh_kib 256 --timer 1 --timer_s 60 --watch 1 --substeps 1 --hub_conns 8 --hub_pending 8,"[hub8 구성·tcp_est] dump_fail — hub established는 옵션 불가 (경계선 2, 처방만이 답)"
S023hub8.tcp___hub_subscribed,S,hub_subscribed,tcp_est,none,none,0,normal,resume,--db_mib 8 --index_mib 12 --parse_iters 120000 --refresh_ms 500 --refresh_kib 256 --timer 1 --timer_s 60 --watch 1 --substeps 1 --hub_conns 8 --hub_pending 8,"[hub8 구성·tcp_est] dump_fail — hub established는 옵션 불가 (경계선 2, 처방만이 답)"
S023hub8.tcp___timer_armed,S,timer_armed,tcp_est,none,none,0,normal,resume,--db_mib 8 --index_mib 12 --parse_iters 120000 --refresh_ms 500 --refresh_kib 256 --timer 1 --timer_s 60 --watch 1 --substeps 1 --hub_conns 8 --hub_pending 8,"[hub8 구성·tcp_est] dump_fail — hub established는 옵션 불가 (경계선 2, 처방만이 답)"
S023hub8.tcp___db_watch,S,db_watch,tcp_est,none,none,0,normal,resume,--db_mib 8 --index_mib 12 --parse_iters 120000 --refresh_ms 500 --refresh_kib 256 --timer 1 --timer_s 60 --watch 1 --substeps 1 --hub_conns 8 --hub_pending 8,"[hub8 구성·tcp_est] dump_fail — hub established는 옵션 불가 (경계선 2, 처방만이 답)"
S023hub8.tcp___ready,S,ready,tcp_est,none,none,0,normal,"pong,stat",--db_mib 8 --index_mib 12 --parse_iters 120000 --refresh_ms 500 --refresh_kib 256 --timer 1 --timer_s 60 --watch 1 --substeps 1 --hub_conns 8 --hub_pending 8,"[hub8 구성·tcp_est] dump_fail — hub established는 옵션 불가 (경계선 2, 처방만이 답)"
S023hub8.tcp___steady,S,steady,tcp_est,none,none,0,normal,"pong,stat",--db_mib 8 --index_mib 12 --parse_iters 120000 --refresh_ms 500 --refresh_kib 256 --timer 1 --timer_s 60 --watch 1 --substeps 1 --hub_conns 8 --hub_pending 8,"[hub8 구성·tcp_est] dump_fail — hub established는 옵션 불가 (경계선 2, 처방만이 답)"
S024hub8.file__init,S,init,filelocks,none,none,0,normal,resume,--db_mib 8 --index_mib 12 --parse_iters 120000 --refresh_ms 500 --refresh_kib 256 --timer 1 --timer_s 60 --watch 1 --substeps 1 --hub_conns 8 --hub_pending 8,[hub8 구성·filelocks] ok — 이 라인의 자원은 해당 옵션에서 무해
S024hub8.file__db_open,S,db_open,filelocks,none,none,0,normal,resume,--db_mib 8 --index_mib 12 --parse_iters 120000 --refresh_ms 500 --refresh_kib 256 --timer 1 --timer_s 60 --watch 1 --substeps 1 --hub_conns 8 --hub_pending 8,[hub8 구성·filelocks] ok — 이 라인의 자원은 해당 옵션에서 무해
S024hub8.file__db_read,S,db_read,filelocks,none,none,0,normal,resume,--db_mib 8 --index_mib 12 --parse_iters 120000 --refresh_ms 500 --refresh_kib 256 --timer 1 --timer_s 60 --watch 1 --substeps 1 --hub_conns 8 --hub_pending 8,[hub8 구성·filelocks] ok — 이 라인의 자원은 해당 옵션에서 무해
S024hub8.file__db_read_p25,S,db_read_p25,filelocks,none,none,0,normal,resume,--db_mib 8 --index_mib 12 --parse_iters 120000 --refresh_ms 500 --refresh_kib 256 --timer 1 --timer_s 60 --watch 1 --substeps 1 --hub_conns 8 --hub_pending 8,[hub8 구성·filelocks] ok — 이 라인의 자원은 해당 옵션에서 무해
S024hub8.file__db_read_p50,S,db_read_p50,filelocks,none,none,0,normal,resume,--db_mib 8 --index_mib 12 --parse_iters 120000 --refresh_ms 500 --refresh_kib 256 --timer 1 --timer_s 60 --watch 1 --substeps 1 --hub_conns 8 --hub_pending 8,[hub8 구성·filelocks] ok — 이 라인의 자원은 해당 옵션에서 무해
S024hub8.file__db_read_p75,S,db_read_p75,filelocks,none,none,0,normal,resume,--db_mib 8 --index_mib 12 --parse_iters 120000 --refresh_ms 500 --refresh_kib 256 --timer 1 --timer_s 60 --watch 1 --substeps 1 --hub_conns 8 --hub_pending 8,[hub8 구성·filelocks] ok — 이 라인의 자원은 해당 옵션에서 무해
S024hub8.file__db_parse,S,db_parse,filelocks,none,none,0,normal,resume,--db_mib 8 --index_mib 12 --parse_iters 120000 --refresh_ms 500 --refresh_kib 256 --timer 1 --timer_s 60 --watch 1 --substeps 1 --hub_conns 8 --hub_pending 8,[hub8 구성·filelocks] ok — 이 라인의 자원은 해당 옵션에서 무해
S024hub8.file__db_parse_p25,S,db_parse_p25,filelocks,none,none,0,normal,resume,--db_mib 8 --index_mib 12 --parse_iters 120000 --refresh_ms 500 --refresh_kib 256 --timer 1 --timer_s 60 --watch 1 --substeps 1 --hub_conns 8 --hub_pending 8,[hub8 구성·filelocks] ok — 이 라인의 자원은 해당 옵션에서 무해
S024hub8.file__db_parse_p50,S,db_parse_p50,filelocks,none,none,0,normal,resume,--db_mib 8 --index_mib 12 --parse_iters 120000 --refresh_ms 500 --refresh_kib 256 --timer 1 --timer_s 60 --watch 1 --substeps 1 --hub_conns 8 --hub_pending 8,[hub8 구성·filelocks] ok — 이 라인의 자원은 해당 옵션에서 무해
S024hub8.file__db_parse_p75,S,db_parse_p75,filelocks,none,none,0,normal,resume,--db_mib 8 --index_mib 12 --parse_iters 120000 --refresh_ms 500 --refresh_kib 256 --timer 1 --timer_s 60 --watch 1 --substeps 1 --hub_conns 8 --hub_pending 8,[hub8 구성·filelocks] ok — 이 라인의 자원은 해당 옵션에서 무해
S024hub8.file__epg_index,S,epg_index,filelocks,none,none,0,normal,resume,--db_mib 8 --index_mib 12 --parse_iters 120000 --refresh_ms 500 --refresh_kib 256 --timer 1 --timer_s 60 --watch 1 --substeps 1 --hub_conns 8 --hub_pending 8,[hub8 구성·filelocks] ok — 이 라인의 자원은 해당 옵션에서 무해
S024hub8.file__epg_index_p25,S,epg_index_p25,filelocks,none,none,0,normal,resume,--db_mib 8 --index_mib 12 --parse_iters 120000 --refresh_ms 500 --refresh_kib 256 --timer 1 --timer_s 60 --watch 1 --substeps 1 --hub_conns 8 --hub_pending 8,[hub8 구성·filelocks] ok — 이 라인의 자원은 해당 옵션에서 무해
S024hub8.file__epg_index_p50,S,epg_index_p50,filelocks,none,none,0,normal,resume,--db_mib 8 --index_mib 12 --parse_iters 120000 --refresh_ms 500 --refresh_kib 256 --timer 1 --timer_s 60 --watch 1 --substeps 1 --hub_conns 8 --hub_pending 8,[hub8 구성·filelocks] ok — 이 라인의 자원은 해당 옵션에서 무해
S024hub8.file__epg_index_p75,S,epg_index_p75,filelocks,none,none,0,normal,resume,--db_mib 8 --index_mib 12 --parse_iters 120000 --refresh_ms 500 --refresh_kib 256 --timer 1 --timer_s 60 --watch 1 --substeps 1 --hub_conns 8 --hub_pending 8,[hub8 구성·filelocks] ok — 이 라인의 자원은 해당 옵션에서 무해
S024hub8.file__epg_text,S,epg_text,filelocks,none,none,0,normal,resume,--db_mib 8 --index_mib 12 --parse_iters 120000 --refresh_ms 500 --refresh_kib 256 --timer 1 --timer_s 60 --watch 1 --substeps 1 --hub_conns 8 --hub_pending 8,[hub8 구성·filelocks] ok — 이 라인의 자원은 해당 옵션에서 무해
S024hub8.file__epg_reserve,S,epg_reserve,filelocks,none,none,0,normal,resume,--db_mib 8 --index_mib 12 --parse_iters 120000 --refresh_ms 500 --refresh_kib 256 --timer 1 --timer_s 60 --watch 1 --substeps 1 --hub_conns 8 --hub_pending 8,[hub8 구성·filelocks] ok — 이 라인의 자원은 해당 옵션에서 무해
S024hub8.file__hub_conn1,S,hub_conn1,filelocks,none,none,0,normal,resume,--db_mib 8 --index_mib 12 --parse_iters 120000 --refresh_ms 500 --refresh_kib 256 --timer 1 --timer_s 60 --watch 1 --substeps 1 --hub_conns 8 --hub_pending 8,"[hub8 구성·filelocks] dump_fail — hub established는 옵션 불가 (경계선 2, 처방만이 답)"
S024hub8.file__hub_conn2,S,hub_conn2,filelocks,none,none,0,normal,resume,--db_mib 8 --index_mib 12 --parse_iters 120000 --refresh_ms 500 --refresh_kib 256 --timer 1 --timer_s 60 --watch 1 --substeps 1 --hub_conns 8 --hub_pending 8,"[hub8 구성·filelocks] dump_fail — hub established는 옵션 불가 (경계선 2, 처방만이 답)"
S024hub8.file__hub_conn3,S,hub_conn3,filelocks,none,none,0,normal,resume,--db_mib 8 --index_mib 12 --parse_iters 120000 --refresh_ms 500 --refresh_kib 256 --timer 1 --timer_s 60 --watch 1 --substeps 1 --hub_conns 8 --hub_pending 8,"[hub8 구성·filelocks] dump_fail — hub established는 옵션 불가 (경계선 2, 처방만이 답)"
S024hub8.file__hub_conn4,S,hub_conn4,filelocks,none,none,0,normal,resume,--db_mib 8 --index_mib 12 --parse_iters 120000 --refresh_ms 500 --refresh_kib 256 --timer 1 --timer_s 60 --watch 1 --substeps 1 --hub_conns 8 --hub_pending 8,"[hub8 구성·filelocks] dump_fail — hub established는 옵션 불가 (경계선 2, 처방만이 답)"
S024hub8.file__hub_subscribed,S,hub_subscribed,filelocks,none,none,0,normal,resume,--db_mib 8 --index_mib 12 --parse_iters 120000 --refresh_ms 500 --refresh_kib 256 --timer 1 --timer_s 60 --watch 1 --substeps 1 --hub_conns 8 --hub_pending 8,"[hub8 구성·filelocks] dump_fail — hub established는 옵션 불가 (경계선 2, 처방만이 답)"
S024hub8.file__timer_armed,S,timer_armed,filelocks,none,none,0,normal,resume,--db_mib 8 --index_mib 12 --parse_iters 120000 --refresh_ms 500 --refresh_kib 256 --timer 1 --timer_s 60 --watch 1 --substeps 1 --hub_conns 8 --hub_pending 8,"[hub8 구성·filelocks] dump_fail — hub established는 옵션 불가 (경계선 2, 처방만이 답)"
S024hub8.file__db_watch,S,db_watch,filelocks,none,none,0,normal,resume,--db_mib 8 --index_mib 12 --parse_iters 120000 --refresh_ms 500 --refresh_kib 256 --timer 1 --timer_s 60 --watch 1 --substeps 1 --hub_conns 8 --hub_pending 8,"[hub8 구성·filelocks] dump_fail — hub established는 옵션 불가 (경계선 2, 처방만이 답)"
S024hub8.file__ready,S,ready,filelocks,none,none,0,normal,"pong,stat",--db_mib 8 --index_mib 12 --parse_iters 120000 --refresh_ms 500 --refresh_kib 256 --timer 1 --timer_s 60 --watch 1 --substeps 1 --hub_conns 8 --hub_pending 8,"[hub8 구성·filelocks] dump_fail — hub established는 옵션 불가 (경계선 2, 처방만이 답)"
S024hub8.file__steady,S,steady,filelocks,none,none,0,normal,"pong,stat",--db_mib 8 --index_mib 12 --parse_iters 120000 --refresh_ms 500 --refresh_kib 256 --timer 1 --timer_s 60 --watch 1 --substeps 1 --hub_conns 8 --hub_pending 8,"[hub8 구성·filelocks] dump_fail — hub established는 옵션 불가 (경계선 2, 처방만이 답)"
S025hub8.perm__init,S,init,permissive,none,none,0,normal,resume,--db_mib 8 --index_mib 12 --parse_iters 120000 --refresh_ms 500 --refresh_kib 256 --timer 1 --timer_s 60 --watch 1 --substeps 1 --hub_conns 8 --hub_pending 8,[hub8 구성·permissive] ok — 이 라인의 자원은 해당 옵션에서 무해
S025hub8.perm__db_open,S,db_open,permissive,none,none,0,normal,resume,--db_mib 8 --index_mib 12 --parse_iters 120000 --refresh_ms 500 --refresh_kib 256 --timer 1 --timer_s 60 --watch 1 --substeps 1 --hub_conns 8 --hub_pending 8,[hub8 구성·permissive] ok — 이 라인의 자원은 해당 옵션에서 무해
S025hub8.perm__db_read,S,db_read,permissive,none,none,0,normal,resume,--db_mib 8 --index_mib 12 --parse_iters 120000 --refresh_ms 500 --refresh_kib 256 --timer 1 --timer_s 60 --watch 1 --substeps 1 --hub_conns 8 --hub_pending 8,[hub8 구성·permissive] ok — 이 라인의 자원은 해당 옵션에서 무해
S025hub8.perm__db_read_p25,S,db_read_p25,permissive,none,none,0,normal,resume,--db_mib 8 --index_mib 12 --parse_iters 120000 --refresh_ms 500 --refresh_kib 256 --timer 1 --timer_s 60 --watch 1 --substeps 1 --hub_conns 8 --hub_pending 8,[hub8 구성·permissive] ok — 이 라인의 자원은 해당 옵션에서 무해
S025hub8.perm__db_read_p50,S,db_read_p50,permissive,none,none,0,normal,resume,--db_mib 8 --index_mib 12 --parse_iters 120000 --refresh_ms 500 --refresh_kib 256 --timer 1 --timer_s 60 --watch 1 --substeps 1 --hub_conns 8 --hub_pending 8,[hub8 구성·permissive] ok — 이 라인의 자원은 해당 옵션에서 무해
S025hub8.perm__db_read_p75,S,db_read_p75,permissive,none,none,0,normal,resume,--db_mib 8 --index_mib 12 --parse_iters 120000 --refresh_ms 500 --refresh_kib 256 --timer 1 --timer_s 60 --watch 1 --substeps 1 --hub_conns 8 --hub_pending 8,[hub8 구성·permissive] ok — 이 라인의 자원은 해당 옵션에서 무해
S025hub8.perm__db_parse,S,db_parse,permissive,none,none,0,normal,resume,--db_mib 8 --index_mib 12 --parse_iters 120000 --refresh_ms 500 --refresh_kib 256 --timer 1 --timer_s 60 --watch 1 --substeps 1 --hub_conns 8 --hub_pending 8,[hub8 구성·permissive] ok — 이 라인의 자원은 해당 옵션에서 무해
S025hub8.perm__db_parse_p25,S,db_parse_p25,permissive,none,none,0,normal,resume,--db_mib 8 --index_mib 12 --parse_iters 120000 --refresh_ms 500 --refresh_kib 256 --timer 1 --timer_s 60 --watch 1 --substeps 1 --hub_conns 8 --hub_pending 8,[hub8 구성·permissive] ok — 이 라인의 자원은 해당 옵션에서 무해
S025hub8.perm__db_parse_p50,S,db_parse_p50,permissive,none,none,0,normal,resume,--db_mib 8 --index_mib 12 --parse_iters 120000 --refresh_ms 500 --refresh_kib 256 --timer 1 --timer_s 60 --watch 1 --substeps 1 --hub_conns 8 --hub_pending 8,[hub8 구성·permissive] ok — 이 라인의 자원은 해당 옵션에서 무해
S025hub8.perm__db_parse_p75,S,db_parse_p75,permissive,none,none,0,normal,resume,--db_mib 8 --index_mib 12 --parse_iters 120000 --refresh_ms 500 --refresh_kib 256 --timer 1 --timer_s 60 --watch 1 --substeps 1 --hub_conns 8 --hub_pending 8,[hub8 구성·permissive] ok — 이 라인의 자원은 해당 옵션에서 무해
S025hub8.perm__epg_index,S,epg_index,permissive,none,none,0,normal,resume,--db_mib 8 --index_mib 12 --parse_iters 120000 --refresh_ms 500 --refresh_kib 256 --timer 1 --timer_s 60 --watch 1 --substeps 1 --hub_conns 8 --hub_pending 8,[hub8 구성·permissive] ok — 이 라인의 자원은 해당 옵션에서 무해
S025hub8.perm__epg_index_p25,S,epg_index_p25,permissive,none,none,0,normal,resume,--db_mib 8 --index_mib 12 --parse_iters 120000 --refresh_ms 500 --refresh_kib 256 --timer 1 --timer_s 60 --watch 1 --substeps 1 --hub_conns 8 --hub_pending 8,[hub8 구성·permissive] ok — 이 라인의 자원은 해당 옵션에서 무해
S025hub8.perm__epg_index_p50,S,epg_index_p50,permissive,none,none,0,normal,resume,--db_mib 8 --index_mib 12 --parse_iters 120000 --refresh_ms 500 --refresh_kib 256 --timer 1 --timer_s 60 --watch 1 --substeps 1 --hub_conns 8 --hub_pending 8,[hub8 구성·permissive] ok — 이 라인의 자원은 해당 옵션에서 무해
S025hub8.perm__epg_index_p75,S,epg_index_p75,permissive,none,none,0,normal,resume,--db_mib 8 --index_mib 12 --parse_iters 120000 --refresh_ms 500 --refresh_kib 256 --timer 1 --timer_s 60 --watch 1 --substeps 1 --hub_conns 8 --hub_pending 8,[hub8 구성·permissive] ok — 이 라인의 자원은 해당 옵션에서 무해
S025hub8.perm__epg_text,S,epg_text,permissive,none,none,0,normal,resume,--db_mib 8 --index_mib 12 --parse_iters 120000 --refresh_ms 500 --refresh_kib 256 --timer 1 --timer_s 60 --watch 1 --substeps 1 --hub_conns 8 --hub_pending 8,[hub8 구성·permissive] ok — 이 라인의 자원은 해당 옵션에서 무해
S025hub8.perm__epg_reserve,S,epg_reserve,permissive,none,none,0,normal,resume,--db_mib 8 --index_mib 12 --parse_iters 120000 --refresh_ms 500 --refresh_kib 256 --timer 1 --timer_s 60 --watch 1 --substeps 1 --hub_conns 8 --hub_pending 8,[hub8 구성·permissive] ok — 이 라인의 자원은 해당 옵션에서 무해
S025hub8.perm__hub_conn1,S,hub_conn1,permissive,none,none,0,normal,resume,--db_mib 8 --index_mib 12 --parse_iters 120000 --refresh_ms 500 --refresh_kib 256 --timer 1 --timer_s 60 --watch 1 --substeps 1 --hub_conns 8 --hub_pending 8,"[hub8 구성·permissive] dump_fail — hub established는 옵션 불가 (경계선 2, 처방만이 답)"
S025hub8.perm__hub_conn2,S,hub_conn2,permissive,none,none,0,normal,resume,--db_mib 8 --index_mib 12 --parse_iters 120000 --refresh_ms 500 --refresh_kib 256 --timer 1 --timer_s 60 --watch 1 --substeps 1 --hub_conns 8 --hub_pending 8,"[hub8 구성·permissive] dump_fail — hub established는 옵션 불가 (경계선 2, 처방만이 답)"
S025hub8.perm__hub_conn3,S,hub_conn3,permissive,none,none,0,normal,resume,--db_mib 8 --index_mib 12 --parse_iters 120000 --refresh_ms 500 --refresh_kib 256 --timer 1 --timer_s 60 --watch 1 --substeps 1 --hub_conns 8 --hub_pending 8,"[hub8 구성·permissive] dump_fail — hub established는 옵션 불가 (경계선 2, 처방만이 답)"
S025hub8.perm__hub_conn4,S,hub_conn4,permissive,none,none,0,normal,resume,--db_mib 8 --index_mib 12 --parse_iters 120000 --refresh_ms 500 --refresh_kib 256 --timer 1 --timer_s 60 --watch 1 --substeps 1 --hub_conns 8 --hub_pending 8,"[hub8 구성·permissive] dump_fail — hub established는 옵션 불가 (경계선 2, 처방만이 답)"
S025hub8.perm__hub_subscribed,S,hub_subscribed,permissive,none,none,0,normal,resume,--db_mib 8 --index_mib 12 --parse_iters 120000 --refresh_ms 500 --refresh_kib 256 --timer 1 --timer_s 60 --watch 1 --substeps 1 --hub_conns 8 --hub_pending 8,"[hub8 구성·permissive] dump_fail — hub established는 옵션 불가 (경계선 2, 처방만이 답)"
S025hub8.perm__timer_armed,S,timer_armed,permissive,none,none,0,normal,resume,--db_mib 8 --index_mib 12 --parse_iters 120000 --refresh_ms 500 --refresh_kib 256 --timer 1 --timer_s 60 --watch 1 --substeps 1 --hub_conns 8 --hub_pending 8,"[hub8 구성·permissive] dump_fail — hub established는 옵션 불가 (경계선 2, 처방만이 답)"
S025hub8.perm__db_watch,S,db_watch,permissive,none,none,0,normal,resume,--db_mib 8 --index_mib 12 --parse_iters 120000 --refresh_ms 500 --refresh_kib 256 --timer 1 --timer_s 60 --watch 1 --substeps 1 --hub_conns 8 --hub_pending 8,"[hub8 구성·permissive] dump_fail — hub established는 옵션 불가 (경계선 2, 처방만이 답)"
S025hub8.perm__ready,S,ready,permissive,none,none,0,normal,"pong,stat",--db_mib 8 --index_mib 12 --parse_iters 120000 --refresh_ms 500 --refresh_kib 256 --timer 1 --timer_s 60 --watch 1 --substeps 1 --hub_conns 8 --hub_pending 8,"[hub8 구성·permissive] dump_fail — hub established는 옵션 불가 (경계선 2, 처방만이 답)"
S025hub8.perm__steady,S,steady,permissive,none,none,0,normal,"pong,stat",--db_mib 8 --index_mib 12 --parse_iters 120000 --refresh_ms 500 --refresh_kib 256 --timer 1 --timer_s 60 --watch 1 --substeps 1 --hub_conns 8 --hub_pending 8,"[hub8 구성·permissive] dump_fail — hub established는 옵션 불가 (경계선 2, 처방만이 답)"
S026tcprr.stri__init,S,init,strict,none,none,0,normal,resume,--db_mib 8 --index_mib 12 --parse_iters 120000 --refresh_ms 500 --refresh_kib 256 --timer 1 --timer_s 60 --watch 1 --substeps 1 --hub_conns 4 --hub_pending 8 --tcp reqresp,[tcprr 구성·strict] ok — 이 라인의 자원은 해당 옵션에서 무해
S026tcprr.stri__db_open,S,db_open,strict,none,none,0,normal,resume,--db_mib 8 --index_mib 12 --parse_iters 120000 --refresh_ms 500 --refresh_kib 256 --timer 1 --timer_s 60 --watch 1 --substeps 1 --hub_conns 4 --hub_pending 8 --tcp reqresp,[tcprr 구성·strict] ok — 이 라인의 자원은 해당 옵션에서 무해
S026tcprr.stri__db_read,S,db_read,strict,none,none,0,normal,resume,--db_mib 8 --index_mib 12 --parse_iters 120000 --refresh_ms 500 --refresh_kib 256 --timer 1 --timer_s 60 --watch 1 --substeps 1 --hub_conns 4 --hub_pending 8 --tcp reqresp,[tcprr 구성·strict] ok — 이 라인의 자원은 해당 옵션에서 무해
S026tcprr.stri__db_read_p25,S,db_read_p25,strict,none,none,0,normal,resume,--db_mib 8 --index_mib 12 --parse_iters 120000 --refresh_ms 500 --refresh_kib 256 --timer 1 --timer_s 60 --watch 1 --substeps 1 --hub_conns 4 --hub_pending 8 --tcp reqresp,[tcprr 구성·strict] ok — 이 라인의 자원은 해당 옵션에서 무해
S026tcprr.stri__db_read_p50,S,db_read_p50,strict,none,none,0,normal,resume,--db_mib 8 --index_mib 12 --parse_iters 120000 --refresh_ms 500 --refresh_kib 256 --timer 1 --timer_s 60 --watch 1 --substeps 1 --hub_conns 4 --hub_pending 8 --tcp reqresp,[tcprr 구성·strict] ok — 이 라인의 자원은 해당 옵션에서 무해
S026tcprr.stri__db_read_p75,S,db_read_p75,strict,none,none,0,normal,resume,--db_mib 8 --index_mib 12 --parse_iters 120000 --refresh_ms 500 --refresh_kib 256 --timer 1 --timer_s 60 --watch 1 --substeps 1 --hub_conns 4 --hub_pending 8 --tcp reqresp,[tcprr 구성·strict] ok — 이 라인의 자원은 해당 옵션에서 무해
S026tcprr.stri__db_parse,S,db_parse,strict,none,none,0,normal,resume,--db_mib 8 --index_mib 12 --parse_iters 120000 --refresh_ms 500 --refresh_kib 256 --timer 1 --timer_s 60 --watch 1 --substeps 1 --hub_conns 4 --hub_pending 8 --tcp reqresp,[tcprr 구성·strict] ok — 이 라인의 자원은 해당 옵션에서 무해
S026tcprr.stri__db_parse_p25,S,db_parse_p25,strict,none,none,0,normal,resume,--db_mib 8 --index_mib 12 --parse_iters 120000 --refresh_ms 500 --refresh_kib 256 --timer 1 --timer_s 60 --watch 1 --substeps 1 --hub_conns 4 --hub_pending 8 --tcp reqresp,[tcprr 구성·strict] ok — 이 라인의 자원은 해당 옵션에서 무해
S026tcprr.stri__db_parse_p50,S,db_parse_p50,strict,none,none,0,normal,resume,--db_mib 8 --index_mib 12 --parse_iters 120000 --refresh_ms 500 --refresh_kib 256 --timer 1 --timer_s 60 --watch 1 --substeps 1 --hub_conns 4 --hub_pending 8 --tcp reqresp,[tcprr 구성·strict] ok — 이 라인의 자원은 해당 옵션에서 무해
S026tcprr.stri__db_parse_p75,S,db_parse_p75,strict,none,none,0,normal,resume,--db_mib 8 --index_mib 12 --parse_iters 120000 --refresh_ms 500 --refresh_kib 256 --timer 1 --timer_s 60 --watch 1 --substeps 1 --hub_conns 4 --hub_pending 8 --tcp reqresp,[tcprr 구성·strict] ok — 이 라인의 자원은 해당 옵션에서 무해
S026tcprr.stri__epg_index,S,epg_index,strict,none,none,0,normal,resume,--db_mib 8 --index_mib 12 --parse_iters 120000 --refresh_ms 500 --refresh_kib 256 --timer 1 --timer_s 60 --watch 1 --substeps 1 --hub_conns 4 --hub_pending 8 --tcp reqresp,[tcprr 구성·strict] ok — 이 라인의 자원은 해당 옵션에서 무해
S026tcprr.stri__epg_index_p25,S,epg_index_p25,strict,none,none,0,normal,resume,--db_mib 8 --index_mib 12 --parse_iters 120000 --refresh_ms 500 --refresh_kib 256 --timer 1 --timer_s 60 --watch 1 --substeps 1 --hub_conns 4 --hub_pending 8 --tcp reqresp,[tcprr 구성·strict] ok — 이 라인의 자원은 해당 옵션에서 무해
S026tcprr.stri__epg_index_p50,S,epg_index_p50,strict,none,none,0,normal,resume,--db_mib 8 --index_mib 12 --parse_iters 120000 --refresh_ms 500 --refresh_kib 256 --timer 1 --timer_s 60 --watch 1 --substeps 1 --hub_conns 4 --hub_pending 8 --tcp reqresp,[tcprr 구성·strict] ok — 이 라인의 자원은 해당 옵션에서 무해
S026tcprr.stri__epg_index_p75,S,epg_index_p75,strict,none,none,0,normal,resume,--db_mib 8 --index_mib 12 --parse_iters 120000 --refresh_ms 500 --refresh_kib 256 --timer 1 --timer_s 60 --watch 1 --substeps 1 --hub_conns 4 --hub_pending 8 --tcp reqresp,[tcprr 구성·strict] ok — 이 라인의 자원은 해당 옵션에서 무해
S026tcprr.stri__epg_text,S,epg_text,strict,none,none,0,normal,resume,--db_mib 8 --index_mib 12 --parse_iters 120000 --refresh_ms 500 --refresh_kib 256 --timer 1 --timer_s 60 --watch 1 --substeps 1 --hub_conns 4 --hub_pending 8 --tcp reqresp,[tcprr 구성·strict] ok — 이 라인의 자원은 해당 옵션에서 무해
S026tcprr.stri__epg_reserve,S,epg_reserve,strict,none,none,0,normal,resume,--db_mib 8 --index_mib 12 --parse_iters 120000 --refresh_ms 500 --refresh_kib 256 --timer 1 --timer_s 60 --watch 1 --substeps 1 --hub_conns 4 --hub_pending 8 --tcp reqresp,[tcprr 구성·strict] ok — 이 라인의 자원은 해당 옵션에서 무해
S026tcprr.stri__hub_conn1,S,hub_conn1,strict,none,none,0,normal,resume,--db_mib 8 --index_mib 12 --parse_iters 120000 --refresh_ms 500 --refresh_kib 256 --timer 1 --timer_s 60 --watch 1 --substeps 1 --hub_conns 4 --hub_pending 8 --tcp reqresp,"[tcprr 구성·strict] dump_fail — hub established는 옵션 불가 (경계선 2, 처방만이 답)"
S026tcprr.stri__hub_conn2,S,hub_conn2,strict,none,none,0,normal,resume,--db_mib 8 --index_mib 12 --parse_iters 120000 --refresh_ms 500 --refresh_kib 256 --timer 1 --timer_s 60 --watch 1 --substeps 1 --hub_conns 4 --hub_pending 8 --tcp reqresp,"[tcprr 구성·strict] dump_fail — hub established는 옵션 불가 (경계선 2, 처방만이 답)"
S026tcprr.stri__hub_conn3,S,hub_conn3,strict,none,none,0,normal,resume,--db_mib 8 --index_mib 12 --parse_iters 120000 --refresh_ms 500 --refresh_kib 256 --timer 1 --timer_s 60 --watch 1 --substeps 1 --hub_conns 4 --hub_pending 8 --tcp reqresp,"[tcprr 구성·strict] dump_fail — hub established는 옵션 불가 (경계선 2, 처방만이 답)"
S026tcprr.stri__hub_conn4,S,hub_conn4,strict,none,none,0,normal,resume,--db_mib 8 --index_mib 12 --parse_iters 120000 --refresh_ms 500 --refresh_kib 256 --timer 1 --timer_s 60 --watch 1 --substeps 1 --hub_conns 4 --hub_pending 8 --tcp reqresp,"[tcprr 구성·strict] dump_fail — hub established는 옵션 불가 (경계선 2, 처방만이 답)"
S026tcprr.stri__hub_subscribed,S,hub_subscribed,strict,none,none,0,normal,resume,--db_mib 8 --index_mib 12 --parse_iters 120000 --refresh_ms 500 --refresh_kib 256 --timer 1 --timer_s 60 --watch 1 --substeps 1 --hub_conns 4 --hub_pending 8 --tcp reqresp,"[tcprr 구성·strict] dump_fail — hub established는 옵션 불가 (경계선 2, 처방만이 답)"
S026tcprr.stri__tcp_conn,S,tcp_conn,strict,none,none,0,normal,resume,--db_mib 8 --index_mib 12 --parse_iters 120000 --refresh_ms 500 --refresh_kib 256 --timer 1 --timer_s 60 --watch 1 --substeps 1 --hub_conns 4 --hub_pending 8 --tcp reqresp,"[tcprr 구성·strict] dump_fail — hub established는 옵션 불가 (경계선 2, 처방만이 답)"
S026tcprr.stri__timer_armed,S,timer_armed,strict,none,none,0,normal,resume,--db_mib 8 --index_mib 12 --parse_iters 120000 --refresh_ms 500 --refresh_kib 256 --timer 1 --timer_s 60 --watch 1 --substeps 1 --hub_conns 4 --hub_pending 8 --tcp reqresp,"[tcprr 구성·strict] dump_fail — hub established는 옵션 불가 (경계선 2, 처방만이 답)"
S026tcprr.stri__db_watch,S,db_watch,strict,none,none,0,normal,resume,--db_mib 8 --index_mib 12 --parse_iters 120000 --refresh_ms 500 --refresh_kib 256 --timer 1 --timer_s 60 --watch 1 --substeps 1 --hub_conns 4 --hub_pending 8 --tcp reqresp,"[tcprr 구성·strict] dump_fail — hub established는 옵션 불가 (경계선 2, 처방만이 답)"
S026tcprr.stri__ready,S,ready,strict,none,none,0,normal,"pong,stat",--db_mib 8 --index_mib 12 --parse_iters 120000 --refresh_ms 500 --refresh_kib 256 --timer 1 --timer_s 60 --watch 1 --substeps 1 --hub_conns 4 --hub_pending 8 --tcp reqresp,"[tcprr 구성·strict] dump_fail — hub established는 옵션 불가 (경계선 2, 처방만이 답)"
S026tcprr.stri__steady,S,steady,strict,none,none,0,normal,"pong,stat",--db_mib 8 --index_mib 12 --parse_iters 120000 --refresh_ms 500 --refresh_kib 256 --timer 1 --timer_s 60 --watch 1 --substeps 1 --hub_conns 4 --hub_pending 8 --tcp reqresp,"[tcprr 구성·strict] dump_fail — hub established는 옵션 불가 (경계선 2, 처방만이 답)"
S027tcprr.ext___init,S,init,ext_unix,none,none,0,normal,resume,--db_mib 8 --index_mib 12 --parse_iters 120000 --refresh_ms 500 --refresh_kib 256 --timer 1 --timer_s 60 --watch 1 --substeps 1 --hub_conns 4 --hub_pending 8 --tcp reqresp,[tcprr 구성·ext_unix] ok — 이 라인의 자원은 해당 옵션에서 무해
S027tcprr.ext___db_open,S,db_open,ext_unix,none,none,0,normal,resume,--db_mib 8 --index_mib 12 --parse_iters 120000 --refresh_ms 500 --refresh_kib 256 --timer 1 --timer_s 60 --watch 1 --substeps 1 --hub_conns 4 --hub_pending 8 --tcp reqresp,[tcprr 구성·ext_unix] ok — 이 라인의 자원은 해당 옵션에서 무해
S027tcprr.ext___db_read,S,db_read,ext_unix,none,none,0,normal,resume,--db_mib 8 --index_mib 12 --parse_iters 120000 --refresh_ms 500 --refresh_kib 256 --timer 1 --timer_s 60 --watch 1 --substeps 1 --hub_conns 4 --hub_pending 8 --tcp reqresp,[tcprr 구성·ext_unix] ok — 이 라인의 자원은 해당 옵션에서 무해
S027tcprr.ext___db_read_p25,S,db_read_p25,ext_unix,none,none,0,normal,resume,--db_mib 8 --index_mib 12 --parse_iters 120000 --refresh_ms 500 --refresh_kib 256 --timer 1 --timer_s 60 --watch 1 --substeps 1 --hub_conns 4 --hub_pending 8 --tcp reqresp,[tcprr 구성·ext_unix] ok — 이 라인의 자원은 해당 옵션에서 무해
S027tcprr.ext___db_read_p50,S,db_read_p50,ext_unix,none,none,0,normal,resume,--db_mib 8 --index_mib 12 --parse_iters 120000 --refresh_ms 500 --refresh_kib 256 --timer 1 --timer_s 60 --watch 1 --substeps 1 --hub_conns 4 --hub_pending 8 --tcp reqresp,[tcprr 구성·ext_unix] ok — 이 라인의 자원은 해당 옵션에서 무해
S027tcprr.ext___db_read_p75,S,db_read_p75,ext_unix,none,none,0,normal,resume,--db_mib 8 --index_mib 12 --parse_iters 120000 --refresh_ms 500 --refresh_kib 256 --timer 1 --timer_s 60 --watch 1 --substeps 1 --hub_conns 4 --hub_pending 8 --tcp reqresp,[tcprr 구성·ext_unix] ok — 이 라인의 자원은 해당 옵션에서 무해
S027tcprr.ext___db_parse,S,db_parse,ext_unix,none,none,0,normal,resume,--db_mib 8 --index_mib 12 --parse_iters 120000 --refresh_ms 500 --refresh_kib 256 --timer 1 --timer_s 60 --watch 1 --substeps 1 --hub_conns 4 --hub_pending 8 --tcp reqresp,[tcprr 구성·ext_unix] ok — 이 라인의 자원은 해당 옵션에서 무해
S027tcprr.ext___db_parse_p25,S,db_parse_p25,ext_unix,none,none,0,normal,resume,--db_mib 8 --index_mib 12 --parse_iters 120000 --refresh_ms 500 --refresh_kib 256 --timer 1 --timer_s 60 --watch 1 --substeps 1 --hub_conns 4 --hub_pending 8 --tcp reqresp,[tcprr 구성·ext_unix] ok — 이 라인의 자원은 해당 옵션에서 무해
S027tcprr.ext___db_parse_p50,S,db_parse_p50,ext_unix,none,none,0,normal,resume,--db_mib 8 --index_mib 12 --parse_iters 120000 --refresh_ms 500 --refresh_kib 256 --timer 1 --timer_s 60 --watch 1 --substeps 1 --hub_conns 4 --hub_pending 8 --tcp reqresp,[tcprr 구성·ext_unix] ok — 이 라인의 자원은 해당 옵션에서 무해
S027tcprr.ext___db_parse_p75,S,db_parse_p75,ext_unix,none,none,0,normal,resume,--db_mib 8 --index_mib 12 --parse_iters 120000 --refresh_ms 500 --refresh_kib 256 --timer 1 --timer_s 60 --watch 1 --substeps 1 --hub_conns 4 --hub_pending 8 --tcp reqresp,[tcprr 구성·ext_unix] ok — 이 라인의 자원은 해당 옵션에서 무해
S027tcprr.ext___epg_index,S,epg_index,ext_unix,none,none,0,normal,resume,--db_mib 8 --index_mib 12 --parse_iters 120000 --refresh_ms 500 --refresh_kib 256 --timer 1 --timer_s 60 --watch 1 --substeps 1 --hub_conns 4 --hub_pending 8 --tcp reqresp,[tcprr 구성·ext_unix] ok — 이 라인의 자원은 해당 옵션에서 무해
S027tcprr.ext___epg_index_p25,S,epg_index_p25,ext_unix,none,none,0,normal,resume,--db_mib 8 --index_mib 12 --parse_iters 120000 --refresh_ms 500 --refresh_kib 256 --timer 1 --timer_s 60 --watch 1 --substeps 1 --hub_conns 4 --hub_pending 8 --tcp reqresp,[tcprr 구성·ext_unix] ok — 이 라인의 자원은 해당 옵션에서 무해
S027tcprr.ext___epg_index_p50,S,epg_index_p50,ext_unix,none,none,0,normal,resume,--db_mib 8 --index_mib 12 --parse_iters 120000 --refresh_ms 500 --refresh_kib 256 --timer 1 --timer_s 60 --watch 1 --substeps 1 --hub_conns 4 --hub_pending 8 --tcp reqresp,[tcprr 구성·ext_unix] ok — 이 라인의 자원은 해당 옵션에서 무해
S027tcprr.ext___epg_index_p75,S,epg_index_p75,ext_unix,none,none,0,normal,resume,--db_mib 8 --index_mib 12 --parse_iters 120000 --refresh_ms 500 --refresh_kib 256 --timer 1 --timer_s 60 --watch 1 --substeps 1 --hub_conns 4 --hub_pending 8 --tcp reqresp,[tcprr 구성·ext_unix] ok — 이 라인의 자원은 해당 옵션에서 무해
S027tcprr.ext___epg_text,S,epg_text,ext_unix,none,none,0,normal,resume,--db_mib 8 --index_mib 12 --parse_iters 120000 --refresh_ms 500 --refresh_kib 256 --timer 1 --timer_s 60 --watch 1 --substeps 1 --hub_conns 4 --hub_pending 8 --tcp reqresp,[tcprr 구성·ext_unix] ok — 이 라인의 자원은 해당 옵션에서 무해
S027tcprr.ext___epg_reserve,S,epg_reserve,ext_unix,none,none,0,normal,resume,--db_mib 8 --index_mib 12 --parse_iters 120000 --refresh_ms 500 --refresh_kib 256 --timer 1 --timer_s 60 --watch 1 --substeps 1 --hub_conns 4 --hub_pending 8 --tcp reqresp,[tcprr 구성·ext_unix] ok — 이 라인의 자원은 해당 옵션에서 무해
S027tcprr.ext___hub_conn1,S,hub_conn1,ext_unix,none,none,0,normal,resume,--db_mib 8 --index_mib 12 --parse_iters 120000 --refresh_ms 500 --refresh_kib 256 --timer 1 --timer_s 60 --watch 1 --substeps 1 --hub_conns 4 --hub_pending 8 --tcp reqresp,"[tcprr 구성·ext_unix] dump_fail — hub established는 옵션 불가 (경계선 2, 처방만이 답)"
S027tcprr.ext___hub_conn2,S,hub_conn2,ext_unix,none,none,0,normal,resume,--db_mib 8 --index_mib 12 --parse_iters 120000 --refresh_ms 500 --refresh_kib 256 --timer 1 --timer_s 60 --watch 1 --substeps 1 --hub_conns 4 --hub_pending 8 --tcp reqresp,"[tcprr 구성·ext_unix] dump_fail — hub established는 옵션 불가 (경계선 2, 처방만이 답)"
S027tcprr.ext___hub_conn3,S,hub_conn3,ext_unix,none,none,0,normal,resume,--db_mib 8 --index_mib 12 --parse_iters 120000 --refresh_ms 500 --refresh_kib 256 --timer 1 --timer_s 60 --watch 1 --substeps 1 --hub_conns 4 --hub_pending 8 --tcp reqresp,"[tcprr 구성·ext_unix] dump_fail — hub established는 옵션 불가 (경계선 2, 처방만이 답)"
S027tcprr.ext___hub_conn4,S,hub_conn4,ext_unix,none,none,0,normal,resume,--db_mib 8 --index_mib 12 --parse_iters 120000 --refresh_ms 500 --refresh_kib 256 --timer 1 --timer_s 60 --watch 1 --substeps 1 --hub_conns 4 --hub_pending 8 --tcp reqresp,"[tcprr 구성·ext_unix] dump_fail — hub established는 옵션 불가 (경계선 2, 처방만이 답)"
S027tcprr.ext___hub_subscribed,S,hub_subscribed,ext_unix,none,none,0,normal,resume,--db_mib 8 --index_mib 12 --parse_iters 120000 --refresh_ms 500 --refresh_kib 256 --timer 1 --timer_s 60 --watch 1 --substeps 1 --hub_conns 4 --hub_pending 8 --tcp reqresp,"[tcprr 구성·ext_unix] dump_fail — hub established는 옵션 불가 (경계선 2, 처방만이 답)"
S027tcprr.ext___tcp_conn,S,tcp_conn,ext_unix,none,none,0,normal,resume,--db_mib 8 --index_mib 12 --parse_iters 120000 --refresh_ms 500 --refresh_kib 256 --timer 1 --timer_s 60 --watch 1 --substeps 1 --hub_conns 4 --hub_pending 8 --tcp reqresp,"[tcprr 구성·ext_unix] dump_fail — hub established는 옵션 불가 (경계선 2, 처방만이 답)"
S027tcprr.ext___timer_armed,S,timer_armed,ext_unix,none,none,0,normal,resume,--db_mib 8 --index_mib 12 --parse_iters 120000 --refresh_ms 500 --refresh_kib 256 --timer 1 --timer_s 60 --watch 1 --substeps 1 --hub_conns 4 --hub_pending 8 --tcp reqresp,"[tcprr 구성·ext_unix] dump_fail — hub established는 옵션 불가 (경계선 2, 처방만이 답)"
S027tcprr.ext___db_watch,S,db_watch,ext_unix,none,none,0,normal,resume,--db_mib 8 --index_mib 12 --parse_iters 120000 --refresh_ms 500 --refresh_kib 256 --timer 1 --timer_s 60 --watch 1 --substeps 1 --hub_conns 4 --hub_pending 8 --tcp reqresp,"[tcprr 구성·ext_unix] dump_fail — hub established는 옵션 불가 (경계선 2, 처방만이 답)"
S027tcprr.ext___ready,S,ready,ext_unix,none,none,0,normal,"pong,stat",--db_mib 8 --index_mib 12 --parse_iters 120000 --refresh_ms 500 --refresh_kib 256 --timer 1 --timer_s 60 --watch 1 --substeps 1 --hub_conns 4 --hub_pending 8 --tcp reqresp,"[tcprr 구성·ext_unix] dump_fail — hub established는 옵션 불가 (경계선 2, 처방만이 답)"
S027tcprr.ext___steady,S,steady,ext_unix,none,none,0,normal,"pong,stat",--db_mib 8 --index_mib 12 --parse_iters 120000 --refresh_ms 500 --refresh_kib 256 --timer 1 --timer_s 60 --watch 1 --substeps 1 --hub_conns 4 --hub_pending 8 --tcp reqresp,"[tcprr 구성·ext_unix] dump_fail — hub established는 옵션 불가 (경계선 2, 처방만이 답)"
S028tcprr.tcp___init,S,init,tcp_est,none,none,0,normal,resume,--db_mib 8 --index_mib 12 --parse_iters 120000 --refresh_ms 500 --refresh_kib 256 --timer 1 --timer_s 60 --watch 1 --substeps 1 --hub_conns 4 --hub_pending 8 --tcp reqresp,[tcprr 구성·tcp_est] ok — 이 라인의 자원은 해당 옵션에서 무해
S028tcprr.tcp___db_open,S,db_open,tcp_est,none,none,0,normal,resume,--db_mib 8 --index_mib 12 --parse_iters 120000 --refresh_ms 500 --refresh_kib 256 --timer 1 --timer_s 60 --watch 1 --substeps 1 --hub_conns 4 --hub_pending 8 --tcp reqresp,[tcprr 구성·tcp_est] ok — 이 라인의 자원은 해당 옵션에서 무해
S028tcprr.tcp___db_read,S,db_read,tcp_est,none,none,0,normal,resume,--db_mib 8 --index_mib 12 --parse_iters 120000 --refresh_ms 500 --refresh_kib 256 --timer 1 --timer_s 60 --watch 1 --substeps 1 --hub_conns 4 --hub_pending 8 --tcp reqresp,[tcprr 구성·tcp_est] ok — 이 라인의 자원은 해당 옵션에서 무해
S028tcprr.tcp___db_read_p25,S,db_read_p25,tcp_est,none,none,0,normal,resume,--db_mib 8 --index_mib 12 --parse_iters 120000 --refresh_ms 500 --refresh_kib 256 --timer 1 --timer_s 60 --watch 1 --substeps 1 --hub_conns 4 --hub_pending 8 --tcp reqresp,[tcprr 구성·tcp_est] ok — 이 라인의 자원은 해당 옵션에서 무해
S028tcprr.tcp___db_read_p50,S,db_read_p50,tcp_est,none,none,0,normal,resume,--db_mib 8 --index_mib 12 --parse_iters 120000 --refresh_ms 500 --refresh_kib 256 --timer 1 --timer_s 60 --watch 1 --substeps 1 --hub_conns 4 --hub_pending 8 --tcp reqresp,[tcprr 구성·tcp_est] ok — 이 라인의 자원은 해당 옵션에서 무해
S028tcprr.tcp___db_read_p75,S,db_read_p75,tcp_est,none,none,0,normal,resume,--db_mib 8 --index_mib 12 --parse_iters 120000 --refresh_ms 500 --refresh_kib 256 --timer 1 --timer_s 60 --watch 1 --substeps 1 --hub_conns 4 --hub_pending 8 --tcp reqresp,[tcprr 구성·tcp_est] ok — 이 라인의 자원은 해당 옵션에서 무해
S028tcprr.tcp___db_parse,S,db_parse,tcp_est,none,none,0,normal,resume,--db_mib 8 --index_mib 12 --parse_iters 120000 --refresh_ms 500 --refresh_kib 256 --timer 1 --timer_s 60 --watch 1 --substeps 1 --hub_conns 4 --hub_pending 8 --tcp reqresp,[tcprr 구성·tcp_est] ok — 이 라인의 자원은 해당 옵션에서 무해
S028tcprr.tcp___db_parse_p25,S,db_parse_p25,tcp_est,none,none,0,normal,resume,--db_mib 8 --index_mib 12 --parse_iters 120000 --refresh_ms 500 --refresh_kib 256 --timer 1 --timer_s 60 --watch 1 --substeps 1 --hub_conns 4 --hub_pending 8 --tcp reqresp,[tcprr 구성·tcp_est] ok — 이 라인의 자원은 해당 옵션에서 무해
S028tcprr.tcp___db_parse_p50,S,db_parse_p50,tcp_est,none,none,0,normal,resume,--db_mib 8 --index_mib 12 --parse_iters 120000 --refresh_ms 500 --refresh_kib 256 --timer 1 --timer_s 60 --watch 1 --substeps 1 --hub_conns 4 --hub_pending 8 --tcp reqresp,[tcprr 구성·tcp_est] ok — 이 라인의 자원은 해당 옵션에서 무해
S028tcprr.tcp___db_parse_p75,S,db_parse_p75,tcp_est,none,none,0,normal,resume,--db_mib 8 --index_mib 12 --parse_iters 120000 --refresh_ms 500 --refresh_kib 256 --timer 1 --timer_s 60 --watch 1 --substeps 1 --hub_conns 4 --hub_pending 8 --tcp reqresp,[tcprr 구성·tcp_est] ok — 이 라인의 자원은 해당 옵션에서 무해
S028tcprr.tcp___epg_index,S,epg_index,tcp_est,none,none,0,normal,resume,--db_mib 8 --index_mib 12 --parse_iters 120000 --refresh_ms 500 --refresh_kib 256 --timer 1 --timer_s 60 --watch 1 --substeps 1 --hub_conns 4 --hub_pending 8 --tcp reqresp,[tcprr 구성·tcp_est] ok — 이 라인의 자원은 해당 옵션에서 무해
S028tcprr.tcp___epg_index_p25,S,epg_index_p25,tcp_est,none,none,0,normal,resume,--db_mib 8 --index_mib 12 --parse_iters 120000 --refresh_ms 500 --refresh_kib 256 --timer 1 --timer_s 60 --watch 1 --substeps 1 --hub_conns 4 --hub_pending 8 --tcp reqresp,[tcprr 구성·tcp_est] ok — 이 라인의 자원은 해당 옵션에서 무해
S028tcprr.tcp___epg_index_p50,S,epg_index_p50,tcp_est,none,none,0,normal,resume,--db_mib 8 --index_mib 12 --parse_iters 120000 --refresh_ms 500 --refresh_kib 256 --timer 1 --timer_s 60 --watch 1 --substeps 1 --hub_conns 4 --hub_pending 8 --tcp reqresp,[tcprr 구성·tcp_est] ok — 이 라인의 자원은 해당 옵션에서 무해
S028tcprr.tcp___epg_index_p75,S,epg_index_p75,tcp_est,none,none,0,normal,resume,--db_mib 8 --index_mib 12 --parse_iters 120000 --refresh_ms 500 --refresh_kib 256 --timer 1 --timer_s 60 --watch 1 --substeps 1 --hub_conns 4 --hub_pending 8 --tcp reqresp,[tcprr 구성·tcp_est] ok — 이 라인의 자원은 해당 옵션에서 무해
S028tcprr.tcp___epg_text,S,epg_text,tcp_est,none,none,0,normal,resume,--db_mib 8 --index_mib 12 --parse_iters 120000 --refresh_ms 500 --refresh_kib 256 --timer 1 --timer_s 60 --watch 1 --substeps 1 --hub_conns 4 --hub_pending 8 --tcp reqresp,[tcprr 구성·tcp_est] ok — 이 라인의 자원은 해당 옵션에서 무해
S028tcprr.tcp___epg_reserve,S,epg_reserve,tcp_est,none,none,0,normal,resume,--db_mib 8 --index_mib 12 --parse_iters 120000 --refresh_ms 500 --refresh_kib 256 --timer 1 --timer_s 60 --watch 1 --substeps 1 --hub_conns 4 --hub_pending 8 --tcp reqresp,[tcprr 구성·tcp_est] ok — 이 라인의 자원은 해당 옵션에서 무해
S028tcprr.tcp___hub_conn1,S,hub_conn1,tcp_est,none,none,0,normal,resume,--db_mib 8 --index_mib 12 --parse_iters 120000 --refresh_ms 500 --refresh_kib 256 --timer 1 --timer_s 60 --watch 1 --substeps 1 --hub_conns 4 --hub_pending 8 --tcp reqresp,"[tcprr 구성·tcp_est] dump_fail — hub established는 옵션 불가 (경계선 2, 처방만이 답)"
S028tcprr.tcp___hub_conn2,S,hub_conn2,tcp_est,none,none,0,normal,resume,--db_mib 8 --index_mib 12 --parse_iters 120000 --refresh_ms 500 --refresh_kib 256 --timer 1 --timer_s 60 --watch 1 --substeps 1 --hub_conns 4 --hub_pending 8 --tcp reqresp,"[tcprr 구성·tcp_est] dump_fail — hub established는 옵션 불가 (경계선 2, 처방만이 답)"
S028tcprr.tcp___hub_conn3,S,hub_conn3,tcp_est,none,none,0,normal,resume,--db_mib 8 --index_mib 12 --parse_iters 120000 --refresh_ms 500 --refresh_kib 256 --timer 1 --timer_s 60 --watch 1 --substeps 1 --hub_conns 4 --hub_pending 8 --tcp reqresp,"[tcprr 구성·tcp_est] dump_fail — hub established는 옵션 불가 (경계선 2, 처방만이 답)"
S028tcprr.tcp___hub_conn4,S,hub_conn4,tcp_est,none,none,0,normal,resume,--db_mib 8 --index_mib 12 --parse_iters 120000 --refresh_ms 500 --refresh_kib 256 --timer 1 --timer_s 60 --watch 1 --substeps 1 --hub_conns 4 --hub_pending 8 --tcp reqresp,"[tcprr 구성·tcp_est] dump_fail — hub established는 옵션 불가 (경계선 2, 처방만이 답)"
S028tcprr.tcp___hub_subscribed,S,hub_subscribed,tcp_est,none,none,0,normal,resume,--db_mib 8 --index_mib 12 --parse_iters 120000 --refresh_ms 500 --refresh_kib 256 --timer 1 --timer_s 60 --watch 1 --substeps 1 --hub_conns 4 --hub_pending 8 --tcp reqresp,"[tcprr 구성·tcp_est] dump_fail — hub established는 옵션 불가 (경계선 2, 처방만이 답)"
S028tcprr.tcp___tcp_conn,S,tcp_conn,tcp_est,none,none,0,normal,resume,--db_mib 8 --index_mib 12 --parse_iters 120000 --refresh_ms 500 --refresh_kib 256 --timer 1 --timer_s 60 --watch 1 --substeps 1 --hub_conns 4 --hub_pending 8 --tcp reqresp,"[tcprr 구성·tcp_est] dump_fail — hub established는 옵션 불가 (경계선 2, 처방만이 답)"
S028tcprr.tcp___timer_armed,S,timer_armed,tcp_est,none,none,0,normal,resume,--db_mib 8 --index_mib 12 --parse_iters 120000 --refresh_ms 500 --refresh_kib 256 --timer 1 --timer_s 60 --watch 1 --substeps 1 --hub_conns 4 --hub_pending 8 --tcp reqresp,"[tcprr 구성·tcp_est] dump_fail — hub established는 옵션 불가 (경계선 2, 처방만이 답)"
S028tcprr.tcp___db_watch,S,db_watch,tcp_est,none,none,0,normal,resume,--db_mib 8 --index_mib 12 --parse_iters 120000 --refresh_ms 500 --refresh_kib 256 --timer 1 --timer_s 60 --watch 1 --substeps 1 --hub_conns 4 --hub_pending 8 --tcp reqresp,"[tcprr 구성·tcp_est] dump_fail — hub established는 옵션 불가 (경계선 2, 처방만이 답)"
S028tcprr.tcp___ready,S,ready,tcp_est,none,none,0,normal,"pong,stat",--db_mib 8 --index_mib 12 --parse_iters 120000 --refresh_ms 500 --refresh_kib 256 --timer 1 --timer_s 60 --watch 1 --substeps 1 --hub_conns 4 --hub_pending 8 --tcp reqresp,"[tcprr 구성·tcp_est] dump_fail — hub established는 옵션 불가 (경계선 2, 처방만이 답)"
S028tcprr.tcp___steady,S,steady,tcp_est,none,none,0,normal,"pong,stat",--db_mib 8 --index_mib 12 --parse_iters 120000 --refresh_ms 500 --refresh_kib 256 --timer 1 --timer_s 60 --watch 1 --substeps 1 --hub_conns 4 --hub_pending 8 --tcp reqresp,"[tcprr 구성·tcp_est] dump_fail — hub established는 옵션 불가 (경계선 2, 처방만이 답)"
S029tcprr.file__init,S,init,filelocks,none,none,0,normal,resume,--db_mib 8 --index_mib 12 --parse_iters 120000 --refresh_ms 500 --refresh_kib 256 --timer 1 --timer_s 60 --watch 1 --substeps 1 --hub_conns 4 --hub_pending 8 --tcp reqresp,[tcprr 구성·filelocks] ok — 이 라인의 자원은 해당 옵션에서 무해
S029tcprr.file__db_open,S,db_open,filelocks,none,none,0,normal,resume,--db_mib 8 --index_mib 12 --parse_iters 120000 --refresh_ms 500 --refresh_kib 256 --timer 1 --timer_s 60 --watch 1 --substeps 1 --hub_conns 4 --hub_pending 8 --tcp reqresp,[tcprr 구성·filelocks] ok — 이 라인의 자원은 해당 옵션에서 무해
S029tcprr.file__db_read,S,db_read,filelocks,none,none,0,normal,resume,--db_mib 8 --index_mib 12 --parse_iters 120000 --refresh_ms 500 --refresh_kib 256 --timer 1 --timer_s 60 --watch 1 --substeps 1 --hub_conns 4 --hub_pending 8 --tcp reqresp,[tcprr 구성·filelocks] ok — 이 라인의 자원은 해당 옵션에서 무해
S029tcprr.file__db_read_p25,S,db_read_p25,filelocks,none,none,0,normal,resume,--db_mib 8 --index_mib 12 --parse_iters 120000 --refresh_ms 500 --refresh_kib 256 --timer 1 --timer_s 60 --watch 1 --substeps 1 --hub_conns 4 --hub_pending 8 --tcp reqresp,[tcprr 구성·filelocks] ok — 이 라인의 자원은 해당 옵션에서 무해
S029tcprr.file__db_read_p50,S,db_read_p50,filelocks,none,none,0,normal,resume,--db_mib 8 --index_mib 12 --parse_iters 120000 --refresh_ms 500 --refresh_kib 256 --timer 1 --timer_s 60 --watch 1 --substeps 1 --hub_conns 4 --hub_pending 8 --tcp reqresp,[tcprr 구성·filelocks] ok — 이 라인의 자원은 해당 옵션에서 무해
S029tcprr.file__db_read_p75,S,db_read_p75,filelocks,none,none,0,normal,resume,--db_mib 8 --index_mib 12 --parse_iters 120000 --refresh_ms 500 --refresh_kib 256 --timer 1 --timer_s 60 --watch 1 --substeps 1 --hub_conns 4 --hub_pending 8 --tcp reqresp,[tcprr 구성·filelocks] ok — 이 라인의 자원은 해당 옵션에서 무해
S029tcprr.file__db_parse,S,db_parse,filelocks,none,none,0,normal,resume,--db_mib 8 --index_mib 12 --parse_iters 120000 --refresh_ms 500 --refresh_kib 256 --timer 1 --timer_s 60 --watch 1 --substeps 1 --hub_conns 4 --hub_pending 8 --tcp reqresp,[tcprr 구성·filelocks] ok — 이 라인의 자원은 해당 옵션에서 무해
S029tcprr.file__db_parse_p25,S,db_parse_p25,filelocks,none,none,0,normal,resume,--db_mib 8 --index_mib 12 --parse_iters 120000 --refresh_ms 500 --refresh_kib 256 --timer 1 --timer_s 60 --watch 1 --substeps 1 --hub_conns 4 --hub_pending 8 --tcp reqresp,[tcprr 구성·filelocks] ok — 이 라인의 자원은 해당 옵션에서 무해
S029tcprr.file__db_parse_p50,S,db_parse_p50,filelocks,none,none,0,normal,resume,--db_mib 8 --index_mib 12 --parse_iters 120000 --refresh_ms 500 --refresh_kib 256 --timer 1 --timer_s 60 --watch 1 --substeps 1 --hub_conns 4 --hub_pending 8 --tcp reqresp,[tcprr 구성·filelocks] ok — 이 라인의 자원은 해당 옵션에서 무해
S029tcprr.file__db_parse_p75,S,db_parse_p75,filelocks,none,none,0,normal,resume,--db_mib 8 --index_mib 12 --parse_iters 120000 --refresh_ms 500 --refresh_kib 256 --timer 1 --timer_s 60 --watch 1 --substeps 1 --hub_conns 4 --hub_pending 8 --tcp reqresp,[tcprr 구성·filelocks] ok — 이 라인의 자원은 해당 옵션에서 무해
S029tcprr.file__epg_index,S,epg_index,filelocks,none,none,0,normal,resume,--db_mib 8 --index_mib 12 --parse_iters 120000 --refresh_ms 500 --refresh_kib 256 --timer 1 --timer_s 60 --watch 1 --substeps 1 --hub_conns 4 --hub_pending 8 --tcp reqresp,[tcprr 구성·filelocks] ok — 이 라인의 자원은 해당 옵션에서 무해
S029tcprr.file__epg_index_p25,S,epg_index_p25,filelocks,none,none,0,normal,resume,--db_mib 8 --index_mib 12 --parse_iters 120000 --refresh_ms 500 --refresh_kib 256 --timer 1 --timer_s 60 --watch 1 --substeps 1 --hub_conns 4 --hub_pending 8 --tcp reqresp,[tcprr 구성·filelocks] ok — 이 라인의 자원은 해당 옵션에서 무해
S029tcprr.file__epg_index_p50,S,epg_index_p50,filelocks,none,none,0,normal,resume,--db_mib 8 --index_mib 12 --parse_iters 120000 --refresh_ms 500 --refresh_kib 256 --timer 1 --timer_s 60 --watch 1 --substeps 1 --hub_conns 4 --hub_pending 8 --tcp reqresp,[tcprr 구성·filelocks] ok — 이 라인의 자원은 해당 옵션에서 무해
S029tcprr.file__epg_index_p75,S,epg_index_p75,filelocks,none,none,0,normal,resume,--db_mib 8 --index_mib 12 --parse_iters 120000 --refresh_ms 500 --refresh_kib 256 --timer 1 --timer_s 60 --watch 1 --substeps 1 --hub_conns 4 --hub_pending 8 --tcp reqresp,[tcprr 구성·filelocks] ok — 이 라인의 자원은 해당 옵션에서 무해
S029tcprr.file__epg_text,S,epg_text,filelocks,none,none,0,normal,resume,--db_mib 8 --index_mib 12 --parse_iters 120000 --refresh_ms 500 --refresh_kib 256 --timer 1 --timer_s 60 --watch 1 --substeps 1 --hub_conns 4 --hub_pending 8 --tcp reqresp,[tcprr 구성·filelocks] ok — 이 라인의 자원은 해당 옵션에서 무해
S029tcprr.file__epg_reserve,S,epg_reserve,filelocks,none,none,0,normal,resume,--db_mib 8 --index_mib 12 --parse_iters 120000 --refresh_ms 500 --refresh_kib 256 --timer 1 --timer_s 60 --watch 1 --substeps 1 --hub_conns 4 --hub_pending 8 --tcp reqresp,[tcprr 구성·filelocks] ok — 이 라인의 자원은 해당 옵션에서 무해
S029tcprr.file__hub_conn1,S,hub_conn1,filelocks,none,none,0,normal,resume,--db_mib 8 --index_mib 12 --parse_iters 120000 --refresh_ms 500 --refresh_kib 256 --timer 1 --timer_s 60 --watch 1 --substeps 1 --hub_conns 4 --hub_pending 8 --tcp reqresp,"[tcprr 구성·filelocks] dump_fail — hub established는 옵션 불가 (경계선 2, 처방만이 답)"
S029tcprr.file__hub_conn2,S,hub_conn2,filelocks,none,none,0,normal,resume,--db_mib 8 --index_mib 12 --parse_iters 120000 --refresh_ms 500 --refresh_kib 256 --timer 1 --timer_s 60 --watch 1 --substeps 1 --hub_conns 4 --hub_pending 8 --tcp reqresp,"[tcprr 구성·filelocks] dump_fail — hub established는 옵션 불가 (경계선 2, 처방만이 답)"
S029tcprr.file__hub_conn3,S,hub_conn3,filelocks,none,none,0,normal,resume,--db_mib 8 --index_mib 12 --parse_iters 120000 --refresh_ms 500 --refresh_kib 256 --timer 1 --timer_s 60 --watch 1 --substeps 1 --hub_conns 4 --hub_pending 8 --tcp reqresp,"[tcprr 구성·filelocks] dump_fail — hub established는 옵션 불가 (경계선 2, 처방만이 답)"
S029tcprr.file__hub_conn4,S,hub_conn4,filelocks,none,none,0,normal,resume,--db_mib 8 --index_mib 12 --parse_iters 120000 --refresh_ms 500 --refresh_kib 256 --timer 1 --timer_s 60 --watch 1 --substeps 1 --hub_conns 4 --hub_pending 8 --tcp reqresp,"[tcprr 구성·filelocks] dump_fail — hub established는 옵션 불가 (경계선 2, 처방만이 답)"
S029tcprr.file__hub_subscribed,S,hub_subscribed,filelocks,none,none,0,normal,resume,--db_mib 8 --index_mib 12 --parse_iters 120000 --refresh_ms 500 --refresh_kib 256 --timer 1 --timer_s 60 --watch 1 --substeps 1 --hub_conns 4 --hub_pending 8 --tcp reqresp,"[tcprr 구성·filelocks] dump_fail — hub established는 옵션 불가 (경계선 2, 처방만이 답)"
S029tcprr.file__tcp_conn,S,tcp_conn,filelocks,none,none,0,normal,resume,--db_mib 8 --index_mib 12 --parse_iters 120000 --refresh_ms 500 --refresh_kib 256 --timer 1 --timer_s 60 --watch 1 --substeps 1 --hub_conns 4 --hub_pending 8 --tcp reqresp,"[tcprr 구성·filelocks] dump_fail — hub established는 옵션 불가 (경계선 2, 처방만이 답)"
S029tcprr.file__timer_armed,S,timer_armed,filelocks,none,none,0,normal,resume,--db_mib 8 --index_mib 12 --parse_iters 120000 --refresh_ms 500 --refresh_kib 256 --timer 1 --timer_s 60 --watch 1 --substeps 1 --hub_conns 4 --hub_pending 8 --tcp reqresp,"[tcprr 구성·filelocks] dump_fail — hub established는 옵션 불가 (경계선 2, 처방만이 답)"
S029tcprr.file__db_watch,S,db_watch,filelocks,none,none,0,normal,resume,--db_mib 8 --index_mib 12 --parse_iters 120000 --refresh_ms 500 --refresh_kib 256 --timer 1 --timer_s 60 --watch 1 --substeps 1 --hub_conns 4 --hub_pending 8 --tcp reqresp,"[tcprr 구성·filelocks] dump_fail — hub established는 옵션 불가 (경계선 2, 처방만이 답)"
S029tcprr.file__ready,S,ready,filelocks,none,none,0,normal,"pong,stat",--db_mib 8 --index_mib 12 --parse_iters 120000 --refresh_ms 500 --refresh_kib 256 --timer 1 --timer_s 60 --watch 1 --substeps 1 --hub_conns 4 --hub_pending 8 --tcp reqresp,"[tcprr 구성·filelocks] dump_fail — hub established는 옵션 불가 (경계선 2, 처방만이 답)"
S029tcprr.file__steady,S,steady,filelocks,none,none,0,normal,"pong,stat",--db_mib 8 --index_mib 12 --parse_iters 120000 --refresh_ms 500 --refresh_kib 256 --timer 1 --timer_s 60 --watch 1 --substeps 1 --hub_conns 4 --hub_pending 8 --tcp reqresp,"[tcprr 구성·filelocks] dump_fail — hub established는 옵션 불가 (경계선 2, 처방만이 답)"
S030tcprr.perm__init,S,init,permissive,none,none,0,normal,resume,--db_mib 8 --index_mib 12 --parse_iters 120000 --refresh_ms 500 --refresh_kib 256 --timer 1 --timer_s 60 --watch 1 --substeps 1 --hub_conns 4 --hub_pending 8 --tcp reqresp,[tcprr 구성·permissive] ok — 이 라인의 자원은 해당 옵션에서 무해
S030tcprr.perm__db_open,S,db_open,permissive,none,none,0,normal,resume,--db_mib 8 --index_mib 12 --parse_iters 120000 --refresh_ms 500 --refresh_kib 256 --timer 1 --timer_s 60 --watch 1 --substeps 1 --hub_conns 4 --hub_pending 8 --tcp reqresp,[tcprr 구성·permissive] ok — 이 라인의 자원은 해당 옵션에서 무해
S030tcprr.perm__db_read,S,db_read,permissive,none,none,0,normal,resume,--db_mib 8 --index_mib 12 --parse_iters 120000 --refresh_ms 500 --refresh_kib 256 --timer 1 --timer_s 60 --watch 1 --substeps 1 --hub_conns 4 --hub_pending 8 --tcp reqresp,[tcprr 구성·permissive] ok — 이 라인의 자원은 해당 옵션에서 무해
S030tcprr.perm__db_read_p25,S,db_read_p25,permissive,none,none,0,normal,resume,--db_mib 8 --index_mib 12 --parse_iters 120000 --refresh_ms 500 --refresh_kib 256 --timer 1 --timer_s 60 --watch 1 --substeps 1 --hub_conns 4 --hub_pending 8 --tcp reqresp,[tcprr 구성·permissive] ok — 이 라인의 자원은 해당 옵션에서 무해
S030tcprr.perm__db_read_p50,S,db_read_p50,permissive,none,none,0,normal,resume,--db_mib 8 --index_mib 12 --parse_iters 120000 --refresh_ms 500 --refresh_kib 256 --timer 1 --timer_s 60 --watch 1 --substeps 1 --hub_conns 4 --hub_pending 8 --tcp reqresp,[tcprr 구성·permissive] ok — 이 라인의 자원은 해당 옵션에서 무해
S030tcprr.perm__db_read_p75,S,db_read_p75,permissive,none,none,0,normal,resume,--db_mib 8 --index_mib 12 --parse_iters 120000 --refresh_ms 500 --refresh_kib 256 --timer 1 --timer_s 60 --watch 1 --substeps 1 --hub_conns 4 --hub_pending 8 --tcp reqresp,[tcprr 구성·permissive] ok — 이 라인의 자원은 해당 옵션에서 무해
S030tcprr.perm__db_parse,S,db_parse,permissive,none,none,0,normal,resume,--db_mib 8 --index_mib 12 --parse_iters 120000 --refresh_ms 500 --refresh_kib 256 --timer 1 --timer_s 60 --watch 1 --substeps 1 --hub_conns 4 --hub_pending 8 --tcp reqresp,[tcprr 구성·permissive] ok — 이 라인의 자원은 해당 옵션에서 무해
S030tcprr.perm__db_parse_p25,S,db_parse_p25,permissive,none,none,0,normal,resume,--db_mib 8 --index_mib 12 --parse_iters 120000 --refresh_ms 500 --refresh_kib 256 --timer 1 --timer_s 60 --watch 1 --substeps 1 --hub_conns 4 --hub_pending 8 --tcp reqresp,[tcprr 구성·permissive] ok — 이 라인의 자원은 해당 옵션에서 무해
S030tcprr.perm__db_parse_p50,S,db_parse_p50,permissive,none,none,0,normal,resume,--db_mib 8 --index_mib 12 --parse_iters 120000 --refresh_ms 500 --refresh_kib 256 --timer 1 --timer_s 60 --watch 1 --substeps 1 --hub_conns 4 --hub_pending 8 --tcp reqresp,[tcprr 구성·permissive] ok — 이 라인의 자원은 해당 옵션에서 무해
S030tcprr.perm__db_parse_p75,S,db_parse_p75,permissive,none,none,0,normal,resume,--db_mib 8 --index_mib 12 --parse_iters 120000 --refresh_ms 500 --refresh_kib 256 --timer 1 --timer_s 60 --watch 1 --substeps 1 --hub_conns 4 --hub_pending 8 --tcp reqresp,[tcprr 구성·permissive] ok — 이 라인의 자원은 해당 옵션에서 무해
S030tcprr.perm__epg_index,S,epg_index,permissive,none,none,0,normal,resume,--db_mib 8 --index_mib 12 --parse_iters 120000 --refresh_ms 500 --refresh_kib 256 --timer 1 --timer_s 60 --watch 1 --substeps 1 --hub_conns 4 --hub_pending 8 --tcp reqresp,[tcprr 구성·permissive] ok — 이 라인의 자원은 해당 옵션에서 무해
S030tcprr.perm__epg_index_p25,S,epg_index_p25,permissive,none,none,0,normal,resume,--db_mib 8 --index_mib 12 --parse_iters 120000 --refresh_ms 500 --refresh_kib 256 --timer 1 --timer_s 60 --watch 1 --substeps 1 --hub_conns 4 --hub_pending 8 --tcp reqresp,[tcprr 구성·permissive] ok — 이 라인의 자원은 해당 옵션에서 무해
S030tcprr.perm__epg_index_p50,S,epg_index_p50,permissive,none,none,0,normal,resume,--db_mib 8 --index_mib 12 --parse_iters 120000 --refresh_ms 500 --refresh_kib 256 --timer 1 --timer_s 60 --watch 1 --substeps 1 --hub_conns 4 --hub_pending 8 --tcp reqresp,[tcprr 구성·permissive] ok — 이 라인의 자원은 해당 옵션에서 무해
S030tcprr.perm__epg_index_p75,S,epg_index_p75,permissive,none,none,0,normal,resume,--db_mib 8 --index_mib 12 --parse_iters 120000 --refresh_ms 500 --refresh_kib 256 --timer 1 --timer_s 60 --watch 1 --substeps 1 --hub_conns 4 --hub_pending 8 --tcp reqresp,[tcprr 구성·permissive] ok — 이 라인의 자원은 해당 옵션에서 무해
S030tcprr.perm__epg_text,S,epg_text,permissive,none,none,0,normal,resume,--db_mib 8 --index_mib 12 --parse_iters 120000 --refresh_ms 500 --refresh_kib 256 --timer 1 --timer_s 60 --watch 1 --substeps 1 --hub_conns 4 --hub_pending 8 --tcp reqresp,[tcprr 구성·permissive] ok — 이 라인의 자원은 해당 옵션에서 무해
S030tcprr.perm__epg_reserve,S,epg_reserve,permissive,none,none,0,normal,resume,--db_mib 8 --index_mib 12 --parse_iters 120000 --refresh_ms 500 --refresh_kib 256 --timer 1 --timer_s 60 --watch 1 --substeps 1 --hub_conns 4 --hub_pending 8 --tcp reqresp,[tcprr 구성·permissive] ok — 이 라인의 자원은 해당 옵션에서 무해
S030tcprr.perm__hub_conn1,S,hub_conn1,permissive,none,none,0,normal,resume,--db_mib 8 --index_mib 12 --parse_iters 120000 --refresh_ms 500 --refresh_kib 256 --timer 1 --timer_s 60 --watch 1 --substeps 1 --hub_conns 4 --hub_pending 8 --tcp reqresp,"[tcprr 구성·permissive] dump_fail — hub established는 옵션 불가 (경계선 2, 처방만이 답)"
S030tcprr.perm__hub_conn2,S,hub_conn2,permissive,none,none,0,normal,resume,--db_mib 8 --index_mib 12 --parse_iters 120000 --refresh_ms 500 --refresh_kib 256 --timer 1 --timer_s 60 --watch 1 --substeps 1 --hub_conns 4 --hub_pending 8 --tcp reqresp,"[tcprr 구성·permissive] dump_fail — hub established는 옵션 불가 (경계선 2, 처방만이 답)"
S030tcprr.perm__hub_conn3,S,hub_conn3,permissive,none,none,0,normal,resume,--db_mib 8 --index_mib 12 --parse_iters 120000 --refresh_ms 500 --refresh_kib 256 --timer 1 --timer_s 60 --watch 1 --substeps 1 --hub_conns 4 --hub_pending 8 --tcp reqresp,"[tcprr 구성·permissive] dump_fail — hub established는 옵션 불가 (경계선 2, 처방만이 답)"
S030tcprr.perm__hub_conn4,S,hub_conn4,permissive,none,none,0,normal,resume,--db_mib 8 --index_mib 12 --parse_iters 120000 --refresh_ms 500 --refresh_kib 256 --timer 1 --timer_s 60 --watch 1 --substeps 1 --hub_conns 4 --hub_pending 8 --tcp reqresp,"[tcprr 구성·permissive] dump_fail — hub established는 옵션 불가 (경계선 2, 처방만이 답)"
S030tcprr.perm__hub_subscribed,S,hub_subscribed,permissive,none,none,0,normal,resume,--db_mib 8 --index_mib 12 --parse_iters 120000 --refresh_ms 500 --refresh_kib 256 --timer 1 --timer_s 60 --watch 1 --substeps 1 --hub_conns 4 --hub_pending 8 --tcp reqresp,"[tcprr 구성·permissive] dump_fail — hub established는 옵션 불가 (경계선 2, 처방만이 답)"
S030tcprr.perm__tcp_conn,S,tcp_conn,permissive,none,none,0,normal,resume,--db_mib 8 --index_mib 12 --parse_iters 120000 --refresh_ms 500 --refresh_kib 256 --timer 1 --timer_s 60 --watch 1 --substeps 1 --hub_conns 4 --hub_pending 8 --tcp reqresp,"[tcprr 구성·permissive] dump_fail — hub established는 옵션 불가 (경계선 2, 처방만이 답)"
S030tcprr.perm__timer_armed,S,timer_armed,permissive,none,none,0,normal,resume,--db_mib 8 --index_mib 12 --parse_iters 120000 --refresh_ms 500 --refresh_kib 256 --timer 1 --timer_s 60 --watch 1 --substeps 1 --hub_conns 4 --hub_pending 8 --tcp reqresp,"[tcprr 구성·permissive] dump_fail — hub established는 옵션 불가 (경계선 2, 처방만이 답)"
S030tcprr.perm__db_watch,S,db_watch,permissive,none,none,0,normal,resume,--db_mib 8 --index_mib 12 --parse_iters 120000 --refresh_ms 500 --refresh_kib 256 --timer 1 --timer_s 60 --watch 1 --substeps 1 --hub_conns 4 --hub_pending 8 --tcp reqresp,"[tcprr 구성·permissive] dump_fail — hub established는 옵션 불가 (경계선 2, 처방만이 답)"
S030tcprr.perm__ready,S,ready,permissive,none,none,0,normal,"pong,stat",--db_mib 8 --index_mib 12 --parse_iters 120000 --refresh_ms 500 --refresh_kib 256 --timer 1 --timer_s 60 --watch 1 --substeps 1 --hub_conns 4 --hub_pending 8 --tcp reqresp,"[tcprr 구성·permissive] dump_fail — hub established는 옵션 불가 (경계선 2, 처방만이 답)"
S030tcprr.perm__steady,S,steady,permissive,none,none,0,normal,"pong,stat",--db_mib 8 --index_mib 12 --parse_iters 120000 --refresh_ms 500 --refresh_kib 256 --timer 1 --timer_s 60 --watch 1 --substeps 1 --hub_conns 4 --hub_pending 8 --tcp reqresp,"[tcprr 구성·permissive] dump_fail — hub established는 옵션 불가 (경계선 2, 처방만이 답)"
S031tcpst.stri__init,S,init,strict,none,none,0,normal,resume,--db_mib 8 --index_mib 12 --parse_iters 120000 --refresh_ms 500 --refresh_kib 256 --timer 1 --timer_s 60 --watch 1 --substeps 1 --hub_conns 4 --hub_pending 8 --tcp stream,[tcpst 구성·strict] ok — 이 라인의 자원은 해당 옵션에서 무해
S031tcpst.stri__db_open,S,db_open,strict,none,none,0,normal,resume,--db_mib 8 --index_mib 12 --parse_iters 120000 --refresh_ms 500 --refresh_kib 256 --timer 1 --timer_s 60 --watch 1 --substeps 1 --hub_conns 4 --hub_pending 8 --tcp stream,[tcpst 구성·strict] ok — 이 라인의 자원은 해당 옵션에서 무해
S031tcpst.stri__db_read,S,db_read,strict,none,none,0,normal,resume,--db_mib 8 --index_mib 12 --parse_iters 120000 --refresh_ms 500 --refresh_kib 256 --timer 1 --timer_s 60 --watch 1 --substeps 1 --hub_conns 4 --hub_pending 8 --tcp stream,[tcpst 구성·strict] ok — 이 라인의 자원은 해당 옵션에서 무해
S031tcpst.stri__db_read_p25,S,db_read_p25,strict,none,none,0,normal,resume,--db_mib 8 --index_mib 12 --parse_iters 120000 --refresh_ms 500 --refresh_kib 256 --timer 1 --timer_s 60 --watch 1 --substeps 1 --hub_conns 4 --hub_pending 8 --tcp stream,[tcpst 구성·strict] ok — 이 라인의 자원은 해당 옵션에서 무해
S031tcpst.stri__db_read_p50,S,db_read_p50,strict,none,none,0,normal,resume,--db_mib 8 --index_mib 12 --parse_iters 120000 --refresh_ms 500 --refresh_kib 256 --timer 1 --timer_s 60 --watch 1 --substeps 1 --hub_conns 4 --hub_pending 8 --tcp stream,[tcpst 구성·strict] ok — 이 라인의 자원은 해당 옵션에서 무해
S031tcpst.stri__db_read_p75,S,db_read_p75,strict,none,none,0,normal,resume,--db_mib 8 --index_mib 12 --parse_iters 120000 --refresh_ms 500 --refresh_kib 256 --timer 1 --timer_s 60 --watch 1 --substeps 1 --hub_conns 4 --hub_pending 8 --tcp stream,[tcpst 구성·strict] ok — 이 라인의 자원은 해당 옵션에서 무해
S031tcpst.stri__db_parse,S,db_parse,strict,none,none,0,normal,resume,--db_mib 8 --index_mib 12 --parse_iters 120000 --refresh_ms 500 --refresh_kib 256 --timer 1 --timer_s 60 --watch 1 --substeps 1 --hub_conns 4 --hub_pending 8 --tcp stream,[tcpst 구성·strict] ok — 이 라인의 자원은 해당 옵션에서 무해
S031tcpst.stri__db_parse_p25,S,db_parse_p25,strict,none,none,0,normal,resume,--db_mib 8 --index_mib 12 --parse_iters 120000 --refresh_ms 500 --refresh_kib 256 --timer 1 --timer_s 60 --watch 1 --substeps 1 --hub_conns 4 --hub_pending 8 --tcp stream,[tcpst 구성·strict] ok — 이 라인의 자원은 해당 옵션에서 무해
S031tcpst.stri__db_parse_p50,S,db_parse_p50,strict,none,none,0,normal,resume,--db_mib 8 --index_mib 12 --parse_iters 120000 --refresh_ms 500 --refresh_kib 256 --timer 1 --timer_s 60 --watch 1 --substeps 1 --hub_conns 4 --hub_pending 8 --tcp stream,[tcpst 구성·strict] ok — 이 라인의 자원은 해당 옵션에서 무해
S031tcpst.stri__db_parse_p75,S,db_parse_p75,strict,none,none,0,normal,resume,--db_mib 8 --index_mib 12 --parse_iters 120000 --refresh_ms 500 --refresh_kib 256 --timer 1 --timer_s 60 --watch 1 --substeps 1 --hub_conns 4 --hub_pending 8 --tcp stream,[tcpst 구성·strict] ok — 이 라인의 자원은 해당 옵션에서 무해
S031tcpst.stri__epg_index,S,epg_index,strict,none,none,0,normal,resume,--db_mib 8 --index_mib 12 --parse_iters 120000 --refresh_ms 500 --refresh_kib 256 --timer 1 --timer_s 60 --watch 1 --substeps 1 --hub_conns 4 --hub_pending 8 --tcp stream,[tcpst 구성·strict] ok — 이 라인의 자원은 해당 옵션에서 무해
S031tcpst.stri__epg_index_p25,S,epg_index_p25,strict,none,none,0,normal,resume,--db_mib 8 --index_mib 12 --parse_iters 120000 --refresh_ms 500 --refresh_kib 256 --timer 1 --timer_s 60 --watch 1 --substeps 1 --hub_conns 4 --hub_pending 8 --tcp stream,[tcpst 구성·strict] ok — 이 라인의 자원은 해당 옵션에서 무해
S031tcpst.stri__epg_index_p50,S,epg_index_p50,strict,none,none,0,normal,resume,--db_mib 8 --index_mib 12 --parse_iters 120000 --refresh_ms 500 --refresh_kib 256 --timer 1 --timer_s 60 --watch 1 --substeps 1 --hub_conns 4 --hub_pending 8 --tcp stream,[tcpst 구성·strict] ok — 이 라인의 자원은 해당 옵션에서 무해
S031tcpst.stri__epg_index_p75,S,epg_index_p75,strict,none,none,0,normal,resume,--db_mib 8 --index_mib 12 --parse_iters 120000 --refresh_ms 500 --refresh_kib 256 --timer 1 --timer_s 60 --watch 1 --substeps 1 --hub_conns 4 --hub_pending 8 --tcp stream,[tcpst 구성·strict] ok — 이 라인의 자원은 해당 옵션에서 무해
S031tcpst.stri__epg_text,S,epg_text,strict,none,none,0,normal,resume,--db_mib 8 --index_mib 12 --parse_iters 120000 --refresh_ms 500 --refresh_kib 256 --timer 1 --timer_s 60 --watch 1 --substeps 1 --hub_conns 4 --hub_pending 8 --tcp stream,[tcpst 구성·strict] ok — 이 라인의 자원은 해당 옵션에서 무해
S031tcpst.stri__epg_reserve,S,epg_reserve,strict,none,none,0,normal,resume,--db_mib 8 --index_mib 12 --parse_iters 120000 --refresh_ms 500 --refresh_kib 256 --timer 1 --timer_s 60 --watch 1 --substeps 1 --hub_conns 4 --hub_pending 8 --tcp stream,[tcpst 구성·strict] ok — 이 라인의 자원은 해당 옵션에서 무해
S031tcpst.stri__hub_conn1,S,hub_conn1,strict,none,none,0,normal,resume,--db_mib 8 --index_mib 12 --parse_iters 120000 --refresh_ms 500 --refresh_kib 256 --timer 1 --timer_s 60 --watch 1 --substeps 1 --hub_conns 4 --hub_pending 8 --tcp stream,"[tcpst 구성·strict] dump_fail — hub established는 옵션 불가 (경계선 2, 처방만이 답)"
S031tcpst.stri__hub_conn2,S,hub_conn2,strict,none,none,0,normal,resume,--db_mib 8 --index_mib 12 --parse_iters 120000 --refresh_ms 500 --refresh_kib 256 --timer 1 --timer_s 60 --watch 1 --substeps 1 --hub_conns 4 --hub_pending 8 --tcp stream,"[tcpst 구성·strict] dump_fail — hub established는 옵션 불가 (경계선 2, 처방만이 답)"
S031tcpst.stri__hub_conn3,S,hub_conn3,strict,none,none,0,normal,resume,--db_mib 8 --index_mib 12 --parse_iters 120000 --refresh_ms 500 --refresh_kib 256 --timer 1 --timer_s 60 --watch 1 --substeps 1 --hub_conns 4 --hub_pending 8 --tcp stream,"[tcpst 구성·strict] dump_fail — hub established는 옵션 불가 (경계선 2, 처방만이 답)"
S031tcpst.stri__hub_conn4,S,hub_conn4,strict,none,none,0,normal,resume,--db_mib 8 --index_mib 12 --parse_iters 120000 --refresh_ms 500 --refresh_kib 256 --timer 1 --timer_s 60 --watch 1 --substeps 1 --hub_conns 4 --hub_pending 8 --tcp stream,"[tcpst 구성·strict] dump_fail — hub established는 옵션 불가 (경계선 2, 처방만이 답)"
S031tcpst.stri__hub_subscribed,S,hub_subscribed,strict,none,none,0,normal,resume,--db_mib 8 --index_mib 12 --parse_iters 120000 --refresh_ms 500 --refresh_kib 256 --timer 1 --timer_s 60 --watch 1 --substeps 1 --hub_conns 4 --hub_pending 8 --tcp stream,"[tcpst 구성·strict] dump_fail — hub established는 옵션 불가 (경계선 2, 처방만이 답)"
S031tcpst.stri__tcp_conn,S,tcp_conn,strict,none,none,0,normal,resume,--db_mib 8 --index_mib 12 --parse_iters 120000 --refresh_ms 500 --refresh_kib 256 --timer 1 --timer_s 60 --watch 1 --substeps 1 --hub_conns 4 --hub_pending 8 --tcp stream,"[tcpst 구성·strict] dump_fail — hub established는 옵션 불가 (경계선 2, 처방만이 답)"
S031tcpst.stri__timer_armed,S,timer_armed,strict,none,none,0,normal,resume,--db_mib 8 --index_mib 12 --parse_iters 120000 --refresh_ms 500 --refresh_kib 256 --timer 1 --timer_s 60 --watch 1 --substeps 1 --hub_conns 4 --hub_pending 8 --tcp stream,"[tcpst 구성·strict] dump_fail — hub established는 옵션 불가 (경계선 2, 처방만이 답)"
S031tcpst.stri__db_watch,S,db_watch,strict,none,none,0,normal,resume,--db_mib 8 --index_mib 12 --parse_iters 120000 --refresh_ms 500 --refresh_kib 256 --timer 1 --timer_s 60 --watch 1 --substeps 1 --hub_conns 4 --hub_pending 8 --tcp stream,"[tcpst 구성·strict] dump_fail — hub established는 옵션 불가 (경계선 2, 처방만이 답)"
S031tcpst.stri__ready,S,ready,strict,none,none,0,normal,"pong,stat",--db_mib 8 --index_mib 12 --parse_iters 120000 --refresh_ms 500 --refresh_kib 256 --timer 1 --timer_s 60 --watch 1 --substeps 1 --hub_conns 4 --hub_pending 8 --tcp stream,"[tcpst 구성·strict] dump_fail — hub established는 옵션 불가 (경계선 2, 처방만이 답)"
S031tcpst.stri__steady,S,steady,strict,none,none,0,normal,"pong,stat",--db_mib 8 --index_mib 12 --parse_iters 120000 --refresh_ms 500 --refresh_kib 256 --timer 1 --timer_s 60 --watch 1 --substeps 1 --hub_conns 4 --hub_pending 8 --tcp stream,"[tcpst 구성·strict] dump_fail — hub established는 옵션 불가 (경계선 2, 처방만이 답)"
S032tcpst.ext___init,S,init,ext_unix,none,none,0,normal,resume,--db_mib 8 --index_mib 12 --parse_iters 120000 --refresh_ms 500 --refresh_kib 256 --timer 1 --timer_s 60 --watch 1 --substeps 1 --hub_conns 4 --hub_pending 8 --tcp stream,[tcpst 구성·ext_unix] ok — 이 라인의 자원은 해당 옵션에서 무해
S032tcpst.ext___db_open,S,db_open,ext_unix,none,none,0,normal,resume,--db_mib 8 --index_mib 12 --parse_iters 120000 --refresh_ms 500 --refresh_kib 256 --timer 1 --timer_s 60 --watch 1 --substeps 1 --hub_conns 4 --hub_pending 8 --tcp stream,[tcpst 구성·ext_unix] ok — 이 라인의 자원은 해당 옵션에서 무해
S032tcpst.ext___db_read,S,db_read,ext_unix,none,none,0,normal,resume,--db_mib 8 --index_mib 12 --parse_iters 120000 --refresh_ms 500 --refresh_kib 256 --timer 1 --timer_s 60 --watch 1 --substeps 1 --hub_conns 4 --hub_pending 8 --tcp stream,[tcpst 구성·ext_unix] ok — 이 라인의 자원은 해당 옵션에서 무해
S032tcpst.ext___db_read_p25,S,db_read_p25,ext_unix,none,none,0,normal,resume,--db_mib 8 --index_mib 12 --parse_iters 120000 --refresh_ms 500 --refresh_kib 256 --timer 1 --timer_s 60 --watch 1 --substeps 1 --hub_conns 4 --hub_pending 8 --tcp stream,[tcpst 구성·ext_unix] ok — 이 라인의 자원은 해당 옵션에서 무해
S032tcpst.ext___db_read_p50,S,db_read_p50,ext_unix,none,none,0,normal,resume,--db_mib 8 --index_mib 12 --parse_iters 120000 --refresh_ms 500 --refresh_kib 256 --timer 1 --timer_s 60 --watch 1 --substeps 1 --hub_conns 4 --hub_pending 8 --tcp stream,[tcpst 구성·ext_unix] ok — 이 라인의 자원은 해당 옵션에서 무해
S032tcpst.ext___db_read_p75,S,db_read_p75,ext_unix,none,none,0,normal,resume,--db_mib 8 --index_mib 12 --parse_iters 120000 --refresh_ms 500 --refresh_kib 256 --timer 1 --timer_s 60 --watch 1 --substeps 1 --hub_conns 4 --hub_pending 8 --tcp stream,[tcpst 구성·ext_unix] ok — 이 라인의 자원은 해당 옵션에서 무해
S032tcpst.ext___db_parse,S,db_parse,ext_unix,none,none,0,normal,resume,--db_mib 8 --index_mib 12 --parse_iters 120000 --refresh_ms 500 --refresh_kib 256 --timer 1 --timer_s 60 --watch 1 --substeps 1 --hub_conns 4 --hub_pending 8 --tcp stream,[tcpst 구성·ext_unix] ok — 이 라인의 자원은 해당 옵션에서 무해
S032tcpst.ext___db_parse_p25,S,db_parse_p25,ext_unix,none,none,0,normal,resume,--db_mib 8 --index_mib 12 --parse_iters 120000 --refresh_ms 500 --refresh_kib 256 --timer 1 --timer_s 60 --watch 1 --substeps 1 --hub_conns 4 --hub_pending 8 --tcp stream,[tcpst 구성·ext_unix] ok — 이 라인의 자원은 해당 옵션에서 무해
S032tcpst.ext___db_parse_p50,S,db_parse_p50,ext_unix,none,none,0,normal,resume,--db_mib 8 --index_mib 12 --parse_iters 120000 --refresh_ms 500 --refresh_kib 256 --timer 1 --timer_s 60 --watch 1 --substeps 1 --hub_conns 4 --hub_pending 8 --tcp stream,[tcpst 구성·ext_unix] ok — 이 라인의 자원은 해당 옵션에서 무해
S032tcpst.ext___db_parse_p75,S,db_parse_p75,ext_unix,none,none,0,normal,resume,--db_mib 8 --index_mib 12 --parse_iters 120000 --refresh_ms 500 --refresh_kib 256 --timer 1 --timer_s 60 --watch 1 --substeps 1 --hub_conns 4 --hub_pending 8 --tcp stream,[tcpst 구성·ext_unix] ok — 이 라인의 자원은 해당 옵션에서 무해
S032tcpst.ext___epg_index,S,epg_index,ext_unix,none,none,0,normal,resume,--db_mib 8 --index_mib 12 --parse_iters 120000 --refresh_ms 500 --refresh_kib 256 --timer 1 --timer_s 60 --watch 1 --substeps 1 --hub_conns 4 --hub_pending 8 --tcp stream,[tcpst 구성·ext_unix] ok — 이 라인의 자원은 해당 옵션에서 무해
S032tcpst.ext___epg_index_p25,S,epg_index_p25,ext_unix,none,none,0,normal,resume,--db_mib 8 --index_mib 12 --parse_iters 120000 --refresh_ms 500 --refresh_kib 256 --timer 1 --timer_s 60 --watch 1 --substeps 1 --hub_conns 4 --hub_pending 8 --tcp stream,[tcpst 구성·ext_unix] ok — 이 라인의 자원은 해당 옵션에서 무해
S032tcpst.ext___epg_index_p50,S,epg_index_p50,ext_unix,none,none,0,normal,resume,--db_mib 8 --index_mib 12 --parse_iters 120000 --refresh_ms 500 --refresh_kib 256 --timer 1 --timer_s 60 --watch 1 --substeps 1 --hub_conns 4 --hub_pending 8 --tcp stream,[tcpst 구성·ext_unix] ok — 이 라인의 자원은 해당 옵션에서 무해
S032tcpst.ext___epg_index_p75,S,epg_index_p75,ext_unix,none,none,0,normal,resume,--db_mib 8 --index_mib 12 --parse_iters 120000 --refresh_ms 500 --refresh_kib 256 --timer 1 --timer_s 60 --watch 1 --substeps 1 --hub_conns 4 --hub_pending 8 --tcp stream,[tcpst 구성·ext_unix] ok — 이 라인의 자원은 해당 옵션에서 무해
S032tcpst.ext___epg_text,S,epg_text,ext_unix,none,none,0,normal,resume,--db_mib 8 --index_mib 12 --parse_iters 120000 --refresh_ms 500 --refresh_kib 256 --timer 1 --timer_s 60 --watch 1 --substeps 1 --hub_conns 4 --hub_pending 8 --tcp stream,[tcpst 구성·ext_unix] ok — 이 라인의 자원은 해당 옵션에서 무해
S032tcpst.ext___epg_reserve,S,epg_reserve,ext_unix,none,none,0,normal,resume,--db_mib 8 --index_mib 12 --parse_iters 120000 --refresh_ms 500 --refresh_kib 256 --timer 1 --timer_s 60 --watch 1 --substeps 1 --hub_conns 4 --hub_pending 8 --tcp stream,[tcpst 구성·ext_unix] ok — 이 라인의 자원은 해당 옵션에서 무해
S032tcpst.ext___hub_conn1,S,hub_conn1,ext_unix,none,none,0,normal,resume,--db_mib 8 --index_mib 12 --parse_iters 120000 --refresh_ms 500 --refresh_kib 256 --timer 1 --timer_s 60 --watch 1 --substeps 1 --hub_conns 4 --hub_pending 8 --tcp stream,"[tcpst 구성·ext_unix] dump_fail — hub established는 옵션 불가 (경계선 2, 처방만이 답)"
S032tcpst.ext___hub_conn2,S,hub_conn2,ext_unix,none,none,0,normal,resume,--db_mib 8 --index_mib 12 --parse_iters 120000 --refresh_ms 500 --refresh_kib 256 --timer 1 --timer_s 60 --watch 1 --substeps 1 --hub_conns 4 --hub_pending 8 --tcp stream,"[tcpst 구성·ext_unix] dump_fail — hub established는 옵션 불가 (경계선 2, 처방만이 답)"
S032tcpst.ext___hub_conn3,S,hub_conn3,ext_unix,none,none,0,normal,resume,--db_mib 8 --index_mib 12 --parse_iters 120000 --refresh_ms 500 --refresh_kib 256 --timer 1 --timer_s 60 --watch 1 --substeps 1 --hub_conns 4 --hub_pending 8 --tcp stream,"[tcpst 구성·ext_unix] dump_fail — hub established는 옵션 불가 (경계선 2, 처방만이 답)"
S032tcpst.ext___hub_conn4,S,hub_conn4,ext_unix,none,none,0,normal,resume,--db_mib 8 --index_mib 12 --parse_iters 120000 --refresh_ms 500 --refresh_kib 256 --timer 1 --timer_s 60 --watch 1 --substeps 1 --hub_conns 4 --hub_pending 8 --tcp stream,"[tcpst 구성·ext_unix] dump_fail — hub established는 옵션 불가 (경계선 2, 처방만이 답)"
S032tcpst.ext___hub_subscribed,S,hub_subscribed,ext_unix,none,none,0,normal,resume,--db_mib 8 --index_mib 12 --parse_iters 120000 --refresh_ms 500 --refresh_kib 256 --timer 1 --timer_s 60 --watch 1 --substeps 1 --hub_conns 4 --hub_pending 8 --tcp stream,"[tcpst 구성·ext_unix] dump_fail — hub established는 옵션 불가 (경계선 2, 처방만이 답)"
S032tcpst.ext___tcp_conn,S,tcp_conn,ext_unix,none,none,0,normal,resume,--db_mib 8 --index_mib 12 --parse_iters 120000 --refresh_ms 500 --refresh_kib 256 --timer 1 --timer_s 60 --watch 1 --substeps 1 --hub_conns 4 --hub_pending 8 --tcp stream,"[tcpst 구성·ext_unix] dump_fail — hub established는 옵션 불가 (경계선 2, 처방만이 답)"
S032tcpst.ext___timer_armed,S,timer_armed,ext_unix,none,none,0,normal,resume,--db_mib 8 --index_mib 12 --parse_iters 120000 --refresh_ms 500 --refresh_kib 256 --timer 1 --timer_s 60 --watch 1 --substeps 1 --hub_conns 4 --hub_pending 8 --tcp stream,"[tcpst 구성·ext_unix] dump_fail — hub established는 옵션 불가 (경계선 2, 처방만이 답)"
S032tcpst.ext___db_watch,S,db_watch,ext_unix,none,none,0,normal,resume,--db_mib 8 --index_mib 12 --parse_iters 120000 --refresh_ms 500 --refresh_kib 256 --timer 1 --timer_s 60 --watch 1 --substeps 1 --hub_conns 4 --hub_pending 8 --tcp stream,"[tcpst 구성·ext_unix] dump_fail — hub established는 옵션 불가 (경계선 2, 처방만이 답)"
S032tcpst.ext___ready,S,ready,ext_unix,none,none,0,normal,"pong,stat",--db_mib 8 --index_mib 12 --parse_iters 120000 --refresh_ms 500 --refresh_kib 256 --timer 1 --timer_s 60 --watch 1 --substeps 1 --hub_conns 4 --hub_pending 8 --tcp stream,"[tcpst 구성·ext_unix] dump_fail — hub established는 옵션 불가 (경계선 2, 처방만이 답)"
S032tcpst.ext___steady,S,steady,ext_unix,none,none,0,normal,"pong,stat",--db_mib 8 --index_mib 12 --parse_iters 120000 --refresh_ms 500 --refresh_kib 256 --timer 1 --timer_s 60 --watch 1 --substeps 1 --hub_conns 4 --hub_pending 8 --tcp stream,"[tcpst 구성·ext_unix] dump_fail — hub established는 옵션 불가 (경계선 2, 처방만이 답)"
S033tcpst.tcp___init,S,init,tcp_est,none,none,0,normal,resume,--db_mib 8 --index_mib 12 --parse_iters 120000 --refresh_ms 500 --refresh_kib 256 --timer 1 --timer_s 60 --watch 1 --substeps 1 --hub_conns 4 --hub_pending 8 --tcp stream,[tcpst 구성·tcp_est] ok — 이 라인의 자원은 해당 옵션에서 무해
S033tcpst.tcp___db_open,S,db_open,tcp_est,none,none,0,normal,resume,--db_mib 8 --index_mib 12 --parse_iters 120000 --refresh_ms 500 --refresh_kib 256 --timer 1 --timer_s 60 --watch 1 --substeps 1 --hub_conns 4 --hub_pending 8 --tcp stream,[tcpst 구성·tcp_est] ok — 이 라인의 자원은 해당 옵션에서 무해
S033tcpst.tcp___db_read,S,db_read,tcp_est,none,none,0,normal,resume,--db_mib 8 --index_mib 12 --parse_iters 120000 --refresh_ms 500 --refresh_kib 256 --timer 1 --timer_s 60 --watch 1 --substeps 1 --hub_conns 4 --hub_pending 8 --tcp stream,[tcpst 구성·tcp_est] ok — 이 라인의 자원은 해당 옵션에서 무해
S033tcpst.tcp___db_read_p25,S,db_read_p25,tcp_est,none,none,0,normal,resume,--db_mib 8 --index_mib 12 --parse_iters 120000 --refresh_ms 500 --refresh_kib 256 --timer 1 --timer_s 60 --watch 1 --substeps 1 --hub_conns 4 --hub_pending 8 --tcp stream,[tcpst 구성·tcp_est] ok — 이 라인의 자원은 해당 옵션에서 무해
S033tcpst.tcp___db_read_p50,S,db_read_p50,tcp_est,none,none,0,normal,resume,--db_mib 8 --index_mib 12 --parse_iters 120000 --refresh_ms 500 --refresh_kib 256 --timer 1 --timer_s 60 --watch 1 --substeps 1 --hub_conns 4 --hub_pending 8 --tcp stream,[tcpst 구성·tcp_est] ok — 이 라인의 자원은 해당 옵션에서 무해
S033tcpst.tcp___db_read_p75,S,db_read_p75,tcp_est,none,none,0,normal,resume,--db_mib 8 --index_mib 12 --parse_iters 120000 --refresh_ms 500 --refresh_kib 256 --timer 1 --timer_s 60 --watch 1 --substeps 1 --hub_conns 4 --hub_pending 8 --tcp stream,[tcpst 구성·tcp_est] ok — 이 라인의 자원은 해당 옵션에서 무해
S033tcpst.tcp___db_parse,S,db_parse,tcp_est,none,none,0,normal,resume,--db_mib 8 --index_mib 12 --parse_iters 120000 --refresh_ms 500 --refresh_kib 256 --timer 1 --timer_s 60 --watch 1 --substeps 1 --hub_conns 4 --hub_pending 8 --tcp stream,[tcpst 구성·tcp_est] ok — 이 라인의 자원은 해당 옵션에서 무해
S033tcpst.tcp___db_parse_p25,S,db_parse_p25,tcp_est,none,none,0,normal,resume,--db_mib 8 --index_mib 12 --parse_iters 120000 --refresh_ms 500 --refresh_kib 256 --timer 1 --timer_s 60 --watch 1 --substeps 1 --hub_conns 4 --hub_pending 8 --tcp stream,[tcpst 구성·tcp_est] ok — 이 라인의 자원은 해당 옵션에서 무해
S033tcpst.tcp___db_parse_p50,S,db_parse_p50,tcp_est,none,none,0,normal,resume,--db_mib 8 --index_mib 12 --parse_iters 120000 --refresh_ms 500 --refresh_kib 256 --timer 1 --timer_s 60 --watch 1 --substeps 1 --hub_conns 4 --hub_pending 8 --tcp stream,[tcpst 구성·tcp_est] ok — 이 라인의 자원은 해당 옵션에서 무해
S033tcpst.tcp___db_parse_p75,S,db_parse_p75,tcp_est,none,none,0,normal,resume,--db_mib 8 --index_mib 12 --parse_iters 120000 --refresh_ms 500 --refresh_kib 256 --timer 1 --timer_s 60 --watch 1 --substeps 1 --hub_conns 4 --hub_pending 8 --tcp stream,[tcpst 구성·tcp_est] ok — 이 라인의 자원은 해당 옵션에서 무해
S033tcpst.tcp___epg_index,S,epg_index,tcp_est,none,none,0,normal,resume,--db_mib 8 --index_mib 12 --parse_iters 120000 --refresh_ms 500 --refresh_kib 256 --timer 1 --timer_s 60 --watch 1 --substeps 1 --hub_conns 4 --hub_pending 8 --tcp stream,[tcpst 구성·tcp_est] ok — 이 라인의 자원은 해당 옵션에서 무해
S033tcpst.tcp___epg_index_p25,S,epg_index_p25,tcp_est,none,none,0,normal,resume,--db_mib 8 --index_mib 12 --parse_iters 120000 --refresh_ms 500 --refresh_kib 256 --timer 1 --timer_s 60 --watch 1 --substeps 1 --hub_conns 4 --hub_pending 8 --tcp stream,[tcpst 구성·tcp_est] ok — 이 라인의 자원은 해당 옵션에서 무해
S033tcpst.tcp___epg_index_p50,S,epg_index_p50,tcp_est,none,none,0,normal,resume,--db_mib 8 --index_mib 12 --parse_iters 120000 --refresh_ms 500 --refresh_kib 256 --timer 1 --timer_s 60 --watch 1 --substeps 1 --hub_conns 4 --hub_pending 8 --tcp stream,[tcpst 구성·tcp_est] ok — 이 라인의 자원은 해당 옵션에서 무해
S033tcpst.tcp___epg_index_p75,S,epg_index_p75,tcp_est,none,none,0,normal,resume,--db_mib 8 --index_mib 12 --parse_iters 120000 --refresh_ms 500 --refresh_kib 256 --timer 1 --timer_s 60 --watch 1 --substeps 1 --hub_conns 4 --hub_pending 8 --tcp stream,[tcpst 구성·tcp_est] ok — 이 라인의 자원은 해당 옵션에서 무해
S033tcpst.tcp___epg_text,S,epg_text,tcp_est,none,none,0,normal,resume,--db_mib 8 --index_mib 12 --parse_iters 120000 --refresh_ms 500 --refresh_kib 256 --timer 1 --timer_s 60 --watch 1 --substeps 1 --hub_conns 4 --hub_pending 8 --tcp stream,[tcpst 구성·tcp_est] ok — 이 라인의 자원은 해당 옵션에서 무해
S033tcpst.tcp___epg_reserve,S,epg_reserve,tcp_est,none,none,0,normal,resume,--db_mib 8 --index_mib 12 --parse_iters 120000 --refresh_ms 500 --refresh_kib 256 --timer 1 --timer_s 60 --watch 1 --substeps 1 --hub_conns 4 --hub_pending 8 --tcp stream,[tcpst 구성·tcp_est] ok — 이 라인의 자원은 해당 옵션에서 무해
S033tcpst.tcp___hub_conn1,S,hub_conn1,tcp_est,none,none,0,normal,resume,--db_mib 8 --index_mib 12 --parse_iters 120000 --refresh_ms 500 --refresh_kib 256 --timer 1 --timer_s 60 --watch 1 --substeps 1 --hub_conns 4 --hub_pending 8 --tcp stream,"[tcpst 구성·tcp_est] dump_fail — hub established는 옵션 불가 (경계선 2, 처방만이 답)"
S033tcpst.tcp___hub_conn2,S,hub_conn2,tcp_est,none,none,0,normal,resume,--db_mib 8 --index_mib 12 --parse_iters 120000 --refresh_ms 500 --refresh_kib 256 --timer 1 --timer_s 60 --watch 1 --substeps 1 --hub_conns 4 --hub_pending 8 --tcp stream,"[tcpst 구성·tcp_est] dump_fail — hub established는 옵션 불가 (경계선 2, 처방만이 답)"
S033tcpst.tcp___hub_conn3,S,hub_conn3,tcp_est,none,none,0,normal,resume,--db_mib 8 --index_mib 12 --parse_iters 120000 --refresh_ms 500 --refresh_kib 256 --timer 1 --timer_s 60 --watch 1 --substeps 1 --hub_conns 4 --hub_pending 8 --tcp stream,"[tcpst 구성·tcp_est] dump_fail — hub established는 옵션 불가 (경계선 2, 처방만이 답)"
S033tcpst.tcp___hub_conn4,S,hub_conn4,tcp_est,none,none,0,normal,resume,--db_mib 8 --index_mib 12 --parse_iters 120000 --refresh_ms 500 --refresh_kib 256 --timer 1 --timer_s 60 --watch 1 --substeps 1 --hub_conns 4 --hub_pending 8 --tcp stream,"[tcpst 구성·tcp_est] dump_fail — hub established는 옵션 불가 (경계선 2, 처방만이 답)"
S033tcpst.tcp___hub_subscribed,S,hub_subscribed,tcp_est,none,none,0,normal,resume,--db_mib 8 --index_mib 12 --parse_iters 120000 --refresh_ms 500 --refresh_kib 256 --timer 1 --timer_s 60 --watch 1 --substeps 1 --hub_conns 4 --hub_pending 8 --tcp stream,"[tcpst 구성·tcp_est] dump_fail — hub established는 옵션 불가 (경계선 2, 처방만이 답)"
S033tcpst.tcp___tcp_conn,S,tcp_conn,tcp_est,none,none,0,normal,resume,--db_mib 8 --index_mib 12 --parse_iters 120000 --refresh_ms 500 --refresh_kib 256 --timer 1 --timer_s 60 --watch 1 --substeps 1 --hub_conns 4 --hub_pending 8 --tcp stream,"[tcpst 구성·tcp_est] dump_fail — hub established는 옵션 불가 (경계선 2, 처방만이 답)"
S033tcpst.tcp___timer_armed,S,timer_armed,tcp_est,none,none,0,normal,resume,--db_mib 8 --index_mib 12 --parse_iters 120000 --refresh_ms 500 --refresh_kib 256 --timer 1 --timer_s 60 --watch 1 --substeps 1 --hub_conns 4 --hub_pending 8 --tcp stream,"[tcpst 구성·tcp_est] dump_fail — hub established는 옵션 불가 (경계선 2, 처방만이 답)"
S033tcpst.tcp___db_watch,S,db_watch,tcp_est,none,none,0,normal,resume,--db_mib 8 --index_mib 12 --parse_iters 120000 --refresh_ms 500 --refresh_kib 256 --timer 1 --timer_s 60 --watch 1 --substeps 1 --hub_conns 4 --hub_pending 8 --tcp stream,"[tcpst 구성·tcp_est] dump_fail — hub established는 옵션 불가 (경계선 2, 처방만이 답)"
S033tcpst.tcp___ready,S,ready,tcp_est,none,none,0,normal,"pong,stat",--db_mib 8 --index_mib 12 --parse_iters 120000 --refresh_ms 500 --refresh_kib 256 --timer 1 --timer_s 60 --watch 1 --substeps 1 --hub_conns 4 --hub_pending 8 --tcp stream,"[tcpst 구성·tcp_est] dump_fail — hub established는 옵션 불가 (경계선 2, 처방만이 답)"
S033tcpst.tcp___steady,S,steady,tcp_est,none,none,0,normal,"pong,stat",--db_mib 8 --index_mib 12 --parse_iters 120000 --refresh_ms 500 --refresh_kib 256 --timer 1 --timer_s 60 --watch 1 --substeps 1 --hub_conns 4 --hub_pending 8 --tcp stream,"[tcpst 구성·tcp_est] dump_fail — hub established는 옵션 불가 (경계선 2, 처방만이 답)"
S034tcpst.file__init,S,init,filelocks,none,none,0,normal,resume,--db_mib 8 --index_mib 12 --parse_iters 120000 --refresh_ms 500 --refresh_kib 256 --timer 1 --timer_s 60 --watch 1 --substeps 1 --hub_conns 4 --hub_pending 8 --tcp stream,[tcpst 구성·filelocks] ok — 이 라인의 자원은 해당 옵션에서 무해
S034tcpst.file__db_open,S,db_open,filelocks,none,none,0,normal,resume,--db_mib 8 --index_mib 12 --parse_iters 120000 --refresh_ms 500 --refresh_kib 256 --timer 1 --timer_s 60 --watch 1 --substeps 1 --hub_conns 4 --hub_pending 8 --tcp stream,[tcpst 구성·filelocks] ok — 이 라인의 자원은 해당 옵션에서 무해
S034tcpst.file__db_read,S,db_read,filelocks,none,none,0,normal,resume,--db_mib 8 --index_mib 12 --parse_iters 120000 --refresh_ms 500 --refresh_kib 256 --timer 1 --timer_s 60 --watch 1 --substeps 1 --hub_conns 4 --hub_pending 8 --tcp stream,[tcpst 구성·filelocks] ok — 이 라인의 자원은 해당 옵션에서 무해
S034tcpst.file__db_read_p25,S,db_read_p25,filelocks,none,none,0,normal,resume,--db_mib 8 --index_mib 12 --parse_iters 120000 --refresh_ms 500 --refresh_kib 256 --timer 1 --timer_s 60 --watch 1 --substeps 1 --hub_conns 4 --hub_pending 8 --tcp stream,[tcpst 구성·filelocks] ok — 이 라인의 자원은 해당 옵션에서 무해
S034tcpst.file__db_read_p50,S,db_read_p50,filelocks,none,none,0,normal,resume,--db_mib 8 --index_mib 12 --parse_iters 120000 --refresh_ms 500 --refresh_kib 256 --timer 1 --timer_s 60 --watch 1 --substeps 1 --hub_conns 4 --hub_pending 8 --tcp stream,[tcpst 구성·filelocks] ok — 이 라인의 자원은 해당 옵션에서 무해
S034tcpst.file__db_read_p75,S,db_read_p75,filelocks,none,none,0,normal,resume,--db_mib 8 --index_mib 12 --parse_iters 120000 --refresh_ms 500 --refresh_kib 256 --timer 1 --timer_s 60 --watch 1 --substeps 1 --hub_conns 4 --hub_pending 8 --tcp stream,[tcpst 구성·filelocks] ok — 이 라인의 자원은 해당 옵션에서 무해
S034tcpst.file__db_parse,S,db_parse,filelocks,none,none,0,normal,resume,--db_mib 8 --index_mib 12 --parse_iters 120000 --refresh_ms 500 --refresh_kib 256 --timer 1 --timer_s 60 --watch 1 --substeps 1 --hub_conns 4 --hub_pending 8 --tcp stream,[tcpst 구성·filelocks] ok — 이 라인의 자원은 해당 옵션에서 무해
S034tcpst.file__db_parse_p25,S,db_parse_p25,filelocks,none,none,0,normal,resume,--db_mib 8 --index_mib 12 --parse_iters 120000 --refresh_ms 500 --refresh_kib 256 --timer 1 --timer_s 60 --watch 1 --substeps 1 --hub_conns 4 --hub_pending 8 --tcp stream,[tcpst 구성·filelocks] ok — 이 라인의 자원은 해당 옵션에서 무해
S034tcpst.file__db_parse_p50,S,db_parse_p50,filelocks,none,none,0,normal,resume,--db_mib 8 --index_mib 12 --parse_iters 120000 --refresh_ms 500 --refresh_kib 256 --timer 1 --timer_s 60 --watch 1 --substeps 1 --hub_conns 4 --hub_pending 8 --tcp stream,[tcpst 구성·filelocks] ok — 이 라인의 자원은 해당 옵션에서 무해
S034tcpst.file__db_parse_p75,S,db_parse_p75,filelocks,none,none,0,normal,resume,--db_mib 8 --index_mib 12 --parse_iters 120000 --refresh_ms 500 --refresh_kib 256 --timer 1 --timer_s 60 --watch 1 --substeps 1 --hub_conns 4 --hub_pending 8 --tcp stream,[tcpst 구성·filelocks] ok — 이 라인의 자원은 해당 옵션에서 무해
S034tcpst.file__epg_index,S,epg_index,filelocks,none,none,0,normal,resume,--db_mib 8 --index_mib 12 --parse_iters 120000 --refresh_ms 500 --refresh_kib 256 --timer 1 --timer_s 60 --watch 1 --substeps 1 --hub_conns 4 --hub_pending 8 --tcp stream,[tcpst 구성·filelocks] ok — 이 라인의 자원은 해당 옵션에서 무해
S034tcpst.file__epg_index_p25,S,epg_index_p25,filelocks,none,none,0,normal,resume,--db_mib 8 --index_mib 12 --parse_iters 120000 --refresh_ms 500 --refresh_kib 256 --timer 1 --timer_s 60 --watch 1 --substeps 1 --hub_conns 4 --hub_pending 8 --tcp stream,[tcpst 구성·filelocks] ok — 이 라인의 자원은 해당 옵션에서 무해
S034tcpst.file__epg_index_p50,S,epg_index_p50,filelocks,none,none,0,normal,resume,--db_mib 8 --index_mib 12 --parse_iters 120000 --refresh_ms 500 --refresh_kib 256 --timer 1 --timer_s 60 --watch 1 --substeps 1 --hub_conns 4 --hub_pending 8 --tcp stream,[tcpst 구성·filelocks] ok — 이 라인의 자원은 해당 옵션에서 무해
S034tcpst.file__epg_index_p75,S,epg_index_p75,filelocks,none,none,0,normal,resume,--db_mib 8 --index_mib 12 --parse_iters 120000 --refresh_ms 500 --refresh_kib 256 --timer 1 --timer_s 60 --watch 1 --substeps 1 --hub_conns 4 --hub_pending 8 --tcp stream,[tcpst 구성·filelocks] ok — 이 라인의 자원은 해당 옵션에서 무해
S034tcpst.file__epg_text,S,epg_text,filelocks,none,none,0,normal,resume,--db_mib 8 --index_mib 12 --parse_iters 120000 --refresh_ms 500 --refresh_kib 256 --timer 1 --timer_s 60 --watch 1 --substeps 1 --hub_conns 4 --hub_pending 8 --tcp stream,[tcpst 구성·filelocks] ok — 이 라인의 자원은 해당 옵션에서 무해
S034tcpst.file__epg_reserve,S,epg_reserve,filelocks,none,none,0,normal,resume,--db_mib 8 --index_mib 12 --parse_iters 120000 --refresh_ms 500 --refresh_kib 256 --timer 1 --timer_s 60 --watch 1 --substeps 1 --hub_conns 4 --hub_pending 8 --tcp stream,[tcpst 구성·filelocks] ok — 이 라인의 자원은 해당 옵션에서 무해
S034tcpst.file__hub_conn1,S,hub_conn1,filelocks,none,none,0,normal,resume,--db_mib 8 --index_mib 12 --parse_iters 120000 --refresh_ms 500 --refresh_kib 256 --timer 1 --timer_s 60 --watch 1 --substeps 1 --hub_conns 4 --hub_pending 8 --tcp stream,"[tcpst 구성·filelocks] dump_fail — hub established는 옵션 불가 (경계선 2, 처방만이 답)"
S034tcpst.file__hub_conn2,S,hub_conn2,filelocks,none,none,0,normal,resume,--db_mib 8 --index_mib 12 --parse_iters 120000 --refresh_ms 500 --refresh_kib 256 --timer 1 --timer_s 60 --watch 1 --substeps 1 --hub_conns 4 --hub_pending 8 --tcp stream,"[tcpst 구성·filelocks] dump_fail — hub established는 옵션 불가 (경계선 2, 처방만이 답)"
S034tcpst.file__hub_conn3,S,hub_conn3,filelocks,none,none,0,normal,resume,--db_mib 8 --index_mib 12 --parse_iters 120000 --refresh_ms 500 --refresh_kib 256 --timer 1 --timer_s 60 --watch 1 --substeps 1 --hub_conns 4 --hub_pending 8 --tcp stream,"[tcpst 구성·filelocks] dump_fail — hub established는 옵션 불가 (경계선 2, 처방만이 답)"
S034tcpst.file__hub_conn4,S,hub_conn4,filelocks,none,none,0,normal,resume,--db_mib 8 --index_mib 12 --parse_iters 120000 --refresh_ms 500 --refresh_kib 256 --timer 1 --timer_s 60 --watch 1 --substeps 1 --hub_conns 4 --hub_pending 8 --tcp stream,"[tcpst 구성·filelocks] dump_fail — hub established는 옵션 불가 (경계선 2, 처방만이 답)"
S034tcpst.file__hub_subscribed,S,hub_subscribed,filelocks,none,none,0,normal,resume,--db_mib 8 --index_mib 12 --parse_iters 120000 --refresh_ms 500 --refresh_kib 256 --timer 1 --timer_s 60 --watch 1 --substeps 1 --hub_conns 4 --hub_pending 8 --tcp stream,"[tcpst 구성·filelocks] dump_fail — hub established는 옵션 불가 (경계선 2, 처방만이 답)"
S034tcpst.file__tcp_conn,S,tcp_conn,filelocks,none,none,0,normal,resume,--db_mib 8 --index_mib 12 --parse_iters 120000 --refresh_ms 500 --refresh_kib 256 --timer 1 --timer_s 60 --watch 1 --substeps 1 --hub_conns 4 --hub_pending 8 --tcp stream,"[tcpst 구성·filelocks] dump_fail — hub established는 옵션 불가 (경계선 2, 처방만이 답)"
S034tcpst.file__timer_armed,S,timer_armed,filelocks,none,none,0,normal,resume,--db_mib 8 --index_mib 12 --parse_iters 120000 --refresh_ms 500 --refresh_kib 256 --timer 1 --timer_s 60 --watch 1 --substeps 1 --hub_conns 4 --hub_pending 8 --tcp stream,"[tcpst 구성·filelocks] dump_fail — hub established는 옵션 불가 (경계선 2, 처방만이 답)"
S034tcpst.file__db_watch,S,db_watch,filelocks,none,none,0,normal,resume,--db_mib 8 --index_mib 12 --parse_iters 120000 --refresh_ms 500 --refresh_kib 256 --timer 1 --timer_s 60 --watch 1 --substeps 1 --hub_conns 4 --hub_pending 8 --tcp stream,"[tcpst 구성·filelocks] dump_fail — hub established는 옵션 불가 (경계선 2, 처방만이 답)"
S034tcpst.file__ready,S,ready,filelocks,none,none,0,normal,"pong,stat",--db_mib 8 --index_mib 12 --parse_iters 120000 --refresh_ms 500 --refresh_kib 256 --timer 1 --timer_s 60 --watch 1 --substeps 1 --hub_conns 4 --hub_pending 8 --tcp stream,"[tcpst 구성·filelocks] dump_fail — hub established는 옵션 불가 (경계선 2, 처방만이 답)"
S034tcpst.file__steady,S,steady,filelocks,none,none,0,normal,"pong,stat",--db_mib 8 --index_mib 12 --parse_iters 120000 --refresh_ms 500 --refresh_kib 256 --timer 1 --timer_s 60 --watch 1 --substeps 1 --hub_conns 4 --hub_pending 8 --tcp stream,"[tcpst 구성·filelocks] dump_fail — hub established는 옵션 불가 (경계선 2, 처방만이 답)"
S035tcpst.perm__init,S,init,permissive,none,none,0,normal,resume,--db_mib 8 --index_mib 12 --parse_iters 120000 --refresh_ms 500 --refresh_kib 256 --timer 1 --timer_s 60 --watch 1 --substeps 1 --hub_conns 4 --hub_pending 8 --tcp stream,[tcpst 구성·permissive] ok — 이 라인의 자원은 해당 옵션에서 무해
S035tcpst.perm__db_open,S,db_open,permissive,none,none,0,normal,resume,--db_mib 8 --index_mib 12 --parse_iters 120000 --refresh_ms 500 --refresh_kib 256 --timer 1 --timer_s 60 --watch 1 --substeps 1 --hub_conns 4 --hub_pending 8 --tcp stream,[tcpst 구성·permissive] ok — 이 라인의 자원은 해당 옵션에서 무해
S035tcpst.perm__db_read,S,db_read,permissive,none,none,0,normal,resume,--db_mib 8 --index_mib 12 --parse_iters 120000 --refresh_ms 500 --refresh_kib 256 --timer 1 --timer_s 60 --watch 1 --substeps 1 --hub_conns 4 --hub_pending 8 --tcp stream,[tcpst 구성·permissive] ok — 이 라인의 자원은 해당 옵션에서 무해
S035tcpst.perm__db_read_p25,S,db_read_p25,permissive,none,none,0,normal,resume,--db_mib 8 --index_mib 12 --parse_iters 120000 --refresh_ms 500 --refresh_kib 256 --timer 1 --timer_s 60 --watch 1 --substeps 1 --hub_conns 4 --hub_pending 8 --tcp stream,[tcpst 구성·permissive] ok — 이 라인의 자원은 해당 옵션에서 무해
S035tcpst.perm__db_read_p50,S,db_read_p50,permissive,none,none,0,normal,resume,--db_mib 8 --index_mib 12 --parse_iters 120000 --refresh_ms 500 --refresh_kib 256 --timer 1 --timer_s 60 --watch 1 --substeps 1 --hub_conns 4 --hub_pending 8 --tcp stream,[tcpst 구성·permissive] ok — 이 라인의 자원은 해당 옵션에서 무해
S035tcpst.perm__db_read_p75,S,db_read_p75,permissive,none,none,0,normal,resume,--db_mib 8 --index_mib 12 --parse_iters 120000 --refresh_ms 500 --refresh_kib 256 --timer 1 --timer_s 60 --watch 1 --substeps 1 --hub_conns 4 --hub_pending 8 --tcp stream,[tcpst 구성·permissive] ok — 이 라인의 자원은 해당 옵션에서 무해
S035tcpst.perm__db_parse,S,db_parse,permissive,none,none,0,normal,resume,--db_mib 8 --index_mib 12 --parse_iters 120000 --refresh_ms 500 --refresh_kib 256 --timer 1 --timer_s 60 --watch 1 --substeps 1 --hub_conns 4 --hub_pending 8 --tcp stream,[tcpst 구성·permissive] ok — 이 라인의 자원은 해당 옵션에서 무해
S035tcpst.perm__db_parse_p25,S,db_parse_p25,permissive,none,none,0,normal,resume,--db_mib 8 --index_mib 12 --parse_iters 120000 --refresh_ms 500 --refresh_kib 256 --timer 1 --timer_s 60 --watch 1 --substeps 1 --hub_conns 4 --hub_pending 8 --tcp stream,[tcpst 구성·permissive] ok — 이 라인의 자원은 해당 옵션에서 무해
S035tcpst.perm__db_parse_p50,S,db_parse_p50,permissive,none,none,0,normal,resume,--db_mib 8 --index_mib 12 --parse_iters 120000 --refresh_ms 500 --refresh_kib 256 --timer 1 --timer_s 60 --watch 1 --substeps 1 --hub_conns 4 --hub_pending 8 --tcp stream,[tcpst 구성·permissive] ok — 이 라인의 자원은 해당 옵션에서 무해
S035tcpst.perm__db_parse_p75,S,db_parse_p75,permissive,none,none,0,normal,resume,--db_mib 8 --index_mib 12 --parse_iters 120000 --refresh_ms 500 --refresh_kib 256 --timer 1 --timer_s 60 --watch 1 --substeps 1 --hub_conns 4 --hub_pending 8 --tcp stream,[tcpst 구성·permissive] ok — 이 라인의 자원은 해당 옵션에서 무해
S035tcpst.perm__epg_index,S,epg_index,permissive,none,none,0,normal,resume,--db_mib 8 --index_mib 12 --parse_iters 120000 --refresh_ms 500 --refresh_kib 256 --timer 1 --timer_s 60 --watch 1 --substeps 1 --hub_conns 4 --hub_pending 8 --tcp stream,[tcpst 구성·permissive] ok — 이 라인의 자원은 해당 옵션에서 무해
S035tcpst.perm__epg_index_p25,S,epg_index_p25,permissive,none,none,0,normal,resume,--db_mib 8 --index_mib 12 --parse_iters 120000 --refresh_ms 500 --refresh_kib 256 --timer 1 --timer_s 60 --watch 1 --substeps 1 --hub_conns 4 --hub_pending 8 --tcp stream,[tcpst 구성·permissive] ok — 이 라인의 자원은 해당 옵션에서 무해
S035tcpst.perm__epg_index_p50,S,epg_index_p50,permissive,none,none,0,normal,resume,--db_mib 8 --index_mib 12 --parse_iters 120000 --refresh_ms 500 --refresh_kib 256 --timer 1 --timer_s 60 --watch 1 --substeps 1 --hub_conns 4 --hub_pending 8 --tcp stream,[tcpst 구성·permissive] ok — 이 라인의 자원은 해당 옵션에서 무해
S035tcpst.perm__epg_index_p75,S,epg_index_p75,permissive,none,none,0,normal,resume,--db_mib 8 --index_mib 12 --parse_iters 120000 --refresh_ms 500 --refresh_kib 256 --timer 1 --timer_s 60 --watch 1 --substeps 1 --hub_conns 4 --hub_pending 8 --tcp stream,[tcpst 구성·permissive] ok — 이 라인의 자원은 해당 옵션에서 무해
S035tcpst.perm__epg_text,S,epg_text,permissive,none,none,0,normal,resume,--db_mib 8 --index_mib 12 --parse_iters 120000 --refresh_ms 500 --refresh_kib 256 --timer 1 --timer_s 60 --watch 1 --substeps 1 --hub_conns 4 --hub_pending 8 --tcp stream,[tcpst 구성·permissive] ok — 이 라인의 자원은 해당 옵션에서 무해
S035tcpst.perm__epg_reserve,S,epg_reserve,permissive,none,none,0,normal,resume,--db_mib 8 --index_mib 12 --parse_iters 120000 --refresh_ms 500 --refresh_kib 256 --timer 1 --timer_s 60 --watch 1 --substeps 1 --hub_conns 4 --hub_pending 8 --tcp stream,[tcpst 구성·permissive] ok — 이 라인의 자원은 해당 옵션에서 무해
S035tcpst.perm__hub_conn1,S,hub_conn1,permissive,none,none,0,normal,resume,--db_mib 8 --index_mib 12 --parse_iters 120000 --refresh_ms 500 --refresh_kib 256 --timer 1 --timer_s 60 --watch 1 --substeps 1 --hub_conns 4 --hub_pending 8 --tcp stream,"[tcpst 구성·permissive] dump_fail — hub established는 옵션 불가 (경계선 2, 처방만이 답)"
S035tcpst.perm__hub_conn2,S,hub_conn2,permissive,none,none,0,normal,resume,--db_mib 8 --index_mib 12 --parse_iters 120000 --refresh_ms 500 --refresh_kib 256 --timer 1 --timer_s 60 --watch 1 --substeps 1 --hub_conns 4 --hub_pending 8 --tcp stream,"[tcpst 구성·permissive] dump_fail — hub established는 옵션 불가 (경계선 2, 처방만이 답)"
S035tcpst.perm__hub_conn3,S,hub_conn3,permissive,none,none,0,normal,resume,--db_mib 8 --index_mib 12 --parse_iters 120000 --refresh_ms 500 --refresh_kib 256 --timer 1 --timer_s 60 --watch 1 --substeps 1 --hub_conns 4 --hub_pending 8 --tcp stream,"[tcpst 구성·permissive] dump_fail — hub established는 옵션 불가 (경계선 2, 처방만이 답)"
S035tcpst.perm__hub_conn4,S,hub_conn4,permissive,none,none,0,normal,resume,--db_mib 8 --index_mib 12 --parse_iters 120000 --refresh_ms 500 --refresh_kib 256 --timer 1 --timer_s 60 --watch 1 --substeps 1 --hub_conns 4 --hub_pending 8 --tcp stream,"[tcpst 구성·permissive] dump_fail — hub established는 옵션 불가 (경계선 2, 처방만이 답)"
S035tcpst.perm__hub_subscribed,S,hub_subscribed,permissive,none,none,0,normal,resume,--db_mib 8 --index_mib 12 --parse_iters 120000 --refresh_ms 500 --refresh_kib 256 --timer 1 --timer_s 60 --watch 1 --substeps 1 --hub_conns 4 --hub_pending 8 --tcp stream,"[tcpst 구성·permissive] dump_fail — hub established는 옵션 불가 (경계선 2, 처방만이 답)"
S035tcpst.perm__tcp_conn,S,tcp_conn,permissive,none,none,0,normal,resume,--db_mib 8 --index_mib 12 --parse_iters 120000 --refresh_ms 500 --refresh_kib 256 --timer 1 --timer_s 60 --watch 1 --substeps 1 --hub_conns 4 --hub_pending 8 --tcp stream,"[tcpst 구성·permissive] dump_fail — hub established는 옵션 불가 (경계선 2, 처방만이 답)"
S035tcpst.perm__timer_armed,S,timer_armed,permissive,none,none,0,normal,resume,--db_mib 8 --index_mib 12 --parse_iters 120000 --refresh_ms 500 --refresh_kib 256 --timer 1 --timer_s 60 --watch 1 --substeps 1 --hub_conns 4 --hub_pending 8 --tcp stream,"[tcpst 구성·permissive] dump_fail — hub established는 옵션 불가 (경계선 2, 처방만이 답)"
S035tcpst.perm__db_watch,S,db_watch,permissive,none,none,0,normal,resume,--db_mib 8 --index_mib 12 --parse_iters 120000 --refresh_ms 500 --refresh_kib 256 --timer 1 --timer_s 60 --watch 1 --substeps 1 --hub_conns 4 --hub_pending 8 --tcp stream,"[tcpst 구성·permissive] dump_fail — hub established는 옵션 불가 (경계선 2, 처방만이 답)"
S035tcpst.perm__ready,S,ready,permissive,none,none,0,normal,"pong,stat",--db_mib 8 --index_mib 12 --parse_iters 120000 --refresh_ms 500 --refresh_kib 256 --timer 1 --timer_s 60 --watch 1 --substeps 1 --hub_conns 4 --hub_pending 8 --tcp stream,"[tcpst 구성·permissive] dump_fail — hub established는 옵션 불가 (경계선 2, 처방만이 답)"
S035tcpst.perm__steady,S,steady,permissive,none,none,0,normal,"pong,stat",--db_mib 8 --index_mib 12 --parse_iters 120000 --refresh_ms 500 --refresh_kib 256 --timer 1 --timer_s 60 --watch 1 --substeps 1 --hub_conns 4 --hub_pending 8 --tcp stream,"[tcpst 구성·permissive] dump_fail — hub established는 옵션 불가 (경계선 2, 처방만이 답)"
S036heavy.stri__init,S,init,strict,none,none,0,none,resume,--db_mib 8 --index_mib 300 --parse_iters 60000 --hub_conns 0 --refresh_ms 500 --refresh_kib 256 --timer 0 --watch 0 --substeps 1,[heavy 구성·strict] ok — 이 라인의 자원은 해당 옵션에서 무해
S036heavy.stri__db_open,S,db_open,strict,none,none,0,none,resume,--db_mib 8 --index_mib 300 --parse_iters 60000 --hub_conns 0 --refresh_ms 500 --refresh_kib 256 --timer 0 --watch 0 --substeps 1,[heavy 구성·strict] ok — 이 라인의 자원은 해당 옵션에서 무해
S036heavy.stri__db_read,S,db_read,strict,none,none,0,none,resume,--db_mib 8 --index_mib 300 --parse_iters 60000 --hub_conns 0 --refresh_ms 500 --refresh_kib 256 --timer 0 --watch 0 --substeps 1,[heavy 구성·strict] ok — 이 라인의 자원은 해당 옵션에서 무해
S036heavy.stri__db_read_p25,S,db_read_p25,strict,none,none,0,none,resume,--db_mib 8 --index_mib 300 --parse_iters 60000 --hub_conns 0 --refresh_ms 500 --refresh_kib 256 --timer 0 --watch 0 --substeps 1,[heavy 구성·strict] ok — 이 라인의 자원은 해당 옵션에서 무해
S036heavy.stri__db_read_p50,S,db_read_p50,strict,none,none,0,none,resume,--db_mib 8 --index_mib 300 --parse_iters 60000 --hub_conns 0 --refresh_ms 500 --refresh_kib 256 --timer 0 --watch 0 --substeps 1,[heavy 구성·strict] ok — 이 라인의 자원은 해당 옵션에서 무해
S036heavy.stri__db_read_p75,S,db_read_p75,strict,none,none,0,none,resume,--db_mib 8 --index_mib 300 --parse_iters 60000 --hub_conns 0 --refresh_ms 500 --refresh_kib 256 --timer 0 --watch 0 --substeps 1,[heavy 구성·strict] ok — 이 라인의 자원은 해당 옵션에서 무해
S036heavy.stri__db_parse,S,db_parse,strict,none,none,0,none,resume,--db_mib 8 --index_mib 300 --parse_iters 60000 --hub_conns 0 --refresh_ms 500 --refresh_kib 256 --timer 0 --watch 0 --substeps 1,[heavy 구성·strict] ok — 이 라인의 자원은 해당 옵션에서 무해
S036heavy.stri__db_parse_p25,S,db_parse_p25,strict,none,none,0,none,resume,--db_mib 8 --index_mib 300 --parse_iters 60000 --hub_conns 0 --refresh_ms 500 --refresh_kib 256 --timer 0 --watch 0 --substeps 1,[heavy 구성·strict] ok — 이 라인의 자원은 해당 옵션에서 무해
S036heavy.stri__db_parse_p50,S,db_parse_p50,strict,none,none,0,none,resume,--db_mib 8 --index_mib 300 --parse_iters 60000 --hub_conns 0 --refresh_ms 500 --refresh_kib 256 --timer 0 --watch 0 --substeps 1,[heavy 구성·strict] ok — 이 라인의 자원은 해당 옵션에서 무해
S036heavy.stri__db_parse_p75,S,db_parse_p75,strict,none,none,0,none,resume,--db_mib 8 --index_mib 300 --parse_iters 60000 --hub_conns 0 --refresh_ms 500 --refresh_kib 256 --timer 0 --watch 0 --substeps 1,[heavy 구성·strict] ok — 이 라인의 자원은 해당 옵션에서 무해
S036heavy.stri__epg_index,S,epg_index,strict,none,none,0,none,resume,--db_mib 8 --index_mib 300 --parse_iters 60000 --hub_conns 0 --refresh_ms 500 --refresh_kib 256 --timer 0 --watch 0 --substeps 1,[heavy 구성·strict] ok — 이 라인의 자원은 해당 옵션에서 무해
S036heavy.stri__epg_index_p25,S,epg_index_p25,strict,none,none,0,none,resume,--db_mib 8 --index_mib 300 --parse_iters 60000 --hub_conns 0 --refresh_ms 500 --refresh_kib 256 --timer 0 --watch 0 --substeps 1,[heavy 구성·strict] ok — 이 라인의 자원은 해당 옵션에서 무해
S036heavy.stri__epg_index_p50,S,epg_index_p50,strict,none,none,0,none,resume,--db_mib 8 --index_mib 300 --parse_iters 60000 --hub_conns 0 --refresh_ms 500 --refresh_kib 256 --timer 0 --watch 0 --substeps 1,[heavy 구성·strict] ok — 이 라인의 자원은 해당 옵션에서 무해
S036heavy.stri__epg_index_p75,S,epg_index_p75,strict,none,none,0,none,resume,--db_mib 8 --index_mib 300 --parse_iters 60000 --hub_conns 0 --refresh_ms 500 --refresh_kib 256 --timer 0 --watch 0 --substeps 1,[heavy 구성·strict] ok — 이 라인의 자원은 해당 옵션에서 무해
S036heavy.stri__epg_text,S,epg_text,strict,none,none,0,none,resume,--db_mib 8 --index_mib 300 --parse_iters 60000 --hub_conns 0 --refresh_ms 500 --refresh_kib 256 --timer 0 --watch 0 --substeps 1,[heavy 구성·strict] ok — 이 라인의 자원은 해당 옵션에서 무해
S036heavy.stri__epg_reserve,S,epg_reserve,strict,none,none,0,none,resume,--db_mib 8 --index_mib 300 --parse_iters 60000 --hub_conns 0 --refresh_ms 500 --refresh_kib 256 --timer 0 --watch 0 --substeps 1,[heavy 구성·strict] ok — 이 라인의 자원은 해당 옵션에서 무해
S036heavy.stri__ready,S,ready,strict,none,none,0,none,"pong,stat",--db_mib 8 --index_mib 300 --parse_iters 60000 --hub_conns 0 --refresh_ms 500 --refresh_kib 256 --timer 0 --watch 0 --substeps 1,[heavy 구성·strict] ok — 이 라인의 자원은 해당 옵션에서 무해
S036heavy.stri__steady,S,steady,strict,none,none,0,none,"pong,stat",--db_mib 8 --index_mib 300 --parse_iters 60000 --hub_conns 0 --refresh_ms 500 --refresh_kib 256 --timer 0 --watch 0 --substeps 1,[heavy 구성·strict] ok — 이 라인의 자원은 해당 옵션에서 무해
S037heavy.ext___init,S,init,ext_unix,none,none,0,none,resume,--db_mib 8 --index_mib 300 --parse_iters 60000 --hub_conns 0 --refresh_ms 500 --refresh_kib 256 --timer 0 --watch 0 --substeps 1,[heavy 구성·ext_unix] ok — 이 라인의 자원은 해당 옵션에서 무해
S037heavy.ext___db_open,S,db_open,ext_unix,none,none,0,none,resume,--db_mib 8 --index_mib 300 --parse_iters 60000 --hub_conns 0 --refresh_ms 500 --refresh_kib 256 --timer 0 --watch 0 --substeps 1,[heavy 구성·ext_unix] ok — 이 라인의 자원은 해당 옵션에서 무해
S037heavy.ext___db_read,S,db_read,ext_unix,none,none,0,none,resume,--db_mib 8 --index_mib 300 --parse_iters 60000 --hub_conns 0 --refresh_ms 500 --refresh_kib 256 --timer 0 --watch 0 --substeps 1,[heavy 구성·ext_unix] ok — 이 라인의 자원은 해당 옵션에서 무해
S037heavy.ext___db_read_p25,S,db_read_p25,ext_unix,none,none,0,none,resume,--db_mib 8 --index_mib 300 --parse_iters 60000 --hub_conns 0 --refresh_ms 500 --refresh_kib 256 --timer 0 --watch 0 --substeps 1,[heavy 구성·ext_unix] ok — 이 라인의 자원은 해당 옵션에서 무해
S037heavy.ext___db_read_p50,S,db_read_p50,ext_unix,none,none,0,none,resume,--db_mib 8 --index_mib 300 --parse_iters 60000 --hub_conns 0 --refresh_ms 500 --refresh_kib 256 --timer 0 --watch 0 --substeps 1,[heavy 구성·ext_unix] ok — 이 라인의 자원은 해당 옵션에서 무해
S037heavy.ext___db_read_p75,S,db_read_p75,ext_unix,none,none,0,none,resume,--db_mib 8 --index_mib 300 --parse_iters 60000 --hub_conns 0 --refresh_ms 500 --refresh_kib 256 --timer 0 --watch 0 --substeps 1,[heavy 구성·ext_unix] ok — 이 라인의 자원은 해당 옵션에서 무해
S037heavy.ext___db_parse,S,db_parse,ext_unix,none,none,0,none,resume,--db_mib 8 --index_mib 300 --parse_iters 60000 --hub_conns 0 --refresh_ms 500 --refresh_kib 256 --timer 0 --watch 0 --substeps 1,[heavy 구성·ext_unix] ok — 이 라인의 자원은 해당 옵션에서 무해
S037heavy.ext___db_parse_p25,S,db_parse_p25,ext_unix,none,none,0,none,resume,--db_mib 8 --index_mib 300 --parse_iters 60000 --hub_conns 0 --refresh_ms 500 --refresh_kib 256 --timer 0 --watch 0 --substeps 1,[heavy 구성·ext_unix] ok — 이 라인의 자원은 해당 옵션에서 무해
S037heavy.ext___db_parse_p50,S,db_parse_p50,ext_unix,none,none,0,none,resume,--db_mib 8 --index_mib 300 --parse_iters 60000 --hub_conns 0 --refresh_ms 500 --refresh_kib 256 --timer 0 --watch 0 --substeps 1,[heavy 구성·ext_unix] ok — 이 라인의 자원은 해당 옵션에서 무해
S037heavy.ext___db_parse_p75,S,db_parse_p75,ext_unix,none,none,0,none,resume,--db_mib 8 --index_mib 300 --parse_iters 60000 --hub_conns 0 --refresh_ms 500 --refresh_kib 256 --timer 0 --watch 0 --substeps 1,[heavy 구성·ext_unix] ok — 이 라인의 자원은 해당 옵션에서 무해
S037heavy.ext___epg_index,S,epg_index,ext_unix,none,none,0,none,resume,--db_mib 8 --index_mib 300 --parse_iters 60000 --hub_conns 0 --refresh_ms 500 --refresh_kib 256 --timer 0 --watch 0 --substeps 1,[heavy 구성·ext_unix] ok — 이 라인의 자원은 해당 옵션에서 무해
S037heavy.ext___epg_index_p25,S,epg_index_p25,ext_unix,none,none,0,none,resume,--db_mib 8 --index_mib 300 --parse_iters 60000 --hub_conns 0 --refresh_ms 500 --refresh_kib 256 --timer 0 --watch 0 --substeps 1,[heavy 구성·ext_unix] ok — 이 라인의 자원은 해당 옵션에서 무해
S037heavy.ext___epg_index_p50,S,epg_index_p50,ext_unix,none,none,0,none,resume,--db_mib 8 --index_mib 300 --parse_iters 60000 --hub_conns 0 --refresh_ms 500 --refresh_kib 256 --timer 0 --watch 0 --substeps 1,[heavy 구성·ext_unix] ok — 이 라인의 자원은 해당 옵션에서 무해
S037heavy.ext___epg_index_p75,S,epg_index_p75,ext_unix,none,none,0,none,resume,--db_mib 8 --index_mib 300 --parse_iters 60000 --hub_conns 0 --refresh_ms 500 --refresh_kib 256 --timer 0 --watch 0 --substeps 1,[heavy 구성·ext_unix] ok — 이 라인의 자원은 해당 옵션에서 무해
S037heavy.ext___epg_text,S,epg_text,ext_unix,none,none,0,none,resume,--db_mib 8 --index_mib 300 --parse_iters 60000 --hub_conns 0 --refresh_ms 500 --refresh_kib 256 --timer 0 --watch 0 --substeps 1,[heavy 구성·ext_unix] ok — 이 라인의 자원은 해당 옵션에서 무해
S037heavy.ext___epg_reserve,S,epg_reserve,ext_unix,none,none,0,none,resume,--db_mib 8 --index_mib 300 --parse_iters 60000 --hub_conns 0 --refresh_ms 500 --refresh_kib 256 --timer 0 --watch 0 --substeps 1,[heavy 구성·ext_unix] ok — 이 라인의 자원은 해당 옵션에서 무해
S037heavy.ext___ready,S,ready,ext_unix,none,none,0,none,"pong,stat",--db_mib 8 --index_mib 300 --parse_iters 60000 --hub_conns 0 --refresh_ms 500 --refresh_kib 256 --timer 0 --watch 0 --substeps 1,[heavy 구성·ext_unix] ok — 이 라인의 자원은 해당 옵션에서 무해
S037heavy.ext___steady,S,steady,ext_unix,none,none,0,none,"pong,stat",--db_mib 8 --index_mib 300 --parse_iters 60000 --hub_conns 0 --refresh_ms 500 --refresh_kib 256 --timer 0 --watch 0 --substeps 1,[heavy 구성·ext_unix] ok — 이 라인의 자원은 해당 옵션에서 무해
S038heavy.tcp___init,S,init,tcp_est,none,none,0,none,resume,--db_mib 8 --index_mib 300 --parse_iters 60000 --hub_conns 0 --refresh_ms 500 --refresh_kib 256 --timer 0 --watch 0 --substeps 1,[heavy 구성·tcp_est] ok — 이 라인의 자원은 해당 옵션에서 무해
S038heavy.tcp___db_open,S,db_open,tcp_est,none,none,0,none,resume,--db_mib 8 --index_mib 300 --parse_iters 60000 --hub_conns 0 --refresh_ms 500 --refresh_kib 256 --timer 0 --watch 0 --substeps 1,[heavy 구성·tcp_est] ok — 이 라인의 자원은 해당 옵션에서 무해
S038heavy.tcp___db_read,S,db_read,tcp_est,none,none,0,none,resume,--db_mib 8 --index_mib 300 --parse_iters 60000 --hub_conns 0 --refresh_ms 500 --refresh_kib 256 --timer 0 --watch 0 --substeps 1,[heavy 구성·tcp_est] ok — 이 라인의 자원은 해당 옵션에서 무해
S038heavy.tcp___db_read_p25,S,db_read_p25,tcp_est,none,none,0,none,resume,--db_mib 8 --index_mib 300 --parse_iters 60000 --hub_conns 0 --refresh_ms 500 --refresh_kib 256 --timer 0 --watch 0 --substeps 1,[heavy 구성·tcp_est] ok — 이 라인의 자원은 해당 옵션에서 무해
S038heavy.tcp___db_read_p50,S,db_read_p50,tcp_est,none,none,0,none,resume,--db_mib 8 --index_mib 300 --parse_iters 60000 --hub_conns 0 --refresh_ms 500 --refresh_kib 256 --timer 0 --watch 0 --substeps 1,[heavy 구성·tcp_est] ok — 이 라인의 자원은 해당 옵션에서 무해
S038heavy.tcp___db_read_p75,S,db_read_p75,tcp_est,none,none,0,none,resume,--db_mib 8 --index_mib 300 --parse_iters 60000 --hub_conns 0 --refresh_ms 500 --refresh_kib 256 --timer 0 --watch 0 --substeps 1,[heavy 구성·tcp_est] ok — 이 라인의 자원은 해당 옵션에서 무해
S038heavy.tcp___db_parse,S,db_parse,tcp_est,none,none,0,none,resume,--db_mib 8 --index_mib 300 --parse_iters 60000 --hub_conns 0 --refresh_ms 500 --refresh_kib 256 --timer 0 --watch 0 --substeps 1,[heavy 구성·tcp_est] ok — 이 라인의 자원은 해당 옵션에서 무해
S038heavy.tcp___db_parse_p25,S,db_parse_p25,tcp_est,none,none,0,none,resume,--db_mib 8 --index_mib 300 --parse_iters 60000 --hub_conns 0 --refresh_ms 500 --refresh_kib 256 --timer 0 --watch 0 --substeps 1,[heavy 구성·tcp_est] ok — 이 라인의 자원은 해당 옵션에서 무해
S038heavy.tcp___db_parse_p50,S,db_parse_p50,tcp_est,none,none,0,none,resume,--db_mib 8 --index_mib 300 --parse_iters 60000 --hub_conns 0 --refresh_ms 500 --refresh_kib 256 --timer 0 --watch 0 --substeps 1,[heavy 구성·tcp_est] ok — 이 라인의 자원은 해당 옵션에서 무해
S038heavy.tcp___db_parse_p75,S,db_parse_p75,tcp_est,none,none,0,none,resume,--db_mib 8 --index_mib 300 --parse_iters 60000 --hub_conns 0 --refresh_ms 500 --refresh_kib 256 --timer 0 --watch 0 --substeps 1,[heavy 구성·tcp_est] ok — 이 라인의 자원은 해당 옵션에서 무해
S038heavy.tcp___epg_index,S,epg_index,tcp_est,none,none,0,none,resume,--db_mib 8 --index_mib 300 --parse_iters 60000 --hub_conns 0 --refresh_ms 500 --refresh_kib 256 --timer 0 --watch 0 --substeps 1,[heavy 구성·tcp_est] ok — 이 라인의 자원은 해당 옵션에서 무해
S038heavy.tcp___epg_index_p25,S,epg_index_p25,tcp_est,none,none,0,none,resume,--db_mib 8 --index_mib 300 --parse_iters 60000 --hub_conns 0 --refresh_ms 500 --refresh_kib 256 --timer 0 --watch 0 --substeps 1,[heavy 구성·tcp_est] ok — 이 라인의 자원은 해당 옵션에서 무해
S038heavy.tcp___epg_index_p50,S,epg_index_p50,tcp_est,none,none,0,none,resume,--db_mib 8 --index_mib 300 --parse_iters 60000 --hub_conns 0 --refresh_ms 500 --refresh_kib 256 --timer 0 --watch 0 --substeps 1,[heavy 구성·tcp_est] ok — 이 라인의 자원은 해당 옵션에서 무해
S038heavy.tcp___epg_index_p75,S,epg_index_p75,tcp_est,none,none,0,none,resume,--db_mib 8 --index_mib 300 --parse_iters 60000 --hub_conns 0 --refresh_ms 500 --refresh_kib 256 --timer 0 --watch 0 --substeps 1,[heavy 구성·tcp_est] ok — 이 라인의 자원은 해당 옵션에서 무해
S038heavy.tcp___epg_text,S,epg_text,tcp_est,none,none,0,none,resume,--db_mib 8 --index_mib 300 --parse_iters 60000 --hub_conns 0 --refresh_ms 500 --refresh_kib 256 --timer 0 --watch 0 --substeps 1,[heavy 구성·tcp_est] ok — 이 라인의 자원은 해당 옵션에서 무해
S038heavy.tcp___epg_reserve,S,epg_reserve,tcp_est,none,none,0,none,resume,--db_mib 8 --index_mib 300 --parse_iters 60000 --hub_conns 0 --refresh_ms 500 --refresh_kib 256 --timer 0 --watch 0 --substeps 1,[heavy 구성·tcp_est] ok — 이 라인의 자원은 해당 옵션에서 무해
S038heavy.tcp___ready,S,ready,tcp_est,none,none,0,none,"pong,stat",--db_mib 8 --index_mib 300 --parse_iters 60000 --hub_conns 0 --refresh_ms 500 --refresh_kib 256 --timer 0 --watch 0 --substeps 1,[heavy 구성·tcp_est] ok — 이 라인의 자원은 해당 옵션에서 무해
S038heavy.tcp___steady,S,steady,tcp_est,none,none,0,none,"pong,stat",--db_mib 8 --index_mib 300 --parse_iters 60000 --hub_conns 0 --refresh_ms 500 --refresh_kib 256 --timer 0 --watch 0 --substeps 1,[heavy 구성·tcp_est] ok — 이 라인의 자원은 해당 옵션에서 무해
S039heavy.file__init,S,init,filelocks,none,none,0,none,resume,--db_mib 8 --index_mib 300 --parse_iters 60000 --hub_conns 0 --refresh_ms 500 --refresh_kib 256 --timer 0 --watch 0 --substeps 1,[heavy 구성·filelocks] ok — 이 라인의 자원은 해당 옵션에서 무해
S039heavy.file__db_open,S,db_open,filelocks,none,none,0,none,resume,--db_mib 8 --index_mib 300 --parse_iters 60000 --hub_conns 0 --refresh_ms 500 --refresh_kib 256 --timer 0 --watch 0 --substeps 1,[heavy 구성·filelocks] ok — 이 라인의 자원은 해당 옵션에서 무해
S039heavy.file__db_read,S,db_read,filelocks,none,none,0,none,resume,--db_mib 8 --index_mib 300 --parse_iters 60000 --hub_conns 0 --refresh_ms 500 --refresh_kib 256 --timer 0 --watch 0 --substeps 1,[heavy 구성·filelocks] ok — 이 라인의 자원은 해당 옵션에서 무해
S039heavy.file__db_read_p25,S,db_read_p25,filelocks,none,none,0,none,resume,--db_mib 8 --index_mib 300 --parse_iters 60000 --hub_conns 0 --refresh_ms 500 --refresh_kib 256 --timer 0 --watch 0 --substeps 1,[heavy 구성·filelocks] ok — 이 라인의 자원은 해당 옵션에서 무해
S039heavy.file__db_read_p50,S,db_read_p50,filelocks,none,none,0,none,resume,--db_mib 8 --index_mib 300 --parse_iters 60000 --hub_conns 0 --refresh_ms 500 --refresh_kib 256 --timer 0 --watch 0 --substeps 1,[heavy 구성·filelocks] ok — 이 라인의 자원은 해당 옵션에서 무해
S039heavy.file__db_read_p75,S,db_read_p75,filelocks,none,none,0,none,resume,--db_mib 8 --index_mib 300 --parse_iters 60000 --hub_conns 0 --refresh_ms 500 --refresh_kib 256 --timer 0 --watch 0 --substeps 1,[heavy 구성·filelocks] ok — 이 라인의 자원은 해당 옵션에서 무해
S039heavy.file__db_parse,S,db_parse,filelocks,none,none,0,none,resume,--db_mib 8 --index_mib 300 --parse_iters 60000 --hub_conns 0 --refresh_ms 500 --refresh_kib 256 --timer 0 --watch 0 --substeps 1,[heavy 구성·filelocks] ok — 이 라인의 자원은 해당 옵션에서 무해
S039heavy.file__db_parse_p25,S,db_parse_p25,filelocks,none,none,0,none,resume,--db_mib 8 --index_mib 300 --parse_iters 60000 --hub_conns 0 --refresh_ms 500 --refresh_kib 256 --timer 0 --watch 0 --substeps 1,[heavy 구성·filelocks] ok — 이 라인의 자원은 해당 옵션에서 무해
S039heavy.file__db_parse_p50,S,db_parse_p50,filelocks,none,none,0,none,resume,--db_mib 8 --index_mib 300 --parse_iters 60000 --hub_conns 0 --refresh_ms 500 --refresh_kib 256 --timer 0 --watch 0 --substeps 1,[heavy 구성·filelocks] ok — 이 라인의 자원은 해당 옵션에서 무해
S039heavy.file__db_parse_p75,S,db_parse_p75,filelocks,none,none,0,none,resume,--db_mib 8 --index_mib 300 --parse_iters 60000 --hub_conns 0 --refresh_ms 500 --refresh_kib 256 --timer 0 --watch 0 --substeps 1,[heavy 구성·filelocks] ok — 이 라인의 자원은 해당 옵션에서 무해
S039heavy.file__epg_index,S,epg_index,filelocks,none,none,0,none,resume,--db_mib 8 --index_mib 300 --parse_iters 60000 --hub_conns 0 --refresh_ms 500 --refresh_kib 256 --timer 0 --watch 0 --substeps 1,[heavy 구성·filelocks] ok — 이 라인의 자원은 해당 옵션에서 무해
S039heavy.file__epg_index_p25,S,epg_index_p25,filelocks,none,none,0,none,resume,--db_mib 8 --index_mib 300 --parse_iters 60000 --hub_conns 0 --refresh_ms 500 --refresh_kib 256 --timer 0 --watch 0 --substeps 1,[heavy 구성·filelocks] ok — 이 라인의 자원은 해당 옵션에서 무해
S039heavy.file__epg_index_p50,S,epg_index_p50,filelocks,none,none,0,none,resume,--db_mib 8 --index_mib 300 --parse_iters 60000 --hub_conns 0 --refresh_ms 500 --refresh_kib 256 --timer 0 --watch 0 --substeps 1,[heavy 구성·filelocks] ok — 이 라인의 자원은 해당 옵션에서 무해
S039heavy.file__epg_index_p75,S,epg_index_p75,filelocks,none,none,0,none,resume,--db_mib 8 --index_mib 300 --parse_iters 60000 --hub_conns 0 --refresh_ms 500 --refresh_kib 256 --timer 0 --watch 0 --substeps 1,[heavy 구성·filelocks] ok — 이 라인의 자원은 해당 옵션에서 무해
S039heavy.file__epg_text,S,epg_text,filelocks,none,none,0,none,resume,--db_mib 8 --index_mib 300 --parse_iters 60000 --hub_conns 0 --refresh_ms 500 --refresh_kib 256 --timer 0 --watch 0 --substeps 1,[heavy 구성·filelocks] ok — 이 라인의 자원은 해당 옵션에서 무해
S039heavy.file__epg_reserve,S,epg_reserve,filelocks,none,none,0,none,resume,--db_mib 8 --index_mib 300 --parse_iters 60000 --hub_conns 0 --refresh_ms 500 --refresh_kib 256 --timer 0 --watch 0 --substeps 1,[heavy 구성·filelocks] ok — 이 라인의 자원은 해당 옵션에서 무해
S039heavy.file__ready,S,ready,filelocks,none,none,0,none,"pong,stat",--db_mib 8 --index_mib 300 --parse_iters 60000 --hub_conns 0 --refresh_ms 500 --refresh_kib 256 --timer 0 --watch 0 --substeps 1,[heavy 구성·filelocks] ok — 이 라인의 자원은 해당 옵션에서 무해
S039heavy.file__steady,S,steady,filelocks,none,none,0,none,"pong,stat",--db_mib 8 --index_mib 300 --parse_iters 60000 --hub_conns 0 --refresh_ms 500 --refresh_kib 256 --timer 0 --watch 0 --substeps 1,[heavy 구성·filelocks] ok — 이 라인의 자원은 해당 옵션에서 무해
S040heavy.perm__init,S,init,permissive,none,none,0,none,resume,--db_mib 8 --index_mib 300 --parse_iters 60000 --hub_conns 0 --refresh_ms 500 --refresh_kib 256 --timer 0 --watch 0 --substeps 1,[heavy 구성·permissive] ok — 이 라인의 자원은 해당 옵션에서 무해
S040heavy.perm__db_open,S,db_open,permissive,none,none,0,none,resume,--db_mib 8 --index_mib 300 --parse_iters 60000 --hub_conns 0 --refresh_ms 500 --refresh_kib 256 --timer 0 --watch 0 --substeps 1,[heavy 구성·permissive] ok — 이 라인의 자원은 해당 옵션에서 무해
S040heavy.perm__db_read,S,db_read,permissive,none,none,0,none,resume,--db_mib 8 --index_mib 300 --parse_iters 60000 --hub_conns 0 --refresh_ms 500 --refresh_kib 256 --timer 0 --watch 0 --substeps 1,[heavy 구성·permissive] ok — 이 라인의 자원은 해당 옵션에서 무해
S040heavy.perm__db_read_p25,S,db_read_p25,permissive,none,none,0,none,resume,--db_mib 8 --index_mib 300 --parse_iters 60000 --hub_conns 0 --refresh_ms 500 --refresh_kib 256 --timer 0 --watch 0 --substeps 1,[heavy 구성·permissive] ok — 이 라인의 자원은 해당 옵션에서 무해
S040heavy.perm__db_read_p50,S,db_read_p50,permissive,none,none,0,none,resume,--db_mib 8 --index_mib 300 --parse_iters 60000 --hub_conns 0 --refresh_ms 500 --refresh_kib 256 --timer 0 --watch 0 --substeps 1,[heavy 구성·permissive] ok — 이 라인의 자원은 해당 옵션에서 무해
S040heavy.perm__db_read_p75,S,db_read_p75,permissive,none,none,0,none,resume,--db_mib 8 --index_mib 300 --parse_iters 60000 --hub_conns 0 --refresh_ms 500 --refresh_kib 256 --timer 0 --watch 0 --substeps 1,[heavy 구성·permissive] ok — 이 라인의 자원은 해당 옵션에서 무해
S040heavy.perm__db_parse,S,db_parse,permissive,none,none,0,none,resume,--db_mib 8 --index_mib 300 --parse_iters 60000 --hub_conns 0 --refresh_ms 500 --refresh_kib 256 --timer 0 --watch 0 --substeps 1,[heavy 구성·permissive] ok — 이 라인의 자원은 해당 옵션에서 무해
S040heavy.perm__db_parse_p25,S,db_parse_p25,permissive,none,none,0,none,resume,--db_mib 8 --index_mib 300 --parse_iters 60000 --hub_conns 0 --refresh_ms 500 --refresh_kib 256 --timer 0 --watch 0 --substeps 1,[heavy 구성·permissive] ok — 이 라인의 자원은 해당 옵션에서 무해
S040heavy.perm__db_parse_p50,S,db_parse_p50,permissive,none,none,0,none,resume,--db_mib 8 --index_mib 300 --parse_iters 60000 --hub_conns 0 --refresh_ms 500 --refresh_kib 256 --timer 0 --watch 0 --substeps 1,[heavy 구성·permissive] ok — 이 라인의 자원은 해당 옵션에서 무해
S040heavy.perm__db_parse_p75,S,db_parse_p75,permissive,none,none,0,none,resume,--db_mib 8 --index_mib 300 --parse_iters 60000 --hub_conns 0 --refresh_ms 500 --refresh_kib 256 --timer 0 --watch 0 --substeps 1,[heavy 구성·permissive] ok — 이 라인의 자원은 해당 옵션에서 무해
S040heavy.perm__epg_index,S,epg_index,permissive,none,none,0,none,resume,--db_mib 8 --index_mib 300 --parse_iters 60000 --hub_conns 0 --refresh_ms 500 --refresh_kib 256 --timer 0 --watch 0 --substeps 1,[heavy 구성·permissive] ok — 이 라인의 자원은 해당 옵션에서 무해
S040heavy.perm__epg_index_p25,S,epg_index_p25,permissive,none,none,0,none,resume,--db_mib 8 --index_mib 300 --parse_iters 60000 --hub_conns 0 --refresh_ms 500 --refresh_kib 256 --timer 0 --watch 0 --substeps 1,[heavy 구성·permissive] ok — 이 라인의 자원은 해당 옵션에서 무해
S040heavy.perm__epg_index_p50,S,epg_index_p50,permissive,none,none,0,none,resume,--db_mib 8 --index_mib 300 --parse_iters 60000 --hub_conns 0 --refresh_ms 500 --refresh_kib 256 --timer 0 --watch 0 --substeps 1,[heavy 구성·permissive] ok — 이 라인의 자원은 해당 옵션에서 무해
S040heavy.perm__epg_index_p75,S,epg_index_p75,permissive,none,none,0,none,resume,--db_mib 8 --index_mib 300 --parse_iters 60000 --hub_conns 0 --refresh_ms 500 --refresh_kib 256 --timer 0 --watch 0 --substeps 1,[heavy 구성·permissive] ok — 이 라인의 자원은 해당 옵션에서 무해
S040heavy.perm__epg_text,S,epg_text,permissive,none,none,0,none,resume,--db_mib 8 --index_mib 300 --parse_iters 60000 --hub_conns 0 --refresh_ms 500 --refresh_kib 256 --timer 0 --watch 0 --substeps 1,[heavy 구성·permissive] ok — 이 라인의 자원은 해당 옵션에서 무해
S040heavy.perm__epg_reserve,S,epg_reserve,permissive,none,none,0,none,resume,--db_mib 8 --index_mib 300 --parse_iters 60000 --hub_conns 0 --refresh_ms 500 --refresh_kib 256 --timer 0 --watch 0 --substeps 1,[heavy 구성·permissive] ok — 이 라인의 자원은 해당 옵션에서 무해
S040heavy.perm__ready,S,ready,permissive,none,none,0,none,"pong,stat",--db_mib 8 --index_mib 300 --parse_iters 60000 --hub_conns 0 --refresh_ms 500 --refresh_kib 256 --timer 0 --watch 0 --substeps 1,[heavy 구성·permissive] ok — 이 라인의 자원은 해당 옵션에서 무해
S040heavy.perm__steady,S,steady,permissive,none,none,0,none,"pong,stat",--db_mib 8 --index_mib 300 --parse_iters 60000 --hub_conns 0 --refresh_ms 500 --refresh_kib 256 --timer 0 --watch 0 --substeps 1,[heavy 구성·permissive] ok — 이 라인의 자원은 해당 옵션에서 무해
S041light.stri__init,S,init,strict,none,none,0,none,resume,--db_mib 2 --index_mib 24 --parse_iters 20000 --hub_conns 0 --refresh_ms 300 --refresh_kib 512 --timer 0 --watch 0 --substeps 1,[light 구성·strict] ok — 이 라인의 자원은 해당 옵션에서 무해
S041light.stri__db_open,S,db_open,strict,none,none,0,none,resume,--db_mib 2 --index_mib 24 --parse_iters 20000 --hub_conns 0 --refresh_ms 300 --refresh_kib 512 --timer 0 --watch 0 --substeps 1,[light 구성·strict] ok — 이 라인의 자원은 해당 옵션에서 무해
S041light.stri__db_read,S,db_read,strict,none,none,0,none,resume,--db_mib 2 --index_mib 24 --parse_iters 20000 --hub_conns 0 --refresh_ms 300 --refresh_kib 512 --timer 0 --watch 0 --substeps 1,[light 구성·strict] ok — 이 라인의 자원은 해당 옵션에서 무해
S041light.stri__db_read_p25,S,db_read_p25,strict,none,none,0,none,resume,--db_mib 2 --index_mib 24 --parse_iters 20000 --hub_conns 0 --refresh_ms 300 --refresh_kib 512 --timer 0 --watch 0 --substeps 1,[light 구성·strict] ok — 이 라인의 자원은 해당 옵션에서 무해
S041light.stri__db_read_p50,S,db_read_p50,strict,none,none,0,none,resume,--db_mib 2 --index_mib 24 --parse_iters 20000 --hub_conns 0 --refresh_ms 300 --refresh_kib 512 --timer 0 --watch 0 --substeps 1,[light 구성·strict] ok — 이 라인의 자원은 해당 옵션에서 무해
S041light.stri__db_read_p75,S,db_read_p75,strict,none,none,0,none,resume,--db_mib 2 --index_mib 24 --parse_iters 20000 --hub_conns 0 --refresh_ms 300 --refresh_kib 512 --timer 0 --watch 0 --substeps 1,[light 구성·strict] ok — 이 라인의 자원은 해당 옵션에서 무해
S041light.stri__db_parse,S,db_parse,strict,none,none,0,none,resume,--db_mib 2 --index_mib 24 --parse_iters 20000 --hub_conns 0 --refresh_ms 300 --refresh_kib 512 --timer 0 --watch 0 --substeps 1,[light 구성·strict] ok — 이 라인의 자원은 해당 옵션에서 무해
S041light.stri__db_parse_p25,S,db_parse_p25,strict,none,none,0,none,resume,--db_mib 2 --index_mib 24 --parse_iters 20000 --hub_conns 0 --refresh_ms 300 --refresh_kib 512 --timer 0 --watch 0 --substeps 1,[light 구성·strict] ok — 이 라인의 자원은 해당 옵션에서 무해
S041light.stri__db_parse_p50,S,db_parse_p50,strict,none,none,0,none,resume,--db_mib 2 --index_mib 24 --parse_iters 20000 --hub_conns 0 --refresh_ms 300 --refresh_kib 512 --timer 0 --watch 0 --substeps 1,[light 구성·strict] ok — 이 라인의 자원은 해당 옵션에서 무해
S041light.stri__db_parse_p75,S,db_parse_p75,strict,none,none,0,none,resume,--db_mib 2 --index_mib 24 --parse_iters 20000 --hub_conns 0 --refresh_ms 300 --refresh_kib 512 --timer 0 --watch 0 --substeps 1,[light 구성·strict] ok — 이 라인의 자원은 해당 옵션에서 무해
S041light.stri__epg_index,S,epg_index,strict,none,none,0,none,resume,--db_mib 2 --index_mib 24 --parse_iters 20000 --hub_conns 0 --refresh_ms 300 --refresh_kib 512 --timer 0 --watch 0 --substeps 1,[light 구성·strict] ok — 이 라인의 자원은 해당 옵션에서 무해
S041light.stri__epg_index_p25,S,epg_index_p25,strict,none,none,0,none,resume,--db_mib 2 --index_mib 24 --parse_iters 20000 --hub_conns 0 --refresh_ms 300 --refresh_kib 512 --timer 0 --watch 0 --substeps 1,[light 구성·strict] ok — 이 라인의 자원은 해당 옵션에서 무해
S041light.stri__epg_index_p50,S,epg_index_p50,strict,none,none,0,none,resume,--db_mib 2 --index_mib 24 --parse_iters 20000 --hub_conns 0 --refresh_ms 300 --refresh_kib 512 --timer 0 --watch 0 --substeps 1,[light 구성·strict] ok — 이 라인의 자원은 해당 옵션에서 무해
S041light.stri__epg_index_p75,S,epg_index_p75,strict,none,none,0,none,resume,--db_mib 2 --index_mib 24 --parse_iters 20000 --hub_conns 0 --refresh_ms 300 --refresh_kib 512 --timer 0 --watch 0 --substeps 1,[light 구성·strict] ok — 이 라인의 자원은 해당 옵션에서 무해
S041light.stri__epg_text,S,epg_text,strict,none,none,0,none,resume,--db_mib 2 --index_mib 24 --parse_iters 20000 --hub_conns 0 --refresh_ms 300 --refresh_kib 512 --timer 0 --watch 0 --substeps 1,[light 구성·strict] ok — 이 라인의 자원은 해당 옵션에서 무해
S041light.stri__epg_reserve,S,epg_reserve,strict,none,none,0,none,resume,--db_mib 2 --index_mib 24 --parse_iters 20000 --hub_conns 0 --refresh_ms 300 --refresh_kib 512 --timer 0 --watch 0 --substeps 1,[light 구성·strict] ok — 이 라인의 자원은 해당 옵션에서 무해
S041light.stri__ready,S,ready,strict,none,none,0,none,"pong,stat",--db_mib 2 --index_mib 24 --parse_iters 20000 --hub_conns 0 --refresh_ms 300 --refresh_kib 512 --timer 0 --watch 0 --substeps 1,[light 구성·strict] ok — 이 라인의 자원은 해당 옵션에서 무해
S041light.stri__steady,S,steady,strict,none,none,0,none,"pong,stat",--db_mib 2 --index_mib 24 --parse_iters 20000 --hub_conns 0 --refresh_ms 300 --refresh_kib 512 --timer 0 --watch 0 --substeps 1,[light 구성·strict] ok — 이 라인의 자원은 해당 옵션에서 무해
S042light.ext___init,S,init,ext_unix,none,none,0,none,resume,--db_mib 2 --index_mib 24 --parse_iters 20000 --hub_conns 0 --refresh_ms 300 --refresh_kib 512 --timer 0 --watch 0 --substeps 1,[light 구성·ext_unix] ok — 이 라인의 자원은 해당 옵션에서 무해
S042light.ext___db_open,S,db_open,ext_unix,none,none,0,none,resume,--db_mib 2 --index_mib 24 --parse_iters 20000 --hub_conns 0 --refresh_ms 300 --refresh_kib 512 --timer 0 --watch 0 --substeps 1,[light 구성·ext_unix] ok — 이 라인의 자원은 해당 옵션에서 무해
S042light.ext___db_read,S,db_read,ext_unix,none,none,0,none,resume,--db_mib 2 --index_mib 24 --parse_iters 20000 --hub_conns 0 --refresh_ms 300 --refresh_kib 512 --timer 0 --watch 0 --substeps 1,[light 구성·ext_unix] ok — 이 라인의 자원은 해당 옵션에서 무해
S042light.ext___db_read_p25,S,db_read_p25,ext_unix,none,none,0,none,resume,--db_mib 2 --index_mib 24 --parse_iters 20000 --hub_conns 0 --refresh_ms 300 --refresh_kib 512 --timer 0 --watch 0 --substeps 1,[light 구성·ext_unix] ok — 이 라인의 자원은 해당 옵션에서 무해
S042light.ext___db_read_p50,S,db_read_p50,ext_unix,none,none,0,none,resume,--db_mib 2 --index_mib 24 --parse_iters 20000 --hub_conns 0 --refresh_ms 300 --refresh_kib 512 --timer 0 --watch 0 --substeps 1,[light 구성·ext_unix] ok — 이 라인의 자원은 해당 옵션에서 무해
S042light.ext___db_read_p75,S,db_read_p75,ext_unix,none,none,0,none,resume,--db_mib 2 --index_mib 24 --parse_iters 20000 --hub_conns 0 --refresh_ms 300 --refresh_kib 512 --timer 0 --watch 0 --substeps 1,[light 구성·ext_unix] ok — 이 라인의 자원은 해당 옵션에서 무해
S042light.ext___db_parse,S,db_parse,ext_unix,none,none,0,none,resume,--db_mib 2 --index_mib 24 --parse_iters 20000 --hub_conns 0 --refresh_ms 300 --refresh_kib 512 --timer 0 --watch 0 --substeps 1,[light 구성·ext_unix] ok — 이 라인의 자원은 해당 옵션에서 무해
S042light.ext___db_parse_p25,S,db_parse_p25,ext_unix,none,none,0,none,resume,--db_mib 2 --index_mib 24 --parse_iters 20000 --hub_conns 0 --refresh_ms 300 --refresh_kib 512 --timer 0 --watch 0 --substeps 1,[light 구성·ext_unix] ok — 이 라인의 자원은 해당 옵션에서 무해
S042light.ext___db_parse_p50,S,db_parse_p50,ext_unix,none,none,0,none,resume,--db_mib 2 --index_mib 24 --parse_iters 20000 --hub_conns 0 --refresh_ms 300 --refresh_kib 512 --timer 0 --watch 0 --substeps 1,[light 구성·ext_unix] ok — 이 라인의 자원은 해당 옵션에서 무해
S042light.ext___db_parse_p75,S,db_parse_p75,ext_unix,none,none,0,none,resume,--db_mib 2 --index_mib 24 --parse_iters 20000 --hub_conns 0 --refresh_ms 300 --refresh_kib 512 --timer 0 --watch 0 --substeps 1,[light 구성·ext_unix] ok — 이 라인의 자원은 해당 옵션에서 무해
S042light.ext___epg_index,S,epg_index,ext_unix,none,none,0,none,resume,--db_mib 2 --index_mib 24 --parse_iters 20000 --hub_conns 0 --refresh_ms 300 --refresh_kib 512 --timer 0 --watch 0 --substeps 1,[light 구성·ext_unix] ok — 이 라인의 자원은 해당 옵션에서 무해
S042light.ext___epg_index_p25,S,epg_index_p25,ext_unix,none,none,0,none,resume,--db_mib 2 --index_mib 24 --parse_iters 20000 --hub_conns 0 --refresh_ms 300 --refresh_kib 512 --timer 0 --watch 0 --substeps 1,[light 구성·ext_unix] ok — 이 라인의 자원은 해당 옵션에서 무해
S042light.ext___epg_index_p50,S,epg_index_p50,ext_unix,none,none,0,none,resume,--db_mib 2 --index_mib 24 --parse_iters 20000 --hub_conns 0 --refresh_ms 300 --refresh_kib 512 --timer 0 --watch 0 --substeps 1,[light 구성·ext_unix] ok — 이 라인의 자원은 해당 옵션에서 무해
S042light.ext___epg_index_p75,S,epg_index_p75,ext_unix,none,none,0,none,resume,--db_mib 2 --index_mib 24 --parse_iters 20000 --hub_conns 0 --refresh_ms 300 --refresh_kib 512 --timer 0 --watch 0 --substeps 1,[light 구성·ext_unix] ok — 이 라인의 자원은 해당 옵션에서 무해
S042light.ext___epg_text,S,epg_text,ext_unix,none,none,0,none,resume,--db_mib 2 --index_mib 24 --parse_iters 20000 --hub_conns 0 --refresh_ms 300 --refresh_kib 512 --timer 0 --watch 0 --substeps 1,[light 구성·ext_unix] ok — 이 라인의 자원은 해당 옵션에서 무해
S042light.ext___epg_reserve,S,epg_reserve,ext_unix,none,none,0,none,resume,--db_mib 2 --index_mib 24 --parse_iters 20000 --hub_conns 0 --refresh_ms 300 --refresh_kib 512 --timer 0 --watch 0 --substeps 1,[light 구성·ext_unix] ok — 이 라인의 자원은 해당 옵션에서 무해
S042light.ext___ready,S,ready,ext_unix,none,none,0,none,"pong,stat",--db_mib 2 --index_mib 24 --parse_iters 20000 --hub_conns 0 --refresh_ms 300 --refresh_kib 512 --timer 0 --watch 0 --substeps 1,[light 구성·ext_unix] ok — 이 라인의 자원은 해당 옵션에서 무해
S042light.ext___steady,S,steady,ext_unix,none,none,0,none,"pong,stat",--db_mib 2 --index_mib 24 --parse_iters 20000 --hub_conns 0 --refresh_ms 300 --refresh_kib 512 --timer 0 --watch 0 --substeps 1,[light 구성·ext_unix] ok — 이 라인의 자원은 해당 옵션에서 무해
S043light.tcp___init,S,init,tcp_est,none,none,0,none,resume,--db_mib 2 --index_mib 24 --parse_iters 20000 --hub_conns 0 --refresh_ms 300 --refresh_kib 512 --timer 0 --watch 0 --substeps 1,[light 구성·tcp_est] ok — 이 라인의 자원은 해당 옵션에서 무해
S043light.tcp___db_open,S,db_open,tcp_est,none,none,0,none,resume,--db_mib 2 --index_mib 24 --parse_iters 20000 --hub_conns 0 --refresh_ms 300 --refresh_kib 512 --timer 0 --watch 0 --substeps 1,[light 구성·tcp_est] ok — 이 라인의 자원은 해당 옵션에서 무해
S043light.tcp___db_read,S,db_read,tcp_est,none,none,0,none,resume,--db_mib 2 --index_mib 24 --parse_iters 20000 --hub_conns 0 --refresh_ms 300 --refresh_kib 512 --timer 0 --watch 0 --substeps 1,[light 구성·tcp_est] ok — 이 라인의 자원은 해당 옵션에서 무해
S043light.tcp___db_read_p25,S,db_read_p25,tcp_est,none,none,0,none,resume,--db_mib 2 --index_mib 24 --parse_iters 20000 --hub_conns 0 --refresh_ms 300 --refresh_kib 512 --timer 0 --watch 0 --substeps 1,[light 구성·tcp_est] ok — 이 라인의 자원은 해당 옵션에서 무해
S043light.tcp___db_read_p50,S,db_read_p50,tcp_est,none,none,0,none,resume,--db_mib 2 --index_mib 24 --parse_iters 20000 --hub_conns 0 --refresh_ms 300 --refresh_kib 512 --timer 0 --watch 0 --substeps 1,[light 구성·tcp_est] ok — 이 라인의 자원은 해당 옵션에서 무해
S043light.tcp___db_read_p75,S,db_read_p75,tcp_est,none,none,0,none,resume,--db_mib 2 --index_mib 24 --parse_iters 20000 --hub_conns 0 --refresh_ms 300 --refresh_kib 512 --timer 0 --watch 0 --substeps 1,[light 구성·tcp_est] ok — 이 라인의 자원은 해당 옵션에서 무해
S043light.tcp___db_parse,S,db_parse,tcp_est,none,none,0,none,resume,--db_mib 2 --index_mib 24 --parse_iters 20000 --hub_conns 0 --refresh_ms 300 --refresh_kib 512 --timer 0 --watch 0 --substeps 1,[light 구성·tcp_est] ok — 이 라인의 자원은 해당 옵션에서 무해
S043light.tcp___db_parse_p25,S,db_parse_p25,tcp_est,none,none,0,none,resume,--db_mib 2 --index_mib 24 --parse_iters 20000 --hub_conns 0 --refresh_ms 300 --refresh_kib 512 --timer 0 --watch 0 --substeps 1,[light 구성·tcp_est] ok — 이 라인의 자원은 해당 옵션에서 무해
S043light.tcp___db_parse_p50,S,db_parse_p50,tcp_est,none,none,0,none,resume,--db_mib 2 --index_mib 24 --parse_iters 20000 --hub_conns 0 --refresh_ms 300 --refresh_kib 512 --timer 0 --watch 0 --substeps 1,[light 구성·tcp_est] ok — 이 라인의 자원은 해당 옵션에서 무해
S043light.tcp___db_parse_p75,S,db_parse_p75,tcp_est,none,none,0,none,resume,--db_mib 2 --index_mib 24 --parse_iters 20000 --hub_conns 0 --refresh_ms 300 --refresh_kib 512 --timer 0 --watch 0 --substeps 1,[light 구성·tcp_est] ok — 이 라인의 자원은 해당 옵션에서 무해
S043light.tcp___epg_index,S,epg_index,tcp_est,none,none,0,none,resume,--db_mib 2 --index_mib 24 --parse_iters 20000 --hub_conns 0 --refresh_ms 300 --refresh_kib 512 --timer 0 --watch 0 --substeps 1,[light 구성·tcp_est] ok — 이 라인의 자원은 해당 옵션에서 무해
S043light.tcp___epg_index_p25,S,epg_index_p25,tcp_est,none,none,0,none,resume,--db_mib 2 --index_mib 24 --parse_iters 20000 --hub_conns 0 --refresh_ms 300 --refresh_kib 512 --timer 0 --watch 0 --substeps 1,[light 구성·tcp_est] ok — 이 라인의 자원은 해당 옵션에서 무해
S043light.tcp___epg_index_p50,S,epg_index_p50,tcp_est,none,none,0,none,resume,--db_mib 2 --index_mib 24 --parse_iters 20000 --hub_conns 0 --refresh_ms 300 --refresh_kib 512 --timer 0 --watch 0 --substeps 1,[light 구성·tcp_est] ok — 이 라인의 자원은 해당 옵션에서 무해
S043light.tcp___epg_index_p75,S,epg_index_p75,tcp_est,none,none,0,none,resume,--db_mib 2 --index_mib 24 --parse_iters 20000 --hub_conns 0 --refresh_ms 300 --refresh_kib 512 --timer 0 --watch 0 --substeps 1,[light 구성·tcp_est] ok — 이 라인의 자원은 해당 옵션에서 무해
S043light.tcp___epg_text,S,epg_text,tcp_est,none,none,0,none,resume,--db_mib 2 --index_mib 24 --parse_iters 20000 --hub_conns 0 --refresh_ms 300 --refresh_kib 512 --timer 0 --watch 0 --substeps 1,[light 구성·tcp_est] ok — 이 라인의 자원은 해당 옵션에서 무해
S043light.tcp___epg_reserve,S,epg_reserve,tcp_est,none,none,0,none,resume,--db_mib 2 --index_mib 24 --parse_iters 20000 --hub_conns 0 --refresh_ms 300 --refresh_kib 512 --timer 0 --watch 0 --substeps 1,[light 구성·tcp_est] ok — 이 라인의 자원은 해당 옵션에서 무해
S043light.tcp___ready,S,ready,tcp_est,none,none,0,none,"pong,stat",--db_mib 2 --index_mib 24 --parse_iters 20000 --hub_conns 0 --refresh_ms 300 --refresh_kib 512 --timer 0 --watch 0 --substeps 1,[light 구성·tcp_est] ok — 이 라인의 자원은 해당 옵션에서 무해
S043light.tcp___steady,S,steady,tcp_est,none,none,0,none,"pong,stat",--db_mib 2 --index_mib 24 --parse_iters 20000 --hub_conns 0 --refresh_ms 300 --refresh_kib 512 --timer 0 --watch 0 --substeps 1,[light 구성·tcp_est] ok — 이 라인의 자원은 해당 옵션에서 무해
S044light.file__init,S,init,filelocks,none,none,0,none,resume,--db_mib 2 --index_mib 24 --parse_iters 20000 --hub_conns 0 --refresh_ms 300 --refresh_kib 512 --timer 0 --watch 0 --substeps 1,[light 구성·filelocks] ok — 이 라인의 자원은 해당 옵션에서 무해
S044light.file__db_open,S,db_open,filelocks,none,none,0,none,resume,--db_mib 2 --index_mib 24 --parse_iters 20000 --hub_conns 0 --refresh_ms 300 --refresh_kib 512 --timer 0 --watch 0 --substeps 1,[light 구성·filelocks] ok — 이 라인의 자원은 해당 옵션에서 무해
S044light.file__db_read,S,db_read,filelocks,none,none,0,none,resume,--db_mib 2 --index_mib 24 --parse_iters 20000 --hub_conns 0 --refresh_ms 300 --refresh_kib 512 --timer 0 --watch 0 --substeps 1,[light 구성·filelocks] ok — 이 라인의 자원은 해당 옵션에서 무해
S044light.file__db_read_p25,S,db_read_p25,filelocks,none,none,0,none,resume,--db_mib 2 --index_mib 24 --parse_iters 20000 --hub_conns 0 --refresh_ms 300 --refresh_kib 512 --timer 0 --watch 0 --substeps 1,[light 구성·filelocks] ok — 이 라인의 자원은 해당 옵션에서 무해
S044light.file__db_read_p50,S,db_read_p50,filelocks,none,none,0,none,resume,--db_mib 2 --index_mib 24 --parse_iters 20000 --hub_conns 0 --refresh_ms 300 --refresh_kib 512 --timer 0 --watch 0 --substeps 1,[light 구성·filelocks] ok — 이 라인의 자원은 해당 옵션에서 무해
S044light.file__db_read_p75,S,db_read_p75,filelocks,none,none,0,none,resume,--db_mib 2 --index_mib 24 --parse_iters 20000 --hub_conns 0 --refresh_ms 300 --refresh_kib 512 --timer 0 --watch 0 --substeps 1,[light 구성·filelocks] ok — 이 라인의 자원은 해당 옵션에서 무해
S044light.file__db_parse,S,db_parse,filelocks,none,none,0,none,resume,--db_mib 2 --index_mib 24 --parse_iters 20000 --hub_conns 0 --refresh_ms 300 --refresh_kib 512 --timer 0 --watch 0 --substeps 1,[light 구성·filelocks] ok — 이 라인의 자원은 해당 옵션에서 무해
S044light.file__db_parse_p25,S,db_parse_p25,filelocks,none,none,0,none,resume,--db_mib 2 --index_mib 24 --parse_iters 20000 --hub_conns 0 --refresh_ms 300 --refresh_kib 512 --timer 0 --watch 0 --substeps 1,[light 구성·filelocks] ok — 이 라인의 자원은 해당 옵션에서 무해
S044light.file__db_parse_p50,S,db_parse_p50,filelocks,none,none,0,none,resume,--db_mib 2 --index_mib 24 --parse_iters 20000 --hub_conns 0 --refresh_ms 300 --refresh_kib 512 --timer 0 --watch 0 --substeps 1,[light 구성·filelocks] ok — 이 라인의 자원은 해당 옵션에서 무해
S044light.file__db_parse_p75,S,db_parse_p75,filelocks,none,none,0,none,resume,--db_mib 2 --index_mib 24 --parse_iters 20000 --hub_conns 0 --refresh_ms 300 --refresh_kib 512 --timer 0 --watch 0 --substeps 1,[light 구성·filelocks] ok — 이 라인의 자원은 해당 옵션에서 무해
S044light.file__epg_index,S,epg_index,filelocks,none,none,0,none,resume,--db_mib 2 --index_mib 24 --parse_iters 20000 --hub_conns 0 --refresh_ms 300 --refresh_kib 512 --timer 0 --watch 0 --substeps 1,[light 구성·filelocks] ok — 이 라인의 자원은 해당 옵션에서 무해
S044light.file__epg_index_p25,S,epg_index_p25,filelocks,none,none,0,none,resume,--db_mib 2 --index_mib 24 --parse_iters 20000 --hub_conns 0 --refresh_ms 300 --refresh_kib 512 --timer 0 --watch 0 --substeps 1,[light 구성·filelocks] ok — 이 라인의 자원은 해당 옵션에서 무해
S044light.file__epg_index_p50,S,epg_index_p50,filelocks,none,none,0,none,resume,--db_mib 2 --index_mib 24 --parse_iters 20000 --hub_conns 0 --refresh_ms 300 --refresh_kib 512 --timer 0 --watch 0 --substeps 1,[light 구성·filelocks] ok — 이 라인의 자원은 해당 옵션에서 무해
S044light.file__epg_index_p75,S,epg_index_p75,filelocks,none,none,0,none,resume,--db_mib 2 --index_mib 24 --parse_iters 20000 --hub_conns 0 --refresh_ms 300 --refresh_kib 512 --timer 0 --watch 0 --substeps 1,[light 구성·filelocks] ok — 이 라인의 자원은 해당 옵션에서 무해
S044light.file__epg_text,S,epg_text,filelocks,none,none,0,none,resume,--db_mib 2 --index_mib 24 --parse_iters 20000 --hub_conns 0 --refresh_ms 300 --refresh_kib 512 --timer 0 --watch 0 --substeps 1,[light 구성·filelocks] ok — 이 라인의 자원은 해당 옵션에서 무해
S044light.file__epg_reserve,S,epg_reserve,filelocks,none,none,0,none,resume,--db_mib 2 --index_mib 24 --parse_iters 20000 --hub_conns 0 --refresh_ms 300 --refresh_kib 512 --timer 0 --watch 0 --substeps 1,[light 구성·filelocks] ok — 이 라인의 자원은 해당 옵션에서 무해
S044light.file__ready,S,ready,filelocks,none,none,0,none,"pong,stat",--db_mib 2 --index_mib 24 --parse_iters 20000 --hub_conns 0 --refresh_ms 300 --refresh_kib 512 --timer 0 --watch 0 --substeps 1,[light 구성·filelocks] ok — 이 라인의 자원은 해당 옵션에서 무해
S044light.file__steady,S,steady,filelocks,none,none,0,none,"pong,stat",--db_mib 2 --index_mib 24 --parse_iters 20000 --hub_conns 0 --refresh_ms 300 --refresh_kib 512 --timer 0 --watch 0 --substeps 1,[light 구성·filelocks] ok — 이 라인의 자원은 해당 옵션에서 무해
S045light.perm__init,S,init,permissive,none,none,0,none,resume,--db_mib 2 --index_mib 24 --parse_iters 20000 --hub_conns 0 --refresh_ms 300 --refresh_kib 512 --timer 0 --watch 0 --substeps 1,[light 구성·permissive] ok — 이 라인의 자원은 해당 옵션에서 무해
S045light.perm__db_open,S,db_open,permissive,none,none,0,none,resume,--db_mib 2 --index_mib 24 --parse_iters 20000 --hub_conns 0 --refresh_ms 300 --refresh_kib 512 --timer 0 --watch 0 --substeps 1,[light 구성·permissive] ok — 이 라인의 자원은 해당 옵션에서 무해
S045light.perm__db_read,S,db_read,permissive,none,none,0,none,resume,--db_mib 2 --index_mib 24 --parse_iters 20000 --hub_conns 0 --refresh_ms 300 --refresh_kib 512 --timer 0 --watch 0 --substeps 1,[light 구성·permissive] ok — 이 라인의 자원은 해당 옵션에서 무해
S045light.perm__db_read_p25,S,db_read_p25,permissive,none,none,0,none,resume,--db_mib 2 --index_mib 24 --parse_iters 20000 --hub_conns 0 --refresh_ms 300 --refresh_kib 512 --timer 0 --watch 0 --substeps 1,[light 구성·permissive] ok — 이 라인의 자원은 해당 옵션에서 무해
S045light.perm__db_read_p50,S,db_read_p50,permissive,none,none,0,none,resume,--db_mib 2 --index_mib 24 --parse_iters 20000 --hub_conns 0 --refresh_ms 300 --refresh_kib 512 --timer 0 --watch 0 --substeps 1,[light 구성·permissive] ok — 이 라인의 자원은 해당 옵션에서 무해
S045light.perm__db_read_p75,S,db_read_p75,permissive,none,none,0,none,resume,--db_mib 2 --index_mib 24 --parse_iters 20000 --hub_conns 0 --refresh_ms 300 --refresh_kib 512 --timer 0 --watch 0 --substeps 1,[light 구성·permissive] ok — 이 라인의 자원은 해당 옵션에서 무해
S045light.perm__db_parse,S,db_parse,permissive,none,none,0,none,resume,--db_mib 2 --index_mib 24 --parse_iters 20000 --hub_conns 0 --refresh_ms 300 --refresh_kib 512 --timer 0 --watch 0 --substeps 1,[light 구성·permissive] ok — 이 라인의 자원은 해당 옵션에서 무해
S045light.perm__db_parse_p25,S,db_parse_p25,permissive,none,none,0,none,resume,--db_mib 2 --index_mib 24 --parse_iters 20000 --hub_conns 0 --refresh_ms 300 --refresh_kib 512 --timer 0 --watch 0 --substeps 1,[light 구성·permissive] ok — 이 라인의 자원은 해당 옵션에서 무해
S045light.perm__db_parse_p50,S,db_parse_p50,permissive,none,none,0,none,resume,--db_mib 2 --index_mib 24 --parse_iters 20000 --hub_conns 0 --refresh_ms 300 --refresh_kib 512 --timer 0 --watch 0 --substeps 1,[light 구성·permissive] ok — 이 라인의 자원은 해당 옵션에서 무해
S045light.perm__db_parse_p75,S,db_parse_p75,permissive,none,none,0,none,resume,--db_mib 2 --index_mib 24 --parse_iters 20000 --hub_conns 0 --refresh_ms 300 --refresh_kib 512 --timer 0 --watch 0 --substeps 1,[light 구성·permissive] ok — 이 라인의 자원은 해당 옵션에서 무해
S045light.perm__epg_index,S,epg_index,permissive,none,none,0,none,resume,--db_mib 2 --index_mib 24 --parse_iters 20000 --hub_conns 0 --refresh_ms 300 --refresh_kib 512 --timer 0 --watch 0 --substeps 1,[light 구성·permissive] ok — 이 라인의 자원은 해당 옵션에서 무해
S045light.perm__epg_index_p25,S,epg_index_p25,permissive,none,none,0,none,resume,--db_mib 2 --index_mib 24 --parse_iters 20000 --hub_conns 0 --refresh_ms 300 --refresh_kib 512 --timer 0 --watch 0 --substeps 1,[light 구성·permissive] ok — 이 라인의 자원은 해당 옵션에서 무해
S045light.perm__epg_index_p50,S,epg_index_p50,permissive,none,none,0,none,resume,--db_mib 2 --index_mib 24 --parse_iters 20000 --hub_conns 0 --refresh_ms 300 --refresh_kib 512 --timer 0 --watch 0 --substeps 1,[light 구성·permissive] ok — 이 라인의 자원은 해당 옵션에서 무해
S045light.perm__epg_index_p75,S,epg_index_p75,permissive,none,none,0,none,resume,--db_mib 2 --index_mib 24 --parse_iters 20000 --hub_conns 0 --refresh_ms 300 --refresh_kib 512 --timer 0 --watch 0 --substeps 1,[light 구성·permissive] ok — 이 라인의 자원은 해당 옵션에서 무해
S045light.perm__epg_text,S,epg_text,permissive,none,none,0,none,resume,--db_mib 2 --index_mib 24 --parse_iters 20000 --hub_conns 0 --refresh_ms 300 --refresh_kib 512 --timer 0 --watch 0 --substeps 1,[light 구성·permissive] ok — 이 라인의 자원은 해당 옵션에서 무해
S045light.perm__epg_reserve,S,epg_reserve,permissive,none,none,0,none,resume,--db_mib 2 --index_mib 24 --parse_iters 20000 --hub_conns 0 --refresh_ms 300 --refresh_kib 512 --timer 0 --watch 0 --substeps 1,[light 구성·permissive] ok — 이 라인의 자원은 해당 옵션에서 무해
S045light.perm__ready,S,ready,permissive,none,none,0,none,"pong,stat",--db_mib 2 --index_mib 24 --parse_iters 20000 --hub_conns 0 --refresh_ms 300 --refresh_kib 512 --timer 0 --watch 0 --substeps 1,[light 구성·permissive] ok — 이 라인의 자원은 해당 옵션에서 무해
S045light.perm__steady,S,steady,permissive,none,none,0,none,"pong,stat",--db_mib 2 --index_mib 24 --parse_iters 20000 --hub_conns 0 --refresh_ms 300 --refresh_kib 512 --timer 0 --watch 0 --substeps 1,[light 구성·permissive] ok — 이 라인의 자원은 해당 옵션에서 무해
S046all.stri__init,S,init,strict,none,none,0,normal,resume,--db_mib 8 --index_mib 12 --parse_iters 120000 --refresh_ms 500 --refresh_kib 256 --timer 1 --timer_s 60 --watch 1 --substeps 1 --hub_conns 4 --hub_pending 8 --tcp reqresp --threads 4 --selfpipe 1 --eventfd 1 --db_lock flock --shm_mib 4 --log_dgram 1 --render 1 --workdir 1 --child 1 --zombie 1 --sigpend 1 --urandom 1 --tmpunlink 1 --epoll 1 --udp 1 --netlink 1 --unix_listen 1 --mmap_db 1,[all 구성·strict] ok — 이 라인의 자원은 해당 옵션에서 무해
S046all.stri__sig_pending,S,sig_pending,strict,none,none,0,normal,resume,--db_mib 8 --index_mib 12 --parse_iters 120000 --refresh_ms 500 --refresh_kib 256 --timer 1 --timer_s 60 --watch 1 --substeps 1 --hub_conns 4 --hub_pending 8 --tcp reqresp --threads 4 --selfpipe 1 --eventfd 1 --db_lock flock --shm_mib 4 --log_dgram 1 --render 1 --workdir 1 --child 1 --zombie 1 --sigpend 1 --urandom 1 --tmpunlink 1 --epoll 1 --udp 1 --netlink 1 --unix_listen 1 --mmap_db 1,[all 구성·strict] ok — 이 라인의 자원은 해당 옵션에서 무해
S046all.stri__dev_urandom,S,dev_urandom,strict,none,none,0,normal,resume,--db_mib 8 --index_mib 12 --parse_iters 120000 --refresh_ms 500 --refresh_kib 256 --timer 1 --timer_s 60 --watch 1 --substeps 1 --hub_conns 4 --hub_pending 8 --tcp reqresp --threads 4 --selfpipe 1 --eventfd 1 --db_lock flock --shm_mib 4 --log_dgram 1 --render 1 --workdir 1 --child 1 --zombie 1 --sigpend 1 --urandom 1 --tmpunlink 1 --epoll 1 --udp 1 --netlink 1 --unix_listen 1 --mmap_db 1,[all 구성·strict] ok — 이 라인의 자원은 해당 옵션에서 무해
S046all.stri__log_open,S,log_open,strict,none,none,0,normal,resume,--db_mib 8 --index_mib 12 --parse_iters 120000 --refresh_ms 500 --refresh_kib 256 --timer 1 --timer_s 60 --watch 1 --substeps 1 --hub_conns 4 --hub_pending 8 --tcp reqresp --threads 4 --selfpipe 1 --eventfd 1 --db_lock flock --shm_mib 4 --log_dgram 1 --render 1 --workdir 1 --child 1 --zombie 1 --sigpend 1 --urandom 1 --tmpunlink 1 --epoll 1 --udp 1 --netlink 1 --unix_listen 1 --mmap_db 1,[all 구성·strict] ok — 이 라인의 자원은 해당 옵션에서 무해
S046all.stri__db_open,S,db_open,strict,none,none,0,normal,resume,--db_mib 8 --index_mib 12 --parse_iters 120000 --refresh_ms 500 --refresh_kib 256 --timer 1 --timer_s 60 --watch 1 --substeps 1 --hub_conns 4 --hub_pending 8 --tcp reqresp --threads 4 --selfpipe 1 --eventfd 1 --db_lock flock --shm_mib 4 --log_dgram 1 --render 1 --workdir 1 --child 1 --zombie 1 --sigpend 1 --urandom 1 --tmpunlink 1 --epoll 1 --udp 1 --netlink 1 --unix_listen 1 --mmap_db 1,[all 구성·strict] ok — 이 라인의 자원은 해당 옵션에서 무해
S046all.stri__db_lock,S,db_lock,strict,none,none,0,normal,resume,--db_mib 8 --index_mib 12 --parse_iters 120000 --refresh_ms 500 --refresh_kib 256 --timer 1 --timer_s 60 --watch 1 --substeps 1 --hub_conns 4 --hub_pending 8 --tcp reqresp --threads 4 --selfpipe 1 --eventfd 1 --db_lock flock --shm_mib 4 --log_dgram 1 --render 1 --workdir 1 --child 1 --zombie 1 --sigpend 1 --urandom 1 --tmpunlink 1 --epoll 1 --udp 1 --netlink 1 --unix_listen 1 --mmap_db 1,[all 구성·strict] dump_fail — 잠금 보유 시점부터 (경계선 1)
S046all.stri__db_read_p25,S,db_read_p25,strict,none,none,0,normal,resume,--db_mib 8 --index_mib 12 --parse_iters 120000 --refresh_ms 500 --refresh_kib 256 --timer 1 --timer_s 60 --watch 1 --substeps 1 --hub_conns 4 --hub_pending 8 --tcp reqresp --threads 4 --selfpipe 1 --eventfd 1 --db_lock flock --shm_mib 4 --log_dgram 1 --render 1 --workdir 1 --child 1 --zombie 1 --sigpend 1 --urandom 1 --tmpunlink 1 --epoll 1 --udp 1 --netlink 1 --unix_listen 1 --mmap_db 1,[all 구성·strict] ok — 이 라인의 자원은 해당 옵션에서 무해
S046all.stri__db_read_p50,S,db_read_p50,strict,none,none,0,normal,resume,--db_mib 8 --index_mib 12 --parse_iters 120000 --refresh_ms 500 --refresh_kib 256 --timer 1 --timer_s 60 --watch 1 --substeps 1 --hub_conns 4 --hub_pending 8 --tcp reqresp --threads 4 --selfpipe 1 --eventfd 1 --db_lock flock --shm_mib 4 --log_dgram 1 --render 1 --workdir 1 --child 1 --zombie 1 --sigpend 1 --urandom 1 --tmpunlink 1 --epoll 1 --udp 1 --netlink 1 --unix_listen 1 --mmap_db 1,[all 구성·strict] ok — 이 라인의 자원은 해당 옵션에서 무해
S046all.stri__db_read_p75,S,db_read_p75,strict,none,none,0,normal,resume,--db_mib 8 --index_mib 12 --parse_iters 120000 --refresh_ms 500 --refresh_kib 256 --timer 1 --timer_s 60 --watch 1 --substeps 1 --hub_conns 4 --hub_pending 8 --tcp reqresp --threads 4 --selfpipe 1 --eventfd 1 --db_lock flock --shm_mib 4 --log_dgram 1 --render 1 --workdir 1 --child 1 --zombie 1 --sigpend 1 --urandom 1 --tmpunlink 1 --epoll 1 --udp 1 --netlink 1 --unix_listen 1 --mmap_db 1,[all 구성·strict] ok — 이 라인의 자원은 해당 옵션에서 무해
S046all.stri__db_parse,S,db_parse,strict,none,none,0,normal,resume,--db_mib 8 --index_mib 12 --parse_iters 120000 --refresh_ms 500 --refresh_kib 256 --timer 1 --timer_s 60 --watch 1 --substeps 1 --hub_conns 4 --hub_pending 8 --tcp reqresp --threads 4 --selfpipe 1 --eventfd 1 --db_lock flock --shm_mib 4 --log_dgram 1 --render 1 --workdir 1 --child 1 --zombie 1 --sigpend 1 --urandom 1 --tmpunlink 1 --epoll 1 --udp 1 --netlink 1 --unix_listen 1 --mmap_db 1,[all 구성·strict] ok — 이 라인의 자원은 해당 옵션에서 무해
S046all.stri__db_parse_p25,S,db_parse_p25,strict,none,none,0,normal,resume,--db_mib 8 --index_mib 12 --parse_iters 120000 --refresh_ms 500 --refresh_kib 256 --timer 1 --timer_s 60 --watch 1 --substeps 1 --hub_conns 4 --hub_pending 8 --tcp reqresp --threads 4 --selfpipe 1 --eventfd 1 --db_lock flock --shm_mib 4 --log_dgram 1 --render 1 --workdir 1 --child 1 --zombie 1 --sigpend 1 --urandom 1 --tmpunlink 1 --epoll 1 --udp 1 --netlink 1 --unix_listen 1 --mmap_db 1,[all 구성·strict] ok — 이 라인의 자원은 해당 옵션에서 무해
S046all.stri__db_parse_p50,S,db_parse_p50,strict,none,none,0,normal,resume,--db_mib 8 --index_mib 12 --parse_iters 120000 --refresh_ms 500 --refresh_kib 256 --timer 1 --timer_s 60 --watch 1 --substeps 1 --hub_conns 4 --hub_pending 8 --tcp reqresp --threads 4 --selfpipe 1 --eventfd 1 --db_lock flock --shm_mib 4 --log_dgram 1 --render 1 --workdir 1 --child 1 --zombie 1 --sigpend 1 --urandom 1 --tmpunlink 1 --epoll 1 --udp 1 --netlink 1 --unix_listen 1 --mmap_db 1,[all 구성·strict] ok — 이 라인의 자원은 해당 옵션에서 무해
S046all.stri__db_parse_p75,S,db_parse_p75,strict,none,none,0,normal,resume,--db_mib 8 --index_mib 12 --parse_iters 120000 --refresh_ms 500 --refresh_kib 256 --timer 1 --timer_s 60 --watch 1 --substeps 1 --hub_conns 4 --hub_pending 8 --tcp reqresp --threads 4 --selfpipe 1 --eventfd 1 --db_lock flock --shm_mib 4 --log_dgram 1 --render 1 --workdir 1 --child 1 --zombie 1 --sigpend 1 --urandom 1 --tmpunlink 1 --epoll 1 --udp 1 --netlink 1 --unix_listen 1 --mmap_db 1,[all 구성·strict] ok — 이 라인의 자원은 해당 옵션에서 무해
S046all.stri__epg_index,S,epg_index,strict,none,none,0,normal,resume,--db_mib 8 --index_mib 12 --parse_iters 120000 --refresh_ms 500 --refresh_kib 256 --timer 1 --timer_s 60 --watch 1 --substeps 1 --hub_conns 4 --hub_pending 8 --tcp reqresp --threads 4 --selfpipe 1 --eventfd 1 --db_lock flock --shm_mib 4 --log_dgram 1 --render 1 --workdir 1 --child 1 --zombie 1 --sigpend 1 --urandom 1 --tmpunlink 1 --epoll 1 --udp 1 --netlink 1 --unix_listen 1 --mmap_db 1,[all 구성·strict] ok — 이 라인의 자원은 해당 옵션에서 무해
S046all.stri__epg_index_p25,S,epg_index_p25,strict,none,none,0,normal,resume,--db_mib 8 --index_mib 12 --parse_iters 120000 --refresh_ms 500 --refresh_kib 256 --timer 1 --timer_s 60 --watch 1 --substeps 1 --hub_conns 4 --hub_pending 8 --tcp reqresp --threads 4 --selfpipe 1 --eventfd 1 --db_lock flock --shm_mib 4 --log_dgram 1 --render 1 --workdir 1 --child 1 --zombie 1 --sigpend 1 --urandom 1 --tmpunlink 1 --epoll 1 --udp 1 --netlink 1 --unix_listen 1 --mmap_db 1,[all 구성·strict] ok — 이 라인의 자원은 해당 옵션에서 무해
S046all.stri__epg_index_p50,S,epg_index_p50,strict,none,none,0,normal,resume,--db_mib 8 --index_mib 12 --parse_iters 120000 --refresh_ms 500 --refresh_kib 256 --timer 1 --timer_s 60 --watch 1 --substeps 1 --hub_conns 4 --hub_pending 8 --tcp reqresp --threads 4 --selfpipe 1 --eventfd 1 --db_lock flock --shm_mib 4 --log_dgram 1 --render 1 --workdir 1 --child 1 --zombie 1 --sigpend 1 --urandom 1 --tmpunlink 1 --epoll 1 --udp 1 --netlink 1 --unix_listen 1 --mmap_db 1,[all 구성·strict] ok — 이 라인의 자원은 해당 옵션에서 무해
S046all.stri__epg_index_p75,S,epg_index_p75,strict,none,none,0,normal,resume,--db_mib 8 --index_mib 12 --parse_iters 120000 --refresh_ms 500 --refresh_kib 256 --timer 1 --timer_s 60 --watch 1 --substeps 1 --hub_conns 4 --hub_pending 8 --tcp reqresp --threads 4 --selfpipe 1 --eventfd 1 --db_lock flock --shm_mib 4 --log_dgram 1 --render 1 --workdir 1 --child 1 --zombie 1 --sigpend 1 --urandom 1 --tmpunlink 1 --epoll 1 --udp 1 --netlink 1 --unix_listen 1 --mmap_db 1,[all 구성·strict] ok — 이 라인의 자원은 해당 옵션에서 무해
S046all.stri__epg_text,S,epg_text,strict,none,none,0,normal,resume,--db_mib 8 --index_mib 12 --parse_iters 120000 --refresh_ms 500 --refresh_kib 256 --timer 1 --timer_s 60 --watch 1 --substeps 1 --hub_conns 4 --hub_pending 8 --tcp reqresp --threads 4 --selfpipe 1 --eventfd 1 --db_lock flock --shm_mib 4 --log_dgram 1 --render 1 --workdir 1 --child 1 --zombie 1 --sigpend 1 --urandom 1 --tmpunlink 1 --epoll 1 --udp 1 --netlink 1 --unix_listen 1 --mmap_db 1,[all 구성·strict] ok — 이 라인의 자원은 해당 옵션에서 무해
S046all.stri__epg_reserve,S,epg_reserve,strict,none,none,0,normal,resume,--db_mib 8 --index_mib 12 --parse_iters 120000 --refresh_ms 500 --refresh_kib 256 --timer 1 --timer_s 60 --watch 1 --substeps 1 --hub_conns 4 --hub_pending 8 --tcp reqresp --threads 4 --selfpipe 1 --eventfd 1 --db_lock flock --shm_mib 4 --log_dgram 1 --render 1 --workdir 1 --child 1 --zombie 1 --sigpend 1 --urandom 1 --tmpunlink 1 --epoll 1 --udp 1 --netlink 1 --unix_listen 1 --mmap_db 1,[all 구성·strict] ok — 이 라인의 자원은 해당 옵션에서 무해
S046all.stri__thread1,S,thread1,strict,none,none,0,normal,resume,--db_mib 8 --index_mib 12 --parse_iters 120000 --refresh_ms 500 --refresh_kib 256 --timer 1 --timer_s 60 --watch 1 --substeps 1 --hub_conns 4 --hub_pending 8 --tcp reqresp --threads 4 --selfpipe 1 --eventfd 1 --db_lock flock --shm_mib 4 --log_dgram 1 --render 1 --workdir 1 --child 1 --zombie 1 --sigpend 1 --urandom 1 --tmpunlink 1 --epoll 1 --udp 1 --netlink 1 --unix_listen 1 --mmap_db 1,[all 구성·strict] ok — 이 라인의 자원은 해당 옵션에서 무해
S046all.stri__thread2,S,thread2,strict,none,none,0,normal,resume,--db_mib 8 --index_mib 12 --parse_iters 120000 --refresh_ms 500 --refresh_kib 256 --timer 1 --timer_s 60 --watch 1 --substeps 1 --hub_conns 4 --hub_pending 8 --tcp reqresp --threads 4 --selfpipe 1 --eventfd 1 --db_lock flock --shm_mib 4 --log_dgram 1 --render 1 --workdir 1 --child 1 --zombie 1 --sigpend 1 --urandom 1 --tmpunlink 1 --epoll 1 --udp 1 --netlink 1 --unix_listen 1 --mmap_db 1,[all 구성·strict] ok — 이 라인의 자원은 해당 옵션에서 무해
S046all.stri__thread3,S,thread3,strict,none,none,0,normal,resume,--db_mib 8 --index_mib 12 --parse_iters 120000 --refresh_ms 500 --refresh_kib 256 --timer 1 --timer_s 60 --watch 1 --substeps 1 --hub_conns 4 --hub_pending 8 --tcp reqresp --threads 4 --selfpipe 1 --eventfd 1 --db_lock flock --shm_mib 4 --log_dgram 1 --render 1 --workdir 1 --child 1 --zombie 1 --sigpend 1 --urandom 1 --tmpunlink 1 --epoll 1 --udp 1 --netlink 1 --unix_listen 1 --mmap_db 1,[all 구성·strict] ok — 이 라인의 자원은 해당 옵션에서 무해
S046all.stri__thread4,S,thread4,strict,none,none,0,normal,resume,--db_mib 8 --index_mib 12 --parse_iters 120000 --refresh_ms 500 --refresh_kib 256 --timer 1 --timer_s 60 --watch 1 --substeps 1 --hub_conns 4 --hub_pending 8 --tcp reqresp --threads 4 --selfpipe 1 --eventfd 1 --db_lock flock --shm_mib 4 --log_dgram 1 --render 1 --workdir 1 --child 1 --zombie 1 --sigpend 1 --urandom 1 --tmpunlink 1 --epoll 1 --udp 1 --netlink 1 --unix_listen 1 --mmap_db 1,[all 구성·strict] ok — 이 라인의 자원은 해당 옵션에서 무해
S046all.stri__helper_forked,S,helper_forked,strict,none,none,0,normal,resume,--db_mib 8 --index_mib 12 --parse_iters 120000 --refresh_ms 500 --refresh_kib 256 --timer 1 --timer_s 60 --watch 1 --substeps 1 --hub_conns 4 --hub_pending 8 --tcp reqresp --threads 4 --selfpipe 1 --eventfd 1 --db_lock flock --shm_mib 4 --log_dgram 1 --render 1 --workdir 1 --child 1 --zombie 1 --sigpend 1 --urandom 1 --tmpunlink 1 --epoll 1 --udp 1 --netlink 1 --unix_listen 1 --mmap_db 1,[all 구성·strict] ok — 이 라인의 자원은 해당 옵션에서 무해
S046all.stri__zombie_made,S,zombie_made,strict,none,none,0,normal,resume,--db_mib 8 --index_mib 12 --parse_iters 120000 --refresh_ms 500 --refresh_kib 256 --timer 1 --timer_s 60 --watch 1 --substeps 1 --hub_conns 4 --hub_pending 8 --tcp reqresp --threads 4 --selfpipe 1 --eventfd 1 --db_lock flock --shm_mib 4 --log_dgram 1 --render 1 --workdir 1 --child 1 --zombie 1 --sigpend 1 --urandom 1 --tmpunlink 1 --epoll 1 --udp 1 --netlink 1 --unix_listen 1 --mmap_db 1,[all 구성·strict] ok — 이 라인의 자원은 해당 옵션에서 무해
S046all.stri__selfpipe,S,selfpipe,strict,none,none,0,normal,resume,--db_mib 8 --index_mib 12 --parse_iters 120000 --refresh_ms 500 --refresh_kib 256 --timer 1 --timer_s 60 --watch 1 --substeps 1 --hub_conns 4 --hub_pending 8 --tcp reqresp --threads 4 --selfpipe 1 --eventfd 1 --db_lock flock --shm_mib 4 --log_dgram 1 --render 1 --workdir 1 --child 1 --zombie 1 --sigpend 1 --urandom 1 --tmpunlink 1 --epoll 1 --udp 1 --netlink 1 --unix_listen 1 --mmap_db 1,[all 구성·strict] ok — 이 라인의 자원은 해당 옵션에서 무해
S046all.stri__eventfd_open,S,eventfd_open,strict,none,none,0,normal,resume,--db_mib 8 --index_mib 12 --parse_iters 120000 --refresh_ms 500 --refresh_kib 256 --timer 1 --timer_s 60 --watch 1 --substeps 1 --hub_conns 4 --hub_pending 8 --tcp reqresp --threads 4 --selfpipe 1 --eventfd 1 --db_lock flock --shm_mib 4 --log_dgram 1 --render 1 --workdir 1 --child 1 --zombie 1 --sigpend 1 --urandom 1 --tmpunlink 1 --epoll 1 --udp 1 --netlink 1 --unix_listen 1 --mmap_db 1,[all 구성·strict] ok — 이 라인의 자원은 해당 옵션에서 무해
S046all.stri__shm_map,S,shm_map,strict,none,none,0,normal,resume,--db_mib 8 --index_mib 12 --parse_iters 120000 --refresh_ms 500 --refresh_kib 256 --timer 1 --timer_s 60 --watch 1 --substeps 1 --hub_conns 4 --hub_pending 8 --tcp reqresp --threads 4 --selfpipe 1 --eventfd 1 --db_lock flock --shm_mib 4 --log_dgram 1 --render 1 --workdir 1 --child 1 --zombie 1 --sigpend 1 --urandom 1 --tmpunlink 1 --epoll 1 --udp 1 --netlink 1 --unix_listen 1 --mmap_db 1,[all 구성·strict] ok — 이 라인의 자원은 해당 옵션에서 무해
S046all.stri__workdir,S,workdir,strict,none,none,0,normal,resume,--db_mib 8 --index_mib 12 --parse_iters 120000 --refresh_ms 500 --refresh_kib 256 --timer 1 --timer_s 60 --watch 1 --substeps 1 --hub_conns 4 --hub_pending 8 --tcp reqresp --threads 4 --selfpipe 1 --eventfd 1 --db_lock flock --shm_mib 4 --log_dgram 1 --render 1 --workdir 1 --child 1 --zombie 1 --sigpend 1 --urandom 1 --tmpunlink 1 --epoll 1 --udp 1 --netlink 1 --unix_listen 1 --mmap_db 1,[all 구성·strict] ok — 이 라인의 자원은 해당 옵션에서 무해
S046all.stri__tmp_journal,S,tmp_journal,strict,none,none,0,normal,resume,--db_mib 8 --index_mib 12 --parse_iters 120000 --refresh_ms 500 --refresh_kib 256 --timer 1 --timer_s 60 --watch 1 --substeps 1 --hub_conns 4 --hub_pending 8 --tcp reqresp --threads 4 --selfpipe 1 --eventfd 1 --db_lock flock --shm_mib 4 --log_dgram 1 --render 1 --workdir 1 --child 1 --zombie 1 --sigpend 1 --urandom 1 --tmpunlink 1 --epoll 1 --udp 1 --netlink 1 --unix_listen 1 --mmap_db 1,[all 구성·strict] ok — 이 라인의 자원은 해당 옵션에서 무해
S046all.stri__hub_conn1,S,hub_conn1,strict,none,none,0,normal,resume,--db_mib 8 --index_mib 12 --parse_iters 120000 --refresh_ms 500 --refresh_kib 256 --timer 1 --timer_s 60 --watch 1 --substeps 1 --hub_conns 4 --hub_pending 8 --tcp reqresp --threads 4 --selfpipe 1 --eventfd 1 --db_lock flock --shm_mib 4 --log_dgram 1 --render 1 --workdir 1 --child 1 --zombie 1 --sigpend 1 --urandom 1 --tmpunlink 1 --epoll 1 --udp 1 --netlink 1 --unix_listen 1 --mmap_db 1,"[all 구성·strict] dump_fail — hub established는 옵션 불가 (경계선 2, 처방만이 답)"
S046all.stri__hub_conn2,S,hub_conn2,strict,none,none,0,normal,resume,--db_mib 8 --index_mib 12 --parse_iters 120000 --refresh_ms 500 --refresh_kib 256 --timer 1 --timer_s 60 --watch 1 --substeps 1 --hub_conns 4 --hub_pending 8 --tcp reqresp --threads 4 --selfpipe 1 --eventfd 1 --db_lock flock --shm_mib 4 --log_dgram 1 --render 1 --workdir 1 --child 1 --zombie 1 --sigpend 1 --urandom 1 --tmpunlink 1 --epoll 1 --udp 1 --netlink 1 --unix_listen 1 --mmap_db 1,"[all 구성·strict] dump_fail — hub established는 옵션 불가 (경계선 2, 처방만이 답)"
S046all.stri__hub_conn3,S,hub_conn3,strict,none,none,0,normal,resume,--db_mib 8 --index_mib 12 --parse_iters 120000 --refresh_ms 500 --refresh_kib 256 --timer 1 --timer_s 60 --watch 1 --substeps 1 --hub_conns 4 --hub_pending 8 --tcp reqresp --threads 4 --selfpipe 1 --eventfd 1 --db_lock flock --shm_mib 4 --log_dgram 1 --render 1 --workdir 1 --child 1 --zombie 1 --sigpend 1 --urandom 1 --tmpunlink 1 --epoll 1 --udp 1 --netlink 1 --unix_listen 1 --mmap_db 1,"[all 구성·strict] dump_fail — hub established는 옵션 불가 (경계선 2, 처방만이 답)"
S046all.stri__hub_conn4,S,hub_conn4,strict,none,none,0,normal,resume,--db_mib 8 --index_mib 12 --parse_iters 120000 --refresh_ms 500 --refresh_kib 256 --timer 1 --timer_s 60 --watch 1 --substeps 1 --hub_conns 4 --hub_pending 8 --tcp reqresp --threads 4 --selfpipe 1 --eventfd 1 --db_lock flock --shm_mib 4 --log_dgram 1 --render 1 --workdir 1 --child 1 --zombie 1 --sigpend 1 --urandom 1 --tmpunlink 1 --epoll 1 --udp 1 --netlink 1 --unix_listen 1 --mmap_db 1,"[all 구성·strict] dump_fail — hub established는 옵션 불가 (경계선 2, 처방만이 답)"
S046all.stri__hub_subscribed,S,hub_subscribed,strict,none,none,0,normal,resume,--db_mib 8 --index_mib 12 --parse_iters 120000 --refresh_ms 500 --refresh_kib 256 --timer 1 --timer_s 60 --watch 1 --substeps 1 --hub_conns 4 --hub_pending 8 --tcp reqresp --threads 4 --selfpipe 1 --eventfd 1 --db_lock flock --shm_mib 4 --log_dgram 1 --render 1 --workdir 1 --child 1 --zombie 1 --sigpend 1 --urandom 1 --tmpunlink 1 --epoll 1 --udp 1 --netlink 1 --unix_listen 1 --mmap_db 1,"[all 구성·strict] dump_fail — hub established는 옵션 불가 (경계선 2, 처방만이 답)"
S046all.stri__render_conn,S,render_conn,strict,none,none,0,normal,resume,--db_mib 8 --index_mib 12 --parse_iters 120000 --refresh_ms 500 --refresh_kib 256 --timer 1 --timer_s 60 --watch 1 --substeps 1 --hub_conns 4 --hub_pending 8 --tcp reqresp --threads 4 --selfpipe 1 --eventfd 1 --db_lock flock --shm_mib 4 --log_dgram 1 --render 1 --workdir 1 --child 1 --zombie 1 --sigpend 1 --urandom 1 --tmpunlink 1 --epoll 1 --udp 1 --netlink 1 --unix_listen 1 --mmap_db 1,"[all 구성·strict] dump_fail — hub established는 옵션 불가 (경계선 2, 처방만이 답)"
S046all.stri__tcp_conn,S,tcp_conn,strict,none,none,0,normal,resume,--db_mib 8 --index_mib 12 --parse_iters 120000 --refresh_ms 500 --refresh_kib 256 --timer 1 --timer_s 60 --watch 1 --substeps 1 --hub_conns 4 --hub_pending 8 --tcp reqresp --threads 4 --selfpipe 1 --eventfd 1 --db_lock flock --shm_mib 4 --log_dgram 1 --render 1 --workdir 1 --child 1 --zombie 1 --sigpend 1 --urandom 1 --tmpunlink 1 --epoll 1 --udp 1 --netlink 1 --unix_listen 1 --mmap_db 1,"[all 구성·strict] dump_fail — hub established는 옵션 불가 (경계선 2, 처방만이 답)"
S046all.stri__epoll_open,S,epoll_open,strict,none,none,0,normal,resume,--db_mib 8 --index_mib 12 --parse_iters 120000 --refresh_ms 500 --refresh_kib 256 --timer 1 --timer_s 60 --watch 1 --substeps 1 --hub_conns 4 --hub_pending 8 --tcp reqresp --threads 4 --selfpipe 1 --eventfd 1 --db_lock flock --shm_mib 4 --log_dgram 1 --render 1 --workdir 1 --child 1 --zombie 1 --sigpend 1 --urandom 1 --tmpunlink 1 --epoll 1 --udp 1 --netlink 1 --unix_listen 1 --mmap_db 1,"[all 구성·strict] dump_fail — hub established는 옵션 불가 (경계선 2, 처방만이 답)"
S046all.stri__svc_listen,S,svc_listen,strict,none,none,0,normal,resume,--db_mib 8 --index_mib 12 --parse_iters 120000 --refresh_ms 500 --refresh_kib 256 --timer 1 --timer_s 60 --watch 1 --substeps 1 --hub_conns 4 --hub_pending 8 --tcp reqresp --threads 4 --selfpipe 1 --eventfd 1 --db_lock flock --shm_mib 4 --log_dgram 1 --render 1 --workdir 1 --child 1 --zombie 1 --sigpend 1 --urandom 1 --tmpunlink 1 --epoll 1 --udp 1 --netlink 1 --unix_listen 1 --mmap_db 1,"[all 구성·strict] dump_fail — hub established는 옵션 불가 (경계선 2, 처방만이 답)"
S046all.stri__udp_open,S,udp_open,strict,none,none,0,normal,resume,--db_mib 8 --index_mib 12 --parse_iters 120000 --refresh_ms 500 --refresh_kib 256 --timer 1 --timer_s 60 --watch 1 --substeps 1 --hub_conns 4 --hub_pending 8 --tcp reqresp --threads 4 --selfpipe 1 --eventfd 1 --db_lock flock --shm_mib 4 --log_dgram 1 --render 1 --workdir 1 --child 1 --zombie 1 --sigpend 1 --urandom 1 --tmpunlink 1 --epoll 1 --udp 1 --netlink 1 --unix_listen 1 --mmap_db 1,"[all 구성·strict] dump_fail — hub established는 옵션 불가 (경계선 2, 처방만이 답)"
S046all.stri__netlink_open,S,netlink_open,strict,none,none,0,normal,resume,--db_mib 8 --index_mib 12 --parse_iters 120000 --refresh_ms 500 --refresh_kib 256 --timer 1 --timer_s 60 --watch 1 --substeps 1 --hub_conns 4 --hub_pending 8 --tcp reqresp --threads 4 --selfpipe 1 --eventfd 1 --db_lock flock --shm_mib 4 --log_dgram 1 --render 1 --workdir 1 --child 1 --zombie 1 --sigpend 1 --urandom 1 --tmpunlink 1 --epoll 1 --udp 1 --netlink 1 --unix_listen 1 --mmap_db 1,"[all 구성·strict] dump_fail — hub established는 옵션 불가 (경계선 2, 처방만이 답)"
S046all.stri__timer_armed,S,timer_armed,strict,none,none,0,normal,resume,--db_mib 8 --index_mib 12 --parse_iters 120000 --refresh_ms 500 --refresh_kib 256 --timer 1 --timer_s 60 --watch 1 --substeps 1 --hub_conns 4 --hub_pending 8 --tcp reqresp --threads 4 --selfpipe 1 --eventfd 1 --db_lock flock --shm_mib 4 --log_dgram 1 --render 1 --workdir 1 --child 1 --zombie 1 --sigpend 1 --urandom 1 --tmpunlink 1 --epoll 1 --udp 1 --netlink 1 --unix_listen 1 --mmap_db 1,"[all 구성·strict] dump_fail — hub established는 옵션 불가 (경계선 2, 처방만이 답)"
S046all.stri__db_watch,S,db_watch,strict,none,none,0,normal,resume,--db_mib 8 --index_mib 12 --parse_iters 120000 --refresh_ms 500 --refresh_kib 256 --timer 1 --timer_s 60 --watch 1 --substeps 1 --hub_conns 4 --hub_pending 8 --tcp reqresp --threads 4 --selfpipe 1 --eventfd 1 --db_lock flock --shm_mib 4 --log_dgram 1 --render 1 --workdir 1 --child 1 --zombie 1 --sigpend 1 --urandom 1 --tmpunlink 1 --epoll 1 --udp 1 --netlink 1 --unix_listen 1 --mmap_db 1,"[all 구성·strict] dump_fail — hub established는 옵션 불가 (경계선 2, 처방만이 답)"
S046all.stri__db_mmap,S,db_mmap,strict,none,none,0,normal,resume,--db_mib 8 --index_mib 12 --parse_iters 120000 --refresh_ms 500 --refresh_kib 256 --timer 1 --timer_s 60 --watch 1 --substeps 1 --hub_conns 4 --hub_pending 8 --tcp reqresp --threads 4 --selfpipe 1 --eventfd 1 --db_lock flock --shm_mib 4 --log_dgram 1 --render 1 --workdir 1 --child 1 --zombie 1 --sigpend 1 --urandom 1 --tmpunlink 1 --epoll 1 --udp 1 --netlink 1 --unix_listen 1 --mmap_db 1,"[all 구성·strict] dump_fail — hub established는 옵션 불가 (경계선 2, 처방만이 답)"
S046all.stri__ready,S,ready,strict,none,none,0,normal,"pong,stat",--db_mib 8 --index_mib 12 --parse_iters 120000 --refresh_ms 500 --refresh_kib 256 --timer 1 --timer_s 60 --watch 1 --substeps 1 --hub_conns 4 --hub_pending 8 --tcp reqresp --threads 4 --selfpipe 1 --eventfd 1 --db_lock flock --shm_mib 4 --log_dgram 1 --render 1 --workdir 1 --child 1 --zombie 1 --sigpend 1 --urandom 1 --tmpunlink 1 --epoll 1 --udp 1 --netlink 1 --unix_listen 1 --mmap_db 1,"[all 구성·strict] dump_fail — hub established는 옵션 불가 (경계선 2, 처방만이 답)"
S046all.stri__steady,S,steady,strict,none,none,0,normal,"pong,stat",--db_mib 8 --index_mib 12 --parse_iters 120000 --refresh_ms 500 --refresh_kib 256 --timer 1 --timer_s 60 --watch 1 --substeps 1 --hub_conns 4 --hub_pending 8 --tcp reqresp --threads 4 --selfpipe 1 --eventfd 1 --db_lock flock --shm_mib 4 --log_dgram 1 --render 1 --workdir 1 --child 1 --zombie 1 --sigpend 1 --urandom 1 --tmpunlink 1 --epoll 1 --udp 1 --netlink 1 --unix_listen 1 --mmap_db 1,"[all 구성·strict] dump_fail — hub established는 옵션 불가 (경계선 2, 처방만이 답)"
S047all.ext___init,S,init,ext_unix,none,none,0,normal,resume,--db_mib 8 --index_mib 12 --parse_iters 120000 --refresh_ms 500 --refresh_kib 256 --timer 1 --timer_s 60 --watch 1 --substeps 1 --hub_conns 4 --hub_pending 8 --tcp reqresp --threads 4 --selfpipe 1 --eventfd 1 --db_lock flock --shm_mib 4 --log_dgram 1 --render 1 --workdir 1 --child 1 --zombie 1 --sigpend 1 --urandom 1 --tmpunlink 1 --epoll 1 --udp 1 --netlink 1 --unix_listen 1 --mmap_db 1,[all 구성·ext_unix] ok — 이 라인의 자원은 해당 옵션에서 무해
S047all.ext___sig_pending,S,sig_pending,ext_unix,none,none,0,normal,resume,--db_mib 8 --index_mib 12 --parse_iters 120000 --refresh_ms 500 --refresh_kib 256 --timer 1 --timer_s 60 --watch 1 --substeps 1 --hub_conns 4 --hub_pending 8 --tcp reqresp --threads 4 --selfpipe 1 --eventfd 1 --db_lock flock --shm_mib 4 --log_dgram 1 --render 1 --workdir 1 --child 1 --zombie 1 --sigpend 1 --urandom 1 --tmpunlink 1 --epoll 1 --udp 1 --netlink 1 --unix_listen 1 --mmap_db 1,[all 구성·ext_unix] ok — 이 라인의 자원은 해당 옵션에서 무해
S047all.ext___dev_urandom,S,dev_urandom,ext_unix,none,none,0,normal,resume,--db_mib 8 --index_mib 12 --parse_iters 120000 --refresh_ms 500 --refresh_kib 256 --timer 1 --timer_s 60 --watch 1 --substeps 1 --hub_conns 4 --hub_pending 8 --tcp reqresp --threads 4 --selfpipe 1 --eventfd 1 --db_lock flock --shm_mib 4 --log_dgram 1 --render 1 --workdir 1 --child 1 --zombie 1 --sigpend 1 --urandom 1 --tmpunlink 1 --epoll 1 --udp 1 --netlink 1 --unix_listen 1 --mmap_db 1,[all 구성·ext_unix] ok — 이 라인의 자원은 해당 옵션에서 무해
S047all.ext___log_open,S,log_open,ext_unix,none,none,0,normal,resume,--db_mib 8 --index_mib 12 --parse_iters 120000 --refresh_ms 500 --refresh_kib 256 --timer 1 --timer_s 60 --watch 1 --substeps 1 --hub_conns 4 --hub_pending 8 --tcp reqresp --threads 4 --selfpipe 1 --eventfd 1 --db_lock flock --shm_mib 4 --log_dgram 1 --render 1 --workdir 1 --child 1 --zombie 1 --sigpend 1 --urandom 1 --tmpunlink 1 --epoll 1 --udp 1 --netlink 1 --unix_listen 1 --mmap_db 1,[all 구성·ext_unix] ok — 이 라인의 자원은 해당 옵션에서 무해
S047all.ext___db_open,S,db_open,ext_unix,none,none,0,normal,resume,--db_mib 8 --index_mib 12 --parse_iters 120000 --refresh_ms 500 --refresh_kib 256 --timer 1 --timer_s 60 --watch 1 --substeps 1 --hub_conns 4 --hub_pending 8 --tcp reqresp --threads 4 --selfpipe 1 --eventfd 1 --db_lock flock --shm_mib 4 --log_dgram 1 --render 1 --workdir 1 --child 1 --zombie 1 --sigpend 1 --urandom 1 --tmpunlink 1 --epoll 1 --udp 1 --netlink 1 --unix_listen 1 --mmap_db 1,[all 구성·ext_unix] ok — 이 라인의 자원은 해당 옵션에서 무해
S047all.ext___db_lock,S,db_lock,ext_unix,none,none,0,normal,resume,--db_mib 8 --index_mib 12 --parse_iters 120000 --refresh_ms 500 --refresh_kib 256 --timer 1 --timer_s 60 --watch 1 --substeps 1 --hub_conns 4 --hub_pending 8 --tcp reqresp --threads 4 --selfpipe 1 --eventfd 1 --db_lock flock --shm_mib 4 --log_dgram 1 --render 1 --workdir 1 --child 1 --zombie 1 --sigpend 1 --urandom 1 --tmpunlink 1 --epoll 1 --udp 1 --netlink 1 --unix_listen 1 --mmap_db 1,[all 구성·ext_unix] ok — 이 라인의 자원은 해당 옵션에서 무해
S047all.ext___db_read_p25,S,db_read_p25,ext_unix,none,none,0,normal,resume,--db_mib 8 --index_mib 12 --parse_iters 120000 --refresh_ms 500 --refresh_kib 256 --timer 1 --timer_s 60 --watch 1 --substeps 1 --hub_conns 4 --hub_pending 8 --tcp reqresp --threads 4 --selfpipe 1 --eventfd 1 --db_lock flock --shm_mib 4 --log_dgram 1 --render 1 --workdir 1 --child 1 --zombie 1 --sigpend 1 --urandom 1 --tmpunlink 1 --epoll 1 --udp 1 --netlink 1 --unix_listen 1 --mmap_db 1,[all 구성·ext_unix] ok — 이 라인의 자원은 해당 옵션에서 무해
S047all.ext___db_read_p50,S,db_read_p50,ext_unix,none,none,0,normal,resume,--db_mib 8 --index_mib 12 --parse_iters 120000 --refresh_ms 500 --refresh_kib 256 --timer 1 --timer_s 60 --watch 1 --substeps 1 --hub_conns 4 --hub_pending 8 --tcp reqresp --threads 4 --selfpipe 1 --eventfd 1 --db_lock flock --shm_mib 4 --log_dgram 1 --render 1 --workdir 1 --child 1 --zombie 1 --sigpend 1 --urandom 1 --tmpunlink 1 --epoll 1 --udp 1 --netlink 1 --unix_listen 1 --mmap_db 1,[all 구성·ext_unix] ok — 이 라인의 자원은 해당 옵션에서 무해
S047all.ext___db_read_p75,S,db_read_p75,ext_unix,none,none,0,normal,resume,--db_mib 8 --index_mib 12 --parse_iters 120000 --refresh_ms 500 --refresh_kib 256 --timer 1 --timer_s 60 --watch 1 --substeps 1 --hub_conns 4 --hub_pending 8 --tcp reqresp --threads 4 --selfpipe 1 --eventfd 1 --db_lock flock --shm_mib 4 --log_dgram 1 --render 1 --workdir 1 --child 1 --zombie 1 --sigpend 1 --urandom 1 --tmpunlink 1 --epoll 1 --udp 1 --netlink 1 --unix_listen 1 --mmap_db 1,[all 구성·ext_unix] ok — 이 라인의 자원은 해당 옵션에서 무해
S047all.ext___db_parse,S,db_parse,ext_unix,none,none,0,normal,resume,--db_mib 8 --index_mib 12 --parse_iters 120000 --refresh_ms 500 --refresh_kib 256 --timer 1 --timer_s 60 --watch 1 --substeps 1 --hub_conns 4 --hub_pending 8 --tcp reqresp --threads 4 --selfpipe 1 --eventfd 1 --db_lock flock --shm_mib 4 --log_dgram 1 --render 1 --workdir 1 --child 1 --zombie 1 --sigpend 1 --urandom 1 --tmpunlink 1 --epoll 1 --udp 1 --netlink 1 --unix_listen 1 --mmap_db 1,[all 구성·ext_unix] ok — 이 라인의 자원은 해당 옵션에서 무해
S047all.ext___db_parse_p25,S,db_parse_p25,ext_unix,none,none,0,normal,resume,--db_mib 8 --index_mib 12 --parse_iters 120000 --refresh_ms 500 --refresh_kib 256 --timer 1 --timer_s 60 --watch 1 --substeps 1 --hub_conns 4 --hub_pending 8 --tcp reqresp --threads 4 --selfpipe 1 --eventfd 1 --db_lock flock --shm_mib 4 --log_dgram 1 --render 1 --workdir 1 --child 1 --zombie 1 --sigpend 1 --urandom 1 --tmpunlink 1 --epoll 1 --udp 1 --netlink 1 --unix_listen 1 --mmap_db 1,[all 구성·ext_unix] ok — 이 라인의 자원은 해당 옵션에서 무해
S047all.ext___db_parse_p50,S,db_parse_p50,ext_unix,none,none,0,normal,resume,--db_mib 8 --index_mib 12 --parse_iters 120000 --refresh_ms 500 --refresh_kib 256 --timer 1 --timer_s 60 --watch 1 --substeps 1 --hub_conns 4 --hub_pending 8 --tcp reqresp --threads 4 --selfpipe 1 --eventfd 1 --db_lock flock --shm_mib 4 --log_dgram 1 --render 1 --workdir 1 --child 1 --zombie 1 --sigpend 1 --urandom 1 --tmpunlink 1 --epoll 1 --udp 1 --netlink 1 --unix_listen 1 --mmap_db 1,[all 구성·ext_unix] ok — 이 라인의 자원은 해당 옵션에서 무해
S047all.ext___db_parse_p75,S,db_parse_p75,ext_unix,none,none,0,normal,resume,--db_mib 8 --index_mib 12 --parse_iters 120000 --refresh_ms 500 --refresh_kib 256 --timer 1 --timer_s 60 --watch 1 --substeps 1 --hub_conns 4 --hub_pending 8 --tcp reqresp --threads 4 --selfpipe 1 --eventfd 1 --db_lock flock --shm_mib 4 --log_dgram 1 --render 1 --workdir 1 --child 1 --zombie 1 --sigpend 1 --urandom 1 --tmpunlink 1 --epoll 1 --udp 1 --netlink 1 --unix_listen 1 --mmap_db 1,[all 구성·ext_unix] ok — 이 라인의 자원은 해당 옵션에서 무해
S047all.ext___epg_index,S,epg_index,ext_unix,none,none,0,normal,resume,--db_mib 8 --index_mib 12 --parse_iters 120000 --refresh_ms 500 --refresh_kib 256 --timer 1 --timer_s 60 --watch 1 --substeps 1 --hub_conns 4 --hub_pending 8 --tcp reqresp --threads 4 --selfpipe 1 --eventfd 1 --db_lock flock --shm_mib 4 --log_dgram 1 --render 1 --workdir 1 --child 1 --zombie 1 --sigpend 1 --urandom 1 --tmpunlink 1 --epoll 1 --udp 1 --netlink 1 --unix_listen 1 --mmap_db 1,[all 구성·ext_unix] ok — 이 라인의 자원은 해당 옵션에서 무해
S047all.ext___epg_index_p25,S,epg_index_p25,ext_unix,none,none,0,normal,resume,--db_mib 8 --index_mib 12 --parse_iters 120000 --refresh_ms 500 --refresh_kib 256 --timer 1 --timer_s 60 --watch 1 --substeps 1 --hub_conns 4 --hub_pending 8 --tcp reqresp --threads 4 --selfpipe 1 --eventfd 1 --db_lock flock --shm_mib 4 --log_dgram 1 --render 1 --workdir 1 --child 1 --zombie 1 --sigpend 1 --urandom 1 --tmpunlink 1 --epoll 1 --udp 1 --netlink 1 --unix_listen 1 --mmap_db 1,[all 구성·ext_unix] ok — 이 라인의 자원은 해당 옵션에서 무해
S047all.ext___epg_index_p50,S,epg_index_p50,ext_unix,none,none,0,normal,resume,--db_mib 8 --index_mib 12 --parse_iters 120000 --refresh_ms 500 --refresh_kib 256 --timer 1 --timer_s 60 --watch 1 --substeps 1 --hub_conns 4 --hub_pending 8 --tcp reqresp --threads 4 --selfpipe 1 --eventfd 1 --db_lock flock --shm_mib 4 --log_dgram 1 --render 1 --workdir 1 --child 1 --zombie 1 --sigpend 1 --urandom 1 --tmpunlink 1 --epoll 1 --udp 1 --netlink 1 --unix_listen 1 --mmap_db 1,[all 구성·ext_unix] ok — 이 라인의 자원은 해당 옵션에서 무해
S047all.ext___epg_index_p75,S,epg_index_p75,ext_unix,none,none,0,normal,resume,--db_mib 8 --index_mib 12 --parse_iters 120000 --refresh_ms 500 --refresh_kib 256 --timer 1 --timer_s 60 --watch 1 --substeps 1 --hub_conns 4 --hub_pending 8 --tcp reqresp --threads 4 --selfpipe 1 --eventfd 1 --db_lock flock --shm_mib 4 --log_dgram 1 --render 1 --workdir 1 --child 1 --zombie 1 --sigpend 1 --urandom 1 --tmpunlink 1 --epoll 1 --udp 1 --netlink 1 --unix_listen 1 --mmap_db 1,[all 구성·ext_unix] ok — 이 라인의 자원은 해당 옵션에서 무해
S047all.ext___epg_text,S,epg_text,ext_unix,none,none,0,normal,resume,--db_mib 8 --index_mib 12 --parse_iters 120000 --refresh_ms 500 --refresh_kib 256 --timer 1 --timer_s 60 --watch 1 --substeps 1 --hub_conns 4 --hub_pending 8 --tcp reqresp --threads 4 --selfpipe 1 --eventfd 1 --db_lock flock --shm_mib 4 --log_dgram 1 --render 1 --workdir 1 --child 1 --zombie 1 --sigpend 1 --urandom 1 --tmpunlink 1 --epoll 1 --udp 1 --netlink 1 --unix_listen 1 --mmap_db 1,[all 구성·ext_unix] ok — 이 라인의 자원은 해당 옵션에서 무해
S047all.ext___epg_reserve,S,epg_reserve,ext_unix,none,none,0,normal,resume,--db_mib 8 --index_mib 12 --parse_iters 120000 --refresh_ms 500 --refresh_kib 256 --timer 1 --timer_s 60 --watch 1 --substeps 1 --hub_conns 4 --hub_pending 8 --tcp reqresp --threads 4 --selfpipe 1 --eventfd 1 --db_lock flock --shm_mib 4 --log_dgram 1 --render 1 --workdir 1 --child 1 --zombie 1 --sigpend 1 --urandom 1 --tmpunlink 1 --epoll 1 --udp 1 --netlink 1 --unix_listen 1 --mmap_db 1,[all 구성·ext_unix] ok — 이 라인의 자원은 해당 옵션에서 무해
S047all.ext___thread1,S,thread1,ext_unix,none,none,0,normal,resume,--db_mib 8 --index_mib 12 --parse_iters 120000 --refresh_ms 500 --refresh_kib 256 --timer 1 --timer_s 60 --watch 1 --substeps 1 --hub_conns 4 --hub_pending 8 --tcp reqresp --threads 4 --selfpipe 1 --eventfd 1 --db_lock flock --shm_mib 4 --log_dgram 1 --render 1 --workdir 1 --child 1 --zombie 1 --sigpend 1 --urandom 1 --tmpunlink 1 --epoll 1 --udp 1 --netlink 1 --unix_listen 1 --mmap_db 1,[all 구성·ext_unix] ok — 이 라인의 자원은 해당 옵션에서 무해
S047all.ext___thread2,S,thread2,ext_unix,none,none,0,normal,resume,--db_mib 8 --index_mib 12 --parse_iters 120000 --refresh_ms 500 --refresh_kib 256 --timer 1 --timer_s 60 --watch 1 --substeps 1 --hub_conns 4 --hub_pending 8 --tcp reqresp --threads 4 --selfpipe 1 --eventfd 1 --db_lock flock --shm_mib 4 --log_dgram 1 --render 1 --workdir 1 --child 1 --zombie 1 --sigpend 1 --urandom 1 --tmpunlink 1 --epoll 1 --udp 1 --netlink 1 --unix_listen 1 --mmap_db 1,[all 구성·ext_unix] ok — 이 라인의 자원은 해당 옵션에서 무해
S047all.ext___thread3,S,thread3,ext_unix,none,none,0,normal,resume,--db_mib 8 --index_mib 12 --parse_iters 120000 --refresh_ms 500 --refresh_kib 256 --timer 1 --timer_s 60 --watch 1 --substeps 1 --hub_conns 4 --hub_pending 8 --tcp reqresp --threads 4 --selfpipe 1 --eventfd 1 --db_lock flock --shm_mib 4 --log_dgram 1 --render 1 --workdir 1 --child 1 --zombie 1 --sigpend 1 --urandom 1 --tmpunlink 1 --epoll 1 --udp 1 --netlink 1 --unix_listen 1 --mmap_db 1,[all 구성·ext_unix] ok — 이 라인의 자원은 해당 옵션에서 무해
S047all.ext___thread4,S,thread4,ext_unix,none,none,0,normal,resume,--db_mib 8 --index_mib 12 --parse_iters 120000 --refresh_ms 500 --refresh_kib 256 --timer 1 --timer_s 60 --watch 1 --substeps 1 --hub_conns 4 --hub_pending 8 --tcp reqresp --threads 4 --selfpipe 1 --eventfd 1 --db_lock flock --shm_mib 4 --log_dgram 1 --render 1 --workdir 1 --child 1 --zombie 1 --sigpend 1 --urandom 1 --tmpunlink 1 --epoll 1 --udp 1 --netlink 1 --unix_listen 1 --mmap_db 1,[all 구성·ext_unix] ok — 이 라인의 자원은 해당 옵션에서 무해
S047all.ext___helper_forked,S,helper_forked,ext_unix,none,none,0,normal,resume,--db_mib 8 --index_mib 12 --parse_iters 120000 --refresh_ms 500 --refresh_kib 256 --timer 1 --timer_s 60 --watch 1 --substeps 1 --hub_conns 4 --hub_pending 8 --tcp reqresp --threads 4 --selfpipe 1 --eventfd 1 --db_lock flock --shm_mib 4 --log_dgram 1 --render 1 --workdir 1 --child 1 --zombie 1 --sigpend 1 --urandom 1 --tmpunlink 1 --epoll 1 --udp 1 --netlink 1 --unix_listen 1 --mmap_db 1,[all 구성·ext_unix] ok — 이 라인의 자원은 해당 옵션에서 무해
S047all.ext___zombie_made,S,zombie_made,ext_unix,none,none,0,normal,resume,--db_mib 8 --index_mib 12 --parse_iters 120000 --refresh_ms 500 --refresh_kib 256 --timer 1 --timer_s 60 --watch 1 --substeps 1 --hub_conns 4 --hub_pending 8 --tcp reqresp --threads 4 --selfpipe 1 --eventfd 1 --db_lock flock --shm_mib 4 --log_dgram 1 --render 1 --workdir 1 --child 1 --zombie 1 --sigpend 1 --urandom 1 --tmpunlink 1 --epoll 1 --udp 1 --netlink 1 --unix_listen 1 --mmap_db 1,[all 구성·ext_unix] ok — 이 라인의 자원은 해당 옵션에서 무해
S047all.ext___selfpipe,S,selfpipe,ext_unix,none,none,0,normal,resume,--db_mib 8 --index_mib 12 --parse_iters 120000 --refresh_ms 500 --refresh_kib 256 --timer 1 --timer_s 60 --watch 1 --substeps 1 --hub_conns 4 --hub_pending 8 --tcp reqresp --threads 4 --selfpipe 1 --eventfd 1 --db_lock flock --shm_mib 4 --log_dgram 1 --render 1 --workdir 1 --child 1 --zombie 1 --sigpend 1 --urandom 1 --tmpunlink 1 --epoll 1 --udp 1 --netlink 1 --unix_listen 1 --mmap_db 1,[all 구성·ext_unix] ok — 이 라인의 자원은 해당 옵션에서 무해
S047all.ext___eventfd_open,S,eventfd_open,ext_unix,none,none,0,normal,resume,--db_mib 8 --index_mib 12 --parse_iters 120000 --refresh_ms 500 --refresh_kib 256 --timer 1 --timer_s 60 --watch 1 --substeps 1 --hub_conns 4 --hub_pending 8 --tcp reqresp --threads 4 --selfpipe 1 --eventfd 1 --db_lock flock --shm_mib 4 --log_dgram 1 --render 1 --workdir 1 --child 1 --zombie 1 --sigpend 1 --urandom 1 --tmpunlink 1 --epoll 1 --udp 1 --netlink 1 --unix_listen 1 --mmap_db 1,[all 구성·ext_unix] ok — 이 라인의 자원은 해당 옵션에서 무해
S047all.ext___shm_map,S,shm_map,ext_unix,none,none,0,normal,resume,--db_mib 8 --index_mib 12 --parse_iters 120000 --refresh_ms 500 --refresh_kib 256 --timer 1 --timer_s 60 --watch 1 --substeps 1 --hub_conns 4 --hub_pending 8 --tcp reqresp --threads 4 --selfpipe 1 --eventfd 1 --db_lock flock --shm_mib 4 --log_dgram 1 --render 1 --workdir 1 --child 1 --zombie 1 --sigpend 1 --urandom 1 --tmpunlink 1 --epoll 1 --udp 1 --netlink 1 --unix_listen 1 --mmap_db 1,[all 구성·ext_unix] ok — 이 라인의 자원은 해당 옵션에서 무해
S047all.ext___workdir,S,workdir,ext_unix,none,none,0,normal,resume,--db_mib 8 --index_mib 12 --parse_iters 120000 --refresh_ms 500 --refresh_kib 256 --timer 1 --timer_s 60 --watch 1 --substeps 1 --hub_conns 4 --hub_pending 8 --tcp reqresp --threads 4 --selfpipe 1 --eventfd 1 --db_lock flock --shm_mib 4 --log_dgram 1 --render 1 --workdir 1 --child 1 --zombie 1 --sigpend 1 --urandom 1 --tmpunlink 1 --epoll 1 --udp 1 --netlink 1 --unix_listen 1 --mmap_db 1,[all 구성·ext_unix] ok — 이 라인의 자원은 해당 옵션에서 무해
S047all.ext___tmp_journal,S,tmp_journal,ext_unix,none,none,0,normal,resume,--db_mib 8 --index_mib 12 --parse_iters 120000 --refresh_ms 500 --refresh_kib 256 --timer 1 --timer_s 60 --watch 1 --substeps 1 --hub_conns 4 --hub_pending 8 --tcp reqresp --threads 4 --selfpipe 1 --eventfd 1 --db_lock flock --shm_mib 4 --log_dgram 1 --render 1 --workdir 1 --child 1 --zombie 1 --sigpend 1 --urandom 1 --tmpunlink 1 --epoll 1 --udp 1 --netlink 1 --unix_listen 1 --mmap_db 1,[all 구성·ext_unix] ok — 이 라인의 자원은 해당 옵션에서 무해
S047all.ext___hub_conn1,S,hub_conn1,ext_unix,none,none,0,normal,resume,--db_mib 8 --index_mib 12 --parse_iters 120000 --refresh_ms 500 --refresh_kib 256 --timer 1 --timer_s 60 --watch 1 --substeps 1 --hub_conns 4 --hub_pending 8 --tcp reqresp --threads 4 --selfpipe 1 --eventfd 1 --db_lock flock --shm_mib 4 --log_dgram 1 --render 1 --workdir 1 --child 1 --zombie 1 --sigpend 1 --urandom 1 --tmpunlink 1 --epoll 1 --udp 1 --netlink 1 --unix_listen 1 --mmap_db 1,"[all 구성·ext_unix] dump_fail — hub established는 옵션 불가 (경계선 2, 처방만이 답)"
S047all.ext___hub_conn2,S,hub_conn2,ext_unix,none,none,0,normal,resume,--db_mib 8 --index_mib 12 --parse_iters 120000 --refresh_ms 500 --refresh_kib 256 --timer 1 --timer_s 60 --watch 1 --substeps 1 --hub_conns 4 --hub_pending 8 --tcp reqresp --threads 4 --selfpipe 1 --eventfd 1 --db_lock flock --shm_mib 4 --log_dgram 1 --render 1 --workdir 1 --child 1 --zombie 1 --sigpend 1 --urandom 1 --tmpunlink 1 --epoll 1 --udp 1 --netlink 1 --unix_listen 1 --mmap_db 1,"[all 구성·ext_unix] dump_fail — hub established는 옵션 불가 (경계선 2, 처방만이 답)"
S047all.ext___hub_conn3,S,hub_conn3,ext_unix,none,none,0,normal,resume,--db_mib 8 --index_mib 12 --parse_iters 120000 --refresh_ms 500 --refresh_kib 256 --timer 1 --timer_s 60 --watch 1 --substeps 1 --hub_conns 4 --hub_pending 8 --tcp reqresp --threads 4 --selfpipe 1 --eventfd 1 --db_lock flock --shm_mib 4 --log_dgram 1 --render 1 --workdir 1 --child 1 --zombie 1 --sigpend 1 --urandom 1 --tmpunlink 1 --epoll 1 --udp 1 --netlink 1 --unix_listen 1 --mmap_db 1,"[all 구성·ext_unix] dump_fail — hub established는 옵션 불가 (경계선 2, 처방만이 답)"
S047all.ext___hub_conn4,S,hub_conn4,ext_unix,none,none,0,normal,resume,--db_mib 8 --index_mib 12 --parse_iters 120000 --refresh_ms 500 --refresh_kib 256 --timer 1 --timer_s 60 --watch 1 --substeps 1 --hub_conns 4 --hub_pending 8 --tcp reqresp --threads 4 --selfpipe 1 --eventfd 1 --db_lock flock --shm_mib 4 --log_dgram 1 --render 1 --workdir 1 --child 1 --zombie 1 --sigpend 1 --urandom 1 --tmpunlink 1 --epoll 1 --udp 1 --netlink 1 --unix_listen 1 --mmap_db 1,"[all 구성·ext_unix] dump_fail — hub established는 옵션 불가 (경계선 2, 처방만이 답)"
S047all.ext___hub_subscribed,S,hub_subscribed,ext_unix,none,none,0,normal,resume,--db_mib 8 --index_mib 12 --parse_iters 120000 --refresh_ms 500 --refresh_kib 256 --timer 1 --timer_s 60 --watch 1 --substeps 1 --hub_conns 4 --hub_pending 8 --tcp reqresp --threads 4 --selfpipe 1 --eventfd 1 --db_lock flock --shm_mib 4 --log_dgram 1 --render 1 --workdir 1 --child 1 --zombie 1 --sigpend 1 --urandom 1 --tmpunlink 1 --epoll 1 --udp 1 --netlink 1 --unix_listen 1 --mmap_db 1,"[all 구성·ext_unix] dump_fail — hub established는 옵션 불가 (경계선 2, 처방만이 답)"
S047all.ext___render_conn,S,render_conn,ext_unix,none,none,0,normal,resume,--db_mib 8 --index_mib 12 --parse_iters 120000 --refresh_ms 500 --refresh_kib 256 --timer 1 --timer_s 60 --watch 1 --substeps 1 --hub_conns 4 --hub_pending 8 --tcp reqresp --threads 4 --selfpipe 1 --eventfd 1 --db_lock flock --shm_mib 4 --log_dgram 1 --render 1 --workdir 1 --child 1 --zombie 1 --sigpend 1 --urandom 1 --tmpunlink 1 --epoll 1 --udp 1 --netlink 1 --unix_listen 1 --mmap_db 1,"[all 구성·ext_unix] dump_fail — hub established는 옵션 불가 (경계선 2, 처방만이 답)"
S047all.ext___tcp_conn,S,tcp_conn,ext_unix,none,none,0,normal,resume,--db_mib 8 --index_mib 12 --parse_iters 120000 --refresh_ms 500 --refresh_kib 256 --timer 1 --timer_s 60 --watch 1 --substeps 1 --hub_conns 4 --hub_pending 8 --tcp reqresp --threads 4 --selfpipe 1 --eventfd 1 --db_lock flock --shm_mib 4 --log_dgram 1 --render 1 --workdir 1 --child 1 --zombie 1 --sigpend 1 --urandom 1 --tmpunlink 1 --epoll 1 --udp 1 --netlink 1 --unix_listen 1 --mmap_db 1,"[all 구성·ext_unix] dump_fail — hub established는 옵션 불가 (경계선 2, 처방만이 답)"
S047all.ext___epoll_open,S,epoll_open,ext_unix,none,none,0,normal,resume,--db_mib 8 --index_mib 12 --parse_iters 120000 --refresh_ms 500 --refresh_kib 256 --timer 1 --timer_s 60 --watch 1 --substeps 1 --hub_conns 4 --hub_pending 8 --tcp reqresp --threads 4 --selfpipe 1 --eventfd 1 --db_lock flock --shm_mib 4 --log_dgram 1 --render 1 --workdir 1 --child 1 --zombie 1 --sigpend 1 --urandom 1 --tmpunlink 1 --epoll 1 --udp 1 --netlink 1 --unix_listen 1 --mmap_db 1,"[all 구성·ext_unix] dump_fail — hub established는 옵션 불가 (경계선 2, 처방만이 답)"
S047all.ext___svc_listen,S,svc_listen,ext_unix,none,none,0,normal,resume,--db_mib 8 --index_mib 12 --parse_iters 120000 --refresh_ms 500 --refresh_kib 256 --timer 1 --timer_s 60 --watch 1 --substeps 1 --hub_conns 4 --hub_pending 8 --tcp reqresp --threads 4 --selfpipe 1 --eventfd 1 --db_lock flock --shm_mib 4 --log_dgram 1 --render 1 --workdir 1 --child 1 --zombie 1 --sigpend 1 --urandom 1 --tmpunlink 1 --epoll 1 --udp 1 --netlink 1 --unix_listen 1 --mmap_db 1,"[all 구성·ext_unix] dump_fail — hub established는 옵션 불가 (경계선 2, 처방만이 답)"
S047all.ext___udp_open,S,udp_open,ext_unix,none,none,0,normal,resume,--db_mib 8 --index_mib 12 --parse_iters 120000 --refresh_ms 500 --refresh_kib 256 --timer 1 --timer_s 60 --watch 1 --substeps 1 --hub_conns 4 --hub_pending 8 --tcp reqresp --threads 4 --selfpipe 1 --eventfd 1 --db_lock flock --shm_mib 4 --log_dgram 1 --render 1 --workdir 1 --child 1 --zombie 1 --sigpend 1 --urandom 1 --tmpunlink 1 --epoll 1 --udp 1 --netlink 1 --unix_listen 1 --mmap_db 1,"[all 구성·ext_unix] dump_fail — hub established는 옵션 불가 (경계선 2, 처방만이 답)"
S047all.ext___netlink_open,S,netlink_open,ext_unix,none,none,0,normal,resume,--db_mib 8 --index_mib 12 --parse_iters 120000 --refresh_ms 500 --refresh_kib 256 --timer 1 --timer_s 60 --watch 1 --substeps 1 --hub_conns 4 --hub_pending 8 --tcp reqresp --threads 4 --selfpipe 1 --eventfd 1 --db_lock flock --shm_mib 4 --log_dgram 1 --render 1 --workdir 1 --child 1 --zombie 1 --sigpend 1 --urandom 1 --tmpunlink 1 --epoll 1 --udp 1 --netlink 1 --unix_listen 1 --mmap_db 1,"[all 구성·ext_unix] dump_fail — hub established는 옵션 불가 (경계선 2, 처방만이 답)"
S047all.ext___timer_armed,S,timer_armed,ext_unix,none,none,0,normal,resume,--db_mib 8 --index_mib 12 --parse_iters 120000 --refresh_ms 500 --refresh_kib 256 --timer 1 --timer_s 60 --watch 1 --substeps 1 --hub_conns 4 --hub_pending 8 --tcp reqresp --threads 4 --selfpipe 1 --eventfd 1 --db_lock flock --shm_mib 4 --log_dgram 1 --render 1 --workdir 1 --child 1 --zombie 1 --sigpend 1 --urandom 1 --tmpunlink 1 --epoll 1 --udp 1 --netlink 1 --unix_listen 1 --mmap_db 1,"[all 구성·ext_unix] dump_fail — hub established는 옵션 불가 (경계선 2, 처방만이 답)"
S047all.ext___db_watch,S,db_watch,ext_unix,none,none,0,normal,resume,--db_mib 8 --index_mib 12 --parse_iters 120000 --refresh_ms 500 --refresh_kib 256 --timer 1 --timer_s 60 --watch 1 --substeps 1 --hub_conns 4 --hub_pending 8 --tcp reqresp --threads 4 --selfpipe 1 --eventfd 1 --db_lock flock --shm_mib 4 --log_dgram 1 --render 1 --workdir 1 --child 1 --zombie 1 --sigpend 1 --urandom 1 --tmpunlink 1 --epoll 1 --udp 1 --netlink 1 --unix_listen 1 --mmap_db 1,"[all 구성·ext_unix] dump_fail — hub established는 옵션 불가 (경계선 2, 처방만이 답)"
S047all.ext___db_mmap,S,db_mmap,ext_unix,none,none,0,normal,resume,--db_mib 8 --index_mib 12 --parse_iters 120000 --refresh_ms 500 --refresh_kib 256 --timer 1 --timer_s 60 --watch 1 --substeps 1 --hub_conns 4 --hub_pending 8 --tcp reqresp --threads 4 --selfpipe 1 --eventfd 1 --db_lock flock --shm_mib 4 --log_dgram 1 --render 1 --workdir 1 --child 1 --zombie 1 --sigpend 1 --urandom 1 --tmpunlink 1 --epoll 1 --udp 1 --netlink 1 --unix_listen 1 --mmap_db 1,"[all 구성·ext_unix] dump_fail — hub established는 옵션 불가 (경계선 2, 처방만이 답)"
S047all.ext___ready,S,ready,ext_unix,none,none,0,normal,"pong,stat",--db_mib 8 --index_mib 12 --parse_iters 120000 --refresh_ms 500 --refresh_kib 256 --timer 1 --timer_s 60 --watch 1 --substeps 1 --hub_conns 4 --hub_pending 8 --tcp reqresp --threads 4 --selfpipe 1 --eventfd 1 --db_lock flock --shm_mib 4 --log_dgram 1 --render 1 --workdir 1 --child 1 --zombie 1 --sigpend 1 --urandom 1 --tmpunlink 1 --epoll 1 --udp 1 --netlink 1 --unix_listen 1 --mmap_db 1,"[all 구성·ext_unix] dump_fail — hub established는 옵션 불가 (경계선 2, 처방만이 답)"
S047all.ext___steady,S,steady,ext_unix,none,none,0,normal,"pong,stat",--db_mib 8 --index_mib 12 --parse_iters 120000 --refresh_ms 500 --refresh_kib 256 --timer 1 --timer_s 60 --watch 1 --substeps 1 --hub_conns 4 --hub_pending 8 --tcp reqresp --threads 4 --selfpipe 1 --eventfd 1 --db_lock flock --shm_mib 4 --log_dgram 1 --render 1 --workdir 1 --child 1 --zombie 1 --sigpend 1 --urandom 1 --tmpunlink 1 --epoll 1 --udp 1 --netlink 1 --unix_listen 1 --mmap_db 1,"[all 구성·ext_unix] dump_fail — hub established는 옵션 불가 (경계선 2, 처방만이 답)"
S048all.tcp___init,S,init,tcp_est,none,none,0,normal,resume,--db_mib 8 --index_mib 12 --parse_iters 120000 --refresh_ms 500 --refresh_kib 256 --timer 1 --timer_s 60 --watch 1 --substeps 1 --hub_conns 4 --hub_pending 8 --tcp reqresp --threads 4 --selfpipe 1 --eventfd 1 --db_lock flock --shm_mib 4 --log_dgram 1 --render 1 --workdir 1 --child 1 --zombie 1 --sigpend 1 --urandom 1 --tmpunlink 1 --epoll 1 --udp 1 --netlink 1 --unix_listen 1 --mmap_db 1,[all 구성·tcp_est] ok — 이 라인의 자원은 해당 옵션에서 무해
S048all.tcp___sig_pending,S,sig_pending,tcp_est,none,none,0,normal,resume,--db_mib 8 --index_mib 12 --parse_iters 120000 --refresh_ms 500 --refresh_kib 256 --timer 1 --timer_s 60 --watch 1 --substeps 1 --hub_conns 4 --hub_pending 8 --tcp reqresp --threads 4 --selfpipe 1 --eventfd 1 --db_lock flock --shm_mib 4 --log_dgram 1 --render 1 --workdir 1 --child 1 --zombie 1 --sigpend 1 --urandom 1 --tmpunlink 1 --epoll 1 --udp 1 --netlink 1 --unix_listen 1 --mmap_db 1,[all 구성·tcp_est] ok — 이 라인의 자원은 해당 옵션에서 무해
S048all.tcp___dev_urandom,S,dev_urandom,tcp_est,none,none,0,normal,resume,--db_mib 8 --index_mib 12 --parse_iters 120000 --refresh_ms 500 --refresh_kib 256 --timer 1 --timer_s 60 --watch 1 --substeps 1 --hub_conns 4 --hub_pending 8 --tcp reqresp --threads 4 --selfpipe 1 --eventfd 1 --db_lock flock --shm_mib 4 --log_dgram 1 --render 1 --workdir 1 --child 1 --zombie 1 --sigpend 1 --urandom 1 --tmpunlink 1 --epoll 1 --udp 1 --netlink 1 --unix_listen 1 --mmap_db 1,[all 구성·tcp_est] ok — 이 라인의 자원은 해당 옵션에서 무해
S048all.tcp___log_open,S,log_open,tcp_est,none,none,0,normal,resume,--db_mib 8 --index_mib 12 --parse_iters 120000 --refresh_ms 500 --refresh_kib 256 --timer 1 --timer_s 60 --watch 1 --substeps 1 --hub_conns 4 --hub_pending 8 --tcp reqresp --threads 4 --selfpipe 1 --eventfd 1 --db_lock flock --shm_mib 4 --log_dgram 1 --render 1 --workdir 1 --child 1 --zombie 1 --sigpend 1 --urandom 1 --tmpunlink 1 --epoll 1 --udp 1 --netlink 1 --unix_listen 1 --mmap_db 1,[all 구성·tcp_est] ok — 이 라인의 자원은 해당 옵션에서 무해
S048all.tcp___db_open,S,db_open,tcp_est,none,none,0,normal,resume,--db_mib 8 --index_mib 12 --parse_iters 120000 --refresh_ms 500 --refresh_kib 256 --timer 1 --timer_s 60 --watch 1 --substeps 1 --hub_conns 4 --hub_pending 8 --tcp reqresp --threads 4 --selfpipe 1 --eventfd 1 --db_lock flock --shm_mib 4 --log_dgram 1 --render 1 --workdir 1 --child 1 --zombie 1 --sigpend 1 --urandom 1 --tmpunlink 1 --epoll 1 --udp 1 --netlink 1 --unix_listen 1 --mmap_db 1,[all 구성·tcp_est] ok — 이 라인의 자원은 해당 옵션에서 무해
S048all.tcp___db_lock,S,db_lock,tcp_est,none,none,0,normal,resume,--db_mib 8 --index_mib 12 --parse_iters 120000 --refresh_ms 500 --refresh_kib 256 --timer 1 --timer_s 60 --watch 1 --substeps 1 --hub_conns 4 --hub_pending 8 --tcp reqresp --threads 4 --selfpipe 1 --eventfd 1 --db_lock flock --shm_mib 4 --log_dgram 1 --render 1 --workdir 1 --child 1 --zombie 1 --sigpend 1 --urandom 1 --tmpunlink 1 --epoll 1 --udp 1 --netlink 1 --unix_listen 1 --mmap_db 1,[all 구성·tcp_est] ok — 이 라인의 자원은 해당 옵션에서 무해
S048all.tcp___db_read_p25,S,db_read_p25,tcp_est,none,none,0,normal,resume,--db_mib 8 --index_mib 12 --parse_iters 120000 --refresh_ms 500 --refresh_kib 256 --timer 1 --timer_s 60 --watch 1 --substeps 1 --hub_conns 4 --hub_pending 8 --tcp reqresp --threads 4 --selfpipe 1 --eventfd 1 --db_lock flock --shm_mib 4 --log_dgram 1 --render 1 --workdir 1 --child 1 --zombie 1 --sigpend 1 --urandom 1 --tmpunlink 1 --epoll 1 --udp 1 --netlink 1 --unix_listen 1 --mmap_db 1,[all 구성·tcp_est] ok — 이 라인의 자원은 해당 옵션에서 무해
S048all.tcp___db_read_p50,S,db_read_p50,tcp_est,none,none,0,normal,resume,--db_mib 8 --index_mib 12 --parse_iters 120000 --refresh_ms 500 --refresh_kib 256 --timer 1 --timer_s 60 --watch 1 --substeps 1 --hub_conns 4 --hub_pending 8 --tcp reqresp --threads 4 --selfpipe 1 --eventfd 1 --db_lock flock --shm_mib 4 --log_dgram 1 --render 1 --workdir 1 --child 1 --zombie 1 --sigpend 1 --urandom 1 --tmpunlink 1 --epoll 1 --udp 1 --netlink 1 --unix_listen 1 --mmap_db 1,[all 구성·tcp_est] ok — 이 라인의 자원은 해당 옵션에서 무해
S048all.tcp___db_read_p75,S,db_read_p75,tcp_est,none,none,0,normal,resume,--db_mib 8 --index_mib 12 --parse_iters 120000 --refresh_ms 500 --refresh_kib 256 --timer 1 --timer_s 60 --watch 1 --substeps 1 --hub_conns 4 --hub_pending 8 --tcp reqresp --threads 4 --selfpipe 1 --eventfd 1 --db_lock flock --shm_mib 4 --log_dgram 1 --render 1 --workdir 1 --child 1 --zombie 1 --sigpend 1 --urandom 1 --tmpunlink 1 --epoll 1 --udp 1 --netlink 1 --unix_listen 1 --mmap_db 1,[all 구성·tcp_est] ok — 이 라인의 자원은 해당 옵션에서 무해
S048all.tcp___db_parse,S,db_parse,tcp_est,none,none,0,normal,resume,--db_mib 8 --index_mib 12 --parse_iters 120000 --refresh_ms 500 --refresh_kib 256 --timer 1 --timer_s 60 --watch 1 --substeps 1 --hub_conns 4 --hub_pending 8 --tcp reqresp --threads 4 --selfpipe 1 --eventfd 1 --db_lock flock --shm_mib 4 --log_dgram 1 --render 1 --workdir 1 --child 1 --zombie 1 --sigpend 1 --urandom 1 --tmpunlink 1 --epoll 1 --udp 1 --netlink 1 --unix_listen 1 --mmap_db 1,[all 구성·tcp_est] ok — 이 라인의 자원은 해당 옵션에서 무해
S048all.tcp___db_parse_p25,S,db_parse_p25,tcp_est,none,none,0,normal,resume,--db_mib 8 --index_mib 12 --parse_iters 120000 --refresh_ms 500 --refresh_kib 256 --timer 1 --timer_s 60 --watch 1 --substeps 1 --hub_conns 4 --hub_pending 8 --tcp reqresp --threads 4 --selfpipe 1 --eventfd 1 --db_lock flock --shm_mib 4 --log_dgram 1 --render 1 --workdir 1 --child 1 --zombie 1 --sigpend 1 --urandom 1 --tmpunlink 1 --epoll 1 --udp 1 --netlink 1 --unix_listen 1 --mmap_db 1,[all 구성·tcp_est] ok — 이 라인의 자원은 해당 옵션에서 무해
S048all.tcp___db_parse_p50,S,db_parse_p50,tcp_est,none,none,0,normal,resume,--db_mib 8 --index_mib 12 --parse_iters 120000 --refresh_ms 500 --refresh_kib 256 --timer 1 --timer_s 60 --watch 1 --substeps 1 --hub_conns 4 --hub_pending 8 --tcp reqresp --threads 4 --selfpipe 1 --eventfd 1 --db_lock flock --shm_mib 4 --log_dgram 1 --render 1 --workdir 1 --child 1 --zombie 1 --sigpend 1 --urandom 1 --tmpunlink 1 --epoll 1 --udp 1 --netlink 1 --unix_listen 1 --mmap_db 1,[all 구성·tcp_est] ok — 이 라인의 자원은 해당 옵션에서 무해
S048all.tcp___db_parse_p75,S,db_parse_p75,tcp_est,none,none,0,normal,resume,--db_mib 8 --index_mib 12 --parse_iters 120000 --refresh_ms 500 --refresh_kib 256 --timer 1 --timer_s 60 --watch 1 --substeps 1 --hub_conns 4 --hub_pending 8 --tcp reqresp --threads 4 --selfpipe 1 --eventfd 1 --db_lock flock --shm_mib 4 --log_dgram 1 --render 1 --workdir 1 --child 1 --zombie 1 --sigpend 1 --urandom 1 --tmpunlink 1 --epoll 1 --udp 1 --netlink 1 --unix_listen 1 --mmap_db 1,[all 구성·tcp_est] ok — 이 라인의 자원은 해당 옵션에서 무해
S048all.tcp___epg_index,S,epg_index,tcp_est,none,none,0,normal,resume,--db_mib 8 --index_mib 12 --parse_iters 120000 --refresh_ms 500 --refresh_kib 256 --timer 1 --timer_s 60 --watch 1 --substeps 1 --hub_conns 4 --hub_pending 8 --tcp reqresp --threads 4 --selfpipe 1 --eventfd 1 --db_lock flock --shm_mib 4 --log_dgram 1 --render 1 --workdir 1 --child 1 --zombie 1 --sigpend 1 --urandom 1 --tmpunlink 1 --epoll 1 --udp 1 --netlink 1 --unix_listen 1 --mmap_db 1,[all 구성·tcp_est] ok — 이 라인의 자원은 해당 옵션에서 무해
S048all.tcp___epg_index_p25,S,epg_index_p25,tcp_est,none,none,0,normal,resume,--db_mib 8 --index_mib 12 --parse_iters 120000 --refresh_ms 500 --refresh_kib 256 --timer 1 --timer_s 60 --watch 1 --substeps 1 --hub_conns 4 --hub_pending 8 --tcp reqresp --threads 4 --selfpipe 1 --eventfd 1 --db_lock flock --shm_mib 4 --log_dgram 1 --render 1 --workdir 1 --child 1 --zombie 1 --sigpend 1 --urandom 1 --tmpunlink 1 --epoll 1 --udp 1 --netlink 1 --unix_listen 1 --mmap_db 1,[all 구성·tcp_est] ok — 이 라인의 자원은 해당 옵션에서 무해
S048all.tcp___epg_index_p50,S,epg_index_p50,tcp_est,none,none,0,normal,resume,--db_mib 8 --index_mib 12 --parse_iters 120000 --refresh_ms 500 --refresh_kib 256 --timer 1 --timer_s 60 --watch 1 --substeps 1 --hub_conns 4 --hub_pending 8 --tcp reqresp --threads 4 --selfpipe 1 --eventfd 1 --db_lock flock --shm_mib 4 --log_dgram 1 --render 1 --workdir 1 --child 1 --zombie 1 --sigpend 1 --urandom 1 --tmpunlink 1 --epoll 1 --udp 1 --netlink 1 --unix_listen 1 --mmap_db 1,[all 구성·tcp_est] ok — 이 라인의 자원은 해당 옵션에서 무해
S048all.tcp___epg_index_p75,S,epg_index_p75,tcp_est,none,none,0,normal,resume,--db_mib 8 --index_mib 12 --parse_iters 120000 --refresh_ms 500 --refresh_kib 256 --timer 1 --timer_s 60 --watch 1 --substeps 1 --hub_conns 4 --hub_pending 8 --tcp reqresp --threads 4 --selfpipe 1 --eventfd 1 --db_lock flock --shm_mib 4 --log_dgram 1 --render 1 --workdir 1 --child 1 --zombie 1 --sigpend 1 --urandom 1 --tmpunlink 1 --epoll 1 --udp 1 --netlink 1 --unix_listen 1 --mmap_db 1,[all 구성·tcp_est] ok — 이 라인의 자원은 해당 옵션에서 무해
S048all.tcp___epg_text,S,epg_text,tcp_est,none,none,0,normal,resume,--db_mib 8 --index_mib 12 --parse_iters 120000 --refresh_ms 500 --refresh_kib 256 --timer 1 --timer_s 60 --watch 1 --substeps 1 --hub_conns 4 --hub_pending 8 --tcp reqresp --threads 4 --selfpipe 1 --eventfd 1 --db_lock flock --shm_mib 4 --log_dgram 1 --render 1 --workdir 1 --child 1 --zombie 1 --sigpend 1 --urandom 1 --tmpunlink 1 --epoll 1 --udp 1 --netlink 1 --unix_listen 1 --mmap_db 1,[all 구성·tcp_est] ok — 이 라인의 자원은 해당 옵션에서 무해
S048all.tcp___epg_reserve,S,epg_reserve,tcp_est,none,none,0,normal,resume,--db_mib 8 --index_mib 12 --parse_iters 120000 --refresh_ms 500 --refresh_kib 256 --timer 1 --timer_s 60 --watch 1 --substeps 1 --hub_conns 4 --hub_pending 8 --tcp reqresp --threads 4 --selfpipe 1 --eventfd 1 --db_lock flock --shm_mib 4 --log_dgram 1 --render 1 --workdir 1 --child 1 --zombie 1 --sigpend 1 --urandom 1 --tmpunlink 1 --epoll 1 --udp 1 --netlink 1 --unix_listen 1 --mmap_db 1,[all 구성·tcp_est] ok — 이 라인의 자원은 해당 옵션에서 무해
S048all.tcp___thread1,S,thread1,tcp_est,none,none,0,normal,resume,--db_mib 8 --index_mib 12 --parse_iters 120000 --refresh_ms 500 --refresh_kib 256 --timer 1 --timer_s 60 --watch 1 --substeps 1 --hub_conns 4 --hub_pending 8 --tcp reqresp --threads 4 --selfpipe 1 --eventfd 1 --db_lock flock --shm_mib 4 --log_dgram 1 --render 1 --workdir 1 --child 1 --zombie 1 --sigpend 1 --urandom 1 --tmpunlink 1 --epoll 1 --udp 1 --netlink 1 --unix_listen 1 --mmap_db 1,[all 구성·tcp_est] ok — 이 라인의 자원은 해당 옵션에서 무해
S048all.tcp___thread2,S,thread2,tcp_est,none,none,0,normal,resume,--db_mib 8 --index_mib 12 --parse_iters 120000 --refresh_ms 500 --refresh_kib 256 --timer 1 --timer_s 60 --watch 1 --substeps 1 --hub_conns 4 --hub_pending 8 --tcp reqresp --threads 4 --selfpipe 1 --eventfd 1 --db_lock flock --shm_mib 4 --log_dgram 1 --render 1 --workdir 1 --child 1 --zombie 1 --sigpend 1 --urandom 1 --tmpunlink 1 --epoll 1 --udp 1 --netlink 1 --unix_listen 1 --mmap_db 1,[all 구성·tcp_est] ok — 이 라인의 자원은 해당 옵션에서 무해
S048all.tcp___thread3,S,thread3,tcp_est,none,none,0,normal,resume,--db_mib 8 --index_mib 12 --parse_iters 120000 --refresh_ms 500 --refresh_kib 256 --timer 1 --timer_s 60 --watch 1 --substeps 1 --hub_conns 4 --hub_pending 8 --tcp reqresp --threads 4 --selfpipe 1 --eventfd 1 --db_lock flock --shm_mib 4 --log_dgram 1 --render 1 --workdir 1 --child 1 --zombie 1 --sigpend 1 --urandom 1 --tmpunlink 1 --epoll 1 --udp 1 --netlink 1 --unix_listen 1 --mmap_db 1,[all 구성·tcp_est] ok — 이 라인의 자원은 해당 옵션에서 무해
S048all.tcp___thread4,S,thread4,tcp_est,none,none,0,normal,resume,--db_mib 8 --index_mib 12 --parse_iters 120000 --refresh_ms 500 --refresh_kib 256 --timer 1 --timer_s 60 --watch 1 --substeps 1 --hub_conns 4 --hub_pending 8 --tcp reqresp --threads 4 --selfpipe 1 --eventfd 1 --db_lock flock --shm_mib 4 --log_dgram 1 --render 1 --workdir 1 --child 1 --zombie 1 --sigpend 1 --urandom 1 --tmpunlink 1 --epoll 1 --udp 1 --netlink 1 --unix_listen 1 --mmap_db 1,[all 구성·tcp_est] ok — 이 라인의 자원은 해당 옵션에서 무해
S048all.tcp___helper_forked,S,helper_forked,tcp_est,none,none,0,normal,resume,--db_mib 8 --index_mib 12 --parse_iters 120000 --refresh_ms 500 --refresh_kib 256 --timer 1 --timer_s 60 --watch 1 --substeps 1 --hub_conns 4 --hub_pending 8 --tcp reqresp --threads 4 --selfpipe 1 --eventfd 1 --db_lock flock --shm_mib 4 --log_dgram 1 --render 1 --workdir 1 --child 1 --zombie 1 --sigpend 1 --urandom 1 --tmpunlink 1 --epoll 1 --udp 1 --netlink 1 --unix_listen 1 --mmap_db 1,[all 구성·tcp_est] ok — 이 라인의 자원은 해당 옵션에서 무해
S048all.tcp___zombie_made,S,zombie_made,tcp_est,none,none,0,normal,resume,--db_mib 8 --index_mib 12 --parse_iters 120000 --refresh_ms 500 --refresh_kib 256 --timer 1 --timer_s 60 --watch 1 --substeps 1 --hub_conns 4 --hub_pending 8 --tcp reqresp --threads 4 --selfpipe 1 --eventfd 1 --db_lock flock --shm_mib 4 --log_dgram 1 --render 1 --workdir 1 --child 1 --zombie 1 --sigpend 1 --urandom 1 --tmpunlink 1 --epoll 1 --udp 1 --netlink 1 --unix_listen 1 --mmap_db 1,[all 구성·tcp_est] ok — 이 라인의 자원은 해당 옵션에서 무해
S048all.tcp___selfpipe,S,selfpipe,tcp_est,none,none,0,normal,resume,--db_mib 8 --index_mib 12 --parse_iters 120000 --refresh_ms 500 --refresh_kib 256 --timer 1 --timer_s 60 --watch 1 --substeps 1 --hub_conns 4 --hub_pending 8 --tcp reqresp --threads 4 --selfpipe 1 --eventfd 1 --db_lock flock --shm_mib 4 --log_dgram 1 --render 1 --workdir 1 --child 1 --zombie 1 --sigpend 1 --urandom 1 --tmpunlink 1 --epoll 1 --udp 1 --netlink 1 --unix_listen 1 --mmap_db 1,[all 구성·tcp_est] ok — 이 라인의 자원은 해당 옵션에서 무해
S048all.tcp___eventfd_open,S,eventfd_open,tcp_est,none,none,0,normal,resume,--db_mib 8 --index_mib 12 --parse_iters 120000 --refresh_ms 500 --refresh_kib 256 --timer 1 --timer_s 60 --watch 1 --substeps 1 --hub_conns 4 --hub_pending 8 --tcp reqresp --threads 4 --selfpipe 1 --eventfd 1 --db_lock flock --shm_mib 4 --log_dgram 1 --render 1 --workdir 1 --child 1 --zombie 1 --sigpend 1 --urandom 1 --tmpunlink 1 --epoll 1 --udp 1 --netlink 1 --unix_listen 1 --mmap_db 1,[all 구성·tcp_est] ok — 이 라인의 자원은 해당 옵션에서 무해
S048all.tcp___shm_map,S,shm_map,tcp_est,none,none,0,normal,resume,--db_mib 8 --index_mib 12 --parse_iters 120000 --refresh_ms 500 --refresh_kib 256 --timer 1 --timer_s 60 --watch 1 --substeps 1 --hub_conns 4 --hub_pending 8 --tcp reqresp --threads 4 --selfpipe 1 --eventfd 1 --db_lock flock --shm_mib 4 --log_dgram 1 --render 1 --workdir 1 --child 1 --zombie 1 --sigpend 1 --urandom 1 --tmpunlink 1 --epoll 1 --udp 1 --netlink 1 --unix_listen 1 --mmap_db 1,[all 구성·tcp_est] ok — 이 라인의 자원은 해당 옵션에서 무해
S048all.tcp___workdir,S,workdir,tcp_est,none,none,0,normal,resume,--db_mib 8 --index_mib 12 --parse_iters 120000 --refresh_ms 500 --refresh_kib 256 --timer 1 --timer_s 60 --watch 1 --substeps 1 --hub_conns 4 --hub_pending 8 --tcp reqresp --threads 4 --selfpipe 1 --eventfd 1 --db_lock flock --shm_mib 4 --log_dgram 1 --render 1 --workdir 1 --child 1 --zombie 1 --sigpend 1 --urandom 1 --tmpunlink 1 --epoll 1 --udp 1 --netlink 1 --unix_listen 1 --mmap_db 1,[all 구성·tcp_est] ok — 이 라인의 자원은 해당 옵션에서 무해
S048all.tcp___tmp_journal,S,tmp_journal,tcp_est,none,none,0,normal,resume,--db_mib 8 --index_mib 12 --parse_iters 120000 --refresh_ms 500 --refresh_kib 256 --timer 1 --timer_s 60 --watch 1 --substeps 1 --hub_conns 4 --hub_pending 8 --tcp reqresp --threads 4 --selfpipe 1 --eventfd 1 --db_lock flock --shm_mib 4 --log_dgram 1 --render 1 --workdir 1 --child 1 --zombie 1 --sigpend 1 --urandom 1 --tmpunlink 1 --epoll 1 --udp 1 --netlink 1 --unix_listen 1 --mmap_db 1,[all 구성·tcp_est] ok — 이 라인의 자원은 해당 옵션에서 무해
S048all.tcp___hub_conn1,S,hub_conn1,tcp_est,none,none,0,normal,resume,--db_mib 8 --index_mib 12 --parse_iters 120000 --refresh_ms 500 --refresh_kib 256 --timer 1 --timer_s 60 --watch 1 --substeps 1 --hub_conns 4 --hub_pending 8 --tcp reqresp --threads 4 --selfpipe 1 --eventfd 1 --db_lock flock --shm_mib 4 --log_dgram 1 --render 1 --workdir 1 --child 1 --zombie 1 --sigpend 1 --urandom 1 --tmpunlink 1 --epoll 1 --udp 1 --netlink 1 --unix_listen 1 --mmap_db 1,"[all 구성·tcp_est] dump_fail — hub established는 옵션 불가 (경계선 2, 처방만이 답)"
S048all.tcp___hub_conn2,S,hub_conn2,tcp_est,none,none,0,normal,resume,--db_mib 8 --index_mib 12 --parse_iters 120000 --refresh_ms 500 --refresh_kib 256 --timer 1 --timer_s 60 --watch 1 --substeps 1 --hub_conns 4 --hub_pending 8 --tcp reqresp --threads 4 --selfpipe 1 --eventfd 1 --db_lock flock --shm_mib 4 --log_dgram 1 --render 1 --workdir 1 --child 1 --zombie 1 --sigpend 1 --urandom 1 --tmpunlink 1 --epoll 1 --udp 1 --netlink 1 --unix_listen 1 --mmap_db 1,"[all 구성·tcp_est] dump_fail — hub established는 옵션 불가 (경계선 2, 처방만이 답)"
S048all.tcp___hub_conn3,S,hub_conn3,tcp_est,none,none,0,normal,resume,--db_mib 8 --index_mib 12 --parse_iters 120000 --refresh_ms 500 --refresh_kib 256 --timer 1 --timer_s 60 --watch 1 --substeps 1 --hub_conns 4 --hub_pending 8 --tcp reqresp --threads 4 --selfpipe 1 --eventfd 1 --db_lock flock --shm_mib 4 --log_dgram 1 --render 1 --workdir 1 --child 1 --zombie 1 --sigpend 1 --urandom 1 --tmpunlink 1 --epoll 1 --udp 1 --netlink 1 --unix_listen 1 --mmap_db 1,"[all 구성·tcp_est] dump_fail — hub established는 옵션 불가 (경계선 2, 처방만이 답)"
S048all.tcp___hub_conn4,S,hub_conn4,tcp_est,none,none,0,normal,resume,--db_mib 8 --index_mib 12 --parse_iters 120000 --refresh_ms 500 --refresh_kib 256 --timer 1 --timer_s 60 --watch 1 --substeps 1 --hub_conns 4 --hub_pending 8 --tcp reqresp --threads 4 --selfpipe 1 --eventfd 1 --db_lock flock --shm_mib 4 --log_dgram 1 --render 1 --workdir 1 --child 1 --zombie 1 --sigpend 1 --urandom 1 --tmpunlink 1 --epoll 1 --udp 1 --netlink 1 --unix_listen 1 --mmap_db 1,"[all 구성·tcp_est] dump_fail — hub established는 옵션 불가 (경계선 2, 처방만이 답)"
S048all.tcp___hub_subscribed,S,hub_subscribed,tcp_est,none,none,0,normal,resume,--db_mib 8 --index_mib 12 --parse_iters 120000 --refresh_ms 500 --refresh_kib 256 --timer 1 --timer_s 60 --watch 1 --substeps 1 --hub_conns 4 --hub_pending 8 --tcp reqresp --threads 4 --selfpipe 1 --eventfd 1 --db_lock flock --shm_mib 4 --log_dgram 1 --render 1 --workdir 1 --child 1 --zombie 1 --sigpend 1 --urandom 1 --tmpunlink 1 --epoll 1 --udp 1 --netlink 1 --unix_listen 1 --mmap_db 1,"[all 구성·tcp_est] dump_fail — hub established는 옵션 불가 (경계선 2, 처방만이 답)"
S048all.tcp___render_conn,S,render_conn,tcp_est,none,none,0,normal,resume,--db_mib 8 --index_mib 12 --parse_iters 120000 --refresh_ms 500 --refresh_kib 256 --timer 1 --timer_s 60 --watch 1 --substeps 1 --hub_conns 4 --hub_pending 8 --tcp reqresp --threads 4 --selfpipe 1 --eventfd 1 --db_lock flock --shm_mib 4 --log_dgram 1 --render 1 --workdir 1 --child 1 --zombie 1 --sigpend 1 --urandom 1 --tmpunlink 1 --epoll 1 --udp 1 --netlink 1 --unix_listen 1 --mmap_db 1,"[all 구성·tcp_est] dump_fail — hub established는 옵션 불가 (경계선 2, 처방만이 답)"
S048all.tcp___tcp_conn,S,tcp_conn,tcp_est,none,none,0,normal,resume,--db_mib 8 --index_mib 12 --parse_iters 120000 --refresh_ms 500 --refresh_kib 256 --timer 1 --timer_s 60 --watch 1 --substeps 1 --hub_conns 4 --hub_pending 8 --tcp reqresp --threads 4 --selfpipe 1 --eventfd 1 --db_lock flock --shm_mib 4 --log_dgram 1 --render 1 --workdir 1 --child 1 --zombie 1 --sigpend 1 --urandom 1 --tmpunlink 1 --epoll 1 --udp 1 --netlink 1 --unix_listen 1 --mmap_db 1,"[all 구성·tcp_est] dump_fail — hub established는 옵션 불가 (경계선 2, 처방만이 답)"
S048all.tcp___epoll_open,S,epoll_open,tcp_est,none,none,0,normal,resume,--db_mib 8 --index_mib 12 --parse_iters 120000 --refresh_ms 500 --refresh_kib 256 --timer 1 --timer_s 60 --watch 1 --substeps 1 --hub_conns 4 --hub_pending 8 --tcp reqresp --threads 4 --selfpipe 1 --eventfd 1 --db_lock flock --shm_mib 4 --log_dgram 1 --render 1 --workdir 1 --child 1 --zombie 1 --sigpend 1 --urandom 1 --tmpunlink 1 --epoll 1 --udp 1 --netlink 1 --unix_listen 1 --mmap_db 1,"[all 구성·tcp_est] dump_fail — hub established는 옵션 불가 (경계선 2, 처방만이 답)"
S048all.tcp___svc_listen,S,svc_listen,tcp_est,none,none,0,normal,resume,--db_mib 8 --index_mib 12 --parse_iters 120000 --refresh_ms 500 --refresh_kib 256 --timer 1 --timer_s 60 --watch 1 --substeps 1 --hub_conns 4 --hub_pending 8 --tcp reqresp --threads 4 --selfpipe 1 --eventfd 1 --db_lock flock --shm_mib 4 --log_dgram 1 --render 1 --workdir 1 --child 1 --zombie 1 --sigpend 1 --urandom 1 --tmpunlink 1 --epoll 1 --udp 1 --netlink 1 --unix_listen 1 --mmap_db 1,"[all 구성·tcp_est] dump_fail — hub established는 옵션 불가 (경계선 2, 처방만이 답)"
S048all.tcp___udp_open,S,udp_open,tcp_est,none,none,0,normal,resume,--db_mib 8 --index_mib 12 --parse_iters 120000 --refresh_ms 500 --refresh_kib 256 --timer 1 --timer_s 60 --watch 1 --substeps 1 --hub_conns 4 --hub_pending 8 --tcp reqresp --threads 4 --selfpipe 1 --eventfd 1 --db_lock flock --shm_mib 4 --log_dgram 1 --render 1 --workdir 1 --child 1 --zombie 1 --sigpend 1 --urandom 1 --tmpunlink 1 --epoll 1 --udp 1 --netlink 1 --unix_listen 1 --mmap_db 1,"[all 구성·tcp_est] dump_fail — hub established는 옵션 불가 (경계선 2, 처방만이 답)"
S048all.tcp___netlink_open,S,netlink_open,tcp_est,none,none,0,normal,resume,--db_mib 8 --index_mib 12 --parse_iters 120000 --refresh_ms 500 --refresh_kib 256 --timer 1 --timer_s 60 --watch 1 --substeps 1 --hub_conns 4 --hub_pending 8 --tcp reqresp --threads 4 --selfpipe 1 --eventfd 1 --db_lock flock --shm_mib 4 --log_dgram 1 --render 1 --workdir 1 --child 1 --zombie 1 --sigpend 1 --urandom 1 --tmpunlink 1 --epoll 1 --udp 1 --netlink 1 --unix_listen 1 --mmap_db 1,"[all 구성·tcp_est] dump_fail — hub established는 옵션 불가 (경계선 2, 처방만이 답)"
S048all.tcp___timer_armed,S,timer_armed,tcp_est,none,none,0,normal,resume,--db_mib 8 --index_mib 12 --parse_iters 120000 --refresh_ms 500 --refresh_kib 256 --timer 1 --timer_s 60 --watch 1 --substeps 1 --hub_conns 4 --hub_pending 8 --tcp reqresp --threads 4 --selfpipe 1 --eventfd 1 --db_lock flock --shm_mib 4 --log_dgram 1 --render 1 --workdir 1 --child 1 --zombie 1 --sigpend 1 --urandom 1 --tmpunlink 1 --epoll 1 --udp 1 --netlink 1 --unix_listen 1 --mmap_db 1,"[all 구성·tcp_est] dump_fail — hub established는 옵션 불가 (경계선 2, 처방만이 답)"
S048all.tcp___db_watch,S,db_watch,tcp_est,none,none,0,normal,resume,--db_mib 8 --index_mib 12 --parse_iters 120000 --refresh_ms 500 --refresh_kib 256 --timer 1 --timer_s 60 --watch 1 --substeps 1 --hub_conns 4 --hub_pending 8 --tcp reqresp --threads 4 --selfpipe 1 --eventfd 1 --db_lock flock --shm_mib 4 --log_dgram 1 --render 1 --workdir 1 --child 1 --zombie 1 --sigpend 1 --urandom 1 --tmpunlink 1 --epoll 1 --udp 1 --netlink 1 --unix_listen 1 --mmap_db 1,"[all 구성·tcp_est] dump_fail — hub established는 옵션 불가 (경계선 2, 처방만이 답)"
S048all.tcp___db_mmap,S,db_mmap,tcp_est,none,none,0,normal,resume,--db_mib 8 --index_mib 12 --parse_iters 120000 --refresh_ms 500 --refresh_kib 256 --timer 1 --timer_s 60 --watch 1 --substeps 1 --hub_conns 4 --hub_pending 8 --tcp reqresp --threads 4 --selfpipe 1 --eventfd 1 --db_lock flock --shm_mib 4 --log_dgram 1 --render 1 --workdir 1 --child 1 --zombie 1 --sigpend 1 --urandom 1 --tmpunlink 1 --epoll 1 --udp 1 --netlink 1 --unix_listen 1 --mmap_db 1,"[all 구성·tcp_est] dump_fail — hub established는 옵션 불가 (경계선 2, 처방만이 답)"
S048all.tcp___ready,S,ready,tcp_est,none,none,0,normal,"pong,stat",--db_mib 8 --index_mib 12 --parse_iters 120000 --refresh_ms 500 --refresh_kib 256 --timer 1 --timer_s 60 --watch 1 --substeps 1 --hub_conns 4 --hub_pending 8 --tcp reqresp --threads 4 --selfpipe 1 --eventfd 1 --db_lock flock --shm_mib 4 --log_dgram 1 --render 1 --workdir 1 --child 1 --zombie 1 --sigpend 1 --urandom 1 --tmpunlink 1 --epoll 1 --udp 1 --netlink 1 --unix_listen 1 --mmap_db 1,"[all 구성·tcp_est] dump_fail — hub established는 옵션 불가 (경계선 2, 처방만이 답)"
S048all.tcp___steady,S,steady,tcp_est,none,none,0,normal,"pong,stat",--db_mib 8 --index_mib 12 --parse_iters 120000 --refresh_ms 500 --refresh_kib 256 --timer 1 --timer_s 60 --watch 1 --substeps 1 --hub_conns 4 --hub_pending 8 --tcp reqresp --threads 4 --selfpipe 1 --eventfd 1 --db_lock flock --shm_mib 4 --log_dgram 1 --render 1 --workdir 1 --child 1 --zombie 1 --sigpend 1 --urandom 1 --tmpunlink 1 --epoll 1 --udp 1 --netlink 1 --unix_listen 1 --mmap_db 1,"[all 구성·tcp_est] dump_fail — hub established는 옵션 불가 (경계선 2, 처방만이 답)"
S049all.file__init,S,init,filelocks,none,none,0,normal,resume,--db_mib 8 --index_mib 12 --parse_iters 120000 --refresh_ms 500 --refresh_kib 256 --timer 1 --timer_s 60 --watch 1 --substeps 1 --hub_conns 4 --hub_pending 8 --tcp reqresp --threads 4 --selfpipe 1 --eventfd 1 --db_lock flock --shm_mib 4 --log_dgram 1 --render 1 --workdir 1 --child 1 --zombie 1 --sigpend 1 --urandom 1 --tmpunlink 1 --epoll 1 --udp 1 --netlink 1 --unix_listen 1 --mmap_db 1,[all 구성·filelocks] ok — 이 라인의 자원은 해당 옵션에서 무해
S049all.file__sig_pending,S,sig_pending,filelocks,none,none,0,normal,resume,--db_mib 8 --index_mib 12 --parse_iters 120000 --refresh_ms 500 --refresh_kib 256 --timer 1 --timer_s 60 --watch 1 --substeps 1 --hub_conns 4 --hub_pending 8 --tcp reqresp --threads 4 --selfpipe 1 --eventfd 1 --db_lock flock --shm_mib 4 --log_dgram 1 --render 1 --workdir 1 --child 1 --zombie 1 --sigpend 1 --urandom 1 --tmpunlink 1 --epoll 1 --udp 1 --netlink 1 --unix_listen 1 --mmap_db 1,[all 구성·filelocks] ok — 이 라인의 자원은 해당 옵션에서 무해
S049all.file__dev_urandom,S,dev_urandom,filelocks,none,none,0,normal,resume,--db_mib 8 --index_mib 12 --parse_iters 120000 --refresh_ms 500 --refresh_kib 256 --timer 1 --timer_s 60 --watch 1 --substeps 1 --hub_conns 4 --hub_pending 8 --tcp reqresp --threads 4 --selfpipe 1 --eventfd 1 --db_lock flock --shm_mib 4 --log_dgram 1 --render 1 --workdir 1 --child 1 --zombie 1 --sigpend 1 --urandom 1 --tmpunlink 1 --epoll 1 --udp 1 --netlink 1 --unix_listen 1 --mmap_db 1,[all 구성·filelocks] ok — 이 라인의 자원은 해당 옵션에서 무해
S049all.file__log_open,S,log_open,filelocks,none,none,0,normal,resume,--db_mib 8 --index_mib 12 --parse_iters 120000 --refresh_ms 500 --refresh_kib 256 --timer 1 --timer_s 60 --watch 1 --substeps 1 --hub_conns 4 --hub_pending 8 --tcp reqresp --threads 4 --selfpipe 1 --eventfd 1 --db_lock flock --shm_mib 4 --log_dgram 1 --render 1 --workdir 1 --child 1 --zombie 1 --sigpend 1 --urandom 1 --tmpunlink 1 --epoll 1 --udp 1 --netlink 1 --unix_listen 1 --mmap_db 1,[all 구성·filelocks] ok — 이 라인의 자원은 해당 옵션에서 무해
S049all.file__db_open,S,db_open,filelocks,none,none,0,normal,resume,--db_mib 8 --index_mib 12 --parse_iters 120000 --refresh_ms 500 --refresh_kib 256 --timer 1 --timer_s 60 --watch 1 --substeps 1 --hub_conns 4 --hub_pending 8 --tcp reqresp --threads 4 --selfpipe 1 --eventfd 1 --db_lock flock --shm_mib 4 --log_dgram 1 --render 1 --workdir 1 --child 1 --zombie 1 --sigpend 1 --urandom 1 --tmpunlink 1 --epoll 1 --udp 1 --netlink 1 --unix_listen 1 --mmap_db 1,[all 구성·filelocks] ok — 이 라인의 자원은 해당 옵션에서 무해
S049all.file__db_lock,S,db_lock,filelocks,none,none,0,normal,resume,--db_mib 8 --index_mib 12 --parse_iters 120000 --refresh_ms 500 --refresh_kib 256 --timer 1 --timer_s 60 --watch 1 --substeps 1 --hub_conns 4 --hub_pending 8 --tcp reqresp --threads 4 --selfpipe 1 --eventfd 1 --db_lock flock --shm_mib 4 --log_dgram 1 --render 1 --workdir 1 --child 1 --zombie 1 --sigpend 1 --urandom 1 --tmpunlink 1 --epoll 1 --udp 1 --netlink 1 --unix_listen 1 --mmap_db 1,[all 구성·filelocks] ok — 이 라인의 자원은 해당 옵션에서 무해
S049all.file__db_read_p25,S,db_read_p25,filelocks,none,none,0,normal,resume,--db_mib 8 --index_mib 12 --parse_iters 120000 --refresh_ms 500 --refresh_kib 256 --timer 1 --timer_s 60 --watch 1 --substeps 1 --hub_conns 4 --hub_pending 8 --tcp reqresp --threads 4 --selfpipe 1 --eventfd 1 --db_lock flock --shm_mib 4 --log_dgram 1 --render 1 --workdir 1 --child 1 --zombie 1 --sigpend 1 --urandom 1 --tmpunlink 1 --epoll 1 --udp 1 --netlink 1 --unix_listen 1 --mmap_db 1,[all 구성·filelocks] ok — 이 라인의 자원은 해당 옵션에서 무해
S049all.file__db_read_p50,S,db_read_p50,filelocks,none,none,0,normal,resume,--db_mib 8 --index_mib 12 --parse_iters 120000 --refresh_ms 500 --refresh_kib 256 --timer 1 --timer_s 60 --watch 1 --substeps 1 --hub_conns 4 --hub_pending 8 --tcp reqresp --threads 4 --selfpipe 1 --eventfd 1 --db_lock flock --shm_mib 4 --log_dgram 1 --render 1 --workdir 1 --child 1 --zombie 1 --sigpend 1 --urandom 1 --tmpunlink 1 --epoll 1 --udp 1 --netlink 1 --unix_listen 1 --mmap_db 1,[all 구성·filelocks] ok — 이 라인의 자원은 해당 옵션에서 무해
S049all.file__db_read_p75,S,db_read_p75,filelocks,none,none,0,normal,resume,--db_mib 8 --index_mib 12 --parse_iters 120000 --refresh_ms 500 --refresh_kib 256 --timer 1 --timer_s 60 --watch 1 --substeps 1 --hub_conns 4 --hub_pending 8 --tcp reqresp --threads 4 --selfpipe 1 --eventfd 1 --db_lock flock --shm_mib 4 --log_dgram 1 --render 1 --workdir 1 --child 1 --zombie 1 --sigpend 1 --urandom 1 --tmpunlink 1 --epoll 1 --udp 1 --netlink 1 --unix_listen 1 --mmap_db 1,[all 구성·filelocks] ok — 이 라인의 자원은 해당 옵션에서 무해
S049all.file__db_parse,S,db_parse,filelocks,none,none,0,normal,resume,--db_mib 8 --index_mib 12 --parse_iters 120000 --refresh_ms 500 --refresh_kib 256 --timer 1 --timer_s 60 --watch 1 --substeps 1 --hub_conns 4 --hub_pending 8 --tcp reqresp --threads 4 --selfpipe 1 --eventfd 1 --db_lock flock --shm_mib 4 --log_dgram 1 --render 1 --workdir 1 --child 1 --zombie 1 --sigpend 1 --urandom 1 --tmpunlink 1 --epoll 1 --udp 1 --netlink 1 --unix_listen 1 --mmap_db 1,[all 구성·filelocks] ok — 이 라인의 자원은 해당 옵션에서 무해
S049all.file__db_parse_p25,S,db_parse_p25,filelocks,none,none,0,normal,resume,--db_mib 8 --index_mib 12 --parse_iters 120000 --refresh_ms 500 --refresh_kib 256 --timer 1 --timer_s 60 --watch 1 --substeps 1 --hub_conns 4 --hub_pending 8 --tcp reqresp --threads 4 --selfpipe 1 --eventfd 1 --db_lock flock --shm_mib 4 --log_dgram 1 --render 1 --workdir 1 --child 1 --zombie 1 --sigpend 1 --urandom 1 --tmpunlink 1 --epoll 1 --udp 1 --netlink 1 --unix_listen 1 --mmap_db 1,[all 구성·filelocks] ok — 이 라인의 자원은 해당 옵션에서 무해
S049all.file__db_parse_p50,S,db_parse_p50,filelocks,none,none,0,normal,resume,--db_mib 8 --index_mib 12 --parse_iters 120000 --refresh_ms 500 --refresh_kib 256 --timer 1 --timer_s 60 --watch 1 --substeps 1 --hub_conns 4 --hub_pending 8 --tcp reqresp --threads 4 --selfpipe 1 --eventfd 1 --db_lock flock --shm_mib 4 --log_dgram 1 --render 1 --workdir 1 --child 1 --zombie 1 --sigpend 1 --urandom 1 --tmpunlink 1 --epoll 1 --udp 1 --netlink 1 --unix_listen 1 --mmap_db 1,[all 구성·filelocks] ok — 이 라인의 자원은 해당 옵션에서 무해
S049all.file__db_parse_p75,S,db_parse_p75,filelocks,none,none,0,normal,resume,--db_mib 8 --index_mib 12 --parse_iters 120000 --refresh_ms 500 --refresh_kib 256 --timer 1 --timer_s 60 --watch 1 --substeps 1 --hub_conns 4 --hub_pending 8 --tcp reqresp --threads 4 --selfpipe 1 --eventfd 1 --db_lock flock --shm_mib 4 --log_dgram 1 --render 1 --workdir 1 --child 1 --zombie 1 --sigpend 1 --urandom 1 --tmpunlink 1 --epoll 1 --udp 1 --netlink 1 --unix_listen 1 --mmap_db 1,[all 구성·filelocks] ok — 이 라인의 자원은 해당 옵션에서 무해
S049all.file__epg_index,S,epg_index,filelocks,none,none,0,normal,resume,--db_mib 8 --index_mib 12 --parse_iters 120000 --refresh_ms 500 --refresh_kib 256 --timer 1 --timer_s 60 --watch 1 --substeps 1 --hub_conns 4 --hub_pending 8 --tcp reqresp --threads 4 --selfpipe 1 --eventfd 1 --db_lock flock --shm_mib 4 --log_dgram 1 --render 1 --workdir 1 --child 1 --zombie 1 --sigpend 1 --urandom 1 --tmpunlink 1 --epoll 1 --udp 1 --netlink 1 --unix_listen 1 --mmap_db 1,[all 구성·filelocks] ok — 이 라인의 자원은 해당 옵션에서 무해
S049all.file__epg_index_p25,S,epg_index_p25,filelocks,none,none,0,normal,resume,--db_mib 8 --index_mib 12 --parse_iters 120000 --refresh_ms 500 --refresh_kib 256 --timer 1 --timer_s 60 --watch 1 --substeps 1 --hub_conns 4 --hub_pending 8 --tcp reqresp --threads 4 --selfpipe 1 --eventfd 1 --db_lock flock --shm_mib 4 --log_dgram 1 --render 1 --workdir 1 --child 1 --zombie 1 --sigpend 1 --urandom 1 --tmpunlink 1 --epoll 1 --udp 1 --netlink 1 --unix_listen 1 --mmap_db 1,[all 구성·filelocks] ok — 이 라인의 자원은 해당 옵션에서 무해
S049all.file__epg_index_p50,S,epg_index_p50,filelocks,none,none,0,normal,resume,--db_mib 8 --index_mib 12 --parse_iters 120000 --refresh_ms 500 --refresh_kib 256 --timer 1 --timer_s 60 --watch 1 --substeps 1 --hub_conns 4 --hub_pending 8 --tcp reqresp --threads 4 --selfpipe 1 --eventfd 1 --db_lock flock --shm_mib 4 --log_dgram 1 --render 1 --workdir 1 --child 1 --zombie 1 --sigpend 1 --urandom 1 --tmpunlink 1 --epoll 1 --udp 1 --netlink 1 --unix_listen 1 --mmap_db 1,[all 구성·filelocks] ok — 이 라인의 자원은 해당 옵션에서 무해
S049all.file__epg_index_p75,S,epg_index_p75,filelocks,none,none,0,normal,resume,--db_mib 8 --index_mib 12 --parse_iters 120000 --refresh_ms 500 --refresh_kib 256 --timer 1 --timer_s 60 --watch 1 --substeps 1 --hub_conns 4 --hub_pending 8 --tcp reqresp --threads 4 --selfpipe 1 --eventfd 1 --db_lock flock --shm_mib 4 --log_dgram 1 --render 1 --workdir 1 --child 1 --zombie 1 --sigpend 1 --urandom 1 --tmpunlink 1 --epoll 1 --udp 1 --netlink 1 --unix_listen 1 --mmap_db 1,[all 구성·filelocks] ok — 이 라인의 자원은 해당 옵션에서 무해
S049all.file__epg_text,S,epg_text,filelocks,none,none,0,normal,resume,--db_mib 8 --index_mib 12 --parse_iters 120000 --refresh_ms 500 --refresh_kib 256 --timer 1 --timer_s 60 --watch 1 --substeps 1 --hub_conns 4 --hub_pending 8 --tcp reqresp --threads 4 --selfpipe 1 --eventfd 1 --db_lock flock --shm_mib 4 --log_dgram 1 --render 1 --workdir 1 --child 1 --zombie 1 --sigpend 1 --urandom 1 --tmpunlink 1 --epoll 1 --udp 1 --netlink 1 --unix_listen 1 --mmap_db 1,[all 구성·filelocks] ok — 이 라인의 자원은 해당 옵션에서 무해
S049all.file__epg_reserve,S,epg_reserve,filelocks,none,none,0,normal,resume,--db_mib 8 --index_mib 12 --parse_iters 120000 --refresh_ms 500 --refresh_kib 256 --timer 1 --timer_s 60 --watch 1 --substeps 1 --hub_conns 4 --hub_pending 8 --tcp reqresp --threads 4 --selfpipe 1 --eventfd 1 --db_lock flock --shm_mib 4 --log_dgram 1 --render 1 --workdir 1 --child 1 --zombie 1 --sigpend 1 --urandom 1 --tmpunlink 1 --epoll 1 --udp 1 --netlink 1 --unix_listen 1 --mmap_db 1,[all 구성·filelocks] ok — 이 라인의 자원은 해당 옵션에서 무해
S049all.file__thread1,S,thread1,filelocks,none,none,0,normal,resume,--db_mib 8 --index_mib 12 --parse_iters 120000 --refresh_ms 500 --refresh_kib 256 --timer 1 --timer_s 60 --watch 1 --substeps 1 --hub_conns 4 --hub_pending 8 --tcp reqresp --threads 4 --selfpipe 1 --eventfd 1 --db_lock flock --shm_mib 4 --log_dgram 1 --render 1 --workdir 1 --child 1 --zombie 1 --sigpend 1 --urandom 1 --tmpunlink 1 --epoll 1 --udp 1 --netlink 1 --unix_listen 1 --mmap_db 1,[all 구성·filelocks] ok — 이 라인의 자원은 해당 옵션에서 무해
S049all.file__thread2,S,thread2,filelocks,none,none,0,normal,resume,--db_mib 8 --index_mib 12 --parse_iters 120000 --refresh_ms 500 --refresh_kib 256 --timer 1 --timer_s 60 --watch 1 --substeps 1 --hub_conns 4 --hub_pending 8 --tcp reqresp --threads 4 --selfpipe 1 --eventfd 1 --db_lock flock --shm_mib 4 --log_dgram 1 --render 1 --workdir 1 --child 1 --zombie 1 --sigpend 1 --urandom 1 --tmpunlink 1 --epoll 1 --udp 1 --netlink 1 --unix_listen 1 --mmap_db 1,[all 구성·filelocks] ok — 이 라인의 자원은 해당 옵션에서 무해
S049all.file__thread3,S,thread3,filelocks,none,none,0,normal,resume,--db_mib 8 --index_mib 12 --parse_iters 120000 --refresh_ms 500 --refresh_kib 256 --timer 1 --timer_s 60 --watch 1 --substeps 1 --hub_conns 4 --hub_pending 8 --tcp reqresp --threads 4 --selfpipe 1 --eventfd 1 --db_lock flock --shm_mib 4 --log_dgram 1 --render 1 --workdir 1 --child 1 --zombie 1 --sigpend 1 --urandom 1 --tmpunlink 1 --epoll 1 --udp 1 --netlink 1 --unix_listen 1 --mmap_db 1,[all 구성·filelocks] ok — 이 라인의 자원은 해당 옵션에서 무해
S049all.file__thread4,S,thread4,filelocks,none,none,0,normal,resume,--db_mib 8 --index_mib 12 --parse_iters 120000 --refresh_ms 500 --refresh_kib 256 --timer 1 --timer_s 60 --watch 1 --substeps 1 --hub_conns 4 --hub_pending 8 --tcp reqresp --threads 4 --selfpipe 1 --eventfd 1 --db_lock flock --shm_mib 4 --log_dgram 1 --render 1 --workdir 1 --child 1 --zombie 1 --sigpend 1 --urandom 1 --tmpunlink 1 --epoll 1 --udp 1 --netlink 1 --unix_listen 1 --mmap_db 1,[all 구성·filelocks] ok — 이 라인의 자원은 해당 옵션에서 무해
S049all.file__helper_forked,S,helper_forked,filelocks,none,none,0,normal,resume,--db_mib 8 --index_mib 12 --parse_iters 120000 --refresh_ms 500 --refresh_kib 256 --timer 1 --timer_s 60 --watch 1 --substeps 1 --hub_conns 4 --hub_pending 8 --tcp reqresp --threads 4 --selfpipe 1 --eventfd 1 --db_lock flock --shm_mib 4 --log_dgram 1 --render 1 --workdir 1 --child 1 --zombie 1 --sigpend 1 --urandom 1 --tmpunlink 1 --epoll 1 --udp 1 --netlink 1 --unix_listen 1 --mmap_db 1,[all 구성·filelocks] ok — 이 라인의 자원은 해당 옵션에서 무해
S049all.file__zombie_made,S,zombie_made,filelocks,none,none,0,normal,resume,--db_mib 8 --index_mib 12 --parse_iters 120000 --refresh_ms 500 --refresh_kib 256 --timer 1 --timer_s 60 --watch 1 --substeps 1 --hub_conns 4 --hub_pending 8 --tcp reqresp --threads 4 --selfpipe 1 --eventfd 1 --db_lock flock --shm_mib 4 --log_dgram 1 --render 1 --workdir 1 --child 1 --zombie 1 --sigpend 1 --urandom 1 --tmpunlink 1 --epoll 1 --udp 1 --netlink 1 --unix_listen 1 --mmap_db 1,[all 구성·filelocks] ok — 이 라인의 자원은 해당 옵션에서 무해
S049all.file__selfpipe,S,selfpipe,filelocks,none,none,0,normal,resume,--db_mib 8 --index_mib 12 --parse_iters 120000 --refresh_ms 500 --refresh_kib 256 --timer 1 --timer_s 60 --watch 1 --substeps 1 --hub_conns 4 --hub_pending 8 --tcp reqresp --threads 4 --selfpipe 1 --eventfd 1 --db_lock flock --shm_mib 4 --log_dgram 1 --render 1 --workdir 1 --child 1 --zombie 1 --sigpend 1 --urandom 1 --tmpunlink 1 --epoll 1 --udp 1 --netlink 1 --unix_listen 1 --mmap_db 1,[all 구성·filelocks] ok — 이 라인의 자원은 해당 옵션에서 무해
S049all.file__eventfd_open,S,eventfd_open,filelocks,none,none,0,normal,resume,--db_mib 8 --index_mib 12 --parse_iters 120000 --refresh_ms 500 --refresh_kib 256 --timer 1 --timer_s 60 --watch 1 --substeps 1 --hub_conns 4 --hub_pending 8 --tcp reqresp --threads 4 --selfpipe 1 --eventfd 1 --db_lock flock --shm_mib 4 --log_dgram 1 --render 1 --workdir 1 --child 1 --zombie 1 --sigpend 1 --urandom 1 --tmpunlink 1 --epoll 1 --udp 1 --netlink 1 --unix_listen 1 --mmap_db 1,[all 구성·filelocks] ok — 이 라인의 자원은 해당 옵션에서 무해
S049all.file__shm_map,S,shm_map,filelocks,none,none,0,normal,resume,--db_mib 8 --index_mib 12 --parse_iters 120000 --refresh_ms 500 --refresh_kib 256 --timer 1 --timer_s 60 --watch 1 --substeps 1 --hub_conns 4 --hub_pending 8 --tcp reqresp --threads 4 --selfpipe 1 --eventfd 1 --db_lock flock --shm_mib 4 --log_dgram 1 --render 1 --workdir 1 --child 1 --zombie 1 --sigpend 1 --urandom 1 --tmpunlink 1 --epoll 1 --udp 1 --netlink 1 --unix_listen 1 --mmap_db 1,[all 구성·filelocks] ok — 이 라인의 자원은 해당 옵션에서 무해
S049all.file__workdir,S,workdir,filelocks,none,none,0,normal,resume,--db_mib 8 --index_mib 12 --parse_iters 120000 --refresh_ms 500 --refresh_kib 256 --timer 1 --timer_s 60 --watch 1 --substeps 1 --hub_conns 4 --hub_pending 8 --tcp reqresp --threads 4 --selfpipe 1 --eventfd 1 --db_lock flock --shm_mib 4 --log_dgram 1 --render 1 --workdir 1 --child 1 --zombie 1 --sigpend 1 --urandom 1 --tmpunlink 1 --epoll 1 --udp 1 --netlink 1 --unix_listen 1 --mmap_db 1,[all 구성·filelocks] ok — 이 라인의 자원은 해당 옵션에서 무해
S049all.file__tmp_journal,S,tmp_journal,filelocks,none,none,0,normal,resume,--db_mib 8 --index_mib 12 --parse_iters 120000 --refresh_ms 500 --refresh_kib 256 --timer 1 --timer_s 60 --watch 1 --substeps 1 --hub_conns 4 --hub_pending 8 --tcp reqresp --threads 4 --selfpipe 1 --eventfd 1 --db_lock flock --shm_mib 4 --log_dgram 1 --render 1 --workdir 1 --child 1 --zombie 1 --sigpend 1 --urandom 1 --tmpunlink 1 --epoll 1 --udp 1 --netlink 1 --unix_listen 1 --mmap_db 1,[all 구성·filelocks] ok — 이 라인의 자원은 해당 옵션에서 무해
S049all.file__hub_conn1,S,hub_conn1,filelocks,none,none,0,normal,resume,--db_mib 8 --index_mib 12 --parse_iters 120000 --refresh_ms 500 --refresh_kib 256 --timer 1 --timer_s 60 --watch 1 --substeps 1 --hub_conns 4 --hub_pending 8 --tcp reqresp --threads 4 --selfpipe 1 --eventfd 1 --db_lock flock --shm_mib 4 --log_dgram 1 --render 1 --workdir 1 --child 1 --zombie 1 --sigpend 1 --urandom 1 --tmpunlink 1 --epoll 1 --udp 1 --netlink 1 --unix_listen 1 --mmap_db 1,"[all 구성·filelocks] dump_fail — hub established는 옵션 불가 (경계선 2, 처방만이 답)"
S049all.file__hub_conn2,S,hub_conn2,filelocks,none,none,0,normal,resume,--db_mib 8 --index_mib 12 --parse_iters 120000 --refresh_ms 500 --refresh_kib 256 --timer 1 --timer_s 60 --watch 1 --substeps 1 --hub_conns 4 --hub_pending 8 --tcp reqresp --threads 4 --selfpipe 1 --eventfd 1 --db_lock flock --shm_mib 4 --log_dgram 1 --render 1 --workdir 1 --child 1 --zombie 1 --sigpend 1 --urandom 1 --tmpunlink 1 --epoll 1 --udp 1 --netlink 1 --unix_listen 1 --mmap_db 1,"[all 구성·filelocks] dump_fail — hub established는 옵션 불가 (경계선 2, 처방만이 답)"
S049all.file__hub_conn3,S,hub_conn3,filelocks,none,none,0,normal,resume,--db_mib 8 --index_mib 12 --parse_iters 120000 --refresh_ms 500 --refresh_kib 256 --timer 1 --timer_s 60 --watch 1 --substeps 1 --hub_conns 4 --hub_pending 8 --tcp reqresp --threads 4 --selfpipe 1 --eventfd 1 --db_lock flock --shm_mib 4 --log_dgram 1 --render 1 --workdir 1 --child 1 --zombie 1 --sigpend 1 --urandom 1 --tmpunlink 1 --epoll 1 --udp 1 --netlink 1 --unix_listen 1 --mmap_db 1,"[all 구성·filelocks] dump_fail — hub established는 옵션 불가 (경계선 2, 처방만이 답)"
S049all.file__hub_conn4,S,hub_conn4,filelocks,none,none,0,normal,resume,--db_mib 8 --index_mib 12 --parse_iters 120000 --refresh_ms 500 --refresh_kib 256 --timer 1 --timer_s 60 --watch 1 --substeps 1 --hub_conns 4 --hub_pending 8 --tcp reqresp --threads 4 --selfpipe 1 --eventfd 1 --db_lock flock --shm_mib 4 --log_dgram 1 --render 1 --workdir 1 --child 1 --zombie 1 --sigpend 1 --urandom 1 --tmpunlink 1 --epoll 1 --udp 1 --netlink 1 --unix_listen 1 --mmap_db 1,"[all 구성·filelocks] dump_fail — hub established는 옵션 불가 (경계선 2, 처방만이 답)"
S049all.file__hub_subscribed,S,hub_subscribed,filelocks,none,none,0,normal,resume,--db_mib 8 --index_mib 12 --parse_iters 120000 --refresh_ms 500 --refresh_kib 256 --timer 1 --timer_s 60 --watch 1 --substeps 1 --hub_conns 4 --hub_pending 8 --tcp reqresp --threads 4 --selfpipe 1 --eventfd 1 --db_lock flock --shm_mib 4 --log_dgram 1 --render 1 --workdir 1 --child 1 --zombie 1 --sigpend 1 --urandom 1 --tmpunlink 1 --epoll 1 --udp 1 --netlink 1 --unix_listen 1 --mmap_db 1,"[all 구성·filelocks] dump_fail — hub established는 옵션 불가 (경계선 2, 처방만이 답)"
S049all.file__render_conn,S,render_conn,filelocks,none,none,0,normal,resume,--db_mib 8 --index_mib 12 --parse_iters 120000 --refresh_ms 500 --refresh_kib 256 --timer 1 --timer_s 60 --watch 1 --substeps 1 --hub_conns 4 --hub_pending 8 --tcp reqresp --threads 4 --selfpipe 1 --eventfd 1 --db_lock flock --shm_mib 4 --log_dgram 1 --render 1 --workdir 1 --child 1 --zombie 1 --sigpend 1 --urandom 1 --tmpunlink 1 --epoll 1 --udp 1 --netlink 1 --unix_listen 1 --mmap_db 1,"[all 구성·filelocks] dump_fail — hub established는 옵션 불가 (경계선 2, 처방만이 답)"
S049all.file__tcp_conn,S,tcp_conn,filelocks,none,none,0,normal,resume,--db_mib 8 --index_mib 12 --parse_iters 120000 --refresh_ms 500 --refresh_kib 256 --timer 1 --timer_s 60 --watch 1 --substeps 1 --hub_conns 4 --hub_pending 8 --tcp reqresp --threads 4 --selfpipe 1 --eventfd 1 --db_lock flock --shm_mib 4 --log_dgram 1 --render 1 --workdir 1 --child 1 --zombie 1 --sigpend 1 --urandom 1 --tmpunlink 1 --epoll 1 --udp 1 --netlink 1 --unix_listen 1 --mmap_db 1,"[all 구성·filelocks] dump_fail — hub established는 옵션 불가 (경계선 2, 처방만이 답)"
S049all.file__epoll_open,S,epoll_open,filelocks,none,none,0,normal,resume,--db_mib 8 --index_mib 12 --parse_iters 120000 --refresh_ms 500 --refresh_kib 256 --timer 1 --timer_s 60 --watch 1 --substeps 1 --hub_conns 4 --hub_pending 8 --tcp reqresp --threads 4 --selfpipe 1 --eventfd 1 --db_lock flock --shm_mib 4 --log_dgram 1 --render 1 --workdir 1 --child 1 --zombie 1 --sigpend 1 --urandom 1 --tmpunlink 1 --epoll 1 --udp 1 --netlink 1 --unix_listen 1 --mmap_db 1,"[all 구성·filelocks] dump_fail — hub established는 옵션 불가 (경계선 2, 처방만이 답)"
S049all.file__svc_listen,S,svc_listen,filelocks,none,none,0,normal,resume,--db_mib 8 --index_mib 12 --parse_iters 120000 --refresh_ms 500 --refresh_kib 256 --timer 1 --timer_s 60 --watch 1 --substeps 1 --hub_conns 4 --hub_pending 8 --tcp reqresp --threads 4 --selfpipe 1 --eventfd 1 --db_lock flock --shm_mib 4 --log_dgram 1 --render 1 --workdir 1 --child 1 --zombie 1 --sigpend 1 --urandom 1 --tmpunlink 1 --epoll 1 --udp 1 --netlink 1 --unix_listen 1 --mmap_db 1,"[all 구성·filelocks] dump_fail — hub established는 옵션 불가 (경계선 2, 처방만이 답)"
S049all.file__udp_open,S,udp_open,filelocks,none,none,0,normal,resume,--db_mib 8 --index_mib 12 --parse_iters 120000 --refresh_ms 500 --refresh_kib 256 --timer 1 --timer_s 60 --watch 1 --substeps 1 --hub_conns 4 --hub_pending 8 --tcp reqresp --threads 4 --selfpipe 1 --eventfd 1 --db_lock flock --shm_mib 4 --log_dgram 1 --render 1 --workdir 1 --child 1 --zombie 1 --sigpend 1 --urandom 1 --tmpunlink 1 --epoll 1 --udp 1 --netlink 1 --unix_listen 1 --mmap_db 1,"[all 구성·filelocks] dump_fail — hub established는 옵션 불가 (경계선 2, 처방만이 답)"
S049all.file__netlink_open,S,netlink_open,filelocks,none,none,0,normal,resume,--db_mib 8 --index_mib 12 --parse_iters 120000 --refresh_ms 500 --refresh_kib 256 --timer 1 --timer_s 60 --watch 1 --substeps 1 --hub_conns 4 --hub_pending 8 --tcp reqresp --threads 4 --selfpipe 1 --eventfd 1 --db_lock flock --shm_mib 4 --log_dgram 1 --render 1 --workdir 1 --child 1 --zombie 1 --sigpend 1 --urandom 1 --tmpunlink 1 --epoll 1 --udp 1 --netlink 1 --unix_listen 1 --mmap_db 1,"[all 구성·filelocks] dump_fail — hub established는 옵션 불가 (경계선 2, 처방만이 답)"
S049all.file__timer_armed,S,timer_armed,filelocks,none,none,0,normal,resume,--db_mib 8 --index_mib 12 --parse_iters 120000 --refresh_ms 500 --refresh_kib 256 --timer 1 --timer_s 60 --watch 1 --substeps 1 --hub_conns 4 --hub_pending 8 --tcp reqresp --threads 4 --selfpipe 1 --eventfd 1 --db_lock flock --shm_mib 4 --log_dgram 1 --render 1 --workdir 1 --child 1 --zombie 1 --sigpend 1 --urandom 1 --tmpunlink 1 --epoll 1 --udp 1 --netlink 1 --unix_listen 1 --mmap_db 1,"[all 구성·filelocks] dump_fail — hub established는 옵션 불가 (경계선 2, 처방만이 답)"
S049all.file__db_watch,S,db_watch,filelocks,none,none,0,normal,resume,--db_mib 8 --index_mib 12 --parse_iters 120000 --refresh_ms 500 --refresh_kib 256 --timer 1 --timer_s 60 --watch 1 --substeps 1 --hub_conns 4 --hub_pending 8 --tcp reqresp --threads 4 --selfpipe 1 --eventfd 1 --db_lock flock --shm_mib 4 --log_dgram 1 --render 1 --workdir 1 --child 1 --zombie 1 --sigpend 1 --urandom 1 --tmpunlink 1 --epoll 1 --udp 1 --netlink 1 --unix_listen 1 --mmap_db 1,"[all 구성·filelocks] dump_fail — hub established는 옵션 불가 (경계선 2, 처방만이 답)"
S049all.file__db_mmap,S,db_mmap,filelocks,none,none,0,normal,resume,--db_mib 8 --index_mib 12 --parse_iters 120000 --refresh_ms 500 --refresh_kib 256 --timer 1 --timer_s 60 --watch 1 --substeps 1 --hub_conns 4 --hub_pending 8 --tcp reqresp --threads 4 --selfpipe 1 --eventfd 1 --db_lock flock --shm_mib 4 --log_dgram 1 --render 1 --workdir 1 --child 1 --zombie 1 --sigpend 1 --urandom 1 --tmpunlink 1 --epoll 1 --udp 1 --netlink 1 --unix_listen 1 --mmap_db 1,"[all 구성·filelocks] dump_fail — hub established는 옵션 불가 (경계선 2, 처방만이 답)"
S049all.file__ready,S,ready,filelocks,none,none,0,normal,"pong,stat",--db_mib 8 --index_mib 12 --parse_iters 120000 --refresh_ms 500 --refresh_kib 256 --timer 1 --timer_s 60 --watch 1 --substeps 1 --hub_conns 4 --hub_pending 8 --tcp reqresp --threads 4 --selfpipe 1 --eventfd 1 --db_lock flock --shm_mib 4 --log_dgram 1 --render 1 --workdir 1 --child 1 --zombie 1 --sigpend 1 --urandom 1 --tmpunlink 1 --epoll 1 --udp 1 --netlink 1 --unix_listen 1 --mmap_db 1,"[all 구성·filelocks] dump_fail — hub established는 옵션 불가 (경계선 2, 처방만이 답)"
S049all.file__steady,S,steady,filelocks,none,none,0,normal,"pong,stat",--db_mib 8 --index_mib 12 --parse_iters 120000 --refresh_ms 500 --refresh_kib 256 --timer 1 --timer_s 60 --watch 1 --substeps 1 --hub_conns 4 --hub_pending 8 --tcp reqresp --threads 4 --selfpipe 1 --eventfd 1 --db_lock flock --shm_mib 4 --log_dgram 1 --render 1 --workdir 1 --child 1 --zombie 1 --sigpend 1 --urandom 1 --tmpunlink 1 --epoll 1 --udp 1 --netlink 1 --unix_listen 1 --mmap_db 1,"[all 구성·filelocks] dump_fail — hub established는 옵션 불가 (경계선 2, 처방만이 답)"
S050all.perm__init,S,init,permissive,none,none,0,normal,resume,--db_mib 8 --index_mib 12 --parse_iters 120000 --refresh_ms 500 --refresh_kib 256 --timer 1 --timer_s 60 --watch 1 --substeps 1 --hub_conns 4 --hub_pending 8 --tcp reqresp --threads 4 --selfpipe 1 --eventfd 1 --db_lock flock --shm_mib 4 --log_dgram 1 --render 1 --workdir 1 --child 1 --zombie 1 --sigpend 1 --urandom 1 --tmpunlink 1 --epoll 1 --udp 1 --netlink 1 --unix_listen 1 --mmap_db 1,[all 구성·permissive] ok — 이 라인의 자원은 해당 옵션에서 무해
S050all.perm__sig_pending,S,sig_pending,permissive,none,none,0,normal,resume,--db_mib 8 --index_mib 12 --parse_iters 120000 --refresh_ms 500 --refresh_kib 256 --timer 1 --timer_s 60 --watch 1 --substeps 1 --hub_conns 4 --hub_pending 8 --tcp reqresp --threads 4 --selfpipe 1 --eventfd 1 --db_lock flock --shm_mib 4 --log_dgram 1 --render 1 --workdir 1 --child 1 --zombie 1 --sigpend 1 --urandom 1 --tmpunlink 1 --epoll 1 --udp 1 --netlink 1 --unix_listen 1 --mmap_db 1,[all 구성·permissive] ok — 이 라인의 자원은 해당 옵션에서 무해
S050all.perm__dev_urandom,S,dev_urandom,permissive,none,none,0,normal,resume,--db_mib 8 --index_mib 12 --parse_iters 120000 --refresh_ms 500 --refresh_kib 256 --timer 1 --timer_s 60 --watch 1 --substeps 1 --hub_conns 4 --hub_pending 8 --tcp reqresp --threads 4 --selfpipe 1 --eventfd 1 --db_lock flock --shm_mib 4 --log_dgram 1 --render 1 --workdir 1 --child 1 --zombie 1 --sigpend 1 --urandom 1 --tmpunlink 1 --epoll 1 --udp 1 --netlink 1 --unix_listen 1 --mmap_db 1,[all 구성·permissive] ok — 이 라인의 자원은 해당 옵션에서 무해
S050all.perm__log_open,S,log_open,permissive,none,none,0,normal,resume,--db_mib 8 --index_mib 12 --parse_iters 120000 --refresh_ms 500 --refresh_kib 256 --timer 1 --timer_s 60 --watch 1 --substeps 1 --hub_conns 4 --hub_pending 8 --tcp reqresp --threads 4 --selfpipe 1 --eventfd 1 --db_lock flock --shm_mib 4 --log_dgram 1 --render 1 --workdir 1 --child 1 --zombie 1 --sigpend 1 --urandom 1 --tmpunlink 1 --epoll 1 --udp 1 --netlink 1 --unix_listen 1 --mmap_db 1,[all 구성·permissive] ok — 이 라인의 자원은 해당 옵션에서 무해
S050all.perm__db_open,S,db_open,permissive,none,none,0,normal,resume,--db_mib 8 --index_mib 12 --parse_iters 120000 --refresh_ms 500 --refresh_kib 256 --timer 1 --timer_s 60 --watch 1 --substeps 1 --hub_conns 4 --hub_pending 8 --tcp reqresp --threads 4 --selfpipe 1 --eventfd 1 --db_lock flock --shm_mib 4 --log_dgram 1 --render 1 --workdir 1 --child 1 --zombie 1 --sigpend 1 --urandom 1 --tmpunlink 1 --epoll 1 --udp 1 --netlink 1 --unix_listen 1 --mmap_db 1,[all 구성·permissive] ok — 이 라인의 자원은 해당 옵션에서 무해
S050all.perm__db_lock,S,db_lock,permissive,none,none,0,normal,resume,--db_mib 8 --index_mib 12 --parse_iters 120000 --refresh_ms 500 --refresh_kib 256 --timer 1 --timer_s 60 --watch 1 --substeps 1 --hub_conns 4 --hub_pending 8 --tcp reqresp --threads 4 --selfpipe 1 --eventfd 1 --db_lock flock --shm_mib 4 --log_dgram 1 --render 1 --workdir 1 --child 1 --zombie 1 --sigpend 1 --urandom 1 --tmpunlink 1 --epoll 1 --udp 1 --netlink 1 --unix_listen 1 --mmap_db 1,[all 구성·permissive] ok — 이 라인의 자원은 해당 옵션에서 무해
S050all.perm__db_read_p25,S,db_read_p25,permissive,none,none,0,normal,resume,--db_mib 8 --index_mib 12 --parse_iters 120000 --refresh_ms 500 --refresh_kib 256 --timer 1 --timer_s 60 --watch 1 --substeps 1 --hub_conns 4 --hub_pending 8 --tcp reqresp --threads 4 --selfpipe 1 --eventfd 1 --db_lock flock --shm_mib 4 --log_dgram 1 --render 1 --workdir 1 --child 1 --zombie 1 --sigpend 1 --urandom 1 --tmpunlink 1 --epoll 1 --udp 1 --netlink 1 --unix_listen 1 --mmap_db 1,[all 구성·permissive] ok — 이 라인의 자원은 해당 옵션에서 무해
S050all.perm__db_read_p50,S,db_read_p50,permissive,none,none,0,normal,resume,--db_mib 8 --index_mib 12 --parse_iters 120000 --refresh_ms 500 --refresh_kib 256 --timer 1 --timer_s 60 --watch 1 --substeps 1 --hub_conns 4 --hub_pending 8 --tcp reqresp --threads 4 --selfpipe 1 --eventfd 1 --db_lock flock --shm_mib 4 --log_dgram 1 --render 1 --workdir 1 --child 1 --zombie 1 --sigpend 1 --urandom 1 --tmpunlink 1 --epoll 1 --udp 1 --netlink 1 --unix_listen 1 --mmap_db 1,[all 구성·permissive] ok — 이 라인의 자원은 해당 옵션에서 무해
S050all.perm__db_read_p75,S,db_read_p75,permissive,none,none,0,normal,resume,--db_mib 8 --index_mib 12 --parse_iters 120000 --refresh_ms 500 --refresh_kib 256 --timer 1 --timer_s 60 --watch 1 --substeps 1 --hub_conns 4 --hub_pending 8 --tcp reqresp --threads 4 --selfpipe 1 --eventfd 1 --db_lock flock --shm_mib 4 --log_dgram 1 --render 1 --workdir 1 --child 1 --zombie 1 --sigpend 1 --urandom 1 --tmpunlink 1 --epoll 1 --udp 1 --netlink 1 --unix_listen 1 --mmap_db 1,[all 구성·permissive] ok — 이 라인의 자원은 해당 옵션에서 무해
S050all.perm__db_parse,S,db_parse,permissive,none,none,0,normal,resume,--db_mib 8 --index_mib 12 --parse_iters 120000 --refresh_ms 500 --refresh_kib 256 --timer 1 --timer_s 60 --watch 1 --substeps 1 --hub_conns 4 --hub_pending 8 --tcp reqresp --threads 4 --selfpipe 1 --eventfd 1 --db_lock flock --shm_mib 4 --log_dgram 1 --render 1 --workdir 1 --child 1 --zombie 1 --sigpend 1 --urandom 1 --tmpunlink 1 --epoll 1 --udp 1 --netlink 1 --unix_listen 1 --mmap_db 1,[all 구성·permissive] ok — 이 라인의 자원은 해당 옵션에서 무해
S050all.perm__db_parse_p25,S,db_parse_p25,permissive,none,none,0,normal,resume,--db_mib 8 --index_mib 12 --parse_iters 120000 --refresh_ms 500 --refresh_kib 256 --timer 1 --timer_s 60 --watch 1 --substeps 1 --hub_conns 4 --hub_pending 8 --tcp reqresp --threads 4 --selfpipe 1 --eventfd 1 --db_lock flock --shm_mib 4 --log_dgram 1 --render 1 --workdir 1 --child 1 --zombie 1 --sigpend 1 --urandom 1 --tmpunlink 1 --epoll 1 --udp 1 --netlink 1 --unix_listen 1 --mmap_db 1,[all 구성·permissive] ok — 이 라인의 자원은 해당 옵션에서 무해
S050all.perm__db_parse_p50,S,db_parse_p50,permissive,none,none,0,normal,resume,--db_mib 8 --index_mib 12 --parse_iters 120000 --refresh_ms 500 --refresh_kib 256 --timer 1 --timer_s 60 --watch 1 --substeps 1 --hub_conns 4 --hub_pending 8 --tcp reqresp --threads 4 --selfpipe 1 --eventfd 1 --db_lock flock --shm_mib 4 --log_dgram 1 --render 1 --workdir 1 --child 1 --zombie 1 --sigpend 1 --urandom 1 --tmpunlink 1 --epoll 1 --udp 1 --netlink 1 --unix_listen 1 --mmap_db 1,[all 구성·permissive] ok — 이 라인의 자원은 해당 옵션에서 무해
S050all.perm__db_parse_p75,S,db_parse_p75,permissive,none,none,0,normal,resume,--db_mib 8 --index_mib 12 --parse_iters 120000 --refresh_ms 500 --refresh_kib 256 --timer 1 --timer_s 60 --watch 1 --substeps 1 --hub_conns 4 --hub_pending 8 --tcp reqresp --threads 4 --selfpipe 1 --eventfd 1 --db_lock flock --shm_mib 4 --log_dgram 1 --render 1 --workdir 1 --child 1 --zombie 1 --sigpend 1 --urandom 1 --tmpunlink 1 --epoll 1 --udp 1 --netlink 1 --unix_listen 1 --mmap_db 1,[all 구성·permissive] ok — 이 라인의 자원은 해당 옵션에서 무해
S050all.perm__epg_index,S,epg_index,permissive,none,none,0,normal,resume,--db_mib 8 --index_mib 12 --parse_iters 120000 --refresh_ms 500 --refresh_kib 256 --timer 1 --timer_s 60 --watch 1 --substeps 1 --hub_conns 4 --hub_pending 8 --tcp reqresp --threads 4 --selfpipe 1 --eventfd 1 --db_lock flock --shm_mib 4 --log_dgram 1 --render 1 --workdir 1 --child 1 --zombie 1 --sigpend 1 --urandom 1 --tmpunlink 1 --epoll 1 --udp 1 --netlink 1 --unix_listen 1 --mmap_db 1,[all 구성·permissive] ok — 이 라인의 자원은 해당 옵션에서 무해
S050all.perm__epg_index_p25,S,epg_index_p25,permissive,none,none,0,normal,resume,--db_mib 8 --index_mib 12 --parse_iters 120000 --refresh_ms 500 --refresh_kib 256 --timer 1 --timer_s 60 --watch 1 --substeps 1 --hub_conns 4 --hub_pending 8 --tcp reqresp --threads 4 --selfpipe 1 --eventfd 1 --db_lock flock --shm_mib 4 --log_dgram 1 --render 1 --workdir 1 --child 1 --zombie 1 --sigpend 1 --urandom 1 --tmpunlink 1 --epoll 1 --udp 1 --netlink 1 --unix_listen 1 --mmap_db 1,[all 구성·permissive] ok — 이 라인의 자원은 해당 옵션에서 무해
S050all.perm__epg_index_p50,S,epg_index_p50,permissive,none,none,0,normal,resume,--db_mib 8 --index_mib 12 --parse_iters 120000 --refresh_ms 500 --refresh_kib 256 --timer 1 --timer_s 60 --watch 1 --substeps 1 --hub_conns 4 --hub_pending 8 --tcp reqresp --threads 4 --selfpipe 1 --eventfd 1 --db_lock flock --shm_mib 4 --log_dgram 1 --render 1 --workdir 1 --child 1 --zombie 1 --sigpend 1 --urandom 1 --tmpunlink 1 --epoll 1 --udp 1 --netlink 1 --unix_listen 1 --mmap_db 1,[all 구성·permissive] ok — 이 라인의 자원은 해당 옵션에서 무해
S050all.perm__epg_index_p75,S,epg_index_p75,permissive,none,none,0,normal,resume,--db_mib 8 --index_mib 12 --parse_iters 120000 --refresh_ms 500 --refresh_kib 256 --timer 1 --timer_s 60 --watch 1 --substeps 1 --hub_conns 4 --hub_pending 8 --tcp reqresp --threads 4 --selfpipe 1 --eventfd 1 --db_lock flock --shm_mib 4 --log_dgram 1 --render 1 --workdir 1 --child 1 --zombie 1 --sigpend 1 --urandom 1 --tmpunlink 1 --epoll 1 --udp 1 --netlink 1 --unix_listen 1 --mmap_db 1,[all 구성·permissive] ok — 이 라인의 자원은 해당 옵션에서 무해
S050all.perm__epg_text,S,epg_text,permissive,none,none,0,normal,resume,--db_mib 8 --index_mib 12 --parse_iters 120000 --refresh_ms 500 --refresh_kib 256 --timer 1 --timer_s 60 --watch 1 --substeps 1 --hub_conns 4 --hub_pending 8 --tcp reqresp --threads 4 --selfpipe 1 --eventfd 1 --db_lock flock --shm_mib 4 --log_dgram 1 --render 1 --workdir 1 --child 1 --zombie 1 --sigpend 1 --urandom 1 --tmpunlink 1 --epoll 1 --udp 1 --netlink 1 --unix_listen 1 --mmap_db 1,[all 구성·permissive] ok — 이 라인의 자원은 해당 옵션에서 무해
S050all.perm__epg_reserve,S,epg_reserve,permissive,none,none,0,normal,resume,--db_mib 8 --index_mib 12 --parse_iters 120000 --refresh_ms 500 --refresh_kib 256 --timer 1 --timer_s 60 --watch 1 --substeps 1 --hub_conns 4 --hub_pending 8 --tcp reqresp --threads 4 --selfpipe 1 --eventfd 1 --db_lock flock --shm_mib 4 --log_dgram 1 --render 1 --workdir 1 --child 1 --zombie 1 --sigpend 1 --urandom 1 --tmpunlink 1 --epoll 1 --udp 1 --netlink 1 --unix_listen 1 --mmap_db 1,[all 구성·permissive] ok — 이 라인의 자원은 해당 옵션에서 무해
S050all.perm__thread1,S,thread1,permissive,none,none,0,normal,resume,--db_mib 8 --index_mib 12 --parse_iters 120000 --refresh_ms 500 --refresh_kib 256 --timer 1 --timer_s 60 --watch 1 --substeps 1 --hub_conns 4 --hub_pending 8 --tcp reqresp --threads 4 --selfpipe 1 --eventfd 1 --db_lock flock --shm_mib 4 --log_dgram 1 --render 1 --workdir 1 --child 1 --zombie 1 --sigpend 1 --urandom 1 --tmpunlink 1 --epoll 1 --udp 1 --netlink 1 --unix_listen 1 --mmap_db 1,[all 구성·permissive] ok — 이 라인의 자원은 해당 옵션에서 무해
S050all.perm__thread2,S,thread2,permissive,none,none,0,normal,resume,--db_mib 8 --index_mib 12 --parse_iters 120000 --refresh_ms 500 --refresh_kib 256 --timer 1 --timer_s 60 --watch 1 --substeps 1 --hub_conns 4 --hub_pending 8 --tcp reqresp --threads 4 --selfpipe 1 --eventfd 1 --db_lock flock --shm_mib 4 --log_dgram 1 --render 1 --workdir 1 --child 1 --zombie 1 --sigpend 1 --urandom 1 --tmpunlink 1 --epoll 1 --udp 1 --netlink 1 --unix_listen 1 --mmap_db 1,[all 구성·permissive] ok — 이 라인의 자원은 해당 옵션에서 무해
S050all.perm__thread3,S,thread3,permissive,none,none,0,normal,resume,--db_mib 8 --index_mib 12 --parse_iters 120000 --refresh_ms 500 --refresh_kib 256 --timer 1 --timer_s 60 --watch 1 --substeps 1 --hub_conns 4 --hub_pending 8 --tcp reqresp --threads 4 --selfpipe 1 --eventfd 1 --db_lock flock --shm_mib 4 --log_dgram 1 --render 1 --workdir 1 --child 1 --zombie 1 --sigpend 1 --urandom 1 --tmpunlink 1 --epoll 1 --udp 1 --netlink 1 --unix_listen 1 --mmap_db 1,[all 구성·permissive] ok — 이 라인의 자원은 해당 옵션에서 무해
S050all.perm__thread4,S,thread4,permissive,none,none,0,normal,resume,--db_mib 8 --index_mib 12 --parse_iters 120000 --refresh_ms 500 --refresh_kib 256 --timer 1 --timer_s 60 --watch 1 --substeps 1 --hub_conns 4 --hub_pending 8 --tcp reqresp --threads 4 --selfpipe 1 --eventfd 1 --db_lock flock --shm_mib 4 --log_dgram 1 --render 1 --workdir 1 --child 1 --zombie 1 --sigpend 1 --urandom 1 --tmpunlink 1 --epoll 1 --udp 1 --netlink 1 --unix_listen 1 --mmap_db 1,[all 구성·permissive] ok — 이 라인의 자원은 해당 옵션에서 무해
S050all.perm__helper_forked,S,helper_forked,permissive,none,none,0,normal,resume,--db_mib 8 --index_mib 12 --parse_iters 120000 --refresh_ms 500 --refresh_kib 256 --timer 1 --timer_s 60 --watch 1 --substeps 1 --hub_conns 4 --hub_pending 8 --tcp reqresp --threads 4 --selfpipe 1 --eventfd 1 --db_lock flock --shm_mib 4 --log_dgram 1 --render 1 --workdir 1 --child 1 --zombie 1 --sigpend 1 --urandom 1 --tmpunlink 1 --epoll 1 --udp 1 --netlink 1 --unix_listen 1 --mmap_db 1,[all 구성·permissive] ok — 이 라인의 자원은 해당 옵션에서 무해
S050all.perm__zombie_made,S,zombie_made,permissive,none,none,0,normal,resume,--db_mib 8 --index_mib 12 --parse_iters 120000 --refresh_ms 500 --refresh_kib 256 --timer 1 --timer_s 60 --watch 1 --substeps 1 --hub_conns 4 --hub_pending 8 --tcp reqresp --threads 4 --selfpipe 1 --eventfd 1 --db_lock flock --shm_mib 4 --log_dgram 1 --render 1 --workdir 1 --child 1 --zombie 1 --sigpend 1 --urandom 1 --tmpunlink 1 --epoll 1 --udp 1 --netlink 1 --unix_listen 1 --mmap_db 1,[all 구성·permissive] ok — 이 라인의 자원은 해당 옵션에서 무해
S050all.perm__selfpipe,S,selfpipe,permissive,none,none,0,normal,resume,--db_mib 8 --index_mib 12 --parse_iters 120000 --refresh_ms 500 --refresh_kib 256 --timer 1 --timer_s 60 --watch 1 --substeps 1 --hub_conns 4 --hub_pending 8 --tcp reqresp --threads 4 --selfpipe 1 --eventfd 1 --db_lock flock --shm_mib 4 --log_dgram 1 --render 1 --workdir 1 --child 1 --zombie 1 --sigpend 1 --urandom 1 --tmpunlink 1 --epoll 1 --udp 1 --netlink 1 --unix_listen 1 --mmap_db 1,[all 구성·permissive] ok — 이 라인의 자원은 해당 옵션에서 무해
S050all.perm__eventfd_open,S,eventfd_open,permissive,none,none,0,normal,resume,--db_mib 8 --index_mib 12 --parse_iters 120000 --refresh_ms 500 --refresh_kib 256 --timer 1 --timer_s 60 --watch 1 --substeps 1 --hub_conns 4 --hub_pending 8 --tcp reqresp --threads 4 --selfpipe 1 --eventfd 1 --db_lock flock --shm_mib 4 --log_dgram 1 --render 1 --workdir 1 --child 1 --zombie 1 --sigpend 1 --urandom 1 --tmpunlink 1 --epoll 1 --udp 1 --netlink 1 --unix_listen 1 --mmap_db 1,[all 구성·permissive] ok — 이 라인의 자원은 해당 옵션에서 무해
S050all.perm__shm_map,S,shm_map,permissive,none,none,0,normal,resume,--db_mib 8 --index_mib 12 --parse_iters 120000 --refresh_ms 500 --refresh_kib 256 --timer 1 --timer_s 60 --watch 1 --substeps 1 --hub_conns 4 --hub_pending 8 --tcp reqresp --threads 4 --selfpipe 1 --eventfd 1 --db_lock flock --shm_mib 4 --log_dgram 1 --render 1 --workdir 1 --child 1 --zombie 1 --sigpend 1 --urandom 1 --tmpunlink 1 --epoll 1 --udp 1 --netlink 1 --unix_listen 1 --mmap_db 1,[all 구성·permissive] ok — 이 라인의 자원은 해당 옵션에서 무해
S050all.perm__workdir,S,workdir,permissive,none,none,0,normal,resume,--db_mib 8 --index_mib 12 --parse_iters 120000 --refresh_ms 500 --refresh_kib 256 --timer 1 --timer_s 60 --watch 1 --substeps 1 --hub_conns 4 --hub_pending 8 --tcp reqresp --threads 4 --selfpipe 1 --eventfd 1 --db_lock flock --shm_mib 4 --log_dgram 1 --render 1 --workdir 1 --child 1 --zombie 1 --sigpend 1 --urandom 1 --tmpunlink 1 --epoll 1 --udp 1 --netlink 1 --unix_listen 1 --mmap_db 1,[all 구성·permissive] ok — 이 라인의 자원은 해당 옵션에서 무해
S050all.perm__tmp_journal,S,tmp_journal,permissive,none,none,0,normal,resume,--db_mib 8 --index_mib 12 --parse_iters 120000 --refresh_ms 500 --refresh_kib 256 --timer 1 --timer_s 60 --watch 1 --substeps 1 --hub_conns 4 --hub_pending 8 --tcp reqresp --threads 4 --selfpipe 1 --eventfd 1 --db_lock flock --shm_mib 4 --log_dgram 1 --render 1 --workdir 1 --child 1 --zombie 1 --sigpend 1 --urandom 1 --tmpunlink 1 --epoll 1 --udp 1 --netlink 1 --unix_listen 1 --mmap_db 1,[all 구성·permissive] ok — 이 라인의 자원은 해당 옵션에서 무해
S050all.perm__hub_conn1,S,hub_conn1,permissive,none,none,0,normal,resume,--db_mib 8 --index_mib 12 --parse_iters 120000 --refresh_ms 500 --refresh_kib 256 --timer 1 --timer_s 60 --watch 1 --substeps 1 --hub_conns 4 --hub_pending 8 --tcp reqresp --threads 4 --selfpipe 1 --eventfd 1 --db_lock flock --shm_mib 4 --log_dgram 1 --render 1 --workdir 1 --child 1 --zombie 1 --sigpend 1 --urandom 1 --tmpunlink 1 --epoll 1 --udp 1 --netlink 1 --unix_listen 1 --mmap_db 1,"[all 구성·permissive] dump_fail — hub established는 옵션 불가 (경계선 2, 처방만이 답)"
S050all.perm__hub_conn2,S,hub_conn2,permissive,none,none,0,normal,resume,--db_mib 8 --index_mib 12 --parse_iters 120000 --refresh_ms 500 --refresh_kib 256 --timer 1 --timer_s 60 --watch 1 --substeps 1 --hub_conns 4 --hub_pending 8 --tcp reqresp --threads 4 --selfpipe 1 --eventfd 1 --db_lock flock --shm_mib 4 --log_dgram 1 --render 1 --workdir 1 --child 1 --zombie 1 --sigpend 1 --urandom 1 --tmpunlink 1 --epoll 1 --udp 1 --netlink 1 --unix_listen 1 --mmap_db 1,"[all 구성·permissive] dump_fail — hub established는 옵션 불가 (경계선 2, 처방만이 답)"
S050all.perm__hub_conn3,S,hub_conn3,permissive,none,none,0,normal,resume,--db_mib 8 --index_mib 12 --parse_iters 120000 --refresh_ms 500 --refresh_kib 256 --timer 1 --timer_s 60 --watch 1 --substeps 1 --hub_conns 4 --hub_pending 8 --tcp reqresp --threads 4 --selfpipe 1 --eventfd 1 --db_lock flock --shm_mib 4 --log_dgram 1 --render 1 --workdir 1 --child 1 --zombie 1 --sigpend 1 --urandom 1 --tmpunlink 1 --epoll 1 --udp 1 --netlink 1 --unix_listen 1 --mmap_db 1,"[all 구성·permissive] dump_fail — hub established는 옵션 불가 (경계선 2, 처방만이 답)"
S050all.perm__hub_conn4,S,hub_conn4,permissive,none,none,0,normal,resume,--db_mib 8 --index_mib 12 --parse_iters 120000 --refresh_ms 500 --refresh_kib 256 --timer 1 --timer_s 60 --watch 1 --substeps 1 --hub_conns 4 --hub_pending 8 --tcp reqresp --threads 4 --selfpipe 1 --eventfd 1 --db_lock flock --shm_mib 4 --log_dgram 1 --render 1 --workdir 1 --child 1 --zombie 1 --sigpend 1 --urandom 1 --tmpunlink 1 --epoll 1 --udp 1 --netlink 1 --unix_listen 1 --mmap_db 1,"[all 구성·permissive] dump_fail — hub established는 옵션 불가 (경계선 2, 처방만이 답)"
S050all.perm__hub_subscribed,S,hub_subscribed,permissive,none,none,0,normal,resume,--db_mib 8 --index_mib 12 --parse_iters 120000 --refresh_ms 500 --refresh_kib 256 --timer 1 --timer_s 60 --watch 1 --substeps 1 --hub_conns 4 --hub_pending 8 --tcp reqresp --threads 4 --selfpipe 1 --eventfd 1 --db_lock flock --shm_mib 4 --log_dgram 1 --render 1 --workdir 1 --child 1 --zombie 1 --sigpend 1 --urandom 1 --tmpunlink 1 --epoll 1 --udp 1 --netlink 1 --unix_listen 1 --mmap_db 1,"[all 구성·permissive] dump_fail — hub established는 옵션 불가 (경계선 2, 처방만이 답)"
S050all.perm__render_conn,S,render_conn,permissive,none,none,0,normal,resume,--db_mib 8 --index_mib 12 --parse_iters 120000 --refresh_ms 500 --refresh_kib 256 --timer 1 --timer_s 60 --watch 1 --substeps 1 --hub_conns 4 --hub_pending 8 --tcp reqresp --threads 4 --selfpipe 1 --eventfd 1 --db_lock flock --shm_mib 4 --log_dgram 1 --render 1 --workdir 1 --child 1 --zombie 1 --sigpend 1 --urandom 1 --tmpunlink 1 --epoll 1 --udp 1 --netlink 1 --unix_listen 1 --mmap_db 1,"[all 구성·permissive] dump_fail — hub established는 옵션 불가 (경계선 2, 처방만이 답)"
S050all.perm__tcp_conn,S,tcp_conn,permissive,none,none,0,normal,resume,--db_mib 8 --index_mib 12 --parse_iters 120000 --refresh_ms 500 --refresh_kib 256 --timer 1 --timer_s 60 --watch 1 --substeps 1 --hub_conns 4 --hub_pending 8 --tcp reqresp --threads 4 --selfpipe 1 --eventfd 1 --db_lock flock --shm_mib 4 --log_dgram 1 --render 1 --workdir 1 --child 1 --zombie 1 --sigpend 1 --urandom 1 --tmpunlink 1 --epoll 1 --udp 1 --netlink 1 --unix_listen 1 --mmap_db 1,"[all 구성·permissive] dump_fail — hub established는 옵션 불가 (경계선 2, 처방만이 답)"
S050all.perm__epoll_open,S,epoll_open,permissive,none,none,0,normal,resume,--db_mib 8 --index_mib 12 --parse_iters 120000 --refresh_ms 500 --refresh_kib 256 --timer 1 --timer_s 60 --watch 1 --substeps 1 --hub_conns 4 --hub_pending 8 --tcp reqresp --threads 4 --selfpipe 1 --eventfd 1 --db_lock flock --shm_mib 4 --log_dgram 1 --render 1 --workdir 1 --child 1 --zombie 1 --sigpend 1 --urandom 1 --tmpunlink 1 --epoll 1 --udp 1 --netlink 1 --unix_listen 1 --mmap_db 1,"[all 구성·permissive] dump_fail — hub established는 옵션 불가 (경계선 2, 처방만이 답)"
S050all.perm__svc_listen,S,svc_listen,permissive,none,none,0,normal,resume,--db_mib 8 --index_mib 12 --parse_iters 120000 --refresh_ms 500 --refresh_kib 256 --timer 1 --timer_s 60 --watch 1 --substeps 1 --hub_conns 4 --hub_pending 8 --tcp reqresp --threads 4 --selfpipe 1 --eventfd 1 --db_lock flock --shm_mib 4 --log_dgram 1 --render 1 --workdir 1 --child 1 --zombie 1 --sigpend 1 --urandom 1 --tmpunlink 1 --epoll 1 --udp 1 --netlink 1 --unix_listen 1 --mmap_db 1,"[all 구성·permissive] dump_fail — hub established는 옵션 불가 (경계선 2, 처방만이 답)"
S050all.perm__udp_open,S,udp_open,permissive,none,none,0,normal,resume,--db_mib 8 --index_mib 12 --parse_iters 120000 --refresh_ms 500 --refresh_kib 256 --timer 1 --timer_s 60 --watch 1 --substeps 1 --hub_conns 4 --hub_pending 8 --tcp reqresp --threads 4 --selfpipe 1 --eventfd 1 --db_lock flock --shm_mib 4 --log_dgram 1 --render 1 --workdir 1 --child 1 --zombie 1 --sigpend 1 --urandom 1 --tmpunlink 1 --epoll 1 --udp 1 --netlink 1 --unix_listen 1 --mmap_db 1,"[all 구성·permissive] dump_fail — hub established는 옵션 불가 (경계선 2, 처방만이 답)"
S050all.perm__netlink_open,S,netlink_open,permissive,none,none,0,normal,resume,--db_mib 8 --index_mib 12 --parse_iters 120000 --refresh_ms 500 --refresh_kib 256 --timer 1 --timer_s 60 --watch 1 --substeps 1 --hub_conns 4 --hub_pending 8 --tcp reqresp --threads 4 --selfpipe 1 --eventfd 1 --db_lock flock --shm_mib 4 --log_dgram 1 --render 1 --workdir 1 --child 1 --zombie 1 --sigpend 1 --urandom 1 --tmpunlink 1 --epoll 1 --udp 1 --netlink 1 --unix_listen 1 --mmap_db 1,"[all 구성·permissive] dump_fail — hub established는 옵션 불가 (경계선 2, 처방만이 답)"
S050all.perm__timer_armed,S,timer_armed,permissive,none,none,0,normal,resume,--db_mib 8 --index_mib 12 --parse_iters 120000 --refresh_ms 500 --refresh_kib 256 --timer 1 --timer_s 60 --watch 1 --substeps 1 --hub_conns 4 --hub_pending 8 --tcp reqresp --threads 4 --selfpipe 1 --eventfd 1 --db_lock flock --shm_mib 4 --log_dgram 1 --render 1 --workdir 1 --child 1 --zombie 1 --sigpend 1 --urandom 1 --tmpunlink 1 --epoll 1 --udp 1 --netlink 1 --unix_listen 1 --mmap_db 1,"[all 구성·permissive] dump_fail — hub established는 옵션 불가 (경계선 2, 처방만이 답)"
S050all.perm__db_watch,S,db_watch,permissive,none,none,0,normal,resume,--db_mib 8 --index_mib 12 --parse_iters 120000 --refresh_ms 500 --refresh_kib 256 --timer 1 --timer_s 60 --watch 1 --substeps 1 --hub_conns 4 --hub_pending 8 --tcp reqresp --threads 4 --selfpipe 1 --eventfd 1 --db_lock flock --shm_mib 4 --log_dgram 1 --render 1 --workdir 1 --child 1 --zombie 1 --sigpend 1 --urandom 1 --tmpunlink 1 --epoll 1 --udp 1 --netlink 1 --unix_listen 1 --mmap_db 1,"[all 구성·permissive] dump_fail — hub established는 옵션 불가 (경계선 2, 처방만이 답)"
S050all.perm__db_mmap,S,db_mmap,permissive,none,none,0,normal,resume,--db_mib 8 --index_mib 12 --parse_iters 120000 --refresh_ms 500 --refresh_kib 256 --timer 1 --timer_s 60 --watch 1 --substeps 1 --hub_conns 4 --hub_pending 8 --tcp reqresp --threads 4 --selfpipe 1 --eventfd 1 --db_lock flock --shm_mib 4 --log_dgram 1 --render 1 --workdir 1 --child 1 --zombie 1 --sigpend 1 --urandom 1 --tmpunlink 1 --epoll 1 --udp 1 --netlink 1 --unix_listen 1 --mmap_db 1,"[all 구성·permissive] dump_fail — hub established는 옵션 불가 (경계선 2, 처방만이 답)"
S050all.perm__ready,S,ready,permissive,none,none,0,normal,"pong,stat",--db_mib 8 --index_mib 12 --parse_iters 120000 --refresh_ms 500 --refresh_kib 256 --timer 1 --timer_s 60 --watch 1 --substeps 1 --hub_conns 4 --hub_pending 8 --tcp reqresp --threads 4 --selfpipe 1 --eventfd 1 --db_lock flock --shm_mib 4 --log_dgram 1 --render 1 --workdir 1 --child 1 --zombie 1 --sigpend 1 --urandom 1 --tmpunlink 1 --epoll 1 --udp 1 --netlink 1 --unix_listen 1 --mmap_db 1,"[all 구성·permissive] dump_fail — hub established는 옵션 불가 (경계선 2, 처방만이 답)"
S050all.perm__steady,S,steady,permissive,none,none,0,normal,"pong,stat",--db_mib 8 --index_mib 12 --parse_iters 120000 --refresh_ms 500 --refresh_kib 256 --timer 1 --timer_s 60 --watch 1 --substeps 1 --hub_conns 4 --hub_pending 8 --tcp reqresp --threads 4 --selfpipe 1 --eventfd 1 --db_lock flock --shm_mib 4 --log_dgram 1 --render 1 --workdir 1 --child 1 --zombie 1 --sigpend 1 --urandom 1 --tmpunlink 1 --epoll 1 --udp 1 --netlink 1 --unix_listen 1 --mmap_db 1,"[all 구성·permissive] dump_fail — hub established는 옵션 불가 (경계선 2, 처방만이 답)"
S051one_sigpend.stri__init,S,init,strict,none,none,0,none,resume,--db_mib 8 --index_mib 12 --parse_iters 120000 --refresh_ms 500 --refresh_kib 256 --timer 1 --timer_s 60 --watch 1 --substeps 1 --hub_conns 0 --sigpend 1,[단독자원 sigpend·strict] ok — 이 라인의 자원은 해당 옵션에서 무해
S051one_sigpend.stri__db_open,S,db_open,strict,none,none,0,none,resume,--db_mib 8 --index_mib 12 --parse_iters 120000 --refresh_ms 500 --refresh_kib 256 --timer 1 --timer_s 60 --watch 1 --substeps 1 --hub_conns 0 --sigpend 1,[단독자원 sigpend·strict] ok — 이 라인의 자원은 해당 옵션에서 무해
S051one_sigpend.stri__sig_pending,S,sig_pending,strict,none,none,0,none,resume,--db_mib 8 --index_mib 12 --parse_iters 120000 --refresh_ms 500 --refresh_kib 256 --timer 1 --timer_s 60 --watch 1 --substeps 1 --hub_conns 0 --sigpend 1,[단독자원 sigpend·strict] ok — 이 라인의 자원은 해당 옵션에서 무해
S051one_sigpend.stri__epg_index,S,epg_index,strict,none,none,0,none,resume,--db_mib 8 --index_mib 12 --parse_iters 120000 --refresh_ms 500 --refresh_kib 256 --timer 1 --timer_s 60 --watch 1 --substeps 1 --hub_conns 0 --sigpend 1,[단독자원 sigpend·strict] ok — 이 라인의 자원은 해당 옵션에서 무해
S051one_sigpend.stri__ready,S,ready,strict,none,none,0,none,"pong,stat",--db_mib 8 --index_mib 12 --parse_iters 120000 --refresh_ms 500 --refresh_kib 256 --timer 1 --timer_s 60 --watch 1 --substeps 1 --hub_conns 0 --sigpend 1,[단독자원 sigpend·strict] ok — 이 라인의 자원은 해당 옵션에서 무해
S051one_sigpend.stri__steady,S,steady,strict,none,none,0,none,"pong,stat",--db_mib 8 --index_mib 12 --parse_iters 120000 --refresh_ms 500 --refresh_kib 256 --timer 1 --timer_s 60 --watch 1 --substeps 1 --hub_conns 0 --sigpend 1,[단독자원 sigpend·strict] ok — 이 라인의 자원은 해당 옵션에서 무해
S052one_sigpend.ext___init,S,init,ext_unix,none,none,0,none,resume,--db_mib 8 --index_mib 12 --parse_iters 120000 --refresh_ms 500 --refresh_kib 256 --timer 1 --timer_s 60 --watch 1 --substeps 1 --hub_conns 0 --sigpend 1,[단독자원 sigpend·ext_unix] ok — 이 라인의 자원은 해당 옵션에서 무해
S052one_sigpend.ext___db_open,S,db_open,ext_unix,none,none,0,none,resume,--db_mib 8 --index_mib 12 --parse_iters 120000 --refresh_ms 500 --refresh_kib 256 --timer 1 --timer_s 60 --watch 1 --substeps 1 --hub_conns 0 --sigpend 1,[단독자원 sigpend·ext_unix] ok — 이 라인의 자원은 해당 옵션에서 무해
S052one_sigpend.ext___sig_pending,S,sig_pending,ext_unix,none,none,0,none,resume,--db_mib 8 --index_mib 12 --parse_iters 120000 --refresh_ms 500 --refresh_kib 256 --timer 1 --timer_s 60 --watch 1 --substeps 1 --hub_conns 0 --sigpend 1,[단독자원 sigpend·ext_unix] ok — 이 라인의 자원은 해당 옵션에서 무해
S052one_sigpend.ext___epg_index,S,epg_index,ext_unix,none,none,0,none,resume,--db_mib 8 --index_mib 12 --parse_iters 120000 --refresh_ms 500 --refresh_kib 256 --timer 1 --timer_s 60 --watch 1 --substeps 1 --hub_conns 0 --sigpend 1,[단독자원 sigpend·ext_unix] ok — 이 라인의 자원은 해당 옵션에서 무해
S052one_sigpend.ext___ready,S,ready,ext_unix,none,none,0,none,"pong,stat",--db_mib 8 --index_mib 12 --parse_iters 120000 --refresh_ms 500 --refresh_kib 256 --timer 1 --timer_s 60 --watch 1 --substeps 1 --hub_conns 0 --sigpend 1,[단독자원 sigpend·ext_unix] ok — 이 라인의 자원은 해당 옵션에서 무해
S052one_sigpend.ext___steady,S,steady,ext_unix,none,none,0,none,"pong,stat",--db_mib 8 --index_mib 12 --parse_iters 120000 --refresh_ms 500 --refresh_kib 256 --timer 1 --timer_s 60 --watch 1 --substeps 1 --hub_conns 0 --sigpend 1,[단독자원 sigpend·ext_unix] ok — 이 라인의 자원은 해당 옵션에서 무해
S053one_sigpend.tcp___init,S,init,tcp_est,none,none,0,none,resume,--db_mib 8 --index_mib 12 --parse_iters 120000 --refresh_ms 500 --refresh_kib 256 --timer 1 --timer_s 60 --watch 1 --substeps 1 --hub_conns 0 --sigpend 1,[단독자원 sigpend·tcp_est] ok — 이 라인의 자원은 해당 옵션에서 무해
S053one_sigpend.tcp___db_open,S,db_open,tcp_est,none,none,0,none,resume,--db_mib 8 --index_mib 12 --parse_iters 120000 --refresh_ms 500 --refresh_kib 256 --timer 1 --timer_s 60 --watch 1 --substeps 1 --hub_conns 0 --sigpend 1,[단독자원 sigpend·tcp_est] ok — 이 라인의 자원은 해당 옵션에서 무해
S053one_sigpend.tcp___sig_pending,S,sig_pending,tcp_est,none,none,0,none,resume,--db_mib 8 --index_mib 12 --parse_iters 120000 --refresh_ms 500 --refresh_kib 256 --timer 1 --timer_s 60 --watch 1 --substeps 1 --hub_conns 0 --sigpend 1,[단독자원 sigpend·tcp_est] ok — 이 라인의 자원은 해당 옵션에서 무해
S053one_sigpend.tcp___epg_index,S,epg_index,tcp_est,none,none,0,none,resume,--db_mib 8 --index_mib 12 --parse_iters 120000 --refresh_ms 500 --refresh_kib 256 --timer 1 --timer_s 60 --watch 1 --substeps 1 --hub_conns 0 --sigpend 1,[단독자원 sigpend·tcp_est] ok — 이 라인의 자원은 해당 옵션에서 무해
S053one_sigpend.tcp___ready,S,ready,tcp_est,none,none,0,none,"pong,stat",--db_mib 8 --index_mib 12 --parse_iters 120000 --refresh_ms 500 --refresh_kib 256 --timer 1 --timer_s 60 --watch 1 --substeps 1 --hub_conns 0 --sigpend 1,[단독자원 sigpend·tcp_est] ok — 이 라인의 자원은 해당 옵션에서 무해
S053one_sigpend.tcp___steady,S,steady,tcp_est,none,none,0,none,"pong,stat",--db_mib 8 --index_mib 12 --parse_iters 120000 --refresh_ms 500 --refresh_kib 256 --timer 1 --timer_s 60 --watch 1 --substeps 1 --hub_conns 0 --sigpend 1,[단독자원 sigpend·tcp_est] ok — 이 라인의 자원은 해당 옵션에서 무해
S054one_sigpend.file__init,S,init,filelocks,none,none,0,none,resume,--db_mib 8 --index_mib 12 --parse_iters 120000 --refresh_ms 500 --refresh_kib 256 --timer 1 --timer_s 60 --watch 1 --substeps 1 --hub_conns 0 --sigpend 1,[단독자원 sigpend·filelocks] ok — 이 라인의 자원은 해당 옵션에서 무해
S054one_sigpend.file__db_open,S,db_open,filelocks,none,none,0,none,resume,--db_mib 8 --index_mib 12 --parse_iters 120000 --refresh_ms 500 --refresh_kib 256 --timer 1 --timer_s 60 --watch 1 --substeps 1 --hub_conns 0 --sigpend 1,[단독자원 sigpend·filelocks] ok — 이 라인의 자원은 해당 옵션에서 무해
S054one_sigpend.file__sig_pending,S,sig_pending,filelocks,none,none,0,none,resume,--db_mib 8 --index_mib 12 --parse_iters 120000 --refresh_ms 500 --refresh_kib 256 --timer 1 --timer_s 60 --watch 1 --substeps 1 --hub_conns 0 --sigpend 1,[단독자원 sigpend·filelocks] ok — 이 라인의 자원은 해당 옵션에서 무해
S054one_sigpend.file__epg_index,S,epg_index,filelocks,none,none,0,none,resume,--db_mib 8 --index_mib 12 --parse_iters 120000 --refresh_ms 500 --refresh_kib 256 --timer 1 --timer_s 60 --watch 1 --substeps 1 --hub_conns 0 --sigpend 1,[단독자원 sigpend·filelocks] ok — 이 라인의 자원은 해당 옵션에서 무해
S054one_sigpend.file__ready,S,ready,filelocks,none,none,0,none,"pong,stat",--db_mib 8 --index_mib 12 --parse_iters 120000 --refresh_ms 500 --refresh_kib 256 --timer 1 --timer_s 60 --watch 1 --substeps 1 --hub_conns 0 --sigpend 1,[단독자원 sigpend·filelocks] ok — 이 라인의 자원은 해당 옵션에서 무해
S054one_sigpend.file__steady,S,steady,filelocks,none,none,0,none,"pong,stat",--db_mib 8 --index_mib 12 --parse_iters 120000 --refresh_ms 500 --refresh_kib 256 --timer 1 --timer_s 60 --watch 1 --substeps 1 --hub_conns 0 --sigpend 1,[단독자원 sigpend·filelocks] ok — 이 라인의 자원은 해당 옵션에서 무해
S055one_sigpend.perm__init,S,init,permissive,none,none,0,none,resume,--db_mib 8 --index_mib 12 --parse_iters 120000 --refresh_ms 500 --refresh_kib 256 --timer 1 --timer_s 60 --watch 1 --substeps 1 --hub_conns 0 --sigpend 1,[단독자원 sigpend·permissive] ok — 이 라인의 자원은 해당 옵션에서 무해
S055one_sigpend.perm__db_open,S,db_open,permissive,none,none,0,none,resume,--db_mib 8 --index_mib 12 --parse_iters 120000 --refresh_ms 500 --refresh_kib 256 --timer 1 --timer_s 60 --watch 1 --substeps 1 --hub_conns 0 --sigpend 1,[단독자원 sigpend·permissive] ok — 이 라인의 자원은 해당 옵션에서 무해
S055one_sigpend.perm__sig_pending,S,sig_pending,permissive,none,none,0,none,resume,--db_mib 8 --index_mib 12 --parse_iters 120000 --refresh_ms 500 --refresh_kib 256 --timer 1 --timer_s 60 --watch 1 --substeps 1 --hub_conns 0 --sigpend 1,[단독자원 sigpend·permissive] ok — 이 라인의 자원은 해당 옵션에서 무해
S055one_sigpend.perm__epg_index,S,epg_index,permissive,none,none,0,none,resume,--db_mib 8 --index_mib 12 --parse_iters 120000 --refresh_ms 500 --refresh_kib 256 --timer 1 --timer_s 60 --watch 1 --substeps 1 --hub_conns 0 --sigpend 1,[단독자원 sigpend·permissive] ok — 이 라인의 자원은 해당 옵션에서 무해
S055one_sigpend.perm__ready,S,ready,permissive,none,none,0,none,"pong,stat",--db_mib 8 --index_mib 12 --parse_iters 120000 --refresh_ms 500 --refresh_kib 256 --timer 1 --timer_s 60 --watch 1 --substeps 1 --hub_conns 0 --sigpend 1,[단독자원 sigpend·permissive] ok — 이 라인의 자원은 해당 옵션에서 무해
S055one_sigpend.perm__steady,S,steady,permissive,none,none,0,none,"pong,stat",--db_mib 8 --index_mib 12 --parse_iters 120000 --refresh_ms 500 --refresh_kib 256 --timer 1 --timer_s 60 --watch 1 --substeps 1 --hub_conns 0 --sigpend 1,[단독자원 sigpend·permissive] ok — 이 라인의 자원은 해당 옵션에서 무해
S056one_urandom.stri__init,S,init,strict,none,none,0,none,resume,--db_mib 8 --index_mib 12 --parse_iters 120000 --refresh_ms 500 --refresh_kib 256 --timer 1 --timer_s 60 --watch 1 --substeps 1 --hub_conns 0 --urandom 1,[단독자원 urandom·strict] ok — 이 라인의 자원은 해당 옵션에서 무해
S056one_urandom.stri__db_open,S,db_open,strict,none,none,0,none,resume,--db_mib 8 --index_mib 12 --parse_iters 120000 --refresh_ms 500 --refresh_kib 256 --timer 1 --timer_s 60 --watch 1 --substeps 1 --hub_conns 0 --urandom 1,[단독자원 urandom·strict] ok — 이 라인의 자원은 해당 옵션에서 무해
S056one_urandom.stri__dev_urandom,S,dev_urandom,strict,none,none,0,none,resume,--db_mib 8 --index_mib 12 --parse_iters 120000 --refresh_ms 500 --refresh_kib 256 --timer 1 --timer_s 60 --watch 1 --substeps 1 --hub_conns 0 --urandom 1,[단독자원 urandom·strict] ok — 이 라인의 자원은 해당 옵션에서 무해
S056one_urandom.stri__epg_index,S,epg_index,strict,none,none,0,none,resume,--db_mib 8 --index_mib 12 --parse_iters 120000 --refresh_ms 500 --refresh_kib 256 --timer 1 --timer_s 60 --watch 1 --substeps 1 --hub_conns 0 --urandom 1,[단독자원 urandom·strict] ok — 이 라인의 자원은 해당 옵션에서 무해
S056one_urandom.stri__ready,S,ready,strict,none,none,0,none,"pong,stat",--db_mib 8 --index_mib 12 --parse_iters 120000 --refresh_ms 500 --refresh_kib 256 --timer 1 --timer_s 60 --watch 1 --substeps 1 --hub_conns 0 --urandom 1,[단독자원 urandom·strict] ok — 이 라인의 자원은 해당 옵션에서 무해
S056one_urandom.stri__steady,S,steady,strict,none,none,0,none,"pong,stat",--db_mib 8 --index_mib 12 --parse_iters 120000 --refresh_ms 500 --refresh_kib 256 --timer 1 --timer_s 60 --watch 1 --substeps 1 --hub_conns 0 --urandom 1,[단독자원 urandom·strict] ok — 이 라인의 자원은 해당 옵션에서 무해
S057one_urandom.ext___init,S,init,ext_unix,none,none,0,none,resume,--db_mib 8 --index_mib 12 --parse_iters 120000 --refresh_ms 500 --refresh_kib 256 --timer 1 --timer_s 60 --watch 1 --substeps 1 --hub_conns 0 --urandom 1,[단독자원 urandom·ext_unix] ok — 이 라인의 자원은 해당 옵션에서 무해
S057one_urandom.ext___db_open,S,db_open,ext_unix,none,none,0,none,resume,--db_mib 8 --index_mib 12 --parse_iters 120000 --refresh_ms 500 --refresh_kib 256 --timer 1 --timer_s 60 --watch 1 --substeps 1 --hub_conns 0 --urandom 1,[단독자원 urandom·ext_unix] ok — 이 라인의 자원은 해당 옵션에서 무해
S057one_urandom.ext___dev_urandom,S,dev_urandom,ext_unix,none,none,0,none,resume,--db_mib 8 --index_mib 12 --parse_iters 120000 --refresh_ms 500 --refresh_kib 256 --timer 1 --timer_s 60 --watch 1 --substeps 1 --hub_conns 0 --urandom 1,[단독자원 urandom·ext_unix] ok — 이 라인의 자원은 해당 옵션에서 무해
S057one_urandom.ext___epg_index,S,epg_index,ext_unix,none,none,0,none,resume,--db_mib 8 --index_mib 12 --parse_iters 120000 --refresh_ms 500 --refresh_kib 256 --timer 1 --timer_s 60 --watch 1 --substeps 1 --hub_conns 0 --urandom 1,[단독자원 urandom·ext_unix] ok — 이 라인의 자원은 해당 옵션에서 무해
S057one_urandom.ext___ready,S,ready,ext_unix,none,none,0,none,"pong,stat",--db_mib 8 --index_mib 12 --parse_iters 120000 --refresh_ms 500 --refresh_kib 256 --timer 1 --timer_s 60 --watch 1 --substeps 1 --hub_conns 0 --urandom 1,[단독자원 urandom·ext_unix] ok — 이 라인의 자원은 해당 옵션에서 무해
S057one_urandom.ext___steady,S,steady,ext_unix,none,none,0,none,"pong,stat",--db_mib 8 --index_mib 12 --parse_iters 120000 --refresh_ms 500 --refresh_kib 256 --timer 1 --timer_s 60 --watch 1 --substeps 1 --hub_conns 0 --urandom 1,[단독자원 urandom·ext_unix] ok — 이 라인의 자원은 해당 옵션에서 무해
S058one_urandom.tcp___init,S,init,tcp_est,none,none,0,none,resume,--db_mib 8 --index_mib 12 --parse_iters 120000 --refresh_ms 500 --refresh_kib 256 --timer 1 --timer_s 60 --watch 1 --substeps 1 --hub_conns 0 --urandom 1,[단독자원 urandom·tcp_est] ok — 이 라인의 자원은 해당 옵션에서 무해
S058one_urandom.tcp___db_open,S,db_open,tcp_est,none,none,0,none,resume,--db_mib 8 --index_mib 12 --parse_iters 120000 --refresh_ms 500 --refresh_kib 256 --timer 1 --timer_s 60 --watch 1 --substeps 1 --hub_conns 0 --urandom 1,[단독자원 urandom·tcp_est] ok — 이 라인의 자원은 해당 옵션에서 무해
S058one_urandom.tcp___dev_urandom,S,dev_urandom,tcp_est,none,none,0,none,resume,--db_mib 8 --index_mib 12 --parse_iters 120000 --refresh_ms 500 --refresh_kib 256 --timer 1 --timer_s 60 --watch 1 --substeps 1 --hub_conns 0 --urandom 1,[단독자원 urandom·tcp_est] ok — 이 라인의 자원은 해당 옵션에서 무해
S058one_urandom.tcp___epg_index,S,epg_index,tcp_est,none,none,0,none,resume,--db_mib 8 --index_mib 12 --parse_iters 120000 --refresh_ms 500 --refresh_kib 256 --timer 1 --timer_s 60 --watch 1 --substeps 1 --hub_conns 0 --urandom 1,[단독자원 urandom·tcp_est] ok — 이 라인의 자원은 해당 옵션에서 무해
S058one_urandom.tcp___ready,S,ready,tcp_est,none,none,0,none,"pong,stat",--db_mib 8 --index_mib 12 --parse_iters 120000 --refresh_ms 500 --refresh_kib 256 --timer 1 --timer_s 60 --watch 1 --substeps 1 --hub_conns 0 --urandom 1,[단독자원 urandom·tcp_est] ok — 이 라인의 자원은 해당 옵션에서 무해
S058one_urandom.tcp___steady,S,steady,tcp_est,none,none,0,none,"pong,stat",--db_mib 8 --index_mib 12 --parse_iters 120000 --refresh_ms 500 --refresh_kib 256 --timer 1 --timer_s 60 --watch 1 --substeps 1 --hub_conns 0 --urandom 1,[단독자원 urandom·tcp_est] ok — 이 라인의 자원은 해당 옵션에서 무해
S059one_urandom.file__init,S,init,filelocks,none,none,0,none,resume,--db_mib 8 --index_mib 12 --parse_iters 120000 --refresh_ms 500 --refresh_kib 256 --timer 1 --timer_s 60 --watch 1 --substeps 1 --hub_conns 0 --urandom 1,[단독자원 urandom·filelocks] ok — 이 라인의 자원은 해당 옵션에서 무해
S059one_urandom.file__db_open,S,db_open,filelocks,none,none,0,none,resume,--db_mib 8 --index_mib 12 --parse_iters 120000 --refresh_ms 500 --refresh_kib 256 --timer 1 --timer_s 60 --watch 1 --substeps 1 --hub_conns 0 --urandom 1,[단독자원 urandom·filelocks] ok — 이 라인의 자원은 해당 옵션에서 무해
S059one_urandom.file__dev_urandom,S,dev_urandom,filelocks,none,none,0,none,resume,--db_mib 8 --index_mib 12 --parse_iters 120000 --refresh_ms 500 --refresh_kib 256 --timer 1 --timer_s 60 --watch 1 --substeps 1 --hub_conns 0 --urandom 1,[단독자원 urandom·filelocks] ok — 이 라인의 자원은 해당 옵션에서 무해
S059one_urandom.file__epg_index,S,epg_index,filelocks,none,none,0,none,resume,--db_mib 8 --index_mib 12 --parse_iters 120000 --refresh_ms 500 --refresh_kib 256 --timer 1 --timer_s 60 --watch 1 --substeps 1 --hub_conns 0 --urandom 1,[단독자원 urandom·filelocks] ok — 이 라인의 자원은 해당 옵션에서 무해
S059one_urandom.file__ready,S,ready,filelocks,none,none,0,none,"pong,stat",--db_mib 8 --index_mib 12 --parse_iters 120000 --refresh_ms 500 --refresh_kib 256 --timer 1 --timer_s 60 --watch 1 --substeps 1 --hub_conns 0 --urandom 1,[단독자원 urandom·filelocks] ok — 이 라인의 자원은 해당 옵션에서 무해
S059one_urandom.file__steady,S,steady,filelocks,none,none,0,none,"pong,stat",--db_mib 8 --index_mib 12 --parse_iters 120000 --refresh_ms 500 --refresh_kib 256 --timer 1 --timer_s 60 --watch 1 --substeps 1 --hub_conns 0 --urandom 1,[단독자원 urandom·filelocks] ok — 이 라인의 자원은 해당 옵션에서 무해
S060one_urandom.perm__init,S,init,permissive,none,none,0,none,resume,--db_mib 8 --index_mib 12 --parse_iters 120000 --refresh_ms 500 --refresh_kib 256 --timer 1 --timer_s 60 --watch 1 --substeps 1 --hub_conns 0 --urandom 1,[단독자원 urandom·permissive] ok — 이 라인의 자원은 해당 옵션에서 무해
S060one_urandom.perm__db_open,S,db_open,permissive,none,none,0,none,resume,--db_mib 8 --index_mib 12 --parse_iters 120000 --refresh_ms 500 --refresh_kib 256 --timer 1 --timer_s 60 --watch 1 --substeps 1 --hub_conns 0 --urandom 1,[단독자원 urandom·permissive] ok — 이 라인의 자원은 해당 옵션에서 무해
S060one_urandom.perm__dev_urandom,S,dev_urandom,permissive,none,none,0,none,resume,--db_mib 8 --index_mib 12 --parse_iters 120000 --refresh_ms 500 --refresh_kib 256 --timer 1 --timer_s 60 --watch 1 --substeps 1 --hub_conns 0 --urandom 1,[단독자원 urandom·permissive] ok — 이 라인의 자원은 해당 옵션에서 무해
S060one_urandom.perm__epg_index,S,epg_index,permissive,none,none,0,none,resume,--db_mib 8 --index_mib 12 --parse_iters 120000 --refresh_ms 500 --refresh_kib 256 --timer 1 --timer_s 60 --watch 1 --substeps 1 --hub_conns 0 --urandom 1,[단독자원 urandom·permissive] ok — 이 라인의 자원은 해당 옵션에서 무해
S060one_urandom.perm__ready,S,ready,permissive,none,none,0,none,"pong,stat",--db_mib 8 --index_mib 12 --parse_iters 120000 --refresh_ms 500 --refresh_kib 256 --timer 1 --timer_s 60 --watch 1 --substeps 1 --hub_conns 0 --urandom 1,[단독자원 urandom·permissive] ok — 이 라인의 자원은 해당 옵션에서 무해
S060one_urandom.perm__steady,S,steady,permissive,none,none,0,none,"pong,stat",--db_mib 8 --index_mib 12 --parse_iters 120000 --refresh_ms 500 --refresh_kib 256 --timer 1 --timer_s 60 --watch 1 --substeps 1 --hub_conns 0 --urandom 1,[단독자원 urandom·permissive] ok — 이 라인의 자원은 해당 옵션에서 무해
S061one_log.stri__init,S,init,strict,none,none,0,normal,resume,--db_mib 8 --index_mib 12 --parse_iters 120000 --refresh_ms 500 --refresh_kib 256 --timer 1 --timer_s 60 --watch 1 --substeps 1 --hub_conns 0 --log_dgram 1,[단독자원 log·strict] ok — 이 라인의 자원은 해당 옵션에서 무해
S061one_log.stri__db_open,S,db_open,strict,none,none,0,normal,resume,--db_mib 8 --index_mib 12 --parse_iters 120000 --refresh_ms 500 --refresh_kib 256 --timer 1 --timer_s 60 --watch 1 --substeps 1 --hub_conns 0 --log_dgram 1,[단독자원 log·strict] ok — 이 라인의 자원은 해당 옵션에서 무해
S061one_log.stri__log_open,S,log_open,strict,none,none,0,normal,resume,--db_mib 8 --index_mib 12 --parse_iters 120000 --refresh_ms 500 --refresh_kib 256 --timer 1 --timer_s 60 --watch 1 --substeps 1 --hub_conns 0 --log_dgram 1,[단독자원 log·strict] ok — 이 라인의 자원은 해당 옵션에서 무해
S061one_log.stri__epg_index,S,epg_index,strict,none,none,0,normal,resume,--db_mib 8 --index_mib 12 --parse_iters 120000 --refresh_ms 500 --refresh_kib 256 --timer 1 --timer_s 60 --watch 1 --substeps 1 --hub_conns 0 --log_dgram 1,[단독자원 log·strict] ok — 이 라인의 자원은 해당 옵션에서 무해
S061one_log.stri__ready,S,ready,strict,none,none,0,normal,"pong,stat",--db_mib 8 --index_mib 12 --parse_iters 120000 --refresh_ms 500 --refresh_kib 256 --timer 1 --timer_s 60 --watch 1 --substeps 1 --hub_conns 0 --log_dgram 1,[단독자원 log·strict] ok — 이 라인의 자원은 해당 옵션에서 무해
S061one_log.stri__steady,S,steady,strict,none,none,0,normal,"pong,stat",--db_mib 8 --index_mib 12 --parse_iters 120000 --refresh_ms 500 --refresh_kib 256 --timer 1 --timer_s 60 --watch 1 --substeps 1 --hub_conns 0 --log_dgram 1,[단독자원 log·strict] ok — 이 라인의 자원은 해당 옵션에서 무해
S062one_log.ext___init,S,init,ext_unix,none,none,0,normal,resume,--db_mib 8 --index_mib 12 --parse_iters 120000 --refresh_ms 500 --refresh_kib 256 --timer 1 --timer_s 60 --watch 1 --substeps 1 --hub_conns 0 --log_dgram 1,[단독자원 log·ext_unix] ok — 이 라인의 자원은 해당 옵션에서 무해
S062one_log.ext___db_open,S,db_open,ext_unix,none,none,0,normal,resume,--db_mib 8 --index_mib 12 --parse_iters 120000 --refresh_ms 500 --refresh_kib 256 --timer 1 --timer_s 60 --watch 1 --substeps 1 --hub_conns 0 --log_dgram 1,[단독자원 log·ext_unix] ok — 이 라인의 자원은 해당 옵션에서 무해
S062one_log.ext___log_open,S,log_open,ext_unix,none,none,0,normal,resume,--db_mib 8 --index_mib 12 --parse_iters 120000 --refresh_ms 500 --refresh_kib 256 --timer 1 --timer_s 60 --watch 1 --substeps 1 --hub_conns 0 --log_dgram 1,[단독자원 log·ext_unix] ok — 이 라인의 자원은 해당 옵션에서 무해
S062one_log.ext___epg_index,S,epg_index,ext_unix,none,none,0,normal,resume,--db_mib 8 --index_mib 12 --parse_iters 120000 --refresh_ms 500 --refresh_kib 256 --timer 1 --timer_s 60 --watch 1 --substeps 1 --hub_conns 0 --log_dgram 1,[단독자원 log·ext_unix] ok — 이 라인의 자원은 해당 옵션에서 무해
S062one_log.ext___ready,S,ready,ext_unix,none,none,0,normal,"pong,stat",--db_mib 8 --index_mib 12 --parse_iters 120000 --refresh_ms 500 --refresh_kib 256 --timer 1 --timer_s 60 --watch 1 --substeps 1 --hub_conns 0 --log_dgram 1,[단독자원 log·ext_unix] ok — 이 라인의 자원은 해당 옵션에서 무해
S062one_log.ext___steady,S,steady,ext_unix,none,none,0,normal,"pong,stat",--db_mib 8 --index_mib 12 --parse_iters 120000 --refresh_ms 500 --refresh_kib 256 --timer 1 --timer_s 60 --watch 1 --substeps 1 --hub_conns 0 --log_dgram 1,[단독자원 log·ext_unix] ok — 이 라인의 자원은 해당 옵션에서 무해
S063one_log.tcp___init,S,init,tcp_est,none,none,0,normal,resume,--db_mib 8 --index_mib 12 --parse_iters 120000 --refresh_ms 500 --refresh_kib 256 --timer 1 --timer_s 60 --watch 1 --substeps 1 --hub_conns 0 --log_dgram 1,[단독자원 log·tcp_est] ok — 이 라인의 자원은 해당 옵션에서 무해
S063one_log.tcp___db_open,S,db_open,tcp_est,none,none,0,normal,resume,--db_mib 8 --index_mib 12 --parse_iters 120000 --refresh_ms 500 --refresh_kib 256 --timer 1 --timer_s 60 --watch 1 --substeps 1 --hub_conns 0 --log_dgram 1,[단독자원 log·tcp_est] ok — 이 라인의 자원은 해당 옵션에서 무해
S063one_log.tcp___log_open,S,log_open,tcp_est,none,none,0,normal,resume,--db_mib 8 --index_mib 12 --parse_iters 120000 --refresh_ms 500 --refresh_kib 256 --timer 1 --timer_s 60 --watch 1 --substeps 1 --hub_conns 0 --log_dgram 1,[단독자원 log·tcp_est] ok — 이 라인의 자원은 해당 옵션에서 무해
S063one_log.tcp___epg_index,S,epg_index,tcp_est,none,none,0,normal,resume,--db_mib 8 --index_mib 12 --parse_iters 120000 --refresh_ms 500 --refresh_kib 256 --timer 1 --timer_s 60 --watch 1 --substeps 1 --hub_conns 0 --log_dgram 1,[단독자원 log·tcp_est] ok — 이 라인의 자원은 해당 옵션에서 무해
S063one_log.tcp___ready,S,ready,tcp_est,none,none,0,normal,"pong,stat",--db_mib 8 --index_mib 12 --parse_iters 120000 --refresh_ms 500 --refresh_kib 256 --timer 1 --timer_s 60 --watch 1 --substeps 1 --hub_conns 0 --log_dgram 1,[단독자원 log·tcp_est] ok — 이 라인의 자원은 해당 옵션에서 무해
S063one_log.tcp___steady,S,steady,tcp_est,none,none,0,normal,"pong,stat",--db_mib 8 --index_mib 12 --parse_iters 120000 --refresh_ms 500 --refresh_kib 256 --timer 1 --timer_s 60 --watch 1 --substeps 1 --hub_conns 0 --log_dgram 1,[단독자원 log·tcp_est] ok — 이 라인의 자원은 해당 옵션에서 무해
S064one_log.file__init,S,init,filelocks,none,none,0,normal,resume,--db_mib 8 --index_mib 12 --parse_iters 120000 --refresh_ms 500 --refresh_kib 256 --timer 1 --timer_s 60 --watch 1 --substeps 1 --hub_conns 0 --log_dgram 1,[단독자원 log·filelocks] ok — 이 라인의 자원은 해당 옵션에서 무해
S064one_log.file__db_open,S,db_open,filelocks,none,none,0,normal,resume,--db_mib 8 --index_mib 12 --parse_iters 120000 --refresh_ms 500 --refresh_kib 256 --timer 1 --timer_s 60 --watch 1 --substeps 1 --hub_conns 0 --log_dgram 1,[단독자원 log·filelocks] ok — 이 라인의 자원은 해당 옵션에서 무해
S064one_log.file__log_open,S,log_open,filelocks,none,none,0,normal,resume,--db_mib 8 --index_mib 12 --parse_iters 120000 --refresh_ms 500 --refresh_kib 256 --timer 1 --timer_s 60 --watch 1 --substeps 1 --hub_conns 0 --log_dgram 1,[단독자원 log·filelocks] ok — 이 라인의 자원은 해당 옵션에서 무해
S064one_log.file__epg_index,S,epg_index,filelocks,none,none,0,normal,resume,--db_mib 8 --index_mib 12 --parse_iters 120000 --refresh_ms 500 --refresh_kib 256 --timer 1 --timer_s 60 --watch 1 --substeps 1 --hub_conns 0 --log_dgram 1,[단독자원 log·filelocks] ok — 이 라인의 자원은 해당 옵션에서 무해
S064one_log.file__ready,S,ready,filelocks,none,none,0,normal,"pong,stat",--db_mib 8 --index_mib 12 --parse_iters 120000 --refresh_ms 500 --refresh_kib 256 --timer 1 --timer_s 60 --watch 1 --substeps 1 --hub_conns 0 --log_dgram 1,[단독자원 log·filelocks] ok — 이 라인의 자원은 해당 옵션에서 무해
S064one_log.file__steady,S,steady,filelocks,none,none,0,normal,"pong,stat",--db_mib 8 --index_mib 12 --parse_iters 120000 --refresh_ms 500 --refresh_kib 256 --timer 1 --timer_s 60 --watch 1 --substeps 1 --hub_conns 0 --log_dgram 1,[단독자원 log·filelocks] ok — 이 라인의 자원은 해당 옵션에서 무해
S065one_log.perm__init,S,init,permissive,none,none,0,normal,resume,--db_mib 8 --index_mib 12 --parse_iters 120000 --refresh_ms 500 --refresh_kib 256 --timer 1 --timer_s 60 --watch 1 --substeps 1 --hub_conns 0 --log_dgram 1,[단독자원 log·permissive] ok — 이 라인의 자원은 해당 옵션에서 무해
S065one_log.perm__db_open,S,db_open,permissive,none,none,0,normal,resume,--db_mib 8 --index_mib 12 --parse_iters 120000 --refresh_ms 500 --refresh_kib 256 --timer 1 --timer_s 60 --watch 1 --substeps 1 --hub_conns 0 --log_dgram 1,[단독자원 log·permissive] ok — 이 라인의 자원은 해당 옵션에서 무해
S065one_log.perm__log_open,S,log_open,permissive,none,none,0,normal,resume,--db_mib 8 --index_mib 12 --parse_iters 120000 --refresh_ms 500 --refresh_kib 256 --timer 1 --timer_s 60 --watch 1 --substeps 1 --hub_conns 0 --log_dgram 1,[단독자원 log·permissive] ok — 이 라인의 자원은 해당 옵션에서 무해
S065one_log.perm__epg_index,S,epg_index,permissive,none,none,0,normal,resume,--db_mib 8 --index_mib 12 --parse_iters 120000 --refresh_ms 500 --refresh_kib 256 --timer 1 --timer_s 60 --watch 1 --substeps 1 --hub_conns 0 --log_dgram 1,[단독자원 log·permissive] ok — 이 라인의 자원은 해당 옵션에서 무해
S065one_log.perm__ready,S,ready,permissive,none,none,0,normal,"pong,stat",--db_mib 8 --index_mib 12 --parse_iters 120000 --refresh_ms 500 --refresh_kib 256 --timer 1 --timer_s 60 --watch 1 --substeps 1 --hub_conns 0 --log_dgram 1,[단독자원 log·permissive] ok — 이 라인의 자원은 해당 옵션에서 무해
S065one_log.perm__steady,S,steady,permissive,none,none,0,normal,"pong,stat",--db_mib 8 --index_mib 12 --parse_iters 120000 --refresh_ms 500 --refresh_kib 256 --timer 1 --timer_s 60 --watch 1 --substeps 1 --hub_conns 0 --log_dgram 1,[단독자원 log·permissive] ok — 이 라인의 자원은 해당 옵션에서 무해
S066one_lockf.stri__init,S,init,strict,none,none,0,none,resume,--db_mib 8 --index_mib 12 --parse_iters 120000 --refresh_ms 500 --refresh_kib 256 --timer 1 --timer_s 60 --watch 1 --substeps 1 --hub_conns 0 --db_lock flock,[단독자원 lockf·strict] ok — 이 라인의 자원은 해당 옵션에서 무해
S066one_lockf.stri__db_open,S,db_open,strict,none,none,0,none,resume,--db_mib 8 --index_mib 12 --parse_iters 120000 --refresh_ms 500 --refresh_kib 256 --timer 1 --timer_s 60 --watch 1 --substeps 1 --hub_conns 0 --db_lock flock,[단독자원 lockf·strict] ok — 이 라인의 자원은 해당 옵션에서 무해
S066one_lockf.stri__db_lock,S,db_lock,strict,none,none,0,none,resume,--db_mib 8 --index_mib 12 --parse_iters 120000 --refresh_ms 500 --refresh_kib 256 --timer 1 --timer_s 60 --watch 1 --substeps 1 --hub_conns 0 --db_lock flock,[단독자원 lockf·strict] dump_fail — 잠금 보유 시점부터 (경계선 1)
S066one_lockf.stri__epg_index,S,epg_index,strict,none,none,0,none,resume,--db_mib 8 --index_mib 12 --parse_iters 120000 --refresh_ms 500 --refresh_kib 256 --timer 1 --timer_s 60 --watch 1 --substeps 1 --hub_conns 0 --db_lock flock,[단독자원 lockf·strict] ok — 이 라인의 자원은 해당 옵션에서 무해
S066one_lockf.stri__ready,S,ready,strict,none,none,0,none,"pong,stat",--db_mib 8 --index_mib 12 --parse_iters 120000 --refresh_ms 500 --refresh_kib 256 --timer 1 --timer_s 60 --watch 1 --substeps 1 --hub_conns 0 --db_lock flock,[단독자원 lockf·strict] ok — 이 라인의 자원은 해당 옵션에서 무해
S066one_lockf.stri__steady,S,steady,strict,none,none,0,none,"pong,stat",--db_mib 8 --index_mib 12 --parse_iters 120000 --refresh_ms 500 --refresh_kib 256 --timer 1 --timer_s 60 --watch 1 --substeps 1 --hub_conns 0 --db_lock flock,[단독자원 lockf·strict] ok — 이 라인의 자원은 해당 옵션에서 무해
S067one_lockf.ext___init,S,init,ext_unix,none,none,0,none,resume,--db_mib 8 --index_mib 12 --parse_iters 120000 --refresh_ms 500 --refresh_kib 256 --timer 1 --timer_s 60 --watch 1 --substeps 1 --hub_conns 0 --db_lock flock,[단독자원 lockf·ext_unix] ok — 이 라인의 자원은 해당 옵션에서 무해
S067one_lockf.ext___db_open,S,db_open,ext_unix,none,none,0,none,resume,--db_mib 8 --index_mib 12 --parse_iters 120000 --refresh_ms 500 --refresh_kib 256 --timer 1 --timer_s 60 --watch 1 --substeps 1 --hub_conns 0 --db_lock flock,[단독자원 lockf·ext_unix] ok — 이 라인의 자원은 해당 옵션에서 무해
S067one_lockf.ext___db_lock,S,db_lock,ext_unix,none,none,0,none,resume,--db_mib 8 --index_mib 12 --parse_iters 120000 --refresh_ms 500 --refresh_kib 256 --timer 1 --timer_s 60 --watch 1 --substeps 1 --hub_conns 0 --db_lock flock,[단독자원 lockf·ext_unix] ok — 이 라인의 자원은 해당 옵션에서 무해
S067one_lockf.ext___epg_index,S,epg_index,ext_unix,none,none,0,none,resume,--db_mib 8 --index_mib 12 --parse_iters 120000 --refresh_ms 500 --refresh_kib 256 --timer 1 --timer_s 60 --watch 1 --substeps 1 --hub_conns 0 --db_lock flock,[단독자원 lockf·ext_unix] ok — 이 라인의 자원은 해당 옵션에서 무해
S067one_lockf.ext___ready,S,ready,ext_unix,none,none,0,none,"pong,stat",--db_mib 8 --index_mib 12 --parse_iters 120000 --refresh_ms 500 --refresh_kib 256 --timer 1 --timer_s 60 --watch 1 --substeps 1 --hub_conns 0 --db_lock flock,[단독자원 lockf·ext_unix] ok — 이 라인의 자원은 해당 옵션에서 무해
S067one_lockf.ext___steady,S,steady,ext_unix,none,none,0,none,"pong,stat",--db_mib 8 --index_mib 12 --parse_iters 120000 --refresh_ms 500 --refresh_kib 256 --timer 1 --timer_s 60 --watch 1 --substeps 1 --hub_conns 0 --db_lock flock,[단독자원 lockf·ext_unix] ok — 이 라인의 자원은 해당 옵션에서 무해
S068one_lockf.tcp___init,S,init,tcp_est,none,none,0,none,resume,--db_mib 8 --index_mib 12 --parse_iters 120000 --refresh_ms 500 --refresh_kib 256 --timer 1 --timer_s 60 --watch 1 --substeps 1 --hub_conns 0 --db_lock flock,[단독자원 lockf·tcp_est] ok — 이 라인의 자원은 해당 옵션에서 무해
S068one_lockf.tcp___db_open,S,db_open,tcp_est,none,none,0,none,resume,--db_mib 8 --index_mib 12 --parse_iters 120000 --refresh_ms 500 --refresh_kib 256 --timer 1 --timer_s 60 --watch 1 --substeps 1 --hub_conns 0 --db_lock flock,[단독자원 lockf·tcp_est] ok — 이 라인의 자원은 해당 옵션에서 무해
S068one_lockf.tcp___db_lock,S,db_lock,tcp_est,none,none,0,none,resume,--db_mib 8 --index_mib 12 --parse_iters 120000 --refresh_ms 500 --refresh_kib 256 --timer 1 --timer_s 60 --watch 1 --substeps 1 --hub_conns 0 --db_lock flock,[단독자원 lockf·tcp_est] ok — 이 라인의 자원은 해당 옵션에서 무해
S068one_lockf.tcp___epg_index,S,epg_index,tcp_est,none,none,0,none,resume,--db_mib 8 --index_mib 12 --parse_iters 120000 --refresh_ms 500 --refresh_kib 256 --timer 1 --timer_s 60 --watch 1 --substeps 1 --hub_conns 0 --db_lock flock,[단독자원 lockf·tcp_est] ok — 이 라인의 자원은 해당 옵션에서 무해
S068one_lockf.tcp___ready,S,ready,tcp_est,none,none,0,none,"pong,stat",--db_mib 8 --index_mib 12 --parse_iters 120000 --refresh_ms 500 --refresh_kib 256 --timer 1 --timer_s 60 --watch 1 --substeps 1 --hub_conns 0 --db_lock flock,[단독자원 lockf·tcp_est] ok — 이 라인의 자원은 해당 옵션에서 무해
S068one_lockf.tcp___steady,S,steady,tcp_est,none,none,0,none,"pong,stat",--db_mib 8 --index_mib 12 --parse_iters 120000 --refresh_ms 500 --refresh_kib 256 --timer 1 --timer_s 60 --watch 1 --substeps 1 --hub_conns 0 --db_lock flock,[단독자원 lockf·tcp_est] ok — 이 라인의 자원은 해당 옵션에서 무해
S069one_lockf.file__init,S,init,filelocks,none,none,0,none,resume,--db_mib 8 --index_mib 12 --parse_iters 120000 --refresh_ms 500 --refresh_kib 256 --timer 1 --timer_s 60 --watch 1 --substeps 1 --hub_conns 0 --db_lock flock,[단독자원 lockf·filelocks] ok — 이 라인의 자원은 해당 옵션에서 무해
S069one_lockf.file__db_open,S,db_open,filelocks,none,none,0,none,resume,--db_mib 8 --index_mib 12 --parse_iters 120000 --refresh_ms 500 --refresh_kib 256 --timer 1 --timer_s 60 --watch 1 --substeps 1 --hub_conns 0 --db_lock flock,[단독자원 lockf·filelocks] ok — 이 라인의 자원은 해당 옵션에서 무해
S069one_lockf.file__db_lock,S,db_lock,filelocks,none,none,0,none,resume,--db_mib 8 --index_mib 12 --parse_iters 120000 --refresh_ms 500 --refresh_kib 256 --timer 1 --timer_s 60 --watch 1 --substeps 1 --hub_conns 0 --db_lock flock,[단독자원 lockf·filelocks] ok — 이 라인의 자원은 해당 옵션에서 무해
S069one_lockf.file__epg_index,S,epg_index,filelocks,none,none,0,none,resume,--db_mib 8 --index_mib 12 --parse_iters 120000 --refresh_ms 500 --refresh_kib 256 --timer 1 --timer_s 60 --watch 1 --substeps 1 --hub_conns 0 --db_lock flock,[단독자원 lockf·filelocks] ok — 이 라인의 자원은 해당 옵션에서 무해
S069one_lockf.file__ready,S,ready,filelocks,none,none,0,none,"pong,stat",--db_mib 8 --index_mib 12 --parse_iters 120000 --refresh_ms 500 --refresh_kib 256 --timer 1 --timer_s 60 --watch 1 --substeps 1 --hub_conns 0 --db_lock flock,[단독자원 lockf·filelocks] ok — 이 라인의 자원은 해당 옵션에서 무해
S069one_lockf.file__steady,S,steady,filelocks,none,none,0,none,"pong,stat",--db_mib 8 --index_mib 12 --parse_iters 120000 --refresh_ms 500 --refresh_kib 256 --timer 1 --timer_s 60 --watch 1 --substeps 1 --hub_conns 0 --db_lock flock,[단독자원 lockf·filelocks] ok — 이 라인의 자원은 해당 옵션에서 무해
S070one_lockf.perm__init,S,init,permissive,none,none,0,none,resume,--db_mib 8 --index_mib 12 --parse_iters 120000 --refresh_ms 500 --refresh_kib 256 --timer 1 --timer_s 60 --watch 1 --substeps 1 --hub_conns 0 --db_lock flock,[단독자원 lockf·permissive] ok — 이 라인의 자원은 해당 옵션에서 무해
S070one_lockf.perm__db_open,S,db_open,permissive,none,none,0,none,resume,--db_mib 8 --index_mib 12 --parse_iters 120000 --refresh_ms 500 --refresh_kib 256 --timer 1 --timer_s 60 --watch 1 --substeps 1 --hub_conns 0 --db_lock flock,[단독자원 lockf·permissive] ok — 이 라인의 자원은 해당 옵션에서 무해
S070one_lockf.perm__db_lock,S,db_lock,permissive,none,none,0,none,resume,--db_mib 8 --index_mib 12 --parse_iters 120000 --refresh_ms 500 --refresh_kib 256 --timer 1 --timer_s 60 --watch 1 --substeps 1 --hub_conns 0 --db_lock flock,[단독자원 lockf·permissive] ok — 이 라인의 자원은 해당 옵션에서 무해
S070one_lockf.perm__epg_index,S,epg_index,permissive,none,none,0,none,resume,--db_mib 8 --index_mib 12 --parse_iters 120000 --refresh_ms 500 --refresh_kib 256 --timer 1 --timer_s 60 --watch 1 --substeps 1 --hub_conns 0 --db_lock flock,[단독자원 lockf·permissive] ok — 이 라인의 자원은 해당 옵션에서 무해
S070one_lockf.perm__ready,S,ready,permissive,none,none,0,none,"pong,stat",--db_mib 8 --index_mib 12 --parse_iters 120000 --refresh_ms 500 --refresh_kib 256 --timer 1 --timer_s 60 --watch 1 --substeps 1 --hub_conns 0 --db_lock flock,[단독자원 lockf·permissive] ok — 이 라인의 자원은 해당 옵션에서 무해
S070one_lockf.perm__steady,S,steady,permissive,none,none,0,none,"pong,stat",--db_mib 8 --index_mib 12 --parse_iters 120000 --refresh_ms 500 --refresh_kib 256 --timer 1 --timer_s 60 --watch 1 --substeps 1 --hub_conns 0 --db_lock flock,[단독자원 lockf·permissive] ok — 이 라인의 자원은 해당 옵션에서 무해
S071one_lockp.stri__init,S,init,strict,none,none,0,none,resume,--db_mib 8 --index_mib 12 --parse_iters 120000 --refresh_ms 500 --refresh_kib 256 --timer 1 --timer_s 60 --watch 1 --substeps 1 --hub_conns 0 --db_lock posix,[단독자원 lockp·strict] ok — 이 라인의 자원은 해당 옵션에서 무해
S071one_lockp.stri__db_open,S,db_open,strict,none,none,0,none,resume,--db_mib 8 --index_mib 12 --parse_iters 120000 --refresh_ms 500 --refresh_kib 256 --timer 1 --timer_s 60 --watch 1 --substeps 1 --hub_conns 0 --db_lock posix,[단독자원 lockp·strict] ok — 이 라인의 자원은 해당 옵션에서 무해
S071one_lockp.stri__db_lock,S,db_lock,strict,none,none,0,none,resume,--db_mib 8 --index_mib 12 --parse_iters 120000 --refresh_ms 500 --refresh_kib 256 --timer 1 --timer_s 60 --watch 1 --substeps 1 --hub_conns 0 --db_lock posix,[단독자원 lockp·strict] dump_fail — 잠금 보유 시점부터 (경계선 1)
S071one_lockp.stri__epg_index,S,epg_index,strict,none,none,0,none,resume,--db_mib 8 --index_mib 12 --parse_iters 120000 --refresh_ms 500 --refresh_kib 256 --timer 1 --timer_s 60 --watch 1 --substeps 1 --hub_conns 0 --db_lock posix,[단독자원 lockp·strict] ok — 이 라인의 자원은 해당 옵션에서 무해
S071one_lockp.stri__ready,S,ready,strict,none,none,0,none,"pong,stat",--db_mib 8 --index_mib 12 --parse_iters 120000 --refresh_ms 500 --refresh_kib 256 --timer 1 --timer_s 60 --watch 1 --substeps 1 --hub_conns 0 --db_lock posix,[단독자원 lockp·strict] ok — 이 라인의 자원은 해당 옵션에서 무해
S071one_lockp.stri__steady,S,steady,strict,none,none,0,none,"pong,stat",--db_mib 8 --index_mib 12 --parse_iters 120000 --refresh_ms 500 --refresh_kib 256 --timer 1 --timer_s 60 --watch 1 --substeps 1 --hub_conns 0 --db_lock posix,[단독자원 lockp·strict] ok — 이 라인의 자원은 해당 옵션에서 무해
S072one_lockp.ext___init,S,init,ext_unix,none,none,0,none,resume,--db_mib 8 --index_mib 12 --parse_iters 120000 --refresh_ms 500 --refresh_kib 256 --timer 1 --timer_s 60 --watch 1 --substeps 1 --hub_conns 0 --db_lock posix,[단독자원 lockp·ext_unix] ok — 이 라인의 자원은 해당 옵션에서 무해
S072one_lockp.ext___db_open,S,db_open,ext_unix,none,none,0,none,resume,--db_mib 8 --index_mib 12 --parse_iters 120000 --refresh_ms 500 --refresh_kib 256 --timer 1 --timer_s 60 --watch 1 --substeps 1 --hub_conns 0 --db_lock posix,[단독자원 lockp·ext_unix] ok — 이 라인의 자원은 해당 옵션에서 무해
S072one_lockp.ext___db_lock,S,db_lock,ext_unix,none,none,0,none,resume,--db_mib 8 --index_mib 12 --parse_iters 120000 --refresh_ms 500 --refresh_kib 256 --timer 1 --timer_s 60 --watch 1 --substeps 1 --hub_conns 0 --db_lock posix,[단독자원 lockp·ext_unix] ok — 이 라인의 자원은 해당 옵션에서 무해
S072one_lockp.ext___epg_index,S,epg_index,ext_unix,none,none,0,none,resume,--db_mib 8 --index_mib 12 --parse_iters 120000 --refresh_ms 500 --refresh_kib 256 --timer 1 --timer_s 60 --watch 1 --substeps 1 --hub_conns 0 --db_lock posix,[단독자원 lockp·ext_unix] ok — 이 라인의 자원은 해당 옵션에서 무해
S072one_lockp.ext___ready,S,ready,ext_unix,none,none,0,none,"pong,stat",--db_mib 8 --index_mib 12 --parse_iters 120000 --refresh_ms 500 --refresh_kib 256 --timer 1 --timer_s 60 --watch 1 --substeps 1 --hub_conns 0 --db_lock posix,[단독자원 lockp·ext_unix] ok — 이 라인의 자원은 해당 옵션에서 무해
S072one_lockp.ext___steady,S,steady,ext_unix,none,none,0,none,"pong,stat",--db_mib 8 --index_mib 12 --parse_iters 120000 --refresh_ms 500 --refresh_kib 256 --timer 1 --timer_s 60 --watch 1 --substeps 1 --hub_conns 0 --db_lock posix,[단독자원 lockp·ext_unix] ok — 이 라인의 자원은 해당 옵션에서 무해
S073one_lockp.tcp___init,S,init,tcp_est,none,none,0,none,resume,--db_mib 8 --index_mib 12 --parse_iters 120000 --refresh_ms 500 --refresh_kib 256 --timer 1 --timer_s 60 --watch 1 --substeps 1 --hub_conns 0 --db_lock posix,[단독자원 lockp·tcp_est] ok — 이 라인의 자원은 해당 옵션에서 무해
S073one_lockp.tcp___db_open,S,db_open,tcp_est,none,none,0,none,resume,--db_mib 8 --index_mib 12 --parse_iters 120000 --refresh_ms 500 --refresh_kib 256 --timer 1 --timer_s 60 --watch 1 --substeps 1 --hub_conns 0 --db_lock posix,[단독자원 lockp·tcp_est] ok — 이 라인의 자원은 해당 옵션에서 무해
S073one_lockp.tcp___db_lock,S,db_lock,tcp_est,none,none,0,none,resume,--db_mib 8 --index_mib 12 --parse_iters 120000 --refresh_ms 500 --refresh_kib 256 --timer 1 --timer_s 60 --watch 1 --substeps 1 --hub_conns 0 --db_lock posix,[단독자원 lockp·tcp_est] ok — 이 라인의 자원은 해당 옵션에서 무해
S073one_lockp.tcp___epg_index,S,epg_index,tcp_est,none,none,0,none,resume,--db_mib 8 --index_mib 12 --parse_iters 120000 --refresh_ms 500 --refresh_kib 256 --timer 1 --timer_s 60 --watch 1 --substeps 1 --hub_conns 0 --db_lock posix,[단독자원 lockp·tcp_est] ok — 이 라인의 자원은 해당 옵션에서 무해
S073one_lockp.tcp___ready,S,ready,tcp_est,none,none,0,none,"pong,stat",--db_mib 8 --index_mib 12 --parse_iters 120000 --refresh_ms 500 --refresh_kib 256 --timer 1 --timer_s 60 --watch 1 --substeps 1 --hub_conns 0 --db_lock posix,[단독자원 lockp·tcp_est] ok — 이 라인의 자원은 해당 옵션에서 무해
S073one_lockp.tcp___steady,S,steady,tcp_est,none,none,0,none,"pong,stat",--db_mib 8 --index_mib 12 --parse_iters 120000 --refresh_ms 500 --refresh_kib 256 --timer 1 --timer_s 60 --watch 1 --substeps 1 --hub_conns 0 --db_lock posix,[단독자원 lockp·tcp_est] ok — 이 라인의 자원은 해당 옵션에서 무해
S074one_lockp.file__init,S,init,filelocks,none,none,0,none,resume,--db_mib 8 --index_mib 12 --parse_iters 120000 --refresh_ms 500 --refresh_kib 256 --timer 1 --timer_s 60 --watch 1 --substeps 1 --hub_conns 0 --db_lock posix,[단독자원 lockp·filelocks] ok — 이 라인의 자원은 해당 옵션에서 무해
S074one_lockp.file__db_open,S,db_open,filelocks,none,none,0,none,resume,--db_mib 8 --index_mib 12 --parse_iters 120000 --refresh_ms 500 --refresh_kib 256 --timer 1 --timer_s 60 --watch 1 --substeps 1 --hub_conns 0 --db_lock posix,[단독자원 lockp·filelocks] ok — 이 라인의 자원은 해당 옵션에서 무해
S074one_lockp.file__db_lock,S,db_lock,filelocks,none,none,0,none,resume,--db_mib 8 --index_mib 12 --parse_iters 120000 --refresh_ms 500 --refresh_kib 256 --timer 1 --timer_s 60 --watch 1 --substeps 1 --hub_conns 0 --db_lock posix,[단독자원 lockp·filelocks] ok — 이 라인의 자원은 해당 옵션에서 무해
S074one_lockp.file__epg_index,S,epg_index,filelocks,none,none,0,none,resume,--db_mib 8 --index_mib 12 --parse_iters 120000 --refresh_ms 500 --refresh_kib 256 --timer 1 --timer_s 60 --watch 1 --substeps 1 --hub_conns 0 --db_lock posix,[단독자원 lockp·filelocks] ok — 이 라인의 자원은 해당 옵션에서 무해
S074one_lockp.file__ready,S,ready,filelocks,none,none,0,none,"pong,stat",--db_mib 8 --index_mib 12 --parse_iters 120000 --refresh_ms 500 --refresh_kib 256 --timer 1 --timer_s 60 --watch 1 --substeps 1 --hub_conns 0 --db_lock posix,[단독자원 lockp·filelocks] ok — 이 라인의 자원은 해당 옵션에서 무해
S074one_lockp.file__steady,S,steady,filelocks,none,none,0,none,"pong,stat",--db_mib 8 --index_mib 12 --parse_iters 120000 --refresh_ms 500 --refresh_kib 256 --timer 1 --timer_s 60 --watch 1 --substeps 1 --hub_conns 0 --db_lock posix,[단독자원 lockp·filelocks] ok — 이 라인의 자원은 해당 옵션에서 무해
S075one_lockp.perm__init,S,init,permissive,none,none,0,none,resume,--db_mib 8 --index_mib 12 --parse_iters 120000 --refresh_ms 500 --refresh_kib 256 --timer 1 --timer_s 60 --watch 1 --substeps 1 --hub_conns 0 --db_lock posix,[단독자원 lockp·permissive] ok — 이 라인의 자원은 해당 옵션에서 무해
S075one_lockp.perm__db_open,S,db_open,permissive,none,none,0,none,resume,--db_mib 8 --index_mib 12 --parse_iters 120000 --refresh_ms 500 --refresh_kib 256 --timer 1 --timer_s 60 --watch 1 --substeps 1 --hub_conns 0 --db_lock posix,[단독자원 lockp·permissive] ok — 이 라인의 자원은 해당 옵션에서 무해
S075one_lockp.perm__db_lock,S,db_lock,permissive,none,none,0,none,resume,--db_mib 8 --index_mib 12 --parse_iters 120000 --refresh_ms 500 --refresh_kib 256 --timer 1 --timer_s 60 --watch 1 --substeps 1 --hub_conns 0 --db_lock posix,[단독자원 lockp·permissive] ok — 이 라인의 자원은 해당 옵션에서 무해
S075one_lockp.perm__epg_index,S,epg_index,permissive,none,none,0,none,resume,--db_mib 8 --index_mib 12 --parse_iters 120000 --refresh_ms 500 --refresh_kib 256 --timer 1 --timer_s 60 --watch 1 --substeps 1 --hub_conns 0 --db_lock posix,[단독자원 lockp·permissive] ok — 이 라인의 자원은 해당 옵션에서 무해
S075one_lockp.perm__ready,S,ready,permissive,none,none,0,none,"pong,stat",--db_mib 8 --index_mib 12 --parse_iters 120000 --refresh_ms 500 --refresh_kib 256 --timer 1 --timer_s 60 --watch 1 --substeps 1 --hub_conns 0 --db_lock posix,[단독자원 lockp·permissive] ok — 이 라인의 자원은 해당 옵션에서 무해
S075one_lockp.perm__steady,S,steady,permissive,none,none,0,none,"pong,stat",--db_mib 8 --index_mib 12 --parse_iters 120000 --refresh_ms 500 --refresh_kib 256 --timer 1 --timer_s 60 --watch 1 --substeps 1 --hub_conns 0 --db_lock posix,[단독자원 lockp·permissive] ok — 이 라인의 자원은 해당 옵션에서 무해
S076one_thread.stri__init,S,init,strict,none,none,0,none,resume,--db_mib 8 --index_mib 12 --parse_iters 120000 --refresh_ms 500 --refresh_kib 256 --timer 1 --timer_s 60 --watch 1 --substeps 1 --hub_conns 0 --threads 4,[단독자원 thread·strict] ok — 이 라인의 자원은 해당 옵션에서 무해
S076one_thread.stri__db_open,S,db_open,strict,none,none,0,none,resume,--db_mib 8 --index_mib 12 --parse_iters 120000 --refresh_ms 500 --refresh_kib 256 --timer 1 --timer_s 60 --watch 1 --substeps 1 --hub_conns 0 --threads 4,[단독자원 thread·strict] ok — 이 라인의 자원은 해당 옵션에서 무해
S076one_thread.stri__thread4,S,thread4,strict,none,none,0,none,resume,--db_mib 8 --index_mib 12 --parse_iters 120000 --refresh_ms 500 --refresh_kib 256 --timer 1 --timer_s 60 --watch 1 --substeps 1 --hub_conns 0 --threads 4,[단독자원 thread·strict] ok — 이 라인의 자원은 해당 옵션에서 무해
S076one_thread.stri__epg_index,S,epg_index,strict,none,none,0,none,resume,--db_mib 8 --index_mib 12 --parse_iters 120000 --refresh_ms 500 --refresh_kib 256 --timer 1 --timer_s 60 --watch 1 --substeps 1 --hub_conns 0 --threads 4,[단독자원 thread·strict] ok — 이 라인의 자원은 해당 옵션에서 무해
S076one_thread.stri__ready,S,ready,strict,none,none,0,none,"pong,stat",--db_mib 8 --index_mib 12 --parse_iters 120000 --refresh_ms 500 --refresh_kib 256 --timer 1 --timer_s 60 --watch 1 --substeps 1 --hub_conns 0 --threads 4,[단독자원 thread·strict] ok — 이 라인의 자원은 해당 옵션에서 무해
S076one_thread.stri__steady,S,steady,strict,none,none,0,none,"pong,stat",--db_mib 8 --index_mib 12 --parse_iters 120000 --refresh_ms 500 --refresh_kib 256 --timer 1 --timer_s 60 --watch 1 --substeps 1 --hub_conns 0 --threads 4,[단독자원 thread·strict] ok — 이 라인의 자원은 해당 옵션에서 무해
S077one_thread.ext___init,S,init,ext_unix,none,none,0,none,resume,--db_mib 8 --index_mib 12 --parse_iters 120000 --refresh_ms 500 --refresh_kib 256 --timer 1 --timer_s 60 --watch 1 --substeps 1 --hub_conns 0 --threads 4,[단독자원 thread·ext_unix] ok — 이 라인의 자원은 해당 옵션에서 무해
S077one_thread.ext___db_open,S,db_open,ext_unix,none,none,0,none,resume,--db_mib 8 --index_mib 12 --parse_iters 120000 --refresh_ms 500 --refresh_kib 256 --timer 1 --timer_s 60 --watch 1 --substeps 1 --hub_conns 0 --threads 4,[단독자원 thread·ext_unix] ok — 이 라인의 자원은 해당 옵션에서 무해
S077one_thread.ext___thread4,S,thread4,ext_unix,none,none,0,none,resume,--db_mib 8 --index_mib 12 --parse_iters 120000 --refresh_ms 500 --refresh_kib 256 --timer 1 --timer_s 60 --watch 1 --substeps 1 --hub_conns 0 --threads 4,[단독자원 thread·ext_unix] ok — 이 라인의 자원은 해당 옵션에서 무해
S077one_thread.ext___epg_index,S,epg_index,ext_unix,none,none,0,none,resume,--db_mib 8 --index_mib 12 --parse_iters 120000 --refresh_ms 500 --refresh_kib 256 --timer 1 --timer_s 60 --watch 1 --substeps 1 --hub_conns 0 --threads 4,[단독자원 thread·ext_unix] ok — 이 라인의 자원은 해당 옵션에서 무해
S077one_thread.ext___ready,S,ready,ext_unix,none,none,0,none,"pong,stat",--db_mib 8 --index_mib 12 --parse_iters 120000 --refresh_ms 500 --refresh_kib 256 --timer 1 --timer_s 60 --watch 1 --substeps 1 --hub_conns 0 --threads 4,[단독자원 thread·ext_unix] ok — 이 라인의 자원은 해당 옵션에서 무해
S077one_thread.ext___steady,S,steady,ext_unix,none,none,0,none,"pong,stat",--db_mib 8 --index_mib 12 --parse_iters 120000 --refresh_ms 500 --refresh_kib 256 --timer 1 --timer_s 60 --watch 1 --substeps 1 --hub_conns 0 --threads 4,[단독자원 thread·ext_unix] ok — 이 라인의 자원은 해당 옵션에서 무해
S078one_thread.tcp___init,S,init,tcp_est,none,none,0,none,resume,--db_mib 8 --index_mib 12 --parse_iters 120000 --refresh_ms 500 --refresh_kib 256 --timer 1 --timer_s 60 --watch 1 --substeps 1 --hub_conns 0 --threads 4,[단독자원 thread·tcp_est] ok — 이 라인의 자원은 해당 옵션에서 무해
S078one_thread.tcp___db_open,S,db_open,tcp_est,none,none,0,none,resume,--db_mib 8 --index_mib 12 --parse_iters 120000 --refresh_ms 500 --refresh_kib 256 --timer 1 --timer_s 60 --watch 1 --substeps 1 --hub_conns 0 --threads 4,[단독자원 thread·tcp_est] ok — 이 라인의 자원은 해당 옵션에서 무해
S078one_thread.tcp___thread4,S,thread4,tcp_est,none,none,0,none,resume,--db_mib 8 --index_mib 12 --parse_iters 120000 --refresh_ms 500 --refresh_kib 256 --timer 1 --timer_s 60 --watch 1 --substeps 1 --hub_conns 0 --threads 4,[단독자원 thread·tcp_est] ok — 이 라인의 자원은 해당 옵션에서 무해
S078one_thread.tcp___epg_index,S,epg_index,tcp_est,none,none,0,none,resume,--db_mib 8 --index_mib 12 --parse_iters 120000 --refresh_ms 500 --refresh_kib 256 --timer 1 --timer_s 60 --watch 1 --substeps 1 --hub_conns 0 --threads 4,[단독자원 thread·tcp_est] ok — 이 라인의 자원은 해당 옵션에서 무해
S078one_thread.tcp___ready,S,ready,tcp_est,none,none,0,none,"pong,stat",--db_mib 8 --index_mib 12 --parse_iters 120000 --refresh_ms 500 --refresh_kib 256 --timer 1 --timer_s 60 --watch 1 --substeps 1 --hub_conns 0 --threads 4,[단독자원 thread·tcp_est] ok — 이 라인의 자원은 해당 옵션에서 무해
S078one_thread.tcp___steady,S,steady,tcp_est,none,none,0,none,"pong,stat",--db_mib 8 --index_mib 12 --parse_iters 120000 --refresh_ms 500 --refresh_kib 256 --timer 1 --timer_s 60 --watch 1 --substeps 1 --hub_conns 0 --threads 4,[단독자원 thread·tcp_est] ok — 이 라인의 자원은 해당 옵션에서 무해
S079one_thread.file__init,S,init,filelocks,none,none,0,none,resume,--db_mib 8 --index_mib 12 --parse_iters 120000 --refresh_ms 500 --refresh_kib 256 --timer 1 --timer_s 60 --watch 1 --substeps 1 --hub_conns 0 --threads 4,[단독자원 thread·filelocks] ok — 이 라인의 자원은 해당 옵션에서 무해
S079one_thread.file__db_open,S,db_open,filelocks,none,none,0,none,resume,--db_mib 8 --index_mib 12 --parse_iters 120000 --refresh_ms 500 --refresh_kib 256 --timer 1 --timer_s 60 --watch 1 --substeps 1 --hub_conns 0 --threads 4,[단독자원 thread·filelocks] ok — 이 라인의 자원은 해당 옵션에서 무해
S079one_thread.file__thread4,S,thread4,filelocks,none,none,0,none,resume,--db_mib 8 --index_mib 12 --parse_iters 120000 --refresh_ms 500 --refresh_kib 256 --timer 1 --timer_s 60 --watch 1 --substeps 1 --hub_conns 0 --threads 4,[단독자원 thread·filelocks] ok — 이 라인의 자원은 해당 옵션에서 무해
S079one_thread.file__epg_index,S,epg_index,filelocks,none,none,0,none,resume,--db_mib 8 --index_mib 12 --parse_iters 120000 --refresh_ms 500 --refresh_kib 256 --timer 1 --timer_s 60 --watch 1 --substeps 1 --hub_conns 0 --threads 4,[단독자원 thread·filelocks] ok — 이 라인의 자원은 해당 옵션에서 무해
S079one_thread.file__ready,S,ready,filelocks,none,none,0,none,"pong,stat",--db_mib 8 --index_mib 12 --parse_iters 120000 --refresh_ms 500 --refresh_kib 256 --timer 1 --timer_s 60 --watch 1 --substeps 1 --hub_conns 0 --threads 4,[단독자원 thread·filelocks] ok — 이 라인의 자원은 해당 옵션에서 무해
S079one_thread.file__steady,S,steady,filelocks,none,none,0,none,"pong,stat",--db_mib 8 --index_mib 12 --parse_iters 120000 --refresh_ms 500 --refresh_kib 256 --timer 1 --timer_s 60 --watch 1 --substeps 1 --hub_conns 0 --threads 4,[단독자원 thread·filelocks] ok — 이 라인의 자원은 해당 옵션에서 무해
S080one_thread.perm__init,S,init,permissive,none,none,0,none,resume,--db_mib 8 --index_mib 12 --parse_iters 120000 --refresh_ms 500 --refresh_kib 256 --timer 1 --timer_s 60 --watch 1 --substeps 1 --hub_conns 0 --threads 4,[단독자원 thread·permissive] ok — 이 라인의 자원은 해당 옵션에서 무해
S080one_thread.perm__db_open,S,db_open,permissive,none,none,0,none,resume,--db_mib 8 --index_mib 12 --parse_iters 120000 --refresh_ms 500 --refresh_kib 256 --timer 1 --timer_s 60 --watch 1 --substeps 1 --hub_conns 0 --threads 4,[단독자원 thread·permissive] ok — 이 라인의 자원은 해당 옵션에서 무해
S080one_thread.perm__thread4,S,thread4,permissive,none,none,0,none,resume,--db_mib 8 --index_mib 12 --parse_iters 120000 --refresh_ms 500 --refresh_kib 256 --timer 1 --timer_s 60 --watch 1 --substeps 1 --hub_conns 0 --threads 4,[단독자원 thread·permissive] ok — 이 라인의 자원은 해당 옵션에서 무해
S080one_thread.perm__epg_index,S,epg_index,permissive,none,none,0,none,resume,--db_mib 8 --index_mib 12 --parse_iters 120000 --refresh_ms 500 --refresh_kib 256 --timer 1 --timer_s 60 --watch 1 --substeps 1 --hub_conns 0 --threads 4,[단독자원 thread·permissive] ok — 이 라인의 자원은 해당 옵션에서 무해
S080one_thread.perm__ready,S,ready,permissive,none,none,0,none,"pong,stat",--db_mib 8 --index_mib 12 --parse_iters 120000 --refresh_ms 500 --refresh_kib 256 --timer 1 --timer_s 60 --watch 1 --substeps 1 --hub_conns 0 --threads 4,[단독자원 thread·permissive] ok — 이 라인의 자원은 해당 옵션에서 무해
S080one_thread.perm__steady,S,steady,permissive,none,none,0,none,"pong,stat",--db_mib 8 --index_mib 12 --parse_iters 120000 --refresh_ms 500 --refresh_kib 256 --timer 1 --timer_s 60 --watch 1 --substeps 1 --hub_conns 0 --threads 4,[단독자원 thread·permissive] ok — 이 라인의 자원은 해당 옵션에서 무해
S081one_child.stri__init,S,init,strict,none,none,0,none,resume,--db_mib 8 --index_mib 12 --parse_iters 120000 --refresh_ms 500 --refresh_kib 256 --timer 1 --timer_s 60 --watch 1 --substeps 1 --hub_conns 0 --child 1,[단독자원 child·strict] ok — 이 라인의 자원은 해당 옵션에서 무해
S081one_child.stri__db_open,S,db_open,strict,none,none,0,none,resume,--db_mib 8 --index_mib 12 --parse_iters 120000 --refresh_ms 500 --refresh_kib 256 --timer 1 --timer_s 60 --watch 1 --substeps 1 --hub_conns 0 --child 1,[단독자원 child·strict] ok — 이 라인의 자원은 해당 옵션에서 무해
S081one_child.stri__helper_forked,S,helper_forked,strict,none,none,0,none,resume,--db_mib 8 --index_mib 12 --parse_iters 120000 --refresh_ms 500 --refresh_kib 256 --timer 1 --timer_s 60 --watch 1 --substeps 1 --hub_conns 0 --child 1,[단독자원 child·strict] ok — 이 라인의 자원은 해당 옵션에서 무해
S081one_child.stri__epg_index,S,epg_index,strict,none,none,0,none,resume,--db_mib 8 --index_mib 12 --parse_iters 120000 --refresh_ms 500 --refresh_kib 256 --timer 1 --timer_s 60 --watch 1 --substeps 1 --hub_conns 0 --child 1,[단독자원 child·strict] ok — 이 라인의 자원은 해당 옵션에서 무해
S081one_child.stri__ready,S,ready,strict,none,none,0,none,"pong,stat",--db_mib 8 --index_mib 12 --parse_iters 120000 --refresh_ms 500 --refresh_kib 256 --timer 1 --timer_s 60 --watch 1 --substeps 1 --hub_conns 0 --child 1,[단독자원 child·strict] ok — 이 라인의 자원은 해당 옵션에서 무해
S081one_child.stri__steady,S,steady,strict,none,none,0,none,"pong,stat",--db_mib 8 --index_mib 12 --parse_iters 120000 --refresh_ms 500 --refresh_kib 256 --timer 1 --timer_s 60 --watch 1 --substeps 1 --hub_conns 0 --child 1,[단독자원 child·strict] ok — 이 라인의 자원은 해당 옵션에서 무해
S082one_child.ext___init,S,init,ext_unix,none,none,0,none,resume,--db_mib 8 --index_mib 12 --parse_iters 120000 --refresh_ms 500 --refresh_kib 256 --timer 1 --timer_s 60 --watch 1 --substeps 1 --hub_conns 0 --child 1,[단독자원 child·ext_unix] ok — 이 라인의 자원은 해당 옵션에서 무해
S082one_child.ext___db_open,S,db_open,ext_unix,none,none,0,none,resume,--db_mib 8 --index_mib 12 --parse_iters 120000 --refresh_ms 500 --refresh_kib 256 --timer 1 --timer_s 60 --watch 1 --substeps 1 --hub_conns 0 --child 1,[단독자원 child·ext_unix] ok — 이 라인의 자원은 해당 옵션에서 무해
S082one_child.ext___helper_forked,S,helper_forked,ext_unix,none,none,0,none,resume,--db_mib 8 --index_mib 12 --parse_iters 120000 --refresh_ms 500 --refresh_kib 256 --timer 1 --timer_s 60 --watch 1 --substeps 1 --hub_conns 0 --child 1,[단독자원 child·ext_unix] ok — 이 라인의 자원은 해당 옵션에서 무해
S082one_child.ext___epg_index,S,epg_index,ext_unix,none,none,0,none,resume,--db_mib 8 --index_mib 12 --parse_iters 120000 --refresh_ms 500 --refresh_kib 256 --timer 1 --timer_s 60 --watch 1 --substeps 1 --hub_conns 0 --child 1,[단독자원 child·ext_unix] ok — 이 라인의 자원은 해당 옵션에서 무해
S082one_child.ext___ready,S,ready,ext_unix,none,none,0,none,"pong,stat",--db_mib 8 --index_mib 12 --parse_iters 120000 --refresh_ms 500 --refresh_kib 256 --timer 1 --timer_s 60 --watch 1 --substeps 1 --hub_conns 0 --child 1,[단독자원 child·ext_unix] ok — 이 라인의 자원은 해당 옵션에서 무해
S082one_child.ext___steady,S,steady,ext_unix,none,none,0,none,"pong,stat",--db_mib 8 --index_mib 12 --parse_iters 120000 --refresh_ms 500 --refresh_kib 256 --timer 1 --timer_s 60 --watch 1 --substeps 1 --hub_conns 0 --child 1,[단독자원 child·ext_unix] ok — 이 라인의 자원은 해당 옵션에서 무해
S083one_child.tcp___init,S,init,tcp_est,none,none,0,none,resume,--db_mib 8 --index_mib 12 --parse_iters 120000 --refresh_ms 500 --refresh_kib 256 --timer 1 --timer_s 60 --watch 1 --substeps 1 --hub_conns 0 --child 1,[단독자원 child·tcp_est] ok — 이 라인의 자원은 해당 옵션에서 무해
S083one_child.tcp___db_open,S,db_open,tcp_est,none,none,0,none,resume,--db_mib 8 --index_mib 12 --parse_iters 120000 --refresh_ms 500 --refresh_kib 256 --timer 1 --timer_s 60 --watch 1 --substeps 1 --hub_conns 0 --child 1,[단독자원 child·tcp_est] ok — 이 라인의 자원은 해당 옵션에서 무해
S083one_child.tcp___helper_forked,S,helper_forked,tcp_est,none,none,0,none,resume,--db_mib 8 --index_mib 12 --parse_iters 120000 --refresh_ms 500 --refresh_kib 256 --timer 1 --timer_s 60 --watch 1 --substeps 1 --hub_conns 0 --child 1,[단독자원 child·tcp_est] ok — 이 라인의 자원은 해당 옵션에서 무해
S083one_child.tcp___epg_index,S,epg_index,tcp_est,none,none,0,none,resume,--db_mib 8 --index_mib 12 --parse_iters 120000 --refresh_ms 500 --refresh_kib 256 --timer 1 --timer_s 60 --watch 1 --substeps 1 --hub_conns 0 --child 1,[단독자원 child·tcp_est] ok — 이 라인의 자원은 해당 옵션에서 무해
S083one_child.tcp___ready,S,ready,tcp_est,none,none,0,none,"pong,stat",--db_mib 8 --index_mib 12 --parse_iters 120000 --refresh_ms 500 --refresh_kib 256 --timer 1 --timer_s 60 --watch 1 --substeps 1 --hub_conns 0 --child 1,[단독자원 child·tcp_est] ok — 이 라인의 자원은 해당 옵션에서 무해
S083one_child.tcp___steady,S,steady,tcp_est,none,none,0,none,"pong,stat",--db_mib 8 --index_mib 12 --parse_iters 120000 --refresh_ms 500 --refresh_kib 256 --timer 1 --timer_s 60 --watch 1 --substeps 1 --hub_conns 0 --child 1,[단독자원 child·tcp_est] ok — 이 라인의 자원은 해당 옵션에서 무해
S084one_child.file__init,S,init,filelocks,none,none,0,none,resume,--db_mib 8 --index_mib 12 --parse_iters 120000 --refresh_ms 500 --refresh_kib 256 --timer 1 --timer_s 60 --watch 1 --substeps 1 --hub_conns 0 --child 1,[단독자원 child·filelocks] ok — 이 라인의 자원은 해당 옵션에서 무해
S084one_child.file__db_open,S,db_open,filelocks,none,none,0,none,resume,--db_mib 8 --index_mib 12 --parse_iters 120000 --refresh_ms 500 --refresh_kib 256 --timer 1 --timer_s 60 --watch 1 --substeps 1 --hub_conns 0 --child 1,[단독자원 child·filelocks] ok — 이 라인의 자원은 해당 옵션에서 무해
S084one_child.file__helper_forked,S,helper_forked,filelocks,none,none,0,none,resume,--db_mib 8 --index_mib 12 --parse_iters 120000 --refresh_ms 500 --refresh_kib 256 --timer 1 --timer_s 60 --watch 1 --substeps 1 --hub_conns 0 --child 1,[단독자원 child·filelocks] ok — 이 라인의 자원은 해당 옵션에서 무해
S084one_child.file__epg_index,S,epg_index,filelocks,none,none,0,none,resume,--db_mib 8 --index_mib 12 --parse_iters 120000 --refresh_ms 500 --refresh_kib 256 --timer 1 --timer_s 60 --watch 1 --substeps 1 --hub_conns 0 --child 1,[단독자원 child·filelocks] ok — 이 라인의 자원은 해당 옵션에서 무해
S084one_child.file__ready,S,ready,filelocks,none,none,0,none,"pong,stat",--db_mib 8 --index_mib 12 --parse_iters 120000 --refresh_ms 500 --refresh_kib 256 --timer 1 --timer_s 60 --watch 1 --substeps 1 --hub_conns 0 --child 1,[단독자원 child·filelocks] ok — 이 라인의 자원은 해당 옵션에서 무해
S084one_child.file__steady,S,steady,filelocks,none,none,0,none,"pong,stat",--db_mib 8 --index_mib 12 --parse_iters 120000 --refresh_ms 500 --refresh_kib 256 --timer 1 --timer_s 60 --watch 1 --substeps 1 --hub_conns 0 --child 1,[단독자원 child·filelocks] ok — 이 라인의 자원은 해당 옵션에서 무해
S085one_child.perm__init,S,init,permissive,none,none,0,none,resume,--db_mib 8 --index_mib 12 --parse_iters 120000 --refresh_ms 500 --refresh_kib 256 --timer 1 --timer_s 60 --watch 1 --substeps 1 --hub_conns 0 --child 1,[단독자원 child·permissive] ok — 이 라인의 자원은 해당 옵션에서 무해
S085one_child.perm__db_open,S,db_open,permissive,none,none,0,none,resume,--db_mib 8 --index_mib 12 --parse_iters 120000 --refresh_ms 500 --refresh_kib 256 --timer 1 --timer_s 60 --watch 1 --substeps 1 --hub_conns 0 --child 1,[단독자원 child·permissive] ok — 이 라인의 자원은 해당 옵션에서 무해
S085one_child.perm__helper_forked,S,helper_forked,permissive,none,none,0,none,resume,--db_mib 8 --index_mib 12 --parse_iters 120000 --refresh_ms 500 --refresh_kib 256 --timer 1 --timer_s 60 --watch 1 --substeps 1 --hub_conns 0 --child 1,[단독자원 child·permissive] ok — 이 라인의 자원은 해당 옵션에서 무해
S085one_child.perm__epg_index,S,epg_index,permissive,none,none,0,none,resume,--db_mib 8 --index_mib 12 --parse_iters 120000 --refresh_ms 500 --refresh_kib 256 --timer 1 --timer_s 60 --watch 1 --substeps 1 --hub_conns 0 --child 1,[단독자원 child·permissive] ok — 이 라인의 자원은 해당 옵션에서 무해
S085one_child.perm__ready,S,ready,permissive,none,none,0,none,"pong,stat",--db_mib 8 --index_mib 12 --parse_iters 120000 --refresh_ms 500 --refresh_kib 256 --timer 1 --timer_s 60 --watch 1 --substeps 1 --hub_conns 0 --child 1,[단독자원 child·permissive] ok — 이 라인의 자원은 해당 옵션에서 무해
S085one_child.perm__steady,S,steady,permissive,none,none,0,none,"pong,stat",--db_mib 8 --index_mib 12 --parse_iters 120000 --refresh_ms 500 --refresh_kib 256 --timer 1 --timer_s 60 --watch 1 --substeps 1 --hub_conns 0 --child 1,[단독자원 child·permissive] ok — 이 라인의 자원은 해당 옵션에서 무해
S086one_zombie.stri__init,S,init,strict,none,none,0,none,resume,--db_mib 8 --index_mib 12 --parse_iters 120000 --refresh_ms 500 --refresh_kib 256 --timer 1 --timer_s 60 --watch 1 --substeps 1 --hub_conns 0 --zombie 1,[단독자원 zombie·strict] ok — 이 라인의 자원은 해당 옵션에서 무해
S086one_zombie.stri__db_open,S,db_open,strict,none,none,0,none,resume,--db_mib 8 --index_mib 12 --parse_iters 120000 --refresh_ms 500 --refresh_kib 256 --timer 1 --timer_s 60 --watch 1 --substeps 1 --hub_conns 0 --zombie 1,[단독자원 zombie·strict] ok — 이 라인의 자원은 해당 옵션에서 무해
S086one_zombie.stri__zombie_made,S,zombie_made,strict,none,none,0,none,resume,--db_mib 8 --index_mib 12 --parse_iters 120000 --refresh_ms 500 --refresh_kib 256 --timer 1 --timer_s 60 --watch 1 --substeps 1 --hub_conns 0 --zombie 1,[단독자원 zombie·strict] ok — 이 라인의 자원은 해당 옵션에서 무해
S086one_zombie.stri__epg_index,S,epg_index,strict,none,none,0,none,resume,--db_mib 8 --index_mib 12 --parse_iters 120000 --refresh_ms 500 --refresh_kib 256 --timer 1 --timer_s 60 --watch 1 --substeps 1 --hub_conns 0 --zombie 1,[단독자원 zombie·strict] ok — 이 라인의 자원은 해당 옵션에서 무해
S086one_zombie.stri__ready,S,ready,strict,none,none,0,none,"pong,stat",--db_mib 8 --index_mib 12 --parse_iters 120000 --refresh_ms 500 --refresh_kib 256 --timer 1 --timer_s 60 --watch 1 --substeps 1 --hub_conns 0 --zombie 1,[단독자원 zombie·strict] ok — 이 라인의 자원은 해당 옵션에서 무해
S086one_zombie.stri__steady,S,steady,strict,none,none,0,none,"pong,stat",--db_mib 8 --index_mib 12 --parse_iters 120000 --refresh_ms 500 --refresh_kib 256 --timer 1 --timer_s 60 --watch 1 --substeps 1 --hub_conns 0 --zombie 1,[단독자원 zombie·strict] ok — 이 라인의 자원은 해당 옵션에서 무해
S087one_zombie.ext___init,S,init,ext_unix,none,none,0,none,resume,--db_mib 8 --index_mib 12 --parse_iters 120000 --refresh_ms 500 --refresh_kib 256 --timer 1 --timer_s 60 --watch 1 --substeps 1 --hub_conns 0 --zombie 1,[단독자원 zombie·ext_unix] ok — 이 라인의 자원은 해당 옵션에서 무해
S087one_zombie.ext___db_open,S,db_open,ext_unix,none,none,0,none,resume,--db_mib 8 --index_mib 12 --parse_iters 120000 --refresh_ms 500 --refresh_kib 256 --timer 1 --timer_s 60 --watch 1 --substeps 1 --hub_conns 0 --zombie 1,[단독자원 zombie·ext_unix] ok — 이 라인의 자원은 해당 옵션에서 무해
S087one_zombie.ext___zombie_made,S,zombie_made,ext_unix,none,none,0,none,resume,--db_mib 8 --index_mib 12 --parse_iters 120000 --refresh_ms 500 --refresh_kib 256 --timer 1 --timer_s 60 --watch 1 --substeps 1 --hub_conns 0 --zombie 1,[단독자원 zombie·ext_unix] ok — 이 라인의 자원은 해당 옵션에서 무해
S087one_zombie.ext___epg_index,S,epg_index,ext_unix,none,none,0,none,resume,--db_mib 8 --index_mib 12 --parse_iters 120000 --refresh_ms 500 --refresh_kib 256 --timer 1 --timer_s 60 --watch 1 --substeps 1 --hub_conns 0 --zombie 1,[단독자원 zombie·ext_unix] ok — 이 라인의 자원은 해당 옵션에서 무해
S087one_zombie.ext___ready,S,ready,ext_unix,none,none,0,none,"pong,stat",--db_mib 8 --index_mib 12 --parse_iters 120000 --refresh_ms 500 --refresh_kib 256 --timer 1 --timer_s 60 --watch 1 --substeps 1 --hub_conns 0 --zombie 1,[단독자원 zombie·ext_unix] ok — 이 라인의 자원은 해당 옵션에서 무해
S087one_zombie.ext___steady,S,steady,ext_unix,none,none,0,none,"pong,stat",--db_mib 8 --index_mib 12 --parse_iters 120000 --refresh_ms 500 --refresh_kib 256 --timer 1 --timer_s 60 --watch 1 --substeps 1 --hub_conns 0 --zombie 1,[단독자원 zombie·ext_unix] ok — 이 라인의 자원은 해당 옵션에서 무해
S088one_zombie.tcp___init,S,init,tcp_est,none,none,0,none,resume,--db_mib 8 --index_mib 12 --parse_iters 120000 --refresh_ms 500 --refresh_kib 256 --timer 1 --timer_s 60 --watch 1 --substeps 1 --hub_conns 0 --zombie 1,[단독자원 zombie·tcp_est] ok — 이 라인의 자원은 해당 옵션에서 무해
S088one_zombie.tcp___db_open,S,db_open,tcp_est,none,none,0,none,resume,--db_mib 8 --index_mib 12 --parse_iters 120000 --refresh_ms 500 --refresh_kib 256 --timer 1 --timer_s 60 --watch 1 --substeps 1 --hub_conns 0 --zombie 1,[단독자원 zombie·tcp_est] ok — 이 라인의 자원은 해당 옵션에서 무해
S088one_zombie.tcp___zombie_made,S,zombie_made,tcp_est,none,none,0,none,resume,--db_mib 8 --index_mib 12 --parse_iters 120000 --refresh_ms 500 --refresh_kib 256 --timer 1 --timer_s 60 --watch 1 --substeps 1 --hub_conns 0 --zombie 1,[단독자원 zombie·tcp_est] ok — 이 라인의 자원은 해당 옵션에서 무해
S088one_zombie.tcp___epg_index,S,epg_index,tcp_est,none,none,0,none,resume,--db_mib 8 --index_mib 12 --parse_iters 120000 --refresh_ms 500 --refresh_kib 256 --timer 1 --timer_s 60 --watch 1 --substeps 1 --hub_conns 0 --zombie 1,[단독자원 zombie·tcp_est] ok — 이 라인의 자원은 해당 옵션에서 무해
S088one_zombie.tcp___ready,S,ready,tcp_est,none,none,0,none,"pong,stat",--db_mib 8 --index_mib 12 --parse_iters 120000 --refresh_ms 500 --refresh_kib 256 --timer 1 --timer_s 60 --watch 1 --substeps 1 --hub_conns 0 --zombie 1,[단독자원 zombie·tcp_est] ok — 이 라인의 자원은 해당 옵션에서 무해
S088one_zombie.tcp___steady,S,steady,tcp_est,none,none,0,none,"pong,stat",--db_mib 8 --index_mib 12 --parse_iters 120000 --refresh_ms 500 --refresh_kib 256 --timer 1 --timer_s 60 --watch 1 --substeps 1 --hub_conns 0 --zombie 1,[단독자원 zombie·tcp_est] ok — 이 라인의 자원은 해당 옵션에서 무해
S089one_zombie.file__init,S,init,filelocks,none,none,0,none,resume,--db_mib 8 --index_mib 12 --parse_iters 120000 --refresh_ms 500 --refresh_kib 256 --timer 1 --timer_s 60 --watch 1 --substeps 1 --hub_conns 0 --zombie 1,[단독자원 zombie·filelocks] ok — 이 라인의 자원은 해당 옵션에서 무해
S089one_zombie.file__db_open,S,db_open,filelocks,none,none,0,none,resume,--db_mib 8 --index_mib 12 --parse_iters 120000 --refresh_ms 500 --refresh_kib 256 --timer 1 --timer_s 60 --watch 1 --substeps 1 --hub_conns 0 --zombie 1,[단독자원 zombie·filelocks] ok — 이 라인의 자원은 해당 옵션에서 무해
S089one_zombie.file__zombie_made,S,zombie_made,filelocks,none,none,0,none,resume,--db_mib 8 --index_mib 12 --parse_iters 120000 --refresh_ms 500 --refresh_kib 256 --timer 1 --timer_s 60 --watch 1 --substeps 1 --hub_conns 0 --zombie 1,[단독자원 zombie·filelocks] ok — 이 라인의 자원은 해당 옵션에서 무해
S089one_zombie.file__epg_index,S,epg_index,filelocks,none,none,0,none,resume,--db_mib 8 --index_mib 12 --parse_iters 120000 --refresh_ms 500 --refresh_kib 256 --timer 1 --timer_s 60 --watch 1 --substeps 1 --hub_conns 0 --zombie 1,[단독자원 zombie·filelocks] ok — 이 라인의 자원은 해당 옵션에서 무해
S089one_zombie.file__ready,S,ready,filelocks,none,none,0,none,"pong,stat",--db_mib 8 --index_mib 12 --parse_iters 120000 --refresh_ms 500 --refresh_kib 256 --timer 1 --timer_s 60 --watch 1 --substeps 1 --hub_conns 0 --zombie 1,[단독자원 zombie·filelocks] ok — 이 라인의 자원은 해당 옵션에서 무해
S089one_zombie.file__steady,S,steady,filelocks,none,none,0,none,"pong,stat",--db_mib 8 --index_mib 12 --parse_iters 120000 --refresh_ms 500 --refresh_kib 256 --timer 1 --timer_s 60 --watch 1 --substeps 1 --hub_conns 0 --zombie 1,[단독자원 zombie·filelocks] ok — 이 라인의 자원은 해당 옵션에서 무해
S090one_zombie.perm__init,S,init,permissive,none,none,0,none,resume,--db_mib 8 --index_mib 12 --parse_iters 120000 --refresh_ms 500 --refresh_kib 256 --timer 1 --timer_s 60 --watch 1 --substeps 1 --hub_conns 0 --zombie 1,[단독자원 zombie·permissive] ok — 이 라인의 자원은 해당 옵션에서 무해
S090one_zombie.perm__db_open,S,db_open,permissive,none,none,0,none,resume,--db_mib 8 --index_mib 12 --parse_iters 120000 --refresh_ms 500 --refresh_kib 256 --timer 1 --timer_s 60 --watch 1 --substeps 1 --hub_conns 0 --zombie 1,[단독자원 zombie·permissive] ok — 이 라인의 자원은 해당 옵션에서 무해
S090one_zombie.perm__zombie_made,S,zombie_made,permissive,none,none,0,none,resume,--db_mib 8 --index_mib 12 --parse_iters 120000 --refresh_ms 500 --refresh_kib 256 --timer 1 --timer_s 60 --watch 1 --substeps 1 --hub_conns 0 --zombie 1,[단독자원 zombie·permissive] ok — 이 라인의 자원은 해당 옵션에서 무해
S090one_zombie.perm__epg_index,S,epg_index,permissive,none,none,0,none,resume,--db_mib 8 --index_mib 12 --parse_iters 120000 --refresh_ms 500 --refresh_kib 256 --timer 1 --timer_s 60 --watch 1 --substeps 1 --hub_conns 0 --zombie 1,[단독자원 zombie·permissive] ok — 이 라인의 자원은 해당 옵션에서 무해
S090one_zombie.perm__ready,S,ready,permissive,none,none,0,none,"pong,stat",--db_mib 8 --index_mib 12 --parse_iters 120000 --refresh_ms 500 --refresh_kib 256 --timer 1 --timer_s 60 --watch 1 --substeps 1 --hub_conns 0 --zombie 1,[단독자원 zombie·permissive] ok — 이 라인의 자원은 해당 옵션에서 무해
S090one_zombie.perm__steady,S,steady,permissive,none,none,0,none,"pong,stat",--db_mib 8 --index_mib 12 --parse_iters 120000 --refresh_ms 500 --refresh_kib 256 --timer 1 --timer_s 60 --watch 1 --substeps 1 --hub_conns 0 --zombie 1,[단독자원 zombie·permissive] ok — 이 라인의 자원은 해당 옵션에서 무해
S091one_selfpipe.stri__init,S,init,strict,none,none,0,none,resume,--db_mib 8 --index_mib 12 --parse_iters 120000 --refresh_ms 500 --refresh_kib 256 --timer 1 --timer_s 60 --watch 1 --substeps 1 --hub_conns 0 --selfpipe 1,[단독자원 selfpipe·strict] ok — 이 라인의 자원은 해당 옵션에서 무해
S091one_selfpipe.stri__db_open,S,db_open,strict,none,none,0,none,resume,--db_mib 8 --index_mib 12 --parse_iters 120000 --refresh_ms 500 --refresh_kib 256 --timer 1 --timer_s 60 --watch 1 --substeps 1 --hub_conns 0 --selfpipe 1,[단독자원 selfpipe·strict] ok — 이 라인의 자원은 해당 옵션에서 무해
S091one_selfpipe.stri__selfpipe,S,selfpipe,strict,none,none,0,none,resume,--db_mib 8 --index_mib 12 --parse_iters 120000 --refresh_ms 500 --refresh_kib 256 --timer 1 --timer_s 60 --watch 1 --substeps 1 --hub_conns 0 --selfpipe 1,[단독자원 selfpipe·strict] ok — 이 라인의 자원은 해당 옵션에서 무해
S091one_selfpipe.stri__epg_index,S,epg_index,strict,none,none,0,none,resume,--db_mib 8 --index_mib 12 --parse_iters 120000 --refresh_ms 500 --refresh_kib 256 --timer 1 --timer_s 60 --watch 1 --substeps 1 --hub_conns 0 --selfpipe 1,[단독자원 selfpipe·strict] ok — 이 라인의 자원은 해당 옵션에서 무해
S091one_selfpipe.stri__ready,S,ready,strict,none,none,0,none,"pong,stat",--db_mib 8 --index_mib 12 --parse_iters 120000 --refresh_ms 500 --refresh_kib 256 --timer 1 --timer_s 60 --watch 1 --substeps 1 --hub_conns 0 --selfpipe 1,[단독자원 selfpipe·strict] ok — 이 라인의 자원은 해당 옵션에서 무해
S091one_selfpipe.stri__steady,S,steady,strict,none,none,0,none,"pong,stat",--db_mib 8 --index_mib 12 --parse_iters 120000 --refresh_ms 500 --refresh_kib 256 --timer 1 --timer_s 60 --watch 1 --substeps 1 --hub_conns 0 --selfpipe 1,[단독자원 selfpipe·strict] ok — 이 라인의 자원은 해당 옵션에서 무해
S092one_selfpipe.ext___init,S,init,ext_unix,none,none,0,none,resume,--db_mib 8 --index_mib 12 --parse_iters 120000 --refresh_ms 500 --refresh_kib 256 --timer 1 --timer_s 60 --watch 1 --substeps 1 --hub_conns 0 --selfpipe 1,[단독자원 selfpipe·ext_unix] ok — 이 라인의 자원은 해당 옵션에서 무해
S092one_selfpipe.ext___db_open,S,db_open,ext_unix,none,none,0,none,resume,--db_mib 8 --index_mib 12 --parse_iters 120000 --refresh_ms 500 --refresh_kib 256 --timer 1 --timer_s 60 --watch 1 --substeps 1 --hub_conns 0 --selfpipe 1,[단독자원 selfpipe·ext_unix] ok — 이 라인의 자원은 해당 옵션에서 무해
S092one_selfpipe.ext___selfpipe,S,selfpipe,ext_unix,none,none,0,none,resume,--db_mib 8 --index_mib 12 --parse_iters 120000 --refresh_ms 500 --refresh_kib 256 --timer 1 --timer_s 60 --watch 1 --substeps 1 --hub_conns 0 --selfpipe 1,[단독자원 selfpipe·ext_unix] ok — 이 라인의 자원은 해당 옵션에서 무해
S092one_selfpipe.ext___epg_index,S,epg_index,ext_unix,none,none,0,none,resume,--db_mib 8 --index_mib 12 --parse_iters 120000 --refresh_ms 500 --refresh_kib 256 --timer 1 --timer_s 60 --watch 1 --substeps 1 --hub_conns 0 --selfpipe 1,[단독자원 selfpipe·ext_unix] ok — 이 라인의 자원은 해당 옵션에서 무해
S092one_selfpipe.ext___ready,S,ready,ext_unix,none,none,0,none,"pong,stat",--db_mib 8 --index_mib 12 --parse_iters 120000 --refresh_ms 500 --refresh_kib 256 --timer 1 --timer_s 60 --watch 1 --substeps 1 --hub_conns 0 --selfpipe 1,[단독자원 selfpipe·ext_unix] ok — 이 라인의 자원은 해당 옵션에서 무해
S092one_selfpipe.ext___steady,S,steady,ext_unix,none,none,0,none,"pong,stat",--db_mib 8 --index_mib 12 --parse_iters 120000 --refresh_ms 500 --refresh_kib 256 --timer 1 --timer_s 60 --watch 1 --substeps 1 --hub_conns 0 --selfpipe 1,[단독자원 selfpipe·ext_unix] ok — 이 라인의 자원은 해당 옵션에서 무해
S093one_selfpipe.tcp___init,S,init,tcp_est,none,none,0,none,resume,--db_mib 8 --index_mib 12 --parse_iters 120000 --refresh_ms 500 --refresh_kib 256 --timer 1 --timer_s 60 --watch 1 --substeps 1 --hub_conns 0 --selfpipe 1,[단독자원 selfpipe·tcp_est] ok — 이 라인의 자원은 해당 옵션에서 무해
S093one_selfpipe.tcp___db_open,S,db_open,tcp_est,none,none,0,none,resume,--db_mib 8 --index_mib 12 --parse_iters 120000 --refresh_ms 500 --refresh_kib 256 --timer 1 --timer_s 60 --watch 1 --substeps 1 --hub_conns 0 --selfpipe 1,[단독자원 selfpipe·tcp_est] ok — 이 라인의 자원은 해당 옵션에서 무해
S093one_selfpipe.tcp___selfpipe,S,selfpipe,tcp_est,none,none,0,none,resume,--db_mib 8 --index_mib 12 --parse_iters 120000 --refresh_ms 500 --refresh_kib 256 --timer 1 --timer_s 60 --watch 1 --substeps 1 --hub_conns 0 --selfpipe 1,[단독자원 selfpipe·tcp_est] ok — 이 라인의 자원은 해당 옵션에서 무해
S093one_selfpipe.tcp___epg_index,S,epg_index,tcp_est,none,none,0,none,resume,--db_mib 8 --index_mib 12 --parse_iters 120000 --refresh_ms 500 --refresh_kib 256 --timer 1 --timer_s 60 --watch 1 --substeps 1 --hub_conns 0 --selfpipe 1,[단독자원 selfpipe·tcp_est] ok — 이 라인의 자원은 해당 옵션에서 무해
S093one_selfpipe.tcp___ready,S,ready,tcp_est,none,none,0,none,"pong,stat",--db_mib 8 --index_mib 12 --parse_iters 120000 --refresh_ms 500 --refresh_kib 256 --timer 1 --timer_s 60 --watch 1 --substeps 1 --hub_conns 0 --selfpipe 1,[단독자원 selfpipe·tcp_est] ok — 이 라인의 자원은 해당 옵션에서 무해
S093one_selfpipe.tcp___steady,S,steady,tcp_est,none,none,0,none,"pong,stat",--db_mib 8 --index_mib 12 --parse_iters 120000 --refresh_ms 500 --refresh_kib 256 --timer 1 --timer_s 60 --watch 1 --substeps 1 --hub_conns 0 --selfpipe 1,[단독자원 selfpipe·tcp_est] ok — 이 라인의 자원은 해당 옵션에서 무해
S094one_selfpipe.file__init,S,init,filelocks,none,none,0,none,resume,--db_mib 8 --index_mib 12 --parse_iters 120000 --refresh_ms 500 --refresh_kib 256 --timer 1 --timer_s 60 --watch 1 --substeps 1 --hub_conns 0 --selfpipe 1,[단독자원 selfpipe·filelocks] ok — 이 라인의 자원은 해당 옵션에서 무해
S094one_selfpipe.file__db_open,S,db_open,filelocks,none,none,0,none,resume,--db_mib 8 --index_mib 12 --parse_iters 120000 --refresh_ms 500 --refresh_kib 256 --timer 1 --timer_s 60 --watch 1 --substeps 1 --hub_conns 0 --selfpipe 1,[단독자원 selfpipe·filelocks] ok — 이 라인의 자원은 해당 옵션에서 무해
S094one_selfpipe.file__selfpipe,S,selfpipe,filelocks,none,none,0,none,resume,--db_mib 8 --index_mib 12 --parse_iters 120000 --refresh_ms 500 --refresh_kib 256 --timer 1 --timer_s 60 --watch 1 --substeps 1 --hub_conns 0 --selfpipe 1,[단독자원 selfpipe·filelocks] ok — 이 라인의 자원은 해당 옵션에서 무해
S094one_selfpipe.file__epg_index,S,epg_index,filelocks,none,none,0,none,resume,--db_mib 8 --index_mib 12 --parse_iters 120000 --refresh_ms 500 --refresh_kib 256 --timer 1 --timer_s 60 --watch 1 --substeps 1 --hub_conns 0 --selfpipe 1,[단독자원 selfpipe·filelocks] ok — 이 라인의 자원은 해당 옵션에서 무해
S094one_selfpipe.file__ready,S,ready,filelocks,none,none,0,none,"pong,stat",--db_mib 8 --index_mib 12 --parse_iters 120000 --refresh_ms 500 --refresh_kib 256 --timer 1 --timer_s 60 --watch 1 --substeps 1 --hub_conns 0 --selfpipe 1,[단독자원 selfpipe·filelocks] ok — 이 라인의 자원은 해당 옵션에서 무해
S094one_selfpipe.file__steady,S,steady,filelocks,none,none,0,none,"pong,stat",--db_mib 8 --index_mib 12 --parse_iters 120000 --refresh_ms 500 --refresh_kib 256 --timer 1 --timer_s 60 --watch 1 --substeps 1 --hub_conns 0 --selfpipe 1,[단독자원 selfpipe·filelocks] ok — 이 라인의 자원은 해당 옵션에서 무해
S095one_selfpipe.perm__init,S,init,permissive,none,none,0,none,resume,--db_mib 8 --index_mib 12 --parse_iters 120000 --refresh_ms 500 --refresh_kib 256 --timer 1 --timer_s 60 --watch 1 --substeps 1 --hub_conns 0 --selfpipe 1,[단독자원 selfpipe·permissive] ok — 이 라인의 자원은 해당 옵션에서 무해
S095one_selfpipe.perm__db_open,S,db_open,permissive,none,none,0,none,resume,--db_mib 8 --index_mib 12 --parse_iters 120000 --refresh_ms 500 --refresh_kib 256 --timer 1 --timer_s 60 --watch 1 --substeps 1 --hub_conns 0 --selfpipe 1,[단독자원 selfpipe·permissive] ok — 이 라인의 자원은 해당 옵션에서 무해
S095one_selfpipe.perm__selfpipe,S,selfpipe,permissive,none,none,0,none,resume,--db_mib 8 --index_mib 12 --parse_iters 120000 --refresh_ms 500 --refresh_kib 256 --timer 1 --timer_s 60 --watch 1 --substeps 1 --hub_conns 0 --selfpipe 1,[단독자원 selfpipe·permissive] ok — 이 라인의 자원은 해당 옵션에서 무해
S095one_selfpipe.perm__epg_index,S,epg_index,permissive,none,none,0,none,resume,--db_mib 8 --index_mib 12 --parse_iters 120000 --refresh_ms 500 --refresh_kib 256 --timer 1 --timer_s 60 --watch 1 --substeps 1 --hub_conns 0 --selfpipe 1,[단독자원 selfpipe·permissive] ok — 이 라인의 자원은 해당 옵션에서 무해
S095one_selfpipe.perm__ready,S,ready,permissive,none,none,0,none,"pong,stat",--db_mib 8 --index_mib 12 --parse_iters 120000 --refresh_ms 500 --refresh_kib 256 --timer 1 --timer_s 60 --watch 1 --substeps 1 --hub_conns 0 --selfpipe 1,[단독자원 selfpipe·permissive] ok — 이 라인의 자원은 해당 옵션에서 무해
S095one_selfpipe.perm__steady,S,steady,permissive,none,none,0,none,"pong,stat",--db_mib 8 --index_mib 12 --parse_iters 120000 --refresh_ms 500 --refresh_kib 256 --timer 1 --timer_s 60 --watch 1 --substeps 1 --hub_conns 0 --selfpipe 1,[단독자원 selfpipe·permissive] ok — 이 라인의 자원은 해당 옵션에서 무해
S096one_eventfd.stri__init,S,init,strict,none,none,0,none,resume,--db_mib 8 --index_mib 12 --parse_iters 120000 --refresh_ms 500 --refresh_kib 256 --timer 1 --timer_s 60 --watch 1 --substeps 1 --hub_conns 0 --eventfd 1,[단독자원 eventfd·strict] ok — 이 라인의 자원은 해당 옵션에서 무해
S096one_eventfd.stri__db_open,S,db_open,strict,none,none,0,none,resume,--db_mib 8 --index_mib 12 --parse_iters 120000 --refresh_ms 500 --refresh_kib 256 --timer 1 --timer_s 60 --watch 1 --substeps 1 --hub_conns 0 --eventfd 1,[단독자원 eventfd·strict] ok — 이 라인의 자원은 해당 옵션에서 무해
S096one_eventfd.stri__eventfd_open,S,eventfd_open,strict,none,none,0,none,resume,--db_mib 8 --index_mib 12 --parse_iters 120000 --refresh_ms 500 --refresh_kib 256 --timer 1 --timer_s 60 --watch 1 --substeps 1 --hub_conns 0 --eventfd 1,[단독자원 eventfd·strict] ok — 이 라인의 자원은 해당 옵션에서 무해
S096one_eventfd.stri__epg_index,S,epg_index,strict,none,none,0,none,resume,--db_mib 8 --index_mib 12 --parse_iters 120000 --refresh_ms 500 --refresh_kib 256 --timer 1 --timer_s 60 --watch 1 --substeps 1 --hub_conns 0 --eventfd 1,[단독자원 eventfd·strict] ok — 이 라인의 자원은 해당 옵션에서 무해
S096one_eventfd.stri__ready,S,ready,strict,none,none,0,none,"pong,stat",--db_mib 8 --index_mib 12 --parse_iters 120000 --refresh_ms 500 --refresh_kib 256 --timer 1 --timer_s 60 --watch 1 --substeps 1 --hub_conns 0 --eventfd 1,[단독자원 eventfd·strict] ok — 이 라인의 자원은 해당 옵션에서 무해
S096one_eventfd.stri__steady,S,steady,strict,none,none,0,none,"pong,stat",--db_mib 8 --index_mib 12 --parse_iters 120000 --refresh_ms 500 --refresh_kib 256 --timer 1 --timer_s 60 --watch 1 --substeps 1 --hub_conns 0 --eventfd 1,[단독자원 eventfd·strict] ok — 이 라인의 자원은 해당 옵션에서 무해
S097one_eventfd.ext___init,S,init,ext_unix,none,none,0,none,resume,--db_mib 8 --index_mib 12 --parse_iters 120000 --refresh_ms 500 --refresh_kib 256 --timer 1 --timer_s 60 --watch 1 --substeps 1 --hub_conns 0 --eventfd 1,[단독자원 eventfd·ext_unix] ok — 이 라인의 자원은 해당 옵션에서 무해
S097one_eventfd.ext___db_open,S,db_open,ext_unix,none,none,0,none,resume,--db_mib 8 --index_mib 12 --parse_iters 120000 --refresh_ms 500 --refresh_kib 256 --timer 1 --timer_s 60 --watch 1 --substeps 1 --hub_conns 0 --eventfd 1,[단독자원 eventfd·ext_unix] ok — 이 라인의 자원은 해당 옵션에서 무해
S097one_eventfd.ext___eventfd_open,S,eventfd_open,ext_unix,none,none,0,none,resume,--db_mib 8 --index_mib 12 --parse_iters 120000 --refresh_ms 500 --refresh_kib 256 --timer 1 --timer_s 60 --watch 1 --substeps 1 --hub_conns 0 --eventfd 1,[단독자원 eventfd·ext_unix] ok — 이 라인의 자원은 해당 옵션에서 무해
S097one_eventfd.ext___epg_index,S,epg_index,ext_unix,none,none,0,none,resume,--db_mib 8 --index_mib 12 --parse_iters 120000 --refresh_ms 500 --refresh_kib 256 --timer 1 --timer_s 60 --watch 1 --substeps 1 --hub_conns 0 --eventfd 1,[단독자원 eventfd·ext_unix] ok — 이 라인의 자원은 해당 옵션에서 무해
S097one_eventfd.ext___ready,S,ready,ext_unix,none,none,0,none,"pong,stat",--db_mib 8 --index_mib 12 --parse_iters 120000 --refresh_ms 500 --refresh_kib 256 --timer 1 --timer_s 60 --watch 1 --substeps 1 --hub_conns 0 --eventfd 1,[단독자원 eventfd·ext_unix] ok — 이 라인의 자원은 해당 옵션에서 무해
S097one_eventfd.ext___steady,S,steady,ext_unix,none,none,0,none,"pong,stat",--db_mib 8 --index_mib 12 --parse_iters 120000 --refresh_ms 500 --refresh_kib 256 --timer 1 --timer_s 60 --watch 1 --substeps 1 --hub_conns 0 --eventfd 1,[단독자원 eventfd·ext_unix] ok — 이 라인의 자원은 해당 옵션에서 무해
S098one_eventfd.tcp___init,S,init,tcp_est,none,none,0,none,resume,--db_mib 8 --index_mib 12 --parse_iters 120000 --refresh_ms 500 --refresh_kib 256 --timer 1 --timer_s 60 --watch 1 --substeps 1 --hub_conns 0 --eventfd 1,[단독자원 eventfd·tcp_est] ok — 이 라인의 자원은 해당 옵션에서 무해
S098one_eventfd.tcp___db_open,S,db_open,tcp_est,none,none,0,none,resume,--db_mib 8 --index_mib 12 --parse_iters 120000 --refresh_ms 500 --refresh_kib 256 --timer 1 --timer_s 60 --watch 1 --substeps 1 --hub_conns 0 --eventfd 1,[단독자원 eventfd·tcp_est] ok — 이 라인의 자원은 해당 옵션에서 무해
S098one_eventfd.tcp___eventfd_open,S,eventfd_open,tcp_est,none,none,0,none,resume,--db_mib 8 --index_mib 12 --parse_iters 120000 --refresh_ms 500 --refresh_kib 256 --timer 1 --timer_s 60 --watch 1 --substeps 1 --hub_conns 0 --eventfd 1,[단독자원 eventfd·tcp_est] ok — 이 라인의 자원은 해당 옵션에서 무해
S098one_eventfd.tcp___epg_index,S,epg_index,tcp_est,none,none,0,none,resume,--db_mib 8 --index_mib 12 --parse_iters 120000 --refresh_ms 500 --refresh_kib 256 --timer 1 --timer_s 60 --watch 1 --substeps 1 --hub_conns 0 --eventfd 1,[단독자원 eventfd·tcp_est] ok — 이 라인의 자원은 해당 옵션에서 무해
S098one_eventfd.tcp___ready,S,ready,tcp_est,none,none,0,none,"pong,stat",--db_mib 8 --index_mib 12 --parse_iters 120000 --refresh_ms 500 --refresh_kib 256 --timer 1 --timer_s 60 --watch 1 --substeps 1 --hub_conns 0 --eventfd 1,[단독자원 eventfd·tcp_est] ok — 이 라인의 자원은 해당 옵션에서 무해
S098one_eventfd.tcp___steady,S,steady,tcp_est,none,none,0,none,"pong,stat",--db_mib 8 --index_mib 12 --parse_iters 120000 --refresh_ms 500 --refresh_kib 256 --timer 1 --timer_s 60 --watch 1 --substeps 1 --hub_conns 0 --eventfd 1,[단독자원 eventfd·tcp_est] ok — 이 라인의 자원은 해당 옵션에서 무해
S099one_eventfd.file__init,S,init,filelocks,none,none,0,none,resume,--db_mib 8 --index_mib 12 --parse_iters 120000 --refresh_ms 500 --refresh_kib 256 --timer 1 --timer_s 60 --watch 1 --substeps 1 --hub_conns 0 --eventfd 1,[단독자원 eventfd·filelocks] ok — 이 라인의 자원은 해당 옵션에서 무해
S099one_eventfd.file__db_open,S,db_open,filelocks,none,none,0,none,resume,--db_mib 8 --index_mib 12 --parse_iters 120000 --refresh_ms 500 --refresh_kib 256 --timer 1 --timer_s 60 --watch 1 --substeps 1 --hub_conns 0 --eventfd 1,[단독자원 eventfd·filelocks] ok — 이 라인의 자원은 해당 옵션에서 무해
S099one_eventfd.file__eventfd_open,S,eventfd_open,filelocks,none,none,0,none,resume,--db_mib 8 --index_mib 12 --parse_iters 120000 --refresh_ms 500 --refresh_kib 256 --timer 1 --timer_s 60 --watch 1 --substeps 1 --hub_conns 0 --eventfd 1,[단독자원 eventfd·filelocks] ok — 이 라인의 자원은 해당 옵션에서 무해
S099one_eventfd.file__epg_index,S,epg_index,filelocks,none,none,0,none,resume,--db_mib 8 --index_mib 12 --parse_iters 120000 --refresh_ms 500 --refresh_kib 256 --timer 1 --timer_s 60 --watch 1 --substeps 1 --hub_conns 0 --eventfd 1,[단독자원 eventfd·filelocks] ok — 이 라인의 자원은 해당 옵션에서 무해
S099one_eventfd.file__ready,S,ready,filelocks,none,none,0,none,"pong,stat",--db_mib 8 --index_mib 12 --parse_iters 120000 --refresh_ms 500 --refresh_kib 256 --timer 1 --timer_s 60 --watch 1 --substeps 1 --hub_conns 0 --eventfd 1,[단독자원 eventfd·filelocks] ok — 이 라인의 자원은 해당 옵션에서 무해
S099one_eventfd.file__steady,S,steady,filelocks,none,none,0,none,"pong,stat",--db_mib 8 --index_mib 12 --parse_iters 120000 --refresh_ms 500 --refresh_kib 256 --timer 1 --timer_s 60 --watch 1 --substeps 1 --hub_conns 0 --eventfd 1,[단독자원 eventfd·filelocks] ok — 이 라인의 자원은 해당 옵션에서 무해
S100one_eventfd.perm__init,S,init,permissive,none,none,0,none,resume,--db_mib 8 --index_mib 12 --parse_iters 120000 --refresh_ms 500 --refresh_kib 256 --timer 1 --timer_s 60 --watch 1 --substeps 1 --hub_conns 0 --eventfd 1,[단독자원 eventfd·permissive] ok — 이 라인의 자원은 해당 옵션에서 무해
S100one_eventfd.perm__db_open,S,db_open,permissive,none,none,0,none,resume,--db_mib 8 --index_mib 12 --parse_iters 120000 --refresh_ms 500 --refresh_kib 256 --timer 1 --timer_s 60 --watch 1 --substeps 1 --hub_conns 0 --eventfd 1,[단독자원 eventfd·permissive] ok — 이 라인의 자원은 해당 옵션에서 무해
S100one_eventfd.perm__eventfd_open,S,eventfd_open,permissive,none,none,0,none,resume,--db_mib 8 --index_mib 12 --parse_iters 120000 --refresh_ms 500 --refresh_kib 256 --timer 1 --timer_s 60 --watch 1 --substeps 1 --hub_conns 0 --eventfd 1,[단독자원 eventfd·permissive] ok — 이 라인의 자원은 해당 옵션에서 무해
S100one_eventfd.perm__epg_index,S,epg_index,permissive,none,none,0,none,resume,--db_mib 8 --index_mib 12 --parse_iters 120000 --refresh_ms 500 --refresh_kib 256 --timer 1 --timer_s 60 --watch 1 --substeps 1 --hub_conns 0 --eventfd 1,[단독자원 eventfd·permissive] ok — 이 라인의 자원은 해당 옵션에서 무해
S100one_eventfd.perm__ready,S,ready,permissive,none,none,0,none,"pong,stat",--db_mib 8 --index_mib 12 --parse_iters 120000 --refresh_ms 500 --refresh_kib 256 --timer 1 --timer_s 60 --watch 1 --substeps 1 --hub_conns 0 --eventfd 1,[단독자원 eventfd·permissive] ok — 이 라인의 자원은 해당 옵션에서 무해
S100one_eventfd.perm__steady,S,steady,permissive,none,none,0,none,"pong,stat",--db_mib 8 --index_mib 12 --parse_iters 120000 --refresh_ms 500 --refresh_kib 256 --timer 1 --timer_s 60 --watch 1 --substeps 1 --hub_conns 0 --eventfd 1,[단독자원 eventfd·permissive] ok — 이 라인의 자원은 해당 옵션에서 무해
S101one_shm.stri__init,S,init,strict,none,none,0,none,resume,--db_mib 8 --index_mib 12 --parse_iters 120000 --refresh_ms 500 --refresh_kib 256 --timer 1 --timer_s 60 --watch 1 --substeps 1 --hub_conns 0 --shm_mib 4,[단독자원 shm·strict] ok — 이 라인의 자원은 해당 옵션에서 무해
S101one_shm.stri__db_open,S,db_open,strict,none,none,0,none,resume,--db_mib 8 --index_mib 12 --parse_iters 120000 --refresh_ms 500 --refresh_kib 256 --timer 1 --timer_s 60 --watch 1 --substeps 1 --hub_conns 0 --shm_mib 4,[단독자원 shm·strict] ok — 이 라인의 자원은 해당 옵션에서 무해
S101one_shm.stri__shm_map,S,shm_map,strict,none,none,0,none,resume,--db_mib 8 --index_mib 12 --parse_iters 120000 --refresh_ms 500 --refresh_kib 256 --timer 1 --timer_s 60 --watch 1 --substeps 1 --hub_conns 0 --shm_mib 4,[단독자원 shm·strict] ok — 이 라인의 자원은 해당 옵션에서 무해
S101one_shm.stri__epg_index,S,epg_index,strict,none,none,0,none,resume,--db_mib 8 --index_mib 12 --parse_iters 120000 --refresh_ms 500 --refresh_kib 256 --timer 1 --timer_s 60 --watch 1 --substeps 1 --hub_conns 0 --shm_mib 4,[단독자원 shm·strict] ok — 이 라인의 자원은 해당 옵션에서 무해
S101one_shm.stri__ready,S,ready,strict,none,none,0,none,"pong,stat",--db_mib 8 --index_mib 12 --parse_iters 120000 --refresh_ms 500 --refresh_kib 256 --timer 1 --timer_s 60 --watch 1 --substeps 1 --hub_conns 0 --shm_mib 4,[단독자원 shm·strict] ok — 이 라인의 자원은 해당 옵션에서 무해
S101one_shm.stri__steady,S,steady,strict,none,none,0,none,"pong,stat",--db_mib 8 --index_mib 12 --parse_iters 120000 --refresh_ms 500 --refresh_kib 256 --timer 1 --timer_s 60 --watch 1 --substeps 1 --hub_conns 0 --shm_mib 4,[단독자원 shm·strict] ok — 이 라인의 자원은 해당 옵션에서 무해
S102one_shm.ext___init,S,init,ext_unix,none,none,0,none,resume,--db_mib 8 --index_mib 12 --parse_iters 120000 --refresh_ms 500 --refresh_kib 256 --timer 1 --timer_s 60 --watch 1 --substeps 1 --hub_conns 0 --shm_mib 4,[단독자원 shm·ext_unix] ok — 이 라인의 자원은 해당 옵션에서 무해
S102one_shm.ext___db_open,S,db_open,ext_unix,none,none,0,none,resume,--db_mib 8 --index_mib 12 --parse_iters 120000 --refresh_ms 500 --refresh_kib 256 --timer 1 --timer_s 60 --watch 1 --substeps 1 --hub_conns 0 --shm_mib 4,[단독자원 shm·ext_unix] ok — 이 라인의 자원은 해당 옵션에서 무해
S102one_shm.ext___shm_map,S,shm_map,ext_unix,none,none,0,none,resume,--db_mib 8 --index_mib 12 --parse_iters 120000 --refresh_ms 500 --refresh_kib 256 --timer 1 --timer_s 60 --watch 1 --substeps 1 --hub_conns 0 --shm_mib 4,[단독자원 shm·ext_unix] ok — 이 라인의 자원은 해당 옵션에서 무해
S102one_shm.ext___epg_index,S,epg_index,ext_unix,none,none,0,none,resume,--db_mib 8 --index_mib 12 --parse_iters 120000 --refresh_ms 500 --refresh_kib 256 --timer 1 --timer_s 60 --watch 1 --substeps 1 --hub_conns 0 --shm_mib 4,[단독자원 shm·ext_unix] ok — 이 라인의 자원은 해당 옵션에서 무해
S102one_shm.ext___ready,S,ready,ext_unix,none,none,0,none,"pong,stat",--db_mib 8 --index_mib 12 --parse_iters 120000 --refresh_ms 500 --refresh_kib 256 --timer 1 --timer_s 60 --watch 1 --substeps 1 --hub_conns 0 --shm_mib 4,[단독자원 shm·ext_unix] ok — 이 라인의 자원은 해당 옵션에서 무해
S102one_shm.ext___steady,S,steady,ext_unix,none,none,0,none,"pong,stat",--db_mib 8 --index_mib 12 --parse_iters 120000 --refresh_ms 500 --refresh_kib 256 --timer 1 --timer_s 60 --watch 1 --substeps 1 --hub_conns 0 --shm_mib 4,[단독자원 shm·ext_unix] ok — 이 라인의 자원은 해당 옵션에서 무해
S103one_shm.tcp___init,S,init,tcp_est,none,none,0,none,resume,--db_mib 8 --index_mib 12 --parse_iters 120000 --refresh_ms 500 --refresh_kib 256 --timer 1 --timer_s 60 --watch 1 --substeps 1 --hub_conns 0 --shm_mib 4,[단독자원 shm·tcp_est] ok — 이 라인의 자원은 해당 옵션에서 무해
S103one_shm.tcp___db_open,S,db_open,tcp_est,none,none,0,none,resume,--db_mib 8 --index_mib 12 --parse_iters 120000 --refresh_ms 500 --refresh_kib 256 --timer 1 --timer_s 60 --watch 1 --substeps 1 --hub_conns 0 --shm_mib 4,[단독자원 shm·tcp_est] ok — 이 라인의 자원은 해당 옵션에서 무해
S103one_shm.tcp___shm_map,S,shm_map,tcp_est,none,none,0,none,resume,--db_mib 8 --index_mib 12 --parse_iters 120000 --refresh_ms 500 --refresh_kib 256 --timer 1 --timer_s 60 --watch 1 --substeps 1 --hub_conns 0 --shm_mib 4,[단독자원 shm·tcp_est] ok — 이 라인의 자원은 해당 옵션에서 무해
S103one_shm.tcp___epg_index,S,epg_index,tcp_est,none,none,0,none,resume,--db_mib 8 --index_mib 12 --parse_iters 120000 --refresh_ms 500 --refresh_kib 256 --timer 1 --timer_s 60 --watch 1 --substeps 1 --hub_conns 0 --shm_mib 4,[단독자원 shm·tcp_est] ok — 이 라인의 자원은 해당 옵션에서 무해
S103one_shm.tcp___ready,S,ready,tcp_est,none,none,0,none,"pong,stat",--db_mib 8 --index_mib 12 --parse_iters 120000 --refresh_ms 500 --refresh_kib 256 --timer 1 --timer_s 60 --watch 1 --substeps 1 --hub_conns 0 --shm_mib 4,[단독자원 shm·tcp_est] ok — 이 라인의 자원은 해당 옵션에서 무해
S103one_shm.tcp___steady,S,steady,tcp_est,none,none,0,none,"pong,stat",--db_mib 8 --index_mib 12 --parse_iters 120000 --refresh_ms 500 --refresh_kib 256 --timer 1 --timer_s 60 --watch 1 --substeps 1 --hub_conns 0 --shm_mib 4,[단독자원 shm·tcp_est] ok — 이 라인의 자원은 해당 옵션에서 무해
S104one_shm.file__init,S,init,filelocks,none,none,0,none,resume,--db_mib 8 --index_mib 12 --parse_iters 120000 --refresh_ms 500 --refresh_kib 256 --timer 1 --timer_s 60 --watch 1 --substeps 1 --hub_conns 0 --shm_mib 4,[단독자원 shm·filelocks] ok — 이 라인의 자원은 해당 옵션에서 무해
S104one_shm.file__db_open,S,db_open,filelocks,none,none,0,none,resume,--db_mib 8 --index_mib 12 --parse_iters 120000 --refresh_ms 500 --refresh_kib 256 --timer 1 --timer_s 60 --watch 1 --substeps 1 --hub_conns 0 --shm_mib 4,[단독자원 shm·filelocks] ok — 이 라인의 자원은 해당 옵션에서 무해
S104one_shm.file__shm_map,S,shm_map,filelocks,none,none,0,none,resume,--db_mib 8 --index_mib 12 --parse_iters 120000 --refresh_ms 500 --refresh_kib 256 --timer 1 --timer_s 60 --watch 1 --substeps 1 --hub_conns 0 --shm_mib 4,[단독자원 shm·filelocks] ok — 이 라인의 자원은 해당 옵션에서 무해
S104one_shm.file__epg_index,S,epg_index,filelocks,none,none,0,none,resume,--db_mib 8 --index_mib 12 --parse_iters 120000 --refresh_ms 500 --refresh_kib 256 --timer 1 --timer_s 60 --watch 1 --substeps 1 --hub_conns 0 --shm_mib 4,[단독자원 shm·filelocks] ok — 이 라인의 자원은 해당 옵션에서 무해
S104one_shm.file__ready,S,ready,filelocks,none,none,0,none,"pong,stat",--db_mib 8 --index_mib 12 --parse_iters 120000 --refresh_ms 500 --refresh_kib 256 --timer 1 --timer_s 60 --watch 1 --substeps 1 --hub_conns 0 --shm_mib 4,[단독자원 shm·filelocks] ok — 이 라인의 자원은 해당 옵션에서 무해
S104one_shm.file__steady,S,steady,filelocks,none,none,0,none,"pong,stat",--db_mib 8 --index_mib 12 --parse_iters 120000 --refresh_ms 500 --refresh_kib 256 --timer 1 --timer_s 60 --watch 1 --substeps 1 --hub_conns 0 --shm_mib 4,[단독자원 shm·filelocks] ok — 이 라인의 자원은 해당 옵션에서 무해
S105one_shm.perm__init,S,init,permissive,none,none,0,none,resume,--db_mib 8 --index_mib 12 --parse_iters 120000 --refresh_ms 500 --refresh_kib 256 --timer 1 --timer_s 60 --watch 1 --substeps 1 --hub_conns 0 --shm_mib 4,[단독자원 shm·permissive] ok — 이 라인의 자원은 해당 옵션에서 무해
S105one_shm.perm__db_open,S,db_open,permissive,none,none,0,none,resume,--db_mib 8 --index_mib 12 --parse_iters 120000 --refresh_ms 500 --refresh_kib 256 --timer 1 --timer_s 60 --watch 1 --substeps 1 --hub_conns 0 --shm_mib 4,[단독자원 shm·permissive] ok — 이 라인의 자원은 해당 옵션에서 무해
S105one_shm.perm__shm_map,S,shm_map,permissive,none,none,0,none,resume,--db_mib 8 --index_mib 12 --parse_iters 120000 --refresh_ms 500 --refresh_kib 256 --timer 1 --timer_s 60 --watch 1 --substeps 1 --hub_conns 0 --shm_mib 4,[단독자원 shm·permissive] ok — 이 라인의 자원은 해당 옵션에서 무해
S105one_shm.perm__epg_index,S,epg_index,permissive,none,none,0,none,resume,--db_mib 8 --index_mib 12 --parse_iters 120000 --refresh_ms 500 --refresh_kib 256 --timer 1 --timer_s 60 --watch 1 --substeps 1 --hub_conns 0 --shm_mib 4,[단독자원 shm·permissive] ok — 이 라인의 자원은 해당 옵션에서 무해
S105one_shm.perm__ready,S,ready,permissive,none,none,0,none,"pong,stat",--db_mib 8 --index_mib 12 --parse_iters 120000 --refresh_ms 500 --refresh_kib 256 --timer 1 --timer_s 60 --watch 1 --substeps 1 --hub_conns 0 --shm_mib 4,[단독자원 shm·permissive] ok — 이 라인의 자원은 해당 옵션에서 무해
S105one_shm.perm__steady,S,steady,permissive,none,none,0,none,"pong,stat",--db_mib 8 --index_mib 12 --parse_iters 120000 --refresh_ms 500 --refresh_kib 256 --timer 1 --timer_s 60 --watch 1 --substeps 1 --hub_conns 0 --shm_mib 4,[단독자원 shm·permissive] ok — 이 라인의 자원은 해당 옵션에서 무해
S106one_wd.stri__init,S,init,strict,none,none,0,none,resume,--db_mib 8 --index_mib 12 --parse_iters 120000 --refresh_ms 500 --refresh_kib 256 --timer 1 --timer_s 60 --watch 1 --substeps 1 --hub_conns 0 --workdir 1,[단독자원 wd·strict] ok — 이 라인의 자원은 해당 옵션에서 무해
S106one_wd.stri__db_open,S,db_open,strict,none,none,0,none,resume,--db_mib 8 --index_mib 12 --parse_iters 120000 --refresh_ms 500 --refresh_kib 256 --timer 1 --timer_s 60 --watch 1 --substeps 1 --hub_conns 0 --workdir 1,[단독자원 wd·strict] ok — 이 라인의 자원은 해당 옵션에서 무해
S106one_wd.stri__workdir,S,workdir,strict,none,none,0,none,resume,--db_mib 8 --index_mib 12 --parse_iters 120000 --refresh_ms 500 --refresh_kib 256 --timer 1 --timer_s 60 --watch 1 --substeps 1 --hub_conns 0 --workdir 1,[단독자원 wd·strict] ok — 이 라인의 자원은 해당 옵션에서 무해
S106one_wd.stri__epg_index,S,epg_index,strict,none,none,0,none,resume,--db_mib 8 --index_mib 12 --parse_iters 120000 --refresh_ms 500 --refresh_kib 256 --timer 1 --timer_s 60 --watch 1 --substeps 1 --hub_conns 0 --workdir 1,[단독자원 wd·strict] ok — 이 라인의 자원은 해당 옵션에서 무해
S106one_wd.stri__ready,S,ready,strict,none,none,0,none,"pong,stat",--db_mib 8 --index_mib 12 --parse_iters 120000 --refresh_ms 500 --refresh_kib 256 --timer 1 --timer_s 60 --watch 1 --substeps 1 --hub_conns 0 --workdir 1,[단독자원 wd·strict] ok — 이 라인의 자원은 해당 옵션에서 무해
S106one_wd.stri__steady,S,steady,strict,none,none,0,none,"pong,stat",--db_mib 8 --index_mib 12 --parse_iters 120000 --refresh_ms 500 --refresh_kib 256 --timer 1 --timer_s 60 --watch 1 --substeps 1 --hub_conns 0 --workdir 1,[단독자원 wd·strict] ok — 이 라인의 자원은 해당 옵션에서 무해
S107one_wd.ext___init,S,init,ext_unix,none,none,0,none,resume,--db_mib 8 --index_mib 12 --parse_iters 120000 --refresh_ms 500 --refresh_kib 256 --timer 1 --timer_s 60 --watch 1 --substeps 1 --hub_conns 0 --workdir 1,[단독자원 wd·ext_unix] ok — 이 라인의 자원은 해당 옵션에서 무해
S107one_wd.ext___db_open,S,db_open,ext_unix,none,none,0,none,resume,--db_mib 8 --index_mib 12 --parse_iters 120000 --refresh_ms 500 --refresh_kib 256 --timer 1 --timer_s 60 --watch 1 --substeps 1 --hub_conns 0 --workdir 1,[단독자원 wd·ext_unix] ok — 이 라인의 자원은 해당 옵션에서 무해
S107one_wd.ext___workdir,S,workdir,ext_unix,none,none,0,none,resume,--db_mib 8 --index_mib 12 --parse_iters 120000 --refresh_ms 500 --refresh_kib 256 --timer 1 --timer_s 60 --watch 1 --substeps 1 --hub_conns 0 --workdir 1,[단독자원 wd·ext_unix] ok — 이 라인의 자원은 해당 옵션에서 무해
S107one_wd.ext___epg_index,S,epg_index,ext_unix,none,none,0,none,resume,--db_mib 8 --index_mib 12 --parse_iters 120000 --refresh_ms 500 --refresh_kib 256 --timer 1 --timer_s 60 --watch 1 --substeps 1 --hub_conns 0 --workdir 1,[단독자원 wd·ext_unix] ok — 이 라인의 자원은 해당 옵션에서 무해
S107one_wd.ext___ready,S,ready,ext_unix,none,none,0,none,"pong,stat",--db_mib 8 --index_mib 12 --parse_iters 120000 --refresh_ms 500 --refresh_kib 256 --timer 1 --timer_s 60 --watch 1 --substeps 1 --hub_conns 0 --workdir 1,[단독자원 wd·ext_unix] ok — 이 라인의 자원은 해당 옵션에서 무해
S107one_wd.ext___steady,S,steady,ext_unix,none,none,0,none,"pong,stat",--db_mib 8 --index_mib 12 --parse_iters 120000 --refresh_ms 500 --refresh_kib 256 --timer 1 --timer_s 60 --watch 1 --substeps 1 --hub_conns 0 --workdir 1,[단독자원 wd·ext_unix] ok — 이 라인의 자원은 해당 옵션에서 무해
S108one_wd.tcp___init,S,init,tcp_est,none,none,0,none,resume,--db_mib 8 --index_mib 12 --parse_iters 120000 --refresh_ms 500 --refresh_kib 256 --timer 1 --timer_s 60 --watch 1 --substeps 1 --hub_conns 0 --workdir 1,[단독자원 wd·tcp_est] ok — 이 라인의 자원은 해당 옵션에서 무해
S108one_wd.tcp___db_open,S,db_open,tcp_est,none,none,0,none,resume,--db_mib 8 --index_mib 12 --parse_iters 120000 --refresh_ms 500 --refresh_kib 256 --timer 1 --timer_s 60 --watch 1 --substeps 1 --hub_conns 0 --workdir 1,[단독자원 wd·tcp_est] ok — 이 라인의 자원은 해당 옵션에서 무해
S108one_wd.tcp___workdir,S,workdir,tcp_est,none,none,0,none,resume,--db_mib 8 --index_mib 12 --parse_iters 120000 --refresh_ms 500 --refresh_kib 256 --timer 1 --timer_s 60 --watch 1 --substeps 1 --hub_conns 0 --workdir 1,[단독자원 wd·tcp_est] ok — 이 라인의 자원은 해당 옵션에서 무해
S108one_wd.tcp___epg_index,S,epg_index,tcp_est,none,none,0,none,resume,--db_mib 8 --index_mib 12 --parse_iters 120000 --refresh_ms 500 --refresh_kib 256 --timer 1 --timer_s 60 --watch 1 --substeps 1 --hub_conns 0 --workdir 1,[단독자원 wd·tcp_est] ok — 이 라인의 자원은 해당 옵션에서 무해
S108one_wd.tcp___ready,S,ready,tcp_est,none,none,0,none,"pong,stat",--db_mib 8 --index_mib 12 --parse_iters 120000 --refresh_ms 500 --refresh_kib 256 --timer 1 --timer_s 60 --watch 1 --substeps 1 --hub_conns 0 --workdir 1,[단독자원 wd·tcp_est] ok — 이 라인의 자원은 해당 옵션에서 무해
S108one_wd.tcp___steady,S,steady,tcp_est,none,none,0,none,"pong,stat",--db_mib 8 --index_mib 12 --parse_iters 120000 --refresh_ms 500 --refresh_kib 256 --timer 1 --timer_s 60 --watch 1 --substeps 1 --hub_conns 0 --workdir 1,[단독자원 wd·tcp_est] ok — 이 라인의 자원은 해당 옵션에서 무해
S109one_wd.file__init,S,init,filelocks,none,none,0,none,resume,--db_mib 8 --index_mib 12 --parse_iters 120000 --refresh_ms 500 --refresh_kib 256 --timer 1 --timer_s 60 --watch 1 --substeps 1 --hub_conns 0 --workdir 1,[단독자원 wd·filelocks] ok — 이 라인의 자원은 해당 옵션에서 무해
S109one_wd.file__db_open,S,db_open,filelocks,none,none,0,none,resume,--db_mib 8 --index_mib 12 --parse_iters 120000 --refresh_ms 500 --refresh_kib 256 --timer 1 --timer_s 60 --watch 1 --substeps 1 --hub_conns 0 --workdir 1,[단독자원 wd·filelocks] ok — 이 라인의 자원은 해당 옵션에서 무해
S109one_wd.file__workdir,S,workdir,filelocks,none,none,0,none,resume,--db_mib 8 --index_mib 12 --parse_iters 120000 --refresh_ms 500 --refresh_kib 256 --timer 1 --timer_s 60 --watch 1 --substeps 1 --hub_conns 0 --workdir 1,[단독자원 wd·filelocks] ok — 이 라인의 자원은 해당 옵션에서 무해
S109one_wd.file__epg_index,S,epg_index,filelocks,none,none,0,none,resume,--db_mib 8 --index_mib 12 --parse_iters 120000 --refresh_ms 500 --refresh_kib 256 --timer 1 --timer_s 60 --watch 1 --substeps 1 --hub_conns 0 --workdir 1,[단독자원 wd·filelocks] ok — 이 라인의 자원은 해당 옵션에서 무해
S109one_wd.file__ready,S,ready,filelocks,none,none,0,none,"pong,stat",--db_mib 8 --index_mib 12 --parse_iters 120000 --refresh_ms 500 --refresh_kib 256 --timer 1 --timer_s 60 --watch 1 --substeps 1 --hub_conns 0 --workdir 1,[단독자원 wd·filelocks] ok — 이 라인의 자원은 해당 옵션에서 무해
S109one_wd.file__steady,S,steady,filelocks,none,none,0,none,"pong,stat",--db_mib 8 --index_mib 12 --parse_iters 120000 --refresh_ms 500 --refresh_kib 256 --timer 1 --timer_s 60 --watch 1 --substeps 1 --hub_conns 0 --workdir 1,[단독자원 wd·filelocks] ok — 이 라인의 자원은 해당 옵션에서 무해
S110one_wd.perm__init,S,init,permissive,none,none,0,none,resume,--db_mib 8 --index_mib 12 --parse_iters 120000 --refresh_ms 500 --refresh_kib 256 --timer 1 --timer_s 60 --watch 1 --substeps 1 --hub_conns 0 --workdir 1,[단독자원 wd·permissive] ok — 이 라인의 자원은 해당 옵션에서 무해
S110one_wd.perm__db_open,S,db_open,permissive,none,none,0,none,resume,--db_mib 8 --index_mib 12 --parse_iters 120000 --refresh_ms 500 --refresh_kib 256 --timer 1 --timer_s 60 --watch 1 --substeps 1 --hub_conns 0 --workdir 1,[단독자원 wd·permissive] ok — 이 라인의 자원은 해당 옵션에서 무해
S110one_wd.perm__workdir,S,workdir,permissive,none,none,0,none,resume,--db_mib 8 --index_mib 12 --parse_iters 120000 --refresh_ms 500 --refresh_kib 256 --timer 1 --timer_s 60 --watch 1 --substeps 1 --hub_conns 0 --workdir 1,[단독자원 wd·permissive] ok — 이 라인의 자원은 해당 옵션에서 무해
S110one_wd.perm__epg_index,S,epg_index,permissive,none,none,0,none,resume,--db_mib 8 --index_mib 12 --parse_iters 120000 --refresh_ms 500 --refresh_kib 256 --timer 1 --timer_s 60 --watch 1 --substeps 1 --hub_conns 0 --workdir 1,[단독자원 wd·permissive] ok — 이 라인의 자원은 해당 옵션에서 무해
S110one_wd.perm__ready,S,ready,permissive,none,none,0,none,"pong,stat",--db_mib 8 --index_mib 12 --parse_iters 120000 --refresh_ms 500 --refresh_kib 256 --timer 1 --timer_s 60 --watch 1 --substeps 1 --hub_conns 0 --workdir 1,[단독자원 wd·permissive] ok — 이 라인의 자원은 해당 옵션에서 무해
S110one_wd.perm__steady,S,steady,permissive,none,none,0,none,"pong,stat",--db_mib 8 --index_mib 12 --parse_iters 120000 --refresh_ms 500 --refresh_kib 256 --timer 1 --timer_s 60 --watch 1 --substeps 1 --hub_conns 0 --workdir 1,[단독자원 wd·permissive] ok — 이 라인의 자원은 해당 옵션에서 무해
S111one_journal.stri__init,S,init,strict,none,none,0,none,resume,--db_mib 8 --index_mib 12 --parse_iters 120000 --refresh_ms 500 --refresh_kib 256 --timer 1 --timer_s 60 --watch 1 --substeps 1 --hub_conns 0 --tmpunlink 1,[단독자원 journal·strict] ok — 이 라인의 자원은 해당 옵션에서 무해
S111one_journal.stri__db_open,S,db_open,strict,none,none,0,none,resume,--db_mib 8 --index_mib 12 --parse_iters 120000 --refresh_ms 500 --refresh_kib 256 --timer 1 --timer_s 60 --watch 1 --substeps 1 --hub_conns 0 --tmpunlink 1,[단독자원 journal·strict] ok — 이 라인의 자원은 해당 옵션에서 무해
S111one_journal.stri__tmp_journal,S,tmp_journal,strict,none,none,0,none,resume,--db_mib 8 --index_mib 12 --parse_iters 120000 --refresh_ms 500 --refresh_kib 256 --timer 1 --timer_s 60 --watch 1 --substeps 1 --hub_conns 0 --tmpunlink 1,[단독자원 journal·strict] ok — 이 라인의 자원은 해당 옵션에서 무해
S111one_journal.stri__epg_index,S,epg_index,strict,none,none,0,none,resume,--db_mib 8 --index_mib 12 --parse_iters 120000 --refresh_ms 500 --refresh_kib 256 --timer 1 --timer_s 60 --watch 1 --substeps 1 --hub_conns 0 --tmpunlink 1,[단독자원 journal·strict] ok — 이 라인의 자원은 해당 옵션에서 무해
S111one_journal.stri__ready,S,ready,strict,none,none,0,none,"pong,stat",--db_mib 8 --index_mib 12 --parse_iters 120000 --refresh_ms 500 --refresh_kib 256 --timer 1 --timer_s 60 --watch 1 --substeps 1 --hub_conns 0 --tmpunlink 1,[단독자원 journal·strict] ok — 이 라인의 자원은 해당 옵션에서 무해
S111one_journal.stri__steady,S,steady,strict,none,none,0,none,"pong,stat",--db_mib 8 --index_mib 12 --parse_iters 120000 --refresh_ms 500 --refresh_kib 256 --timer 1 --timer_s 60 --watch 1 --substeps 1 --hub_conns 0 --tmpunlink 1,[단독자원 journal·strict] ok — 이 라인의 자원은 해당 옵션에서 무해
S112one_journal.ext___init,S,init,ext_unix,none,none,0,none,resume,--db_mib 8 --index_mib 12 --parse_iters 120000 --refresh_ms 500 --refresh_kib 256 --timer 1 --timer_s 60 --watch 1 --substeps 1 --hub_conns 0 --tmpunlink 1,[단독자원 journal·ext_unix] ok — 이 라인의 자원은 해당 옵션에서 무해
S112one_journal.ext___db_open,S,db_open,ext_unix,none,none,0,none,resume,--db_mib 8 --index_mib 12 --parse_iters 120000 --refresh_ms 500 --refresh_kib 256 --timer 1 --timer_s 60 --watch 1 --substeps 1 --hub_conns 0 --tmpunlink 1,[단독자원 journal·ext_unix] ok — 이 라인의 자원은 해당 옵션에서 무해
S112one_journal.ext___tmp_journal,S,tmp_journal,ext_unix,none,none,0,none,resume,--db_mib 8 --index_mib 12 --parse_iters 120000 --refresh_ms 500 --refresh_kib 256 --timer 1 --timer_s 60 --watch 1 --substeps 1 --hub_conns 0 --tmpunlink 1,[단독자원 journal·ext_unix] ok — 이 라인의 자원은 해당 옵션에서 무해
S112one_journal.ext___epg_index,S,epg_index,ext_unix,none,none,0,none,resume,--db_mib 8 --index_mib 12 --parse_iters 120000 --refresh_ms 500 --refresh_kib 256 --timer 1 --timer_s 60 --watch 1 --substeps 1 --hub_conns 0 --tmpunlink 1,[단독자원 journal·ext_unix] ok — 이 라인의 자원은 해당 옵션에서 무해
S112one_journal.ext___ready,S,ready,ext_unix,none,none,0,none,"pong,stat",--db_mib 8 --index_mib 12 --parse_iters 120000 --refresh_ms 500 --refresh_kib 256 --timer 1 --timer_s 60 --watch 1 --substeps 1 --hub_conns 0 --tmpunlink 1,[단독자원 journal·ext_unix] ok — 이 라인의 자원은 해당 옵션에서 무해
S112one_journal.ext___steady,S,steady,ext_unix,none,none,0,none,"pong,stat",--db_mib 8 --index_mib 12 --parse_iters 120000 --refresh_ms 500 --refresh_kib 256 --timer 1 --timer_s 60 --watch 1 --substeps 1 --hub_conns 0 --tmpunlink 1,[단독자원 journal·ext_unix] ok — 이 라인의 자원은 해당 옵션에서 무해
S113one_journal.tcp___init,S,init,tcp_est,none,none,0,none,resume,--db_mib 8 --index_mib 12 --parse_iters 120000 --refresh_ms 500 --refresh_kib 256 --timer 1 --timer_s 60 --watch 1 --substeps 1 --hub_conns 0 --tmpunlink 1,[단독자원 journal·tcp_est] ok — 이 라인의 자원은 해당 옵션에서 무해
S113one_journal.tcp___db_open,S,db_open,tcp_est,none,none,0,none,resume,--db_mib 8 --index_mib 12 --parse_iters 120000 --refresh_ms 500 --refresh_kib 256 --timer 1 --timer_s 60 --watch 1 --substeps 1 --hub_conns 0 --tmpunlink 1,[단독자원 journal·tcp_est] ok — 이 라인의 자원은 해당 옵션에서 무해
S113one_journal.tcp___tmp_journal,S,tmp_journal,tcp_est,none,none,0,none,resume,--db_mib 8 --index_mib 12 --parse_iters 120000 --refresh_ms 500 --refresh_kib 256 --timer 1 --timer_s 60 --watch 1 --substeps 1 --hub_conns 0 --tmpunlink 1,[단독자원 journal·tcp_est] ok — 이 라인의 자원은 해당 옵션에서 무해
S113one_journal.tcp___epg_index,S,epg_index,tcp_est,none,none,0,none,resume,--db_mib 8 --index_mib 12 --parse_iters 120000 --refresh_ms 500 --refresh_kib 256 --timer 1 --timer_s 60 --watch 1 --substeps 1 --hub_conns 0 --tmpunlink 1,[단독자원 journal·tcp_est] ok — 이 라인의 자원은 해당 옵션에서 무해
S113one_journal.tcp___ready,S,ready,tcp_est,none,none,0,none,"pong,stat",--db_mib 8 --index_mib 12 --parse_iters 120000 --refresh_ms 500 --refresh_kib 256 --timer 1 --timer_s 60 --watch 1 --substeps 1 --hub_conns 0 --tmpunlink 1,[단독자원 journal·tcp_est] ok — 이 라인의 자원은 해당 옵션에서 무해
S113one_journal.tcp___steady,S,steady,tcp_est,none,none,0,none,"pong,stat",--db_mib 8 --index_mib 12 --parse_iters 120000 --refresh_ms 500 --refresh_kib 256 --timer 1 --timer_s 60 --watch 1 --substeps 1 --hub_conns 0 --tmpunlink 1,[단독자원 journal·tcp_est] ok — 이 라인의 자원은 해당 옵션에서 무해
S114one_journal.file__init,S,init,filelocks,none,none,0,none,resume,--db_mib 8 --index_mib 12 --parse_iters 120000 --refresh_ms 500 --refresh_kib 256 --timer 1 --timer_s 60 --watch 1 --substeps 1 --hub_conns 0 --tmpunlink 1,[단독자원 journal·filelocks] ok — 이 라인의 자원은 해당 옵션에서 무해
S114one_journal.file__db_open,S,db_open,filelocks,none,none,0,none,resume,--db_mib 8 --index_mib 12 --parse_iters 120000 --refresh_ms 500 --refresh_kib 256 --timer 1 --timer_s 60 --watch 1 --substeps 1 --hub_conns 0 --tmpunlink 1,[단독자원 journal·filelocks] ok — 이 라인의 자원은 해당 옵션에서 무해
S114one_journal.file__tmp_journal,S,tmp_journal,filelocks,none,none,0,none,resume,--db_mib 8 --index_mib 12 --parse_iters 120000 --refresh_ms 500 --refresh_kib 256 --timer 1 --timer_s 60 --watch 1 --substeps 1 --hub_conns 0 --tmpunlink 1,[단독자원 journal·filelocks] ok — 이 라인의 자원은 해당 옵션에서 무해
S114one_journal.file__epg_index,S,epg_index,filelocks,none,none,0,none,resume,--db_mib 8 --index_mib 12 --parse_iters 120000 --refresh_ms 500 --refresh_kib 256 --timer 1 --timer_s 60 --watch 1 --substeps 1 --hub_conns 0 --tmpunlink 1,[단독자원 journal·filelocks] ok — 이 라인의 자원은 해당 옵션에서 무해
S114one_journal.file__ready,S,ready,filelocks,none,none,0,none,"pong,stat",--db_mib 8 --index_mib 12 --parse_iters 120000 --refresh_ms 500 --refresh_kib 256 --timer 1 --timer_s 60 --watch 1 --substeps 1 --hub_conns 0 --tmpunlink 1,[단독자원 journal·filelocks] ok — 이 라인의 자원은 해당 옵션에서 무해
S114one_journal.file__steady,S,steady,filelocks,none,none,0,none,"pong,stat",--db_mib 8 --index_mib 12 --parse_iters 120000 --refresh_ms 500 --refresh_kib 256 --timer 1 --timer_s 60 --watch 1 --substeps 1 --hub_conns 0 --tmpunlink 1,[단독자원 journal·filelocks] ok — 이 라인의 자원은 해당 옵션에서 무해
S115one_journal.perm__init,S,init,permissive,none,none,0,none,resume,--db_mib 8 --index_mib 12 --parse_iters 120000 --refresh_ms 500 --refresh_kib 256 --timer 1 --timer_s 60 --watch 1 --substeps 1 --hub_conns 0 --tmpunlink 1,[단독자원 journal·permissive] ok — 이 라인의 자원은 해당 옵션에서 무해
S115one_journal.perm__db_open,S,db_open,permissive,none,none,0,none,resume,--db_mib 8 --index_mib 12 --parse_iters 120000 --refresh_ms 500 --refresh_kib 256 --timer 1 --timer_s 60 --watch 1 --substeps 1 --hub_conns 0 --tmpunlink 1,[단독자원 journal·permissive] ok — 이 라인의 자원은 해당 옵션에서 무해
S115one_journal.perm__tmp_journal,S,tmp_journal,permissive,none,none,0,none,resume,--db_mib 8 --index_mib 12 --parse_iters 120000 --refresh_ms 500 --refresh_kib 256 --timer 1 --timer_s 60 --watch 1 --substeps 1 --hub_conns 0 --tmpunlink 1,[단독자원 journal·permissive] ok — 이 라인의 자원은 해당 옵션에서 무해
S115one_journal.perm__epg_index,S,epg_index,permissive,none,none,0,none,resume,--db_mib 8 --index_mib 12 --parse_iters 120000 --refresh_ms 500 --refresh_kib 256 --timer 1 --timer_s 60 --watch 1 --substeps 1 --hub_conns 0 --tmpunlink 1,[단독자원 journal·permissive] ok — 이 라인의 자원은 해당 옵션에서 무해
S115one_journal.perm__ready,S,ready,permissive,none,none,0,none,"pong,stat",--db_mib 8 --index_mib 12 --parse_iters 120000 --refresh_ms 500 --refresh_kib 256 --timer 1 --timer_s 60 --watch 1 --substeps 1 --hub_conns 0 --tmpunlink 1,[단독자원 journal·permissive] ok — 이 라인의 자원은 해당 옵션에서 무해
S115one_journal.perm__steady,S,steady,permissive,none,none,0,none,"pong,stat",--db_mib 8 --index_mib 12 --parse_iters 120000 --refresh_ms 500 --refresh_kib 256 --timer 1 --timer_s 60 --watch 1 --substeps 1 --hub_conns 0 --tmpunlink 1,[단독자원 journal·permissive] ok — 이 라인의 자원은 해당 옵션에서 무해
S116one_render.stri__init,S,init,strict,none,none,0,normal,resume,--db_mib 8 --index_mib 12 --parse_iters 120000 --refresh_ms 500 --refresh_kib 256 --timer 1 --timer_s 60 --watch 1 --substeps 1 --hub_conns 0 --render 1,[단독자원 render·strict] ok — 이 라인의 자원은 해당 옵션에서 무해
S116one_render.stri__db_open,S,db_open,strict,none,none,0,normal,resume,--db_mib 8 --index_mib 12 --parse_iters 120000 --refresh_ms 500 --refresh_kib 256 --timer 1 --timer_s 60 --watch 1 --substeps 1 --hub_conns 0 --render 1,[단독자원 render·strict] ok — 이 라인의 자원은 해당 옵션에서 무해
S116one_render.stri__render_conn,S,render_conn,strict,none,none,0,normal,resume,--db_mib 8 --index_mib 12 --parse_iters 120000 --refresh_ms 500 --refresh_kib 256 --timer 1 --timer_s 60 --watch 1 --substeps 1 --hub_conns 0 --render 1,[단독자원 render·strict] ok — 이 라인의 자원은 해당 옵션에서 무해
S116one_render.stri__epg_index,S,epg_index,strict,none,none,0,normal,resume,--db_mib 8 --index_mib 12 --parse_iters 120000 --refresh_ms 500 --refresh_kib 256 --timer 1 --timer_s 60 --watch 1 --substeps 1 --hub_conns 0 --render 1,[단독자원 render·strict] ok — 이 라인의 자원은 해당 옵션에서 무해
S116one_render.stri__ready,S,ready,strict,none,none,0,normal,"pong,stat",--db_mib 8 --index_mib 12 --parse_iters 120000 --refresh_ms 500 --refresh_kib 256 --timer 1 --timer_s 60 --watch 1 --substeps 1 --hub_conns 0 --render 1,[단독자원 render·strict] ok — 이 라인의 자원은 해당 옵션에서 무해
S116one_render.stri__steady,S,steady,strict,none,none,0,normal,"pong,stat",--db_mib 8 --index_mib 12 --parse_iters 120000 --refresh_ms 500 --refresh_kib 256 --timer 1 --timer_s 60 --watch 1 --substeps 1 --hub_conns 0 --render 1,[단독자원 render·strict] ok — 이 라인의 자원은 해당 옵션에서 무해
S117one_render.ext___init,S,init,ext_unix,none,none,0,normal,resume,--db_mib 8 --index_mib 12 --parse_iters 120000 --refresh_ms 500 --refresh_kib 256 --timer 1 --timer_s 60 --watch 1 --substeps 1 --hub_conns 0 --render 1,[단독자원 render·ext_unix] ok — 이 라인의 자원은 해당 옵션에서 무해
S117one_render.ext___db_open,S,db_open,ext_unix,none,none,0,normal,resume,--db_mib 8 --index_mib 12 --parse_iters 120000 --refresh_ms 500 --refresh_kib 256 --timer 1 --timer_s 60 --watch 1 --substeps 1 --hub_conns 0 --render 1,[단독자원 render·ext_unix] ok — 이 라인의 자원은 해당 옵션에서 무해
S117one_render.ext___render_conn,S,render_conn,ext_unix,none,none,0,normal,resume,--db_mib 8 --index_mib 12 --parse_iters 120000 --refresh_ms 500 --refresh_kib 256 --timer 1 --timer_s 60 --watch 1 --substeps 1 --hub_conns 0 --render 1,[단독자원 render·ext_unix] ok — 이 라인의 자원은 해당 옵션에서 무해
S117one_render.ext___epg_index,S,epg_index,ext_unix,none,none,0,normal,resume,--db_mib 8 --index_mib 12 --parse_iters 120000 --refresh_ms 500 --refresh_kib 256 --timer 1 --timer_s 60 --watch 1 --substeps 1 --hub_conns 0 --render 1,[단독자원 render·ext_unix] ok — 이 라인의 자원은 해당 옵션에서 무해
S117one_render.ext___ready,S,ready,ext_unix,none,none,0,normal,"pong,stat",--db_mib 8 --index_mib 12 --parse_iters 120000 --refresh_ms 500 --refresh_kib 256 --timer 1 --timer_s 60 --watch 1 --substeps 1 --hub_conns 0 --render 1,[단독자원 render·ext_unix] ok — 이 라인의 자원은 해당 옵션에서 무해
S117one_render.ext___steady,S,steady,ext_unix,none,none,0,normal,"pong,stat",--db_mib 8 --index_mib 12 --parse_iters 120000 --refresh_ms 500 --refresh_kib 256 --timer 1 --timer_s 60 --watch 1 --substeps 1 --hub_conns 0 --render 1,[단독자원 render·ext_unix] ok — 이 라인의 자원은 해당 옵션에서 무해
S118one_render.tcp___init,S,init,tcp_est,none,none,0,normal,resume,--db_mib 8 --index_mib 12 --parse_iters 120000 --refresh_ms 500 --refresh_kib 256 --timer 1 --timer_s 60 --watch 1 --substeps 1 --hub_conns 0 --render 1,[단독자원 render·tcp_est] ok — 이 라인의 자원은 해당 옵션에서 무해
S118one_render.tcp___db_open,S,db_open,tcp_est,none,none,0,normal,resume,--db_mib 8 --index_mib 12 --parse_iters 120000 --refresh_ms 500 --refresh_kib 256 --timer 1 --timer_s 60 --watch 1 --substeps 1 --hub_conns 0 --render 1,[단독자원 render·tcp_est] ok — 이 라인의 자원은 해당 옵션에서 무해
S118one_render.tcp___render_conn,S,render_conn,tcp_est,none,none,0,normal,resume,--db_mib 8 --index_mib 12 --parse_iters 120000 --refresh_ms 500 --refresh_kib 256 --timer 1 --timer_s 60 --watch 1 --substeps 1 --hub_conns 0 --render 1,[단독자원 render·tcp_est] ok — 이 라인의 자원은 해당 옵션에서 무해
S118one_render.tcp___epg_index,S,epg_index,tcp_est,none,none,0,normal,resume,--db_mib 8 --index_mib 12 --parse_iters 120000 --refresh_ms 500 --refresh_kib 256 --timer 1 --timer_s 60 --watch 1 --substeps 1 --hub_conns 0 --render 1,[단독자원 render·tcp_est] ok — 이 라인의 자원은 해당 옵션에서 무해
S118one_render.tcp___ready,S,ready,tcp_est,none,none,0,normal,"pong,stat",--db_mib 8 --index_mib 12 --parse_iters 120000 --refresh_ms 500 --refresh_kib 256 --timer 1 --timer_s 60 --watch 1 --substeps 1 --hub_conns 0 --render 1,[단독자원 render·tcp_est] ok — 이 라인의 자원은 해당 옵션에서 무해
S118one_render.tcp___steady,S,steady,tcp_est,none,none,0,normal,"pong,stat",--db_mib 8 --index_mib 12 --parse_iters 120000 --refresh_ms 500 --refresh_kib 256 --timer 1 --timer_s 60 --watch 1 --substeps 1 --hub_conns 0 --render 1,[단독자원 render·tcp_est] ok — 이 라인의 자원은 해당 옵션에서 무해
S119one_render.file__init,S,init,filelocks,none,none,0,normal,resume,--db_mib 8 --index_mib 12 --parse_iters 120000 --refresh_ms 500 --refresh_kib 256 --timer 1 --timer_s 60 --watch 1 --substeps 1 --hub_conns 0 --render 1,[단독자원 render·filelocks] ok — 이 라인의 자원은 해당 옵션에서 무해
S119one_render.file__db_open,S,db_open,filelocks,none,none,0,normal,resume,--db_mib 8 --index_mib 12 --parse_iters 120000 --refresh_ms 500 --refresh_kib 256 --timer 1 --timer_s 60 --watch 1 --substeps 1 --hub_conns 0 --render 1,[단독자원 render·filelocks] ok — 이 라인의 자원은 해당 옵션에서 무해
S119one_render.file__render_conn,S,render_conn,filelocks,none,none,0,normal,resume,--db_mib 8 --index_mib 12 --parse_iters 120000 --refresh_ms 500 --refresh_kib 256 --timer 1 --timer_s 60 --watch 1 --substeps 1 --hub_conns 0 --render 1,[단독자원 render·filelocks] ok — 이 라인의 자원은 해당 옵션에서 무해
S119one_render.file__epg_index,S,epg_index,filelocks,none,none,0,normal,resume,--db_mib 8 --index_mib 12 --parse_iters 120000 --refresh_ms 500 --refresh_kib 256 --timer 1 --timer_s 60 --watch 1 --substeps 1 --hub_conns 0 --render 1,[단독자원 render·filelocks] ok — 이 라인의 자원은 해당 옵션에서 무해
S119one_render.file__ready,S,ready,filelocks,none,none,0,normal,"pong,stat",--db_mib 8 --index_mib 12 --parse_iters 120000 --refresh_ms 500 --refresh_kib 256 --timer 1 --timer_s 60 --watch 1 --substeps 1 --hub_conns 0 --render 1,[단독자원 render·filelocks] ok — 이 라인의 자원은 해당 옵션에서 무해
S119one_render.file__steady,S,steady,filelocks,none,none,0,normal,"pong,stat",--db_mib 8 --index_mib 12 --parse_iters 120000 --refresh_ms 500 --refresh_kib 256 --timer 1 --timer_s 60 --watch 1 --substeps 1 --hub_conns 0 --render 1,[단독자원 render·filelocks] ok — 이 라인의 자원은 해당 옵션에서 무해
S120one_render.perm__init,S,init,permissive,none,none,0,normal,resume,--db_mib 8 --index_mib 12 --parse_iters 120000 --refresh_ms 500 --refresh_kib 256 --timer 1 --timer_s 60 --watch 1 --substeps 1 --hub_conns 0 --render 1,[단독자원 render·permissive] ok — 이 라인의 자원은 해당 옵션에서 무해
S120one_render.perm__db_open,S,db_open,permissive,none,none,0,normal,resume,--db_mib 8 --index_mib 12 --parse_iters 120000 --refresh_ms 500 --refresh_kib 256 --timer 1 --timer_s 60 --watch 1 --substeps 1 --hub_conns 0 --render 1,[단독자원 render·permissive] ok — 이 라인의 자원은 해당 옵션에서 무해
S120one_render.perm__render_conn,S,render_conn,permissive,none,none,0,normal,resume,--db_mib 8 --index_mib 12 --parse_iters 120000 --refresh_ms 500 --refresh_kib 256 --timer 1 --timer_s 60 --watch 1 --substeps 1 --hub_conns 0 --render 1,[단독자원 render·permissive] ok — 이 라인의 자원은 해당 옵션에서 무해
S120one_render.perm__epg_index,S,epg_index,permissive,none,none,0,normal,resume,--db_mib 8 --index_mib 12 --parse_iters 120000 --refresh_ms 500 --refresh_kib 256 --timer 1 --timer_s 60 --watch 1 --substeps 1 --hub_conns 0 --render 1,[단독자원 render·permissive] ok — 이 라인의 자원은 해당 옵션에서 무해
S120one_render.perm__ready,S,ready,permissive,none,none,0,normal,"pong,stat",--db_mib 8 --index_mib 12 --parse_iters 120000 --refresh_ms 500 --refresh_kib 256 --timer 1 --timer_s 60 --watch 1 --substeps 1 --hub_conns 0 --render 1,[단독자원 render·permissive] ok — 이 라인의 자원은 해당 옵션에서 무해
S120one_render.perm__steady,S,steady,permissive,none,none,0,normal,"pong,stat",--db_mib 8 --index_mib 12 --parse_iters 120000 --refresh_ms 500 --refresh_kib 256 --timer 1 --timer_s 60 --watch 1 --substeps 1 --hub_conns 0 --render 1,[단독자원 render·permissive] ok — 이 라인의 자원은 해당 옵션에서 무해
S121one_epoll.stri__init,S,init,strict,none,none,0,none,resume,--db_mib 8 --index_mib 12 --parse_iters 120000 --refresh_ms 500 --refresh_kib 256 --timer 1 --timer_s 60 --watch 1 --substeps 1 --hub_conns 0 --epoll 1 --eventfd 1,[단독자원 epoll·strict] ok — 이 라인의 자원은 해당 옵션에서 무해
S121one_epoll.stri__db_open,S,db_open,strict,none,none,0,none,resume,--db_mib 8 --index_mib 12 --parse_iters 120000 --refresh_ms 500 --refresh_kib 256 --timer 1 --timer_s 60 --watch 1 --substeps 1 --hub_conns 0 --epoll 1 --eventfd 1,[단독자원 epoll·strict] ok — 이 라인의 자원은 해당 옵션에서 무해
S121one_epoll.stri__epoll_open,S,epoll_open,strict,none,none,0,none,resume,--db_mib 8 --index_mib 12 --parse_iters 120000 --refresh_ms 500 --refresh_kib 256 --timer 1 --timer_s 60 --watch 1 --substeps 1 --hub_conns 0 --epoll 1 --eventfd 1,[단독자원 epoll·strict] ok — 이 라인의 자원은 해당 옵션에서 무해
S121one_epoll.stri__epg_index,S,epg_index,strict,none,none,0,none,resume,--db_mib 8 --index_mib 12 --parse_iters 120000 --refresh_ms 500 --refresh_kib 256 --timer 1 --timer_s 60 --watch 1 --substeps 1 --hub_conns 0 --epoll 1 --eventfd 1,[단독자원 epoll·strict] ok — 이 라인의 자원은 해당 옵션에서 무해
S121one_epoll.stri__ready,S,ready,strict,none,none,0,none,"pong,stat",--db_mib 8 --index_mib 12 --parse_iters 120000 --refresh_ms 500 --refresh_kib 256 --timer 1 --timer_s 60 --watch 1 --substeps 1 --hub_conns 0 --epoll 1 --eventfd 1,[단독자원 epoll·strict] ok — 이 라인의 자원은 해당 옵션에서 무해
S121one_epoll.stri__steady,S,steady,strict,none,none,0,none,"pong,stat",--db_mib 8 --index_mib 12 --parse_iters 120000 --refresh_ms 500 --refresh_kib 256 --timer 1 --timer_s 60 --watch 1 --substeps 1 --hub_conns 0 --epoll 1 --eventfd 1,[단독자원 epoll·strict] ok — 이 라인의 자원은 해당 옵션에서 무해
S122one_epoll.ext___init,S,init,ext_unix,none,none,0,none,resume,--db_mib 8 --index_mib 12 --parse_iters 120000 --refresh_ms 500 --refresh_kib 256 --timer 1 --timer_s 60 --watch 1 --substeps 1 --hub_conns 0 --epoll 1 --eventfd 1,[단독자원 epoll·ext_unix] ok — 이 라인의 자원은 해당 옵션에서 무해
S122one_epoll.ext___db_open,S,db_open,ext_unix,none,none,0,none,resume,--db_mib 8 --index_mib 12 --parse_iters 120000 --refresh_ms 500 --refresh_kib 256 --timer 1 --timer_s 60 --watch 1 --substeps 1 --hub_conns 0 --epoll 1 --eventfd 1,[단독자원 epoll·ext_unix] ok — 이 라인의 자원은 해당 옵션에서 무해
S122one_epoll.ext___epoll_open,S,epoll_open,ext_unix,none,none,0,none,resume,--db_mib 8 --index_mib 12 --parse_iters 120000 --refresh_ms 500 --refresh_kib 256 --timer 1 --timer_s 60 --watch 1 --substeps 1 --hub_conns 0 --epoll 1 --eventfd 1,[단독자원 epoll·ext_unix] ok — 이 라인의 자원은 해당 옵션에서 무해
S122one_epoll.ext___epg_index,S,epg_index,ext_unix,none,none,0,none,resume,--db_mib 8 --index_mib 12 --parse_iters 120000 --refresh_ms 500 --refresh_kib 256 --timer 1 --timer_s 60 --watch 1 --substeps 1 --hub_conns 0 --epoll 1 --eventfd 1,[단독자원 epoll·ext_unix] ok — 이 라인의 자원은 해당 옵션에서 무해
S122one_epoll.ext___ready,S,ready,ext_unix,none,none,0,none,"pong,stat",--db_mib 8 --index_mib 12 --parse_iters 120000 --refresh_ms 500 --refresh_kib 256 --timer 1 --timer_s 60 --watch 1 --substeps 1 --hub_conns 0 --epoll 1 --eventfd 1,[단독자원 epoll·ext_unix] ok — 이 라인의 자원은 해당 옵션에서 무해
S122one_epoll.ext___steady,S,steady,ext_unix,none,none,0,none,"pong,stat",--db_mib 8 --index_mib 12 --parse_iters 120000 --refresh_ms 500 --refresh_kib 256 --timer 1 --timer_s 60 --watch 1 --substeps 1 --hub_conns 0 --epoll 1 --eventfd 1,[단독자원 epoll·ext_unix] ok — 이 라인의 자원은 해당 옵션에서 무해
S123one_epoll.tcp___init,S,init,tcp_est,none,none,0,none,resume,--db_mib 8 --index_mib 12 --parse_iters 120000 --refresh_ms 500 --refresh_kib 256 --timer 1 --timer_s 60 --watch 1 --substeps 1 --hub_conns 0 --epoll 1 --eventfd 1,[단독자원 epoll·tcp_est] ok — 이 라인의 자원은 해당 옵션에서 무해
S123one_epoll.tcp___db_open,S,db_open,tcp_est,none,none,0,none,resume,--db_mib 8 --index_mib 12 --parse_iters 120000 --refresh_ms 500 --refresh_kib 256 --timer 1 --timer_s 60 --watch 1 --substeps 1 --hub_conns 0 --epoll 1 --eventfd 1,[단독자원 epoll·tcp_est] ok — 이 라인의 자원은 해당 옵션에서 무해
S123one_epoll.tcp___epoll_open,S,epoll_open,tcp_est,none,none,0,none,resume,--db_mib 8 --index_mib 12 --parse_iters 120000 --refresh_ms 500 --refresh_kib 256 --timer 1 --timer_s 60 --watch 1 --substeps 1 --hub_conns 0 --epoll 1 --eventfd 1,[단독자원 epoll·tcp_est] ok — 이 라인의 자원은 해당 옵션에서 무해
S123one_epoll.tcp___epg_index,S,epg_index,tcp_est,none,none,0,none,resume,--db_mib 8 --index_mib 12 --parse_iters 120000 --refresh_ms 500 --refresh_kib 256 --timer 1 --timer_s 60 --watch 1 --substeps 1 --hub_conns 0 --epoll 1 --eventfd 1,[단독자원 epoll·tcp_est] ok — 이 라인의 자원은 해당 옵션에서 무해
S123one_epoll.tcp___ready,S,ready,tcp_est,none,none,0,none,"pong,stat",--db_mib 8 --index_mib 12 --parse_iters 120000 --refresh_ms 500 --refresh_kib 256 --timer 1 --timer_s 60 --watch 1 --substeps 1 --hub_conns 0 --epoll 1 --eventfd 1,[단독자원 epoll·tcp_est] ok — 이 라인의 자원은 해당 옵션에서 무해
S123one_epoll.tcp___steady,S,steady,tcp_est,none,none,0,none,"pong,stat",--db_mib 8 --index_mib 12 --parse_iters 120000 --refresh_ms 500 --refresh_kib 256 --timer 1 --timer_s 60 --watch 1 --substeps 1 --hub_conns 0 --epoll 1 --eventfd 1,[단독자원 epoll·tcp_est] ok — 이 라인의 자원은 해당 옵션에서 무해
S124one_epoll.file__init,S,init,filelocks,none,none,0,none,resume,--db_mib 8 --index_mib 12 --parse_iters 120000 --refresh_ms 500 --refresh_kib 256 --timer 1 --timer_s 60 --watch 1 --substeps 1 --hub_conns 0 --epoll 1 --eventfd 1,[단독자원 epoll·filelocks] ok — 이 라인의 자원은 해당 옵션에서 무해
S124one_epoll.file__db_open,S,db_open,filelocks,none,none,0,none,resume,--db_mib 8 --index_mib 12 --parse_iters 120000 --refresh_ms 500 --refresh_kib 256 --timer 1 --timer_s 60 --watch 1 --substeps 1 --hub_conns 0 --epoll 1 --eventfd 1,[단독자원 epoll·filelocks] ok — 이 라인의 자원은 해당 옵션에서 무해
S124one_epoll.file__epoll_open,S,epoll_open,filelocks,none,none,0,none,resume,--db_mib 8 --index_mib 12 --parse_iters 120000 --refresh_ms 500 --refresh_kib 256 --timer 1 --timer_s 60 --watch 1 --substeps 1 --hub_conns 0 --epoll 1 --eventfd 1,[단독자원 epoll·filelocks] ok — 이 라인의 자원은 해당 옵션에서 무해
S124one_epoll.file__epg_index,S,epg_index,filelocks,none,none,0,none,resume,--db_mib 8 --index_mib 12 --parse_iters 120000 --refresh_ms 500 --refresh_kib 256 --timer 1 --timer_s 60 --watch 1 --substeps 1 --hub_conns 0 --epoll 1 --eventfd 1,[단독자원 epoll·filelocks] ok — 이 라인의 자원은 해당 옵션에서 무해
S124one_epoll.file__ready,S,ready,filelocks,none,none,0,none,"pong,stat",--db_mib 8 --index_mib 12 --parse_iters 120000 --refresh_ms 500 --refresh_kib 256 --timer 1 --timer_s 60 --watch 1 --substeps 1 --hub_conns 0 --epoll 1 --eventfd 1,[단독자원 epoll·filelocks] ok — 이 라인의 자원은 해당 옵션에서 무해
S124one_epoll.file__steady,S,steady,filelocks,none,none,0,none,"pong,stat",--db_mib 8 --index_mib 12 --parse_iters 120000 --refresh_ms 500 --refresh_kib 256 --timer 1 --timer_s 60 --watch 1 --substeps 1 --hub_conns 0 --epoll 1 --eventfd 1,[단독자원 epoll·filelocks] ok — 이 라인의 자원은 해당 옵션에서 무해
S125one_epoll.perm__init,S,init,permissive,none,none,0,none,resume,--db_mib 8 --index_mib 12 --parse_iters 120000 --refresh_ms 500 --refresh_kib 256 --timer 1 --timer_s 60 --watch 1 --substeps 1 --hub_conns 0 --epoll 1 --eventfd 1,[단독자원 epoll·permissive] ok — 이 라인의 자원은 해당 옵션에서 무해
S125one_epoll.perm__db_open,S,db_open,permissive,none,none,0,none,resume,--db_mib 8 --index_mib 12 --parse_iters 120000 --refresh_ms 500 --refresh_kib 256 --timer 1 --timer_s 60 --watch 1 --substeps 1 --hub_conns 0 --epoll 1 --eventfd 1,[단독자원 epoll·permissive] ok — 이 라인의 자원은 해당 옵션에서 무해
S125one_epoll.perm__epoll_open,S,epoll_open,permissive,none,none,0,none,resume,--db_mib 8 --index_mib 12 --parse_iters 120000 --refresh_ms 500 --refresh_kib 256 --timer 1 --timer_s 60 --watch 1 --substeps 1 --hub_conns 0 --epoll 1 --eventfd 1,[단독자원 epoll·permissive] ok — 이 라인의 자원은 해당 옵션에서 무해
S125one_epoll.perm__epg_index,S,epg_index,permissive,none,none,0,none,resume,--db_mib 8 --index_mib 12 --parse_iters 120000 --refresh_ms 500 --refresh_kib 256 --timer 1 --timer_s 60 --watch 1 --substeps 1 --hub_conns 0 --epoll 1 --eventfd 1,[단독자원 epoll·permissive] ok — 이 라인의 자원은 해당 옵션에서 무해
S125one_epoll.perm__ready,S,ready,permissive,none,none,0,none,"pong,stat",--db_mib 8 --index_mib 12 --parse_iters 120000 --refresh_ms 500 --refresh_kib 256 --timer 1 --timer_s 60 --watch 1 --substeps 1 --hub_conns 0 --epoll 1 --eventfd 1,[단독자원 epoll·permissive] ok — 이 라인의 자원은 해당 옵션에서 무해
S125one_epoll.perm__steady,S,steady,permissive,none,none,0,none,"pong,stat",--db_mib 8 --index_mib 12 --parse_iters 120000 --refresh_ms 500 --refresh_kib 256 --timer 1 --timer_s 60 --watch 1 --substeps 1 --hub_conns 0 --epoll 1 --eventfd 1,[단독자원 epoll·permissive] ok — 이 라인의 자원은 해당 옵션에서 무해
S126one_listen.stri__init,S,init,strict,none,none,0,none,resume,--db_mib 8 --index_mib 12 --parse_iters 120000 --refresh_ms 500 --refresh_kib 256 --timer 1 --timer_s 60 --watch 1 --substeps 1 --hub_conns 0 --unix_listen 1,[단독자원 listen·strict] ok — 이 라인의 자원은 해당 옵션에서 무해
S126one_listen.stri__db_open,S,db_open,strict,none,none,0,none,resume,--db_mib 8 --index_mib 12 --parse_iters 120000 --refresh_ms 500 --refresh_kib 256 --timer 1 --timer_s 60 --watch 1 --substeps 1 --hub_conns 0 --unix_listen 1,[단독자원 listen·strict] ok — 이 라인의 자원은 해당 옵션에서 무해
S126one_listen.stri__svc_listen,S,svc_listen,strict,none,none,0,none,resume,--db_mib 8 --index_mib 12 --parse_iters 120000 --refresh_ms 500 --refresh_kib 256 --timer 1 --timer_s 60 --watch 1 --substeps 1 --hub_conns 0 --unix_listen 1,[단독자원 listen·strict] ok — 이 라인의 자원은 해당 옵션에서 무해
S126one_listen.stri__epg_index,S,epg_index,strict,none,none,0,none,resume,--db_mib 8 --index_mib 12 --parse_iters 120000 --refresh_ms 500 --refresh_kib 256 --timer 1 --timer_s 60 --watch 1 --substeps 1 --hub_conns 0 --unix_listen 1,[단독자원 listen·strict] ok — 이 라인의 자원은 해당 옵션에서 무해
S126one_listen.stri__ready,S,ready,strict,none,none,0,none,"pong,stat",--db_mib 8 --index_mib 12 --parse_iters 120000 --refresh_ms 500 --refresh_kib 256 --timer 1 --timer_s 60 --watch 1 --substeps 1 --hub_conns 0 --unix_listen 1,[단독자원 listen·strict] ok — 이 라인의 자원은 해당 옵션에서 무해
S126one_listen.stri__steady,S,steady,strict,none,none,0,none,"pong,stat",--db_mib 8 --index_mib 12 --parse_iters 120000 --refresh_ms 500 --refresh_kib 256 --timer 1 --timer_s 60 --watch 1 --substeps 1 --hub_conns 0 --unix_listen 1,[단독자원 listen·strict] ok — 이 라인의 자원은 해당 옵션에서 무해
S127one_listen.ext___init,S,init,ext_unix,none,none,0,none,resume,--db_mib 8 --index_mib 12 --parse_iters 120000 --refresh_ms 500 --refresh_kib 256 --timer 1 --timer_s 60 --watch 1 --substeps 1 --hub_conns 0 --unix_listen 1,[단독자원 listen·ext_unix] ok — 이 라인의 자원은 해당 옵션에서 무해
S127one_listen.ext___db_open,S,db_open,ext_unix,none,none,0,none,resume,--db_mib 8 --index_mib 12 --parse_iters 120000 --refresh_ms 500 --refresh_kib 256 --timer 1 --timer_s 60 --watch 1 --substeps 1 --hub_conns 0 --unix_listen 1,[단독자원 listen·ext_unix] ok — 이 라인의 자원은 해당 옵션에서 무해
S127one_listen.ext___svc_listen,S,svc_listen,ext_unix,none,none,0,none,resume,--db_mib 8 --index_mib 12 --parse_iters 120000 --refresh_ms 500 --refresh_kib 256 --timer 1 --timer_s 60 --watch 1 --substeps 1 --hub_conns 0 --unix_listen 1,[단독자원 listen·ext_unix] ok — 이 라인의 자원은 해당 옵션에서 무해
S127one_listen.ext___epg_index,S,epg_index,ext_unix,none,none,0,none,resume,--db_mib 8 --index_mib 12 --parse_iters 120000 --refresh_ms 500 --refresh_kib 256 --timer 1 --timer_s 60 --watch 1 --substeps 1 --hub_conns 0 --unix_listen 1,[단독자원 listen·ext_unix] ok — 이 라인의 자원은 해당 옵션에서 무해
S127one_listen.ext___ready,S,ready,ext_unix,none,none,0,none,"pong,stat",--db_mib 8 --index_mib 12 --parse_iters 120000 --refresh_ms 500 --refresh_kib 256 --timer 1 --timer_s 60 --watch 1 --substeps 1 --hub_conns 0 --unix_listen 1,[단독자원 listen·ext_unix] ok — 이 라인의 자원은 해당 옵션에서 무해
S127one_listen.ext___steady,S,steady,ext_unix,none,none,0,none,"pong,stat",--db_mib 8 --index_mib 12 --parse_iters 120000 --refresh_ms 500 --refresh_kib 256 --timer 1 --timer_s 60 --watch 1 --substeps 1 --hub_conns 0 --unix_listen 1,[단독자원 listen·ext_unix] ok — 이 라인의 자원은 해당 옵션에서 무해
S128one_listen.tcp___init,S,init,tcp_est,none,none,0,none,resume,--db_mib 8 --index_mib 12 --parse_iters 120000 --refresh_ms 500 --refresh_kib 256 --timer 1 --timer_s 60 --watch 1 --substeps 1 --hub_conns 0 --unix_listen 1,[단독자원 listen·tcp_est] ok — 이 라인의 자원은 해당 옵션에서 무해
S128one_listen.tcp___db_open,S,db_open,tcp_est,none,none,0,none,resume,--db_mib 8 --index_mib 12 --parse_iters 120000 --refresh_ms 500 --refresh_kib 256 --timer 1 --timer_s 60 --watch 1 --substeps 1 --hub_conns 0 --unix_listen 1,[단독자원 listen·tcp_est] ok — 이 라인의 자원은 해당 옵션에서 무해
S128one_listen.tcp___svc_listen,S,svc_listen,tcp_est,none,none,0,none,resume,--db_mib 8 --index_mib 12 --parse_iters 120000 --refresh_ms 500 --refresh_kib 256 --timer 1 --timer_s 60 --watch 1 --substeps 1 --hub_conns 0 --unix_listen 1,[단독자원 listen·tcp_est] ok — 이 라인의 자원은 해당 옵션에서 무해
S128one_listen.tcp___epg_index,S,epg_index,tcp_est,none,none,0,none,resume,--db_mib 8 --index_mib 12 --parse_iters 120000 --refresh_ms 500 --refresh_kib 256 --timer 1 --timer_s 60 --watch 1 --substeps 1 --hub_conns 0 --unix_listen 1,[단독자원 listen·tcp_est] ok — 이 라인의 자원은 해당 옵션에서 무해
S128one_listen.tcp___ready,S,ready,tcp_est,none,none,0,none,"pong,stat",--db_mib 8 --index_mib 12 --parse_iters 120000 --refresh_ms 500 --refresh_kib 256 --timer 1 --timer_s 60 --watch 1 --substeps 1 --hub_conns 0 --unix_listen 1,[단독자원 listen·tcp_est] ok — 이 라인의 자원은 해당 옵션에서 무해
S128one_listen.tcp___steady,S,steady,tcp_est,none,none,0,none,"pong,stat",--db_mib 8 --index_mib 12 --parse_iters 120000 --refresh_ms 500 --refresh_kib 256 --timer 1 --timer_s 60 --watch 1 --substeps 1 --hub_conns 0 --unix_listen 1,[단독자원 listen·tcp_est] ok — 이 라인의 자원은 해당 옵션에서 무해
S129one_listen.file__init,S,init,filelocks,none,none,0,none,resume,--db_mib 8 --index_mib 12 --parse_iters 120000 --refresh_ms 500 --refresh_kib 256 --timer 1 --timer_s 60 --watch 1 --substeps 1 --hub_conns 0 --unix_listen 1,[단독자원 listen·filelocks] ok — 이 라인의 자원은 해당 옵션에서 무해
S129one_listen.file__db_open,S,db_open,filelocks,none,none,0,none,resume,--db_mib 8 --index_mib 12 --parse_iters 120000 --refresh_ms 500 --refresh_kib 256 --timer 1 --timer_s 60 --watch 1 --substeps 1 --hub_conns 0 --unix_listen 1,[단독자원 listen·filelocks] ok — 이 라인의 자원은 해당 옵션에서 무해
S129one_listen.file__svc_listen,S,svc_listen,filelocks,none,none,0,none,resume,--db_mib 8 --index_mib 12 --parse_iters 120000 --refresh_ms 500 --refresh_kib 256 --timer 1 --timer_s 60 --watch 1 --substeps 1 --hub_conns 0 --unix_listen 1,[단독자원 listen·filelocks] ok — 이 라인의 자원은 해당 옵션에서 무해
S129one_listen.file__epg_index,S,epg_index,filelocks,none,none,0,none,resume,--db_mib 8 --index_mib 12 --parse_iters 120000 --refresh_ms 500 --refresh_kib 256 --timer 1 --timer_s 60 --watch 1 --substeps 1 --hub_conns 0 --unix_listen 1,[단독자원 listen·filelocks] ok — 이 라인의 자원은 해당 옵션에서 무해
S129one_listen.file__ready,S,ready,filelocks,none,none,0,none,"pong,stat",--db_mib 8 --index_mib 12 --parse_iters 120000 --refresh_ms 500 --refresh_kib 256 --timer 1 --timer_s 60 --watch 1 --substeps 1 --hub_conns 0 --unix_listen 1,[단독자원 listen·filelocks] ok — 이 라인의 자원은 해당 옵션에서 무해
S129one_listen.file__steady,S,steady,filelocks,none,none,0,none,"pong,stat",--db_mib 8 --index_mib 12 --parse_iters 120000 --refresh_ms 500 --refresh_kib 256 --timer 1 --timer_s 60 --watch 1 --substeps 1 --hub_conns 0 --unix_listen 1,[단독자원 listen·filelocks] ok — 이 라인의 자원은 해당 옵션에서 무해
S130one_listen.perm__init,S,init,permissive,none,none,0,none,resume,--db_mib 8 --index_mib 12 --parse_iters 120000 --refresh_ms 500 --refresh_kib 256 --timer 1 --timer_s 60 --watch 1 --substeps 1 --hub_conns 0 --unix_listen 1,[단독자원 listen·permissive] ok — 이 라인의 자원은 해당 옵션에서 무해
S130one_listen.perm__db_open,S,db_open,permissive,none,none,0,none,resume,--db_mib 8 --index_mib 12 --parse_iters 120000 --refresh_ms 500 --refresh_kib 256 --timer 1 --timer_s 60 --watch 1 --substeps 1 --hub_conns 0 --unix_listen 1,[단독자원 listen·permissive] ok — 이 라인의 자원은 해당 옵션에서 무해
S130one_listen.perm__svc_listen,S,svc_listen,permissive,none,none,0,none,resume,--db_mib 8 --index_mib 12 --parse_iters 120000 --refresh_ms 500 --refresh_kib 256 --timer 1 --timer_s 60 --watch 1 --substeps 1 --hub_conns 0 --unix_listen 1,[단독자원 listen·permissive] ok — 이 라인의 자원은 해당 옵션에서 무해
S130one_listen.perm__epg_index,S,epg_index,permissive,none,none,0,none,resume,--db_mib 8 --index_mib 12 --parse_iters 120000 --refresh_ms 500 --refresh_kib 256 --timer 1 --timer_s 60 --watch 1 --substeps 1 --hub_conns 0 --unix_listen 1,[단독자원 listen·permissive] ok — 이 라인의 자원은 해당 옵션에서 무해
S130one_listen.perm__ready,S,ready,permissive,none,none,0,none,"pong,stat",--db_mib 8 --index_mib 12 --parse_iters 120000 --refresh_ms 500 --refresh_kib 256 --timer 1 --timer_s 60 --watch 1 --substeps 1 --hub_conns 0 --unix_listen 1,[단독자원 listen·permissive] ok — 이 라인의 자원은 해당 옵션에서 무해
S130one_listen.perm__steady,S,steady,permissive,none,none,0,none,"pong,stat",--db_mib 8 --index_mib 12 --parse_iters 120000 --refresh_ms 500 --refresh_kib 256 --timer 1 --timer_s 60 --watch 1 --substeps 1 --hub_conns 0 --unix_listen 1,[단독자원 listen·permissive] ok — 이 라인의 자원은 해당 옵션에서 무해
S131one_udp.stri__init,S,init,strict,none,none,0,none,resume,--db_mib 8 --index_mib 12 --parse_iters 120000 --refresh_ms 500 --refresh_kib 256 --timer 1 --timer_s 60 --watch 1 --substeps 1 --hub_conns 0 --udp 1,[단독자원 udp·strict] ok — 이 라인의 자원은 해당 옵션에서 무해
S131one_udp.stri__db_open,S,db_open,strict,none,none,0,none,resume,--db_mib 8 --index_mib 12 --parse_iters 120000 --refresh_ms 500 --refresh_kib 256 --timer 1 --timer_s 60 --watch 1 --substeps 1 --hub_conns 0 --udp 1,[단독자원 udp·strict] ok — 이 라인의 자원은 해당 옵션에서 무해
S131one_udp.stri__udp_open,S,udp_open,strict,none,none,0,none,resume,--db_mib 8 --index_mib 12 --parse_iters 120000 --refresh_ms 500 --refresh_kib 256 --timer 1 --timer_s 60 --watch 1 --substeps 1 --hub_conns 0 --udp 1,[단독자원 udp·strict] ok — 이 라인의 자원은 해당 옵션에서 무해
S131one_udp.stri__epg_index,S,epg_index,strict,none,none,0,none,resume,--db_mib 8 --index_mib 12 --parse_iters 120000 --refresh_ms 500 --refresh_kib 256 --timer 1 --timer_s 60 --watch 1 --substeps 1 --hub_conns 0 --udp 1,[단독자원 udp·strict] ok — 이 라인의 자원은 해당 옵션에서 무해
S131one_udp.stri__ready,S,ready,strict,none,none,0,none,"pong,stat",--db_mib 8 --index_mib 12 --parse_iters 120000 --refresh_ms 500 --refresh_kib 256 --timer 1 --timer_s 60 --watch 1 --substeps 1 --hub_conns 0 --udp 1,[단독자원 udp·strict] ok — 이 라인의 자원은 해당 옵션에서 무해
S131one_udp.stri__steady,S,steady,strict,none,none,0,none,"pong,stat",--db_mib 8 --index_mib 12 --parse_iters 120000 --refresh_ms 500 --refresh_kib 256 --timer 1 --timer_s 60 --watch 1 --substeps 1 --hub_conns 0 --udp 1,[단독자원 udp·strict] ok — 이 라인의 자원은 해당 옵션에서 무해
S132one_udp.ext___init,S,init,ext_unix,none,none,0,none,resume,--db_mib 8 --index_mib 12 --parse_iters 120000 --refresh_ms 500 --refresh_kib 256 --timer 1 --timer_s 60 --watch 1 --substeps 1 --hub_conns 0 --udp 1,[단독자원 udp·ext_unix] ok — 이 라인의 자원은 해당 옵션에서 무해
S132one_udp.ext___db_open,S,db_open,ext_unix,none,none,0,none,resume,--db_mib 8 --index_mib 12 --parse_iters 120000 --refresh_ms 500 --refresh_kib 256 --timer 1 --timer_s 60 --watch 1 --substeps 1 --hub_conns 0 --udp 1,[단독자원 udp·ext_unix] ok — 이 라인의 자원은 해당 옵션에서 무해
S132one_udp.ext___udp_open,S,udp_open,ext_unix,none,none,0,none,resume,--db_mib 8 --index_mib 12 --parse_iters 120000 --refresh_ms 500 --refresh_kib 256 --timer 1 --timer_s 60 --watch 1 --substeps 1 --hub_conns 0 --udp 1,[단독자원 udp·ext_unix] ok — 이 라인의 자원은 해당 옵션에서 무해
S132one_udp.ext___epg_index,S,epg_index,ext_unix,none,none,0,none,resume,--db_mib 8 --index_mib 12 --parse_iters 120000 --refresh_ms 500 --refresh_kib 256 --timer 1 --timer_s 60 --watch 1 --substeps 1 --hub_conns 0 --udp 1,[단독자원 udp·ext_unix] ok — 이 라인의 자원은 해당 옵션에서 무해
S132one_udp.ext___ready,S,ready,ext_unix,none,none,0,none,"pong,stat",--db_mib 8 --index_mib 12 --parse_iters 120000 --refresh_ms 500 --refresh_kib 256 --timer 1 --timer_s 60 --watch 1 --substeps 1 --hub_conns 0 --udp 1,[단독자원 udp·ext_unix] ok — 이 라인의 자원은 해당 옵션에서 무해
S132one_udp.ext___steady,S,steady,ext_unix,none,none,0,none,"pong,stat",--db_mib 8 --index_mib 12 --parse_iters 120000 --refresh_ms 500 --refresh_kib 256 --timer 1 --timer_s 60 --watch 1 --substeps 1 --hub_conns 0 --udp 1,[단독자원 udp·ext_unix] ok — 이 라인의 자원은 해당 옵션에서 무해
S133one_udp.tcp___init,S,init,tcp_est,none,none,0,none,resume,--db_mib 8 --index_mib 12 --parse_iters 120000 --refresh_ms 500 --refresh_kib 256 --timer 1 --timer_s 60 --watch 1 --substeps 1 --hub_conns 0 --udp 1,[단독자원 udp·tcp_est] ok — 이 라인의 자원은 해당 옵션에서 무해
S133one_udp.tcp___db_open,S,db_open,tcp_est,none,none,0,none,resume,--db_mib 8 --index_mib 12 --parse_iters 120000 --refresh_ms 500 --refresh_kib 256 --timer 1 --timer_s 60 --watch 1 --substeps 1 --hub_conns 0 --udp 1,[단독자원 udp·tcp_est] ok — 이 라인의 자원은 해당 옵션에서 무해
S133one_udp.tcp___udp_open,S,udp_open,tcp_est,none,none,0,none,resume,--db_mib 8 --index_mib 12 --parse_iters 120000 --refresh_ms 500 --refresh_kib 256 --timer 1 --timer_s 60 --watch 1 --substeps 1 --hub_conns 0 --udp 1,[단독자원 udp·tcp_est] ok — 이 라인의 자원은 해당 옵션에서 무해
S133one_udp.tcp___epg_index,S,epg_index,tcp_est,none,none,0,none,resume,--db_mib 8 --index_mib 12 --parse_iters 120000 --refresh_ms 500 --refresh_kib 256 --timer 1 --timer_s 60 --watch 1 --substeps 1 --hub_conns 0 --udp 1,[단독자원 udp·tcp_est] ok — 이 라인의 자원은 해당 옵션에서 무해
S133one_udp.tcp___ready,S,ready,tcp_est,none,none,0,none,"pong,stat",--db_mib 8 --index_mib 12 --parse_iters 120000 --refresh_ms 500 --refresh_kib 256 --timer 1 --timer_s 60 --watch 1 --substeps 1 --hub_conns 0 --udp 1,[단독자원 udp·tcp_est] ok — 이 라인의 자원은 해당 옵션에서 무해
S133one_udp.tcp___steady,S,steady,tcp_est,none,none,0,none,"pong,stat",--db_mib 8 --index_mib 12 --parse_iters 120000 --refresh_ms 500 --refresh_kib 256 --timer 1 --timer_s 60 --watch 1 --substeps 1 --hub_conns 0 --udp 1,[단독자원 udp·tcp_est] ok — 이 라인의 자원은 해당 옵션에서 무해
S134one_udp.file__init,S,init,filelocks,none,none,0,none,resume,--db_mib 8 --index_mib 12 --parse_iters 120000 --refresh_ms 500 --refresh_kib 256 --timer 1 --timer_s 60 --watch 1 --substeps 1 --hub_conns 0 --udp 1,[단독자원 udp·filelocks] ok — 이 라인의 자원은 해당 옵션에서 무해
S134one_udp.file__db_open,S,db_open,filelocks,none,none,0,none,resume,--db_mib 8 --index_mib 12 --parse_iters 120000 --refresh_ms 500 --refresh_kib 256 --timer 1 --timer_s 60 --watch 1 --substeps 1 --hub_conns 0 --udp 1,[단독자원 udp·filelocks] ok — 이 라인의 자원은 해당 옵션에서 무해
S134one_udp.file__udp_open,S,udp_open,filelocks,none,none,0,none,resume,--db_mib 8 --index_mib 12 --parse_iters 120000 --refresh_ms 500 --refresh_kib 256 --timer 1 --timer_s 60 --watch 1 --substeps 1 --hub_conns 0 --udp 1,[단독자원 udp·filelocks] ok — 이 라인의 자원은 해당 옵션에서 무해
S134one_udp.file__epg_index,S,epg_index,filelocks,none,none,0,none,resume,--db_mib 8 --index_mib 12 --parse_iters 120000 --refresh_ms 500 --refresh_kib 256 --timer 1 --timer_s 60 --watch 1 --substeps 1 --hub_conns 0 --udp 1,[단독자원 udp·filelocks] ok — 이 라인의 자원은 해당 옵션에서 무해
S134one_udp.file__ready,S,ready,filelocks,none,none,0,none,"pong,stat",--db_mib 8 --index_mib 12 --parse_iters 120000 --refresh_ms 500 --refresh_kib 256 --timer 1 --timer_s 60 --watch 1 --substeps 1 --hub_conns 0 --udp 1,[단독자원 udp·filelocks] ok — 이 라인의 자원은 해당 옵션에서 무해
S134one_udp.file__steady,S,steady,filelocks,none,none,0,none,"pong,stat",--db_mib 8 --index_mib 12 --parse_iters 120000 --refresh_ms 500 --refresh_kib 256 --timer 1 --timer_s 60 --watch 1 --substeps 1 --hub_conns 0 --udp 1,[단독자원 udp·filelocks] ok — 이 라인의 자원은 해당 옵션에서 무해
S135one_udp.perm__init,S,init,permissive,none,none,0,none,resume,--db_mib 8 --index_mib 12 --parse_iters 120000 --refresh_ms 500 --refresh_kib 256 --timer 1 --timer_s 60 --watch 1 --substeps 1 --hub_conns 0 --udp 1,[단독자원 udp·permissive] ok — 이 라인의 자원은 해당 옵션에서 무해
S135one_udp.perm__db_open,S,db_open,permissive,none,none,0,none,resume,--db_mib 8 --index_mib 12 --parse_iters 120000 --refresh_ms 500 --refresh_kib 256 --timer 1 --timer_s 60 --watch 1 --substeps 1 --hub_conns 0 --udp 1,[단독자원 udp·permissive] ok — 이 라인의 자원은 해당 옵션에서 무해
S135one_udp.perm__udp_open,S,udp_open,permissive,none,none,0,none,resume,--db_mib 8 --index_mib 12 --parse_iters 120000 --refresh_ms 500 --refresh_kib 256 --timer 1 --timer_s 60 --watch 1 --substeps 1 --hub_conns 0 --udp 1,[단독자원 udp·permissive] ok — 이 라인의 자원은 해당 옵션에서 무해
S135one_udp.perm__epg_index,S,epg_index,permissive,none,none,0,none,resume,--db_mib 8 --index_mib 12 --parse_iters 120000 --refresh_ms 500 --refresh_kib 256 --timer 1 --timer_s 60 --watch 1 --substeps 1 --hub_conns 0 --udp 1,[단독자원 udp·permissive] ok — 이 라인의 자원은 해당 옵션에서 무해
S135one_udp.perm__ready,S,ready,permissive,none,none,0,none,"pong,stat",--db_mib 8 --index_mib 12 --parse_iters 120000 --refresh_ms 500 --refresh_kib 256 --timer 1 --timer_s 60 --watch 1 --substeps 1 --hub_conns 0 --udp 1,[단독자원 udp·permissive] ok — 이 라인의 자원은 해당 옵션에서 무해
S135one_udp.perm__steady,S,steady,permissive,none,none,0,none,"pong,stat",--db_mib 8 --index_mib 12 --parse_iters 120000 --refresh_ms 500 --refresh_kib 256 --timer 1 --timer_s 60 --watch 1 --substeps 1 --hub_conns 0 --udp 1,[단독자원 udp·permissive] ok — 이 라인의 자원은 해당 옵션에서 무해
S136one_netlink.stri__init,S,init,strict,none,none,0,none,resume,--db_mib 8 --index_mib 12 --parse_iters 120000 --refresh_ms 500 --refresh_kib 256 --timer 1 --timer_s 60 --watch 1 --substeps 1 --hub_conns 0 --netlink 1,[단독자원 netlink·strict] ok — 이 라인의 자원은 해당 옵션에서 무해
S136one_netlink.stri__db_open,S,db_open,strict,none,none,0,none,resume,--db_mib 8 --index_mib 12 --parse_iters 120000 --refresh_ms 500 --refresh_kib 256 --timer 1 --timer_s 60 --watch 1 --substeps 1 --hub_conns 0 --netlink 1,[단독자원 netlink·strict] ok — 이 라인의 자원은 해당 옵션에서 무해
S136one_netlink.stri__netlink_open,S,netlink_open,strict,none,none,0,none,resume,--db_mib 8 --index_mib 12 --parse_iters 120000 --refresh_ms 500 --refresh_kib 256 --timer 1 --timer_s 60 --watch 1 --substeps 1 --hub_conns 0 --netlink 1,[단독자원 netlink·strict] ok — 이 라인의 자원은 해당 옵션에서 무해
S136one_netlink.stri__epg_index,S,epg_index,strict,none,none,0,none,resume,--db_mib 8 --index_mib 12 --parse_iters 120000 --refresh_ms 500 --refresh_kib 256 --timer 1 --timer_s 60 --watch 1 --substeps 1 --hub_conns 0 --netlink 1,[단독자원 netlink·strict] ok — 이 라인의 자원은 해당 옵션에서 무해
S136one_netlink.stri__ready,S,ready,strict,none,none,0,none,"pong,stat",--db_mib 8 --index_mib 12 --parse_iters 120000 --refresh_ms 500 --refresh_kib 256 --timer 1 --timer_s 60 --watch 1 --substeps 1 --hub_conns 0 --netlink 1,[단독자원 netlink·strict] ok — 이 라인의 자원은 해당 옵션에서 무해
S136one_netlink.stri__steady,S,steady,strict,none,none,0,none,"pong,stat",--db_mib 8 --index_mib 12 --parse_iters 120000 --refresh_ms 500 --refresh_kib 256 --timer 1 --timer_s 60 --watch 1 --substeps 1 --hub_conns 0 --netlink 1,[단독자원 netlink·strict] ok — 이 라인의 자원은 해당 옵션에서 무해
S137one_netlink.ext___init,S,init,ext_unix,none,none,0,none,resume,--db_mib 8 --index_mib 12 --parse_iters 120000 --refresh_ms 500 --refresh_kib 256 --timer 1 --timer_s 60 --watch 1 --substeps 1 --hub_conns 0 --netlink 1,[단독자원 netlink·ext_unix] ok — 이 라인의 자원은 해당 옵션에서 무해
S137one_netlink.ext___db_open,S,db_open,ext_unix,none,none,0,none,resume,--db_mib 8 --index_mib 12 --parse_iters 120000 --refresh_ms 500 --refresh_kib 256 --timer 1 --timer_s 60 --watch 1 --substeps 1 --hub_conns 0 --netlink 1,[단독자원 netlink·ext_unix] ok — 이 라인의 자원은 해당 옵션에서 무해
S137one_netlink.ext___netlink_open,S,netlink_open,ext_unix,none,none,0,none,resume,--db_mib 8 --index_mib 12 --parse_iters 120000 --refresh_ms 500 --refresh_kib 256 --timer 1 --timer_s 60 --watch 1 --substeps 1 --hub_conns 0 --netlink 1,[단독자원 netlink·ext_unix] ok — 이 라인의 자원은 해당 옵션에서 무해
S137one_netlink.ext___epg_index,S,epg_index,ext_unix,none,none,0,none,resume,--db_mib 8 --index_mib 12 --parse_iters 120000 --refresh_ms 500 --refresh_kib 256 --timer 1 --timer_s 60 --watch 1 --substeps 1 --hub_conns 0 --netlink 1,[단독자원 netlink·ext_unix] ok — 이 라인의 자원은 해당 옵션에서 무해
S137one_netlink.ext___ready,S,ready,ext_unix,none,none,0,none,"pong,stat",--db_mib 8 --index_mib 12 --parse_iters 120000 --refresh_ms 500 --refresh_kib 256 --timer 1 --timer_s 60 --watch 1 --substeps 1 --hub_conns 0 --netlink 1,[단독자원 netlink·ext_unix] ok — 이 라인의 자원은 해당 옵션에서 무해
S137one_netlink.ext___steady,S,steady,ext_unix,none,none,0,none,"pong,stat",--db_mib 8 --index_mib 12 --parse_iters 120000 --refresh_ms 500 --refresh_kib 256 --timer 1 --timer_s 60 --watch 1 --substeps 1 --hub_conns 0 --netlink 1,[단독자원 netlink·ext_unix] ok — 이 라인의 자원은 해당 옵션에서 무해
S138one_netlink.tcp___init,S,init,tcp_est,none,none,0,none,resume,--db_mib 8 --index_mib 12 --parse_iters 120000 --refresh_ms 500 --refresh_kib 256 --timer 1 --timer_s 60 --watch 1 --substeps 1 --hub_conns 0 --netlink 1,[단독자원 netlink·tcp_est] ok — 이 라인의 자원은 해당 옵션에서 무해
S138one_netlink.tcp___db_open,S,db_open,tcp_est,none,none,0,none,resume,--db_mib 8 --index_mib 12 --parse_iters 120000 --refresh_ms 500 --refresh_kib 256 --timer 1 --timer_s 60 --watch 1 --substeps 1 --hub_conns 0 --netlink 1,[단독자원 netlink·tcp_est] ok — 이 라인의 자원은 해당 옵션에서 무해
S138one_netlink.tcp___netlink_open,S,netlink_open,tcp_est,none,none,0,none,resume,--db_mib 8 --index_mib 12 --parse_iters 120000 --refresh_ms 500 --refresh_kib 256 --timer 1 --timer_s 60 --watch 1 --substeps 1 --hub_conns 0 --netlink 1,[단독자원 netlink·tcp_est] ok — 이 라인의 자원은 해당 옵션에서 무해
S138one_netlink.tcp___epg_index,S,epg_index,tcp_est,none,none,0,none,resume,--db_mib 8 --index_mib 12 --parse_iters 120000 --refresh_ms 500 --refresh_kib 256 --timer 1 --timer_s 60 --watch 1 --substeps 1 --hub_conns 0 --netlink 1,[단독자원 netlink·tcp_est] ok — 이 라인의 자원은 해당 옵션에서 무해
S138one_netlink.tcp___ready,S,ready,tcp_est,none,none,0,none,"pong,stat",--db_mib 8 --index_mib 12 --parse_iters 120000 --refresh_ms 500 --refresh_kib 256 --timer 1 --timer_s 60 --watch 1 --substeps 1 --hub_conns 0 --netlink 1,[단독자원 netlink·tcp_est] ok — 이 라인의 자원은 해당 옵션에서 무해
S138one_netlink.tcp___steady,S,steady,tcp_est,none,none,0,none,"pong,stat",--db_mib 8 --index_mib 12 --parse_iters 120000 --refresh_ms 500 --refresh_kib 256 --timer 1 --timer_s 60 --watch 1 --substeps 1 --hub_conns 0 --netlink 1,[단독자원 netlink·tcp_est] ok — 이 라인의 자원은 해당 옵션에서 무해
S139one_netlink.file__init,S,init,filelocks,none,none,0,none,resume,--db_mib 8 --index_mib 12 --parse_iters 120000 --refresh_ms 500 --refresh_kib 256 --timer 1 --timer_s 60 --watch 1 --substeps 1 --hub_conns 0 --netlink 1,[단독자원 netlink·filelocks] ok — 이 라인의 자원은 해당 옵션에서 무해
S139one_netlink.file__db_open,S,db_open,filelocks,none,none,0,none,resume,--db_mib 8 --index_mib 12 --parse_iters 120000 --refresh_ms 500 --refresh_kib 256 --timer 1 --timer_s 60 --watch 1 --substeps 1 --hub_conns 0 --netlink 1,[단독자원 netlink·filelocks] ok — 이 라인의 자원은 해당 옵션에서 무해
S139one_netlink.file__netlink_open,S,netlink_open,filelocks,none,none,0,none,resume,--db_mib 8 --index_mib 12 --parse_iters 120000 --refresh_ms 500 --refresh_kib 256 --timer 1 --timer_s 60 --watch 1 --substeps 1 --hub_conns 0 --netlink 1,[단독자원 netlink·filelocks] ok — 이 라인의 자원은 해당 옵션에서 무해
S139one_netlink.file__epg_index,S,epg_index,filelocks,none,none,0,none,resume,--db_mib 8 --index_mib 12 --parse_iters 120000 --refresh_ms 500 --refresh_kib 256 --timer 1 --timer_s 60 --watch 1 --substeps 1 --hub_conns 0 --netlink 1,[단독자원 netlink·filelocks] ok — 이 라인의 자원은 해당 옵션에서 무해
S139one_netlink.file__ready,S,ready,filelocks,none,none,0,none,"pong,stat",--db_mib 8 --index_mib 12 --parse_iters 120000 --refresh_ms 500 --refresh_kib 256 --timer 1 --timer_s 60 --watch 1 --substeps 1 --hub_conns 0 --netlink 1,[단독자원 netlink·filelocks] ok — 이 라인의 자원은 해당 옵션에서 무해
S139one_netlink.file__steady,S,steady,filelocks,none,none,0,none,"pong,stat",--db_mib 8 --index_mib 12 --parse_iters 120000 --refresh_ms 500 --refresh_kib 256 --timer 1 --timer_s 60 --watch 1 --substeps 1 --hub_conns 0 --netlink 1,[단독자원 netlink·filelocks] ok — 이 라인의 자원은 해당 옵션에서 무해
S140one_netlink.perm__init,S,init,permissive,none,none,0,none,resume,--db_mib 8 --index_mib 12 --parse_iters 120000 --refresh_ms 500 --refresh_kib 256 --timer 1 --timer_s 60 --watch 1 --substeps 1 --hub_conns 0 --netlink 1,[단독자원 netlink·permissive] ok — 이 라인의 자원은 해당 옵션에서 무해
S140one_netlink.perm__db_open,S,db_open,permissive,none,none,0,none,resume,--db_mib 8 --index_mib 12 --parse_iters 120000 --refresh_ms 500 --refresh_kib 256 --timer 1 --timer_s 60 --watch 1 --substeps 1 --hub_conns 0 --netlink 1,[단독자원 netlink·permissive] ok — 이 라인의 자원은 해당 옵션에서 무해
S140one_netlink.perm__netlink_open,S,netlink_open,permissive,none,none,0,none,resume,--db_mib 8 --index_mib 12 --parse_iters 120000 --refresh_ms 500 --refresh_kib 256 --timer 1 --timer_s 60 --watch 1 --substeps 1 --hub_conns 0 --netlink 1,[단독자원 netlink·permissive] ok — 이 라인의 자원은 해당 옵션에서 무해
S140one_netlink.perm__epg_index,S,epg_index,permissive,none,none,0,none,resume,--db_mib 8 --index_mib 12 --parse_iters 120000 --refresh_ms 500 --refresh_kib 256 --timer 1 --timer_s 60 --watch 1 --substeps 1 --hub_conns 0 --netlink 1,[단독자원 netlink·permissive] ok — 이 라인의 자원은 해당 옵션에서 무해
S140one_netlink.perm__ready,S,ready,permissive,none,none,0,none,"pong,stat",--db_mib 8 --index_mib 12 --parse_iters 120000 --refresh_ms 500 --refresh_kib 256 --timer 1 --timer_s 60 --watch 1 --substeps 1 --hub_conns 0 --netlink 1,[단독자원 netlink·permissive] ok — 이 라인의 자원은 해당 옵션에서 무해
S140one_netlink.perm__steady,S,steady,permissive,none,none,0,none,"pong,stat",--db_mib 8 --index_mib 12 --parse_iters 120000 --refresh_ms 500 --refresh_kib 256 --timer 1 --timer_s 60 --watch 1 --substeps 1 --hub_conns 0 --netlink 1,[단독자원 netlink·permissive] ok — 이 라인의 자원은 해당 옵션에서 무해
S141rescue__hub_conn1,S,hub_conn1,permissive,bye,none,0,normal,resume,--db_mib 8 --index_mib 12 --parse_iters 120000 --refresh_ms 500 --refresh_kib 256 --timer 1 --timer_s 60 --watch 1 --substeps 1 --hub_conns 4 --hub_pending 8 --tcp reqresp --threads 4 --selfpipe 1 --eventfd 1 --db_lock flock --shm_mib 4 --log_dgram 1 --render 1 --workdir 1 --child 1 --zombie 1 --sigpend 1 --urandom 1 --tmpunlink 1 --epoll 1 --udp 1 --netlink 1 --unix_listen 1 --mmap_db 1,[처방(연결해제)] ok — 처방이 외부연결을 해제했으므로 이 라인도 통과 (전 라인 생존이 처방의 증명)
S141rescue__hub_conn2,S,hub_conn2,permissive,bye,none,0,normal,resume,--db_mib 8 --index_mib 12 --parse_iters 120000 --refresh_ms 500 --refresh_kib 256 --timer 1 --timer_s 60 --watch 1 --substeps 1 --hub_conns 4 --hub_pending 8 --tcp reqresp --threads 4 --selfpipe 1 --eventfd 1 --db_lock flock --shm_mib 4 --log_dgram 1 --render 1 --workdir 1 --child 1 --zombie 1 --sigpend 1 --urandom 1 --tmpunlink 1 --epoll 1 --udp 1 --netlink 1 --unix_listen 1 --mmap_db 1,[처방(연결해제)] ok — 처방이 외부연결을 해제했으므로 이 라인도 통과 (전 라인 생존이 처방의 증명)
S141rescue__hub_conn3,S,hub_conn3,permissive,bye,none,0,normal,resume,--db_mib 8 --index_mib 12 --parse_iters 120000 --refresh_ms 500 --refresh_kib 256 --timer 1 --timer_s 60 --watch 1 --substeps 1 --hub_conns 4 --hub_pending 8 --tcp reqresp --threads 4 --selfpipe 1 --eventfd 1 --db_lock flock --shm_mib 4 --log_dgram 1 --render 1 --workdir 1 --child 1 --zombie 1 --sigpend 1 --urandom 1 --tmpunlink 1 --epoll 1 --udp 1 --netlink 1 --unix_listen 1 --mmap_db 1,[처방(연결해제)] ok — 처방이 외부연결을 해제했으므로 이 라인도 통과 (전 라인 생존이 처방의 증명)
S141rescue__hub_conn4,S,hub_conn4,permissive,bye,none,0,normal,resume,--db_mib 8 --index_mib 12 --parse_iters 120000 --refresh_ms 500 --refresh_kib 256 --timer 1 --timer_s 60 --watch 1 --substeps 1 --hub_conns 4 --hub_pending 8 --tcp reqresp --threads 4 --selfpipe 1 --eventfd 1 --db_lock flock --shm_mib 4 --log_dgram 1 --render 1 --workdir 1 --child 1 --zombie 1 --sigpend 1 --urandom 1 --tmpunlink 1 --epoll 1 --udp 1 --netlink 1 --unix_listen 1 --mmap_db 1,[처방(연결해제)] ok — 처방이 외부연결을 해제했으므로 이 라인도 통과 (전 라인 생존이 처방의 증명)
S141rescue__hub_subscribed,S,hub_subscribed,permissive,bye,none,0,normal,resume,--db_mib 8 --index_mib 12 --parse_iters 120000 --refresh_ms 500 --refresh_kib 256 --timer 1 --timer_s 60 --watch 1 --substeps 1 --hub_conns 4 --hub_pending 8 --tcp reqresp --threads 4 --selfpipe 1 --eventfd 1 --db_lock flock --shm_mib 4 --log_dgram 1 --render 1 --workdir 1 --child 1 --zombie 1 --sigpend 1 --urandom 1 --tmpunlink 1 --epoll 1 --udp 1 --netlink 1 --unix_listen 1 --mmap_db 1,[처방(연결해제)] ok — 처방이 외부연결을 해제했으므로 이 라인도 통과 (전 라인 생존이 처방의 증명)
S141rescue__render_conn,S,render_conn,permissive,bye,none,0,normal,resume,--db_mib 8 --index_mib 12 --parse_iters 120000 --refresh_ms 500 --refresh_kib 256 --timer 1 --timer_s 60 --watch 1 --substeps 1 --hub_conns 4 --hub_pending 8 --tcp reqresp --threads 4 --selfpipe 1 --eventfd 1 --db_lock flock --shm_mib 4 --log_dgram 1 --render 1 --workdir 1 --child 1 --zombie 1 --sigpend 1 --urandom 1 --tmpunlink 1 --epoll 1 --udp 1 --netlink 1 --unix_listen 1 --mmap_db 1,[처방(연결해제)] ok — 처방이 외부연결을 해제했으므로 이 라인도 통과 (전 라인 생존이 처방의 증명)
S141rescue__tcp_conn,S,tcp_conn,permissive,bye,none,0,normal,resume,--db_mib 8 --index_mib 12 --parse_iters 120000 --refresh_ms 500 --refresh_kib 256 --timer 1 --timer_s 60 --watch 1 --substeps 1 --hub_conns 4 --hub_pending 8 --tcp reqresp --threads 4 --selfpipe 1 --eventfd 1 --db_lock flock --shm_mib 4 --log_dgram 1 --render 1 --workdir 1 --child 1 --zombie 1 --sigpend 1 --urandom 1 --tmpunlink 1 --epoll 1 --udp 1 --netlink 1 --unix_listen 1 --mmap_db 1,[처방(연결해제)] ok — 처방이 외부연결을 해제했으므로 이 라인도 통과 (전 라인 생존이 처방의 증명)
S141rescue__epoll_open,S,epoll_open,permissive,bye,none,0,normal,resume,--db_mib 8 --index_mib 12 --parse_iters 120000 --refresh_ms 500 --refresh_kib 256 --timer 1 --timer_s 60 --watch 1 --substeps 1 --hub_conns 4 --hub_pending 8 --tcp reqresp --threads 4 --selfpipe 1 --eventfd 1 --db_lock flock --shm_mib 4 --log_dgram 1 --render 1 --workdir 1 --child 1 --zombie 1 --sigpend 1 --urandom 1 --tmpunlink 1 --epoll 1 --udp 1 --netlink 1 --unix_listen 1 --mmap_db 1,[처방(연결해제)] ok — 처방이 외부연결을 해제했으므로 이 라인도 통과 (전 라인 생존이 처방의 증명)
S141rescue__svc_listen,S,svc_listen,permissive,bye,none,0,normal,resume,--db_mib 8 --index_mib 12 --parse_iters 120000 --refresh_ms 500 --refresh_kib 256 --timer 1 --timer_s 60 --watch 1 --substeps 1 --hub_conns 4 --hub_pending 8 --tcp reqresp --threads 4 --selfpipe 1 --eventfd 1 --db_lock flock --shm_mib 4 --log_dgram 1 --render 1 --workdir 1 --child 1 --zombie 1 --sigpend 1 --urandom 1 --tmpunlink 1 --epoll 1 --udp 1 --netlink 1 --unix_listen 1 --mmap_db 1,[처방(연결해제)] ok — 처방이 외부연결을 해제했으므로 이 라인도 통과 (전 라인 생존이 처방의 증명)
S141rescue__udp_open,S,udp_open,permissive,bye,none,0,normal,resume,--db_mib 8 --index_mib 12 --parse_iters 120000 --refresh_ms 500 --refresh_kib 256 --timer 1 --timer_s 60 --watch 1 --substeps 1 --hub_conns 4 --hub_pending 8 --tcp reqresp --threads 4 --selfpipe 1 --eventfd 1 --db_lock flock --shm_mib 4 --log_dgram 1 --render 1 --workdir 1 --child 1 --zombie 1 --sigpend 1 --urandom 1 --tmpunlink 1 --epoll 1 --udp 1 --netlink 1 --unix_listen 1 --mmap_db 1,[처방(연결해제)] ok — 처방이 외부연결을 해제했으므로 이 라인도 통과 (전 라인 생존이 처방의 증명)
S141rescue__netlink_open,S,netlink_open,permissive,bye,none,0,normal,resume,--db_mib 8 --index_mib 12 --parse_iters 120000 --refresh_ms 500 --refresh_kib 256 --timer 1 --timer_s 60 --watch 1 --substeps 1 --hub_conns 4 --hub_pending 8 --tcp reqresp --threads 4 --selfpipe 1 --eventfd 1 --db_lock flock --shm_mib 4 --log_dgram 1 --render 1 --workdir 1 --child 1 --zombie 1 --sigpend 1 --urandom 1 --tmpunlink 1 --epoll 1 --udp 1 --netlink 1 --unix_listen 1 --mmap_db 1,[처방(연결해제)] ok — 처방이 외부연결을 해제했으므로 이 라인도 통과 (전 라인 생존이 처방의 증명)
S141rescue__timer_armed,S,timer_armed,permissive,bye,none,0,normal,resume,--db_mib 8 --index_mib 12 --parse_iters 120000 --refresh_ms 500 --refresh_kib 256 --timer 1 --timer_s 60 --watch 1 --substeps 1 --hub_conns 4 --hub_pending 8 --tcp reqresp --threads 4 --selfpipe 1 --eventfd 1 --db_lock flock --shm_mib 4 --log_dgram 1 --render 1 --workdir 1 --child 1 --zombie 1 --sigpend 1 --urandom 1 --tmpunlink 1 --epoll 1 --udp 1 --netlink 1 --unix_listen 1 --mmap_db 1,[처방(연결해제)] ok — 처방이 외부연결을 해제했으므로 이 라인도 통과 (전 라인 생존이 처방의 증명)
S141rescue__db_watch,S,db_watch,permissive,bye,none,0,normal,resume,--db_mib 8 --index_mib 12 --parse_iters 120000 --refresh_ms 500 --refresh_kib 256 --timer 1 --timer_s 60 --watch 1 --substeps 1 --hub_conns 4 --hub_pending 8 --tcp reqresp --threads 4 --selfpipe 1 --eventfd 1 --db_lock flock --shm_mib 4 --log_dgram 1 --render 1 --workdir 1 --child 1 --zombie 1 --sigpend 1 --urandom 1 --tmpunlink 1 --epoll 1 --udp 1 --netlink 1 --unix_listen 1 --mmap_db 1,[처방(연결해제)] ok — 처방이 외부연결을 해제했으므로 이 라인도 통과 (전 라인 생존이 처방의 증명)
S141rescue__db_mmap,S,db_mmap,permissive,bye,none,0,normal,resume,--db_mib 8 --index_mib 12 --parse_iters 120000 --refresh_ms 500 --refresh_kib 256 --timer 1 --timer_s 60 --watch 1 --substeps 1 --hub_conns 4 --hub_pending 8 --tcp reqresp --threads 4 --selfpipe 1 --eventfd 1 --db_lock flock --shm_mib 4 --log_dgram 1 --render 1 --workdir 1 --child 1 --zombie 1 --sigpend 1 --urandom 1 --tmpunlink 1 --epoll 1 --udp 1 --netlink 1 --unix_listen 1 --mmap_db 1,[처방(연결해제)] ok — 처방이 외부연결을 해제했으므로 이 라인도 통과 (전 라인 생존이 처방의 증명)
S141rescue__ready,S,ready,permissive,bye,none,0,normal,"pong,stat",--db_mib 8 --index_mib 12 --parse_iters 120000 --refresh_ms 500 --refresh_kib 256 --timer 1 --timer_s 60 --watch 1 --substeps 1 --hub_conns 4 --hub_pending 8 --tcp reqresp --threads 4 --selfpipe 1 --eventfd 1 --db_lock flock --shm_mib 4 --log_dgram 1 --render 1 --workdir 1 --child 1 --zombie 1 --sigpend 1 --urandom 1 --tmpunlink 1 --epoll 1 --udp 1 --netlink 1 --unix_listen 1 --mmap_db 1,[처방(연결해제)] ok — 처방이 외부연결을 해제했으므로 이 라인도 통과 (전 라인 생존이 처방의 증명)
S141rescue__steady,S,steady,permissive,bye,none,0,normal,"pong,stat",--db_mib 8 --index_mib 12 --parse_iters 120000 --refresh_ms 500 --refresh_kib 256 --timer 1 --timer_s 60 --watch 1 --substeps 1 --hub_conns 4 --hub_pending 8 --tcp reqresp --threads 4 --selfpipe 1 --eventfd 1 --db_lock flock --shm_mib 4 --log_dgram 1 --render 1 --workdir 1 --child 1 --zombie 1 --sigpend 1 --urandom 1 --tmpunlink 1 --epoll 1 --udp 1 --netlink 1 --unix_listen 1 --mmap_db 1,[처방(연결해제)] ok — 처방이 외부연결을 해제했으므로 이 라인도 통과 (전 라인 생존이 처방의 증명)
S142rescue_tcp__hub_conn1,S,hub_conn1,tcp_est,bye,none,0,normal,resume,--db_mib 8 --index_mib 12 --parse_iters 120000 --refresh_ms 500 --refresh_kib 256 --timer 1 --timer_s 60 --watch 1 --substeps 1 --hub_conns 4 --hub_pending 8 --tcp reqresp,[처방+TCP만] ok — 처방이 외부연결을 해제했으므로 이 라인도 통과 (전 라인 생존이 처방의 증명)
S142rescue_tcp__hub_conn2,S,hub_conn2,tcp_est,bye,none,0,normal,resume,--db_mib 8 --index_mib 12 --parse_iters 120000 --refresh_ms 500 --refresh_kib 256 --timer 1 --timer_s 60 --watch 1 --substeps 1 --hub_conns 4 --hub_pending 8 --tcp reqresp,[처방+TCP만] ok — 처방이 외부연결을 해제했으므로 이 라인도 통과 (전 라인 생존이 처방의 증명)
S142rescue_tcp__hub_conn3,S,hub_conn3,tcp_est,bye,none,0,normal,resume,--db_mib 8 --index_mib 12 --parse_iters 120000 --refresh_ms 500 --refresh_kib 256 --timer 1 --timer_s 60 --watch 1 --substeps 1 --hub_conns 4 --hub_pending 8 --tcp reqresp,[처방+TCP만] ok — 처방이 외부연결을 해제했으므로 이 라인도 통과 (전 라인 생존이 처방의 증명)
S142rescue_tcp__hub_conn4,S,hub_conn4,tcp_est,bye,none,0,normal,resume,--db_mib 8 --index_mib 12 --parse_iters 120000 --refresh_ms 500 --refresh_kib 256 --timer 1 --timer_s 60 --watch 1 --substeps 1 --hub_conns 4 --hub_pending 8 --tcp reqresp,[처방+TCP만] ok — 처방이 외부연결을 해제했으므로 이 라인도 통과 (전 라인 생존이 처방의 증명)
S142rescue_tcp__hub_subscribed,S,hub_subscribed,tcp_est,bye,none,0,normal,resume,--db_mib 8 --index_mib 12 --parse_iters 120000 --refresh_ms 500 --refresh_kib 256 --timer 1 --timer_s 60 --watch 1 --substeps 1 --hub_conns 4 --hub_pending 8 --tcp reqresp,[처방+TCP만] ok — 처방이 외부연결을 해제했으므로 이 라인도 통과 (전 라인 생존이 처방의 증명)
S142rescue_tcp__tcp_conn,S,tcp_conn,tcp_est,bye,none,0,normal,resume,--db_mib 8 --index_mib 12 --parse_iters 120000 --refresh_ms 500 --refresh_kib 256 --timer 1 --timer_s 60 --watch 1 --substeps 1 --hub_conns 4 --hub_pending 8 --tcp reqresp,[처방+TCP만] ok — 처방이 외부연결을 해제했으므로 이 라인도 통과 (전 라인 생존이 처방의 증명)
S142rescue_tcp__timer_armed,S,timer_armed,tcp_est,bye,none,0,normal,resume,--db_mib 8 --index_mib 12 --parse_iters 120000 --refresh_ms 500 --refresh_kib 256 --timer 1 --timer_s 60 --watch 1 --substeps 1 --hub_conns 4 --hub_pending 8 --tcp reqresp,[처방+TCP만] ok — 처방이 외부연결을 해제했으므로 이 라인도 통과 (전 라인 생존이 처방의 증명)
S142rescue_tcp__db_watch,S,db_watch,tcp_est,bye,none,0,normal,resume,--db_mib 8 --index_mib 12 --parse_iters 120000 --refresh_ms 500 --refresh_kib 256 --timer 1 --timer_s 60 --watch 1 --substeps 1 --hub_conns 4 --hub_pending 8 --tcp reqresp,[처방+TCP만] ok — 처방이 외부연결을 해제했으므로 이 라인도 통과 (전 라인 생존이 처방의 증명)
S142rescue_tcp__ready,S,ready,tcp_est,bye,none,0,normal,"pong,stat",--db_mib 8 --index_mib 12 --parse_iters 120000 --refresh_ms 500 --refresh_kib 256 --timer 1 --timer_s 60 --watch 1 --substeps 1 --hub_conns 4 --hub_pending 8 --tcp reqresp,[처방+TCP만] ok — 처방이 외부연결을 해제했으므로 이 라인도 통과 (전 라인 생존이 처방의 증명)
S142rescue_tcp__steady,S,steady,tcp_est,bye,none,0,normal,"pong,stat",--db_mib 8 --index_mib 12 --parse_iters 120000 --refresh_ms 500 --refresh_kib 256 --timer 1 --timer_s 60 --watch 1 --substeps 1 --hub_conns 4 --hub_pending 8 --tcp reqresp,[처방+TCP만] ok — 처방이 외부연결을 해제했으므로 이 라인도 통과 (전 라인 생존이 처방의 증명)
S143droplock__tcp_conn,S,tcp_conn,tcp_est,none,droplock_sleep2,0,normal,resume,--db_mib 8 --index_mib 12 --parse_iters 120000 --refresh_ms 500 --refresh_kib 256 --timer 1 --timer_s 60 --watch 1 --substeps 1 --hub_conns 4 --hub_pending 8 --tcp reqresp,[CRIU lock 제거] conn_dead — 복원은 성공하나 TCP만 침묵사 (rc로 안 보임)
S143droplock__timer_armed,S,timer_armed,tcp_est,none,droplock_sleep2,0,normal,resume,--db_mib 8 --index_mib 12 --parse_iters 120000 --refresh_ms 500 --refresh_kib 256 --timer 1 --timer_s 60 --watch 1 --substeps 1 --hub_conns 4 --hub_pending 8 --tcp reqresp,[CRIU lock 제거] conn_dead — 복원은 성공하나 TCP만 침묵사 (rc로 안 보임)
S143droplock__db_watch,S,db_watch,tcp_est,none,droplock_sleep2,0,normal,resume,--db_mib 8 --index_mib 12 --parse_iters 120000 --refresh_ms 500 --refresh_kib 256 --timer 1 --timer_s 60 --watch 1 --substeps 1 --hub_conns 4 --hub_pending 8 --tcp reqresp,[CRIU lock 제거] conn_dead — 복원은 성공하나 TCP만 침묵사 (rc로 안 보임)
S143droplock__ready,S,ready,tcp_est,none,droplock_sleep2,0,normal,"pong,stat",--db_mib 8 --index_mib 12 --parse_iters 120000 --refresh_ms 500 --refresh_kib 256 --timer 1 --timer_s 60 --watch 1 --substeps 1 --hub_conns 4 --hub_pending 8 --tcp reqresp,[CRIU lock 제거] conn_dead — 복원은 성공하나 TCP만 침묵사 (rc로 안 보임)
S143droplock__steady,S,steady,tcp_est,none,droplock_sleep2,0,normal,"pong,stat",--db_mib 8 --index_mib 12 --parse_iters 120000 --refresh_ms 500 --refresh_kib 256 --timer 1 --timer_s 60 --watch 1 --substeps 1 --hub_conns 4 --hub_pending 8 --tcp reqresp,[CRIU lock 제거] conn_dead — 복원은 성공하나 TCP만 침묵사 (rc로 안 보임)
S144frz15__init,S,init,strict,none,sleep15,0,none,resume,--db_mib 8 --index_mib 12 --parse_iters 120000 --refresh_ms 500 --refresh_kib 256 --timer 1 --timer_s 60 --watch 1 --substeps 1 --hub_conns 0,[15초 정지] ok — 자원 무해 구간 전체 통과
S144frz15__db_open,S,db_open,strict,none,sleep15,0,none,resume,--db_mib 8 --index_mib 12 --parse_iters 120000 --refresh_ms 500 --refresh_kib 256 --timer 1 --timer_s 60 --watch 1 --substeps 1 --hub_conns 0,[15초 정지] ok — 자원 무해 구간 전체 통과
S144frz15__db_read,S,db_read,strict,none,sleep15,0,none,resume,--db_mib 8 --index_mib 12 --parse_iters 120000 --refresh_ms 500 --refresh_kib 256 --timer 1 --timer_s 60 --watch 1 --substeps 1 --hub_conns 0,[15초 정지] ok — 자원 무해 구간 전체 통과
S144frz15__db_read_p25,S,db_read_p25,strict,none,sleep15,0,none,resume,--db_mib 8 --index_mib 12 --parse_iters 120000 --refresh_ms 500 --refresh_kib 256 --timer 1 --timer_s 60 --watch 1 --substeps 1 --hub_conns 0,[15초 정지] ok — 자원 무해 구간 전체 통과
S144frz15__db_read_p50,S,db_read_p50,strict,none,sleep15,0,none,resume,--db_mib 8 --index_mib 12 --parse_iters 120000 --refresh_ms 500 --refresh_kib 256 --timer 1 --timer_s 60 --watch 1 --substeps 1 --hub_conns 0,[15초 정지] ok — 자원 무해 구간 전체 통과
S144frz15__db_read_p75,S,db_read_p75,strict,none,sleep15,0,none,resume,--db_mib 8 --index_mib 12 --parse_iters 120000 --refresh_ms 500 --refresh_kib 256 --timer 1 --timer_s 60 --watch 1 --substeps 1 --hub_conns 0,[15초 정지] ok — 자원 무해 구간 전체 통과
S144frz15__db_parse,S,db_parse,strict,none,sleep15,0,none,resume,--db_mib 8 --index_mib 12 --parse_iters 120000 --refresh_ms 500 --refresh_kib 256 --timer 1 --timer_s 60 --watch 1 --substeps 1 --hub_conns 0,[15초 정지] ok — 자원 무해 구간 전체 통과
S144frz15__db_parse_p25,S,db_parse_p25,strict,none,sleep15,0,none,resume,--db_mib 8 --index_mib 12 --parse_iters 120000 --refresh_ms 500 --refresh_kib 256 --timer 1 --timer_s 60 --watch 1 --substeps 1 --hub_conns 0,[15초 정지] ok — 자원 무해 구간 전체 통과
S144frz15__db_parse_p50,S,db_parse_p50,strict,none,sleep15,0,none,resume,--db_mib 8 --index_mib 12 --parse_iters 120000 --refresh_ms 500 --refresh_kib 256 --timer 1 --timer_s 60 --watch 1 --substeps 1 --hub_conns 0,[15초 정지] ok — 자원 무해 구간 전체 통과
S144frz15__db_parse_p75,S,db_parse_p75,strict,none,sleep15,0,none,resume,--db_mib 8 --index_mib 12 --parse_iters 120000 --refresh_ms 500 --refresh_kib 256 --timer 1 --timer_s 60 --watch 1 --substeps 1 --hub_conns 0,[15초 정지] ok — 자원 무해 구간 전체 통과
S144frz15__epg_index,S,epg_index,strict,none,sleep15,0,none,resume,--db_mib 8 --index_mib 12 --parse_iters 120000 --refresh_ms 500 --refresh_kib 256 --timer 1 --timer_s 60 --watch 1 --substeps 1 --hub_conns 0,[15초 정지] ok — 자원 무해 구간 전체 통과
S144frz15__epg_index_p25,S,epg_index_p25,strict,none,sleep15,0,none,resume,--db_mib 8 --index_mib 12 --parse_iters 120000 --refresh_ms 500 --refresh_kib 256 --timer 1 --timer_s 60 --watch 1 --substeps 1 --hub_conns 0,[15초 정지] ok — 자원 무해 구간 전체 통과
S144frz15__epg_index_p50,S,epg_index_p50,strict,none,sleep15,0,none,resume,--db_mib 8 --index_mib 12 --parse_iters 120000 --refresh_ms 500 --refresh_kib 256 --timer 1 --timer_s 60 --watch 1 --substeps 1 --hub_conns 0,[15초 정지] ok — 자원 무해 구간 전체 통과
S144frz15__epg_index_p75,S,epg_index_p75,strict,none,sleep15,0,none,resume,--db_mib 8 --index_mib 12 --parse_iters 120000 --refresh_ms 500 --refresh_kib 256 --timer 1 --timer_s 60 --watch 1 --substeps 1 --hub_conns 0,[15초 정지] ok — 자원 무해 구간 전체 통과
S144frz15__epg_text,S,epg_text,strict,none,sleep15,0,none,resume,--db_mib 8 --index_mib 12 --parse_iters 120000 --refresh_ms 500 --refresh_kib 256 --timer 1 --timer_s 60 --watch 1 --substeps 1 --hub_conns 0,[15초 정지] ok — 자원 무해 구간 전체 통과
S144frz15__epg_reserve,S,epg_reserve,strict,none,sleep15,0,none,resume,--db_mib 8 --index_mib 12 --parse_iters 120000 --refresh_ms 500 --refresh_kib 256 --timer 1 --timer_s 60 --watch 1 --substeps 1 --hub_conns 0,[15초 정지] ok — 자원 무해 구간 전체 통과
S144frz15__timer_armed,S,timer_armed,strict,none,sleep15,0,none,resume,--db_mib 8 --index_mib 12 --parse_iters 120000 --refresh_ms 500 --refresh_kib 256 --timer 1 --timer_s 60 --watch 1 --substeps 1 --hub_conns 0,[15초 정지] ok — 자원 무해 구간 전체 통과
S144frz15__db_watch,S,db_watch,strict,none,sleep15,0,none,resume,--db_mib 8 --index_mib 12 --parse_iters 120000 --refresh_ms 500 --refresh_kib 256 --timer 1 --timer_s 60 --watch 1 --substeps 1 --hub_conns 0,[15초 정지] ok — 자원 무해 구간 전체 통과
S144frz15__ready,S,ready,strict,none,sleep15,0,none,"pong,stat",--db_mib 8 --index_mib 12 --parse_iters 120000 --refresh_ms 500 --refresh_kib 256 --timer 1 --timer_s 60 --watch 1 --substeps 1 --hub_conns 0,[15초 정지] ok — 자원 무해 구간 전체 통과
S144frz15__steady,S,steady,strict,none,sleep15,0,none,"pong,stat",--db_mib 8 --index_mib 12 --parse_iters 120000 --refresh_ms 500 --refresh_kib 256 --timer 1 --timer_s 60 --watch 1 --substeps 1 --hub_conns 0,[15초 정지] ok — 자원 무해 구간 전체 통과
S145frz45__init,S,init,strict,none,sleep45,0,none,resume,--db_mib 8 --index_mib 12 --parse_iters 120000 --refresh_ms 500 --refresh_kib 256 --timer 1 --timer_s 60 --watch 1 --substeps 1 --hub_conns 0,[45초 정지] ok — 자원 무해 구간 전체 통과
S145frz45__db_open,S,db_open,strict,none,sleep45,0,none,resume,--db_mib 8 --index_mib 12 --parse_iters 120000 --refresh_ms 500 --refresh_kib 256 --timer 1 --timer_s 60 --watch 1 --substeps 1 --hub_conns 0,[45초 정지] ok — 자원 무해 구간 전체 통과
S145frz45__db_read,S,db_read,strict,none,sleep45,0,none,resume,--db_mib 8 --index_mib 12 --parse_iters 120000 --refresh_ms 500 --refresh_kib 256 --timer 1 --timer_s 60 --watch 1 --substeps 1 --hub_conns 0,[45초 정지] ok — 자원 무해 구간 전체 통과
S145frz45__db_read_p25,S,db_read_p25,strict,none,sleep45,0,none,resume,--db_mib 8 --index_mib 12 --parse_iters 120000 --refresh_ms 500 --refresh_kib 256 --timer 1 --timer_s 60 --watch 1 --substeps 1 --hub_conns 0,[45초 정지] ok — 자원 무해 구간 전체 통과
S145frz45__db_read_p50,S,db_read_p50,strict,none,sleep45,0,none,resume,--db_mib 8 --index_mib 12 --parse_iters 120000 --refresh_ms 500 --refresh_kib 256 --timer 1 --timer_s 60 --watch 1 --substeps 1 --hub_conns 0,[45초 정지] ok — 자원 무해 구간 전체 통과
S145frz45__db_read_p75,S,db_read_p75,strict,none,sleep45,0,none,resume,--db_mib 8 --index_mib 12 --parse_iters 120000 --refresh_ms 500 --refresh_kib 256 --timer 1 --timer_s 60 --watch 1 --substeps 1 --hub_conns 0,[45초 정지] ok — 자원 무해 구간 전체 통과
S145frz45__db_parse,S,db_parse,strict,none,sleep45,0,none,resume,--db_mib 8 --index_mib 12 --parse_iters 120000 --refresh_ms 500 --refresh_kib 256 --timer 1 --timer_s 60 --watch 1 --substeps 1 --hub_conns 0,[45초 정지] ok — 자원 무해 구간 전체 통과
S145frz45__db_parse_p25,S,db_parse_p25,strict,none,sleep45,0,none,resume,--db_mib 8 --index_mib 12 --parse_iters 120000 --refresh_ms 500 --refresh_kib 256 --timer 1 --timer_s 60 --watch 1 --substeps 1 --hub_conns 0,[45초 정지] ok — 자원 무해 구간 전체 통과
S145frz45__db_parse_p50,S,db_parse_p50,strict,none,sleep45,0,none,resume,--db_mib 8 --index_mib 12 --parse_iters 120000 --refresh_ms 500 --refresh_kib 256 --timer 1 --timer_s 60 --watch 1 --substeps 1 --hub_conns 0,[45초 정지] ok — 자원 무해 구간 전체 통과
S145frz45__db_parse_p75,S,db_parse_p75,strict,none,sleep45,0,none,resume,--db_mib 8 --index_mib 12 --parse_iters 120000 --refresh_ms 500 --refresh_kib 256 --timer 1 --timer_s 60 --watch 1 --substeps 1 --hub_conns 0,[45초 정지] ok — 자원 무해 구간 전체 통과
S145frz45__epg_index,S,epg_index,strict,none,sleep45,0,none,resume,--db_mib 8 --index_mib 12 --parse_iters 120000 --refresh_ms 500 --refresh_kib 256 --timer 1 --timer_s 60 --watch 1 --substeps 1 --hub_conns 0,[45초 정지] ok — 자원 무해 구간 전체 통과
S145frz45__epg_index_p25,S,epg_index_p25,strict,none,sleep45,0,none,resume,--db_mib 8 --index_mib 12 --parse_iters 120000 --refresh_ms 500 --refresh_kib 256 --timer 1 --timer_s 60 --watch 1 --substeps 1 --hub_conns 0,[45초 정지] ok — 자원 무해 구간 전체 통과
S145frz45__epg_index_p50,S,epg_index_p50,strict,none,sleep45,0,none,resume,--db_mib 8 --index_mib 12 --parse_iters 120000 --refresh_ms 500 --refresh_kib 256 --timer 1 --timer_s 60 --watch 1 --substeps 1 --hub_conns 0,[45초 정지] ok — 자원 무해 구간 전체 통과
S145frz45__epg_index_p75,S,epg_index_p75,strict,none,sleep45,0,none,resume,--db_mib 8 --index_mib 12 --parse_iters 120000 --refresh_ms 500 --refresh_kib 256 --timer 1 --timer_s 60 --watch 1 --substeps 1 --hub_conns 0,[45초 정지] ok — 자원 무해 구간 전체 통과
S145frz45__epg_text,S,epg_text,strict,none,sleep45,0,none,resume,--db_mib 8 --index_mib 12 --parse_iters 120000 --refresh_ms 500 --refresh_kib 256 --timer 1 --timer_s 60 --watch 1 --substeps 1 --hub_conns 0,[45초 정지] ok — 자원 무해 구간 전체 통과
S145frz45__epg_reserve,S,epg_reserve,strict,none,sleep45,0,none,resume,--db_mib 8 --index_mib 12 --parse_iters 120000 --refresh_ms 500 --refresh_kib 256 --timer 1 --timer_s 60 --watch 1 --substeps 1 --hub_conns 0,[45초 정지] ok — 자원 무해 구간 전체 통과
S145frz45__timer_armed,S,timer_armed,strict,none,sleep45,0,none,resume,--db_mib 8 --index_mib 12 --parse_iters 120000 --refresh_ms 500 --refresh_kib 256 --timer 1 --timer_s 60 --watch 1 --substeps 1 --hub_conns 0,[45초 정지] ok — 자원 무해 구간 전체 통과
S145frz45__db_watch,S,db_watch,strict,none,sleep45,0,none,resume,--db_mib 8 --index_mib 12 --parse_iters 120000 --refresh_ms 500 --refresh_kib 256 --timer 1 --timer_s 60 --watch 1 --substeps 1 --hub_conns 0,[45초 정지] ok — 자원 무해 구간 전체 통과
S145frz45__ready,S,ready,strict,none,sleep45,0,none,"pong,stat",--db_mib 8 --index_mib 12 --parse_iters 120000 --refresh_ms 500 --refresh_kib 256 --timer 1 --timer_s 60 --watch 1 --substeps 1 --hub_conns 0,[45초 정지] ok — 자원 무해 구간 전체 통과
S145frz45__steady,S,steady,strict,none,sleep45,0,none,"pong,stat",--db_mib 8 --index_mib 12 --parse_iters 120000 --refresh_ms 500 --refresh_kib 256 --timer 1 --timer_s 60 --watch 1 --substeps 1 --hub_conns 0,[45초 정지] ok — 자원 무해 구간 전체 통과
S146frz45_rx__hub_conn1,S,hub_conn1,permissive,bye,sleep45,0,normal,resume,--db_mib 8 --index_mib 12 --parse_iters 120000 --refresh_ms 500 --refresh_kib 256 --timer 1 --timer_s 60 --watch 1 --substeps 1 --hub_conns 4 --hub_pending 8 --tcp reqresp --threads 4 --selfpipe 1 --eventfd 1 --db_lock flock --shm_mib 4 --log_dgram 1 --render 1 --workdir 1 --child 1 --zombie 1 --sigpend 1 --urandom 1 --tmpunlink 1 --epoll 1 --udp 1 --netlink 1 --unix_listen 1 --mmap_db 1,[45초 정지+처방] ok — 처방이 외부연결을 해제했으므로 이 라인도 통과 (전 라인 생존이 처방의 증명)
S146frz45_rx__hub_conn2,S,hub_conn2,permissive,bye,sleep45,0,normal,resume,--db_mib 8 --index_mib 12 --parse_iters 120000 --refresh_ms 500 --refresh_kib 256 --timer 1 --timer_s 60 --watch 1 --substeps 1 --hub_conns 4 --hub_pending 8 --tcp reqresp --threads 4 --selfpipe 1 --eventfd 1 --db_lock flock --shm_mib 4 --log_dgram 1 --render 1 --workdir 1 --child 1 --zombie 1 --sigpend 1 --urandom 1 --tmpunlink 1 --epoll 1 --udp 1 --netlink 1 --unix_listen 1 --mmap_db 1,[45초 정지+처방] ok — 처방이 외부연결을 해제했으므로 이 라인도 통과 (전 라인 생존이 처방의 증명)
S146frz45_rx__hub_conn3,S,hub_conn3,permissive,bye,sleep45,0,normal,resume,--db_mib 8 --index_mib 12 --parse_iters 120000 --refresh_ms 500 --refresh_kib 256 --timer 1 --timer_s 60 --watch 1 --substeps 1 --hub_conns 4 --hub_pending 8 --tcp reqresp --threads 4 --selfpipe 1 --eventfd 1 --db_lock flock --shm_mib 4 --log_dgram 1 --render 1 --workdir 1 --child 1 --zombie 1 --sigpend 1 --urandom 1 --tmpunlink 1 --epoll 1 --udp 1 --netlink 1 --unix_listen 1 --mmap_db 1,[45초 정지+처방] ok — 처방이 외부연결을 해제했으므로 이 라인도 통과 (전 라인 생존이 처방의 증명)
S146frz45_rx__hub_conn4,S,hub_conn4,permissive,bye,sleep45,0,normal,resume,--db_mib 8 --index_mib 12 --parse_iters 120000 --refresh_ms 500 --refresh_kib 256 --timer 1 --timer_s 60 --watch 1 --substeps 1 --hub_conns 4 --hub_pending 8 --tcp reqresp --threads 4 --selfpipe 1 --eventfd 1 --db_lock flock --shm_mib 4 --log_dgram 1 --render 1 --workdir 1 --child 1 --zombie 1 --sigpend 1 --urandom 1 --tmpunlink 1 --epoll 1 --udp 1 --netlink 1 --unix_listen 1 --mmap_db 1,[45초 정지+처방] ok — 처방이 외부연결을 해제했으므로 이 라인도 통과 (전 라인 생존이 처방의 증명)
S146frz45_rx__hub_subscribed,S,hub_subscribed,permissive,bye,sleep45,0,normal,resume,--db_mib 8 --index_mib 12 --parse_iters 120000 --refresh_ms 500 --refresh_kib 256 --timer 1 --timer_s 60 --watch 1 --substeps 1 --hub_conns 4 --hub_pending 8 --tcp reqresp --threads 4 --selfpipe 1 --eventfd 1 --db_lock flock --shm_mib 4 --log_dgram 1 --render 1 --workdir 1 --child 1 --zombie 1 --sigpend 1 --urandom 1 --tmpunlink 1 --epoll 1 --udp 1 --netlink 1 --unix_listen 1 --mmap_db 1,[45초 정지+처방] ok — 처방이 외부연결을 해제했으므로 이 라인도 통과 (전 라인 생존이 처방의 증명)
S146frz45_rx__render_conn,S,render_conn,permissive,bye,sleep45,0,normal,resume,--db_mib 8 --index_mib 12 --parse_iters 120000 --refresh_ms 500 --refresh_kib 256 --timer 1 --timer_s 60 --watch 1 --substeps 1 --hub_conns 4 --hub_pending 8 --tcp reqresp --threads 4 --selfpipe 1 --eventfd 1 --db_lock flock --shm_mib 4 --log_dgram 1 --render 1 --workdir 1 --child 1 --zombie 1 --sigpend 1 --urandom 1 --tmpunlink 1 --epoll 1 --udp 1 --netlink 1 --unix_listen 1 --mmap_db 1,[45초 정지+처방] ok — 처방이 외부연결을 해제했으므로 이 라인도 통과 (전 라인 생존이 처방의 증명)
S146frz45_rx__tcp_conn,S,tcp_conn,permissive,bye,sleep45,0,normal,resume,--db_mib 8 --index_mib 12 --parse_iters 120000 --refresh_ms 500 --refresh_kib 256 --timer 1 --timer_s 60 --watch 1 --substeps 1 --hub_conns 4 --hub_pending 8 --tcp reqresp --threads 4 --selfpipe 1 --eventfd 1 --db_lock flock --shm_mib 4 --log_dgram 1 --render 1 --workdir 1 --child 1 --zombie 1 --sigpend 1 --urandom 1 --tmpunlink 1 --epoll 1 --udp 1 --netlink 1 --unix_listen 1 --mmap_db 1,[45초 정지+처방] ok — 처방이 외부연결을 해제했으므로 이 라인도 통과 (전 라인 생존이 처방의 증명)
S146frz45_rx__epoll_open,S,epoll_open,permissive,bye,sleep45,0,normal,resume,--db_mib 8 --index_mib 12 --parse_iters 120000 --refresh_ms 500 --refresh_kib 256 --timer 1 --timer_s 60 --watch 1 --substeps 1 --hub_conns 4 --hub_pending 8 --tcp reqresp --threads 4 --selfpipe 1 --eventfd 1 --db_lock flock --shm_mib 4 --log_dgram 1 --render 1 --workdir 1 --child 1 --zombie 1 --sigpend 1 --urandom 1 --tmpunlink 1 --epoll 1 --udp 1 --netlink 1 --unix_listen 1 --mmap_db 1,[45초 정지+처방] ok — 처방이 외부연결을 해제했으므로 이 라인도 통과 (전 라인 생존이 처방의 증명)
S146frz45_rx__svc_listen,S,svc_listen,permissive,bye,sleep45,0,normal,resume,--db_mib 8 --index_mib 12 --parse_iters 120000 --refresh_ms 500 --refresh_kib 256 --timer 1 --timer_s 60 --watch 1 --substeps 1 --hub_conns 4 --hub_pending 8 --tcp reqresp --threads 4 --selfpipe 1 --eventfd 1 --db_lock flock --shm_mib 4 --log_dgram 1 --render 1 --workdir 1 --child 1 --zombie 1 --sigpend 1 --urandom 1 --tmpunlink 1 --epoll 1 --udp 1 --netlink 1 --unix_listen 1 --mmap_db 1,[45초 정지+처방] ok — 처방이 외부연결을 해제했으므로 이 라인도 통과 (전 라인 생존이 처방의 증명)
S146frz45_rx__udp_open,S,udp_open,permissive,bye,sleep45,0,normal,resume,--db_mib 8 --index_mib 12 --parse_iters 120000 --refresh_ms 500 --refresh_kib 256 --timer 1 --timer_s 60 --watch 1 --substeps 1 --hub_conns 4 --hub_pending 8 --tcp reqresp --threads 4 --selfpipe 1 --eventfd 1 --db_lock flock --shm_mib 4 --log_dgram 1 --render 1 --workdir 1 --child 1 --zombie 1 --sigpend 1 --urandom 1 --tmpunlink 1 --epoll 1 --udp 1 --netlink 1 --unix_listen 1 --mmap_db 1,[45초 정지+처방] ok — 처방이 외부연결을 해제했으므로 이 라인도 통과 (전 라인 생존이 처방의 증명)
S146frz45_rx__netlink_open,S,netlink_open,permissive,bye,sleep45,0,normal,resume,--db_mib 8 --index_mib 12 --parse_iters 120000 --refresh_ms 500 --refresh_kib 256 --timer 1 --timer_s 60 --watch 1 --substeps 1 --hub_conns 4 --hub_pending 8 --tcp reqresp --threads 4 --selfpipe 1 --eventfd 1 --db_lock flock --shm_mib 4 --log_dgram 1 --render 1 --workdir 1 --child 1 --zombie 1 --sigpend 1 --urandom 1 --tmpunlink 1 --epoll 1 --udp 1 --netlink 1 --unix_listen 1 --mmap_db 1,[45초 정지+처방] ok — 처방이 외부연결을 해제했으므로 이 라인도 통과 (전 라인 생존이 처방의 증명)
S146frz45_rx__timer_armed,S,timer_armed,permissive,bye,sleep45,0,normal,resume,--db_mib 8 --index_mib 12 --parse_iters 120000 --refresh_ms 500 --refresh_kib 256 --timer 1 --timer_s 60 --watch 1 --substeps 1 --hub_conns 4 --hub_pending 8 --tcp reqresp --threads 4 --selfpipe 1 --eventfd 1 --db_lock flock --shm_mib 4 --log_dgram 1 --render 1 --workdir 1 --child 1 --zombie 1 --sigpend 1 --urandom 1 --tmpunlink 1 --epoll 1 --udp 1 --netlink 1 --unix_listen 1 --mmap_db 1,[45초 정지+처방] ok — 처방이 외부연결을 해제했으므로 이 라인도 통과 (전 라인 생존이 처방의 증명)
S146frz45_rx__db_watch,S,db_watch,permissive,bye,sleep45,0,normal,resume,--db_mib 8 --index_mib 12 --parse_iters 120000 --refresh_ms 500 --refresh_kib 256 --timer 1 --timer_s 60 --watch 1 --substeps 1 --hub_conns 4 --hub_pending 8 --tcp reqresp --threads 4 --selfpipe 1 --eventfd 1 --db_lock flock --shm_mib 4 --log_dgram 1 --render 1 --workdir 1 --child 1 --zombie 1 --sigpend 1 --urandom 1 --tmpunlink 1 --epoll 1 --udp 1 --netlink 1 --unix_listen 1 --mmap_db 1,[45초 정지+처방] ok — 처방이 외부연결을 해제했으므로 이 라인도 통과 (전 라인 생존이 처방의 증명)
S146frz45_rx__db_mmap,S,db_mmap,permissive,bye,sleep45,0,normal,resume,--db_mib 8 --index_mib 12 --parse_iters 120000 --refresh_ms 500 --refresh_kib 256 --timer 1 --timer_s 60 --watch 1 --substeps 1 --hub_conns 4 --hub_pending 8 --tcp reqresp --threads 4 --selfpipe 1 --eventfd 1 --db_lock flock --shm_mib 4 --log_dgram 1 --render 1 --workdir 1 --child 1 --zombie 1 --sigpend 1 --urandom 1 --tmpunlink 1 --epoll 1 --udp 1 --netlink 1 --unix_listen 1 --mmap_db 1,[45초 정지+처방] ok — 처방이 외부연결을 해제했으므로 이 라인도 통과 (전 라인 생존이 처방의 증명)
S146frz45_rx__ready,S,ready,permissive,bye,sleep45,0,normal,"pong,stat",--db_mib 8 --index_mib 12 --parse_iters 120000 --refresh_ms 500 --refresh_kib 256 --timer 1 --timer_s 60 --watch 1 --substeps 1 --hub_conns 4 --hub_pending 8 --tcp reqresp --threads 4 --selfpipe 1 --eventfd 1 --db_lock flock --shm_mib 4 --log_dgram 1 --render 1 --workdir 1 --child 1 --zombie 1 --sigpend 1 --urandom 1 --tmpunlink 1 --epoll 1 --udp 1 --netlink 1 --unix_listen 1 --mmap_db 1,[45초 정지+처방] ok — 처방이 외부연결을 해제했으므로 이 라인도 통과 (전 라인 생존이 처방의 증명)
S146frz45_rx__steady,S,steady,permissive,bye,sleep45,0,normal,"pong,stat",--db_mib 8 --index_mib 12 --parse_iters 120000 --refresh_ms 500 --refresh_kib 256 --timer 1 --timer_s 60 --watch 1 --substeps 1 --hub_conns 4 --hub_pending 8 --tcp reqresp --threads 4 --selfpipe 1 --eventfd 1 --db_lock flock --shm_mib 4 --log_dgram 1 --render 1 --workdir 1 --child 1 --zombie 1 --sigpend 1 --urandom 1 --tmpunlink 1 --epoll 1 --udp 1 --netlink 1 --unix_listen 1 --mmap_db 1,[45초 정지+처방] ok — 처방이 외부연결을 해제했으므로 이 라인도 통과 (전 라인 생존이 처방의 증명)
S147dbgone__db_open,S,db_open,strict,none,rmdb,0,none,resume,--db_mib 8 --index_mib 12 --parse_iters 120000 --refresh_ms 500 --refresh_kib 256 --timer 1 --timer_s 60 --watch 1 --substeps 1 --hub_conns 0,[DB 소실] restore_fail — 열린 DB의 원본 소실 (라인 무관)
S147dbgone__db_read,S,db_read,strict,none,rmdb,0,none,resume,--db_mib 8 --index_mib 12 --parse_iters 120000 --refresh_ms 500 --refresh_kib 256 --timer 1 --timer_s 60 --watch 1 --substeps 1 --hub_conns 0,[DB 소실] restore_fail — 열린 DB의 원본 소실 (라인 무관)
S147dbgone__db_read_p25,S,db_read_p25,strict,none,rmdb,0,none,resume,--db_mib 8 --index_mib 12 --parse_iters 120000 --refresh_ms 500 --refresh_kib 256 --timer 1 --timer_s 60 --watch 1 --substeps 1 --hub_conns 0,[DB 소실] restore_fail — 열린 DB의 원본 소실 (라인 무관)
S147dbgone__db_read_p50,S,db_read_p50,strict,none,rmdb,0,none,resume,--db_mib 8 --index_mib 12 --parse_iters 120000 --refresh_ms 500 --refresh_kib 256 --timer 1 --timer_s 60 --watch 1 --substeps 1 --hub_conns 0,[DB 소실] restore_fail — 열린 DB의 원본 소실 (라인 무관)
S147dbgone__db_read_p75,S,db_read_p75,strict,none,rmdb,0,none,resume,--db_mib 8 --index_mib 12 --parse_iters 120000 --refresh_ms 500 --refresh_kib 256 --timer 1 --timer_s 60 --watch 1 --substeps 1 --hub_conns 0,[DB 소실] restore_fail — 열린 DB의 원본 소실 (라인 무관)
S147dbgone__db_parse,S,db_parse,strict,none,rmdb,0,none,resume,--db_mib 8 --index_mib 12 --parse_iters 120000 --refresh_ms 500 --refresh_kib 256 --timer 1 --timer_s 60 --watch 1 --substeps 1 --hub_conns 0,[DB 소실] restore_fail — 열린 DB의 원본 소실 (라인 무관)
S147dbgone__db_parse_p25,S,db_parse_p25,strict,none,rmdb,0,none,resume,--db_mib 8 --index_mib 12 --parse_iters 120000 --refresh_ms 500 --refresh_kib 256 --timer 1 --timer_s 60 --watch 1 --substeps 1 --hub_conns 0,[DB 소실] restore_fail — 열린 DB의 원본 소실 (라인 무관)
S147dbgone__db_parse_p50,S,db_parse_p50,strict,none,rmdb,0,none,resume,--db_mib 8 --index_mib 12 --parse_iters 120000 --refresh_ms 500 --refresh_kib 256 --timer 1 --timer_s 60 --watch 1 --substeps 1 --hub_conns 0,[DB 소실] restore_fail — 열린 DB의 원본 소실 (라인 무관)
S147dbgone__db_parse_p75,S,db_parse_p75,strict,none,rmdb,0,none,resume,--db_mib 8 --index_mib 12 --parse_iters 120000 --refresh_ms 500 --refresh_kib 256 --timer 1 --timer_s 60 --watch 1 --substeps 1 --hub_conns 0,[DB 소실] restore_fail — 열린 DB의 원본 소실 (라인 무관)
S147dbgone__epg_index,S,epg_index,strict,none,rmdb,0,none,resume,--db_mib 8 --index_mib 12 --parse_iters 120000 --refresh_ms 500 --refresh_kib 256 --timer 1 --timer_s 60 --watch 1 --substeps 1 --hub_conns 0,[DB 소실] restore_fail — 열린 DB의 원본 소실 (라인 무관)
S147dbgone__epg_index_p25,S,epg_index_p25,strict,none,rmdb,0,none,resume,--db_mib 8 --index_mib 12 --parse_iters 120000 --refresh_ms 500 --refresh_kib 256 --timer 1 --timer_s 60 --watch 1 --substeps 1 --hub_conns 0,[DB 소실] restore_fail — 열린 DB의 원본 소실 (라인 무관)
S147dbgone__epg_index_p50,S,epg_index_p50,strict,none,rmdb,0,none,resume,--db_mib 8 --index_mib 12 --parse_iters 120000 --refresh_ms 500 --refresh_kib 256 --timer 1 --timer_s 60 --watch 1 --substeps 1 --hub_conns 0,[DB 소실] restore_fail — 열린 DB의 원본 소실 (라인 무관)
S147dbgone__epg_index_p75,S,epg_index_p75,strict,none,rmdb,0,none,resume,--db_mib 8 --index_mib 12 --parse_iters 120000 --refresh_ms 500 --refresh_kib 256 --timer 1 --timer_s 60 --watch 1 --substeps 1 --hub_conns 0,[DB 소실] restore_fail — 열린 DB의 원본 소실 (라인 무관)
S147dbgone__epg_text,S,epg_text,strict,none,rmdb,0,none,resume,--db_mib 8 --index_mib 12 --parse_iters 120000 --refresh_ms 500 --refresh_kib 256 --timer 1 --timer_s 60 --watch 1 --substeps 1 --hub_conns 0,[DB 소실] restore_fail — 열린 DB의 원본 소실 (라인 무관)
S147dbgone__epg_reserve,S,epg_reserve,strict,none,rmdb,0,none,resume,--db_mib 8 --index_mib 12 --parse_iters 120000 --refresh_ms 500 --refresh_kib 256 --timer 1 --timer_s 60 --watch 1 --substeps 1 --hub_conns 0,[DB 소실] restore_fail — 열린 DB의 원본 소실 (라인 무관)
S147dbgone__timer_armed,S,timer_armed,strict,none,rmdb,0,none,resume,--db_mib 8 --index_mib 12 --parse_iters 120000 --refresh_ms 500 --refresh_kib 256 --timer 1 --timer_s 60 --watch 1 --substeps 1 --hub_conns 0,[DB 소실] restore_fail — 열린 DB의 원본 소실 (라인 무관)
S147dbgone__db_watch,S,db_watch,strict,none,rmdb,0,none,resume,--db_mib 8 --index_mib 12 --parse_iters 120000 --refresh_ms 500 --refresh_kib 256 --timer 1 --timer_s 60 --watch 1 --substeps 1 --hub_conns 0,[DB 소실] restore_fail — 열린 DB의 원본 소실 (라인 무관)
S147dbgone__ready,S,ready,strict,none,rmdb,0,none,"pong,stat",--db_mib 8 --index_mib 12 --parse_iters 120000 --refresh_ms 500 --refresh_kib 256 --timer 1 --timer_s 60 --watch 1 --substeps 1 --hub_conns 0,[DB 소실] restore_fail — 열린 DB의 원본 소실 (라인 무관)
S147dbgone__steady,S,steady,strict,none,rmdb,0,none,"pong,stat",--db_mib 8 --index_mib 12 --parse_iters 120000 --refresh_ms 500 --refresh_kib 256 --timer 1 --timer_s 60 --watch 1 --substeps 1 --hub_conns 0,[DB 소실] restore_fail — 열린 DB의 원본 소실 (라인 무관)
S148dbswap__db_watch,S,db_watch,strict,none,rmdb_recreate,0,none,resume,--db_mib 8 --index_mib 12 --parse_iters 120000 --refresh_ms 500 --refresh_kib 256 --timer 1 --timer_s 60 --watch 1 --substeps 1 --hub_conns 0 --watch 1,[DB inode 교체] ok — 이 라인의 자원은 해당 옵션에서 무해
S148dbswap__ready,S,ready,strict,none,rmdb_recreate,0,none,"pong,stat",--db_mib 8 --index_mib 12 --parse_iters 120000 --refresh_ms 500 --refresh_kib 256 --timer 1 --timer_s 60 --watch 1 --substeps 1 --hub_conns 0 --watch 1,[DB inode 교체] ok — 이 라인의 자원은 해당 옵션에서 무해
S148dbswap__steady,S,steady,strict,none,rmdb_recreate,0,none,"pong,stat",--db_mib 8 --index_mib 12 --parse_iters 120000 --refresh_ms 500 --refresh_kib 256 --timer 1 --timer_s 60 --watch 1 --substeps 1 --hub_conns 0 --watch 1,[DB inode 교체] ok — 이 라인의 자원은 해당 옵션에서 무해
S149dbtouch__db_watch,S,db_watch,strict,none,touchdb,0,none,resume,--db_mib 8 --index_mib 12 --parse_iters 120000 --refresh_ms 500 --refresh_kib 256 --timer 1 --timer_s 60 --watch 1 --substeps 1 --hub_conns 0,[DB 갱신] ok — 이 라인의 자원은 해당 옵션에서 무해
S149dbtouch__ready,S,ready,strict,none,touchdb,0,none,"pong,stat",--db_mib 8 --index_mib 12 --parse_iters 120000 --refresh_ms 500 --refresh_kib 256 --timer 1 --timer_s 60 --watch 1 --substeps 1 --hub_conns 0,[DB 갱신] ok — 이 라인의 자원은 해당 옵션에서 무해
S149dbtouch__steady,S,steady,strict,none,touchdb,0,none,"pong,stat",--db_mib 8 --index_mib 12 --parse_iters 120000 --refresh_ms 500 --refresh_kib 256 --timer 1 --timer_s 60 --watch 1 --substeps 1 --hub_conns 0,[DB 갱신] ok — 이 라인의 자원은 해당 옵션에서 무해
S150shmgone__shm_map,S,shm_map,strict,none,rmshm,0,none,resume,--db_mib 8 --index_mib 12 --parse_iters 120000 --refresh_ms 500 --refresh_kib 256 --timer 1 --timer_s 60 --watch 1 --substeps 1 --hub_conns 0 --shm_mib 4,[shm 소실] restore_fail — 열린 DB의 원본 소실 (라인 무관)
S150shmgone__ready,S,ready,strict,none,rmshm,0,none,"pong,stat",--db_mib 8 --index_mib 12 --parse_iters 120000 --refresh_ms 500 --refresh_kib 256 --timer 1 --timer_s 60 --watch 1 --substeps 1 --hub_conns 0 --shm_mib 4,[shm 소실] restore_fail — 열린 DB의 원본 소실 (라인 무관)
S150shmgone__steady,S,steady,strict,none,rmshm,0,none,"pong,stat",--db_mib 8 --index_mib 12 --parse_iters 120000 --refresh_ms 500 --refresh_kib 256 --timer 1 --timer_s 60 --watch 1 --substeps 1 --hub_conns 0 --shm_mib 4,[shm 소실] restore_fail — 열린 DB의 원본 소실 (라인 무관)
S151wdgone__workdir,S,workdir,strict,none,rmwd,0,none,resume,--db_mib 8 --index_mib 12 --parse_iters 120000 --refresh_ms 500 --refresh_kib 256 --timer 1 --timer_s 60 --watch 1 --substeps 1 --hub_conns 0 --workdir 1,[cwd 소실] restore_fail — 열린 DB의 원본 소실 (라인 무관)
S151wdgone__ready,S,ready,strict,none,rmwd,0,none,"pong,stat",--db_mib 8 --index_mib 12 --parse_iters 120000 --refresh_ms 500 --refresh_kib 256 --timer 1 --timer_s 60 --watch 1 --substeps 1 --hub_conns 0 --workdir 1,[cwd 소실] restore_fail — 열린 DB의 원본 소실 (라인 무관)
S151wdgone__steady,S,steady,strict,none,rmwd,0,none,"pong,stat",--db_mib 8 --index_mib 12 --parse_iters 120000 --refresh_ms 500 --refresh_kib 256 --timer 1 --timer_s 60 --watch 1 --substeps 1 --hub_conns 0 --workdir 1,[cwd 소실] restore_fail — 열린 DB의 원본 소실 (라인 무관)
S152trunc__db_mmap,S,db_mmap,strict,none,truncdb,0,none,resume,--db_mib 8 --index_mib 12 --parse_iters 120000 --refresh_ms 500 --refresh_kib 256 --timer 1 --timer_s 60 --watch 1 --substeps 1 --hub_conns 0 --mmap_db 1,[mmap 절단] ok — 이 라인의 자원은 해당 옵션에서 무해
S152trunc__ready,S,ready,strict,none,truncdb,0,none,"pong,stat",--db_mib 8 --index_mib 12 --parse_iters 120000 --refresh_ms 500 --refresh_kib 256 --timer 1 --timer_s 60 --watch 1 --substeps 1 --hub_conns 0 --mmap_db 1,[mmap 절단] ok — 이 라인의 자원은 해당 옵션에서 무해
S152trunc__steady,S,steady,strict,none,truncdb,0,none,"pong,stat",--db_mib 8 --index_mib 12 --parse_iters 120000 --refresh_ms 500 --refresh_kib 256 --timer 1 --timer_s 60 --watch 1 --substeps 1 --hub_conns 0 --mmap_db 1,[mmap 절단] ok — 이 라인의 자원은 해당 옵션에서 무해
S153ota__init,S,init,strict,none,mvbin,0,none,resume,--db_mib 8 --index_mib 12 --parse_iters 120000 --refresh_ms 500 --refresh_kib 256 --timer 1 --timer_s 60 --watch 1 --substeps 1 --hub_conns 0,[바이너리 교체] restore_fail — 실행파일 소실 (라인 무관)
S153ota__db_open,S,db_open,strict,none,mvbin,0,none,resume,--db_mib 8 --index_mib 12 --parse_iters 120000 --refresh_ms 500 --refresh_kib 256 --timer 1 --timer_s 60 --watch 1 --substeps 1 --hub_conns 0,[바이너리 교체] restore_fail — 실행파일 소실 (라인 무관)
S153ota__db_read,S,db_read,strict,none,mvbin,0,none,resume,--db_mib 8 --index_mib 12 --parse_iters 120000 --refresh_ms 500 --refresh_kib 256 --timer 1 --timer_s 60 --watch 1 --substeps 1 --hub_conns 0,[바이너리 교체] restore_fail — 실행파일 소실 (라인 무관)
S153ota__db_read_p25,S,db_read_p25,strict,none,mvbin,0,none,resume,--db_mib 8 --index_mib 12 --parse_iters 120000 --refresh_ms 500 --refresh_kib 256 --timer 1 --timer_s 60 --watch 1 --substeps 1 --hub_conns 0,[바이너리 교체] restore_fail — 실행파일 소실 (라인 무관)
S153ota__db_read_p50,S,db_read_p50,strict,none,mvbin,0,none,resume,--db_mib 8 --index_mib 12 --parse_iters 120000 --refresh_ms 500 --refresh_kib 256 --timer 1 --timer_s 60 --watch 1 --substeps 1 --hub_conns 0,[바이너리 교체] restore_fail — 실행파일 소실 (라인 무관)
S153ota__db_read_p75,S,db_read_p75,strict,none,mvbin,0,none,resume,--db_mib 8 --index_mib 12 --parse_iters 120000 --refresh_ms 500 --refresh_kib 256 --timer 1 --timer_s 60 --watch 1 --substeps 1 --hub_conns 0,[바이너리 교체] restore_fail — 실행파일 소실 (라인 무관)
S153ota__db_parse,S,db_parse,strict,none,mvbin,0,none,resume,--db_mib 8 --index_mib 12 --parse_iters 120000 --refresh_ms 500 --refresh_kib 256 --timer 1 --timer_s 60 --watch 1 --substeps 1 --hub_conns 0,[바이너리 교체] restore_fail — 실행파일 소실 (라인 무관)
S153ota__db_parse_p25,S,db_parse_p25,strict,none,mvbin,0,none,resume,--db_mib 8 --index_mib 12 --parse_iters 120000 --refresh_ms 500 --refresh_kib 256 --timer 1 --timer_s 60 --watch 1 --substeps 1 --hub_conns 0,[바이너리 교체] restore_fail — 실행파일 소실 (라인 무관)
S153ota__db_parse_p50,S,db_parse_p50,strict,none,mvbin,0,none,resume,--db_mib 8 --index_mib 12 --parse_iters 120000 --refresh_ms 500 --refresh_kib 256 --timer 1 --timer_s 60 --watch 1 --substeps 1 --hub_conns 0,[바이너리 교체] restore_fail — 실행파일 소실 (라인 무관)
S153ota__db_parse_p75,S,db_parse_p75,strict,none,mvbin,0,none,resume,--db_mib 8 --index_mib 12 --parse_iters 120000 --refresh_ms 500 --refresh_kib 256 --timer 1 --timer_s 60 --watch 1 --substeps 1 --hub_conns 0,[바이너리 교체] restore_fail — 실행파일 소실 (라인 무관)
S153ota__epg_index,S,epg_index,strict,none,mvbin,0,none,resume,--db_mib 8 --index_mib 12 --parse_iters 120000 --refresh_ms 500 --refresh_kib 256 --timer 1 --timer_s 60 --watch 1 --substeps 1 --hub_conns 0,[바이너리 교체] restore_fail — 실행파일 소실 (라인 무관)
S153ota__epg_index_p25,S,epg_index_p25,strict,none,mvbin,0,none,resume,--db_mib 8 --index_mib 12 --parse_iters 120000 --refresh_ms 500 --refresh_kib 256 --timer 1 --timer_s 60 --watch 1 --substeps 1 --hub_conns 0,[바이너리 교체] restore_fail — 실행파일 소실 (라인 무관)
S153ota__epg_index_p50,S,epg_index_p50,strict,none,mvbin,0,none,resume,--db_mib 8 --index_mib 12 --parse_iters 120000 --refresh_ms 500 --refresh_kib 256 --timer 1 --timer_s 60 --watch 1 --substeps 1 --hub_conns 0,[바이너리 교체] restore_fail — 실행파일 소실 (라인 무관)
S153ota__epg_index_p75,S,epg_index_p75,strict,none,mvbin,0,none,resume,--db_mib 8 --index_mib 12 --parse_iters 120000 --refresh_ms 500 --refresh_kib 256 --timer 1 --timer_s 60 --watch 1 --substeps 1 --hub_conns 0,[바이너리 교체] restore_fail — 실행파일 소실 (라인 무관)
S153ota__epg_text,S,epg_text,strict,none,mvbin,0,none,resume,--db_mib 8 --index_mib 12 --parse_iters 120000 --refresh_ms 500 --refresh_kib 256 --timer 1 --timer_s 60 --watch 1 --substeps 1 --hub_conns 0,[바이너리 교체] restore_fail — 실행파일 소실 (라인 무관)
S153ota__epg_reserve,S,epg_reserve,strict,none,mvbin,0,none,resume,--db_mib 8 --index_mib 12 --parse_iters 120000 --refresh_ms 500 --refresh_kib 256 --timer 1 --timer_s 60 --watch 1 --substeps 1 --hub_conns 0,[바이너리 교체] restore_fail — 실행파일 소실 (라인 무관)
S153ota__timer_armed,S,timer_armed,strict,none,mvbin,0,none,resume,--db_mib 8 --index_mib 12 --parse_iters 120000 --refresh_ms 500 --refresh_kib 256 --timer 1 --timer_s 60 --watch 1 --substeps 1 --hub_conns 0,[바이너리 교체] restore_fail — 실행파일 소실 (라인 무관)
S153ota__db_watch,S,db_watch,strict,none,mvbin,0,none,resume,--db_mib 8 --index_mib 12 --parse_iters 120000 --refresh_ms 500 --refresh_kib 256 --timer 1 --timer_s 60 --watch 1 --substeps 1 --hub_conns 0,[바이너리 교체] restore_fail — 실행파일 소실 (라인 무관)
S153ota__ready,S,ready,strict,none,mvbin,0,none,"pong,stat",--db_mib 8 --index_mib 12 --parse_iters 120000 --refresh_ms 500 --refresh_kib 256 --timer 1 --timer_s 60 --watch 1 --substeps 1 --hub_conns 0,[바이너리 교체] restore_fail — 실행파일 소실 (라인 무관)
S153ota__steady,S,steady,strict,none,mvbin,0,none,"pong,stat",--db_mib 8 --index_mib 12 --parse_iters 120000 --refresh_ms 500 --refresh_kib 256 --timer 1 --timer_s 60 --watch 1 --substeps 1 --hub_conns 0,[바이너리 교체] restore_fail — 실행파일 소실 (라인 무관)
S154ota_back__epg_index,S,epg_index,strict,none,mvbin_back,0,none,resume,--db_mib 8 --index_mib 12 --parse_iters 120000 --refresh_ms 500 --refresh_kib 256 --timer 1 --timer_s 60 --watch 1 --substeps 1 --hub_conns 0,[교체 후 복귀] ok — 이 라인의 자원은 해당 옵션에서 무해
S154ota_back__ready,S,ready,strict,none,mvbin_back,0,none,"pong,stat",--db_mib 8 --index_mib 12 --parse_iters 120000 --refresh_ms 500 --refresh_kib 256 --timer 1 --timer_s 60 --watch 1 --substeps 1 --hub_conns 0,[교체 후 복귀] ok — 이 라인의 자원은 해당 옵션에서 무해
S154ota_back__steady,S,steady,strict,none,mvbin_back,0,none,"pong,stat",--db_mib 8 --index_mib 12 --parse_iters 120000 --refresh_ms 500 --refresh_kib 256 --timer 1 --timer_s 60 --watch 1 --substeps 1 --hub_conns 0,[교체 후 복귀] ok — 이 라인의 자원은 해당 옵션에서 무해
S155squat__svc_listen,S,svc_listen,strict,none,squat,0,none,resume,--db_mib 8 --index_mib 12 --parse_iters 120000 --refresh_ms 500 --refresh_kib 256 --timer 1 --timer_s 60 --watch 1 --substeps 1 --hub_conns 0 --unix_listen 1,[이름 선점] restore_fail — 실행파일 소실 (라인 무관)
S155squat__ready,S,ready,strict,none,squat,0,none,"pong,stat",--db_mib 8 --index_mib 12 --parse_iters 120000 --refresh_ms 500 --refresh_kib 256 --timer 1 --timer_s 60 --watch 1 --substeps 1 --hub_conns 0 --unix_listen 1,[이름 선점] restore_fail — 실행파일 소실 (라인 무관)
S155squat__steady,S,steady,strict,none,squat,0,none,"pong,stat",--db_mib 8 --index_mib 12 --parse_iters 120000 --refresh_ms 500 --refresh_kib 256 --timer 1 --timer_s 60 --watch 1 --substeps 1 --hub_conns 0 --unix_listen 1,[이름 선점] restore_fail — 실행파일 소실 (라인 무관)
S156hubup__hub_subscribed,S,hub_subscribed,strict,bye,hub_restart,0,normal,resume,--db_mib 8 --index_mib 12 --parse_iters 120000 --refresh_ms 500 --refresh_kib 256 --timer 1 --timer_s 60 --watch 1 --substeps 1 --hub_conns 4 --hub_pending 8,[허브 교체+처방] ok — 처방이 외부연결을 해제했으므로 이 라인도 통과 (전 라인 생존이 처방의 증명)
S156hubup__ready,S,ready,strict,bye,hub_restart,0,normal,"pong,stat",--db_mib 8 --index_mib 12 --parse_iters 120000 --refresh_ms 500 --refresh_kib 256 --timer 1 --timer_s 60 --watch 1 --substeps 1 --hub_conns 4 --hub_pending 8,[허브 교체+처방] ok — 처방이 외부연결을 해제했으므로 이 라인도 통과 (전 라인 생존이 처방의 증명)
S156hubup__steady,S,steady,strict,bye,hub_restart,0,normal,"pong,stat",--db_mib 8 --index_mib 12 --parse_iters 120000 --refresh_ms 500 --refresh_kib 256 --timer 1 --timer_s 60 --watch 1 --substeps 1 --hub_conns 4 --hub_pending 8,[허브 교체+처방] ok — 처방이 외부연결을 해제했으므로 이 라인도 통과 (전 라인 생존이 처방의 증명)
S157cycle2__hub_subscribed,S,hub_subscribed,strict,bye,cycle2,0,normal,resume,--db_mib 8 --index_mib 12 --parse_iters 120000 --refresh_ms 500 --refresh_kib 256 --timer 1 --timer_s 60 --watch 1 --substeps 1 --hub_conns 4 --hub_pending 8,[처방 2사이클] ok — 처방이 외부연결을 해제했으므로 이 라인도 통과 (전 라인 생존이 처방의 증명)
S157cycle2__ready,S,ready,strict,bye,cycle2,0,normal,"pong,stat",--db_mib 8 --index_mib 12 --parse_iters 120000 --refresh_ms 500 --refresh_kib 256 --timer 1 --timer_s 60 --watch 1 --substeps 1 --hub_conns 4 --hub_pending 8,[처방 2사이클] ok — 처방이 외부연결을 해제했으므로 이 라인도 통과 (전 라인 생존이 처방의 증명)
S157cycle2__steady,S,steady,strict,bye,cycle2,0,normal,"pong,stat",--db_mib 8 --index_mib 12 --parse_iters 120000 --refresh_ms 500 --refresh_kib 256 --timer 1 --timer_s 60 --watch 1 --substeps 1 --hub_conns 4 --hub_pending 8,[처방 2사이클] ok — 처방이 외부연결을 해제했으므로 이 라인도 통과 (전 라인 생존이 처방의 증명)
S158re2__epg_index,S,epg_index,strict,none,restore2,0,none,resume,--db_mib 8 --index_mib 12 --parse_iters 120000 --refresh_ms 500 --refresh_kib 256 --timer 1 --timer_s 60 --watch 1 --substeps 1 --hub_conns 0,[순차 재복원] ok — 이 라인의 자원은 해당 옵션에서 무해
S158re2__ready,S,ready,strict,none,restore2,0,none,"pong,stat",--db_mib 8 --index_mib 12 --parse_iters 120000 --refresh_ms 500 --refresh_kib 256 --timer 1 --timer_s 60 --watch 1 --substeps 1 --hub_conns 0,[순차 재복원] ok — 이 라인의 자원은 해당 옵션에서 무해
S158re2__steady,S,steady,strict,none,restore2,0,none,"pong,stat",--db_mib 8 --index_mib 12 --parse_iters 120000 --refresh_ms 500 --refresh_kib 256 --timer 1 --timer_s 60 --watch 1 --substeps 1 --hub_conns 0,[순차 재복원] ok — 이 라인의 자원은 해당 옵션에서 무해
S159dup__ready,S,ready,strict,none,restore_dup,0,none,"pong,stat",--db_mib 8 --index_mib 12 --parse_iters 120000 --refresh_ms 500 --refresh_kib 256 --timer 1 --timer_s 60 --watch 1 --substeps 1 --hub_conns 0,[동시 복원] ok — 이 라인의 자원은 해당 옵션에서 무해
S159dup__steady,S,steady,strict,none,restore_dup,0,none,"pong,stat",--db_mib 8 --index_mib 12 --parse_iters 120000 --refresh_ms 500 --refresh_kib 256 --timer 1 --timer_s 60 --watch 1 --substeps 1 --hub_conns 0,[동시 복원] ok — 이 라인의 자원은 해당 옵션에서 무해
S160halfclose.stri__tcp_conn,S,tcp_conn,strict,none,none,0,normal,resume,--db_mib 8 --index_mib 12 --parse_iters 120000 --refresh_ms 500 --refresh_kib 256 --timer 1 --timer_s 60 --watch 1 --substeps 1 --hub_conns 4 --hub_pending 8 --tcp stream --tcp_halfclose 1,[half-closed TCP(gh#505)·strict] ok — 이 라인의 자원은 해당 옵션에서 무해
S160halfclose.stri__tcp_halfclosed,S,tcp_halfclosed,strict,none,none,0,normal,resume,--db_mib 8 --index_mib 12 --parse_iters 120000 --refresh_ms 500 --refresh_kib 256 --timer 1 --timer_s 60 --watch 1 --substeps 1 --hub_conns 4 --hub_pending 8 --tcp stream --tcp_halfclose 1,[half-closed TCP(gh#505)·strict] ok — 이 라인의 자원은 해당 옵션에서 무해
S160halfclose.stri__ready,S,ready,strict,none,none,0,normal,"pong,stat",--db_mib 8 --index_mib 12 --parse_iters 120000 --refresh_ms 500 --refresh_kib 256 --timer 1 --timer_s 60 --watch 1 --substeps 1 --hub_conns 4 --hub_pending 8 --tcp stream --tcp_halfclose 1,[half-closed TCP(gh#505)·strict] ok — 이 라인의 자원은 해당 옵션에서 무해
S160halfclose.stri__steady,S,steady,strict,none,none,0,normal,"pong,stat",--db_mib 8 --index_mib 12 --parse_iters 120000 --refresh_ms 500 --refresh_kib 256 --timer 1 --timer_s 60 --watch 1 --substeps 1 --hub_conns 4 --hub_pending 8 --tcp stream --tcp_halfclose 1,[half-closed TCP(gh#505)·strict] ok — 이 라인의 자원은 해당 옵션에서 무해
S161halfclose.ext___tcp_conn,S,tcp_conn,ext_unix,none,none,0,normal,resume,--db_mib 8 --index_mib 12 --parse_iters 120000 --refresh_ms 500 --refresh_kib 256 --timer 1 --timer_s 60 --watch 1 --substeps 1 --hub_conns 4 --hub_pending 8 --tcp stream --tcp_halfclose 1,[half-closed TCP(gh#505)·ext_unix] ok — 이 라인의 자원은 해당 옵션에서 무해
S161halfclose.ext___tcp_halfclosed,S,tcp_halfclosed,ext_unix,none,none,0,normal,resume,--db_mib 8 --index_mib 12 --parse_iters 120000 --refresh_ms 500 --refresh_kib 256 --timer 1 --timer_s 60 --watch 1 --substeps 1 --hub_conns 4 --hub_pending 8 --tcp stream --tcp_halfclose 1,[half-closed TCP(gh#505)·ext_unix] ok — 이 라인의 자원은 해당 옵션에서 무해
S161halfclose.ext___ready,S,ready,ext_unix,none,none,0,normal,"pong,stat",--db_mib 8 --index_mib 12 --parse_iters 120000 --refresh_ms 500 --refresh_kib 256 --timer 1 --timer_s 60 --watch 1 --substeps 1 --hub_conns 4 --hub_pending 8 --tcp stream --tcp_halfclose 1,[half-closed TCP(gh#505)·ext_unix] ok — 이 라인의 자원은 해당 옵션에서 무해
S161halfclose.ext___steady,S,steady,ext_unix,none,none,0,normal,"pong,stat",--db_mib 8 --index_mib 12 --parse_iters 120000 --refresh_ms 500 --refresh_kib 256 --timer 1 --timer_s 60 --watch 1 --substeps 1 --hub_conns 4 --hub_pending 8 --tcp stream --tcp_halfclose 1,[half-closed TCP(gh#505)·ext_unix] ok — 이 라인의 자원은 해당 옵션에서 무해
S162halfclose.tcp___tcp_conn,S,tcp_conn,tcp_est,none,none,0,normal,resume,--db_mib 8 --index_mib 12 --parse_iters 120000 --refresh_ms 500 --refresh_kib 256 --timer 1 --timer_s 60 --watch 1 --substeps 1 --hub_conns 4 --hub_pending 8 --tcp stream --tcp_halfclose 1,[half-closed TCP(gh#505)·tcp_est] ok — 이 라인의 자원은 해당 옵션에서 무해
S162halfclose.tcp___tcp_halfclosed,S,tcp_halfclosed,tcp_est,none,none,0,normal,resume,--db_mib 8 --index_mib 12 --parse_iters 120000 --refresh_ms 500 --refresh_kib 256 --timer 1 --timer_s 60 --watch 1 --substeps 1 --hub_conns 4 --hub_pending 8 --tcp stream --tcp_halfclose 1,[half-closed TCP(gh#505)·tcp_est] ok — 이 라인의 자원은 해당 옵션에서 무해
S162halfclose.tcp___ready,S,ready,tcp_est,none,none,0,normal,"pong,stat",--db_mib 8 --index_mib 12 --parse_iters 120000 --refresh_ms 500 --refresh_kib 256 --timer 1 --timer_s 60 --watch 1 --substeps 1 --hub_conns 4 --hub_pending 8 --tcp stream --tcp_halfclose 1,[half-closed TCP(gh#505)·tcp_est] ok — 이 라인의 자원은 해당 옵션에서 무해
S162halfclose.tcp___steady,S,steady,tcp_est,none,none,0,normal,"pong,stat",--db_mib 8 --index_mib 12 --parse_iters 120000 --refresh_ms 500 --refresh_kib 256 --timer 1 --timer_s 60 --watch 1 --substeps 1 --hub_conns 4 --hub_pending 8 --tcp stream --tcp_halfclose 1,[half-closed TCP(gh#505)·tcp_est] ok — 이 라인의 자원은 해당 옵션에서 무해
S163halfclose.file__tcp_conn,S,tcp_conn,filelocks,none,none,0,normal,resume,--db_mib 8 --index_mib 12 --parse_iters 120000 --refresh_ms 500 --refresh_kib 256 --timer 1 --timer_s 60 --watch 1 --substeps 1 --hub_conns 4 --hub_pending 8 --tcp stream --tcp_halfclose 1,[half-closed TCP(gh#505)·filelocks] ok — 이 라인의 자원은 해당 옵션에서 무해
S163halfclose.file__tcp_halfclosed,S,tcp_halfclosed,filelocks,none,none,0,normal,resume,--db_mib 8 --index_mib 12 --parse_iters 120000 --refresh_ms 500 --refresh_kib 256 --timer 1 --timer_s 60 --watch 1 --substeps 1 --hub_conns 4 --hub_pending 8 --tcp stream --tcp_halfclose 1,[half-closed TCP(gh#505)·filelocks] ok — 이 라인의 자원은 해당 옵션에서 무해
S163halfclose.file__ready,S,ready,filelocks,none,none,0,normal,"pong,stat",--db_mib 8 --index_mib 12 --parse_iters 120000 --refresh_ms 500 --refresh_kib 256 --timer 1 --timer_s 60 --watch 1 --substeps 1 --hub_conns 4 --hub_pending 8 --tcp stream --tcp_halfclose 1,[half-closed TCP(gh#505)·filelocks] ok — 이 라인의 자원은 해당 옵션에서 무해
S163halfclose.file__steady,S,steady,filelocks,none,none,0,normal,"pong,stat",--db_mib 8 --index_mib 12 --parse_iters 120000 --refresh_ms 500 --refresh_kib 256 --timer 1 --timer_s 60 --watch 1 --substeps 1 --hub_conns 4 --hub_pending 8 --tcp stream --tcp_halfclose 1,[half-closed TCP(gh#505)·filelocks] ok — 이 라인의 자원은 해당 옵션에서 무해
S164halfclose.perm__tcp_conn,S,tcp_conn,permissive,none,none,0,normal,resume,--db_mib 8 --index_mib 12 --parse_iters 120000 --refresh_ms 500 --refresh_kib 256 --timer 1 --timer_s 60 --watch 1 --substeps 1 --hub_conns 4 --hub_pending 8 --tcp stream --tcp_halfclose 1,[half-closed TCP(gh#505)·permissive] ok — 이 라인의 자원은 해당 옵션에서 무해
S164halfclose.perm__tcp_halfclosed,S,tcp_halfclosed,permissive,none,none,0,normal,resume,--db_mib 8 --index_mib 12 --parse_iters 120000 --refresh_ms 500 --refresh_kib 256 --timer 1 --timer_s 60 --watch 1 --substeps 1 --hub_conns 4 --hub_pending 8 --tcp stream --tcp_halfclose 1,[half-closed TCP(gh#505)·permissive] ok — 이 라인의 자원은 해당 옵션에서 무해
S164halfclose.perm__ready,S,ready,permissive,none,none,0,normal,"pong,stat",--db_mib 8 --index_mib 12 --parse_iters 120000 --refresh_ms 500 --refresh_kib 256 --timer 1 --timer_s 60 --watch 1 --substeps 1 --hub_conns 4 --hub_pending 8 --tcp stream --tcp_halfclose 1,[half-closed TCP(gh#505)·permissive] ok — 이 라인의 자원은 해당 옵션에서 무해
S164halfclose.perm__steady,S,steady,permissive,none,none,0,normal,"pong,stat",--db_mib 8 --index_mib 12 --parse_iters 120000 --refresh_ms 500 --refresh_kib 256 --timer 1 --timer_s 60 --watch 1 --substeps 1 --hub_conns 4 --hub_pending 8 --tcp stream --tcp_halfclose 1,[half-closed TCP(gh#505)·permissive] ok — 이 라인의 자원은 해당 옵션에서 무해
S165scm.stri__hub_conn1,S,hub_conn1,strict,none,none,0,normal,resume,--db_mib 8 --index_mib 12 --parse_iters 120000 --refresh_ms 500 --refresh_kib 256 --timer 1 --timer_s 60 --watch 1 --substeps 1 --hub_conns 1 --hub_pending 8 --pass_fd,"[fd 실린 미수신 SCM(PR#2030)·strict] dump_fail — hub established는 옵션 불가 (경계선 2, 처방만이 답)"
S165scm.stri__hub_subscribed,S,hub_subscribed,strict,none,none,0,normal,resume,--db_mib 8 --index_mib 12 --parse_iters 120000 --refresh_ms 500 --refresh_kib 256 --timer 1 --timer_s 60 --watch 1 --substeps 1 --hub_conns 1 --hub_pending 8 --pass_fd,[fd 실린 미수신 SCM(PR#2030)·strict] ok — 이 라인의 자원은 해당 옵션에서 무해
S165scm.stri__ready,S,ready,strict,none,none,0,normal,"pong,stat",--db_mib 8 --index_mib 12 --parse_iters 120000 --refresh_ms 500 --refresh_kib 256 --timer 1 --timer_s 60 --watch 1 --substeps 1 --hub_conns 1 --hub_pending 8 --pass_fd,[fd 실린 미수신 SCM(PR#2030)·strict] ok — 이 라인의 자원은 해당 옵션에서 무해
S165scm.stri__steady,S,steady,strict,none,none,0,normal,"pong,stat",--db_mib 8 --index_mib 12 --parse_iters 120000 --refresh_ms 500 --refresh_kib 256 --timer 1 --timer_s 60 --watch 1 --substeps 1 --hub_conns 1 --hub_pending 8 --pass_fd,[fd 실린 미수신 SCM(PR#2030)·strict] ok — 이 라인의 자원은 해당 옵션에서 무해
S166scm.ext___hub_conn1,S,hub_conn1,ext_unix,none,none,0,normal,resume,--db_mib 8 --index_mib 12 --parse_iters 120000 --refresh_ms 500 --refresh_kib 256 --timer 1 --timer_s 60 --watch 1 --substeps 1 --hub_conns 1 --hub_pending 8 --pass_fd,"[fd 실린 미수신 SCM(PR#2030)·ext_unix] dump_fail — hub established는 옵션 불가 (경계선 2, 처방만이 답)"
S166scm.ext___hub_subscribed,S,hub_subscribed,ext_unix,none,none,0,normal,resume,--db_mib 8 --index_mib 12 --parse_iters 120000 --refresh_ms 500 --refresh_kib 256 --timer 1 --timer_s 60 --watch 1 --substeps 1 --hub_conns 1 --hub_pending 8 --pass_fd,[fd 실린 미수신 SCM(PR#2030)·ext_unix] ok — 이 라인의 자원은 해당 옵션에서 무해
S166scm.ext___ready,S,ready,ext_unix,none,none,0,normal,"pong,stat",--db_mib 8 --index_mib 12 --parse_iters 120000 --refresh_ms 500 --refresh_kib 256 --timer 1 --timer_s 60 --watch 1 --substeps 1 --hub_conns 1 --hub_pending 8 --pass_fd,[fd 실린 미수신 SCM(PR#2030)·ext_unix] ok — 이 라인의 자원은 해당 옵션에서 무해
S166scm.ext___steady,S,steady,ext_unix,none,none,0,normal,"pong,stat",--db_mib 8 --index_mib 12 --parse_iters 120000 --refresh_ms 500 --refresh_kib 256 --timer 1 --timer_s 60 --watch 1 --substeps 1 --hub_conns 1 --hub_pending 8 --pass_fd,[fd 실린 미수신 SCM(PR#2030)·ext_unix] ok — 이 라인의 자원은 해당 옵션에서 무해
S167scm.perm__hub_conn1,S,hub_conn1,permissive,none,none,0,normal,resume,--db_mib 8 --index_mib 12 --parse_iters 120000 --refresh_ms 500 --refresh_kib 256 --timer 1 --timer_s 60 --watch 1 --substeps 1 --hub_conns 1 --hub_pending 8 --pass_fd,"[fd 실린 미수신 SCM(PR#2030)·permissive] dump_fail — hub established는 옵션 불가 (경계선 2, 처방만이 답)"
S167scm.perm__hub_subscribed,S,hub_subscribed,permissive,none,none,0,normal,resume,--db_mib 8 --index_mib 12 --parse_iters 120000 --refresh_ms 500 --refresh_kib 256 --timer 1 --timer_s 60 --watch 1 --substeps 1 --hub_conns 1 --hub_pending 8 --pass_fd,[fd 실린 미수신 SCM(PR#2030)·permissive] ok — 이 라인의 자원은 해당 옵션에서 무해
S167scm.perm__ready,S,ready,permissive,none,none,0,normal,"pong,stat",--db_mib 8 --index_mib 12 --parse_iters 120000 --refresh_ms 500 --refresh_kib 256 --timer 1 --timer_s 60 --watch 1 --substeps 1 --hub_conns 1 --hub_pending 8 --pass_fd,[fd 실린 미수신 SCM(PR#2030)·permissive] ok — 이 라인의 자원은 해당 옵션에서 무해
S167scm.perm__steady,S,steady,permissive,none,none,0,normal,"pong,stat",--db_mib 8 --index_mib 12 --parse_iters 120000 --refresh_ms 500 --refresh_kib 256 --timer 1 --timer_s 60 --watch 1 --substeps 1 --hub_conns 1 --hub_pending 8 --pass_fd,[fd 실린 미수신 SCM(PR#2030)·permissive] ok — 이 라인의 자원은 해당 옵션에서 무해
S168scm_gone__hub_subscribed,S,hub_subscribed,strict,hubkill,none,0,normal,resume,--db_mib 8 --index_mib 12 --parse_iters 120000 --refresh_ms 500 --refresh_kib 256 --timer 1 --timer_s 60 --watch 1 --substeps 1 --hub_conns 1 --hub_pending 8 --pass_fd,[SCM 송신자 사망(PR#2030)] ok — 이 라인의 자원은 해당 옵션에서 무해
S168scm_gone__ready,S,ready,strict,hubkill,none,0,normal,"pong,stat",--db_mib 8 --index_mib 12 --parse_iters 120000 --refresh_ms 500 --refresh_kib 256 --timer 1 --timer_s 60 --watch 1 --substeps 1 --hub_conns 1 --hub_pending 8 --pass_fd,[SCM 송신자 사망(PR#2030)] ok — 이 라인의 자원은 해당 옵션에서 무해
S168scm_gone__steady,S,steady,strict,hubkill,none,0,normal,"pong,stat",--db_mib 8 --index_mib 12 --parse_iters 120000 --refresh_ms 500 --refresh_kib 256 --timer 1 --timer_s 60 --watch 1 --substeps 1 --hub_conns 1 --hub_pending 8 --pass_fd,[SCM 송신자 사망(PR#2030)] ok — 이 라인의 자원은 해당 옵션에서 무해
S169timer_exp__timer_armed,S,timer_armed,strict,none,sleep15,0,none,resume,--db_mib 8 --index_mib 12 --parse_iters 120000 --refresh_ms 500 --refresh_kib 256 --timer 1 --timer_s 5 --watch 1 --substeps 1 --hub_conns 0,[타이머 만기 경과 정지] ok — 이 라인의 자원은 해당 옵션에서 무해
S169timer_exp__ready,S,ready,strict,none,sleep15,0,none,"pong,stat",--db_mib 8 --index_mib 12 --parse_iters 120000 --refresh_ms 500 --refresh_kib 256 --timer 1 --timer_s 5 --watch 1 --substeps 1 --hub_conns 0,[타이머 만기 경과 정지] ok — 이 라인의 자원은 해당 옵션에서 무해
S169timer_exp__steady,S,steady,strict,none,sleep15,0,none,"pong,stat",--db_mib 8 --index_mib 12 --parse_iters 120000 --refresh_ms 500 --refresh_kib 256 --timer 1 --timer_s 5 --watch 1 --substeps 1 --hub_conns 0,[타이머 만기 경과 정지] ok — 이 라인의 자원은 해당 옵션에서 무해
S170flood__hub_subscribed,S,hub_subscribed,strict,bye,none,0,normal,resume,--db_mib 8 --index_mib 12 --parse_iters 120000 --refresh_ms 500 --refresh_kib 256 --timer 1 --timer_s 60 --watch 1 --substeps 1 --hub_conns 4 --hub_pending 8 --flood_name 1,[재등록 backlog 폭주(WORLD 전용 의미)] ok — 처방이 외부연결을 해제했으므로 이 라인도 통과 (전 라인 생존이 처방의 증명)
S170flood__ready,S,ready,strict,bye,none,0,normal,"pong,stat",--db_mib 8 --index_mib 12 --parse_iters 120000 --refresh_ms 500 --refresh_kib 256 --timer 1 --timer_s 60 --watch 1 --substeps 1 --hub_conns 4 --hub_pending 8 --flood_name 1,[재등록 backlog 폭주(WORLD 전용 의미)] ok — 처방이 외부연결을 해제했으므로 이 라인도 통과 (전 라인 생존이 처방의 증명)
S170flood__steady,S,steady,strict,bye,none,0,normal,"pong,stat",--db_mib 8 --index_mib 12 --parse_iters 120000 --refresh_ms 500 --refresh_kib 256 --timer 1 --timer_s 60 --watch 1 --substeps 1 --hub_conns 4 --hub_pending 8 --flood_name 1,[재등록 backlog 폭주(WORLD 전용 의미)] ok — 처방이 외부연결을 해제했으므로 이 라인도 통과 (전 라인 생존이 처방의 증명)
S171flood45__ready,S,ready,strict,bye,sleep45,0,normal,"pong,stat",--db_mib 8 --index_mib 12 --parse_iters 120000 --refresh_ms 500 --refresh_kib 256 --timer 1 --timer_s 60 --watch 1 --substeps 1 --hub_conns 4 --hub_pending 8 --flood_name 1,[45s 부재 후 폭주(WORLD)] ok — 처방이 외부연결을 해제했으므로 이 라인도 통과 (전 라인 생존이 처방의 증명)
S171flood45__steady,S,steady,strict,bye,sleep45,0,normal,"pong,stat",--db_mib 8 --index_mib 12 --parse_iters 120000 --refresh_ms 500 --refresh_kib 256 --timer 1 --timer_s 60 --watch 1 --substeps 1 --hub_conns 4 --hub_pending 8 --flood_name 1,[45s 부재 후 폭주(WORLD)] ok — 처방이 외부연결을 해제했으므로 이 라인도 통과 (전 라인 생존이 처방의 증명)
S172droplock2__tcp_conn,S,tcp_conn,permissive,none,droplock_sleep2,0,normal,resume,--db_mib 8 --index_mib 12 --parse_iters 120000 --refresh_ms 500 --refresh_kib 256 --timer 1 --timer_s 60 --watch 1 --substeps 1 --hub_conns 4 --hub_pending 8 --tcp reqresp,[lock 제거·옵션총동원] ok — 이 라인의 자원은 해당 옵션에서 무해
S172droplock2__timer_armed,S,timer_armed,permissive,none,droplock_sleep2,0,normal,resume,--db_mib 8 --index_mib 12 --parse_iters 120000 --refresh_ms 500 --refresh_kib 256 --timer 1 --timer_s 60 --watch 1 --substeps 1 --hub_conns 4 --hub_pending 8 --tcp reqresp,[lock 제거·옵션총동원] ok — 이 라인의 자원은 해당 옵션에서 무해
S172droplock2__db_watch,S,db_watch,permissive,none,droplock_sleep2,0,normal,resume,--db_mib 8 --index_mib 12 --parse_iters 120000 --refresh_ms 500 --refresh_kib 256 --timer 1 --timer_s 60 --watch 1 --substeps 1 --hub_conns 4 --hub_pending 8 --tcp reqresp,[lock 제거·옵션총동원] ok — 이 라인의 자원은 해당 옵션에서 무해
S172droplock2__ready,S,ready,permissive,none,droplock_sleep2,0,normal,"pong,stat",--db_mib 8 --index_mib 12 --parse_iters 120000 --refresh_ms 500 --refresh_kib 256 --timer 1 --timer_s 60 --watch 1 --substeps 1 --hub_conns 4 --hub_pending 8 --tcp reqresp,[lock 제거·옵션총동원] ok — 이 라인의 자원은 해당 옵션에서 무해
S172droplock2__steady,S,steady,permissive,none,droplock_sleep2,0,normal,"pong,stat",--db_mib 8 --index_mib 12 --parse_iters 120000 --refresh_ms 500 --refresh_kib 256 --timer 1 --timer_s 60 --watch 1 --substeps 1 --hub_conns 4 --hub_pending 8 --tcp reqresp,[lock 제거·옵션총동원] ok — 이 라인의 자원은 해당 옵션에서 무해
S173dbgone2__db_open,S,db_open,permissive,none,rmdb,0,none,resume,--db_mib 8 --index_mib 12 --parse_iters 120000 --refresh_ms 500 --refresh_kib 256 --timer 1 --timer_s 60 --watch 1 --substeps 1 --hub_conns 0,[DB 소실·옵션총동원] ok — 이 라인의 자원은 해당 옵션에서 무해
S173dbgone2__db_read,S,db_read,permissive,none,rmdb,0,none,resume,--db_mib 8 --index_mib 12 --parse_iters 120000 --refresh_ms 500 --refresh_kib 256 --timer 1 --timer_s 60 --watch 1 --substeps 1 --hub_conns 0,[DB 소실·옵션총동원] ok — 이 라인의 자원은 해당 옵션에서 무해
S173dbgone2__db_read_p25,S,db_read_p25,permissive,none,rmdb,0,none,resume,--db_mib 8 --index_mib 12 --parse_iters 120000 --refresh_ms 500 --refresh_kib 256 --timer 1 --timer_s 60 --watch 1 --substeps 1 --hub_conns 0,[DB 소실·옵션총동원] ok — 이 라인의 자원은 해당 옵션에서 무해
S173dbgone2__db_read_p50,S,db_read_p50,permissive,none,rmdb,0,none,resume,--db_mib 8 --index_mib 12 --parse_iters 120000 --refresh_ms 500 --refresh_kib 256 --timer 1 --timer_s 60 --watch 1 --substeps 1 --hub_conns 0,[DB 소실·옵션총동원] ok — 이 라인의 자원은 해당 옵션에서 무해
S173dbgone2__db_read_p75,S,db_read_p75,permissive,none,rmdb,0,none,resume,--db_mib 8 --index_mib 12 --parse_iters 120000 --refresh_ms 500 --refresh_kib 256 --timer 1 --timer_s 60 --watch 1 --substeps 1 --hub_conns 0,[DB 소실·옵션총동원] ok — 이 라인의 자원은 해당 옵션에서 무해
S173dbgone2__db_parse,S,db_parse,permissive,none,rmdb,0,none,resume,--db_mib 8 --index_mib 12 --parse_iters 120000 --refresh_ms 500 --refresh_kib 256 --timer 1 --timer_s 60 --watch 1 --substeps 1 --hub_conns 0,[DB 소실·옵션총동원] ok — 이 라인의 자원은 해당 옵션에서 무해
S173dbgone2__db_parse_p25,S,db_parse_p25,permissive,none,rmdb,0,none,resume,--db_mib 8 --index_mib 12 --parse_iters 120000 --refresh_ms 500 --refresh_kib 256 --timer 1 --timer_s 60 --watch 1 --substeps 1 --hub_conns 0,[DB 소실·옵션총동원] ok — 이 라인의 자원은 해당 옵션에서 무해
S173dbgone2__db_parse_p50,S,db_parse_p50,permissive,none,rmdb,0,none,resume,--db_mib 8 --index_mib 12 --parse_iters 120000 --refresh_ms 500 --refresh_kib 256 --timer 1 --timer_s 60 --watch 1 --substeps 1 --hub_conns 0,[DB 소실·옵션총동원] ok — 이 라인의 자원은 해당 옵션에서 무해
S173dbgone2__db_parse_p75,S,db_parse_p75,permissive,none,rmdb,0,none,resume,--db_mib 8 --index_mib 12 --parse_iters 120000 --refresh_ms 500 --refresh_kib 256 --timer 1 --timer_s 60 --watch 1 --substeps 1 --hub_conns 0,[DB 소실·옵션총동원] ok — 이 라인의 자원은 해당 옵션에서 무해
S173dbgone2__epg_index,S,epg_index,permissive,none,rmdb,0,none,resume,--db_mib 8 --index_mib 12 --parse_iters 120000 --refresh_ms 500 --refresh_kib 256 --timer 1 --timer_s 60 --watch 1 --substeps 1 --hub_conns 0,[DB 소실·옵션총동원] ok — 이 라인의 자원은 해당 옵션에서 무해
S173dbgone2__epg_index_p25,S,epg_index_p25,permissive,none,rmdb,0,none,resume,--db_mib 8 --index_mib 12 --parse_iters 120000 --refresh_ms 500 --refresh_kib 256 --timer 1 --timer_s 60 --watch 1 --substeps 1 --hub_conns 0,[DB 소실·옵션총동원] ok — 이 라인의 자원은 해당 옵션에서 무해
S173dbgone2__epg_index_p50,S,epg_index_p50,permissive,none,rmdb,0,none,resume,--db_mib 8 --index_mib 12 --parse_iters 120000 --refresh_ms 500 --refresh_kib 256 --timer 1 --timer_s 60 --watch 1 --substeps 1 --hub_conns 0,[DB 소실·옵션총동원] ok — 이 라인의 자원은 해당 옵션에서 무해
S173dbgone2__epg_index_p75,S,epg_index_p75,permissive,none,rmdb,0,none,resume,--db_mib 8 --index_mib 12 --parse_iters 120000 --refresh_ms 500 --refresh_kib 256 --timer 1 --timer_s 60 --watch 1 --substeps 1 --hub_conns 0,[DB 소실·옵션총동원] ok — 이 라인의 자원은 해당 옵션에서 무해
S173dbgone2__epg_text,S,epg_text,permissive,none,rmdb,0,none,resume,--db_mib 8 --index_mib 12 --parse_iters 120000 --refresh_ms 500 --refresh_kib 256 --timer 1 --timer_s 60 --watch 1 --substeps 1 --hub_conns 0,[DB 소실·옵션총동원] ok — 이 라인의 자원은 해당 옵션에서 무해
S173dbgone2__epg_reserve,S,epg_reserve,permissive,none,rmdb,0,none,resume,--db_mib 8 --index_mib 12 --parse_iters 120000 --refresh_ms 500 --refresh_kib 256 --timer 1 --timer_s 60 --watch 1 --substeps 1 --hub_conns 0,[DB 소실·옵션총동원] ok — 이 라인의 자원은 해당 옵션에서 무해
S173dbgone2__timer_armed,S,timer_armed,permissive,none,rmdb,0,none,resume,--db_mib 8 --index_mib 12 --parse_iters 120000 --refresh_ms 500 --refresh_kib 256 --timer 1 --timer_s 60 --watch 1 --substeps 1 --hub_conns 0,[DB 소실·옵션총동원] ok — 이 라인의 자원은 해당 옵션에서 무해
S173dbgone2__db_watch,S,db_watch,permissive,none,rmdb,0,none,resume,--db_mib 8 --index_mib 12 --parse_iters 120000 --refresh_ms 500 --refresh_kib 256 --timer 1 --timer_s 60 --watch 1 --substeps 1 --hub_conns 0,[DB 소실·옵션총동원] ok — 이 라인의 자원은 해당 옵션에서 무해
S173dbgone2__ready,S,ready,permissive,none,rmdb,0,none,"pong,stat",--db_mib 8 --index_mib 12 --parse_iters 120000 --refresh_ms 500 --refresh_kib 256 --timer 1 --timer_s 60 --watch 1 --substeps 1 --hub_conns 0,[DB 소실·옵션총동원] ok — 이 라인의 자원은 해당 옵션에서 무해
S173dbgone2__steady,S,steady,permissive,none,rmdb,0,none,"pong,stat",--db_mib 8 --index_mib 12 --parse_iters 120000 --refresh_ms 500 --refresh_kib 256 --timer 1 --timer_s 60 --watch 1 --substeps 1 --hub_conns 0,[DB 소실·옵션총동원] ok — 이 라인의 자원은 해당 옵션에서 무해
S174ota2__epg_index,S,epg_index,permissive,none,mvbin,0,none,resume,--db_mib 8 --index_mib 12 --parse_iters 120000 --refresh_ms 500 --refresh_kib 256 --timer 1 --timer_s 60 --watch 1 --substeps 1 --hub_conns 0,[OTA·옵션총동원] ok — 이 라인의 자원은 해당 옵션에서 무해
S174ota2__ready,S,ready,permissive,none,mvbin,0,none,"pong,stat",--db_mib 8 --index_mib 12 --parse_iters 120000 --refresh_ms 500 --refresh_kib 256 --timer 1 --timer_s 60 --watch 1 --substeps 1 --hub_conns 0,[OTA·옵션총동원] ok — 이 라인의 자원은 해당 옵션에서 무해
S174ota2__steady,S,steady,permissive,none,mvbin,0,none,"pong,stat",--db_mib 8 --index_mib 12 --parse_iters 120000 --refresh_ms 500 --refresh_kib 256 --timer 1 --timer_s 60 --watch 1 --substeps 1 --hub_conns 0,[OTA·옵션총동원] ok — 이 라인의 자원은 해당 옵션에서 무해
S175trunc2__db_mmap,S,db_mmap,permissive,none,truncdb,0,none,resume,--db_mib 8 --index_mib 12 --parse_iters 120000 --refresh_ms 500 --refresh_kib 256 --timer 1 --timer_s 60 --watch 1 --substeps 1 --hub_conns 0 --mmap_db 1,[mmap 절단·옵션총동원] ok — 이 라인의 자원은 해당 옵션에서 무해
S175trunc2__ready,S,ready,permissive,none,truncdb,0,none,"pong,stat",--db_mib 8 --index_mib 12 --parse_iters 120000 --refresh_ms 500 --refresh_kib 256 --timer 1 --timer_s 60 --watch 1 --substeps 1 --hub_conns 0 --mmap_db 1,[mmap 절단·옵션총동원] ok — 이 라인의 자원은 해당 옵션에서 무해
S175trunc2__steady,S,steady,permissive,none,truncdb,0,none,"pong,stat",--db_mib 8 --index_mib 12 --parse_iters 120000 --refresh_ms 500 --refresh_kib 256 --timer 1 --timer_s 60 --watch 1 --substeps 1 --hub_conns 0 --mmap_db 1,[mmap 절단·옵션총동원] ok — 이 라인의 자원은 해당 옵션에서 무해
S176squat2__svc_listen,S,svc_listen,permissive,none,squat,0,none,resume,--db_mib 8 --index_mib 12 --parse_iters 120000 --refresh_ms 500 --refresh_kib 256 --timer 1 --timer_s 60 --watch 1 --substeps 1 --hub_conns 0 --unix_listen 1,[이름 선점·옵션총동원] ok — 이 라인의 자원은 해당 옵션에서 무해
S176squat2__ready,S,ready,permissive,none,squat,0,none,"pong,stat",--db_mib 8 --index_mib 12 --parse_iters 120000 --refresh_ms 500 --refresh_kib 256 --timer 1 --timer_s 60 --watch 1 --substeps 1 --hub_conns 0 --unix_listen 1,[이름 선점·옵션총동원] ok — 이 라인의 자원은 해당 옵션에서 무해
S176squat2__steady,S,steady,permissive,none,squat,0,none,"pong,stat",--db_mib 8 --index_mib 12 --parse_iters 120000 --refresh_ms 500 --refresh_kib 256 --timer 1 --timer_s 60 --watch 1 --substeps 1 --hub_conns 0 --unix_listen 1,[이름 선점·옵션총동원] ok — 이 라인의 자원은 해당 옵션에서 무해
S177shmgone2__shm_map,S,shm_map,permissive,none,rmshm,0,none,resume,--db_mib 8 --index_mib 12 --parse_iters 120000 --refresh_ms 500 --refresh_kib 256 --timer 1 --timer_s 60 --watch 1 --substeps 1 --hub_conns 0 --shm_mib 4,[shm 소실·옵션총동원] ok — 이 라인의 자원은 해당 옵션에서 무해
S177shmgone2__ready,S,ready,permissive,none,rmshm,0,none,"pong,stat",--db_mib 8 --index_mib 12 --parse_iters 120000 --refresh_ms 500 --refresh_kib 256 --timer 1 --timer_s 60 --watch 1 --substeps 1 --hub_conns 0 --shm_mib 4,[shm 소실·옵션총동원] ok — 이 라인의 자원은 해당 옵션에서 무해
S177shmgone2__steady,S,steady,permissive,none,rmshm,0,none,"pong,stat",--db_mib 8 --index_mib 12 --parse_iters 120000 --refresh_ms 500 --refresh_kib 256 --timer 1 --timer_s 60 --watch 1 --substeps 1 --hub_conns 0 --shm_mib 4,[shm 소실·옵션총동원] ok — 이 라인의 자원은 해당 옵션에서 무해
S178dbswap2__db_watch,S,db_watch,permissive,none,rmdb_recreate,0,none,resume,--db_mib 8 --index_mib 12 --parse_iters 120000 --refresh_ms 500 --refresh_kib 256 --timer 1 --timer_s 60 --watch 1 --substeps 1 --hub_conns 0 --watch 1,[inode 교체·옵션총동원] ok — 이 라인의 자원은 해당 옵션에서 무해
S178dbswap2__ready,S,ready,permissive,none,rmdb_recreate,0,none,"pong,stat",--db_mib 8 --index_mib 12 --parse_iters 120000 --refresh_ms 500 --refresh_kib 256 --timer 1 --timer_s 60 --watch 1 --substeps 1 --hub_conns 0 --watch 1,[inode 교체·옵션총동원] ok — 이 라인의 자원은 해당 옵션에서 무해
S178dbswap2__steady,S,steady,permissive,none,rmdb_recreate,0,none,"pong,stat",--db_mib 8 --index_mib 12 --parse_iters 120000 --refresh_ms 500 --refresh_kib 256 --timer 1 --timer_s 60 --watch 1 --substeps 1 --hub_conns 0 --watch 1,[inode 교체·옵션총동원] ok — 이 라인의 자원은 해당 옵션에서 무해
S179mem300__init,S,init,strict,none,none,300,none,resume,--db_mib 8 --index_mib 300 --parse_iters 60000 --hub_conns 0 --refresh_ms 500 --refresh_kib 256 --timer 0 --watch 0 --substeps 1,[heavy를 300MiB 한도 복원] 경계 — 이미지가 한도를 넘는 라인부터 실패 (진행률 지점이 경계 정밀화)
S179mem300__db_open,S,db_open,strict,none,none,300,none,resume,--db_mib 8 --index_mib 300 --parse_iters 60000 --hub_conns 0 --refresh_ms 500 --refresh_kib 256 --timer 0 --watch 0 --substeps 1,[heavy를 300MiB 한도 복원] 경계 — 이미지가 한도를 넘는 라인부터 실패 (진행률 지점이 경계 정밀화)
S179mem300__db_read,S,db_read,strict,none,none,300,none,resume,--db_mib 8 --index_mib 300 --parse_iters 60000 --hub_conns 0 --refresh_ms 500 --refresh_kib 256 --timer 0 --watch 0 --substeps 1,[heavy를 300MiB 한도 복원] 경계 — 이미지가 한도를 넘는 라인부터 실패 (진행률 지점이 경계 정밀화)
S179mem300__db_read_p25,S,db_read_p25,strict,none,none,300,none,resume,--db_mib 8 --index_mib 300 --parse_iters 60000 --hub_conns 0 --refresh_ms 500 --refresh_kib 256 --timer 0 --watch 0 --substeps 1,[heavy를 300MiB 한도 복원] 경계 — 이미지가 한도를 넘는 라인부터 실패 (진행률 지점이 경계 정밀화)
S179mem300__db_read_p50,S,db_read_p50,strict,none,none,300,none,resume,--db_mib 8 --index_mib 300 --parse_iters 60000 --hub_conns 0 --refresh_ms 500 --refresh_kib 256 --timer 0 --watch 0 --substeps 1,[heavy를 300MiB 한도 복원] 경계 — 이미지가 한도를 넘는 라인부터 실패 (진행률 지점이 경계 정밀화)
S179mem300__db_read_p75,S,db_read_p75,strict,none,none,300,none,resume,--db_mib 8 --index_mib 300 --parse_iters 60000 --hub_conns 0 --refresh_ms 500 --refresh_kib 256 --timer 0 --watch 0 --substeps 1,[heavy를 300MiB 한도 복원] 경계 — 이미지가 한도를 넘는 라인부터 실패 (진행률 지점이 경계 정밀화)
S179mem300__db_parse,S,db_parse,strict,none,none,300,none,resume,--db_mib 8 --index_mib 300 --parse_iters 60000 --hub_conns 0 --refresh_ms 500 --refresh_kib 256 --timer 0 --watch 0 --substeps 1,[heavy를 300MiB 한도 복원] 경계 — 이미지가 한도를 넘는 라인부터 실패 (진행률 지점이 경계 정밀화)
S179mem300__db_parse_p25,S,db_parse_p25,strict,none,none,300,none,resume,--db_mib 8 --index_mib 300 --parse_iters 60000 --hub_conns 0 --refresh_ms 500 --refresh_kib 256 --timer 0 --watch 0 --substeps 1,[heavy를 300MiB 한도 복원] 경계 — 이미지가 한도를 넘는 라인부터 실패 (진행률 지점이 경계 정밀화)
S179mem300__db_parse_p50,S,db_parse_p50,strict,none,none,300,none,resume,--db_mib 8 --index_mib 300 --parse_iters 60000 --hub_conns 0 --refresh_ms 500 --refresh_kib 256 --timer 0 --watch 0 --substeps 1,[heavy를 300MiB 한도 복원] 경계 — 이미지가 한도를 넘는 라인부터 실패 (진행률 지점이 경계 정밀화)
S179mem300__db_parse_p75,S,db_parse_p75,strict,none,none,300,none,resume,--db_mib 8 --index_mib 300 --parse_iters 60000 --hub_conns 0 --refresh_ms 500 --refresh_kib 256 --timer 0 --watch 0 --substeps 1,[heavy를 300MiB 한도 복원] 경계 — 이미지가 한도를 넘는 라인부터 실패 (진행률 지점이 경계 정밀화)
S179mem300__epg_index,S,epg_index,strict,none,none,300,none,resume,--db_mib 8 --index_mib 300 --parse_iters 60000 --hub_conns 0 --refresh_ms 500 --refresh_kib 256 --timer 0 --watch 0 --substeps 1,[heavy를 300MiB 한도 복원] 경계 — 이미지가 한도를 넘는 라인부터 실패 (진행률 지점이 경계 정밀화)
S179mem300__epg_index_p25,S,epg_index_p25,strict,none,none,300,none,resume,--db_mib 8 --index_mib 300 --parse_iters 60000 --hub_conns 0 --refresh_ms 500 --refresh_kib 256 --timer 0 --watch 0 --substeps 1,[heavy를 300MiB 한도 복원] 경계 — 이미지가 한도를 넘는 라인부터 실패 (진행률 지점이 경계 정밀화)
S179mem300__epg_index_p50,S,epg_index_p50,strict,none,none,300,none,resume,--db_mib 8 --index_mib 300 --parse_iters 60000 --hub_conns 0 --refresh_ms 500 --refresh_kib 256 --timer 0 --watch 0 --substeps 1,[heavy를 300MiB 한도 복원] 경계 — 이미지가 한도를 넘는 라인부터 실패 (진행률 지점이 경계 정밀화)
S179mem300__epg_index_p75,S,epg_index_p75,strict,none,none,300,none,resume,--db_mib 8 --index_mib 300 --parse_iters 60000 --hub_conns 0 --refresh_ms 500 --refresh_kib 256 --timer 0 --watch 0 --substeps 1,[heavy를 300MiB 한도 복원] 경계 — 이미지가 한도를 넘는 라인부터 실패 (진행률 지점이 경계 정밀화)
S179mem300__epg_text,S,epg_text,strict,none,none,300,none,resume,--db_mib 8 --index_mib 300 --parse_iters 60000 --hub_conns 0 --refresh_ms 500 --refresh_kib 256 --timer 0 --watch 0 --substeps 1,[heavy를 300MiB 한도 복원] 경계 — 이미지가 한도를 넘는 라인부터 실패 (진행률 지점이 경계 정밀화)
S179mem300__epg_reserve,S,epg_reserve,strict,none,none,300,none,resume,--db_mib 8 --index_mib 300 --parse_iters 60000 --hub_conns 0 --refresh_ms 500 --refresh_kib 256 --timer 0 --watch 0 --substeps 1,[heavy를 300MiB 한도 복원] 경계 — 이미지가 한도를 넘는 라인부터 실패 (진행률 지점이 경계 정밀화)
S179mem300__ready,S,ready,strict,none,none,300,none,"pong,stat",--db_mib 8 --index_mib 300 --parse_iters 60000 --hub_conns 0 --refresh_ms 500 --refresh_kib 256 --timer 0 --watch 0 --substeps 1,[heavy를 300MiB 한도 복원] 경계 — 이미지가 한도를 넘는 라인부터 실패 (진행률 지점이 경계 정밀화)
S179mem300__steady,S,steady,strict,none,none,300,none,"pong,stat",--db_mib 8 --index_mib 300 --parse_iters 60000 --hub_conns 0 --refresh_ms 500 --refresh_kib 256 --timer 0 --watch 0 --substeps 1,[heavy를 300MiB 한도 복원] 경계 — 이미지가 한도를 넘는 라인부터 실패 (진행률 지점이 경계 정밀화)
S180mem330__init,S,init,strict,none,none,330,none,resume,--db_mib 8 --index_mib 300 --parse_iters 60000 --hub_conns 0 --refresh_ms 500 --refresh_kib 256 --timer 0 --watch 0 --substeps 1,[heavy를 330MiB 한도 복원] 경계 — 이미지가 한도를 넘는 라인부터 실패 (진행률 지점이 경계 정밀화)
S180mem330__db_open,S,db_open,strict,none,none,330,none,resume,--db_mib 8 --index_mib 300 --parse_iters 60000 --hub_conns 0 --refresh_ms 500 --refresh_kib 256 --timer 0 --watch 0 --substeps 1,[heavy를 330MiB 한도 복원] 경계 — 이미지가 한도를 넘는 라인부터 실패 (진행률 지점이 경계 정밀화)
S180mem330__db_read,S,db_read,strict,none,none,330,none,resume,--db_mib 8 --index_mib 300 --parse_iters 60000 --hub_conns 0 --refresh_ms 500 --refresh_kib 256 --timer 0 --watch 0 --substeps 1,[heavy를 330MiB 한도 복원] 경계 — 이미지가 한도를 넘는 라인부터 실패 (진행률 지점이 경계 정밀화)
S180mem330__db_read_p25,S,db_read_p25,strict,none,none,330,none,resume,--db_mib 8 --index_mib 300 --parse_iters 60000 --hub_conns 0 --refresh_ms 500 --refresh_kib 256 --timer 0 --watch 0 --substeps 1,[heavy를 330MiB 한도 복원] 경계 — 이미지가 한도를 넘는 라인부터 실패 (진행률 지점이 경계 정밀화)
S180mem330__db_read_p50,S,db_read_p50,strict,none,none,330,none,resume,--db_mib 8 --index_mib 300 --parse_iters 60000 --hub_conns 0 --refresh_ms 500 --refresh_kib 256 --timer 0 --watch 0 --substeps 1,[heavy를 330MiB 한도 복원] 경계 — 이미지가 한도를 넘는 라인부터 실패 (진행률 지점이 경계 정밀화)
S180mem330__db_read_p75,S,db_read_p75,strict,none,none,330,none,resume,--db_mib 8 --index_mib 300 --parse_iters 60000 --hub_conns 0 --refresh_ms 500 --refresh_kib 256 --timer 0 --watch 0 --substeps 1,[heavy를 330MiB 한도 복원] 경계 — 이미지가 한도를 넘는 라인부터 실패 (진행률 지점이 경계 정밀화)
S180mem330__db_parse,S,db_parse,strict,none,none,330,none,resume,--db_mib 8 --index_mib 300 --parse_iters 60000 --hub_conns 0 --refresh_ms 500 --refresh_kib 256 --timer 0 --watch 0 --substeps 1,[heavy를 330MiB 한도 복원] 경계 — 이미지가 한도를 넘는 라인부터 실패 (진행률 지점이 경계 정밀화)
S180mem330__db_parse_p25,S,db_parse_p25,strict,none,none,330,none,resume,--db_mib 8 --index_mib 300 --parse_iters 60000 --hub_conns 0 --refresh_ms 500 --refresh_kib 256 --timer 0 --watch 0 --substeps 1,[heavy를 330MiB 한도 복원] 경계 — 이미지가 한도를 넘는 라인부터 실패 (진행률 지점이 경계 정밀화)
S180mem330__db_parse_p50,S,db_parse_p50,strict,none,none,330,none,resume,--db_mib 8 --index_mib 300 --parse_iters 60000 --hub_conns 0 --refresh_ms 500 --refresh_kib 256 --timer 0 --watch 0 --substeps 1,[heavy를 330MiB 한도 복원] 경계 — 이미지가 한도를 넘는 라인부터 실패 (진행률 지점이 경계 정밀화)
S180mem330__db_parse_p75,S,db_parse_p75,strict,none,none,330,none,resume,--db_mib 8 --index_mib 300 --parse_iters 60000 --hub_conns 0 --refresh_ms 500 --refresh_kib 256 --timer 0 --watch 0 --substeps 1,[heavy를 330MiB 한도 복원] 경계 — 이미지가 한도를 넘는 라인부터 실패 (진행률 지점이 경계 정밀화)
S180mem330__epg_index,S,epg_index,strict,none,none,330,none,resume,--db_mib 8 --index_mib 300 --parse_iters 60000 --hub_conns 0 --refresh_ms 500 --refresh_kib 256 --timer 0 --watch 0 --substeps 1,[heavy를 330MiB 한도 복원] 경계 — 이미지가 한도를 넘는 라인부터 실패 (진행률 지점이 경계 정밀화)
S180mem330__epg_index_p25,S,epg_index_p25,strict,none,none,330,none,resume,--db_mib 8 --index_mib 300 --parse_iters 60000 --hub_conns 0 --refresh_ms 500 --refresh_kib 256 --timer 0 --watch 0 --substeps 1,[heavy를 330MiB 한도 복원] 경계 — 이미지가 한도를 넘는 라인부터 실패 (진행률 지점이 경계 정밀화)
S180mem330__epg_index_p50,S,epg_index_p50,strict,none,none,330,none,resume,--db_mib 8 --index_mib 300 --parse_iters 60000 --hub_conns 0 --refresh_ms 500 --refresh_kib 256 --timer 0 --watch 0 --substeps 1,[heavy를 330MiB 한도 복원] 경계 — 이미지가 한도를 넘는 라인부터 실패 (진행률 지점이 경계 정밀화)
S180mem330__epg_index_p75,S,epg_index_p75,strict,none,none,330,none,resume,--db_mib 8 --index_mib 300 --parse_iters 60000 --hub_conns 0 --refresh_ms 500 --refresh_kib 256 --timer 0 --watch 0 --substeps 1,[heavy를 330MiB 한도 복원] 경계 — 이미지가 한도를 넘는 라인부터 실패 (진행률 지점이 경계 정밀화)
S180mem330__epg_text,S,epg_text,strict,none,none,330,none,resume,--db_mib 8 --index_mib 300 --parse_iters 60000 --hub_conns 0 --refresh_ms 500 --refresh_kib 256 --timer 0 --watch 0 --substeps 1,[heavy를 330MiB 한도 복원] 경계 — 이미지가 한도를 넘는 라인부터 실패 (진행률 지점이 경계 정밀화)
S180mem330__epg_reserve,S,epg_reserve,strict,none,none,330,none,resume,--db_mib 8 --index_mib 300 --parse_iters 60000 --hub_conns 0 --refresh_ms 500 --refresh_kib 256 --timer 0 --watch 0 --substeps 1,[heavy를 330MiB 한도 복원] 경계 — 이미지가 한도를 넘는 라인부터 실패 (진행률 지점이 경계 정밀화)
S180mem330__ready,S,ready,strict,none,none,330,none,"pong,stat",--db_mib 8 --index_mib 300 --parse_iters 60000 --hub_conns 0 --refresh_ms 500 --refresh_kib 256 --timer 0 --watch 0 --substeps 1,[heavy를 330MiB 한도 복원] 경계 — 이미지가 한도를 넘는 라인부터 실패 (진행률 지점이 경계 정밀화)
S180mem330__steady,S,steady,strict,none,none,330,none,"pong,stat",--db_mib 8 --index_mib 300 --parse_iters 60000 --hub_conns 0 --refresh_ms 500 --refresh_kib 256 --timer 0 --watch 0 --substeps 1,[heavy를 330MiB 한도 복원] 경계 — 이미지가 한도를 넘는 라인부터 실패 (진행률 지점이 경계 정밀화)
S181mem500__init,S,init,strict,none,none,500,none,resume,--db_mib 8 --index_mib 300 --parse_iters 60000 --hub_conns 0 --refresh_ms 500 --refresh_kib 256 --timer 0 --watch 0 --substeps 1,[heavy를 500MiB 한도 복원] 경계 — 이미지가 한도를 넘는 라인부터 실패 (진행률 지점이 경계 정밀화)
S181mem500__db_open,S,db_open,strict,none,none,500,none,resume,--db_mib 8 --index_mib 300 --parse_iters 60000 --hub_conns 0 --refresh_ms 500 --refresh_kib 256 --timer 0 --watch 0 --substeps 1,[heavy를 500MiB 한도 복원] 경계 — 이미지가 한도를 넘는 라인부터 실패 (진행률 지점이 경계 정밀화)
S181mem500__db_read,S,db_read,strict,none,none,500,none,resume,--db_mib 8 --index_mib 300 --parse_iters 60000 --hub_conns 0 --refresh_ms 500 --refresh_kib 256 --timer 0 --watch 0 --substeps 1,[heavy를 500MiB 한도 복원] 경계 — 이미지가 한도를 넘는 라인부터 실패 (진행률 지점이 경계 정밀화)
S181mem500__db_read_p25,S,db_read_p25,strict,none,none,500,none,resume,--db_mib 8 --index_mib 300 --parse_iters 60000 --hub_conns 0 --refresh_ms 500 --refresh_kib 256 --timer 0 --watch 0 --substeps 1,[heavy를 500MiB 한도 복원] 경계 — 이미지가 한도를 넘는 라인부터 실패 (진행률 지점이 경계 정밀화)
S181mem500__db_read_p50,S,db_read_p50,strict,none,none,500,none,resume,--db_mib 8 --index_mib 300 --parse_iters 60000 --hub_conns 0 --refresh_ms 500 --refresh_kib 256 --timer 0 --watch 0 --substeps 1,[heavy를 500MiB 한도 복원] 경계 — 이미지가 한도를 넘는 라인부터 실패 (진행률 지점이 경계 정밀화)
S181mem500__db_read_p75,S,db_read_p75,strict,none,none,500,none,resume,--db_mib 8 --index_mib 300 --parse_iters 60000 --hub_conns 0 --refresh_ms 500 --refresh_kib 256 --timer 0 --watch 0 --substeps 1,[heavy를 500MiB 한도 복원] 경계 — 이미지가 한도를 넘는 라인부터 실패 (진행률 지점이 경계 정밀화)
S181mem500__db_parse,S,db_parse,strict,none,none,500,none,resume,--db_mib 8 --index_mib 300 --parse_iters 60000 --hub_conns 0 --refresh_ms 500 --refresh_kib 256 --timer 0 --watch 0 --substeps 1,[heavy를 500MiB 한도 복원] 경계 — 이미지가 한도를 넘는 라인부터 실패 (진행률 지점이 경계 정밀화)
S181mem500__db_parse_p25,S,db_parse_p25,strict,none,none,500,none,resume,--db_mib 8 --index_mib 300 --parse_iters 60000 --hub_conns 0 --refresh_ms 500 --refresh_kib 256 --timer 0 --watch 0 --substeps 1,[heavy를 500MiB 한도 복원] 경계 — 이미지가 한도를 넘는 라인부터 실패 (진행률 지점이 경계 정밀화)
S181mem500__db_parse_p50,S,db_parse_p50,strict,none,none,500,none,resume,--db_mib 8 --index_mib 300 --parse_iters 60000 --hub_conns 0 --refresh_ms 500 --refresh_kib 256 --timer 0 --watch 0 --substeps 1,[heavy를 500MiB 한도 복원] 경계 — 이미지가 한도를 넘는 라인부터 실패 (진행률 지점이 경계 정밀화)
S181mem500__db_parse_p75,S,db_parse_p75,strict,none,none,500,none,resume,--db_mib 8 --index_mib 300 --parse_iters 60000 --hub_conns 0 --refresh_ms 500 --refresh_kib 256 --timer 0 --watch 0 --substeps 1,[heavy를 500MiB 한도 복원] 경계 — 이미지가 한도를 넘는 라인부터 실패 (진행률 지점이 경계 정밀화)
S181mem500__epg_index,S,epg_index,strict,none,none,500,none,resume,--db_mib 8 --index_mib 300 --parse_iters 60000 --hub_conns 0 --refresh_ms 500 --refresh_kib 256 --timer 0 --watch 0 --substeps 1,[heavy를 500MiB 한도 복원] 경계 — 이미지가 한도를 넘는 라인부터 실패 (진행률 지점이 경계 정밀화)
S181mem500__epg_index_p25,S,epg_index_p25,strict,none,none,500,none,resume,--db_mib 8 --index_mib 300 --parse_iters 60000 --hub_conns 0 --refresh_ms 500 --refresh_kib 256 --timer 0 --watch 0 --substeps 1,[heavy를 500MiB 한도 복원] 경계 — 이미지가 한도를 넘는 라인부터 실패 (진행률 지점이 경계 정밀화)
S181mem500__epg_index_p50,S,epg_index_p50,strict,none,none,500,none,resume,--db_mib 8 --index_mib 300 --parse_iters 60000 --hub_conns 0 --refresh_ms 500 --refresh_kib 256 --timer 0 --watch 0 --substeps 1,[heavy를 500MiB 한도 복원] 경계 — 이미지가 한도를 넘는 라인부터 실패 (진행률 지점이 경계 정밀화)
S181mem500__epg_index_p75,S,epg_index_p75,strict,none,none,500,none,resume,--db_mib 8 --index_mib 300 --parse_iters 60000 --hub_conns 0 --refresh_ms 500 --refresh_kib 256 --timer 0 --watch 0 --substeps 1,[heavy를 500MiB 한도 복원] 경계 — 이미지가 한도를 넘는 라인부터 실패 (진행률 지점이 경계 정밀화)
S181mem500__epg_text,S,epg_text,strict,none,none,500,none,resume,--db_mib 8 --index_mib 300 --parse_iters 60000 --hub_conns 0 --refresh_ms 500 --refresh_kib 256 --timer 0 --watch 0 --substeps 1,[heavy를 500MiB 한도 복원] 경계 — 이미지가 한도를 넘는 라인부터 실패 (진행률 지점이 경계 정밀화)
S181mem500__epg_reserve,S,epg_reserve,strict,none,none,500,none,resume,--db_mib 8 --index_mib 300 --parse_iters 60000 --hub_conns 0 --refresh_ms 500 --refresh_kib 256 --timer 0 --watch 0 --substeps 1,[heavy를 500MiB 한도 복원] 경계 — 이미지가 한도를 넘는 라인부터 실패 (진행률 지점이 경계 정밀화)
S181mem500__ready,S,ready,strict,none,none,500,none,"pong,stat",--db_mib 8 --index_mib 300 --parse_iters 60000 --hub_conns 0 --refresh_ms 500 --refresh_kib 256 --timer 0 --watch 0 --substeps 1,[heavy를 500MiB 한도 복원] 경계 — 이미지가 한도를 넘는 라인부터 실패 (진행률 지점이 경계 정밀화)
S181mem500__steady,S,steady,strict,none,none,500,none,"pong,stat",--db_mib 8 --index_mib 300 --parse_iters 60000 --hub_conns 0 --refresh_ms 500 --refresh_kib 256 --timer 0 --watch 0 --substeps 1,[heavy를 500MiB 한도 복원] 경계 — 이미지가 한도를 넘는 라인부터 실패 (진행률 지점이 경계 정밀화)
S182mem700__init,S,init,strict,none,none,700,none,resume,--db_mib 8 --index_mib 300 --parse_iters 60000 --hub_conns 0 --refresh_ms 500 --refresh_kib 256 --timer 0 --watch 0 --substeps 1,[heavy를 700MiB 한도 복원] 경계 — 이미지가 한도를 넘는 라인부터 실패 (진행률 지점이 경계 정밀화)
S182mem700__db_open,S,db_open,strict,none,none,700,none,resume,--db_mib 8 --index_mib 300 --parse_iters 60000 --hub_conns 0 --refresh_ms 500 --refresh_kib 256 --timer 0 --watch 0 --substeps 1,[heavy를 700MiB 한도 복원] 경계 — 이미지가 한도를 넘는 라인부터 실패 (진행률 지점이 경계 정밀화)
S182mem700__db_read,S,db_read,strict,none,none,700,none,resume,--db_mib 8 --index_mib 300 --parse_iters 60000 --hub_conns 0 --refresh_ms 500 --refresh_kib 256 --timer 0 --watch 0 --substeps 1,[heavy를 700MiB 한도 복원] 경계 — 이미지가 한도를 넘는 라인부터 실패 (진행률 지점이 경계 정밀화)
S182mem700__db_read_p25,S,db_read_p25,strict,none,none,700,none,resume,--db_mib 8 --index_mib 300 --parse_iters 60000 --hub_conns 0 --refresh_ms 500 --refresh_kib 256 --timer 0 --watch 0 --substeps 1,[heavy를 700MiB 한도 복원] 경계 — 이미지가 한도를 넘는 라인부터 실패 (진행률 지점이 경계 정밀화)
S182mem700__db_read_p50,S,db_read_p50,strict,none,none,700,none,resume,--db_mib 8 --index_mib 300 --parse_iters 60000 --hub_conns 0 --refresh_ms 500 --refresh_kib 256 --timer 0 --watch 0 --substeps 1,[heavy를 700MiB 한도 복원] 경계 — 이미지가 한도를 넘는 라인부터 실패 (진행률 지점이 경계 정밀화)
S182mem700__db_read_p75,S,db_read_p75,strict,none,none,700,none,resume,--db_mib 8 --index_mib 300 --parse_iters 60000 --hub_conns 0 --refresh_ms 500 --refresh_kib 256 --timer 0 --watch 0 --substeps 1,[heavy를 700MiB 한도 복원] 경계 — 이미지가 한도를 넘는 라인부터 실패 (진행률 지점이 경계 정밀화)
S182mem700__db_parse,S,db_parse,strict,none,none,700,none,resume,--db_mib 8 --index_mib 300 --parse_iters 60000 --hub_conns 0 --refresh_ms 500 --refresh_kib 256 --timer 0 --watch 0 --substeps 1,[heavy를 700MiB 한도 복원] 경계 — 이미지가 한도를 넘는 라인부터 실패 (진행률 지점이 경계 정밀화)
S182mem700__db_parse_p25,S,db_parse_p25,strict,none,none,700,none,resume,--db_mib 8 --index_mib 300 --parse_iters 60000 --hub_conns 0 --refresh_ms 500 --refresh_kib 256 --timer 0 --watch 0 --substeps 1,[heavy를 700MiB 한도 복원] 경계 — 이미지가 한도를 넘는 라인부터 실패 (진행률 지점이 경계 정밀화)
S182mem700__db_parse_p50,S,db_parse_p50,strict,none,none,700,none,resume,--db_mib 8 --index_mib 300 --parse_iters 60000 --hub_conns 0 --refresh_ms 500 --refresh_kib 256 --timer 0 --watch 0 --substeps 1,[heavy를 700MiB 한도 복원] 경계 — 이미지가 한도를 넘는 라인부터 실패 (진행률 지점이 경계 정밀화)
S182mem700__db_parse_p75,S,db_parse_p75,strict,none,none,700,none,resume,--db_mib 8 --index_mib 300 --parse_iters 60000 --hub_conns 0 --refresh_ms 500 --refresh_kib 256 --timer 0 --watch 0 --substeps 1,[heavy를 700MiB 한도 복원] 경계 — 이미지가 한도를 넘는 라인부터 실패 (진행률 지점이 경계 정밀화)
S182mem700__epg_index,S,epg_index,strict,none,none,700,none,resume,--db_mib 8 --index_mib 300 --parse_iters 60000 --hub_conns 0 --refresh_ms 500 --refresh_kib 256 --timer 0 --watch 0 --substeps 1,[heavy를 700MiB 한도 복원] 경계 — 이미지가 한도를 넘는 라인부터 실패 (진행률 지점이 경계 정밀화)
S182mem700__epg_index_p25,S,epg_index_p25,strict,none,none,700,none,resume,--db_mib 8 --index_mib 300 --parse_iters 60000 --hub_conns 0 --refresh_ms 500 --refresh_kib 256 --timer 0 --watch 0 --substeps 1,[heavy를 700MiB 한도 복원] 경계 — 이미지가 한도를 넘는 라인부터 실패 (진행률 지점이 경계 정밀화)
S182mem700__epg_index_p50,S,epg_index_p50,strict,none,none,700,none,resume,--db_mib 8 --index_mib 300 --parse_iters 60000 --hub_conns 0 --refresh_ms 500 --refresh_kib 256 --timer 0 --watch 0 --substeps 1,[heavy를 700MiB 한도 복원] 경계 — 이미지가 한도를 넘는 라인부터 실패 (진행률 지점이 경계 정밀화)
S182mem700__epg_index_p75,S,epg_index_p75,strict,none,none,700,none,resume,--db_mib 8 --index_mib 300 --parse_iters 60000 --hub_conns 0 --refresh_ms 500 --refresh_kib 256 --timer 0 --watch 0 --substeps 1,[heavy를 700MiB 한도 복원] 경계 — 이미지가 한도를 넘는 라인부터 실패 (진행률 지점이 경계 정밀화)
S182mem700__epg_text,S,epg_text,strict,none,none,700,none,resume,--db_mib 8 --index_mib 300 --parse_iters 60000 --hub_conns 0 --refresh_ms 500 --refresh_kib 256 --timer 0 --watch 0 --substeps 1,[heavy를 700MiB 한도 복원] 경계 — 이미지가 한도를 넘는 라인부터 실패 (진행률 지점이 경계 정밀화)
S182mem700__epg_reserve,S,epg_reserve,strict,none,none,700,none,resume,--db_mib 8 --index_mib 300 --parse_iters 60000 --hub_conns 0 --refresh_ms 500 --refresh_kib 256 --timer 0 --watch 0 --substeps 1,[heavy를 700MiB 한도 복원] 경계 — 이미지가 한도를 넘는 라인부터 실패 (진행률 지점이 경계 정밀화)
S182mem700__ready,S,ready,strict,none,none,700,none,"pong,stat",--db_mib 8 --index_mib 300 --parse_iters 60000 --hub_conns 0 --refresh_ms 500 --refresh_kib 256 --timer 0 --watch 0 --substeps 1,[heavy를 700MiB 한도 복원] 경계 — 이미지가 한도를 넘는 라인부터 실패 (진행률 지점이 경계 정밀화)
S182mem700__steady,S,steady,strict,none,none,700,none,"pong,stat",--db_mib 8 --index_mib 300 --parse_iters 60000 --hub_conns 0 --refresh_ms 500 --refresh_kib 256 --timer 0 --watch 0 --substeps 1,[heavy를 700MiB 한도 복원] 경계 — 이미지가 한도를 넘는 라인부터 실패 (진행률 지점이 경계 정밀화)
S183mem1024__init,S,init,strict,none,none,1024,none,resume,--db_mib 8 --index_mib 300 --parse_iters 60000 --hub_conns 0 --refresh_ms 500 --refresh_kib 256 --timer 0 --watch 0 --substeps 1,[heavy를 1024MiB 한도 복원] 경계 — 이미지가 한도를 넘는 라인부터 실패 (진행률 지점이 경계 정밀화)
S183mem1024__db_open,S,db_open,strict,none,none,1024,none,resume,--db_mib 8 --index_mib 300 --parse_iters 60000 --hub_conns 0 --refresh_ms 500 --refresh_kib 256 --timer 0 --watch 0 --substeps 1,[heavy를 1024MiB 한도 복원] 경계 — 이미지가 한도를 넘는 라인부터 실패 (진행률 지점이 경계 정밀화)
S183mem1024__db_read,S,db_read,strict,none,none,1024,none,resume,--db_mib 8 --index_mib 300 --parse_iters 60000 --hub_conns 0 --refresh_ms 500 --refresh_kib 256 --timer 0 --watch 0 --substeps 1,[heavy를 1024MiB 한도 복원] 경계 — 이미지가 한도를 넘는 라인부터 실패 (진행률 지점이 경계 정밀화)
S183mem1024__db_read_p25,S,db_read_p25,strict,none,none,1024,none,resume,--db_mib 8 --index_mib 300 --parse_iters 60000 --hub_conns 0 --refresh_ms 500 --refresh_kib 256 --timer 0 --watch 0 --substeps 1,[heavy를 1024MiB 한도 복원] 경계 — 이미지가 한도를 넘는 라인부터 실패 (진행률 지점이 경계 정밀화)
S183mem1024__db_read_p50,S,db_read_p50,strict,none,none,1024,none,resume,--db_mib 8 --index_mib 300 --parse_iters 60000 --hub_conns 0 --refresh_ms 500 --refresh_kib 256 --timer 0 --watch 0 --substeps 1,[heavy를 1024MiB 한도 복원] 경계 — 이미지가 한도를 넘는 라인부터 실패 (진행률 지점이 경계 정밀화)
S183mem1024__db_read_p75,S,db_read_p75,strict,none,none,1024,none,resume,--db_mib 8 --index_mib 300 --parse_iters 60000 --hub_conns 0 --refresh_ms 500 --refresh_kib 256 --timer 0 --watch 0 --substeps 1,[heavy를 1024MiB 한도 복원] 경계 — 이미지가 한도를 넘는 라인부터 실패 (진행률 지점이 경계 정밀화)
S183mem1024__db_parse,S,db_parse,strict,none,none,1024,none,resume,--db_mib 8 --index_mib 300 --parse_iters 60000 --hub_conns 0 --refresh_ms 500 --refresh_kib 256 --timer 0 --watch 0 --substeps 1,[heavy를 1024MiB 한도 복원] 경계 — 이미지가 한도를 넘는 라인부터 실패 (진행률 지점이 경계 정밀화)
S183mem1024__db_parse_p25,S,db_parse_p25,strict,none,none,1024,none,resume,--db_mib 8 --index_mib 300 --parse_iters 60000 --hub_conns 0 --refresh_ms 500 --refresh_kib 256 --timer 0 --watch 0 --substeps 1,[heavy를 1024MiB 한도 복원] 경계 — 이미지가 한도를 넘는 라인부터 실패 (진행률 지점이 경계 정밀화)
S183mem1024__db_parse_p50,S,db_parse_p50,strict,none,none,1024,none,resume,--db_mib 8 --index_mib 300 --parse_iters 60000 --hub_conns 0 --refresh_ms 500 --refresh_kib 256 --timer 0 --watch 0 --substeps 1,[heavy를 1024MiB 한도 복원] 경계 — 이미지가 한도를 넘는 라인부터 실패 (진행률 지점이 경계 정밀화)
S183mem1024__db_parse_p75,S,db_parse_p75,strict,none,none,1024,none,resume,--db_mib 8 --index_mib 300 --parse_iters 60000 --hub_conns 0 --refresh_ms 500 --refresh_kib 256 --timer 0 --watch 0 --substeps 1,[heavy를 1024MiB 한도 복원] 경계 — 이미지가 한도를 넘는 라인부터 실패 (진행률 지점이 경계 정밀화)
S183mem1024__epg_index,S,epg_index,strict,none,none,1024,none,resume,--db_mib 8 --index_mib 300 --parse_iters 60000 --hub_conns 0 --refresh_ms 500 --refresh_kib 256 --timer 0 --watch 0 --substeps 1,[heavy를 1024MiB 한도 복원] 경계 — 이미지가 한도를 넘는 라인부터 실패 (진행률 지점이 경계 정밀화)
S183mem1024__epg_index_p25,S,epg_index_p25,strict,none,none,1024,none,resume,--db_mib 8 --index_mib 300 --parse_iters 60000 --hub_conns 0 --refresh_ms 500 --refresh_kib 256 --timer 0 --watch 0 --substeps 1,[heavy를 1024MiB 한도 복원] 경계 — 이미지가 한도를 넘는 라인부터 실패 (진행률 지점이 경계 정밀화)
S183mem1024__epg_index_p50,S,epg_index_p50,strict,none,none,1024,none,resume,--db_mib 8 --index_mib 300 --parse_iters 60000 --hub_conns 0 --refresh_ms 500 --refresh_kib 256 --timer 0 --watch 0 --substeps 1,[heavy를 1024MiB 한도 복원] 경계 — 이미지가 한도를 넘는 라인부터 실패 (진행률 지점이 경계 정밀화)
S183mem1024__epg_index_p75,S,epg_index_p75,strict,none,none,1024,none,resume,--db_mib 8 --index_mib 300 --parse_iters 60000 --hub_conns 0 --refresh_ms 500 --refresh_kib 256 --timer 0 --watch 0 --substeps 1,[heavy를 1024MiB 한도 복원] 경계 — 이미지가 한도를 넘는 라인부터 실패 (진행률 지점이 경계 정밀화)
S183mem1024__epg_text,S,epg_text,strict,none,none,1024,none,resume,--db_mib 8 --index_mib 300 --parse_iters 60000 --hub_conns 0 --refresh_ms 500 --refresh_kib 256 --timer 0 --watch 0 --substeps 1,[heavy를 1024MiB 한도 복원] 경계 — 이미지가 한도를 넘는 라인부터 실패 (진행률 지점이 경계 정밀화)
S183mem1024__epg_reserve,S,epg_reserve,strict,none,none,1024,none,resume,--db_mib 8 --index_mib 300 --parse_iters 60000 --hub_conns 0 --refresh_ms 500 --refresh_kib 256 --timer 0 --watch 0 --substeps 1,[heavy를 1024MiB 한도 복원] 경계 — 이미지가 한도를 넘는 라인부터 실패 (진행률 지점이 경계 정밀화)
S183mem1024__ready,S,ready,strict,none,none,1024,none,"pong,stat",--db_mib 8 --index_mib 300 --parse_iters 60000 --hub_conns 0 --refresh_ms 500 --refresh_kib 256 --timer 0 --watch 0 --substeps 1,[heavy를 1024MiB 한도 복원] 경계 — 이미지가 한도를 넘는 라인부터 실패 (진행률 지점이 경계 정밀화)
S183mem1024__steady,S,steady,strict,none,none,1024,none,"pong,stat",--db_mib 8 --index_mib 300 --parse_iters 60000 --hub_conns 0 --refresh_ms 500 --refresh_kib 256 --timer 0 --watch 0 --substeps 1,[heavy를 1024MiB 한도 복원] 경계 — 이미지가 한도를 넘는 라인부터 실패 (진행률 지점이 경계 정밀화)
S184lmem330__init,S,init,strict,none,none,330,none,resume,--db_mib 2 --index_mib 24 --parse_iters 20000 --hub_conns 0 --refresh_ms 300 --refresh_kib 512 --timer 0 --watch 0 --substeps 1,[light-dirty를 330MiB 한도 복원] 경계 — 이미지가 한도를 넘는 라인부터 실패 (진행률 지점이 경계 정밀화)
S184lmem330__db_open,S,db_open,strict,none,none,330,none,resume,--db_mib 2 --index_mib 24 --parse_iters 20000 --hub_conns 0 --refresh_ms 300 --refresh_kib 512 --timer 0 --watch 0 --substeps 1,[light-dirty를 330MiB 한도 복원] 경계 — 이미지가 한도를 넘는 라인부터 실패 (진행률 지점이 경계 정밀화)
S184lmem330__db_read,S,db_read,strict,none,none,330,none,resume,--db_mib 2 --index_mib 24 --parse_iters 20000 --hub_conns 0 --refresh_ms 300 --refresh_kib 512 --timer 0 --watch 0 --substeps 1,[light-dirty를 330MiB 한도 복원] 경계 — 이미지가 한도를 넘는 라인부터 실패 (진행률 지점이 경계 정밀화)
S184lmem330__db_read_p25,S,db_read_p25,strict,none,none,330,none,resume,--db_mib 2 --index_mib 24 --parse_iters 20000 --hub_conns 0 --refresh_ms 300 --refresh_kib 512 --timer 0 --watch 0 --substeps 1,[light-dirty를 330MiB 한도 복원] 경계 — 이미지가 한도를 넘는 라인부터 실패 (진행률 지점이 경계 정밀화)
S184lmem330__db_read_p50,S,db_read_p50,strict,none,none,330,none,resume,--db_mib 2 --index_mib 24 --parse_iters 20000 --hub_conns 0 --refresh_ms 300 --refresh_kib 512 --timer 0 --watch 0 --substeps 1,[light-dirty를 330MiB 한도 복원] 경계 — 이미지가 한도를 넘는 라인부터 실패 (진행률 지점이 경계 정밀화)
S184lmem330__db_read_p75,S,db_read_p75,strict,none,none,330,none,resume,--db_mib 2 --index_mib 24 --parse_iters 20000 --hub_conns 0 --refresh_ms 300 --refresh_kib 512 --timer 0 --watch 0 --substeps 1,[light-dirty를 330MiB 한도 복원] 경계 — 이미지가 한도를 넘는 라인부터 실패 (진행률 지점이 경계 정밀화)
S184lmem330__db_parse,S,db_parse,strict,none,none,330,none,resume,--db_mib 2 --index_mib 24 --parse_iters 20000 --hub_conns 0 --refresh_ms 300 --refresh_kib 512 --timer 0 --watch 0 --substeps 1,[light-dirty를 330MiB 한도 복원] 경계 — 이미지가 한도를 넘는 라인부터 실패 (진행률 지점이 경계 정밀화)
S184lmem330__db_parse_p25,S,db_parse_p25,strict,none,none,330,none,resume,--db_mib 2 --index_mib 24 --parse_iters 20000 --hub_conns 0 --refresh_ms 300 --refresh_kib 512 --timer 0 --watch 0 --substeps 1,[light-dirty를 330MiB 한도 복원] 경계 — 이미지가 한도를 넘는 라인부터 실패 (진행률 지점이 경계 정밀화)
S184lmem330__db_parse_p50,S,db_parse_p50,strict,none,none,330,none,resume,--db_mib 2 --index_mib 24 --parse_iters 20000 --hub_conns 0 --refresh_ms 300 --refresh_kib 512 --timer 0 --watch 0 --substeps 1,[light-dirty를 330MiB 한도 복원] 경계 — 이미지가 한도를 넘는 라인부터 실패 (진행률 지점이 경계 정밀화)
S184lmem330__db_parse_p75,S,db_parse_p75,strict,none,none,330,none,resume,--db_mib 2 --index_mib 24 --parse_iters 20000 --hub_conns 0 --refresh_ms 300 --refresh_kib 512 --timer 0 --watch 0 --substeps 1,[light-dirty를 330MiB 한도 복원] 경계 — 이미지가 한도를 넘는 라인부터 실패 (진행률 지점이 경계 정밀화)
S184lmem330__epg_index,S,epg_index,strict,none,none,330,none,resume,--db_mib 2 --index_mib 24 --parse_iters 20000 --hub_conns 0 --refresh_ms 300 --refresh_kib 512 --timer 0 --watch 0 --substeps 1,[light-dirty를 330MiB 한도 복원] 경계 — 이미지가 한도를 넘는 라인부터 실패 (진행률 지점이 경계 정밀화)
S184lmem330__epg_index_p25,S,epg_index_p25,strict,none,none,330,none,resume,--db_mib 2 --index_mib 24 --parse_iters 20000 --hub_conns 0 --refresh_ms 300 --refresh_kib 512 --timer 0 --watch 0 --substeps 1,[light-dirty를 330MiB 한도 복원] 경계 — 이미지가 한도를 넘는 라인부터 실패 (진행률 지점이 경계 정밀화)
S184lmem330__epg_index_p50,S,epg_index_p50,strict,none,none,330,none,resume,--db_mib 2 --index_mib 24 --parse_iters 20000 --hub_conns 0 --refresh_ms 300 --refresh_kib 512 --timer 0 --watch 0 --substeps 1,[light-dirty를 330MiB 한도 복원] 경계 — 이미지가 한도를 넘는 라인부터 실패 (진행률 지점이 경계 정밀화)
S184lmem330__epg_index_p75,S,epg_index_p75,strict,none,none,330,none,resume,--db_mib 2 --index_mib 24 --parse_iters 20000 --hub_conns 0 --refresh_ms 300 --refresh_kib 512 --timer 0 --watch 0 --substeps 1,[light-dirty를 330MiB 한도 복원] 경계 — 이미지가 한도를 넘는 라인부터 실패 (진행률 지점이 경계 정밀화)
S184lmem330__epg_text,S,epg_text,strict,none,none,330,none,resume,--db_mib 2 --index_mib 24 --parse_iters 20000 --hub_conns 0 --refresh_ms 300 --refresh_kib 512 --timer 0 --watch 0 --substeps 1,[light-dirty를 330MiB 한도 복원] 경계 — 이미지가 한도를 넘는 라인부터 실패 (진행률 지점이 경계 정밀화)
S184lmem330__epg_reserve,S,epg_reserve,strict,none,none,330,none,resume,--db_mib 2 --index_mib 24 --parse_iters 20000 --hub_conns 0 --refresh_ms 300 --refresh_kib 512 --timer 0 --watch 0 --substeps 1,[light-dirty를 330MiB 한도 복원] 경계 — 이미지가 한도를 넘는 라인부터 실패 (진행률 지점이 경계 정밀화)
S184lmem330__ready,S,ready,strict,none,none,330,none,"pong,stat",--db_mib 2 --index_mib 24 --parse_iters 20000 --hub_conns 0 --refresh_ms 300 --refresh_kib 512 --timer 0 --watch 0 --substeps 1,[light-dirty를 330MiB 한도 복원] 경계 — 이미지가 한도를 넘는 라인부터 실패 (진행률 지점이 경계 정밀화)
S184lmem330__steady,S,steady,strict,none,none,330,none,"pong,stat",--db_mib 2 --index_mib 24 --parse_iters 20000 --hub_conns 0 --refresh_ms 300 --refresh_kib 512 --timer 0 --watch 0 --substeps 1,[light-dirty를 330MiB 한도 복원] 경계 — 이미지가 한도를 넘는 라인부터 실패 (진행률 지점이 경계 정밀화)
S185lmem500__init,S,init,strict,none,none,500,none,resume,--db_mib 2 --index_mib 24 --parse_iters 20000 --hub_conns 0 --refresh_ms 300 --refresh_kib 512 --timer 0 --watch 0 --substeps 1,[light-dirty를 500MiB 한도 복원] 경계 — 이미지가 한도를 넘는 라인부터 실패 (진행률 지점이 경계 정밀화)
S185lmem500__db_open,S,db_open,strict,none,none,500,none,resume,--db_mib 2 --index_mib 24 --parse_iters 20000 --hub_conns 0 --refresh_ms 300 --refresh_kib 512 --timer 0 --watch 0 --substeps 1,[light-dirty를 500MiB 한도 복원] 경계 — 이미지가 한도를 넘는 라인부터 실패 (진행률 지점이 경계 정밀화)
S185lmem500__db_read,S,db_read,strict,none,none,500,none,resume,--db_mib 2 --index_mib 24 --parse_iters 20000 --hub_conns 0 --refresh_ms 300 --refresh_kib 512 --timer 0 --watch 0 --substeps 1,[light-dirty를 500MiB 한도 복원] 경계 — 이미지가 한도를 넘는 라인부터 실패 (진행률 지점이 경계 정밀화)
S185lmem500__db_read_p25,S,db_read_p25,strict,none,none,500,none,resume,--db_mib 2 --index_mib 24 --parse_iters 20000 --hub_conns 0 --refresh_ms 300 --refresh_kib 512 --timer 0 --watch 0 --substeps 1,[light-dirty를 500MiB 한도 복원] 경계 — 이미지가 한도를 넘는 라인부터 실패 (진행률 지점이 경계 정밀화)
S185lmem500__db_read_p50,S,db_read_p50,strict,none,none,500,none,resume,--db_mib 2 --index_mib 24 --parse_iters 20000 --hub_conns 0 --refresh_ms 300 --refresh_kib 512 --timer 0 --watch 0 --substeps 1,[light-dirty를 500MiB 한도 복원] 경계 — 이미지가 한도를 넘는 라인부터 실패 (진행률 지점이 경계 정밀화)
S185lmem500__db_read_p75,S,db_read_p75,strict,none,none,500,none,resume,--db_mib 2 --index_mib 24 --parse_iters 20000 --hub_conns 0 --refresh_ms 300 --refresh_kib 512 --timer 0 --watch 0 --substeps 1,[light-dirty를 500MiB 한도 복원] 경계 — 이미지가 한도를 넘는 라인부터 실패 (진행률 지점이 경계 정밀화)
S185lmem500__db_parse,S,db_parse,strict,none,none,500,none,resume,--db_mib 2 --index_mib 24 --parse_iters 20000 --hub_conns 0 --refresh_ms 300 --refresh_kib 512 --timer 0 --watch 0 --substeps 1,[light-dirty를 500MiB 한도 복원] 경계 — 이미지가 한도를 넘는 라인부터 실패 (진행률 지점이 경계 정밀화)
S185lmem500__db_parse_p25,S,db_parse_p25,strict,none,none,500,none,resume,--db_mib 2 --index_mib 24 --parse_iters 20000 --hub_conns 0 --refresh_ms 300 --refresh_kib 512 --timer 0 --watch 0 --substeps 1,[light-dirty를 500MiB 한도 복원] 경계 — 이미지가 한도를 넘는 라인부터 실패 (진행률 지점이 경계 정밀화)
S185lmem500__db_parse_p50,S,db_parse_p50,strict,none,none,500,none,resume,--db_mib 2 --index_mib 24 --parse_iters 20000 --hub_conns 0 --refresh_ms 300 --refresh_kib 512 --timer 0 --watch 0 --substeps 1,[light-dirty를 500MiB 한도 복원] 경계 — 이미지가 한도를 넘는 라인부터 실패 (진행률 지점이 경계 정밀화)
S185lmem500__db_parse_p75,S,db_parse_p75,strict,none,none,500,none,resume,--db_mib 2 --index_mib 24 --parse_iters 20000 --hub_conns 0 --refresh_ms 300 --refresh_kib 512 --timer 0 --watch 0 --substeps 1,[light-dirty를 500MiB 한도 복원] 경계 — 이미지가 한도를 넘는 라인부터 실패 (진행률 지점이 경계 정밀화)
S185lmem500__epg_index,S,epg_index,strict,none,none,500,none,resume,--db_mib 2 --index_mib 24 --parse_iters 20000 --hub_conns 0 --refresh_ms 300 --refresh_kib 512 --timer 0 --watch 0 --substeps 1,[light-dirty를 500MiB 한도 복원] 경계 — 이미지가 한도를 넘는 라인부터 실패 (진행률 지점이 경계 정밀화)
S185lmem500__epg_index_p25,S,epg_index_p25,strict,none,none,500,none,resume,--db_mib 2 --index_mib 24 --parse_iters 20000 --hub_conns 0 --refresh_ms 300 --refresh_kib 512 --timer 0 --watch 0 --substeps 1,[light-dirty를 500MiB 한도 복원] 경계 — 이미지가 한도를 넘는 라인부터 실패 (진행률 지점이 경계 정밀화)
S185lmem500__epg_index_p50,S,epg_index_p50,strict,none,none,500,none,resume,--db_mib 2 --index_mib 24 --parse_iters 20000 --hub_conns 0 --refresh_ms 300 --refresh_kib 512 --timer 0 --watch 0 --substeps 1,[light-dirty를 500MiB 한도 복원] 경계 — 이미지가 한도를 넘는 라인부터 실패 (진행률 지점이 경계 정밀화)
S185lmem500__epg_index_p75,S,epg_index_p75,strict,none,none,500,none,resume,--db_mib 2 --index_mib 24 --parse_iters 20000 --hub_conns 0 --refresh_ms 300 --refresh_kib 512 --timer 0 --watch 0 --substeps 1,[light-dirty를 500MiB 한도 복원] 경계 — 이미지가 한도를 넘는 라인부터 실패 (진행률 지점이 경계 정밀화)
S185lmem500__epg_text,S,epg_text,strict,none,none,500,none,resume,--db_mib 2 --index_mib 24 --parse_iters 20000 --hub_conns 0 --refresh_ms 300 --refresh_kib 512 --timer 0 --watch 0 --substeps 1,[light-dirty를 500MiB 한도 복원] 경계 — 이미지가 한도를 넘는 라인부터 실패 (진행률 지점이 경계 정밀화)
S185lmem500__epg_reserve,S,epg_reserve,strict,none,none,500,none,resume,--db_mib 2 --index_mib 24 --parse_iters 20000 --hub_conns 0 --refresh_ms 300 --refresh_kib 512 --timer 0 --watch 0 --substeps 1,[light-dirty를 500MiB 한도 복원] 경계 — 이미지가 한도를 넘는 라인부터 실패 (진행률 지점이 경계 정밀화)
S185lmem500__ready,S,ready,strict,none,none,500,none,"pong,stat",--db_mib 2 --index_mib 24 --parse_iters 20000 --hub_conns 0 --refresh_ms 300 --refresh_kib 512 --timer 0 --watch 0 --substeps 1,[light-dirty를 500MiB 한도 복원] 경계 — 이미지가 한도를 넘는 라인부터 실패 (진행률 지점이 경계 정밀화)
S185lmem500__steady,S,steady,strict,none,none,500,none,"pong,stat",--db_mib 2 --index_mib 24 --parse_iters 20000 --hub_conns 0 --refresh_ms 300 --refresh_kib 512 --timer 0 --watch 0 --substeps 1,[light-dirty를 500MiB 한도 복원] 경계 — 이미지가 한도를 넘는 라인부터 실패 (진행률 지점이 경계 정밀화)
S186noaccept__hub_conn1,S,hub_conn1,strict,none,none,0,noaccept,resume,--db_mib 8 --index_mib 12 --parse_iters 120000 --refresh_ms 500 --refresh_kib 256 --timer 1 --timer_s 60 --watch 1 --substeps 1 --hub_conns 1 --hub_pending 8,"[허브가 accept 안 함(backlog)] dump_fail — hub established는 옵션 불가 (경계선 2, 처방만이 답)"
S187hubdead__hub_subscribed,S,hub_subscribed,strict,bye,none,0,down_after,resume,--db_mib 8 --index_mib 12 --parse_iters 120000 --refresh_ms 500 --refresh_kib 256 --timer 1 --timer_s 60 --watch 1 --substeps 1 --hub_conns 4 --hub_pending 8,[재접속 대상 부재] ok — 처방이 외부연결을 해제했으므로 이 라인도 통과 (전 라인 생존이 처방의 증명)
S187hubdead__ready,S,ready,strict,bye,none,0,down_after,"pong,stat",--db_mib 8 --index_mib 12 --parse_iters 120000 --refresh_ms 500 --refresh_kib 256 --timer 1 --timer_s 60 --watch 1 --substeps 1 --hub_conns 4 --hub_pending 8,[재접속 대상 부재] ok — 처방이 외부연결을 해제했으므로 이 라인도 통과 (전 라인 생존이 처방의 증명)
S187hubdead__steady,S,steady,strict,bye,none,0,down_after,"pong,stat",--db_mib 8 --index_mib 12 --parse_iters 120000 --refresh_ms 500 --refresh_kib 256 --timer 1 --timer_s 60 --watch 1 --substeps 1 --hub_conns 4 --hub_pending 8,[재접속 대상 부재] ok — 처방이 외부연결을 해제했으므로 이 라인도 통과 (전 라인 생존이 처방의 증명)
S188selfhub__init,S,init,strict,none,none,0,self,resume,--db_mib 8 --index_mib 12 --parse_iters 120000 --refresh_ms 500 --refresh_kib 256 --timer 1 --timer_s 60 --watch 1 --substeps 1 --hub_conns 2 --hub_pending 8 --selfhub 1,[경계 안 허브(대조)] ok — 이 라인의 자원은 해당 옵션에서 무해
S188selfhub__db_open,S,db_open,strict,none,none,0,self,resume,--db_mib 8 --index_mib 12 --parse_iters 120000 --refresh_ms 500 --refresh_kib 256 --timer 1 --timer_s 60 --watch 1 --substeps 1 --hub_conns 2 --hub_pending 8 --selfhub 1,[경계 안 허브(대조)] ok — 이 라인의 자원은 해당 옵션에서 무해
S188selfhub__db_read,S,db_read,strict,none,none,0,self,resume,--db_mib 8 --index_mib 12 --parse_iters 120000 --refresh_ms 500 --refresh_kib 256 --timer 1 --timer_s 60 --watch 1 --substeps 1 --hub_conns 2 --hub_pending 8 --selfhub 1,[경계 안 허브(대조)] ok — 이 라인의 자원은 해당 옵션에서 무해
S188selfhub__db_read_p25,S,db_read_p25,strict,none,none,0,self,resume,--db_mib 8 --index_mib 12 --parse_iters 120000 --refresh_ms 500 --refresh_kib 256 --timer 1 --timer_s 60 --watch 1 --substeps 1 --hub_conns 2 --hub_pending 8 --selfhub 1,[경계 안 허브(대조)] ok — 이 라인의 자원은 해당 옵션에서 무해
S188selfhub__db_read_p50,S,db_read_p50,strict,none,none,0,self,resume,--db_mib 8 --index_mib 12 --parse_iters 120000 --refresh_ms 500 --refresh_kib 256 --timer 1 --timer_s 60 --watch 1 --substeps 1 --hub_conns 2 --hub_pending 8 --selfhub 1,[경계 안 허브(대조)] ok — 이 라인의 자원은 해당 옵션에서 무해
S188selfhub__db_read_p75,S,db_read_p75,strict,none,none,0,self,resume,--db_mib 8 --index_mib 12 --parse_iters 120000 --refresh_ms 500 --refresh_kib 256 --timer 1 --timer_s 60 --watch 1 --substeps 1 --hub_conns 2 --hub_pending 8 --selfhub 1,[경계 안 허브(대조)] ok — 이 라인의 자원은 해당 옵션에서 무해
S188selfhub__db_parse,S,db_parse,strict,none,none,0,self,resume,--db_mib 8 --index_mib 12 --parse_iters 120000 --refresh_ms 500 --refresh_kib 256 --timer 1 --timer_s 60 --watch 1 --substeps 1 --hub_conns 2 --hub_pending 8 --selfhub 1,[경계 안 허브(대조)] ok — 이 라인의 자원은 해당 옵션에서 무해
S188selfhub__db_parse_p25,S,db_parse_p25,strict,none,none,0,self,resume,--db_mib 8 --index_mib 12 --parse_iters 120000 --refresh_ms 500 --refresh_kib 256 --timer 1 --timer_s 60 --watch 1 --substeps 1 --hub_conns 2 --hub_pending 8 --selfhub 1,[경계 안 허브(대조)] ok — 이 라인의 자원은 해당 옵션에서 무해
S188selfhub__db_parse_p50,S,db_parse_p50,strict,none,none,0,self,resume,--db_mib 8 --index_mib 12 --parse_iters 120000 --refresh_ms 500 --refresh_kib 256 --timer 1 --timer_s 60 --watch 1 --substeps 1 --hub_conns 2 --hub_pending 8 --selfhub 1,[경계 안 허브(대조)] ok — 이 라인의 자원은 해당 옵션에서 무해
S188selfhub__hub_conn1,S,hub_conn1,strict,none,none,0,self,resume,--db_mib 8 --index_mib 12 --parse_iters 120000 --refresh_ms 500 --refresh_kib 256 --timer 1 --timer_s 60 --watch 1 --substeps 1 --hub_conns 2 --hub_pending 8 --selfhub 1,"[경계 안 허브(대조)] dump_fail — hub established는 옵션 불가 (경계선 2, 처방만이 답)"
S188selfhub__hub_conn2,S,hub_conn2,strict,none,none,0,self,resume,--db_mib 8 --index_mib 12 --parse_iters 120000 --refresh_ms 500 --refresh_kib 256 --timer 1 --timer_s 60 --watch 1 --substeps 1 --hub_conns 2 --hub_pending 8 --selfhub 1,"[경계 안 허브(대조)] dump_fail — hub established는 옵션 불가 (경계선 2, 처방만이 답)"
S188selfhub__hub_subscribed,S,hub_subscribed,strict,none,none,0,self,resume,--db_mib 8 --index_mib 12 --parse_iters 120000 --refresh_ms 500 --refresh_kib 256 --timer 1 --timer_s 60 --watch 1 --substeps 1 --hub_conns 2 --hub_pending 8 --selfhub 1,[경계 안 허브(대조)] ok — 이 라인의 자원은 해당 옵션에서 무해
S188selfhub__ready,S,ready,strict,none,none,0,self,"pong,stat",--db_mib 8 --index_mib 12 --parse_iters 120000 --refresh_ms 500 --refresh_kib 256 --timer 1 --timer_s 60 --watch 1 --substeps 1 --hub_conns 2 --hub_pending 8 --selfhub 1,[경계 안 허브(대조)] ok — 이 라인의 자원은 해당 옵션에서 무해
S188selfhub__steady,S,steady,strict,none,none,0,self,"pong,stat",--db_mib 8 --index_mib 12 --parse_iters 120000 --refresh_ms 500 --refresh_kib 256 --timer 1 --timer_s 60 --watch 1 --substeps 1 --hub_conns 2 --hub_pending 8 --selfhub 1,[경계 안 허브(대조)] ok — 이 라인의 자원은 해당 옵션에서 무해
S189srcline__Lsrc_001,S,Lsrc_001,strict,none,none,0,normal,resume,--db_mib 8 --index_mib 12 --parse_iters 120000 --refresh_ms 500 --refresh_kib 256 --timer 1 --timer_s 60 --watch 1 --substeps 1 --hub_conns 4 --hub_pending 8 --tcp reqresp --threads 4 --selfpipe 1 --eventfd 1 --db_lock flock --shm_mib 4 --log_dgram 1 --render 1 --workdir 1 --child 1 --zombie 1 --sigpend 1 --urandom 1 --tmpunlink 1 --epoll 1 --udp 1 --netlink 1 --unix_listen 1 --mmap_db 1 --lbl 1,[소스 문장·옵션 없음] ok — 이 라인의 자원은 해당 옵션에서 무해
S189srcline__Lsrc_002,S,Lsrc_002,strict,none,none,0,normal,resume,--db_mib 8 --index_mib 12 --parse_iters 120000 --refresh_ms 500 --refresh_kib 256 --timer 1 --timer_s 60 --watch 1 --substeps 1 --hub_conns 4 --hub_pending 8 --tcp reqresp --threads 4 --selfpipe 1 --eventfd 1 --db_lock flock --shm_mib 4 --log_dgram 1 --render 1 --workdir 1 --child 1 --zombie 1 --sigpend 1 --urandom 1 --tmpunlink 1 --epoll 1 --udp 1 --netlink 1 --unix_listen 1 --mmap_db 1 --lbl 1,[소스 문장·옵션 없음] ok — 이 라인의 자원은 해당 옵션에서 무해
S189srcline__Lsrc_003,S,Lsrc_003,strict,none,none,0,normal,resume,--db_mib 8 --index_mib 12 --parse_iters 120000 --refresh_ms 500 --refresh_kib 256 --timer 1 --timer_s 60 --watch 1 --substeps 1 --hub_conns 4 --hub_pending 8 --tcp reqresp --threads 4 --selfpipe 1 --eventfd 1 --db_lock flock --shm_mib 4 --log_dgram 1 --render 1 --workdir 1 --child 1 --zombie 1 --sigpend 1 --urandom 1 --tmpunlink 1 --epoll 1 --udp 1 --netlink 1 --unix_listen 1 --mmap_db 1 --lbl 1,[소스 문장·옵션 없음] ok — 이 라인의 자원은 해당 옵션에서 무해
S189srcline__Lsrc_004,S,Lsrc_004,strict,none,none,0,normal,resume,--db_mib 8 --index_mib 12 --parse_iters 120000 --refresh_ms 500 --refresh_kib 256 --timer 1 --timer_s 60 --watch 1 --substeps 1 --hub_conns 4 --hub_pending 8 --tcp reqresp --threads 4 --selfpipe 1 --eventfd 1 --db_lock flock --shm_mib 4 --log_dgram 1 --render 1 --workdir 1 --child 1 --zombie 1 --sigpend 1 --urandom 1 --tmpunlink 1 --epoll 1 --udp 1 --netlink 1 --unix_listen 1 --mmap_db 1 --lbl 1,[소스 문장·옵션 없음] ok — 이 라인의 자원은 해당 옵션에서 무해
S189srcline__Lsrc_005,S,Lsrc_005,strict,none,none,0,normal,resume,--db_mib 8 --index_mib 12 --parse_iters 120000 --refresh_ms 500 --refresh_kib 256 --timer 1 --timer_s 60 --watch 1 --substeps 1 --hub_conns 4 --hub_pending 8 --tcp reqresp --threads 4 --selfpipe 1 --eventfd 1 --db_lock flock --shm_mib 4 --log_dgram 1 --render 1 --workdir 1 --child 1 --zombie 1 --sigpend 1 --urandom 1 --tmpunlink 1 --epoll 1 --udp 1 --netlink 1 --unix_listen 1 --mmap_db 1 --lbl 1,[소스 문장·옵션 없음] ok — 이 라인의 자원은 해당 옵션에서 무해
S189srcline__Lsrc_006,S,Lsrc_006,strict,none,none,0,normal,resume,--db_mib 8 --index_mib 12 --parse_iters 120000 --refresh_ms 500 --refresh_kib 256 --timer 1 --timer_s 60 --watch 1 --substeps 1 --hub_conns 4 --hub_pending 8 --tcp reqresp --threads 4 --selfpipe 1 --eventfd 1 --db_lock flock --shm_mib 4 --log_dgram 1 --render 1 --workdir 1 --child 1 --zombie 1 --sigpend 1 --urandom 1 --tmpunlink 1 --epoll 1 --udp 1 --netlink 1 --unix_listen 1 --mmap_db 1 --lbl 1,[소스 문장·옵션 없음] ok — 이 라인의 자원은 해당 옵션에서 무해
S189srcline__Lsrc_007,S,Lsrc_007,strict,none,none,0,normal,resume,--db_mib 8 --index_mib 12 --parse_iters 120000 --refresh_ms 500 --refresh_kib 256 --timer 1 --timer_s 60 --watch 1 --substeps 1 --hub_conns 4 --hub_pending 8 --tcp reqresp --threads 4 --selfpipe 1 --eventfd 1 --db_lock flock --shm_mib 4 --log_dgram 1 --render 1 --workdir 1 --child 1 --zombie 1 --sigpend 1 --urandom 1 --tmpunlink 1 --epoll 1 --udp 1 --netlink 1 --unix_listen 1 --mmap_db 1 --lbl 1,[소스 문장·옵션 없음] ok — 이 라인의 자원은 해당 옵션에서 무해
S189srcline__Lsrc_008,S,Lsrc_008,strict,none,none,0,normal,resume,--db_mib 8 --index_mib 12 --parse_iters 120000 --refresh_ms 500 --refresh_kib 256 --timer 1 --timer_s 60 --watch 1 --substeps 1 --hub_conns 4 --hub_pending 8 --tcp reqresp --threads 4 --selfpipe 1 --eventfd 1 --db_lock flock --shm_mib 4 --log_dgram 1 --render 1 --workdir 1 --child 1 --zombie 1 --sigpend 1 --urandom 1 --tmpunlink 1 --epoll 1 --udp 1 --netlink 1 --unix_listen 1 --mmap_db 1 --lbl 1,[소스 문장·옵션 없음] ok — 이 라인의 자원은 해당 옵션에서 무해
S189srcline__Lsrc_009,S,Lsrc_009,strict,none,none,0,normal,resume,--db_mib 8 --index_mib 12 --parse_iters 120000 --refresh_ms 500 --refresh_kib 256 --timer 1 --timer_s 60 --watch 1 --substeps 1 --hub_conns 4 --hub_pending 8 --tcp reqresp --threads 4 --selfpipe 1 --eventfd 1 --db_lock flock --shm_mib 4 --log_dgram 1 --render 1 --workdir 1 --child 1 --zombie 1 --sigpend 1 --urandom 1 --tmpunlink 1 --epoll 1 --udp 1 --netlink 1 --unix_listen 1 --mmap_db 1 --lbl 1,[소스 문장·옵션 없음] ok — 이 라인의 자원은 해당 옵션에서 무해
S189srcline__Lsrc_010,S,Lsrc_010,strict,none,none,0,normal,resume,--db_mib 8 --index_mib 12 --parse_iters 120000 --refresh_ms 500 --refresh_kib 256 --timer 1 --timer_s 60 --watch 1 --substeps 1 --hub_conns 4 --hub_pending 8 --tcp reqresp --threads 4 --selfpipe 1 --eventfd 1 --db_lock flock --shm_mib 4 --log_dgram 1 --render 1 --workdir 1 --child 1 --zombie 1 --sigpend 1 --urandom 1 --tmpunlink 1 --epoll 1 --udp 1 --netlink 1 --unix_listen 1 --mmap_db 1 --lbl 1,[소스 문장·옵션 없음] ok — 이 라인의 자원은 해당 옵션에서 무해
S189srcline__Lsrc_011,S,Lsrc_011,strict,none,none,0,normal,resume,--db_mib 8 --index_mib 12 --parse_iters 120000 --refresh_ms 500 --refresh_kib 256 --timer 1 --timer_s 60 --watch 1 --substeps 1 --hub_conns 4 --hub_pending 8 --tcp reqresp --threads 4 --selfpipe 1 --eventfd 1 --db_lock flock --shm_mib 4 --log_dgram 1 --render 1 --workdir 1 --child 1 --zombie 1 --sigpend 1 --urandom 1 --tmpunlink 1 --epoll 1 --udp 1 --netlink 1 --unix_listen 1 --mmap_db 1 --lbl 1,[소스 문장·옵션 없음] ok — 이 라인의 자원은 해당 옵션에서 무해
S189srcline__Lsrc_012,S,Lsrc_012,strict,none,none,0,normal,resume,--db_mib 8 --index_mib 12 --parse_iters 120000 --refresh_ms 500 --refresh_kib 256 --timer 1 --timer_s 60 --watch 1 --substeps 1 --hub_conns 4 --hub_pending 8 --tcp reqresp --threads 4 --selfpipe 1 --eventfd 1 --db_lock flock --shm_mib 4 --log_dgram 1 --render 1 --workdir 1 --child 1 --zombie 1 --sigpend 1 --urandom 1 --tmpunlink 1 --epoll 1 --udp 1 --netlink 1 --unix_listen 1 --mmap_db 1 --lbl 1,[소스 문장·옵션 없음] ok — 이 라인의 자원은 해당 옵션에서 무해
S189srcline__Lsrc_013,S,Lsrc_013,strict,none,none,0,normal,resume,--db_mib 8 --index_mib 12 --parse_iters 120000 --refresh_ms 500 --refresh_kib 256 --timer 1 --timer_s 60 --watch 1 --substeps 1 --hub_conns 4 --hub_pending 8 --tcp reqresp --threads 4 --selfpipe 1 --eventfd 1 --db_lock flock --shm_mib 4 --log_dgram 1 --render 1 --workdir 1 --child 1 --zombie 1 --sigpend 1 --urandom 1 --tmpunlink 1 --epoll 1 --udp 1 --netlink 1 --unix_listen 1 --mmap_db 1 --lbl 1,[소스 문장·옵션 없음] ok — 이 라인의 자원은 해당 옵션에서 무해
S189srcline__Lsrc_014,S,Lsrc_014,strict,none,none,0,normal,resume,--db_mib 8 --index_mib 12 --parse_iters 120000 --refresh_ms 500 --refresh_kib 256 --timer 1 --timer_s 60 --watch 1 --substeps 1 --hub_conns 4 --hub_pending 8 --tcp reqresp --threads 4 --selfpipe 1 --eventfd 1 --db_lock flock --shm_mib 4 --log_dgram 1 --render 1 --workdir 1 --child 1 --zombie 1 --sigpend 1 --urandom 1 --tmpunlink 1 --epoll 1 --udp 1 --netlink 1 --unix_listen 1 --mmap_db 1 --lbl 1,[소스 문장·옵션 없음] ok — 이 라인의 자원은 해당 옵션에서 무해
S189srcline__Lsrc_015,S,Lsrc_015,strict,none,none,0,normal,resume,--db_mib 8 --index_mib 12 --parse_iters 120000 --refresh_ms 500 --refresh_kib 256 --timer 1 --timer_s 60 --watch 1 --substeps 1 --hub_conns 4 --hub_pending 8 --tcp reqresp --threads 4 --selfpipe 1 --eventfd 1 --db_lock flock --shm_mib 4 --log_dgram 1 --render 1 --workdir 1 --child 1 --zombie 1 --sigpend 1 --urandom 1 --tmpunlink 1 --epoll 1 --udp 1 --netlink 1 --unix_listen 1 --mmap_db 1 --lbl 1,[소스 문장·옵션 없음] ok — 이 라인의 자원은 해당 옵션에서 무해
S189srcline__Lsrc_016,S,Lsrc_016,strict,none,none,0,normal,resume,--db_mib 8 --index_mib 12 --parse_iters 120000 --refresh_ms 500 --refresh_kib 256 --timer 1 --timer_s 60 --watch 1 --substeps 1 --hub_conns 4 --hub_pending 8 --tcp reqresp --threads 4 --selfpipe 1 --eventfd 1 --db_lock flock --shm_mib 4 --log_dgram 1 --render 1 --workdir 1 --child 1 --zombie 1 --sigpend 1 --urandom 1 --tmpunlink 1 --epoll 1 --udp 1 --netlink 1 --unix_listen 1 --mmap_db 1 --lbl 1,[소스 문장·옵션 없음] ok — 이 라인의 자원은 해당 옵션에서 무해
S189srcline__Lsrc_017,S,Lsrc_017,strict,none,none,0,normal,resume,--db_mib 8 --index_mib 12 --parse_iters 120000 --refresh_ms 500 --refresh_kib 256 --timer 1 --timer_s 60 --watch 1 --substeps 1 --hub_conns 4 --hub_pending 8 --tcp reqresp --threads 4 --selfpipe 1 --eventfd 1 --db_lock flock --shm_mib 4 --log_dgram 1 --render 1 --workdir 1 --child 1 --zombie 1 --sigpend 1 --urandom 1 --tmpunlink 1 --epoll 1 --udp 1 --netlink 1 --unix_listen 1 --mmap_db 1 --lbl 1,[소스 문장·옵션 없음] ok — 이 라인의 자원은 해당 옵션에서 무해
S189srcline__Lsrc_018,S,Lsrc_018,strict,none,none,0,normal,resume,--db_mib 8 --index_mib 12 --parse_iters 120000 --refresh_ms 500 --refresh_kib 256 --timer 1 --timer_s 60 --watch 1 --substeps 1 --hub_conns 4 --hub_pending 8 --tcp reqresp --threads 4 --selfpipe 1 --eventfd 1 --db_lock flock --shm_mib 4 --log_dgram 1 --render 1 --workdir 1 --child 1 --zombie 1 --sigpend 1 --urandom 1 --tmpunlink 1 --epoll 1 --udp 1 --netlink 1 --unix_listen 1 --mmap_db 1 --lbl 1,[소스 문장·옵션 없음] ok — 이 라인의 자원은 해당 옵션에서 무해
S189srcline__Lsrc_019,S,Lsrc_019,strict,none,none,0,normal,resume,--db_mib 8 --index_mib 12 --parse_iters 120000 --refresh_ms 500 --refresh_kib 256 --timer 1 --timer_s 60 --watch 1 --substeps 1 --hub_conns 4 --hub_pending 8 --tcp reqresp --threads 4 --selfpipe 1 --eventfd 1 --db_lock flock --shm_mib 4 --log_dgram 1 --render 1 --workdir 1 --child 1 --zombie 1 --sigpend 1 --urandom 1 --tmpunlink 1 --epoll 1 --udp 1 --netlink 1 --unix_listen 1 --mmap_db 1 --lbl 1,[소스 문장·옵션 없음] ok — 이 라인의 자원은 해당 옵션에서 무해
S189srcline__Lsrc_020,S,Lsrc_020,strict,none,none,0,normal,resume,--db_mib 8 --index_mib 12 --parse_iters 120000 --refresh_ms 500 --refresh_kib 256 --timer 1 --timer_s 60 --watch 1 --substeps 1 --hub_conns 4 --hub_pending 8 --tcp reqresp --threads 4 --selfpipe 1 --eventfd 1 --db_lock flock --shm_mib 4 --log_dgram 1 --render 1 --workdir 1 --child 1 --zombie 1 --sigpend 1 --urandom 1 --tmpunlink 1 --epoll 1 --udp 1 --netlink 1 --unix_listen 1 --mmap_db 1 --lbl 1,[소스 문장·옵션 없음] ok — 이 라인의 자원은 해당 옵션에서 무해
S189srcline__Lsrc_021,S,Lsrc_021,strict,none,none,0,normal,resume,--db_mib 8 --index_mib 12 --parse_iters 120000 --refresh_ms 500 --refresh_kib 256 --timer 1 --timer_s 60 --watch 1 --substeps 1 --hub_conns 4 --hub_pending 8 --tcp reqresp --threads 4 --selfpipe 1 --eventfd 1 --db_lock flock --shm_mib 4 --log_dgram 1 --render 1 --workdir 1 --child 1 --zombie 1 --sigpend 1 --urandom 1 --tmpunlink 1 --epoll 1 --udp 1 --netlink 1 --unix_listen 1 --mmap_db 1 --lbl 1,[소스 문장·옵션 없음] ok — 이 라인의 자원은 해당 옵션에서 무해
S189srcline__Lsrc_022,S,Lsrc_022,strict,none,none,0,normal,resume,--db_mib 8 --index_mib 12 --parse_iters 120000 --refresh_ms 500 --refresh_kib 256 --timer 1 --timer_s 60 --watch 1 --substeps 1 --hub_conns 4 --hub_pending 8 --tcp reqresp --threads 4 --selfpipe 1 --eventfd 1 --db_lock flock --shm_mib 4 --log_dgram 1 --render 1 --workdir 1 --child 1 --zombie 1 --sigpend 1 --urandom 1 --tmpunlink 1 --epoll 1 --udp 1 --netlink 1 --unix_listen 1 --mmap_db 1 --lbl 1,[소스 문장·옵션 없음] ok — 이 라인의 자원은 해당 옵션에서 무해
S189srcline__Lsrc_023,S,Lsrc_023,strict,none,none,0,normal,resume,--db_mib 8 --index_mib 12 --parse_iters 120000 --refresh_ms 500 --refresh_kib 256 --timer 1 --timer_s 60 --watch 1 --substeps 1 --hub_conns 4 --hub_pending 8 --tcp reqresp --threads 4 --selfpipe 1 --eventfd 1 --db_lock flock --shm_mib 4 --log_dgram 1 --render 1 --workdir 1 --child 1 --zombie 1 --sigpend 1 --urandom 1 --tmpunlink 1 --epoll 1 --udp 1 --netlink 1 --unix_listen 1 --mmap_db 1 --lbl 1,[소스 문장·옵션 없음] ok — 이 라인의 자원은 해당 옵션에서 무해
S189srcline__Lsrc_024,S,Lsrc_024,strict,none,none,0,normal,resume,--db_mib 8 --index_mib 12 --parse_iters 120000 --refresh_ms 500 --refresh_kib 256 --timer 1 --timer_s 60 --watch 1 --substeps 1 --hub_conns 4 --hub_pending 8 --tcp reqresp --threads 4 --selfpipe 1 --eventfd 1 --db_lock flock --shm_mib 4 --log_dgram 1 --render 1 --workdir 1 --child 1 --zombie 1 --sigpend 1 --urandom 1 --tmpunlink 1 --epoll 1 --udp 1 --netlink 1 --unix_listen 1 --mmap_db 1 --lbl 1,[소스 문장·옵션 없음] ok — 이 라인의 자원은 해당 옵션에서 무해
S189srcline__Lsrc_025,S,Lsrc_025,strict,none,none,0,normal,resume,--db_mib 8 --index_mib 12 --parse_iters 120000 --refresh_ms 500 --refresh_kib 256 --timer 1 --timer_s 60 --watch 1 --substeps 1 --hub_conns 4 --hub_pending 8 --tcp reqresp --threads 4 --selfpipe 1 --eventfd 1 --db_lock flock --shm_mib 4 --log_dgram 1 --render 1 --workdir 1 --child 1 --zombie 1 --sigpend 1 --urandom 1 --tmpunlink 1 --epoll 1 --udp 1 --netlink 1 --unix_listen 1 --mmap_db 1 --lbl 1,[소스 문장·옵션 없음] ok — 이 라인의 자원은 해당 옵션에서 무해
S189srcline__Lsrc_026,S,Lsrc_026,strict,none,none,0,normal,resume,--db_mib 8 --index_mib 12 --parse_iters 120000 --refresh_ms 500 --refresh_kib 256 --timer 1 --timer_s 60 --watch 1 --substeps 1 --hub_conns 4 --hub_pending 8 --tcp reqresp --threads 4 --selfpipe 1 --eventfd 1 --db_lock flock --shm_mib 4 --log_dgram 1 --render 1 --workdir 1 --child 1 --zombie 1 --sigpend 1 --urandom 1 --tmpunlink 1 --epoll 1 --udp 1 --netlink 1 --unix_listen 1 --mmap_db 1 --lbl 1,[소스 문장·옵션 없음] ok — 이 라인의 자원은 해당 옵션에서 무해
S189srcline__Lsrc_027,S,Lsrc_027,strict,none,none,0,normal,resume,--db_mib 8 --index_mib 12 --parse_iters 120000 --refresh_ms 500 --refresh_kib 256 --timer 1 --timer_s 60 --watch 1 --substeps 1 --hub_conns 4 --hub_pending 8 --tcp reqresp --threads 4 --selfpipe 1 --eventfd 1 --db_lock flock --shm_mib 4 --log_dgram 1 --render 1 --workdir 1 --child 1 --zombie 1 --sigpend 1 --urandom 1 --tmpunlink 1 --epoll 1 --udp 1 --netlink 1 --unix_listen 1 --mmap_db 1 --lbl 1,[소스 문장·옵션 없음] ok — 이 라인의 자원은 해당 옵션에서 무해
S189srcline__Lsrc_028,S,Lsrc_028,strict,none,none,0,normal,resume,--db_mib 8 --index_mib 12 --parse_iters 120000 --refresh_ms 500 --refresh_kib 256 --timer 1 --timer_s 60 --watch 1 --substeps 1 --hub_conns 4 --hub_pending 8 --tcp reqresp --threads 4 --selfpipe 1 --eventfd 1 --db_lock flock --shm_mib 4 --log_dgram 1 --render 1 --workdir 1 --child 1 --zombie 1 --sigpend 1 --urandom 1 --tmpunlink 1 --epoll 1 --udp 1 --netlink 1 --unix_listen 1 --mmap_db 1 --lbl 1,[소스 문장·옵션 없음] ok — 이 라인의 자원은 해당 옵션에서 무해
S189srcline__Lsrc_029,S,Lsrc_029,strict,none,none,0,normal,resume,--db_mib 8 --index_mib 12 --parse_iters 120000 --refresh_ms 500 --refresh_kib 256 --timer 1 --timer_s 60 --watch 1 --substeps 1 --hub_conns 4 --hub_pending 8 --tcp reqresp --threads 4 --selfpipe 1 --eventfd 1 --db_lock flock --shm_mib 4 --log_dgram 1 --render 1 --workdir 1 --child 1 --zombie 1 --sigpend 1 --urandom 1 --tmpunlink 1 --epoll 1 --udp 1 --netlink 1 --unix_listen 1 --mmap_db 1 --lbl 1,[소스 문장·옵션 없음] ok — 이 라인의 자원은 해당 옵션에서 무해
S189srcline__Lsrc_030,S,Lsrc_030,strict,none,none,0,normal,resume,--db_mib 8 --index_mib 12 --parse_iters 120000 --refresh_ms 500 --refresh_kib 256 --timer 1 --timer_s 60 --watch 1 --substeps 1 --hub_conns 4 --hub_pending 8 --tcp reqresp --threads 4 --selfpipe 1 --eventfd 1 --db_lock flock --shm_mib 4 --log_dgram 1 --render 1 --workdir 1 --child 1 --zombie 1 --sigpend 1 --urandom 1 --tmpunlink 1 --epoll 1 --udp 1 --netlink 1 --unix_listen 1 --mmap_db 1 --lbl 1,[소스 문장·옵션 없음] ok — 이 라인의 자원은 해당 옵션에서 무해
S189srcline__Lsrc_031,S,Lsrc_031,strict,none,none,0,normal,resume,--db_mib 8 --index_mib 12 --parse_iters 120000 --refresh_ms 500 --refresh_kib 256 --timer 1 --timer_s 60 --watch 1 --substeps 1 --hub_conns 4 --hub_pending 8 --tcp reqresp --threads 4 --selfpipe 1 --eventfd 1 --db_lock flock --shm_mib 4 --log_dgram 1 --render 1 --workdir 1 --child 1 --zombie 1 --sigpend 1 --urandom 1 --tmpunlink 1 --epoll 1 --udp 1 --netlink 1 --unix_listen 1 --mmap_db 1 --lbl 1,[소스 문장·옵션 없음] ok — 이 라인의 자원은 해당 옵션에서 무해
S189srcline__Lsrc_032,S,Lsrc_032,strict,none,none,0,normal,resume,--db_mib 8 --index_mib 12 --parse_iters 120000 --refresh_ms 500 --refresh_kib 256 --timer 1 --timer_s 60 --watch 1 --substeps 1 --hub_conns 4 --hub_pending 8 --tcp reqresp --threads 4 --selfpipe 1 --eventfd 1 --db_lock flock --shm_mib 4 --log_dgram 1 --render 1 --workdir 1 --child 1 --zombie 1 --sigpend 1 --urandom 1 --tmpunlink 1 --epoll 1 --udp 1 --netlink 1 --unix_listen 1 --mmap_db 1 --lbl 1,[소스 문장·옵션 없음] ok — 이 라인의 자원은 해당 옵션에서 무해
S189srcline__Lsrc_033,S,Lsrc_033,strict,none,none,0,normal,resume,--db_mib 8 --index_mib 12 --parse_iters 120000 --refresh_ms 500 --refresh_kib 256 --timer 1 --timer_s 60 --watch 1 --substeps 1 --hub_conns 4 --hub_pending 8 --tcp reqresp --threads 4 --selfpipe 1 --eventfd 1 --db_lock flock --shm_mib 4 --log_dgram 1 --render 1 --workdir 1 --child 1 --zombie 1 --sigpend 1 --urandom 1 --tmpunlink 1 --epoll 1 --udp 1 --netlink 1 --unix_listen 1 --mmap_db 1 --lbl 1,[소스 문장·옵션 없음] ok — 이 라인의 자원은 해당 옵션에서 무해
S189srcline__Lsrc_034,S,Lsrc_034,strict,none,none,0,normal,resume,--db_mib 8 --index_mib 12 --parse_iters 120000 --refresh_ms 500 --refresh_kib 256 --timer 1 --timer_s 60 --watch 1 --substeps 1 --hub_conns 4 --hub_pending 8 --tcp reqresp --threads 4 --selfpipe 1 --eventfd 1 --db_lock flock --shm_mib 4 --log_dgram 1 --render 1 --workdir 1 --child 1 --zombie 1 --sigpend 1 --urandom 1 --tmpunlink 1 --epoll 1 --udp 1 --netlink 1 --unix_listen 1 --mmap_db 1 --lbl 1,[소스 문장·옵션 없음] ok — 이 라인의 자원은 해당 옵션에서 무해
S189srcline__Lsrc_035,S,Lsrc_035,strict,none,none,0,normal,resume,--db_mib 8 --index_mib 12 --parse_iters 120000 --refresh_ms 500 --refresh_kib 256 --timer 1 --timer_s 60 --watch 1 --substeps 1 --hub_conns 4 --hub_pending 8 --tcp reqresp --threads 4 --selfpipe 1 --eventfd 1 --db_lock flock --shm_mib 4 --log_dgram 1 --render 1 --workdir 1 --child 1 --zombie 1 --sigpend 1 --urandom 1 --tmpunlink 1 --epoll 1 --udp 1 --netlink 1 --unix_listen 1 --mmap_db 1 --lbl 1,[소스 문장·옵션 없음] ok — 이 라인의 자원은 해당 옵션에서 무해
S189srcline__Lsrc_036,S,Lsrc_036,strict,none,none,0,normal,resume,--db_mib 8 --index_mib 12 --parse_iters 120000 --refresh_ms 500 --refresh_kib 256 --timer 1 --timer_s 60 --watch 1 --substeps 1 --hub_conns 4 --hub_pending 8 --tcp reqresp --threads 4 --selfpipe 1 --eventfd 1 --db_lock flock --shm_mib 4 --log_dgram 1 --render 1 --workdir 1 --child 1 --zombie 1 --sigpend 1 --urandom 1 --tmpunlink 1 --epoll 1 --udp 1 --netlink 1 --unix_listen 1 --mmap_db 1 --lbl 1,[소스 문장·옵션 없음] ok — 이 라인의 자원은 해당 옵션에서 무해
S189srcline__Lsrc_037,S,Lsrc_037,strict,none,none,0,normal,resume,--db_mib 8 --index_mib 12 --parse_iters 120000 --refresh_ms 500 --refresh_kib 256 --timer 1 --timer_s 60 --watch 1 --substeps 1 --hub_conns 4 --hub_pending 8 --tcp reqresp --threads 4 --selfpipe 1 --eventfd 1 --db_lock flock --shm_mib 4 --log_dgram 1 --render 1 --workdir 1 --child 1 --zombie 1 --sigpend 1 --urandom 1 --tmpunlink 1 --epoll 1 --udp 1 --netlink 1 --unix_listen 1 --mmap_db 1 --lbl 1,[소스 문장·옵션 없음] ok — 이 라인의 자원은 해당 옵션에서 무해
S190srcline_opt__Lsrc_001,S,Lsrc_001,permissive,none,none,0,normal,resume,--db_mib 8 --index_mib 12 --parse_iters 120000 --refresh_ms 500 --refresh_kib 256 --timer 1 --timer_s 60 --watch 1 --substeps 1 --hub_conns 4 --hub_pending 8 --tcp reqresp --threads 4 --selfpipe 1 --eventfd 1 --db_lock flock --shm_mib 4 --log_dgram 1 --render 1 --workdir 1 --child 1 --zombie 1 --sigpend 1 --urandom 1 --tmpunlink 1 --epoll 1 --udp 1 --netlink 1 --unix_listen 1 --mmap_db 1 --lbl 1,[소스 문장·옵션 총동원] ok — 이 라인의 자원은 해당 옵션에서 무해
S190srcline_opt__Lsrc_002,S,Lsrc_002,permissive,none,none,0,normal,resume,--db_mib 8 --index_mib 12 --parse_iters 120000 --refresh_ms 500 --refresh_kib 256 --timer 1 --timer_s 60 --watch 1 --substeps 1 --hub_conns 4 --hub_pending 8 --tcp reqresp --threads 4 --selfpipe 1 --eventfd 1 --db_lock flock --shm_mib 4 --log_dgram 1 --render 1 --workdir 1 --child 1 --zombie 1 --sigpend 1 --urandom 1 --tmpunlink 1 --epoll 1 --udp 1 --netlink 1 --unix_listen 1 --mmap_db 1 --lbl 1,[소스 문장·옵션 총동원] ok — 이 라인의 자원은 해당 옵션에서 무해
S190srcline_opt__Lsrc_003,S,Lsrc_003,permissive,none,none,0,normal,resume,--db_mib 8 --index_mib 12 --parse_iters 120000 --refresh_ms 500 --refresh_kib 256 --timer 1 --timer_s 60 --watch 1 --substeps 1 --hub_conns 4 --hub_pending 8 --tcp reqresp --threads 4 --selfpipe 1 --eventfd 1 --db_lock flock --shm_mib 4 --log_dgram 1 --render 1 --workdir 1 --child 1 --zombie 1 --sigpend 1 --urandom 1 --tmpunlink 1 --epoll 1 --udp 1 --netlink 1 --unix_listen 1 --mmap_db 1 --lbl 1,[소스 문장·옵션 총동원] ok — 이 라인의 자원은 해당 옵션에서 무해
S190srcline_opt__Lsrc_004,S,Lsrc_004,permissive,none,none,0,normal,resume,--db_mib 8 --index_mib 12 --parse_iters 120000 --refresh_ms 500 --refresh_kib 256 --timer 1 --timer_s 60 --watch 1 --substeps 1 --hub_conns 4 --hub_pending 8 --tcp reqresp --threads 4 --selfpipe 1 --eventfd 1 --db_lock flock --shm_mib 4 --log_dgram 1 --render 1 --workdir 1 --child 1 --zombie 1 --sigpend 1 --urandom 1 --tmpunlink 1 --epoll 1 --udp 1 --netlink 1 --unix_listen 1 --mmap_db 1 --lbl 1,[소스 문장·옵션 총동원] ok — 이 라인의 자원은 해당 옵션에서 무해
S190srcline_opt__Lsrc_005,S,Lsrc_005,permissive,none,none,0,normal,resume,--db_mib 8 --index_mib 12 --parse_iters 120000 --refresh_ms 500 --refresh_kib 256 --timer 1 --timer_s 60 --watch 1 --substeps 1 --hub_conns 4 --hub_pending 8 --tcp reqresp --threads 4 --selfpipe 1 --eventfd 1 --db_lock flock --shm_mib 4 --log_dgram 1 --render 1 --workdir 1 --child 1 --zombie 1 --sigpend 1 --urandom 1 --tmpunlink 1 --epoll 1 --udp 1 --netlink 1 --unix_listen 1 --mmap_db 1 --lbl 1,[소스 문장·옵션 총동원] ok — 이 라인의 자원은 해당 옵션에서 무해
S190srcline_opt__Lsrc_006,S,Lsrc_006,permissive,none,none,0,normal,resume,--db_mib 8 --index_mib 12 --parse_iters 120000 --refresh_ms 500 --refresh_kib 256 --timer 1 --timer_s 60 --watch 1 --substeps 1 --hub_conns 4 --hub_pending 8 --tcp reqresp --threads 4 --selfpipe 1 --eventfd 1 --db_lock flock --shm_mib 4 --log_dgram 1 --render 1 --workdir 1 --child 1 --zombie 1 --sigpend 1 --urandom 1 --tmpunlink 1 --epoll 1 --udp 1 --netlink 1 --unix_listen 1 --mmap_db 1 --lbl 1,[소스 문장·옵션 총동원] ok — 이 라인의 자원은 해당 옵션에서 무해
S190srcline_opt__Lsrc_007,S,Lsrc_007,permissive,none,none,0,normal,resume,--db_mib 8 --index_mib 12 --parse_iters 120000 --refresh_ms 500 --refresh_kib 256 --timer 1 --timer_s 60 --watch 1 --substeps 1 --hub_conns 4 --hub_pending 8 --tcp reqresp --threads 4 --selfpipe 1 --eventfd 1 --db_lock flock --shm_mib 4 --log_dgram 1 --render 1 --workdir 1 --child 1 --zombie 1 --sigpend 1 --urandom 1 --tmpunlink 1 --epoll 1 --udp 1 --netlink 1 --unix_listen 1 --mmap_db 1 --lbl 1,[소스 문장·옵션 총동원] ok — 이 라인의 자원은 해당 옵션에서 무해
S190srcline_opt__Lsrc_008,S,Lsrc_008,permissive,none,none,0,normal,resume,--db_mib 8 --index_mib 12 --parse_iters 120000 --refresh_ms 500 --refresh_kib 256 --timer 1 --timer_s 60 --watch 1 --substeps 1 --hub_conns 4 --hub_pending 8 --tcp reqresp --threads 4 --selfpipe 1 --eventfd 1 --db_lock flock --shm_mib 4 --log_dgram 1 --render 1 --workdir 1 --child 1 --zombie 1 --sigpend 1 --urandom 1 --tmpunlink 1 --epoll 1 --udp 1 --netlink 1 --unix_listen 1 --mmap_db 1 --lbl 1,[소스 문장·옵션 총동원] ok — 이 라인의 자원은 해당 옵션에서 무해
S190srcline_opt__Lsrc_009,S,Lsrc_009,permissive,none,none,0,normal,resume,--db_mib 8 --index_mib 12 --parse_iters 120000 --refresh_ms 500 --refresh_kib 256 --timer 1 --timer_s 60 --watch 1 --substeps 1 --hub_conns 4 --hub_pending 8 --tcp reqresp --threads 4 --selfpipe 1 --eventfd 1 --db_lock flock --shm_mib 4 --log_dgram 1 --render 1 --workdir 1 --child 1 --zombie 1 --sigpend 1 --urandom 1 --tmpunlink 1 --epoll 1 --udp 1 --netlink 1 --unix_listen 1 --mmap_db 1 --lbl 1,[소스 문장·옵션 총동원] ok — 이 라인의 자원은 해당 옵션에서 무해
S190srcline_opt__Lsrc_010,S,Lsrc_010,permissive,none,none,0,normal,resume,--db_mib 8 --index_mib 12 --parse_iters 120000 --refresh_ms 500 --refresh_kib 256 --timer 1 --timer_s 60 --watch 1 --substeps 1 --hub_conns 4 --hub_pending 8 --tcp reqresp --threads 4 --selfpipe 1 --eventfd 1 --db_lock flock --shm_mib 4 --log_dgram 1 --render 1 --workdir 1 --child 1 --zombie 1 --sigpend 1 --urandom 1 --tmpunlink 1 --epoll 1 --udp 1 --netlink 1 --unix_listen 1 --mmap_db 1 --lbl 1,[소스 문장·옵션 총동원] ok — 이 라인의 자원은 해당 옵션에서 무해
S190srcline_opt__Lsrc_011,S,Lsrc_011,permissive,none,none,0,normal,resume,--db_mib 8 --index_mib 12 --parse_iters 120000 --refresh_ms 500 --refresh_kib 256 --timer 1 --timer_s 60 --watch 1 --substeps 1 --hub_conns 4 --hub_pending 8 --tcp reqresp --threads 4 --selfpipe 1 --eventfd 1 --db_lock flock --shm_mib 4 --log_dgram 1 --render 1 --workdir 1 --child 1 --zombie 1 --sigpend 1 --urandom 1 --tmpunlink 1 --epoll 1 --udp 1 --netlink 1 --unix_listen 1 --mmap_db 1 --lbl 1,[소스 문장·옵션 총동원] ok — 이 라인의 자원은 해당 옵션에서 무해
S190srcline_opt__Lsrc_012,S,Lsrc_012,permissive,none,none,0,normal,resume,--db_mib 8 --index_mib 12 --parse_iters 120000 --refresh_ms 500 --refresh_kib 256 --timer 1 --timer_s 60 --watch 1 --substeps 1 --hub_conns 4 --hub_pending 8 --tcp reqresp --threads 4 --selfpipe 1 --eventfd 1 --db_lock flock --shm_mib 4 --log_dgram 1 --render 1 --workdir 1 --child 1 --zombie 1 --sigpend 1 --urandom 1 --tmpunlink 1 --epoll 1 --udp 1 --netlink 1 --unix_listen 1 --mmap_db 1 --lbl 1,[소스 문장·옵션 총동원] ok — 이 라인의 자원은 해당 옵션에서 무해
S190srcline_opt__Lsrc_013,S,Lsrc_013,permissive,none,none,0,normal,resume,--db_mib 8 --index_mib 12 --parse_iters 120000 --refresh_ms 500 --refresh_kib 256 --timer 1 --timer_s 60 --watch 1 --substeps 1 --hub_conns 4 --hub_pending 8 --tcp reqresp --threads 4 --selfpipe 1 --eventfd 1 --db_lock flock --shm_mib 4 --log_dgram 1 --render 1 --workdir 1 --child 1 --zombie 1 --sigpend 1 --urandom 1 --tmpunlink 1 --epoll 1 --udp 1 --netlink 1 --unix_listen 1 --mmap_db 1 --lbl 1,[소스 문장·옵션 총동원] ok — 이 라인의 자원은 해당 옵션에서 무해
S190srcline_opt__Lsrc_014,S,Lsrc_014,permissive,none,none,0,normal,resume,--db_mib 8 --index_mib 12 --parse_iters 120000 --refresh_ms 500 --refresh_kib 256 --timer 1 --timer_s 60 --watch 1 --substeps 1 --hub_conns 4 --hub_pending 8 --tcp reqresp --threads 4 --selfpipe 1 --eventfd 1 --db_lock flock --shm_mib 4 --log_dgram 1 --render 1 --workdir 1 --child 1 --zombie 1 --sigpend 1 --urandom 1 --tmpunlink 1 --epoll 1 --udp 1 --netlink 1 --unix_listen 1 --mmap_db 1 --lbl 1,[소스 문장·옵션 총동원] ok — 이 라인의 자원은 해당 옵션에서 무해
S190srcline_opt__Lsrc_015,S,Lsrc_015,permissive,none,none,0,normal,resume,--db_mib 8 --index_mib 12 --parse_iters 120000 --refresh_ms 500 --refresh_kib 256 --timer 1 --timer_s 60 --watch 1 --substeps 1 --hub_conns 4 --hub_pending 8 --tcp reqresp --threads 4 --selfpipe 1 --eventfd 1 --db_lock flock --shm_mib 4 --log_dgram 1 --render 1 --workdir 1 --child 1 --zombie 1 --sigpend 1 --urandom 1 --tmpunlink 1 --epoll 1 --udp 1 --netlink 1 --unix_listen 1 --mmap_db 1 --lbl 1,[소스 문장·옵션 총동원] ok — 이 라인의 자원은 해당 옵션에서 무해
S190srcline_opt__Lsrc_016,S,Lsrc_016,permissive,none,none,0,normal,resume,--db_mib 8 --index_mib 12 --parse_iters 120000 --refresh_ms 500 --refresh_kib 256 --timer 1 --timer_s 60 --watch 1 --substeps 1 --hub_conns 4 --hub_pending 8 --tcp reqresp --threads 4 --selfpipe 1 --eventfd 1 --db_lock flock --shm_mib 4 --log_dgram 1 --render 1 --workdir 1 --child 1 --zombie 1 --sigpend 1 --urandom 1 --tmpunlink 1 --epoll 1 --udp 1 --netlink 1 --unix_listen 1 --mmap_db 1 --lbl 1,[소스 문장·옵션 총동원] ok — 이 라인의 자원은 해당 옵션에서 무해
S190srcline_opt__Lsrc_017,S,Lsrc_017,permissive,none,none,0,normal,resume,--db_mib 8 --index_mib 12 --parse_iters 120000 --refresh_ms 500 --refresh_kib 256 --timer 1 --timer_s 60 --watch 1 --substeps 1 --hub_conns 4 --hub_pending 8 --tcp reqresp --threads 4 --selfpipe 1 --eventfd 1 --db_lock flock --shm_mib 4 --log_dgram 1 --render 1 --workdir 1 --child 1 --zombie 1 --sigpend 1 --urandom 1 --tmpunlink 1 --epoll 1 --udp 1 --netlink 1 --unix_listen 1 --mmap_db 1 --lbl 1,[소스 문장·옵션 총동원] ok — 이 라인의 자원은 해당 옵션에서 무해
S190srcline_opt__Lsrc_018,S,Lsrc_018,permissive,none,none,0,normal,resume,--db_mib 8 --index_mib 12 --parse_iters 120000 --refresh_ms 500 --refresh_kib 256 --timer 1 --timer_s 60 --watch 1 --substeps 1 --hub_conns 4 --hub_pending 8 --tcp reqresp --threads 4 --selfpipe 1 --eventfd 1 --db_lock flock --shm_mib 4 --log_dgram 1 --render 1 --workdir 1 --child 1 --zombie 1 --sigpend 1 --urandom 1 --tmpunlink 1 --epoll 1 --udp 1 --netlink 1 --unix_listen 1 --mmap_db 1 --lbl 1,[소스 문장·옵션 총동원] ok — 이 라인의 자원은 해당 옵션에서 무해
S190srcline_opt__Lsrc_019,S,Lsrc_019,permissive,none,none,0,normal,resume,--db_mib 8 --index_mib 12 --parse_iters 120000 --refresh_ms 500 --refresh_kib 256 --timer 1 --timer_s 60 --watch 1 --substeps 1 --hub_conns 4 --hub_pending 8 --tcp reqresp --threads 4 --selfpipe 1 --eventfd 1 --db_lock flock --shm_mib 4 --log_dgram 1 --render 1 --workdir 1 --child 1 --zombie 1 --sigpend 1 --urandom 1 --tmpunlink 1 --epoll 1 --udp 1 --netlink 1 --unix_listen 1 --mmap_db 1 --lbl 1,[소스 문장·옵션 총동원] ok — 이 라인의 자원은 해당 옵션에서 무해
S190srcline_opt__Lsrc_020,S,Lsrc_020,permissive,none,none,0,normal,resume,--db_mib 8 --index_mib 12 --parse_iters 120000 --refresh_ms 500 --refresh_kib 256 --timer 1 --timer_s 60 --watch 1 --substeps 1 --hub_conns 4 --hub_pending 8 --tcp reqresp --threads 4 --selfpipe 1 --eventfd 1 --db_lock flock --shm_mib 4 --log_dgram 1 --render 1 --workdir 1 --child 1 --zombie 1 --sigpend 1 --urandom 1 --tmpunlink 1 --epoll 1 --udp 1 --netlink 1 --unix_listen 1 --mmap_db 1 --lbl 1,[소스 문장·옵션 총동원] ok — 이 라인의 자원은 해당 옵션에서 무해
S190srcline_opt__Lsrc_021,S,Lsrc_021,permissive,none,none,0,normal,resume,--db_mib 8 --index_mib 12 --parse_iters 120000 --refresh_ms 500 --refresh_kib 256 --timer 1 --timer_s 60 --watch 1 --substeps 1 --hub_conns 4 --hub_pending 8 --tcp reqresp --threads 4 --selfpipe 1 --eventfd 1 --db_lock flock --shm_mib 4 --log_dgram 1 --render 1 --workdir 1 --child 1 --zombie 1 --sigpend 1 --urandom 1 --tmpunlink 1 --epoll 1 --udp 1 --netlink 1 --unix_listen 1 --mmap_db 1 --lbl 1,[소스 문장·옵션 총동원] ok — 이 라인의 자원은 해당 옵션에서 무해
S190srcline_opt__Lsrc_022,S,Lsrc_022,permissive,none,none,0,normal,resume,--db_mib 8 --index_mib 12 --parse_iters 120000 --refresh_ms 500 --refresh_kib 256 --timer 1 --timer_s 60 --watch 1 --substeps 1 --hub_conns 4 --hub_pending 8 --tcp reqresp --threads 4 --selfpipe 1 --eventfd 1 --db_lock flock --shm_mib 4 --log_dgram 1 --render 1 --workdir 1 --child 1 --zombie 1 --sigpend 1 --urandom 1 --tmpunlink 1 --epoll 1 --udp 1 --netlink 1 --unix_listen 1 --mmap_db 1 --lbl 1,[소스 문장·옵션 총동원] ok — 이 라인의 자원은 해당 옵션에서 무해
S190srcline_opt__Lsrc_023,S,Lsrc_023,permissive,none,none,0,normal,resume,--db_mib 8 --index_mib 12 --parse_iters 120000 --refresh_ms 500 --refresh_kib 256 --timer 1 --timer_s 60 --watch 1 --substeps 1 --hub_conns 4 --hub_pending 8 --tcp reqresp --threads 4 --selfpipe 1 --eventfd 1 --db_lock flock --shm_mib 4 --log_dgram 1 --render 1 --workdir 1 --child 1 --zombie 1 --sigpend 1 --urandom 1 --tmpunlink 1 --epoll 1 --udp 1 --netlink 1 --unix_listen 1 --mmap_db 1 --lbl 1,[소스 문장·옵션 총동원] ok — 이 라인의 자원은 해당 옵션에서 무해
S190srcline_opt__Lsrc_024,S,Lsrc_024,permissive,none,none,0,normal,resume,--db_mib 8 --index_mib 12 --parse_iters 120000 --refresh_ms 500 --refresh_kib 256 --timer 1 --timer_s 60 --watch 1 --substeps 1 --hub_conns 4 --hub_pending 8 --tcp reqresp --threads 4 --selfpipe 1 --eventfd 1 --db_lock flock --shm_mib 4 --log_dgram 1 --render 1 --workdir 1 --child 1 --zombie 1 --sigpend 1 --urandom 1 --tmpunlink 1 --epoll 1 --udp 1 --netlink 1 --unix_listen 1 --mmap_db 1 --lbl 1,[소스 문장·옵션 총동원] ok — 이 라인의 자원은 해당 옵션에서 무해
S190srcline_opt__Lsrc_025,S,Lsrc_025,permissive,none,none,0,normal,resume,--db_mib 8 --index_mib 12 --parse_iters 120000 --refresh_ms 500 --refresh_kib 256 --timer 1 --timer_s 60 --watch 1 --substeps 1 --hub_conns 4 --hub_pending 8 --tcp reqresp --threads 4 --selfpipe 1 --eventfd 1 --db_lock flock --shm_mib 4 --log_dgram 1 --render 1 --workdir 1 --child 1 --zombie 1 --sigpend 1 --urandom 1 --tmpunlink 1 --epoll 1 --udp 1 --netlink 1 --unix_listen 1 --mmap_db 1 --lbl 1,[소스 문장·옵션 총동원] ok — 이 라인의 자원은 해당 옵션에서 무해
S190srcline_opt__Lsrc_026,S,Lsrc_026,permissive,none,none,0,normal,resume,--db_mib 8 --index_mib 12 --parse_iters 120000 --refresh_ms 500 --refresh_kib 256 --timer 1 --timer_s 60 --watch 1 --substeps 1 --hub_conns 4 --hub_pending 8 --tcp reqresp --threads 4 --selfpipe 1 --eventfd 1 --db_lock flock --shm_mib 4 --log_dgram 1 --render 1 --workdir 1 --child 1 --zombie 1 --sigpend 1 --urandom 1 --tmpunlink 1 --epoll 1 --udp 1 --netlink 1 --unix_listen 1 --mmap_db 1 --lbl 1,[소스 문장·옵션 총동원] ok — 이 라인의 자원은 해당 옵션에서 무해
S190srcline_opt__Lsrc_027,S,Lsrc_027,permissive,none,none,0,normal,resume,--db_mib 8 --index_mib 12 --parse_iters 120000 --refresh_ms 500 --refresh_kib 256 --timer 1 --timer_s 60 --watch 1 --substeps 1 --hub_conns 4 --hub_pending 8 --tcp reqresp --threads 4 --selfpipe 1 --eventfd 1 --db_lock flock --shm_mib 4 --log_dgram 1 --render 1 --workdir 1 --child 1 --zombie 1 --sigpend 1 --urandom 1 --tmpunlink 1 --epoll 1 --udp 1 --netlink 1 --unix_listen 1 --mmap_db 1 --lbl 1,[소스 문장·옵션 총동원] ok — 이 라인의 자원은 해당 옵션에서 무해
S190srcline_opt__Lsrc_028,S,Lsrc_028,permissive,none,none,0,normal,resume,--db_mib 8 --index_mib 12 --parse_iters 120000 --refresh_ms 500 --refresh_kib 256 --timer 1 --timer_s 60 --watch 1 --substeps 1 --hub_conns 4 --hub_pending 8 --tcp reqresp --threads 4 --selfpipe 1 --eventfd 1 --db_lock flock --shm_mib 4 --log_dgram 1 --render 1 --workdir 1 --child 1 --zombie 1 --sigpend 1 --urandom 1 --tmpunlink 1 --epoll 1 --udp 1 --netlink 1 --unix_listen 1 --mmap_db 1 --lbl 1,[소스 문장·옵션 총동원] ok — 이 라인의 자원은 해당 옵션에서 무해
S190srcline_opt__Lsrc_029,S,Lsrc_029,permissive,none,none,0,normal,resume,--db_mib 8 --index_mib 12 --parse_iters 120000 --refresh_ms 500 --refresh_kib 256 --timer 1 --timer_s 60 --watch 1 --substeps 1 --hub_conns 4 --hub_pending 8 --tcp reqresp --threads 4 --selfpipe 1 --eventfd 1 --db_lock flock --shm_mib 4 --log_dgram 1 --render 1 --workdir 1 --child 1 --zombie 1 --sigpend 1 --urandom 1 --tmpunlink 1 --epoll 1 --udp 1 --netlink 1 --unix_listen 1 --mmap_db 1 --lbl 1,[소스 문장·옵션 총동원] ok — 이 라인의 자원은 해당 옵션에서 무해
S190srcline_opt__Lsrc_030,S,Lsrc_030,permissive,none,none,0,normal,resume,--db_mib 8 --index_mib 12 --parse_iters 120000 --refresh_ms 500 --refresh_kib 256 --timer 1 --timer_s 60 --watch 1 --substeps 1 --hub_conns 4 --hub_pending 8 --tcp reqresp --threads 4 --selfpipe 1 --eventfd 1 --db_lock flock --shm_mib 4 --log_dgram 1 --render 1 --workdir 1 --child 1 --zombie 1 --sigpend 1 --urandom 1 --tmpunlink 1 --epoll 1 --udp 1 --netlink 1 --unix_listen 1 --mmap_db 1 --lbl 1,[소스 문장·옵션 총동원] ok — 이 라인의 자원은 해당 옵션에서 무해
S190srcline_opt__Lsrc_031,S,Lsrc_031,permissive,none,none,0,normal,resume,--db_mib 8 --index_mib 12 --parse_iters 120000 --refresh_ms 500 --refresh_kib 256 --timer 1 --timer_s 60 --watch 1 --substeps 1 --hub_conns 4 --hub_pending 8 --tcp reqresp --threads 4 --selfpipe 1 --eventfd 1 --db_lock flock --shm_mib 4 --log_dgram 1 --render 1 --workdir 1 --child 1 --zombie 1 --sigpend 1 --urandom 1 --tmpunlink 1 --epoll 1 --udp 1 --netlink 1 --unix_listen 1 --mmap_db 1 --lbl 1,[소스 문장·옵션 총동원] ok — 이 라인의 자원은 해당 옵션에서 무해
S190srcline_opt__Lsrc_032,S,Lsrc_032,permissive,none,none,0,normal,resume,--db_mib 8 --index_mib 12 --parse_iters 120000 --refresh_ms 500 --refresh_kib 256 --timer 1 --timer_s 60 --watch 1 --substeps 1 --hub_conns 4 --hub_pending 8 --tcp reqresp --threads 4 --selfpipe 1 --eventfd 1 --db_lock flock --shm_mib 4 --log_dgram 1 --render 1 --workdir 1 --child 1 --zombie 1 --sigpend 1 --urandom 1 --tmpunlink 1 --epoll 1 --udp 1 --netlink 1 --unix_listen 1 --mmap_db 1 --lbl 1,[소스 문장·옵션 총동원] ok — 이 라인의 자원은 해당 옵션에서 무해
S190srcline_opt__Lsrc_033,S,Lsrc_033,permissive,none,none,0,normal,resume,--db_mib 8 --index_mib 12 --parse_iters 120000 --refresh_ms 500 --refresh_kib 256 --timer 1 --timer_s 60 --watch 1 --substeps 1 --hub_conns 4 --hub_pending 8 --tcp reqresp --threads 4 --selfpipe 1 --eventfd 1 --db_lock flock --shm_mib 4 --log_dgram 1 --render 1 --workdir 1 --child 1 --zombie 1 --sigpend 1 --urandom 1 --tmpunlink 1 --epoll 1 --udp 1 --netlink 1 --unix_listen 1 --mmap_db 1 --lbl 1,[소스 문장·옵션 총동원] ok — 이 라인의 자원은 해당 옵션에서 무해
S190srcline_opt__Lsrc_034,S,Lsrc_034,permissive,none,none,0,normal,resume,--db_mib 8 --index_mib 12 --parse_iters 120000 --refresh_ms 500 --refresh_kib 256 --timer 1 --timer_s 60 --watch 1 --substeps 1 --hub_conns 4 --hub_pending 8 --tcp reqresp --threads 4 --selfpipe 1 --eventfd 1 --db_lock flock --shm_mib 4 --log_dgram 1 --render 1 --workdir 1 --child 1 --zombie 1 --sigpend 1 --urandom 1 --tmpunlink 1 --epoll 1 --udp 1 --netlink 1 --unix_listen 1 --mmap_db 1 --lbl 1,[소스 문장·옵션 총동원] ok — 이 라인의 자원은 해당 옵션에서 무해
S190srcline_opt__Lsrc_035,S,Lsrc_035,permissive,none,none,0,normal,resume,--db_mib 8 --index_mib 12 --parse_iters 120000 --refresh_ms 500 --refresh_kib 256 --timer 1 --timer_s 60 --watch 1 --substeps 1 --hub_conns 4 --hub_pending 8 --tcp reqresp --threads 4 --selfpipe 1 --eventfd 1 --db_lock flock --shm_mib 4 --log_dgram 1 --render 1 --workdir 1 --child 1 --zombie 1 --sigpend 1 --urandom 1 --tmpunlink 1 --epoll 1 --udp 1 --netlink 1 --unix_listen 1 --mmap_db 1 --lbl 1,[소스 문장·옵션 총동원] ok — 이 라인의 자원은 해당 옵션에서 무해
S190srcline_opt__Lsrc_036,S,Lsrc_036,permissive,none,none,0,normal,resume,--db_mib 8 --index_mib 12 --parse_iters 120000 --refresh_ms 500 --refresh_kib 256 --timer 1 --timer_s 60 --watch 1 --substeps 1 --hub_conns 4 --hub_pending 8 --tcp reqresp --threads 4 --selfpipe 1 --eventfd 1 --db_lock flock --shm_mib 4 --log_dgram 1 --render 1 --workdir 1 --child 1 --zombie 1 --sigpend 1 --urandom 1 --tmpunlink 1 --epoll 1 --udp 1 --netlink 1 --unix_listen 1 --mmap_db 1 --lbl 1,[소스 문장·옵션 총동원] ok — 이 라인의 자원은 해당 옵션에서 무해
S190srcline_opt__Lsrc_037,S,Lsrc_037,permissive,none,none,0,normal,resume,--db_mib 8 --index_mib 12 --parse_iters 120000 --refresh_ms 500 --refresh_kib 256 --timer 1 --timer_s 60 --watch 1 --substeps 1 --hub_conns 4 --hub_pending 8 --tcp reqresp --threads 4 --selfpipe 1 --eventfd 1 --db_lock flock --shm_mib 4 --log_dgram 1 --render 1 --workdir 1 --child 1 --zombie 1 --sigpend 1 --urandom 1 --tmpunlink 1 --epoll 1 --udp 1 --netlink 1 --unix_listen 1 --mmap_db 1 --lbl 1,[소스 문장·옵션 총동원] ok — 이 라인의 자원은 해당 옵션에서 무해
