[sweep] cells=2239 criu=/usr/local/sbin/criu dryrun=0 → /root/Embed-sim-lab-main/pbsprobe/results/pbs_matrix_world.csv
pbsprobe/pbs_sweep.sh: line 296: 23682 Killed                  setsid bash -c "echo \$\$ > '${WORLD_CG_RUN:-$WORLD_CG}/cgroup.procs' && exec '$wlbin' --port $port --resume_file '$resume_f' $params $extra" > "$wlog" 2>&1 < /dev/null
[1/2239] S001pure.stri__init dump=0 restore=0 verdict=ok
pbsprobe/pbs_sweep.sh: line 296: 24867 Killed                  setsid bash -c "echo \$\$ > '${WORLD_CG_RUN:-$WORLD_CG}/cgroup.procs' && exec '$wlbin' --port $port --resume_file '$resume_f' $params $extra" > "$wlog" 2>&1 < /dev/null
[2/2239] S001pure.stri__db_open dump=0 restore=0 verdict=ok
pbsprobe/pbs_sweep.sh: line 296: 26019 Killed                  setsid bash -c "echo \$\$ > '${WORLD_CG_RUN:-$WORLD_CG}/cgroup.procs' && exec '$wlbin' --port $port --resume_file '$resume_f' $params $extra" > "$wlog" 2>&1 < /dev/null
[3/2239] S001pure.stri__db_read dump=0 restore=0 verdict=ok
pbsprobe/pbs_sweep.sh: line 296: 27205 Killed                  setsid bash -c "echo \$\$ > '${WORLD_CG_RUN:-$WORLD_CG}/cgroup.procs' && exec '$wlbin' --port $port --resume_file '$resume_f' $params $extra" > "$wlog" 2>&1 < /dev/null
[4/2239] S001pure.stri__db_read_p25 dump=0 restore=0 verdict=ok
pbsprobe/pbs_sweep.sh: line 296: 28357 Killed                  setsid bash -c "echo \$\$ > '${WORLD_CG_RUN:-$WORLD_CG}/cgroup.procs' && exec '$wlbin' --port $port --resume_file '$resume_f' $params $extra" > "$wlog" 2>&1 < /dev/null
[5/2239] S001pure.stri__db_read_p50 dump=0 restore=0 verdict=ok
pbsprobe/pbs_sweep.sh: line 296: 29519 Killed                  setsid bash -c "echo \$\$ > '${WORLD_CG_RUN:-$WORLD_CG}/cgroup.procs' && exec '$wlbin' --port $port --resume_file '$resume_f' $params $extra" > "$wlog" 2>&1 < /dev/null
[6/2239] S001pure.stri__db_read_p75 dump=0 restore=0 verdict=ok
pbsprobe/pbs_sweep.sh: line 296: 30670 Killed                  setsid bash -c "echo \$\$ > '${WORLD_CG_RUN:-$WORLD_CG}/cgroup.procs' && exec '$wlbin' --port $port --resume_file '$resume_f' $params $extra" > "$wlog" 2>&1 < /dev/null
[7/2239] S001pure.stri__db_parse dump=0 restore=0 verdict=ok
pbsprobe/pbs_sweep.sh: line 296: 31828 Killed                  setsid bash -c "echo \$\$ > '${WORLD_CG_RUN:-$WORLD_CG}/cgroup.procs' && exec '$wlbin' --port $port --resume_file '$resume_f' $params $extra" > "$wlog" 2>&1 < /dev/null
[8/2239] S001pure.stri__db_parse_p25 dump=0 restore=0 verdict=ok
pbsprobe/pbs_sweep.sh: line 296: 32977 Killed                  setsid bash -c "echo \$\$ > '${WORLD_CG_RUN:-$WORLD_CG}/cgroup.procs' && exec '$wlbin' --port $port --resume_file '$resume_f' $params $extra" > "$wlog" 2>&1 < /dev/null
[9/2239] S001pure.stri__db_parse_p50 dump=0 restore=0 verdict=ok
pbsprobe/pbs_sweep.sh: line 296: 34147 Killed                  setsid bash -c "echo \$\$ > '${WORLD_CG_RUN:-$WORLD_CG}/cgroup.procs' && exec '$wlbin' --port $port --resume_file '$resume_f' $params $extra" > "$wlog" 2>&1 < /dev/null
[10/2239] S001pure.stri__db_parse_p75 dump=0 restore=0 verdict=ok
pbsprobe/pbs_sweep.sh: line 296: 35304 Killed                  setsid bash -c "echo \$\$ > '${WORLD_CG_RUN:-$WORLD_CG}/cgroup.procs' && exec '$wlbin' --port $port --resume_file '$resume_f' $params $extra" > "$wlog" 2>&1 < /dev/null
[11/2239] S001pure.stri__epg_index dump=0 restore=0 verdict=ok
pbsprobe/pbs_sweep.sh: line 296: 36458 Killed                  setsid bash -c "echo \$\$ > '${WORLD_CG_RUN:-$WORLD_CG}/cgroup.procs' && exec '$wlbin' --port $port --resume_file '$resume_f' $params $extra" > "$wlog" 2>&1 < /dev/null
[12/2239] S001pure.stri__epg_index_p25 dump=0 restore=0 verdict=ok
pbsprobe/pbs_sweep.sh: line 296: 37628 Killed                  setsid bash -c "echo \$\$ > '${WORLD_CG_RUN:-$WORLD_CG}/cgroup.procs' && exec '$wlbin' --port $port --resume_file '$resume_f' $params $extra" > "$wlog" 2>&1 < /dev/null
[13/2239] S001pure.stri__epg_index_p50 dump=0 restore=0 verdict=ok
pbsprobe/pbs_sweep.sh: line 296: 38783 Killed                  setsid bash -c "echo \$\$ > '${WORLD_CG_RUN:-$WORLD_CG}/cgroup.procs' && exec '$wlbin' --port $port --resume_file '$resume_f' $params $extra" > "$wlog" 2>&1 < /dev/null
[14/2239] S001pure.stri__epg_index_p75 dump=0 restore=0 verdict=ok
pbsprobe/pbs_sweep.sh: line 296: 39950 Killed                  setsid bash -c "echo \$\$ > '${WORLD_CG_RUN:-$WORLD_CG}/cgroup.procs' && exec '$wlbin' --port $port --resume_file '$resume_f' $params $extra" > "$wlog" 2>&1 < /dev/null
[15/2239] S001pure.stri__epg_text dump=0 restore=0 verdict=ok
pbsprobe/pbs_sweep.sh: line 296: 41109 Killed                  setsid bash -c "echo \$\$ > '${WORLD_CG_RUN:-$WORLD_CG}/cgroup.procs' && exec '$wlbin' --port $port --resume_file '$resume_f' $params $extra" > "$wlog" 2>&1 < /dev/null
[16/2239] S001pure.stri__epg_reserve dump=0 restore=0 verdict=ok
pbsprobe/pbs_sweep.sh: line 296: 42272 Killed                  setsid bash -c "echo \$\$ > '${WORLD_CG_RUN:-$WORLD_CG}/cgroup.procs' && exec '$wlbin' --port $port --resume_file '$resume_f' $params $extra" > "$wlog" 2>&1 < /dev/null
[17/2239] S001pure.stri__timer_armed dump=0 restore=0 verdict=ok
[18/2239] S001pure.stri__db_watch dump=1 restore=na verdict=dump_fail
pbsprobe/pbs_sweep.sh: line 257: 43427 Killed                  setsid bash -c "echo \$\$ > '${WORLD_CG_RUN:-$WORLD_CG}/cgroup.procs' && exec '$wlbin' --port $port --resume_file '$resume_f' $params $extra" > "$wlog" 2>&1 < /dev/null
[19/2239] S001pure.stri__ready dump=1 restore=na verdict=dump_fail
pbsprobe/pbs_sweep.sh: line 257: 44559 Killed                  setsid bash -c "echo \$\$ > '${WORLD_CG_RUN:-$WORLD_CG}/cgroup.procs' && exec '$wlbin' --port $port --resume_file '$resume_f' $params $extra" > "$wlog" 2>&1 < /dev/null
[20/2239] S001pure.stri__steady dump=1 restore=na verdict=dump_fail
pbsprobe/pbs_sweep.sh: line 257: 45805 Killed                  setsid bash -c "echo \$\$ > '${WORLD_CG_RUN:-$WORLD_CG}/cgroup.procs' && exec '$wlbin' --port $port --resume_file '$resume_f' $params $extra" > "$wlog" 2>&1 < /dev/null
pbsprobe/pbs_sweep.sh: line 296: 47061 Killed                  setsid bash -c "echo \$\$ > '${WORLD_CG_RUN:-$WORLD_CG}/cgroup.procs' && exec '$wlbin' --port $port --resume_file '$resume_f' $params $extra" > "$wlog" 2>&1 < /dev/null
[21/2239] S002pure.ext___init dump=0 restore=0 verdict=ok
pbsprobe/pbs_sweep.sh: line 296: 48244 Killed                  setsid bash -c "echo \$\$ > '${WORLD_CG_RUN:-$WORLD_CG}/cgroup.procs' && exec '$wlbin' --port $port --resume_file '$resume_f' $params $extra" > "$wlog" 2>&1 < /dev/null
[22/2239] S002pure.ext___db_open dump=0 restore=0 verdict=ok
pbsprobe/pbs_sweep.sh: line 296: 49399 Killed                  setsid bash -c "echo \$\$ > '${WORLD_CG_RUN:-$WORLD_CG}/cgroup.procs' && exec '$wlbin' --port $port --resume_file '$resume_f' $params $extra" > "$wlog" 2>&1 < /dev/null
[23/2239] S002pure.ext___db_read dump=0 restore=0 verdict=ok
pbsprobe/pbs_sweep.sh: line 296: 50562 Killed                  setsid bash -c "echo \$\$ > '${WORLD_CG_RUN:-$WORLD_CG}/cgroup.procs' && exec '$wlbin' --port $port --resume_file '$resume_f' $params $extra" > "$wlog" 2>&1 < /dev/null
[24/2239] S002pure.ext___db_read_p25 dump=0 restore=0 verdict=ok
pbsprobe/pbs_sweep.sh: line 296: 51713 Killed                  setsid bash -c "echo \$\$ > '${WORLD_CG_RUN:-$WORLD_CG}/cgroup.procs' && exec '$wlbin' --port $port --resume_file '$resume_f' $params $extra" > "$wlog" 2>&1 < /dev/null
[25/2239] S002pure.ext___db_read_p50 dump=0 restore=0 verdict=ok
pbsprobe/pbs_sweep.sh: line 296: 52881 Killed                  setsid bash -c "echo \$\$ > '${WORLD_CG_RUN:-$WORLD_CG}/cgroup.procs' && exec '$wlbin' --port $port --resume_file '$resume_f' $params $extra" > "$wlog" 2>&1 < /dev/null
[26/2239] S002pure.ext___db_read_p75 dump=0 restore=0 verdict=ok
pbsprobe/pbs_sweep.sh: line 296: 54046 Killed                  setsid bash -c "echo \$\$ > '${WORLD_CG_RUN:-$WORLD_CG}/cgroup.procs' && exec '$wlbin' --port $port --resume_file '$resume_f' $params $extra" > "$wlog" 2>&1 < /dev/null
[27/2239] S002pure.ext___db_parse dump=0 restore=0 verdict=ok
pbsprobe/pbs_sweep.sh: line 296: 55182 Killed                  setsid bash -c "echo \$\$ > '${WORLD_CG_RUN:-$WORLD_CG}/cgroup.procs' && exec '$wlbin' --port $port --resume_file '$resume_f' $params $extra" > "$wlog" 2>&1 < /dev/null
[28/2239] S002pure.ext___db_parse_p25 dump=0 restore=0 verdict=ok
pbsprobe/pbs_sweep.sh: line 296: 56307 Killed                  setsid bash -c "echo \$\$ > '${WORLD_CG_RUN:-$WORLD_CG}/cgroup.procs' && exec '$wlbin' --port $port --resume_file '$resume_f' $params $extra" > "$wlog" 2>&1 < /dev/null
[29/2239] S002pure.ext___db_parse_p50 dump=0 restore=0 verdict=ok
pbsprobe/pbs_sweep.sh: line 296: 57431 Killed                  setsid bash -c "echo \$\$ > '${WORLD_CG_RUN:-$WORLD_CG}/cgroup.procs' && exec '$wlbin' --port $port --resume_file '$resume_f' $params $extra" > "$wlog" 2>&1 < /dev/null
[30/2239] S002pure.ext___db_parse_p75 dump=0 restore=0 verdict=ok
pbsprobe/pbs_sweep.sh: line 296: 58559 Killed                  setsid bash -c "echo \$\$ > '${WORLD_CG_RUN:-$WORLD_CG}/cgroup.procs' && exec '$wlbin' --port $port --resume_file '$resume_f' $params $extra" > "$wlog" 2>&1 < /dev/null
[31/2239] S002pure.ext___epg_index dump=0 restore=0 verdict=ok
pbsprobe/pbs_sweep.sh: line 296: 59683 Killed                  setsid bash -c "echo \$\$ > '${WORLD_CG_RUN:-$WORLD_CG}/cgroup.procs' && exec '$wlbin' --port $port --resume_file '$resume_f' $params $extra" > "$wlog" 2>&1 < /dev/null
[32/2239] S002pure.ext___epg_index_p25 dump=0 restore=0 verdict=ok
pbsprobe/pbs_sweep.sh: line 296: 60803 Killed                  setsid bash -c "echo \$\$ > '${WORLD_CG_RUN:-$WORLD_CG}/cgroup.procs' && exec '$wlbin' --port $port --resume_file '$resume_f' $params $extra" > "$wlog" 2>&1 < /dev/null
[33/2239] S002pure.ext___epg_index_p50 dump=0 restore=0 verdict=ok
pbsprobe/pbs_sweep.sh: line 296: 61920 Killed                  setsid bash -c "echo \$\$ > '${WORLD_CG_RUN:-$WORLD_CG}/cgroup.procs' && exec '$wlbin' --port $port --resume_file '$resume_f' $params $extra" > "$wlog" 2>&1 < /dev/null
[34/2239] S002pure.ext___epg_index_p75 dump=0 restore=0 verdict=ok
pbsprobe/pbs_sweep.sh: line 296: 63049 Killed                  setsid bash -c "echo \$\$ > '${WORLD_CG_RUN:-$WORLD_CG}/cgroup.procs' && exec '$wlbin' --port $port --resume_file '$resume_f' $params $extra" > "$wlog" 2>&1 < /dev/null
[35/2239] S002pure.ext___epg_text dump=0 restore=0 verdict=ok
pbsprobe/pbs_sweep.sh: line 296: 64165 Killed                  setsid bash -c "echo \$\$ > '${WORLD_CG_RUN:-$WORLD_CG}/cgroup.procs' && exec '$wlbin' --port $port --resume_file '$resume_f' $params $extra" > "$wlog" 2>&1 < /dev/null
[36/2239] S002pure.ext___epg_reserve dump=0 restore=0 verdict=ok
pbsprobe/pbs_sweep.sh: line 296: 65289 Killed                  setsid bash -c "echo \$\$ > '${WORLD_CG_RUN:-$WORLD_CG}/cgroup.procs' && exec '$wlbin' --port $port --resume_file '$resume_f' $params $extra" > "$wlog" 2>&1 < /dev/null
[37/2239] S002pure.ext___timer_armed dump=0 restore=0 verdict=ok
[38/2239] S002pure.ext___db_watch dump=1 restore=na verdict=dump_fail
pbsprobe/pbs_sweep.sh: line 257: 66409 Killed                  setsid bash -c "echo \$\$ > '${WORLD_CG_RUN:-$WORLD_CG}/cgroup.procs' && exec '$wlbin' --port $port --resume_file '$resume_f' $params $extra" > "$wlog" 2>&1 < /dev/null
[39/2239] S002pure.ext___ready dump=1 restore=na verdict=dump_fail
pbsprobe/pbs_sweep.sh: line 257: 67492 Killed                  setsid bash -c "echo \$\$ > '${WORLD_CG_RUN:-$WORLD_CG}/cgroup.procs' && exec '$wlbin' --port $port --resume_file '$resume_f' $params $extra" > "$wlog" 2>&1 < /dev/null
[40/2239] S002pure.ext___steady dump=1 restore=na verdict=dump_fail
pbsprobe/pbs_sweep.sh: line 257: 68635 Killed                  setsid bash -c "echo \$\$ > '${WORLD_CG_RUN:-$WORLD_CG}/cgroup.procs' && exec '$wlbin' --port $port --resume_file '$resume_f' $params $extra" > "$wlog" 2>&1 < /dev/null
pbsprobe/pbs_sweep.sh: line 296: 69845 Killed                  setsid bash -c "echo \$\$ > '${WORLD_CG_RUN:-$WORLD_CG}/cgroup.procs' && exec '$wlbin' --port $port --resume_file '$resume_f' $params $extra" > "$wlog" 2>&1 < /dev/null
[41/2239] S003pure.tcp___init dump=0 restore=0 verdict=ok
pbsprobe/pbs_sweep.sh: line 296: 70970 Killed                  setsid bash -c "echo \$\$ > '${WORLD_CG_RUN:-$WORLD_CG}/cgroup.procs' && exec '$wlbin' --port $port --resume_file '$resume_f' $params $extra" > "$wlog" 2>&1 < /dev/null
[42/2239] S003pure.tcp___db_open dump=0 restore=0 verdict=ok
pbsprobe/pbs_sweep.sh: line 296: 72094 Killed                  setsid bash -c "echo \$\$ > '${WORLD_CG_RUN:-$WORLD_CG}/cgroup.procs' && exec '$wlbin' --port $port --resume_file '$resume_f' $params $extra" > "$wlog" 2>&1 < /dev/null
[43/2239] S003pure.tcp___db_read dump=0 restore=0 verdict=ok
pbsprobe/pbs_sweep.sh: line 296: 73231 Killed                  setsid bash -c "echo \$\$ > '${WORLD_CG_RUN:-$WORLD_CG}/cgroup.procs' && exec '$wlbin' --port $port --resume_file '$resume_f' $params $extra" > "$wlog" 2>&1 < /dev/null
[44/2239] S003pure.tcp___db_read_p25 dump=0 restore=0 verdict=ok
pbsprobe/pbs_sweep.sh: line 296: 74359 Killed                  setsid bash -c "echo \$\$ > '${WORLD_CG_RUN:-$WORLD_CG}/cgroup.procs' && exec '$wlbin' --port $port --resume_file '$resume_f' $params $extra" > "$wlog" 2>&1 < /dev/null
[45/2239] S003pure.tcp___db_read_p50 dump=0 restore=0 verdict=ok
pbsprobe/pbs_sweep.sh: line 296: 75480 Killed                  setsid bash -c "echo \$\$ > '${WORLD_CG_RUN:-$WORLD_CG}/cgroup.procs' && exec '$wlbin' --port $port --resume_file '$resume_f' $params $extra" > "$wlog" 2>&1 < /dev/null
[46/2239] S003pure.tcp___db_read_p75 dump=0 restore=0 verdict=ok
pbsprobe/pbs_sweep.sh: line 296: 76612 Killed                  setsid bash -c "echo \$\$ > '${WORLD_CG_RUN:-$WORLD_CG}/cgroup.procs' && exec '$wlbin' --port $port --resume_file '$resume_f' $params $extra" > "$wlog" 2>&1 < /dev/null
[47/2239] S003pure.tcp___db_parse dump=0 restore=0 verdict=ok
pbsprobe/pbs_sweep.sh: line 296: 77736 Killed                  setsid bash -c "echo \$\$ > '${WORLD_CG_RUN:-$WORLD_CG}/cgroup.procs' && exec '$wlbin' --port $port --resume_file '$resume_f' $params $extra" > "$wlog" 2>&1 < /dev/null
[48/2239] S003pure.tcp___db_parse_p25 dump=0 restore=0 verdict=ok
pbsprobe/pbs_sweep.sh: line 296: 78860 Killed                  setsid bash -c "echo \$\$ > '${WORLD_CG_RUN:-$WORLD_CG}/cgroup.procs' && exec '$wlbin' --port $port --resume_file '$resume_f' $params $extra" > "$wlog" 2>&1 < /dev/null
[49/2239] S003pure.tcp___db_parse_p50 dump=0 restore=0 verdict=ok
pbsprobe/pbs_sweep.sh: line 296: 79984 Killed                  setsid bash -c "echo \$\$ > '${WORLD_CG_RUN:-$WORLD_CG}/cgroup.procs' && exec '$wlbin' --port $port --resume_file '$resume_f' $params $extra" > "$wlog" 2>&1 < /dev/null
[50/2239] S003pure.tcp___db_parse_p75 dump=0 restore=0 verdict=ok
pbsprobe/pbs_sweep.sh: line 296: 81105 Killed                  setsid bash -c "echo \$\$ > '${WORLD_CG_RUN:-$WORLD_CG}/cgroup.procs' && exec '$wlbin' --port $port --resume_file '$resume_f' $params $extra" > "$wlog" 2>&1 < /dev/null
[51/2239] S003pure.tcp___epg_index dump=0 restore=0 verdict=ok
pbsprobe/pbs_sweep.sh: line 296: 82229 Killed                  setsid bash -c "echo \$\$ > '${WORLD_CG_RUN:-$WORLD_CG}/cgroup.procs' && exec '$wlbin' --port $port --resume_file '$resume_f' $params $extra" > "$wlog" 2>&1 < /dev/null
[52/2239] S003pure.tcp___epg_index_p25 dump=0 restore=0 verdict=ok
pbsprobe/pbs_sweep.sh: line 296: 83353 Killed                  setsid bash -c "echo \$\$ > '${WORLD_CG_RUN:-$WORLD_CG}/cgroup.procs' && exec '$wlbin' --port $port --resume_file '$resume_f' $params $extra" > "$wlog" 2>&1 < /dev/null
[53/2239] S003pure.tcp___epg_index_p50 dump=0 restore=0 verdict=ok
pbsprobe/pbs_sweep.sh: line 296: 84473 Killed                  setsid bash -c "echo \$\$ > '${WORLD_CG_RUN:-$WORLD_CG}/cgroup.procs' && exec '$wlbin' --port $port --resume_file '$resume_f' $params $extra" > "$wlog" 2>&1 < /dev/null
[54/2239] S003pure.tcp___epg_index_p75 dump=0 restore=0 verdict=ok
pbsprobe/pbs_sweep.sh: line 296: 85601 Killed                  setsid bash -c "echo \$\$ > '${WORLD_CG_RUN:-$WORLD_CG}/cgroup.procs' && exec '$wlbin' --port $port --resume_file '$resume_f' $params $extra" > "$wlog" 2>&1 < /dev/null
[55/2239] S003pure.tcp___epg_text dump=0 restore=0 verdict=ok
pbsprobe/pbs_sweep.sh: line 296: 86730 Killed                  setsid bash -c "echo \$\$ > '${WORLD_CG_RUN:-$WORLD_CG}/cgroup.procs' && exec '$wlbin' --port $port --resume_file '$resume_f' $params $extra" > "$wlog" 2>&1 < /dev/null
[56/2239] S003pure.tcp___epg_reserve dump=0 restore=0 verdict=ok
pbsprobe/pbs_sweep.sh: line 296: 87862 Killed                  setsid bash -c "echo \$\$ > '${WORLD_CG_RUN:-$WORLD_CG}/cgroup.procs' && exec '$wlbin' --port $port --resume_file '$resume_f' $params $extra" > "$wlog" 2>&1 < /dev/null
[57/2239] S003pure.tcp___timer_armed dump=0 restore=0 verdict=ok
[58/2239] S003pure.tcp___db_watch dump=1 restore=na verdict=dump_fail
pbsprobe/pbs_sweep.sh: line 257: 88987 Killed                  setsid bash -c "echo \$\$ > '${WORLD_CG_RUN:-$WORLD_CG}/cgroup.procs' && exec '$wlbin' --port $port --resume_file '$resume_f' $params $extra" > "$wlog" 2>&1 < /dev/null
[59/2239] S003pure.tcp___ready dump=1 restore=na verdict=dump_fail
pbsprobe/pbs_sweep.sh: line 257: 90073 Killed                  setsid bash -c "echo \$\$ > '${WORLD_CG_RUN:-$WORLD_CG}/cgroup.procs' && exec '$wlbin' --port $port --resume_file '$resume_f' $params $extra" > "$wlog" 2>&1 < /dev/null
[60/2239] S003pure.tcp___steady dump=1 restore=na verdict=dump_fail
pbsprobe/pbs_sweep.sh: line 257: 91220 Killed                  setsid bash -c "echo \$\$ > '${WORLD_CG_RUN:-$WORLD_CG}/cgroup.procs' && exec '$wlbin' --port $port --resume_file '$resume_f' $params $extra" > "$wlog" 2>&1 < /dev/null
pbsprobe/pbs_sweep.sh: line 296: 92427 Killed                  setsid bash -c "echo \$\$ > '${WORLD_CG_RUN:-$WORLD_CG}/cgroup.procs' && exec '$wlbin' --port $port --resume_file '$resume_f' $params $extra" > "$wlog" 2>&1 < /dev/null
[61/2239] S004pure.file__init dump=0 restore=0 verdict=ok
pbsprobe/pbs_sweep.sh: line 296: 93563 Killed                  setsid bash -c "echo \$\$ > '${WORLD_CG_RUN:-$WORLD_CG}/cgroup.procs' && exec '$wlbin' --port $port --resume_file '$resume_f' $params $extra" > "$wlog" 2>&1 < /dev/null
[62/2239] S004pure.file__db_open dump=0 restore=0 verdict=ok
pbsprobe/pbs_sweep.sh: line 296: 94684 Killed                  setsid bash -c "echo \$\$ > '${WORLD_CG_RUN:-$WORLD_CG}/cgroup.procs' && exec '$wlbin' --port $port --resume_file '$resume_f' $params $extra" > "$wlog" 2>&1 < /dev/null
[63/2239] S004pure.file__db_read dump=0 restore=0 verdict=ok
pbsprobe/pbs_sweep.sh: line 296: 95800 Killed                  setsid bash -c "echo \$\$ > '${WORLD_CG_RUN:-$WORLD_CG}/cgroup.procs' && exec '$wlbin' --port $port --resume_file '$resume_f' $params $extra" > "$wlog" 2>&1 < /dev/null
[64/2239] S004pure.file__db_read_p25 dump=0 restore=0 verdict=ok
pbsprobe/pbs_sweep.sh: line 296: 96920 Killed                  setsid bash -c "echo \$\$ > '${WORLD_CG_RUN:-$WORLD_CG}/cgroup.procs' && exec '$wlbin' --port $port --resume_file '$resume_f' $params $extra" > "$wlog" 2>&1 < /dev/null
[65/2239] S004pure.file__db_read_p50 dump=0 restore=0 verdict=ok
pbsprobe/pbs_sweep.sh: line 296: 98060 Killed                  setsid bash -c "echo \$\$ > '${WORLD_CG_RUN:-$WORLD_CG}/cgroup.procs' && exec '$wlbin' --port $port --resume_file '$resume_f' $params $extra" > "$wlog" 2>&1 < /dev/null
[66/2239] S004pure.file__db_read_p75 dump=0 restore=0 verdict=ok
pbsprobe/pbs_sweep.sh: line 296: 99185 Killed                  setsid bash -c "echo \$\$ > '${WORLD_CG_RUN:-$WORLD_CG}/cgroup.procs' && exec '$wlbin' --port $port --resume_file '$resume_f' $params $extra" > "$wlog" 2>&1 < /dev/null
[67/2239] S004pure.file__db_parse dump=0 restore=0 verdict=ok
pbsprobe/pbs_sweep.sh: line 296: 100310 Killed                  setsid bash -c "echo \$\$ > '${WORLD_CG_RUN:-$WORLD_CG}/cgroup.procs' && exec '$wlbin' --port $port --resume_file '$resume_f' $params $extra" > "$wlog" 2>&1 < /dev/null
[68/2239] S004pure.file__db_parse_p25 dump=0 restore=0 verdict=ok
pbsprobe/pbs_sweep.sh: line 296: 101438 Killed                  setsid bash -c "echo \$\$ > '${WORLD_CG_RUN:-$WORLD_CG}/cgroup.procs' && exec '$wlbin' --port $port --resume_file '$resume_f' $params $extra" > "$wlog" 2>&1 < /dev/null
[69/2239] S004pure.file__db_parse_p50 dump=0 restore=0 verdict=ok
pbsprobe/pbs_sweep.sh: line 296: 102566 Killed                  setsid bash -c "echo \$\$ > '${WORLD_CG_RUN:-$WORLD_CG}/cgroup.procs' && exec '$wlbin' --port $port --resume_file '$resume_f' $params $extra" > "$wlog" 2>&1 < /dev/null
[70/2239] S004pure.file__db_parse_p75 dump=0 restore=0 verdict=ok
pbsprobe/pbs_sweep.sh: line 296: 103690 Killed                  setsid bash -c "echo \$\$ > '${WORLD_CG_RUN:-$WORLD_CG}/cgroup.procs' && exec '$wlbin' --port $port --resume_file '$resume_f' $params $extra" > "$wlog" 2>&1 < /dev/null
[71/2239] S004pure.file__epg_index dump=0 restore=0 verdict=ok
pbsprobe/pbs_sweep.sh: line 296: 104810 Killed                  setsid bash -c "echo \$\$ > '${WORLD_CG_RUN:-$WORLD_CG}/cgroup.procs' && exec '$wlbin' --port $port --resume_file '$resume_f' $params $extra" > "$wlog" 2>&1 < /dev/null
[72/2239] S004pure.file__epg_index_p25 dump=0 restore=0 verdict=ok
pbsprobe/pbs_sweep.sh: line 296: 105931 Killed                  setsid bash -c "echo \$\$ > '${WORLD_CG_RUN:-$WORLD_CG}/cgroup.procs' && exec '$wlbin' --port $port --resume_file '$resume_f' $params $extra" > "$wlog" 2>&1 < /dev/null
[73/2239] S004pure.file__epg_index_p50 dump=0 restore=0 verdict=ok
pbsprobe/pbs_sweep.sh: line 296: 107059 Killed                  setsid bash -c "echo \$\$ > '${WORLD_CG_RUN:-$WORLD_CG}/cgroup.procs' && exec '$wlbin' --port $port --resume_file '$resume_f' $params $extra" > "$wlog" 2>&1 < /dev/null
[74/2239] S004pure.file__epg_index_p75 dump=0 restore=0 verdict=ok
pbsprobe/pbs_sweep.sh: line 296: 108183 Killed                  setsid bash -c "echo \$\$ > '${WORLD_CG_RUN:-$WORLD_CG}/cgroup.procs' && exec '$wlbin' --port $port --resume_file '$resume_f' $params $extra" > "$wlog" 2>&1 < /dev/null
[75/2239] S004pure.file__epg_text dump=0 restore=0 verdict=ok
pbsprobe/pbs_sweep.sh: line 296: 109307 Killed                  setsid bash -c "echo \$\$ > '${WORLD_CG_RUN:-$WORLD_CG}/cgroup.procs' && exec '$wlbin' --port $port --resume_file '$resume_f' $params $extra" > "$wlog" 2>&1 < /dev/null
[76/2239] S004pure.file__epg_reserve dump=0 restore=0 verdict=ok
pbsprobe/pbs_sweep.sh: line 296: 110427 Killed                  setsid bash -c "echo \$\$ > '${WORLD_CG_RUN:-$WORLD_CG}/cgroup.procs' && exec '$wlbin' --port $port --resume_file '$resume_f' $params $extra" > "$wlog" 2>&1 < /dev/null
[77/2239] S004pure.file__timer_armed dump=0 restore=0 verdict=ok
[78/2239] S004pure.file__db_watch dump=1 restore=na verdict=dump_fail
pbsprobe/pbs_sweep.sh: line 257: 111548 Killed                  setsid bash -c "echo \$\$ > '${WORLD_CG_RUN:-$WORLD_CG}/cgroup.procs' && exec '$wlbin' --port $port --resume_file '$resume_f' $params $extra" > "$wlog" 2>&1 < /dev/null
[79/2239] S004pure.file__ready dump=1 restore=na verdict=dump_fail
pbsprobe/pbs_sweep.sh: line 257: 112634 Killed                  setsid bash -c "echo \$\$ > '${WORLD_CG_RUN:-$WORLD_CG}/cgroup.procs' && exec '$wlbin' --port $port --resume_file '$resume_f' $params $extra" > "$wlog" 2>&1 < /dev/null
[80/2239] S004pure.file__steady dump=1 restore=na verdict=dump_fail
pbsprobe/pbs_sweep.sh: line 257: 113789 Killed                  setsid bash -c "echo \$\$ > '${WORLD_CG_RUN:-$WORLD_CG}/cgroup.procs' && exec '$wlbin' --port $port --resume_file '$resume_f' $params $extra" > "$wlog" 2>&1 < /dev/null
pbsprobe/pbs_sweep.sh: line 296: 115000 Killed                  setsid bash -c "echo \$\$ > '${WORLD_CG_RUN:-$WORLD_CG}/cgroup.procs' && exec '$wlbin' --port $port --resume_file '$resume_f' $params $extra" > "$wlog" 2>&1 < /dev/null
[81/2239] S005pure.perm__init dump=0 restore=0 verdict=ok
pbsprobe/pbs_sweep.sh: line 296: 116128 Killed                  setsid bash -c "echo \$\$ > '${WORLD_CG_RUN:-$WORLD_CG}/cgroup.procs' && exec '$wlbin' --port $port --resume_file '$resume_f' $params $extra" > "$wlog" 2>&1 < /dev/null
[82/2239] S005pure.perm__db_open dump=0 restore=0 verdict=ok
pbsprobe/pbs_sweep.sh: line 296: 117252 Killed                  setsid bash -c "echo \$\$ > '${WORLD_CG_RUN:-$WORLD_CG}/cgroup.procs' && exec '$wlbin' --port $port --resume_file '$resume_f' $params $extra" > "$wlog" 2>&1 < /dev/null
[83/2239] S005pure.perm__db_read dump=0 restore=0 verdict=ok
pbsprobe/pbs_sweep.sh: line 296: 118376 Killed                  setsid bash -c "echo \$\$ > '${WORLD_CG_RUN:-$WORLD_CG}/cgroup.procs' && exec '$wlbin' --port $port --resume_file '$resume_f' $params $extra" > "$wlog" 2>&1 < /dev/null
[84/2239] S005pure.perm__db_read_p25 dump=0 restore=0 verdict=ok
pbsprobe/pbs_sweep.sh: line 296: 119504 Killed                  setsid bash -c "echo \$\$ > '${WORLD_CG_RUN:-$WORLD_CG}/cgroup.procs' && exec '$wlbin' --port $port --resume_file '$resume_f' $params $extra" > "$wlog" 2>&1 < /dev/null
[85/2239] S005pure.perm__db_read_p50 dump=0 restore=0 verdict=ok
pbsprobe/pbs_sweep.sh: line 296: 120629 Killed                  setsid bash -c "echo \$\$ > '${WORLD_CG_RUN:-$WORLD_CG}/cgroup.procs' && exec '$wlbin' --port $port --resume_file '$resume_f' $params $extra" > "$wlog" 2>&1 < /dev/null
[86/2239] S005pure.perm__db_read_p75 dump=0 restore=0 verdict=ok
pbsprobe/pbs_sweep.sh: line 296: 121753 Killed                  setsid bash -c "echo \$\$ > '${WORLD_CG_RUN:-$WORLD_CG}/cgroup.procs' && exec '$wlbin' --port $port --resume_file '$resume_f' $params $extra" > "$wlog" 2>&1 < /dev/null
[87/2239] S005pure.perm__db_parse dump=0 restore=0 verdict=ok
pbsprobe/pbs_sweep.sh: line 296: 122877 Killed                  setsid bash -c "echo \$\$ > '${WORLD_CG_RUN:-$WORLD_CG}/cgroup.procs' && exec '$wlbin' --port $port --resume_file '$resume_f' $params $extra" > "$wlog" 2>&1 < /dev/null
[88/2239] S005pure.perm__db_parse_p25 dump=0 restore=0 verdict=ok
pbsprobe/pbs_sweep.sh: line 296: 124001 Killed                  setsid bash -c "echo \$\$ > '${WORLD_CG_RUN:-$WORLD_CG}/cgroup.procs' && exec '$wlbin' --port $port --resume_file '$resume_f' $params $extra" > "$wlog" 2>&1 < /dev/null
[89/2239] S005pure.perm__db_parse_p50 dump=0 restore=0 verdict=ok
pbsprobe/pbs_sweep.sh: line 296: 125126 Killed                  setsid bash -c "echo \$\$ > '${WORLD_CG_RUN:-$WORLD_CG}/cgroup.procs' && exec '$wlbin' --port $port --resume_file '$resume_f' $params $extra" > "$wlog" 2>&1 < /dev/null
[90/2239] S005pure.perm__db_parse_p75 dump=0 restore=0 verdict=ok
pbsprobe/pbs_sweep.sh: line 296: 126254 Killed                  setsid bash -c "echo \$\$ > '${WORLD_CG_RUN:-$WORLD_CG}/cgroup.procs' && exec '$wlbin' --port $port --resume_file '$resume_f' $params $extra" > "$wlog" 2>&1 < /dev/null
[91/2239] S005pure.perm__epg_index dump=0 restore=0 verdict=ok
pbsprobe/pbs_sweep.sh: line 296: 127378 Killed                  setsid bash -c "echo \$\$ > '${WORLD_CG_RUN:-$WORLD_CG}/cgroup.procs' && exec '$wlbin' --port $port --resume_file '$resume_f' $params $extra" > "$wlog" 2>&1 < /dev/null
[92/2239] S005pure.perm__epg_index_p25 dump=0 restore=0 verdict=ok
pbsprobe/pbs_sweep.sh: line 296: 128502 Killed                  setsid bash -c "echo \$\$ > '${WORLD_CG_RUN:-$WORLD_CG}/cgroup.procs' && exec '$wlbin' --port $port --resume_file '$resume_f' $params $extra" > "$wlog" 2>&1 < /dev/null
[93/2239] S005pure.perm__epg_index_p50 dump=0 restore=0 verdict=ok
pbsprobe/pbs_sweep.sh: line 296: 129630 Killed                  setsid bash -c "echo \$\$ > '${WORLD_CG_RUN:-$WORLD_CG}/cgroup.procs' && exec '$wlbin' --port $port --resume_file '$resume_f' $params $extra" > "$wlog" 2>&1 < /dev/null
[94/2239] S005pure.perm__epg_index_p75 dump=0 restore=0 verdict=ok
pbsprobe/pbs_sweep.sh: line 296: 130743 Killed                  setsid bash -c "echo \$\$ > '${WORLD_CG_RUN:-$WORLD_CG}/cgroup.procs' && exec '$wlbin' --port $port --resume_file '$resume_f' $params $extra" > "$wlog" 2>&1 < /dev/null
[95/2239] S005pure.perm__epg_text dump=0 restore=0 verdict=ok
pbsprobe/pbs_sweep.sh: line 296: 131863 Killed                  setsid bash -c "echo \$\$ > '${WORLD_CG_RUN:-$WORLD_CG}/cgroup.procs' && exec '$wlbin' --port $port --resume_file '$resume_f' $params $extra" > "$wlog" 2>&1 < /dev/null
[96/2239] S005pure.perm__epg_reserve dump=0 restore=0 verdict=ok
pbsprobe/pbs_sweep.sh: line 296: 132983 Killed                  setsid bash -c "echo \$\$ > '${WORLD_CG_RUN:-$WORLD_CG}/cgroup.procs' && exec '$wlbin' --port $port --resume_file '$resume_f' $params $extra" > "$wlog" 2>&1 < /dev/null
[97/2239] S005pure.perm__timer_armed dump=0 restore=0 verdict=ok
[98/2239] S005pure.perm__db_watch dump=1 restore=na verdict=dump_fail
pbsprobe/pbs_sweep.sh: line 257: 134111 Killed                  setsid bash -c "echo \$\$ > '${WORLD_CG_RUN:-$WORLD_CG}/cgroup.procs' && exec '$wlbin' --port $port --resume_file '$resume_f' $params $extra" > "$wlog" 2>&1 < /dev/null
[99/2239] S005pure.perm__ready dump=1 restore=na verdict=dump_fail
pbsprobe/pbs_sweep.sh: line 257: 135194 Killed                  setsid bash -c "echo \$\$ > '${WORLD_CG_RUN:-$WORLD_CG}/cgroup.procs' && exec '$wlbin' --port $port --resume_file '$resume_f' $params $extra" > "$wlog" 2>&1 < /dev/null
[100/2239] S005pure.perm__steady dump=1 restore=na verdict=dump_fail
pbsprobe/pbs_sweep.sh: line 257: 136345 Killed                  setsid bash -c "echo \$\$ > '${WORLD_CG_RUN:-$WORLD_CG}/cgroup.procs' && exec '$wlbin' --port $port --resume_file '$resume_f' $params $extra" > "$wlog" 2>&1 < /dev/null
pbsprobe/pbs_sweep.sh: line 296: 137551 Killed                  setsid bash -c "echo \$\$ > '${WORLD_CG_RUN:-$WORLD_CG}/cgroup.procs' && exec '$wlbin' --port $port --resume_file '$resume_f' $params $extra" > "$wlog" 2>&1 < /dev/null
[101/2239] S006hub1.stri__init dump=0 restore=0 verdict=ok
pbsprobe/pbs_sweep.sh: line 296: 138743 Killed                  setsid bash -c "echo \$\$ > '${WORLD_CG_RUN:-$WORLD_CG}/cgroup.procs' && exec '$wlbin' --port $port --resume_file '$resume_f' $params $extra" > "$wlog" 2>&1 < /dev/null
[102/2239] S006hub1.stri__db_open dump=0 restore=0 verdict=ok
pbsprobe/pbs_sweep.sh: line 296: 139923 Killed                  setsid bash -c "echo \$\$ > '${WORLD_CG_RUN:-$WORLD_CG}/cgroup.procs' && exec '$wlbin' --port $port --resume_file '$resume_f' $params $extra" > "$wlog" 2>&1 < /dev/null
[103/2239] S006hub1.stri__db_read dump=0 restore=0 verdict=ok
pbsprobe/pbs_sweep.sh: line 296: 141110 Killed                  setsid bash -c "echo \$\$ > '${WORLD_CG_RUN:-$WORLD_CG}/cgroup.procs' && exec '$wlbin' --port $port --resume_file '$resume_f' $params $extra" > "$wlog" 2>&1 < /dev/null
[104/2239] S006hub1.stri__db_read_p25 dump=0 restore=0 verdict=ok
pbsprobe/pbs_sweep.sh: line 296: 142294 Killed                  setsid bash -c "echo \$\$ > '${WORLD_CG_RUN:-$WORLD_CG}/cgroup.procs' && exec '$wlbin' --port $port --resume_file '$resume_f' $params $extra" > "$wlog" 2>&1 < /dev/null
[105/2239] S006hub1.stri__db_read_p50 dump=0 restore=0 verdict=ok
pbsprobe/pbs_sweep.sh: line 296: 143478 Killed                  setsid bash -c "echo \$\$ > '${WORLD_CG_RUN:-$WORLD_CG}/cgroup.procs' && exec '$wlbin' --port $port --resume_file '$resume_f' $params $extra" > "$wlog" 2>&1 < /dev/null
[106/2239] S006hub1.stri__db_read_p75 dump=0 restore=0 verdict=ok
pbsprobe/pbs_sweep.sh: line 296: 144662 Killed                  setsid bash -c "echo \$\$ > '${WORLD_CG_RUN:-$WORLD_CG}/cgroup.procs' && exec '$wlbin' --port $port --resume_file '$resume_f' $params $extra" > "$wlog" 2>&1 < /dev/null
[107/2239] S006hub1.stri__db_parse dump=0 restore=0 verdict=ok
pbsprobe/pbs_sweep.sh: line 296: 145846 Killed                  setsid bash -c "echo \$\$ > '${WORLD_CG_RUN:-$WORLD_CG}/cgroup.procs' && exec '$wlbin' --port $port --resume_file '$resume_f' $params $extra" > "$wlog" 2>&1 < /dev/null
[108/2239] S006hub1.stri__db_parse_p25 dump=0 restore=0 verdict=ok
pbsprobe/pbs_sweep.sh: line 296: 147029 Killed                  setsid bash -c "echo \$\$ > '${WORLD_CG_RUN:-$WORLD_CG}/cgroup.procs' && exec '$wlbin' --port $port --resume_file '$resume_f' $params $extra" > "$wlog" 2>&1 < /dev/null
[109/2239] S006hub1.stri__db_parse_p50 dump=0 restore=0 verdict=ok
pbsprobe/pbs_sweep.sh: line 296: 148209 Killed                  setsid bash -c "echo \$\$ > '${WORLD_CG_RUN:-$WORLD_CG}/cgroup.procs' && exec '$wlbin' --port $port --resume_file '$resume_f' $params $extra" > "$wlog" 2>&1 < /dev/null
[110/2239] S006hub1.stri__db_parse_p75 dump=0 restore=0 verdict=ok
pbsprobe/pbs_sweep.sh: line 296: 149389 Killed                  setsid bash -c "echo \$\$ > '${WORLD_CG_RUN:-$WORLD_CG}/cgroup.procs' && exec '$wlbin' --port $port --resume_file '$resume_f' $params $extra" > "$wlog" 2>&1 < /dev/null
[111/2239] S006hub1.stri__epg_index dump=0 restore=0 verdict=ok
pbsprobe/pbs_sweep.sh: line 296: 150569 Killed                  setsid bash -c "echo \$\$ > '${WORLD_CG_RUN:-$WORLD_CG}/cgroup.procs' && exec '$wlbin' --port $port --resume_file '$resume_f' $params $extra" > "$wlog" 2>&1 < /dev/null
[112/2239] S006hub1.stri__epg_index_p25 dump=0 restore=0 verdict=ok
pbsprobe/pbs_sweep.sh: line 296: 151745 Killed                  setsid bash -c "echo \$\$ > '${WORLD_CG_RUN:-$WORLD_CG}/cgroup.procs' && exec '$wlbin' --port $port --resume_file '$resume_f' $params $extra" > "$wlog" 2>&1 < /dev/null
[113/2239] S006hub1.stri__epg_index_p50 dump=0 restore=0 verdict=ok
pbsprobe/pbs_sweep.sh: line 296: 152924 Killed                  setsid bash -c "echo \$\$ > '${WORLD_CG_RUN:-$WORLD_CG}/cgroup.procs' && exec '$wlbin' --port $port --resume_file '$resume_f' $params $extra" > "$wlog" 2>&1 < /dev/null
[114/2239] S006hub1.stri__epg_index_p75 dump=0 restore=0 verdict=ok
pbsprobe/pbs_sweep.sh: line 296: 154104 Killed                  setsid bash -c "echo \$\$ > '${WORLD_CG_RUN:-$WORLD_CG}/cgroup.procs' && exec '$wlbin' --port $port --resume_file '$resume_f' $params $extra" > "$wlog" 2>&1 < /dev/null
[115/2239] S006hub1.stri__epg_text dump=0 restore=0 verdict=ok
pbsprobe/pbs_sweep.sh: line 296: 155288 Killed                  setsid bash -c "echo \$\$ > '${WORLD_CG_RUN:-$WORLD_CG}/cgroup.procs' && exec '$wlbin' --port $port --resume_file '$resume_f' $params $extra" > "$wlog" 2>&1 < /dev/null
[116/2239] S006hub1.stri__epg_reserve dump=0 restore=0 verdict=ok
[117/2239] S006hub1.stri__hub_conn1 dump=1 restore=na verdict=dump_fail
pbsprobe/pbs_sweep.sh: line 257: 156460 Killed                  setsid bash -c "echo \$\$ > '${WORLD_CG_RUN:-$WORLD_CG}/cgroup.procs' && exec '$wlbin' --port $port --resume_file '$resume_f' $params $extra" > "$wlog" 2>&1 < /dev/null
[118/2239] S006hub1.stri__hub_subscribed dump=1 restore=na verdict=dump_fail
pbsprobe/pbs_sweep.sh: line 257: 157431 Killed                  setsid bash -c "echo \$\$ > '${WORLD_CG_RUN:-$WORLD_CG}/cgroup.procs' && exec '$wlbin' --port $port --resume_file '$resume_f' $params $extra" > "$wlog" 2>&1 < /dev/null
[119/2239] S006hub1.stri__timer_armed dump=1 restore=na verdict=dump_fail
pbsprobe/pbs_sweep.sh: line 257: 158462 Killed                  setsid bash -c "echo \$\$ > '${WORLD_CG_RUN:-$WORLD_CG}/cgroup.procs' && exec '$wlbin' --port $port --resume_file '$resume_f' $params $extra" > "$wlog" 2>&1 < /dev/null
[120/2239] S006hub1.stri__db_watch dump=1 restore=na verdict=dump_fail
pbsprobe/pbs_sweep.sh: line 257: 159552 Killed                  setsid bash -c "echo \$\$ > '${WORLD_CG_RUN:-$WORLD_CG}/cgroup.procs' && exec '$wlbin' --port $port --resume_file '$resume_f' $params $extra" > "$wlog" 2>&1 < /dev/null
[121/2239] S006hub1.stri__ready dump=1 restore=na verdict=dump_fail
pbsprobe/pbs_sweep.sh: line 257: 160698 Killed                  setsid bash -c "echo \$\$ > '${WORLD_CG_RUN:-$WORLD_CG}/cgroup.procs' && exec '$wlbin' --port $port --resume_file '$resume_f' $params $extra" > "$wlog" 2>&1 < /dev/null
[122/2239] S006hub1.stri__steady dump=1 restore=na verdict=dump_fail
pbsprobe/pbs_sweep.sh: line 257: 161909 Killed                  setsid bash -c "echo \$\$ > '${WORLD_CG_RUN:-$WORLD_CG}/cgroup.procs' && exec '$wlbin' --port $port --resume_file '$resume_f' $params $extra" > "$wlog" 2>&1 < /dev/null
pbsprobe/pbs_sweep.sh: line 296: 163175 Killed                  setsid bash -c "echo \$\$ > '${WORLD_CG_RUN:-$WORLD_CG}/cgroup.procs' && exec '$wlbin' --port $port --resume_file '$resume_f' $params $extra" > "$wlog" 2>&1 < /dev/null
[123/2239] S007hub1.ext___init dump=0 restore=0 verdict=ok
pbsprobe/pbs_sweep.sh: line 296: 164371 Killed                  setsid bash -c "echo \$\$ > '${WORLD_CG_RUN:-$WORLD_CG}/cgroup.procs' && exec '$wlbin' --port $port --resume_file '$resume_f' $params $extra" > "$wlog" 2>&1 < /dev/null
[124/2239] S007hub1.ext___db_open dump=0 restore=0 verdict=ok
pbsprobe/pbs_sweep.sh: line 296: 165555 Killed                  setsid bash -c "echo \$\$ > '${WORLD_CG_RUN:-$WORLD_CG}/cgroup.procs' && exec '$wlbin' --port $port --resume_file '$resume_f' $params $extra" > "$wlog" 2>&1 < /dev/null
[125/2239] S007hub1.ext___db_read dump=0 restore=0 verdict=ok
pbsprobe/pbs_sweep.sh: line 296: 166738 Killed                  setsid bash -c "echo \$\$ > '${WORLD_CG_RUN:-$WORLD_CG}/cgroup.procs' && exec '$wlbin' --port $port --resume_file '$resume_f' $params $extra" > "$wlog" 2>&1 < /dev/null
[126/2239] S007hub1.ext___db_read_p25 dump=0 restore=0 verdict=ok
pbsprobe/pbs_sweep.sh: line 296: 167918 Killed                  setsid bash -c "echo \$\$ > '${WORLD_CG_RUN:-$WORLD_CG}/cgroup.procs' && exec '$wlbin' --port $port --resume_file '$resume_f' $params $extra" > "$wlog" 2>&1 < /dev/null
[127/2239] S007hub1.ext___db_read_p50 dump=0 restore=0 verdict=ok
pbsprobe/pbs_sweep.sh: line 296: 169102 Killed                  setsid bash -c "echo \$\$ > '${WORLD_CG_RUN:-$WORLD_CG}/cgroup.procs' && exec '$wlbin' --port $port --resume_file '$resume_f' $params $extra" > "$wlog" 2>&1 < /dev/null
[128/2239] S007hub1.ext___db_read_p75 dump=0 restore=0 verdict=ok
pbsprobe/pbs_sweep.sh: line 296: 170282 Killed                  setsid bash -c "echo \$\$ > '${WORLD_CG_RUN:-$WORLD_CG}/cgroup.procs' && exec '$wlbin' --port $port --resume_file '$resume_f' $params $extra" > "$wlog" 2>&1 < /dev/null
[129/2239] S007hub1.ext___db_parse dump=0 restore=0 verdict=ok
pbsprobe/pbs_sweep.sh: line 296: 171458 Killed                  setsid bash -c "echo \$\$ > '${WORLD_CG_RUN:-$WORLD_CG}/cgroup.procs' && exec '$wlbin' --port $port --resume_file '$resume_f' $params $extra" > "$wlog" 2>&1 < /dev/null
[130/2239] S007hub1.ext___db_parse_p25 dump=0 restore=0 verdict=ok
pbsprobe/pbs_sweep.sh: line 296: 172642 Killed                  setsid bash -c "echo \$\$ > '${WORLD_CG_RUN:-$WORLD_CG}/cgroup.procs' && exec '$wlbin' --port $port --resume_file '$resume_f' $params $extra" > "$wlog" 2>&1 < /dev/null
[131/2239] S007hub1.ext___db_parse_p50 dump=0 restore=0 verdict=ok
pbsprobe/pbs_sweep.sh: line 296: 173825 Killed                  setsid bash -c "echo \$\$ > '${WORLD_CG_RUN:-$WORLD_CG}/cgroup.procs' && exec '$wlbin' --port $port --resume_file '$resume_f' $params $extra" > "$wlog" 2>&1 < /dev/null
[132/2239] S007hub1.ext___db_parse_p75 dump=0 restore=0 verdict=ok
pbsprobe/pbs_sweep.sh: line 296: 175001 Killed                  setsid bash -c "echo \$\$ > '${WORLD_CG_RUN:-$WORLD_CG}/cgroup.procs' && exec '$wlbin' --port $port --resume_file '$resume_f' $params $extra" > "$wlog" 2>&1 < /dev/null
[133/2239] S007hub1.ext___epg_index dump=0 restore=0 verdict=ok
pbsprobe/pbs_sweep.sh: line 296: 176173 Killed                  setsid bash -c "echo \$\$ > '${WORLD_CG_RUN:-$WORLD_CG}/cgroup.procs' && exec '$wlbin' --port $port --resume_file '$resume_f' $params $extra" > "$wlog" 2>&1 < /dev/null
[134/2239] S007hub1.ext___epg_index_p25 dump=0 restore=0 verdict=ok
pbsprobe/pbs_sweep.sh: line 296: 177353 Killed                  setsid bash -c "echo \$\$ > '${WORLD_CG_RUN:-$WORLD_CG}/cgroup.procs' && exec '$wlbin' --port $port --resume_file '$resume_f' $params $extra" > "$wlog" 2>&1 < /dev/null
[135/2239] S007hub1.ext___epg_index_p50 dump=0 restore=0 verdict=ok
pbsprobe/pbs_sweep.sh: line 296: 178533 Killed                  setsid bash -c "echo \$\$ > '${WORLD_CG_RUN:-$WORLD_CG}/cgroup.procs' && exec '$wlbin' --port $port --resume_file '$resume_f' $params $extra" > "$wlog" 2>&1 < /dev/null
[136/2239] S007hub1.ext___epg_index_p75 dump=0 restore=0 verdict=ok
pbsprobe/pbs_sweep.sh: line 296: 179712 Killed                  setsid bash -c "echo \$\$ > '${WORLD_CG_RUN:-$WORLD_CG}/cgroup.procs' && exec '$wlbin' --port $port --resume_file '$resume_f' $params $extra" > "$wlog" 2>&1 < /dev/null
[137/2239] S007hub1.ext___epg_text dump=0 restore=0 verdict=ok
pbsprobe/pbs_sweep.sh: line 296: 180892 Killed                  setsid bash -c "echo \$\$ > '${WORLD_CG_RUN:-$WORLD_CG}/cgroup.procs' && exec '$wlbin' --port $port --resume_file '$resume_f' $params $extra" > "$wlog" 2>&1 < /dev/null
[138/2239] S007hub1.ext___epg_reserve dump=0 restore=0 verdict=ok
[139/2239] S007hub1.ext___hub_conn1 dump=1 restore=na verdict=dump_fail
pbsprobe/pbs_sweep.sh: line 257: 182072 Killed                  setsid bash -c "echo \$\$ > '${WORLD_CG_RUN:-$WORLD_CG}/cgroup.procs' && exec '$wlbin' --port $port --resume_file '$resume_f' $params $extra" > "$wlog" 2>&1 < /dev/null
[140/2239] S007hub1.ext___hub_subscribed dump=1 restore=na verdict=dump_fail
pbsprobe/pbs_sweep.sh: line 257: 183047 Killed                  setsid bash -c "echo \$\$ > '${WORLD_CG_RUN:-$WORLD_CG}/cgroup.procs' && exec '$wlbin' --port $port --resume_file '$resume_f' $params $extra" > "$wlog" 2>&1 < /dev/null
[141/2239] S007hub1.ext___timer_armed dump=1 restore=na verdict=dump_fail
pbsprobe/pbs_sweep.sh: line 257: 184078 Killed                  setsid bash -c "echo \$\$ > '${WORLD_CG_RUN:-$WORLD_CG}/cgroup.procs' && exec '$wlbin' --port $port --resume_file '$resume_f' $params $extra" > "$wlog" 2>&1 < /dev/null
[142/2239] S007hub1.ext___db_watch dump=1 restore=na verdict=dump_fail
pbsprobe/pbs_sweep.sh: line 257: 185168 Killed                  setsid bash -c "echo \$\$ > '${WORLD_CG_RUN:-$WORLD_CG}/cgroup.procs' && exec '$wlbin' --port $port --resume_file '$resume_f' $params $extra" > "$wlog" 2>&1 < /dev/null
[143/2239] S007hub1.ext___ready dump=1 restore=na verdict=dump_fail
pbsprobe/pbs_sweep.sh: line 257: 186314 Killed                  setsid bash -c "echo \$\$ > '${WORLD_CG_RUN:-$WORLD_CG}/cgroup.procs' && exec '$wlbin' --port $port --resume_file '$resume_f' $params $extra" > "$wlog" 2>&1 < /dev/null
[144/2239] S007hub1.ext___steady dump=1 restore=na verdict=dump_fail
pbsprobe/pbs_sweep.sh: line 257: 187521 Killed                  setsid bash -c "echo \$\$ > '${WORLD_CG_RUN:-$WORLD_CG}/cgroup.procs' && exec '$wlbin' --port $port --resume_file '$resume_f' $params $extra" > "$wlog" 2>&1 < /dev/null
pbsprobe/pbs_sweep.sh: line 296: 188791 Killed                  setsid bash -c "echo \$\$ > '${WORLD_CG_RUN:-$WORLD_CG}/cgroup.procs' && exec '$wlbin' --port $port --resume_file '$resume_f' $params $extra" > "$wlog" 2>&1 < /dev/null
[145/2239] S008hub1.tcp___init dump=0 restore=0 verdict=ok
pbsprobe/pbs_sweep.sh: line 296: 189983 Killed                  setsid bash -c "echo \$\$ > '${WORLD_CG_RUN:-$WORLD_CG}/cgroup.procs' && exec '$wlbin' --port $port --resume_file '$resume_f' $params $extra" > "$wlog" 2>&1 < /dev/null
[146/2239] S008hub1.tcp___db_open dump=0 restore=0 verdict=ok
pbsprobe/pbs_sweep.sh: line 296: 191167 Killed                  setsid bash -c "echo \$\$ > '${WORLD_CG_RUN:-$WORLD_CG}/cgroup.procs' && exec '$wlbin' --port $port --resume_file '$resume_f' $params $extra" > "$wlog" 2>&1 < /dev/null
[147/2239] S008hub1.tcp___db_read dump=0 restore=0 verdict=ok
pbsprobe/pbs_sweep.sh: line 296: 192347 Killed                  setsid bash -c "echo \$\$ > '${WORLD_CG_RUN:-$WORLD_CG}/cgroup.procs' && exec '$wlbin' --port $port --resume_file '$resume_f' $params $extra" > "$wlog" 2>&1 < /dev/null
[148/2239] S008hub1.tcp___db_read_p25 dump=0 restore=0 verdict=ok
pbsprobe/pbs_sweep.sh: line 296: 193526 Killed                  setsid bash -c "echo \$\$ > '${WORLD_CG_RUN:-$WORLD_CG}/cgroup.procs' && exec '$wlbin' --port $port --resume_file '$resume_f' $params $extra" > "$wlog" 2>&1 < /dev/null
[149/2239] S008hub1.tcp___db_read_p50 dump=0 restore=0 verdict=ok
pbsprobe/pbs_sweep.sh: line 296: 194706 Killed                  setsid bash -c "echo \$\$ > '${WORLD_CG_RUN:-$WORLD_CG}/cgroup.procs' && exec '$wlbin' --port $port --resume_file '$resume_f' $params $extra" > "$wlog" 2>&1 < /dev/null
[150/2239] S008hub1.tcp___db_read_p75 dump=0 restore=0 verdict=ok
pbsprobe/pbs_sweep.sh: line 296: 195886 Killed                  setsid bash -c "echo \$\$ > '${WORLD_CG_RUN:-$WORLD_CG}/cgroup.procs' && exec '$wlbin' --port $port --resume_file '$resume_f' $params $extra" > "$wlog" 2>&1 < /dev/null
[151/2239] S008hub1.tcp___db_parse dump=0 restore=0 verdict=ok
pbsprobe/pbs_sweep.sh: line 296: 197066 Killed                  setsid bash -c "echo \$\$ > '${WORLD_CG_RUN:-$WORLD_CG}/cgroup.procs' && exec '$wlbin' --port $port --resume_file '$resume_f' $params $extra" > "$wlog" 2>&1 < /dev/null
[152/2239] S008hub1.tcp___db_parse_p25 dump=0 restore=0 verdict=ok
pbsprobe/pbs_sweep.sh: line 296: 198246 Killed                  setsid bash -c "echo \$\$ > '${WORLD_CG_RUN:-$WORLD_CG}/cgroup.procs' && exec '$wlbin' --port $port --resume_file '$resume_f' $params $extra" > "$wlog" 2>&1 < /dev/null
[153/2239] S008hub1.tcp___db_parse_p50 dump=0 restore=0 verdict=ok
pbsprobe/pbs_sweep.sh: line 296: 199426 Killed                  setsid bash -c "echo \$\$ > '${WORLD_CG_RUN:-$WORLD_CG}/cgroup.procs' && exec '$wlbin' --port $port --resume_file '$resume_f' $params $extra" > "$wlog" 2>&1 < /dev/null
[154/2239] S008hub1.tcp___db_parse_p75 dump=0 restore=0 verdict=ok
pbsprobe/pbs_sweep.sh: line 296: 200605 Killed                  setsid bash -c "echo \$\$ > '${WORLD_CG_RUN:-$WORLD_CG}/cgroup.procs' && exec '$wlbin' --port $port --resume_file '$resume_f' $params $extra" > "$wlog" 2>&1 < /dev/null
[155/2239] S008hub1.tcp___epg_index dump=0 restore=0 verdict=ok
pbsprobe/pbs_sweep.sh: line 296: 201781 Killed                  setsid bash -c "echo \$\$ > '${WORLD_CG_RUN:-$WORLD_CG}/cgroup.procs' && exec '$wlbin' --port $port --resume_file '$resume_f' $params $extra" > "$wlog" 2>&1 < /dev/null
[156/2239] S008hub1.tcp___epg_index_p25 dump=0 restore=0 verdict=ok
pbsprobe/pbs_sweep.sh: line 296: 202949 Killed                  setsid bash -c "echo \$\$ > '${WORLD_CG_RUN:-$WORLD_CG}/cgroup.procs' && exec '$wlbin' --port $port --resume_file '$resume_f' $params $extra" > "$wlog" 2>&1 < /dev/null
[157/2239] S008hub1.tcp___epg_index_p50 dump=0 restore=0 verdict=ok
pbsprobe/pbs_sweep.sh: line 296: 204125 Killed                  setsid bash -c "echo \$\$ > '${WORLD_CG_RUN:-$WORLD_CG}/cgroup.procs' && exec '$wlbin' --port $port --resume_file '$resume_f' $params $extra" > "$wlog" 2>&1 < /dev/null
[158/2239] S008hub1.tcp___epg_index_p75 dump=0 restore=0 verdict=ok
pbsprobe/pbs_sweep.sh: line 296: 205305 Killed                  setsid bash -c "echo \$\$ > '${WORLD_CG_RUN:-$WORLD_CG}/cgroup.procs' && exec '$wlbin' --port $port --resume_file '$resume_f' $params $extra" > "$wlog" 2>&1 < /dev/null
[159/2239] S008hub1.tcp___epg_text dump=0 restore=0 verdict=ok
pbsprobe/pbs_sweep.sh: line 296: 206488 Killed                  setsid bash -c "echo \$\$ > '${WORLD_CG_RUN:-$WORLD_CG}/cgroup.procs' && exec '$wlbin' --port $port --resume_file '$resume_f' $params $extra" > "$wlog" 2>&1 < /dev/null
[160/2239] S008hub1.tcp___epg_reserve dump=0 restore=0 verdict=ok
[161/2239] S008hub1.tcp___hub_conn1 dump=1 restore=na verdict=dump_fail
pbsprobe/pbs_sweep.sh: line 257: 207668 Killed                  setsid bash -c "echo \$\$ > '${WORLD_CG_RUN:-$WORLD_CG}/cgroup.procs' && exec '$wlbin' --port $port --resume_file '$resume_f' $params $extra" > "$wlog" 2>&1 < /dev/null
[162/2239] S008hub1.tcp___hub_subscribed dump=1 restore=na verdict=dump_fail
pbsprobe/pbs_sweep.sh: line 257: 208643 Killed                  setsid bash -c "echo \$\$ > '${WORLD_CG_RUN:-$WORLD_CG}/cgroup.procs' && exec '$wlbin' --port $port --resume_file '$resume_f' $params $extra" > "$wlog" 2>&1 < /dev/null
[163/2239] S008hub1.tcp___timer_armed dump=1 restore=na verdict=dump_fail
pbsprobe/pbs_sweep.sh: line 257: 209670 Killed                  setsid bash -c "echo \$\$ > '${WORLD_CG_RUN:-$WORLD_CG}/cgroup.procs' && exec '$wlbin' --port $port --resume_file '$resume_f' $params $extra" > "$wlog" 2>&1 < /dev/null
[164/2239] S008hub1.tcp___db_watch dump=1 restore=na verdict=dump_fail
pbsprobe/pbs_sweep.sh: line 257: 210764 Killed                  setsid bash -c "echo \$\$ > '${WORLD_CG_RUN:-$WORLD_CG}/cgroup.procs' && exec '$wlbin' --port $port --resume_file '$resume_f' $params $extra" > "$wlog" 2>&1 < /dev/null
[165/2239] S008hub1.tcp___ready dump=1 restore=na verdict=dump_fail
pbsprobe/pbs_sweep.sh: line 257: 211914 Killed                  setsid bash -c "echo \$\$ > '${WORLD_CG_RUN:-$WORLD_CG}/cgroup.procs' && exec '$wlbin' --port $port --resume_file '$resume_f' $params $extra" > "$wlog" 2>&1 < /dev/null
[166/2239] S008hub1.tcp___steady dump=1 restore=na verdict=dump_fail
pbsprobe/pbs_sweep.sh: line 257: 213121 Killed                  setsid bash -c "echo \$\$ > '${WORLD_CG_RUN:-$WORLD_CG}/cgroup.procs' && exec '$wlbin' --port $port --resume_file '$resume_f' $params $extra" > "$wlog" 2>&1 < /dev/null
pbsprobe/pbs_sweep.sh: line 296: 214391 Killed                  setsid bash -c "echo \$\$ > '${WORLD_CG_RUN:-$WORLD_CG}/cgroup.procs' && exec '$wlbin' --port $port --resume_file '$resume_f' $params $extra" > "$wlog" 2>&1 < /dev/null
[167/2239] S009hub1.file__init dump=0 restore=0 verdict=ok
pbsprobe/pbs_sweep.sh: line 296: 215583 Killed                  setsid bash -c "echo \$\$ > '${WORLD_CG_RUN:-$WORLD_CG}/cgroup.procs' && exec '$wlbin' --port $port --resume_file '$resume_f' $params $extra" > "$wlog" 2>&1 < /dev/null
[168/2239] S009hub1.file__db_open dump=0 restore=0 verdict=ok
pbsprobe/pbs_sweep.sh: line 296: 216767 Killed                  setsid bash -c "echo \$\$ > '${WORLD_CG_RUN:-$WORLD_CG}/cgroup.procs' && exec '$wlbin' --port $port --resume_file '$resume_f' $params $extra" > "$wlog" 2>&1 < /dev/null
[169/2239] S009hub1.file__db_read dump=0 restore=0 verdict=ok
pbsprobe/pbs_sweep.sh: line 296: 217947 Killed                  setsid bash -c "echo \$\$ > '${WORLD_CG_RUN:-$WORLD_CG}/cgroup.procs' && exec '$wlbin' --port $port --resume_file '$resume_f' $params $extra" > "$wlog" 2>&1 < /dev/null
[170/2239] S009hub1.file__db_read_p25 dump=0 restore=0 verdict=ok
pbsprobe/pbs_sweep.sh: line 296: 219119 Killed                  setsid bash -c "echo \$\$ > '${WORLD_CG_RUN:-$WORLD_CG}/cgroup.procs' && exec '$wlbin' --port $port --resume_file '$resume_f' $params $extra" > "$wlog" 2>&1 < /dev/null
[171/2239] S009hub1.file__db_read_p50 dump=0 restore=0 verdict=ok
pbsprobe/pbs_sweep.sh: line 296: 220294 Killed                  setsid bash -c "echo \$\$ > '${WORLD_CG_RUN:-$WORLD_CG}/cgroup.procs' && exec '$wlbin' --port $port --resume_file '$resume_f' $params $extra" > "$wlog" 2>&1 < /dev/null
[172/2239] S009hub1.file__db_read_p75 dump=0 restore=0 verdict=ok
pbsprobe/pbs_sweep.sh: line 296: 221470 Killed                  setsid bash -c "echo \$\$ > '${WORLD_CG_RUN:-$WORLD_CG}/cgroup.procs' && exec '$wlbin' --port $port --resume_file '$resume_f' $params $extra" > "$wlog" 2>&1 < /dev/null
[173/2239] S009hub1.file__db_parse dump=0 restore=0 verdict=ok
pbsprobe/pbs_sweep.sh: line 296: 222646 Killed                  setsid bash -c "echo \$\$ > '${WORLD_CG_RUN:-$WORLD_CG}/cgroup.procs' && exec '$wlbin' --port $port --resume_file '$resume_f' $params $extra" > "$wlog" 2>&1 < /dev/null
[174/2239] S009hub1.file__db_parse_p25 dump=0 restore=0 verdict=ok
pbsprobe/pbs_sweep.sh: line 296: 223830 Killed                  setsid bash -c "echo \$\$ > '${WORLD_CG_RUN:-$WORLD_CG}/cgroup.procs' && exec '$wlbin' --port $port --resume_file '$resume_f' $params $extra" > "$wlog" 2>&1 < /dev/null
[175/2239] S009hub1.file__db_parse_p50 dump=0 restore=0 verdict=ok
pbsprobe/pbs_sweep.sh: line 296: 225014 Killed                  setsid bash -c "echo \$\$ > '${WORLD_CG_RUN:-$WORLD_CG}/cgroup.procs' && exec '$wlbin' --port $port --resume_file '$resume_f' $params $extra" > "$wlog" 2>&1 < /dev/null
[176/2239] S009hub1.file__db_parse_p75 dump=0 restore=0 verdict=ok
pbsprobe/pbs_sweep.sh: line 296: 226190 Killed                  setsid bash -c "echo \$\$ > '${WORLD_CG_RUN:-$WORLD_CG}/cgroup.procs' && exec '$wlbin' --port $port --resume_file '$resume_f' $params $extra" > "$wlog" 2>&1 < /dev/null
[177/2239] S009hub1.file__epg_index dump=0 restore=0 verdict=ok
pbsprobe/pbs_sweep.sh: line 296: 227365 Killed                  setsid bash -c "echo \$\$ > '${WORLD_CG_RUN:-$WORLD_CG}/cgroup.procs' && exec '$wlbin' --port $port --resume_file '$resume_f' $params $extra" > "$wlog" 2>&1 < /dev/null
[178/2239] S009hub1.file__epg_index_p25 dump=0 restore=0 verdict=ok
pbsprobe/pbs_sweep.sh: line 296: 228545 Killed                  setsid bash -c "echo \$\$ > '${WORLD_CG_RUN:-$WORLD_CG}/cgroup.procs' && exec '$wlbin' --port $port --resume_file '$resume_f' $params $extra" > "$wlog" 2>&1 < /dev/null
[179/2239] S009hub1.file__epg_index_p50 dump=0 restore=0 verdict=ok
pbsprobe/pbs_sweep.sh: line 296: 229725 Killed                  setsid bash -c "echo \$\$ > '${WORLD_CG_RUN:-$WORLD_CG}/cgroup.procs' && exec '$wlbin' --port $port --resume_file '$resume_f' $params $extra" > "$wlog" 2>&1 < /dev/null
[180/2239] S009hub1.file__epg_index_p75 dump=0 restore=0 verdict=ok
pbsprobe/pbs_sweep.sh: line 296: 230909 Killed                  setsid bash -c "echo \$\$ > '${WORLD_CG_RUN:-$WORLD_CG}/cgroup.procs' && exec '$wlbin' --port $port --resume_file '$resume_f' $params $extra" > "$wlog" 2>&1 < /dev/null
[181/2239] S009hub1.file__epg_text dump=0 restore=0 verdict=ok
pbsprobe/pbs_sweep.sh: line 296: 232089 Killed                  setsid bash -c "echo \$\$ > '${WORLD_CG_RUN:-$WORLD_CG}/cgroup.procs' && exec '$wlbin' --port $port --resume_file '$resume_f' $params $extra" > "$wlog" 2>&1 < /dev/null
[182/2239] S009hub1.file__epg_reserve dump=0 restore=0 verdict=ok
[183/2239] S009hub1.file__hub_conn1 dump=1 restore=na verdict=dump_fail
pbsprobe/pbs_sweep.sh: line 257: 233272 Killed                  setsid bash -c "echo \$\$ > '${WORLD_CG_RUN:-$WORLD_CG}/cgroup.procs' && exec '$wlbin' --port $port --resume_file '$resume_f' $params $extra" > "$wlog" 2>&1 < /dev/null
[184/2239] S009hub1.file__hub_subscribed dump=1 restore=na verdict=dump_fail
pbsprobe/pbs_sweep.sh: line 257: 234240 Killed                  setsid bash -c "echo \$\$ > '${WORLD_CG_RUN:-$WORLD_CG}/cgroup.procs' && exec '$wlbin' --port $port --resume_file '$resume_f' $params $extra" > "$wlog" 2>&1 < /dev/null
[185/2239] S009hub1.file__timer_armed dump=1 restore=na verdict=dump_fail
pbsprobe/pbs_sweep.sh: line 257: 235278 Killed                  setsid bash -c "echo \$\$ > '${WORLD_CG_RUN:-$WORLD_CG}/cgroup.procs' && exec '$wlbin' --port $port --resume_file '$resume_f' $params $extra" > "$wlog" 2>&1 < /dev/null
[186/2239] S009hub1.file__db_watch dump=1 restore=na verdict=dump_fail
pbsprobe/pbs_sweep.sh: line 257: 236361 Killed                  setsid bash -c "echo \$\$ > '${WORLD_CG_RUN:-$WORLD_CG}/cgroup.procs' && exec '$wlbin' --port $port --resume_file '$resume_f' $params $extra" > "$wlog" 2>&1 < /dev/null
[187/2239] S009hub1.file__ready dump=1 restore=na verdict=dump_fail
pbsprobe/pbs_sweep.sh: line 257: 237511 Killed                  setsid bash -c "echo \$\$ > '${WORLD_CG_RUN:-$WORLD_CG}/cgroup.procs' && exec '$wlbin' --port $port --resume_file '$resume_f' $params $extra" > "$wlog" 2>&1 < /dev/null
[188/2239] S009hub1.file__steady dump=1 restore=na verdict=dump_fail
pbsprobe/pbs_sweep.sh: line 257: 238718 Killed                  setsid bash -c "echo \$\$ > '${WORLD_CG_RUN:-$WORLD_CG}/cgroup.procs' && exec '$wlbin' --port $port --resume_file '$resume_f' $params $extra" > "$wlog" 2>&1 < /dev/null
pbsprobe/pbs_sweep.sh: line 296: 239980 Killed                  setsid bash -c "echo \$\$ > '${WORLD_CG_RUN:-$WORLD_CG}/cgroup.procs' && exec '$wlbin' --port $port --resume_file '$resume_f' $params $extra" > "$wlog" 2>&1 < /dev/null
[189/2239] S010hub1.perm__init dump=0 restore=0 verdict=ok
pbsprobe/pbs_sweep.sh: line 296: 241160 Killed                  setsid bash -c "echo \$\$ > '${WORLD_CG_RUN:-$WORLD_CG}/cgroup.procs' && exec '$wlbin' --port $port --resume_file '$resume_f' $params $extra" > "$wlog" 2>&1 < /dev/null
[190/2239] S010hub1.perm__db_open dump=0 restore=0 verdict=ok
pbsprobe/pbs_sweep.sh: line 296: 242343 Killed                  setsid bash -c "echo \$\$ > '${WORLD_CG_RUN:-$WORLD_CG}/cgroup.procs' && exec '$wlbin' --port $port --resume_file '$resume_f' $params $extra" > "$wlog" 2>&1 < /dev/null
[191/2239] S010hub1.perm__db_read dump=0 restore=0 verdict=ok
pbsprobe/pbs_sweep.sh: line 296: 243519 Killed                  setsid bash -c "echo \$\$ > '${WORLD_CG_RUN:-$WORLD_CG}/cgroup.procs' && exec '$wlbin' --port $port --resume_file '$resume_f' $params $extra" > "$wlog" 2>&1 < /dev/null
[192/2239] S010hub1.perm__db_read_p25 dump=0 restore=0 verdict=ok
pbsprobe/pbs_sweep.sh: line 296: 244695 Killed                  setsid bash -c "echo \$\$ > '${WORLD_CG_RUN:-$WORLD_CG}/cgroup.procs' && exec '$wlbin' --port $port --resume_file '$resume_f' $params $extra" > "$wlog" 2>&1 < /dev/null
[193/2239] S010hub1.perm__db_read_p50 dump=0 restore=0 verdict=ok
pbsprobe/pbs_sweep.sh: line 296: 245875 Killed                  setsid bash -c "echo \$\$ > '${WORLD_CG_RUN:-$WORLD_CG}/cgroup.procs' && exec '$wlbin' --port $port --resume_file '$resume_f' $params $extra" > "$wlog" 2>&1 < /dev/null
[194/2239] S010hub1.perm__db_read_p75 dump=0 restore=0 verdict=ok
pbsprobe/pbs_sweep.sh: line 296: 247055 Killed                  setsid bash -c "echo \$\$ > '${WORLD_CG_RUN:-$WORLD_CG}/cgroup.procs' && exec '$wlbin' --port $port --resume_file '$resume_f' $params $extra" > "$wlog" 2>&1 < /dev/null
[195/2239] S010hub1.perm__db_parse dump=0 restore=0 verdict=ok
pbsprobe/pbs_sweep.sh: line 296: 248234 Killed                  setsid bash -c "echo \$\$ > '${WORLD_CG_RUN:-$WORLD_CG}/cgroup.procs' && exec '$wlbin' --port $port --resume_file '$resume_f' $params $extra" > "$wlog" 2>&1 < /dev/null
[196/2239] S010hub1.perm__db_parse_p25 dump=0 restore=0 verdict=ok
pbsprobe/pbs_sweep.sh: line 296: 249414 Killed                  setsid bash -c "echo \$\$ > '${WORLD_CG_RUN:-$WORLD_CG}/cgroup.procs' && exec '$wlbin' --port $port --resume_file '$resume_f' $params $extra" > "$wlog" 2>&1 < /dev/null
[197/2239] S010hub1.perm__db_parse_p50 dump=0 restore=0 verdict=ok
pbsprobe/pbs_sweep.sh: line 296: 250598 Killed                  setsid bash -c "echo \$\$ > '${WORLD_CG_RUN:-$WORLD_CG}/cgroup.procs' && exec '$wlbin' --port $port --resume_file '$resume_f' $params $extra" > "$wlog" 2>&1 < /dev/null
[198/2239] S010hub1.perm__db_parse_p75 dump=0 restore=0 verdict=ok
pbsprobe/pbs_sweep.sh: line 296: 251774 Killed                  setsid bash -c "echo \$\$ > '${WORLD_CG_RUN:-$WORLD_CG}/cgroup.procs' && exec '$wlbin' --port $port --resume_file '$resume_f' $params $extra" > "$wlog" 2>&1 < /dev/null
[199/2239] S010hub1.perm__epg_index dump=0 restore=0 verdict=ok
pbsprobe/pbs_sweep.sh: line 296: 252954 Killed                  setsid bash -c "echo \$\$ > '${WORLD_CG_RUN:-$WORLD_CG}/cgroup.procs' && exec '$wlbin' --port $port --resume_file '$resume_f' $params $extra" > "$wlog" 2>&1 < /dev/null
[200/2239] S010hub1.perm__epg_index_p25 dump=0 restore=0 verdict=ok
pbsprobe/pbs_sweep.sh: line 296: 254133 Killed                  setsid bash -c "echo \$\$ > '${WORLD_CG_RUN:-$WORLD_CG}/cgroup.procs' && exec '$wlbin' --port $port --resume_file '$resume_f' $params $extra" > "$wlog" 2>&1 < /dev/null
[201/2239] S010hub1.perm__epg_index_p50 dump=0 restore=0 verdict=ok
pbsprobe/pbs_sweep.sh: line 296: 255313 Killed                  setsid bash -c "echo \$\$ > '${WORLD_CG_RUN:-$WORLD_CG}/cgroup.procs' && exec '$wlbin' --port $port --resume_file '$resume_f' $params $extra" > "$wlog" 2>&1 < /dev/null
[202/2239] S010hub1.perm__epg_index_p75 dump=0 restore=0 verdict=ok
pbsprobe/pbs_sweep.sh: line 296: 256489 Killed                  setsid bash -c "echo \$\$ > '${WORLD_CG_RUN:-$WORLD_CG}/cgroup.procs' && exec '$wlbin' --port $port --resume_file '$resume_f' $params $extra" > "$wlog" 2>&1 < /dev/null
[203/2239] S010hub1.perm__epg_text dump=0 restore=0 verdict=ok
pbsprobe/pbs_sweep.sh: line 296: 257661 Killed                  setsid bash -c "echo \$\$ > '${WORLD_CG_RUN:-$WORLD_CG}/cgroup.procs' && exec '$wlbin' --port $port --resume_file '$resume_f' $params $extra" > "$wlog" 2>&1 < /dev/null
[204/2239] S010hub1.perm__epg_reserve dump=0 restore=0 verdict=ok
[205/2239] S010hub1.perm__hub_conn1 dump=1 restore=na verdict=dump_fail
pbsprobe/pbs_sweep.sh: line 257: 258841 Killed                  setsid bash -c "echo \$\$ > '${WORLD_CG_RUN:-$WORLD_CG}/cgroup.procs' && exec '$wlbin' --port $port --resume_file '$resume_f' $params $extra" > "$wlog" 2>&1 < /dev/null
[206/2239] S010hub1.perm__hub_subscribed dump=1 restore=na verdict=dump_fail
pbsprobe/pbs_sweep.sh: line 257: 259816 Killed                  setsid bash -c "echo \$\$ > '${WORLD_CG_RUN:-$WORLD_CG}/cgroup.procs' && exec '$wlbin' --port $port --resume_file '$resume_f' $params $extra" > "$wlog" 2>&1 < /dev/null
[207/2239] S010hub1.perm__timer_armed dump=1 restore=na verdict=dump_fail
pbsprobe/pbs_sweep.sh: line 257: 260843 Killed                  setsid bash -c "echo \$\$ > '${WORLD_CG_RUN:-$WORLD_CG}/cgroup.procs' && exec '$wlbin' --port $port --resume_file '$resume_f' $params $extra" > "$wlog" 2>&1 < /dev/null
[208/2239] S010hub1.perm__db_watch dump=1 restore=na verdict=dump_fail
pbsprobe/pbs_sweep.sh: line 257: 261929 Killed                  setsid bash -c "echo \$\$ > '${WORLD_CG_RUN:-$WORLD_CG}/cgroup.procs' && exec '$wlbin' --port $port --resume_file '$resume_f' $params $extra" > "$wlog" 2>&1 < /dev/null
[209/2239] S010hub1.perm__ready dump=1 restore=na verdict=dump_fail
pbsprobe/pbs_sweep.sh: line 257: 263071 Killed                  setsid bash -c "echo \$\$ > '${WORLD_CG_RUN:-$WORLD_CG}/cgroup.procs' && exec '$wlbin' --port $port --resume_file '$resume_f' $params $extra" > "$wlog" 2>&1 < /dev/null
[210/2239] S010hub1.perm__steady dump=1 restore=na verdict=dump_fail
pbsprobe/pbs_sweep.sh: line 257: 264278 Killed                  setsid bash -c "echo \$\$ > '${WORLD_CG_RUN:-$WORLD_CG}/cgroup.procs' && exec '$wlbin' --port $port --resume_file '$resume_f' $params $extra" > "$wlog" 2>&1 < /dev/null
pbsprobe/pbs_sweep.sh: line 296: 265540 Killed                  setsid bash -c "echo \$\$ > '${WORLD_CG_RUN:-$WORLD_CG}/cgroup.procs' && exec '$wlbin' --port $port --resume_file '$resume_f' $params $extra" > "$wlog" 2>&1 < /dev/null
[211/2239] S011hub2.stri__init dump=0 restore=0 verdict=ok
pbsprobe/pbs_sweep.sh: line 296: 266787 Killed                  setsid bash -c "echo \$\$ > '${WORLD_CG_RUN:-$WORLD_CG}/cgroup.procs' && exec '$wlbin' --port $port --resume_file '$resume_f' $params $extra" > "$wlog" 2>&1 < /dev/null
[212/2239] S011hub2.stri__db_open dump=0 restore=0 verdict=ok
pbsprobe/pbs_sweep.sh: line 296: 268019 Killed                  setsid bash -c "echo \$\$ > '${WORLD_CG_RUN:-$WORLD_CG}/cgroup.procs' && exec '$wlbin' --port $port --resume_file '$resume_f' $params $extra" > "$wlog" 2>&1 < /dev/null
[213/2239] S011hub2.stri__db_read dump=0 restore=0 verdict=ok
pbsprobe/pbs_sweep.sh: line 296: 269258 Killed                  setsid bash -c "echo \$\$ > '${WORLD_CG_RUN:-$WORLD_CG}/cgroup.procs' && exec '$wlbin' --port $port --resume_file '$resume_f' $params $extra" > "$wlog" 2>&1 < /dev/null
[214/2239] S011hub2.stri__db_read_p25 dump=0 restore=0 verdict=ok
pbsprobe/pbs_sweep.sh: line 296: 270490 Killed                  setsid bash -c "echo \$\$ > '${WORLD_CG_RUN:-$WORLD_CG}/cgroup.procs' && exec '$wlbin' --port $port --resume_file '$resume_f' $params $extra" > "$wlog" 2>&1 < /dev/null
[215/2239] S011hub2.stri__db_read_p50 dump=0 restore=0 verdict=ok
pbsprobe/pbs_sweep.sh: line 296: 271729 Killed                  setsid bash -c "echo \$\$ > '${WORLD_CG_RUN:-$WORLD_CG}/cgroup.procs' && exec '$wlbin' --port $port --resume_file '$resume_f' $params $extra" > "$wlog" 2>&1 < /dev/null
[216/2239] S011hub2.stri__db_read_p75 dump=0 restore=0 verdict=ok
pbsprobe/pbs_sweep.sh: line 296: 272976 Killed                  setsid bash -c "echo \$\$ > '${WORLD_CG_RUN:-$WORLD_CG}/cgroup.procs' && exec '$wlbin' --port $port --resume_file '$resume_f' $params $extra" > "$wlog" 2>&1 < /dev/null
[217/2239] S011hub2.stri__db_parse dump=0 restore=0 verdict=ok
pbsprobe/pbs_sweep.sh: line 296: 274216 Killed                  setsid bash -c "echo \$\$ > '${WORLD_CG_RUN:-$WORLD_CG}/cgroup.procs' && exec '$wlbin' --port $port --resume_file '$resume_f' $params $extra" > "$wlog" 2>&1 < /dev/null
[218/2239] S011hub2.stri__db_parse_p25 dump=0 restore=0 verdict=ok
pbsprobe/pbs_sweep.sh: line 296: 275459 Killed                  setsid bash -c "echo \$\$ > '${WORLD_CG_RUN:-$WORLD_CG}/cgroup.procs' && exec '$wlbin' --port $port --resume_file '$resume_f' $params $extra" > "$wlog" 2>&1 < /dev/null
[219/2239] S011hub2.stri__db_parse_p50 dump=0 restore=0 verdict=ok
pbsprobe/pbs_sweep.sh: line 296: 276698 Killed                  setsid bash -c "echo \$\$ > '${WORLD_CG_RUN:-$WORLD_CG}/cgroup.procs' && exec '$wlbin' --port $port --resume_file '$resume_f' $params $extra" > "$wlog" 2>&1 < /dev/null
[220/2239] S011hub2.stri__db_parse_p75 dump=0 restore=0 verdict=ok
pbsprobe/pbs_sweep.sh: line 296: 277934 Killed                  setsid bash -c "echo \$\$ > '${WORLD_CG_RUN:-$WORLD_CG}/cgroup.procs' && exec '$wlbin' --port $port --resume_file '$resume_f' $params $extra" > "$wlog" 2>&1 < /dev/null
[221/2239] S011hub2.stri__epg_index dump=0 restore=0 verdict=ok
pbsprobe/pbs_sweep.sh: line 296: 279173 Killed                  setsid bash -c "echo \$\$ > '${WORLD_CG_RUN:-$WORLD_CG}/cgroup.procs' && exec '$wlbin' --port $port --resume_file '$resume_f' $params $extra" > "$wlog" 2>&1 < /dev/null
[222/2239] S011hub2.stri__epg_index_p25 dump=0 restore=0 verdict=ok
pbsprobe/pbs_sweep.sh: line 296: 280401 Killed                  setsid bash -c "echo \$\$ > '${WORLD_CG_RUN:-$WORLD_CG}/cgroup.procs' && exec '$wlbin' --port $port --resume_file '$resume_f' $params $extra" > "$wlog" 2>&1 < /dev/null
[223/2239] S011hub2.stri__epg_index_p50 dump=0 restore=0 verdict=ok
pbsprobe/pbs_sweep.sh: line 296: 281636 Killed                  setsid bash -c "echo \$\$ > '${WORLD_CG_RUN:-$WORLD_CG}/cgroup.procs' && exec '$wlbin' --port $port --resume_file '$resume_f' $params $extra" > "$wlog" 2>&1 < /dev/null
[224/2239] S011hub2.stri__epg_index_p75 dump=0 restore=0 verdict=ok
pbsprobe/pbs_sweep.sh: line 296: 282871 Killed                  setsid bash -c "echo \$\$ > '${WORLD_CG_RUN:-$WORLD_CG}/cgroup.procs' && exec '$wlbin' --port $port --resume_file '$resume_f' $params $extra" > "$wlog" 2>&1 < /dev/null
[225/2239] S011hub2.stri__epg_text dump=0 restore=0 verdict=ok
pbsprobe/pbs_sweep.sh: line 296: 284107 Killed                  setsid bash -c "echo \$\$ > '${WORLD_CG_RUN:-$WORLD_CG}/cgroup.procs' && exec '$wlbin' --port $port --resume_file '$resume_f' $params $extra" > "$wlog" 2>&1 < /dev/null
[226/2239] S011hub2.stri__epg_reserve dump=0 restore=0 verdict=ok
[227/2239] S011hub2.stri__hub_conn1 dump=1 restore=na verdict=dump_fail
pbsprobe/pbs_sweep.sh: line 257: 285342 Killed                  setsid bash -c "echo \$\$ > '${WORLD_CG_RUN:-$WORLD_CG}/cgroup.procs' && exec '$wlbin' --port $port --resume_file '$resume_f' $params $extra" > "$wlog" 2>&1 < /dev/null
[228/2239] S011hub2.stri__hub_conn2 dump=1 restore=na verdict=dump_fail
pbsprobe/pbs_sweep.sh: line 257: 286313 Killed                  setsid bash -c "echo \$\$ > '${WORLD_CG_RUN:-$WORLD_CG}/cgroup.procs' && exec '$wlbin' --port $port --resume_file '$resume_f' $params $extra" > "$wlog" 2>&1 < /dev/null
[229/2239] S011hub2.stri__hub_subscribed dump=1 restore=na verdict=dump_fail
pbsprobe/pbs_sweep.sh: line 257: 287348 Killed                  setsid bash -c "echo \$\$ > '${WORLD_CG_RUN:-$WORLD_CG}/cgroup.procs' && exec '$wlbin' --port $port --resume_file '$resume_f' $params $extra" > "$wlog" 2>&1 < /dev/null
[230/2239] S011hub2.stri__timer_armed dump=1 restore=na verdict=dump_fail
pbsprobe/pbs_sweep.sh: line 257: 288439 Killed                  setsid bash -c "echo \$\$ > '${WORLD_CG_RUN:-$WORLD_CG}/cgroup.procs' && exec '$wlbin' --port $port --resume_file '$resume_f' $params $extra" > "$wlog" 2>&1 < /dev/null
[231/2239] S011hub2.stri__db_watch dump=1 restore=na verdict=dump_fail
pbsprobe/pbs_sweep.sh: line 257: 289585 Killed                  setsid bash -c "echo \$\$ > '${WORLD_CG_RUN:-$WORLD_CG}/cgroup.procs' && exec '$wlbin' --port $port --resume_file '$resume_f' $params $extra" > "$wlog" 2>&1 < /dev/null
[232/2239] S011hub2.stri__ready dump=1 restore=na verdict=dump_fail
pbsprobe/pbs_sweep.sh: line 257: 290790 Killed                  setsid bash -c "echo \$\$ > '${WORLD_CG_RUN:-$WORLD_CG}/cgroup.procs' && exec '$wlbin' --port $port --resume_file '$resume_f' $params $extra" > "$wlog" 2>&1 < /dev/null
[233/2239] S011hub2.stri__steady dump=1 restore=na verdict=dump_fail
pbsprobe/pbs_sweep.sh: line 257: 292056 Killed                  setsid bash -c "echo \$\$ > '${WORLD_CG_RUN:-$WORLD_CG}/cgroup.procs' && exec '$wlbin' --port $port --resume_file '$resume_f' $params $extra" > "$wlog" 2>&1 < /dev/null
pbsprobe/pbs_sweep.sh: line 296: 293390 Killed                  setsid bash -c "echo \$\$ > '${WORLD_CG_RUN:-$WORLD_CG}/cgroup.procs' && exec '$wlbin' --port $port --resume_file '$resume_f' $params $extra" > "$wlog" 2>&1 < /dev/null
[234/2239] S012hub2.ext___init dump=0 restore=0 verdict=ok
pbsprobe/pbs_sweep.sh: line 296: 294637 Killed                  setsid bash -c "echo \$\$ > '${WORLD_CG_RUN:-$WORLD_CG}/cgroup.procs' && exec '$wlbin' --port $port --resume_file '$resume_f' $params $extra" > "$wlog" 2>&1 < /dev/null
[235/2239] S012hub2.ext___db_open dump=0 restore=0 verdict=ok
pbsprobe/pbs_sweep.sh: line 296: 295869 Killed                  setsid bash -c "echo \$\$ > '${WORLD_CG_RUN:-$WORLD_CG}/cgroup.procs' && exec '$wlbin' --port $port --resume_file '$resume_f' $params $extra" > "$wlog" 2>&1 < /dev/null
[236/2239] S012hub2.ext___db_read dump=0 restore=0 verdict=ok
pbsprobe/pbs_sweep.sh: line 296: 297104 Killed                  setsid bash -c "echo \$\$ > '${WORLD_CG_RUN:-$WORLD_CG}/cgroup.procs' && exec '$wlbin' --port $port --resume_file '$resume_f' $params $extra" > "$wlog" 2>&1 < /dev/null
[237/2239] S012hub2.ext___db_read_p25 dump=0 restore=0 verdict=ok
pbsprobe/pbs_sweep.sh: line 296: 298332 Killed                  setsid bash -c "echo \$\$ > '${WORLD_CG_RUN:-$WORLD_CG}/cgroup.procs' && exec '$wlbin' --port $port --resume_file '$resume_f' $params $extra" > "$wlog" 2>&1 < /dev/null
[238/2239] S012hub2.ext___db_read_p50 dump=0 restore=0 verdict=ok
pbsprobe/pbs_sweep.sh: line 296: 299571 Killed                  setsid bash -c "echo \$\$ > '${WORLD_CG_RUN:-$WORLD_CG}/cgroup.procs' && exec '$wlbin' --port $port --resume_file '$resume_f' $params $extra" > "$wlog" 2>&1 < /dev/null
[239/2239] S012hub2.ext___db_read_p75 dump=0 restore=0 verdict=ok
pbsprobe/pbs_sweep.sh: line 296: 300807 Killed                  setsid bash -c "echo \$\$ > '${WORLD_CG_RUN:-$WORLD_CG}/cgroup.procs' && exec '$wlbin' --port $port --resume_file '$resume_f' $params $extra" > "$wlog" 2>&1 < /dev/null
[240/2239] S012hub2.ext___db_parse dump=0 restore=0 verdict=ok
pbsprobe/pbs_sweep.sh: line 296: 302038 Killed                  setsid bash -c "echo \$\$ > '${WORLD_CG_RUN:-$WORLD_CG}/cgroup.procs' && exec '$wlbin' --port $port --resume_file '$resume_f' $params $extra" > "$wlog" 2>&1 < /dev/null
[241/2239] S012hub2.ext___db_parse_p25 dump=0 restore=0 verdict=ok
pbsprobe/pbs_sweep.sh: line 296: 303277 Killed                  setsid bash -c "echo \$\$ > '${WORLD_CG_RUN:-$WORLD_CG}/cgroup.procs' && exec '$wlbin' --port $port --resume_file '$resume_f' $params $extra" > "$wlog" 2>&1 < /dev/null
[242/2239] S012hub2.ext___db_parse_p50 dump=0 restore=0 verdict=ok
pbsprobe/pbs_sweep.sh: line 296: 304517 Killed                  setsid bash -c "echo \$\$ > '${WORLD_CG_RUN:-$WORLD_CG}/cgroup.procs' && exec '$wlbin' --port $port --resume_file '$resume_f' $params $extra" > "$wlog" 2>&1 < /dev/null
[243/2239] S012hub2.ext___db_parse_p75 dump=0 restore=0 verdict=ok
pbsprobe/pbs_sweep.sh: line 296: 305752 Killed                  setsid bash -c "echo \$\$ > '${WORLD_CG_RUN:-$WORLD_CG}/cgroup.procs' && exec '$wlbin' --port $port --resume_file '$resume_f' $params $extra" > "$wlog" 2>&1 < /dev/null
[244/2239] S012hub2.ext___epg_index dump=0 restore=0 verdict=ok
pbsprobe/pbs_sweep.sh: line 296: 306984 Killed                  setsid bash -c "echo \$\$ > '${WORLD_CG_RUN:-$WORLD_CG}/cgroup.procs' && exec '$wlbin' --port $port --resume_file '$resume_f' $params $extra" > "$wlog" 2>&1 < /dev/null
[245/2239] S012hub2.ext___epg_index_p25 dump=0 restore=0 verdict=ok
pbsprobe/pbs_sweep.sh: line 296: 308223 Killed                  setsid bash -c "echo \$\$ > '${WORLD_CG_RUN:-$WORLD_CG}/cgroup.procs' && exec '$wlbin' --port $port --resume_file '$resume_f' $params $extra" > "$wlog" 2>&1 < /dev/null
[246/2239] S012hub2.ext___epg_index_p50 dump=0 restore=0 verdict=ok
pbsprobe/pbs_sweep.sh: line 296: 309462 Killed                  setsid bash -c "echo \$\$ > '${WORLD_CG_RUN:-$WORLD_CG}/cgroup.procs' && exec '$wlbin' --port $port --resume_file '$resume_f' $params $extra" > "$wlog" 2>&1 < /dev/null
[247/2239] S012hub2.ext___epg_index_p75 dump=0 restore=0 verdict=ok
pbsprobe/pbs_sweep.sh: line 296: 310694 Killed                  setsid bash -c "echo \$\$ > '${WORLD_CG_RUN:-$WORLD_CG}/cgroup.procs' && exec '$wlbin' --port $port --resume_file '$resume_f' $params $extra" > "$wlog" 2>&1 < /dev/null
[248/2239] S012hub2.ext___epg_text dump=0 restore=0 verdict=ok
pbsprobe/pbs_sweep.sh: line 296: 311929 Killed                  setsid bash -c "echo \$\$ > '${WORLD_CG_RUN:-$WORLD_CG}/cgroup.procs' && exec '$wlbin' --port $port --resume_file '$resume_f' $params $extra" > "$wlog" 2>&1 < /dev/null
[249/2239] S012hub2.ext___epg_reserve dump=0 restore=0 verdict=ok
[250/2239] S012hub2.ext___hub_conn1 dump=1 restore=na verdict=dump_fail
pbsprobe/pbs_sweep.sh: line 257: 313169 Killed                  setsid bash -c "echo \$\$ > '${WORLD_CG_RUN:-$WORLD_CG}/cgroup.procs' && exec '$wlbin' --port $port --resume_file '$resume_f' $params $extra" > "$wlog" 2>&1 < /dev/null
[251/2239] S012hub2.ext___hub_conn2 dump=1 restore=na verdict=dump_fail
pbsprobe/pbs_sweep.sh: line 257: 314144 Killed                  setsid bash -c "echo \$\$ > '${WORLD_CG_RUN:-$WORLD_CG}/cgroup.procs' && exec '$wlbin' --port $port --resume_file '$resume_f' $params $extra" > "$wlog" 2>&1 < /dev/null
[252/2239] S012hub2.ext___hub_subscribed dump=1 restore=na verdict=dump_fail
pbsprobe/pbs_sweep.sh: line 257: 315171 Killed                  setsid bash -c "echo \$\$ > '${WORLD_CG_RUN:-$WORLD_CG}/cgroup.procs' && exec '$wlbin' --port $port --resume_file '$resume_f' $params $extra" > "$wlog" 2>&1 < /dev/null
[253/2239] S012hub2.ext___timer_armed dump=1 restore=na verdict=dump_fail
pbsprobe/pbs_sweep.sh: line 257: 316261 Killed                  setsid bash -c "echo \$\$ > '${WORLD_CG_RUN:-$WORLD_CG}/cgroup.procs' && exec '$wlbin' --port $port --resume_file '$resume_f' $params $extra" > "$wlog" 2>&1 < /dev/null
[254/2239] S012hub2.ext___db_watch dump=1 restore=na verdict=dump_fail
pbsprobe/pbs_sweep.sh: line 257: 317407 Killed                  setsid bash -c "echo \$\$ > '${WORLD_CG_RUN:-$WORLD_CG}/cgroup.procs' && exec '$wlbin' --port $port --resume_file '$resume_f' $params $extra" > "$wlog" 2>&1 < /dev/null
[255/2239] S012hub2.ext___ready dump=1 restore=na verdict=dump_fail
pbsprobe/pbs_sweep.sh: line 257: 318605 Killed                  setsid bash -c "echo \$\$ > '${WORLD_CG_RUN:-$WORLD_CG}/cgroup.procs' && exec '$wlbin' --port $port --resume_file '$resume_f' $params $extra" > "$wlog" 2>&1 < /dev/null
[256/2239] S012hub2.ext___steady dump=1 restore=na verdict=dump_fail
pbsprobe/pbs_sweep.sh: line 257: 319875 Killed                  setsid bash -c "echo \$\$ > '${WORLD_CG_RUN:-$WORLD_CG}/cgroup.procs' && exec '$wlbin' --port $port --resume_file '$resume_f' $params $extra" > "$wlog" 2>&1 < /dev/null
pbsprobe/pbs_sweep.sh: line 296: 321197 Killed                  setsid bash -c "echo \$\$ > '${WORLD_CG_RUN:-$WORLD_CG}/cgroup.procs' && exec '$wlbin' --port $port --resume_file '$resume_f' $params $extra" > "$wlog" 2>&1 < /dev/null
[257/2239] S013hub2.tcp___init dump=0 restore=0 verdict=ok
pbsprobe/pbs_sweep.sh: line 296: 322444 Killed                  setsid bash -c "echo \$\$ > '${WORLD_CG_RUN:-$WORLD_CG}/cgroup.procs' && exec '$wlbin' --port $port --resume_file '$resume_f' $params $extra" > "$wlog" 2>&1 < /dev/null
[258/2239] S013hub2.tcp___db_open dump=0 restore=0 verdict=ok
pbsprobe/pbs_sweep.sh: line 296: 323687 Killed                  setsid bash -c "echo \$\$ > '${WORLD_CG_RUN:-$WORLD_CG}/cgroup.procs' && exec '$wlbin' --port $port --resume_file '$resume_f' $params $extra" > "$wlog" 2>&1 < /dev/null
[259/2239] S013hub2.tcp___db_read dump=0 restore=0 verdict=ok
pbsprobe/pbs_sweep.sh: line 296: 324927 Killed                  setsid bash -c "echo \$\$ > '${WORLD_CG_RUN:-$WORLD_CG}/cgroup.procs' && exec '$wlbin' --port $port --resume_file '$resume_f' $params $extra" > "$wlog" 2>&1 < /dev/null
[260/2239] S013hub2.tcp___db_read_p25 dump=0 restore=0 verdict=ok
pbsprobe/pbs_sweep.sh: line 296: 326166 Killed                  setsid bash -c "echo \$\$ > '${WORLD_CG_RUN:-$WORLD_CG}/cgroup.procs' && exec '$wlbin' --port $port --resume_file '$resume_f' $params $extra" > "$wlog" 2>&1 < /dev/null
[261/2239] S013hub2.tcp___db_read_p50 dump=0 restore=0 verdict=ok
pbsprobe/pbs_sweep.sh: line 296: 327406 Killed                  setsid bash -c "echo \$\$ > '${WORLD_CG_RUN:-$WORLD_CG}/cgroup.procs' && exec '$wlbin' --port $port --resume_file '$resume_f' $params $extra" > "$wlog" 2>&1 < /dev/null
[262/2239] S013hub2.tcp___db_read_p75 dump=0 restore=0 verdict=ok
pbsprobe/pbs_sweep.sh: line 296: 328641 Killed                  setsid bash -c "echo \$\$ > '${WORLD_CG_RUN:-$WORLD_CG}/cgroup.procs' && exec '$wlbin' --port $port --resume_file '$resume_f' $params $extra" > "$wlog" 2>&1 < /dev/null
[263/2239] S013hub2.tcp___db_parse dump=0 restore=0 verdict=ok
pbsprobe/pbs_sweep.sh: line 296: 329880 Killed                  setsid bash -c "echo \$\$ > '${WORLD_CG_RUN:-$WORLD_CG}/cgroup.procs' && exec '$wlbin' --port $port --resume_file '$resume_f' $params $extra" > "$wlog" 2>&1 < /dev/null
[264/2239] S013hub2.tcp___db_parse_p25 dump=0 restore=0 verdict=ok
pbsprobe/pbs_sweep.sh: line 296: 331108 Killed                  setsid bash -c "echo \$\$ > '${WORLD_CG_RUN:-$WORLD_CG}/cgroup.procs' && exec '$wlbin' --port $port --resume_file '$resume_f' $params $extra" > "$wlog" 2>&1 < /dev/null
[265/2239] S013hub2.tcp___db_parse_p50 dump=0 restore=0 verdict=ok
pbsprobe/pbs_sweep.sh: line 296: 332347 Killed                  setsid bash -c "echo \$\$ > '${WORLD_CG_RUN:-$WORLD_CG}/cgroup.procs' && exec '$wlbin' --port $port --resume_file '$resume_f' $params $extra" > "$wlog" 2>&1 < /dev/null
[266/2239] S013hub2.tcp___db_parse_p75 dump=0 restore=0 verdict=ok
pbsprobe/pbs_sweep.sh: line 296: 333586 Killed                  setsid bash -c "echo \$\$ > '${WORLD_CG_RUN:-$WORLD_CG}/cgroup.procs' && exec '$wlbin' --port $port --resume_file '$resume_f' $params $extra" > "$wlog" 2>&1 < /dev/null
[267/2239] S013hub2.tcp___epg_index dump=0 restore=0 verdict=ok
pbsprobe/pbs_sweep.sh: line 296: 334822 Killed                  setsid bash -c "echo \$\$ > '${WORLD_CG_RUN:-$WORLD_CG}/cgroup.procs' && exec '$wlbin' --port $port --resume_file '$resume_f' $params $extra" > "$wlog" 2>&1 < /dev/null
[268/2239] S013hub2.tcp___epg_index_p25 dump=0 restore=0 verdict=ok
pbsprobe/pbs_sweep.sh: line 296: 336053 Killed                  setsid bash -c "echo \$\$ > '${WORLD_CG_RUN:-$WORLD_CG}/cgroup.procs' && exec '$wlbin' --port $port --resume_file '$resume_f' $params $extra" > "$wlog" 2>&1 < /dev/null
[269/2239] S013hub2.tcp___epg_index_p50 dump=0 restore=0 verdict=ok
pbsprobe/pbs_sweep.sh: line 296: 337285 Killed                  setsid bash -c "echo \$\$ > '${WORLD_CG_RUN:-$WORLD_CG}/cgroup.procs' && exec '$wlbin' --port $port --resume_file '$resume_f' $params $extra" > "$wlog" 2>&1 < /dev/null
[270/2239] S013hub2.tcp___epg_index_p75 dump=0 restore=0 verdict=ok
pbsprobe/pbs_sweep.sh: line 296: 338516 Killed                  setsid bash -c "echo \$\$ > '${WORLD_CG_RUN:-$WORLD_CG}/cgroup.procs' && exec '$wlbin' --port $port --resume_file '$resume_f' $params $extra" > "$wlog" 2>&1 < /dev/null
[271/2239] S013hub2.tcp___epg_text dump=0 restore=0 verdict=ok
pbsprobe/pbs_sweep.sh: line 296: 339751 Killed                  setsid bash -c "echo \$\$ > '${WORLD_CG_RUN:-$WORLD_CG}/cgroup.procs' && exec '$wlbin' --port $port --resume_file '$resume_f' $params $extra" > "$wlog" 2>&1 < /dev/null
[272/2239] S013hub2.tcp___epg_reserve dump=0 restore=0 verdict=ok
[273/2239] S013hub2.tcp___hub_conn1 dump=1 restore=na verdict=dump_fail
pbsprobe/pbs_sweep.sh: line 257: 340983 Killed                  setsid bash -c "echo \$\$ > '${WORLD_CG_RUN:-$WORLD_CG}/cgroup.procs' && exec '$wlbin' --port $port --resume_file '$resume_f' $params $extra" > "$wlog" 2>&1 < /dev/null
[274/2239] S013hub2.tcp___hub_conn2 dump=1 restore=na verdict=dump_fail
pbsprobe/pbs_sweep.sh: line 257: 341958 Killed                  setsid bash -c "echo \$\$ > '${WORLD_CG_RUN:-$WORLD_CG}/cgroup.procs' && exec '$wlbin' --port $port --resume_file '$resume_f' $params $extra" > "$wlog" 2>&1 < /dev/null
[275/2239] S013hub2.tcp___hub_subscribed dump=1 restore=na verdict=dump_fail
pbsprobe/pbs_sweep.sh: line 257: 342985 Killed                  setsid bash -c "echo \$\$ > '${WORLD_CG_RUN:-$WORLD_CG}/cgroup.procs' && exec '$wlbin' --port $port --resume_file '$resume_f' $params $extra" > "$wlog" 2>&1 < /dev/null
[276/2239] S013hub2.tcp___timer_armed dump=1 restore=na verdict=dump_fail
pbsprobe/pbs_sweep.sh: line 257: 344075 Killed                  setsid bash -c "echo \$\$ > '${WORLD_CG_RUN:-$WORLD_CG}/cgroup.procs' && exec '$wlbin' --port $port --resume_file '$resume_f' $params $extra" > "$wlog" 2>&1 < /dev/null
[277/2239] S013hub2.tcp___db_watch dump=1 restore=na verdict=dump_fail
pbsprobe/pbs_sweep.sh: line 257: 345229 Killed                  setsid bash -c "echo \$\$ > '${WORLD_CG_RUN:-$WORLD_CG}/cgroup.procs' && exec '$wlbin' --port $port --resume_file '$resume_f' $params $extra" > "$wlog" 2>&1 < /dev/null
[278/2239] S013hub2.tcp___ready dump=1 restore=na verdict=dump_fail
pbsprobe/pbs_sweep.sh: line 257: 346431 Killed                  setsid bash -c "echo \$\$ > '${WORLD_CG_RUN:-$WORLD_CG}/cgroup.procs' && exec '$wlbin' --port $port --resume_file '$resume_f' $params $extra" > "$wlog" 2>&1 < /dev/null
[279/2239] S013hub2.tcp___steady dump=1 restore=na verdict=dump_fail
pbsprobe/pbs_sweep.sh: line 257: 347701 Killed                  setsid bash -c "echo \$\$ > '${WORLD_CG_RUN:-$WORLD_CG}/cgroup.procs' && exec '$wlbin' --port $port --resume_file '$resume_f' $params $extra" > "$wlog" 2>&1 < /dev/null
pbsprobe/pbs_sweep.sh: line 296: 349019 Killed                  setsid bash -c "echo \$\$ > '${WORLD_CG_RUN:-$WORLD_CG}/cgroup.procs' && exec '$wlbin' --port $port --resume_file '$resume_f' $params $extra" > "$wlog" 2>&1 < /dev/null
[280/2239] S014hub2.file__init dump=0 restore=0 verdict=ok
pbsprobe/pbs_sweep.sh: line 296: 350266 Killed                  setsid bash -c "echo \$\$ > '${WORLD_CG_RUN:-$WORLD_CG}/cgroup.procs' && exec '$wlbin' --port $port --resume_file '$resume_f' $params $extra" > "$wlog" 2>&1 < /dev/null
[281/2239] S014hub2.file__db_open dump=0 restore=0 verdict=ok
pbsprobe/pbs_sweep.sh: line 296: 351501 Killed                  setsid bash -c "echo \$\$ > '${WORLD_CG_RUN:-$WORLD_CG}/cgroup.procs' && exec '$wlbin' --port $port --resume_file '$resume_f' $params $extra" > "$wlog" 2>&1 < /dev/null
[282/2239] S014hub2.file__db_read dump=0 restore=0 verdict=ok
pbsprobe/pbs_sweep.sh: line 296: 352741 Killed                  setsid bash -c "echo \$\$ > '${WORLD_CG_RUN:-$WORLD_CG}/cgroup.procs' && exec '$wlbin' --port $port --resume_file '$resume_f' $params $extra" > "$wlog" 2>&1 < /dev/null
[283/2239] S014hub2.file__db_read_p25 dump=0 restore=0 verdict=ok
pbsprobe/pbs_sweep.sh: line 296: 353984 Killed                  setsid bash -c "echo \$\$ > '${WORLD_CG_RUN:-$WORLD_CG}/cgroup.procs' && exec '$wlbin' --port $port --resume_file '$resume_f' $params $extra" > "$wlog" 2>&1 < /dev/null
[284/2239] S014hub2.file__db_read_p50 dump=0 restore=0 verdict=ok
pbsprobe/pbs_sweep.sh: line 296: 355216 Killed                  setsid bash -c "echo \$\$ > '${WORLD_CG_RUN:-$WORLD_CG}/cgroup.procs' && exec '$wlbin' --port $port --resume_file '$resume_f' $params $extra" > "$wlog" 2>&1 < /dev/null
[285/2239] S014hub2.file__db_read_p75 dump=0 restore=0 verdict=ok
pbsprobe/pbs_sweep.sh: line 296: 356455 Killed                  setsid bash -c "echo \$\$ > '${WORLD_CG_RUN:-$WORLD_CG}/cgroup.procs' && exec '$wlbin' --port $port --resume_file '$resume_f' $params $extra" > "$wlog" 2>&1 < /dev/null
[286/2239] S014hub2.file__db_parse dump=0 restore=0 verdict=ok
pbsprobe/pbs_sweep.sh: line 296: 357690 Killed                  setsid bash -c "echo \$\$ > '${WORLD_CG_RUN:-$WORLD_CG}/cgroup.procs' && exec '$wlbin' --port $port --resume_file '$resume_f' $params $extra" > "$wlog" 2>&1 < /dev/null
[287/2239] S014hub2.file__db_parse_p25 dump=0 restore=0 verdict=ok
pbsprobe/pbs_sweep.sh: line 296: 358926 Killed                  setsid bash -c "echo \$\$ > '${WORLD_CG_RUN:-$WORLD_CG}/cgroup.procs' && exec '$wlbin' --port $port --resume_file '$resume_f' $params $extra" > "$wlog" 2>&1 < /dev/null
[288/2239] S014hub2.file__db_parse_p50 dump=0 restore=0 verdict=ok
pbsprobe/pbs_sweep.sh: line 296: 360165 Killed                  setsid bash -c "echo \$\$ > '${WORLD_CG_RUN:-$WORLD_CG}/cgroup.procs' && exec '$wlbin' --port $port --resume_file '$resume_f' $params $extra" > "$wlog" 2>&1 < /dev/null
[289/2239] S014hub2.file__db_parse_p75 dump=0 restore=0 verdict=ok
pbsprobe/pbs_sweep.sh: line 296: 361397 Killed                  setsid bash -c "echo \$\$ > '${WORLD_CG_RUN:-$WORLD_CG}/cgroup.procs' && exec '$wlbin' --port $port --resume_file '$resume_f' $params $extra" > "$wlog" 2>&1 < /dev/null
[290/2239] S014hub2.file__epg_index dump=0 restore=0 verdict=ok
pbsprobe/pbs_sweep.sh: line 296: 362628 Killed                  setsid bash -c "echo \$\$ > '${WORLD_CG_RUN:-$WORLD_CG}/cgroup.procs' && exec '$wlbin' --port $port --resume_file '$resume_f' $params $extra" > "$wlog" 2>&1 < /dev/null
[291/2239] S014hub2.file__epg_index_p25 dump=0 restore=0 verdict=ok
pbsprobe/pbs_sweep.sh: line 296: 363868 Killed                  setsid bash -c "echo \$\$ > '${WORLD_CG_RUN:-$WORLD_CG}/cgroup.procs' && exec '$wlbin' --port $port --resume_file '$resume_f' $params $extra" > "$wlog" 2>&1 < /dev/null
[292/2239] S014hub2.file__epg_index_p50 dump=0 restore=0 verdict=ok
pbsprobe/pbs_sweep.sh: line 296: 365103 Killed                  setsid bash -c "echo \$\$ > '${WORLD_CG_RUN:-$WORLD_CG}/cgroup.procs' && exec '$wlbin' --port $port --resume_file '$resume_f' $params $extra" > "$wlog" 2>&1 < /dev/null
[293/2239] S014hub2.file__epg_index_p75 dump=0 restore=0 verdict=ok
pbsprobe/pbs_sweep.sh: line 296: 366334 Killed                  setsid bash -c "echo \$\$ > '${WORLD_CG_RUN:-$WORLD_CG}/cgroup.procs' && exec '$wlbin' --port $port --resume_file '$resume_f' $params $extra" > "$wlog" 2>&1 < /dev/null
[294/2239] S014hub2.file__epg_text dump=0 restore=0 verdict=ok
pbsprobe/pbs_sweep.sh: line 296: 367566 Killed                  setsid bash -c "echo \$\$ > '${WORLD_CG_RUN:-$WORLD_CG}/cgroup.procs' && exec '$wlbin' --port $port --resume_file '$resume_f' $params $extra" > "$wlog" 2>&1 < /dev/null
[295/2239] S014hub2.file__epg_reserve dump=0 restore=0 verdict=ok
[296/2239] S014hub2.file__hub_conn1 dump=1 restore=na verdict=dump_fail
pbsprobe/pbs_sweep.sh: line 257: 368801 Killed                  setsid bash -c "echo \$\$ > '${WORLD_CG_RUN:-$WORLD_CG}/cgroup.procs' && exec '$wlbin' --port $port --resume_file '$resume_f' $params $extra" > "$wlog" 2>&1 < /dev/null
[297/2239] S014hub2.file__hub_conn2 dump=1 restore=na verdict=dump_fail
pbsprobe/pbs_sweep.sh: line 257: 369780 Killed                  setsid bash -c "echo \$\$ > '${WORLD_CG_RUN:-$WORLD_CG}/cgroup.procs' && exec '$wlbin' --port $port --resume_file '$resume_f' $params $extra" > "$wlog" 2>&1 < /dev/null
[298/2239] S014hub2.file__hub_subscribed dump=1 restore=na verdict=dump_fail
pbsprobe/pbs_sweep.sh: line 257: 370807 Killed                  setsid bash -c "echo \$\$ > '${WORLD_CG_RUN:-$WORLD_CG}/cgroup.procs' && exec '$wlbin' --port $port --resume_file '$resume_f' $params $extra" > "$wlog" 2>&1 < /dev/null
[299/2239] S014hub2.file__timer_armed dump=1 restore=na verdict=dump_fail
pbsprobe/pbs_sweep.sh: line 257: 371890 Killed                  setsid bash -c "echo \$\$ > '${WORLD_CG_RUN:-$WORLD_CG}/cgroup.procs' && exec '$wlbin' --port $port --resume_file '$resume_f' $params $extra" > "$wlog" 2>&1 < /dev/null
[300/2239] S014hub2.file__db_watch dump=1 restore=na verdict=dump_fail
pbsprobe/pbs_sweep.sh: line 257: 373036 Killed                  setsid bash -c "echo \$\$ > '${WORLD_CG_RUN:-$WORLD_CG}/cgroup.procs' && exec '$wlbin' --port $port --resume_file '$resume_f' $params $extra" > "$wlog" 2>&1 < /dev/null
[301/2239] S014hub2.file__ready dump=1 restore=na verdict=dump_fail
pbsprobe/pbs_sweep.sh: line 257: 374233 Killed                  setsid bash -c "echo \$\$ > '${WORLD_CG_RUN:-$WORLD_CG}/cgroup.procs' && exec '$wlbin' --port $port --resume_file '$resume_f' $params $extra" > "$wlog" 2>&1 < /dev/null
[302/2239] S014hub2.file__steady dump=1 restore=na verdict=dump_fail
pbsprobe/pbs_sweep.sh: line 257: 375503 Killed                  setsid bash -c "echo \$\$ > '${WORLD_CG_RUN:-$WORLD_CG}/cgroup.procs' && exec '$wlbin' --port $port --resume_file '$resume_f' $params $extra" > "$wlog" 2>&1 < /dev/null
pbsprobe/pbs_sweep.sh: line 296: 376825 Killed                  setsid bash -c "echo \$\$ > '${WORLD_CG_RUN:-$WORLD_CG}/cgroup.procs' && exec '$wlbin' --port $port --resume_file '$resume_f' $params $extra" > "$wlog" 2>&1 < /dev/null
[303/2239] S015hub2.perm__init dump=0 restore=0 verdict=ok
pbsprobe/pbs_sweep.sh: line 296: 378069 Killed                  setsid bash -c "echo \$\$ > '${WORLD_CG_RUN:-$WORLD_CG}/cgroup.procs' && exec '$wlbin' --port $port --resume_file '$resume_f' $params $extra" > "$wlog" 2>&1 < /dev/null
[304/2239] S015hub2.perm__db_open dump=0 restore=0 verdict=ok
pbsprobe/pbs_sweep.sh: line 296: 379304 Killed                  setsid bash -c "echo \$\$ > '${WORLD_CG_RUN:-$WORLD_CG}/cgroup.procs' && exec '$wlbin' --port $port --resume_file '$resume_f' $params $extra" > "$wlog" 2>&1 < /dev/null
[305/2239] S015hub2.perm__db_read dump=0 restore=0 verdict=ok
pbsprobe/pbs_sweep.sh: line 296: 380543 Killed                  setsid bash -c "echo \$\$ > '${WORLD_CG_RUN:-$WORLD_CG}/cgroup.procs' && exec '$wlbin' --port $port --resume_file '$resume_f' $params $extra" > "$wlog" 2>&1 < /dev/null
[306/2239] S015hub2.perm__db_read_p25 dump=0 restore=0 verdict=ok
pbsprobe/pbs_sweep.sh: line 296: 381779 Killed                  setsid bash -c "echo \$\$ > '${WORLD_CG_RUN:-$WORLD_CG}/cgroup.procs' && exec '$wlbin' --port $port --resume_file '$resume_f' $params $extra" > "$wlog" 2>&1 < /dev/null
[307/2239] S015hub2.perm__db_read_p50 dump=0 restore=0 verdict=ok
pbsprobe/pbs_sweep.sh: line 296: 383026 Killed                  setsid bash -c "echo \$\$ > '${WORLD_CG_RUN:-$WORLD_CG}/cgroup.procs' && exec '$wlbin' --port $port --resume_file '$resume_f' $params $extra" > "$wlog" 2>&1 < /dev/null
[308/2239] S015hub2.perm__db_read_p75 dump=0 restore=0 verdict=ok
pbsprobe/pbs_sweep.sh: line 296: 384262 Killed                  setsid bash -c "echo \$\$ > '${WORLD_CG_RUN:-$WORLD_CG}/cgroup.procs' && exec '$wlbin' --port $port --resume_file '$resume_f' $params $extra" > "$wlog" 2>&1 < /dev/null
[309/2239] S015hub2.perm__db_parse dump=0 restore=0 verdict=ok
pbsprobe/pbs_sweep.sh: line 296: 385497 Killed                  setsid bash -c "echo \$\$ > '${WORLD_CG_RUN:-$WORLD_CG}/cgroup.procs' && exec '$wlbin' --port $port --resume_file '$resume_f' $params $extra" > "$wlog" 2>&1 < /dev/null
[310/2239] S015hub2.perm__db_parse_p25 dump=0 restore=0 verdict=ok
pbsprobe/pbs_sweep.sh: line 296: 386736 Killed                  setsid bash -c "echo \$\$ > '${WORLD_CG_RUN:-$WORLD_CG}/cgroup.procs' && exec '$wlbin' --port $port --resume_file '$resume_f' $params $extra" > "$wlog" 2>&1 < /dev/null
[311/2239] S015hub2.perm__db_parse_p50 dump=0 restore=0 verdict=ok
pbsprobe/pbs_sweep.sh: line 296: 387968 Killed                  setsid bash -c "echo \$\$ > '${WORLD_CG_RUN:-$WORLD_CG}/cgroup.procs' && exec '$wlbin' --port $port --resume_file '$resume_f' $params $extra" > "$wlog" 2>&1 < /dev/null
[312/2239] S015hub2.perm__db_parse_p75 dump=0 restore=0 verdict=ok
pbsprobe/pbs_sweep.sh: line 296: 389207 Killed                  setsid bash -c "echo \$\$ > '${WORLD_CG_RUN:-$WORLD_CG}/cgroup.procs' && exec '$wlbin' --port $port --resume_file '$resume_f' $params $extra" > "$wlog" 2>&1 < /dev/null
[313/2239] S015hub2.perm__epg_index dump=0 restore=0 verdict=ok
pbsprobe/pbs_sweep.sh: line 296: 390439 Killed                  setsid bash -c "echo \$\$ > '${WORLD_CG_RUN:-$WORLD_CG}/cgroup.procs' && exec '$wlbin' --port $port --resume_file '$resume_f' $params $extra" > "$wlog" 2>&1 < /dev/null
[314/2239] S015hub2.perm__epg_index_p25 dump=0 restore=0 verdict=ok
pbsprobe/pbs_sweep.sh: line 296: 391678 Killed                  setsid bash -c "echo \$\$ > '${WORLD_CG_RUN:-$WORLD_CG}/cgroup.procs' && exec '$wlbin' --port $port --resume_file '$resume_f' $params $extra" > "$wlog" 2>&1 < /dev/null
[315/2239] S015hub2.perm__epg_index_p50 dump=0 restore=0 verdict=ok
pbsprobe/pbs_sweep.sh: line 296: 392917 Killed                  setsid bash -c "echo \$\$ > '${WORLD_CG_RUN:-$WORLD_CG}/cgroup.procs' && exec '$wlbin' --port $port --resume_file '$resume_f' $params $extra" > "$wlog" 2>&1 < /dev/null
[316/2239] S015hub2.perm__epg_index_p75 dump=0 restore=0 verdict=ok
pbsprobe/pbs_sweep.sh: line 296: 394149 Killed                  setsid bash -c "echo \$\$ > '${WORLD_CG_RUN:-$WORLD_CG}/cgroup.procs' && exec '$wlbin' --port $port --resume_file '$resume_f' $params $extra" > "$wlog" 2>&1 < /dev/null
[317/2239] S015hub2.perm__epg_text dump=0 restore=0 verdict=ok
pbsprobe/pbs_sweep.sh: line 296: 395380 Killed                  setsid bash -c "echo \$\$ > '${WORLD_CG_RUN:-$WORLD_CG}/cgroup.procs' && exec '$wlbin' --port $port --resume_file '$resume_f' $params $extra" > "$wlog" 2>&1 < /dev/null
[318/2239] S015hub2.perm__epg_reserve dump=0 restore=0 verdict=ok
[319/2239] S015hub2.perm__hub_conn1 dump=1 restore=na verdict=dump_fail
pbsprobe/pbs_sweep.sh: line 257: 396608 Killed                  setsid bash -c "echo \$\$ > '${WORLD_CG_RUN:-$WORLD_CG}/cgroup.procs' && exec '$wlbin' --port $port --resume_file '$resume_f' $params $extra" > "$wlog" 2>&1 < /dev/null
[320/2239] S015hub2.perm__hub_conn2 dump=1 restore=na verdict=dump_fail
pbsprobe/pbs_sweep.sh: line 257: 397575 Killed                  setsid bash -c "echo \$\$ > '${WORLD_CG_RUN:-$WORLD_CG}/cgroup.procs' && exec '$wlbin' --port $port --resume_file '$resume_f' $params $extra" > "$wlog" 2>&1 < /dev/null
[321/2239] S015hub2.perm__hub_subscribed dump=1 restore=na verdict=dump_fail
pbsprobe/pbs_sweep.sh: line 257: 398602 Killed                  setsid bash -c "echo \$\$ > '${WORLD_CG_RUN:-$WORLD_CG}/cgroup.procs' && exec '$wlbin' --port $port --resume_file '$resume_f' $params $extra" > "$wlog" 2>&1 < /dev/null
[322/2239] S015hub2.perm__timer_armed dump=1 restore=na verdict=dump_fail
pbsprobe/pbs_sweep.sh: line 257: 399692 Killed                  setsid bash -c "echo \$\$ > '${WORLD_CG_RUN:-$WORLD_CG}/cgroup.procs' && exec '$wlbin' --port $port --resume_file '$resume_f' $params $extra" > "$wlog" 2>&1 < /dev/null
[323/2239] S015hub2.perm__db_watch dump=1 restore=na verdict=dump_fail
pbsprobe/pbs_sweep.sh: line 257: 400838 Killed                  setsid bash -c "echo \$\$ > '${WORLD_CG_RUN:-$WORLD_CG}/cgroup.procs' && exec '$wlbin' --port $port --resume_file '$resume_f' $params $extra" > "$wlog" 2>&1 < /dev/null
[324/2239] S015hub2.perm__ready dump=1 restore=na verdict=dump_fail
pbsprobe/pbs_sweep.sh: line 257: 402040 Killed                  setsid bash -c "echo \$\$ > '${WORLD_CG_RUN:-$WORLD_CG}/cgroup.procs' && exec '$wlbin' --port $port --resume_file '$resume_f' $params $extra" > "$wlog" 2>&1 < /dev/null
[325/2239] S015hub2.perm__steady dump=1 restore=na verdict=dump_fail
pbsprobe/pbs_sweep.sh: line 257: 403306 Killed                  setsid bash -c "echo \$\$ > '${WORLD_CG_RUN:-$WORLD_CG}/cgroup.procs' && exec '$wlbin' --port $port --resume_file '$resume_f' $params $extra" > "$wlog" 2>&1 < /dev/null
pbsprobe/pbs_sweep.sh: line 296: 404632 Killed                  setsid bash -c "echo \$\$ > '${WORLD_CG_RUN:-$WORLD_CG}/cgroup.procs' && exec '$wlbin' --port $port --resume_file '$resume_f' $params $extra" > "$wlog" 2>&1 < /dev/null
[326/2239] S016hub4.stri__init dump=0 restore=0 verdict=ok
pbsprobe/pbs_sweep.sh: line 296: 405990 Killed                  setsid bash -c "echo \$\$ > '${WORLD_CG_RUN:-$WORLD_CG}/cgroup.procs' && exec '$wlbin' --port $port --resume_file '$resume_f' $params $extra" > "$wlog" 2>&1 < /dev/null
[327/2239] S016hub4.stri__db_open dump=0 restore=0 verdict=ok
pbsprobe/pbs_sweep.sh: line 296: 407345 Killed                  setsid bash -c "echo \$\$ > '${WORLD_CG_RUN:-$WORLD_CG}/cgroup.procs' && exec '$wlbin' --port $port --resume_file '$resume_f' $params $extra" > "$wlog" 2>&1 < /dev/null
[328/2239] S016hub4.stri__db_read dump=0 restore=0 verdict=ok
pbsprobe/pbs_sweep.sh: line 296: 408688 Killed                  setsid bash -c "echo \$\$ > '${WORLD_CG_RUN:-$WORLD_CG}/cgroup.procs' && exec '$wlbin' --port $port --resume_file '$resume_f' $params $extra" > "$wlog" 2>&1 < /dev/null
[329/2239] S016hub4.stri__db_read_p25 dump=0 restore=0 verdict=ok
pbsprobe/pbs_sweep.sh: line 296: 410042 Killed                  setsid bash -c "echo \$\$ > '${WORLD_CG_RUN:-$WORLD_CG}/cgroup.procs' && exec '$wlbin' --port $port --resume_file '$resume_f' $params $extra" > "$wlog" 2>&1 < /dev/null
[330/2239] S016hub4.stri__db_read_p50 dump=0 restore=0 verdict=ok
pbsprobe/pbs_sweep.sh: line 296: 411389 Killed                  setsid bash -c "echo \$\$ > '${WORLD_CG_RUN:-$WORLD_CG}/cgroup.procs' && exec '$wlbin' --port $port --resume_file '$resume_f' $params $extra" > "$wlog" 2>&1 < /dev/null
[331/2239] S016hub4.stri__db_read_p75 dump=0 restore=0 verdict=ok
pbsprobe/pbs_sweep.sh: line 296: 412747 Killed                  setsid bash -c "echo \$\$ > '${WORLD_CG_RUN:-$WORLD_CG}/cgroup.procs' && exec '$wlbin' --port $port --resume_file '$resume_f' $params $extra" > "$wlog" 2>&1 < /dev/null
[332/2239] S016hub4.stri__db_parse dump=0 restore=0 verdict=ok
pbsprobe/pbs_sweep.sh: line 296: 414098 Killed                  setsid bash -c "echo \$\$ > '${WORLD_CG_RUN:-$WORLD_CG}/cgroup.procs' && exec '$wlbin' --port $port --resume_file '$resume_f' $params $extra" > "$wlog" 2>&1 < /dev/null
[333/2239] S016hub4.stri__db_parse_p25 dump=0 restore=0 verdict=ok
pbsprobe/pbs_sweep.sh: line 296: 415452 Killed                  setsid bash -c "echo \$\$ > '${WORLD_CG_RUN:-$WORLD_CG}/cgroup.procs' && exec '$wlbin' --port $port --resume_file '$resume_f' $params $extra" > "$wlog" 2>&1 < /dev/null
[334/2239] S016hub4.stri__db_parse_p50 dump=0 restore=0 verdict=ok
pbsprobe/pbs_sweep.sh: line 296: 416803 Killed                  setsid bash -c "echo \$\$ > '${WORLD_CG_RUN:-$WORLD_CG}/cgroup.procs' && exec '$wlbin' --port $port --resume_file '$resume_f' $params $extra" > "$wlog" 2>&1 < /dev/null
[335/2239] S016hub4.stri__db_parse_p75 dump=0 restore=0 verdict=ok
pbsprobe/pbs_sweep.sh: line 296: 418154 Killed                  setsid bash -c "echo \$\$ > '${WORLD_CG_RUN:-$WORLD_CG}/cgroup.procs' && exec '$wlbin' --port $port --resume_file '$resume_f' $params $extra" > "$wlog" 2>&1 < /dev/null
[336/2239] S016hub4.stri__epg_index dump=0 restore=0 verdict=ok
pbsprobe/pbs_sweep.sh: line 296: 419504 Killed                  setsid bash -c "echo \$\$ > '${WORLD_CG_RUN:-$WORLD_CG}/cgroup.procs' && exec '$wlbin' --port $port --resume_file '$resume_f' $params $extra" > "$wlog" 2>&1 < /dev/null
[337/2239] S016hub4.stri__epg_index_p25 dump=0 restore=0 verdict=ok
pbsprobe/pbs_sweep.sh: line 296: 420851 Killed                  setsid bash -c "echo \$\$ > '${WORLD_CG_RUN:-$WORLD_CG}/cgroup.procs' && exec '$wlbin' --port $port --resume_file '$resume_f' $params $extra" > "$wlog" 2>&1 < /dev/null
[338/2239] S016hub4.stri__epg_index_p50 dump=0 restore=0 verdict=ok
pbsprobe/pbs_sweep.sh: line 296: 422197 Killed                  setsid bash -c "echo \$\$ > '${WORLD_CG_RUN:-$WORLD_CG}/cgroup.procs' && exec '$wlbin' --port $port --resume_file '$resume_f' $params $extra" > "$wlog" 2>&1 < /dev/null
[339/2239] S016hub4.stri__epg_index_p75 dump=0 restore=0 verdict=ok
pbsprobe/pbs_sweep.sh: line 296: 423528 Killed                  setsid bash -c "echo \$\$ > '${WORLD_CG_RUN:-$WORLD_CG}/cgroup.procs' && exec '$wlbin' --port $port --resume_file '$resume_f' $params $extra" > "$wlog" 2>&1 < /dev/null
[340/2239] S016hub4.stri__epg_text dump=0 restore=0 verdict=ok
pbsprobe/pbs_sweep.sh: line 296: 424871 Killed                  setsid bash -c "echo \$\$ > '${WORLD_CG_RUN:-$WORLD_CG}/cgroup.procs' && exec '$wlbin' --port $port --resume_file '$resume_f' $params $extra" > "$wlog" 2>&1 < /dev/null
[341/2239] S016hub4.stri__epg_reserve dump=0 restore=0 verdict=ok
[342/2239] S016hub4.stri__hub_conn1 dump=1 restore=na verdict=dump_fail
pbsprobe/pbs_sweep.sh: line 257: 426229 Killed                  setsid bash -c "echo \$\$ > '${WORLD_CG_RUN:-$WORLD_CG}/cgroup.procs' && exec '$wlbin' --port $port --resume_file '$resume_f' $params $extra" > "$wlog" 2>&1 < /dev/null
[343/2239] S016hub4.stri__hub_conn2 dump=1 restore=na verdict=dump_fail
pbsprobe/pbs_sweep.sh: line 257: 427201 Killed                  setsid bash -c "echo \$\$ > '${WORLD_CG_RUN:-$WORLD_CG}/cgroup.procs' && exec '$wlbin' --port $port --resume_file '$resume_f' $params $extra" > "$wlog" 2>&1 < /dev/null
[344/2239] S016hub4.stri__hub_conn3 dump=1 restore=na verdict=dump_fail
pbsprobe/pbs_sweep.sh: line 257: 428239 Killed                  setsid bash -c "echo \$\$ > '${WORLD_CG_RUN:-$WORLD_CG}/cgroup.procs' && exec '$wlbin' --port $port --resume_file '$resume_f' $params $extra" > "$wlog" 2>&1 < /dev/null
[345/2239] S016hub4.stri__hub_conn4 dump=1 restore=na verdict=dump_fail
pbsprobe/pbs_sweep.sh: line 257: 429322 Killed                  setsid bash -c "echo \$\$ > '${WORLD_CG_RUN:-$WORLD_CG}/cgroup.procs' && exec '$wlbin' --port $port --resume_file '$resume_f' $params $extra" > "$wlog" 2>&1 < /dev/null
[346/2239] S016hub4.stri__hub_subscribed dump=1 restore=na verdict=dump_fail
pbsprobe/pbs_sweep.sh: line 257: 430472 Killed                  setsid bash -c "echo \$\$ > '${WORLD_CG_RUN:-$WORLD_CG}/cgroup.procs' && exec '$wlbin' --port $port --resume_file '$resume_f' $params $extra" > "$wlog" 2>&1 < /dev/null
[347/2239] S016hub4.stri__timer_armed dump=1 restore=na verdict=dump_fail
pbsprobe/pbs_sweep.sh: line 257: 431673 Killed                  setsid bash -c "echo \$\$ > '${WORLD_CG_RUN:-$WORLD_CG}/cgroup.procs' && exec '$wlbin' --port $port --resume_file '$resume_f' $params $extra" > "$wlog" 2>&1 < /dev/null
[348/2239] S016hub4.stri__db_watch dump=1 restore=na verdict=dump_fail
pbsprobe/pbs_sweep.sh: line 257: 432934 Killed                  setsid bash -c "echo \$\$ > '${WORLD_CG_RUN:-$WORLD_CG}/cgroup.procs' && exec '$wlbin' --port $port --resume_file '$resume_f' $params $extra" > "$wlog" 2>&1 < /dev/null
[349/2239] S016hub4.stri__ready dump=1 restore=na verdict=dump_fail
pbsprobe/pbs_sweep.sh: line 257: 434251 Killed                  setsid bash -c "echo \$\$ > '${WORLD_CG_RUN:-$WORLD_CG}/cgroup.procs' && exec '$wlbin' --port $port --resume_file '$resume_f' $params $extra" > "$wlog" 2>&1 < /dev/null
[350/2239] S016hub4.stri__steady dump=1 restore=na verdict=dump_fail
pbsprobe/pbs_sweep.sh: line 257: 435629 Killed                  setsid bash -c "echo \$\$ > '${WORLD_CG_RUN:-$WORLD_CG}/cgroup.procs' && exec '$wlbin' --port $port --resume_file '$resume_f' $params $extra" > "$wlog" 2>&1 < /dev/null
pbsprobe/pbs_sweep.sh: line 296: 437066 Killed                  setsid bash -c "echo \$\$ > '${WORLD_CG_RUN:-$WORLD_CG}/cgroup.procs' && exec '$wlbin' --port $port --resume_file '$resume_f' $params $extra" > "$wlog" 2>&1 < /dev/null
[351/2239] S017hub4.ext___init dump=0 restore=0 verdict=ok
pbsprobe/pbs_sweep.sh: line 296: 438436 Killed                  setsid bash -c "echo \$\$ > '${WORLD_CG_RUN:-$WORLD_CG}/cgroup.procs' && exec '$wlbin' --port $port --resume_file '$resume_f' $params $extra" > "$wlog" 2>&1 < /dev/null
[352/2239] S017hub4.ext___db_open dump=0 restore=0 verdict=ok
pbsprobe/pbs_sweep.sh: line 296: 439791 Killed                  setsid bash -c "echo \$\$ > '${WORLD_CG_RUN:-$WORLD_CG}/cgroup.procs' && exec '$wlbin' --port $port --resume_file '$resume_f' $params $extra" > "$wlog" 2>&1 < /dev/null
[353/2239] S017hub4.ext___db_read dump=0 restore=0 verdict=ok
pbsprobe/pbs_sweep.sh: line 296: 441150 Killed                  setsid bash -c "echo \$\$ > '${WORLD_CG_RUN:-$WORLD_CG}/cgroup.procs' && exec '$wlbin' --port $port --resume_file '$resume_f' $params $extra" > "$wlog" 2>&1 < /dev/null
[354/2239] S017hub4.ext___db_read_p25 dump=0 restore=0 verdict=ok
pbsprobe/pbs_sweep.sh: line 296: 442512 Killed                  setsid bash -c "echo \$\$ > '${WORLD_CG_RUN:-$WORLD_CG}/cgroup.procs' && exec '$wlbin' --port $port --resume_file '$resume_f' $params $extra" > "$wlog" 2>&1 < /dev/null
[355/2239] S017hub4.ext___db_read_p50 dump=0 restore=0 verdict=ok
pbsprobe/pbs_sweep.sh: line 296: 443859 Killed                  setsid bash -c "echo \$\$ > '${WORLD_CG_RUN:-$WORLD_CG}/cgroup.procs' && exec '$wlbin' --port $port --resume_file '$resume_f' $params $extra" > "$wlog" 2>&1 < /dev/null
[356/2239] S017hub4.ext___db_read_p75 dump=0 restore=0 verdict=ok
pbsprobe/pbs_sweep.sh: line 296: 445205 Killed                  setsid bash -c "echo \$\$ > '${WORLD_CG_RUN:-$WORLD_CG}/cgroup.procs' && exec '$wlbin' --port $port --resume_file '$resume_f' $params $extra" > "$wlog" 2>&1 < /dev/null
[357/2239] S017hub4.ext___db_parse dump=0 restore=0 verdict=ok
pbsprobe/pbs_sweep.sh: line 296: 446552 Killed                  setsid bash -c "echo \$\$ > '${WORLD_CG_RUN:-$WORLD_CG}/cgroup.procs' && exec '$wlbin' --port $port --resume_file '$resume_f' $params $extra" > "$wlog" 2>&1 < /dev/null
[358/2239] S017hub4.ext___db_parse_p25 dump=0 restore=0 verdict=ok
pbsprobe/pbs_sweep.sh: line 296: 447899 Killed                  setsid bash -c "echo \$\$ > '${WORLD_CG_RUN:-$WORLD_CG}/cgroup.procs' && exec '$wlbin' --port $port --resume_file '$resume_f' $params $extra" > "$wlog" 2>&1 < /dev/null
[359/2239] S017hub4.ext___db_parse_p50 dump=0 restore=0 verdict=ok
pbsprobe/pbs_sweep.sh: line 296: 449253 Killed                  setsid bash -c "echo \$\$ > '${WORLD_CG_RUN:-$WORLD_CG}/cgroup.procs' && exec '$wlbin' --port $port --resume_file '$resume_f' $params $extra" > "$wlog" 2>&1 < /dev/null
[360/2239] S017hub4.ext___db_parse_p75 dump=0 restore=0 verdict=ok
pbsprobe/pbs_sweep.sh: line 296: 450608 Killed                  setsid bash -c "echo \$\$ > '${WORLD_CG_RUN:-$WORLD_CG}/cgroup.procs' && exec '$wlbin' --port $port --resume_file '$resume_f' $params $extra" > "$wlog" 2>&1 < /dev/null
[361/2239] S017hub4.ext___epg_index dump=0 restore=0 verdict=ok
pbsprobe/pbs_sweep.sh: line 296: 451962 Killed                  setsid bash -c "echo \$\$ > '${WORLD_CG_RUN:-$WORLD_CG}/cgroup.procs' && exec '$wlbin' --port $port --resume_file '$resume_f' $params $extra" > "$wlog" 2>&1 < /dev/null
[362/2239] S017hub4.ext___epg_index_p25 dump=0 restore=0 verdict=ok
pbsprobe/pbs_sweep.sh: line 296: 453313 Killed                  setsid bash -c "echo \$\$ > '${WORLD_CG_RUN:-$WORLD_CG}/cgroup.procs' && exec '$wlbin' --port $port --resume_file '$resume_f' $params $extra" > "$wlog" 2>&1 < /dev/null
[363/2239] S017hub4.ext___epg_index_p50 dump=0 restore=0 verdict=ok
pbsprobe/pbs_sweep.sh: line 296: 454667 Killed                  setsid bash -c "echo \$\$ > '${WORLD_CG_RUN:-$WORLD_CG}/cgroup.procs' && exec '$wlbin' --port $port --resume_file '$resume_f' $params $extra" > "$wlog" 2>&1 < /dev/null
[364/2239] S017hub4.ext___epg_index_p75 dump=0 restore=0 verdict=ok
pbsprobe/pbs_sweep.sh: line 296: 456014 Killed                  setsid bash -c "echo \$\$ > '${WORLD_CG_RUN:-$WORLD_CG}/cgroup.procs' && exec '$wlbin' --port $port --resume_file '$resume_f' $params $extra" > "$wlog" 2>&1 < /dev/null
[365/2239] S017hub4.ext___epg_text dump=0 restore=0 verdict=ok
pbsprobe/pbs_sweep.sh: line 296: 457360 Killed                  setsid bash -c "echo \$\$ > '${WORLD_CG_RUN:-$WORLD_CG}/cgroup.procs' && exec '$wlbin' --port $port --resume_file '$resume_f' $params $extra" > "$wlog" 2>&1 < /dev/null
[366/2239] S017hub4.ext___epg_reserve dump=0 restore=0 verdict=ok
[367/2239] S017hub4.ext___hub_conn1 dump=1 restore=na verdict=dump_fail
pbsprobe/pbs_sweep.sh: line 257: 458707 Killed                  setsid bash -c "echo \$\$ > '${WORLD_CG_RUN:-$WORLD_CG}/cgroup.procs' && exec '$wlbin' --port $port --resume_file '$resume_f' $params $extra" > "$wlog" 2>&1 < /dev/null
[368/2239] S017hub4.ext___hub_conn2 dump=1 restore=na verdict=dump_fail
pbsprobe/pbs_sweep.sh: line 257: 459678 Killed                  setsid bash -c "echo \$\$ > '${WORLD_CG_RUN:-$WORLD_CG}/cgroup.procs' && exec '$wlbin' --port $port --resume_file '$resume_f' $params $extra" > "$wlog" 2>&1 < /dev/null
[369/2239] S017hub4.ext___hub_conn3 dump=1 restore=na verdict=dump_fail
pbsprobe/pbs_sweep.sh: line 257: 460713 Killed                  setsid bash -c "echo \$\$ > '${WORLD_CG_RUN:-$WORLD_CG}/cgroup.procs' && exec '$wlbin' --port $port --resume_file '$resume_f' $params $extra" > "$wlog" 2>&1 < /dev/null
[370/2239] S017hub4.ext___hub_conn4 dump=1 restore=na verdict=dump_fail
pbsprobe/pbs_sweep.sh: line 257: 461803 Killed                  setsid bash -c "echo \$\$ > '${WORLD_CG_RUN:-$WORLD_CG}/cgroup.procs' && exec '$wlbin' --port $port --resume_file '$resume_f' $params $extra" > "$wlog" 2>&1 < /dev/null
[371/2239] S017hub4.ext___hub_subscribed dump=1 restore=na verdict=dump_fail
pbsprobe/pbs_sweep.sh: line 257: 462949 Killed                  setsid bash -c "echo \$\$ > '${WORLD_CG_RUN:-$WORLD_CG}/cgroup.procs' && exec '$wlbin' --port $port --resume_file '$resume_f' $params $extra" > "$wlog" 2>&1 < /dev/null
[372/2239] S017hub4.ext___timer_armed dump=1 restore=na verdict=dump_fail
pbsprobe/pbs_sweep.sh: line 257: 464151 Killed                  setsid bash -c "echo \$\$ > '${WORLD_CG_RUN:-$WORLD_CG}/cgroup.procs' && exec '$wlbin' --port $port --resume_file '$resume_f' $params $extra" > "$wlog" 2>&1 < /dev/null
[373/2239] S017hub4.ext___db_watch dump=1 restore=na verdict=dump_fail
pbsprobe/pbs_sweep.sh: line 257: 465412 Killed                  setsid bash -c "echo \$\$ > '${WORLD_CG_RUN:-$WORLD_CG}/cgroup.procs' && exec '$wlbin' --port $port --resume_file '$resume_f' $params $extra" > "$wlog" 2>&1 < /dev/null
[374/2239] S017hub4.ext___ready dump=1 restore=na verdict=dump_fail
pbsprobe/pbs_sweep.sh: line 257: 466729 Killed                  setsid bash -c "echo \$\$ > '${WORLD_CG_RUN:-$WORLD_CG}/cgroup.procs' && exec '$wlbin' --port $port --resume_file '$resume_f' $params $extra" > "$wlog" 2>&1 < /dev/null
[375/2239] S017hub4.ext___steady dump=1 restore=na verdict=dump_fail
pbsprobe/pbs_sweep.sh: line 257: 468111 Killed                  setsid bash -c "echo \$\$ > '${WORLD_CG_RUN:-$WORLD_CG}/cgroup.procs' && exec '$wlbin' --port $port --resume_file '$resume_f' $params $extra" > "$wlog" 2>&1 < /dev/null
pbsprobe/pbs_sweep.sh: line 296: 469548 Killed                  setsid bash -c "echo \$\$ > '${WORLD_CG_RUN:-$WORLD_CG}/cgroup.procs' && exec '$wlbin' --port $port --resume_file '$resume_f' $params $extra" > "$wlog" 2>&1 < /dev/null
[376/2239] S018hub4.tcp___init dump=0 restore=0 verdict=ok
pbsprobe/pbs_sweep.sh: line 296: 470910 Killed                  setsid bash -c "echo \$\$ > '${WORLD_CG_RUN:-$WORLD_CG}/cgroup.procs' && exec '$wlbin' --port $port --resume_file '$resume_f' $params $extra" > "$wlog" 2>&1 < /dev/null
[377/2239] S018hub4.tcp___db_open dump=0 restore=0 verdict=ok
pbsprobe/pbs_sweep.sh: line 296: 472257 Killed                  setsid bash -c "echo \$\$ > '${WORLD_CG_RUN:-$WORLD_CG}/cgroup.procs' && exec '$wlbin' --port $port --resume_file '$resume_f' $params $extra" > "$wlog" 2>&1 < /dev/null
[378/2239] S018hub4.tcp___db_read dump=0 restore=0 verdict=ok
pbsprobe/pbs_sweep.sh: line 296: 473603 Killed                  setsid bash -c "echo \$\$ > '${WORLD_CG_RUN:-$WORLD_CG}/cgroup.procs' && exec '$wlbin' --port $port --resume_file '$resume_f' $params $extra" > "$wlog" 2>&1 < /dev/null
[379/2239] S018hub4.tcp___db_read_p25 dump=0 restore=0 verdict=ok
pbsprobe/pbs_sweep.sh: line 296: 474958 Killed                  setsid bash -c "echo \$\$ > '${WORLD_CG_RUN:-$WORLD_CG}/cgroup.procs' && exec '$wlbin' --port $port --resume_file '$resume_f' $params $extra" > "$wlog" 2>&1 < /dev/null
[380/2239] S018hub4.tcp___db_read_p50 dump=0 restore=0 verdict=ok
pbsprobe/pbs_sweep.sh: line 296: 476313 Killed                  setsid bash -c "echo \$\$ > '${WORLD_CG_RUN:-$WORLD_CG}/cgroup.procs' && exec '$wlbin' --port $port --resume_file '$resume_f' $params $extra" > "$wlog" 2>&1 < /dev/null
[381/2239] S018hub4.tcp___db_read_p75 dump=0 restore=0 verdict=ok
pbsprobe/pbs_sweep.sh: line 296: 477663 Killed                  setsid bash -c "echo \$\$ > '${WORLD_CG_RUN:-$WORLD_CG}/cgroup.procs' && exec '$wlbin' --port $port --resume_file '$resume_f' $params $extra" > "$wlog" 2>&1 < /dev/null
[382/2239] S018hub4.tcp___db_parse dump=0 restore=0 verdict=ok
pbsprobe/pbs_sweep.sh: line 296: 479014 Killed                  setsid bash -c "echo \$\$ > '${WORLD_CG_RUN:-$WORLD_CG}/cgroup.procs' && exec '$wlbin' --port $port --resume_file '$resume_f' $params $extra" > "$wlog" 2>&1 < /dev/null
[383/2239] S018hub4.tcp___db_parse_p25 dump=0 restore=0 verdict=ok
pbsprobe/pbs_sweep.sh: line 296: 480364 Killed                  setsid bash -c "echo \$\$ > '${WORLD_CG_RUN:-$WORLD_CG}/cgroup.procs' && exec '$wlbin' --port $port --resume_file '$resume_f' $params $extra" > "$wlog" 2>&1 < /dev/null
[384/2239] S018hub4.tcp___db_parse_p50 dump=0 restore=0 verdict=ok
pbsprobe/pbs_sweep.sh: line 296: 481711 Killed                  setsid bash -c "echo \$\$ > '${WORLD_CG_RUN:-$WORLD_CG}/cgroup.procs' && exec '$wlbin' --port $port --resume_file '$resume_f' $params $extra" > "$wlog" 2>&1 < /dev/null
[385/2239] S018hub4.tcp___db_parse_p75 dump=0 restore=0 verdict=ok
pbsprobe/pbs_sweep.sh: line 296: 483058 Killed                  setsid bash -c "echo \$\$ > '${WORLD_CG_RUN:-$WORLD_CG}/cgroup.procs' && exec '$wlbin' --port $port --resume_file '$resume_f' $params $extra" > "$wlog" 2>&1 < /dev/null
[386/2239] S018hub4.tcp___epg_index dump=0 restore=0 verdict=ok
pbsprobe/pbs_sweep.sh: line 296: 484408 Killed                  setsid bash -c "echo \$\$ > '${WORLD_CG_RUN:-$WORLD_CG}/cgroup.procs' && exec '$wlbin' --port $port --resume_file '$resume_f' $params $extra" > "$wlog" 2>&1 < /dev/null
[387/2239] S018hub4.tcp___epg_index_p25 dump=0 restore=0 verdict=ok
pbsprobe/pbs_sweep.sh: line 296: 485743 Killed                  setsid bash -c "echo \$\$ > '${WORLD_CG_RUN:-$WORLD_CG}/cgroup.procs' && exec '$wlbin' --port $port --resume_file '$resume_f' $params $extra" > "$wlog" 2>&1 < /dev/null
[388/2239] S018hub4.tcp___epg_index_p50 dump=0 restore=0 verdict=ok
pbsprobe/pbs_sweep.sh: line 296: 487089 Killed                  setsid bash -c "echo \$\$ > '${WORLD_CG_RUN:-$WORLD_CG}/cgroup.procs' && exec '$wlbin' --port $port --resume_file '$resume_f' $params $extra" > "$wlog" 2>&1 < /dev/null
[389/2239] S018hub4.tcp___epg_index_p75 dump=0 restore=0 verdict=ok
pbsprobe/pbs_sweep.sh: line 296: 488444 Killed                  setsid bash -c "echo \$\$ > '${WORLD_CG_RUN:-$WORLD_CG}/cgroup.procs' && exec '$wlbin' --port $port --resume_file '$resume_f' $params $extra" > "$wlog" 2>&1 < /dev/null
[390/2239] S018hub4.tcp___epg_text dump=0 restore=0 verdict=ok
pbsprobe/pbs_sweep.sh: line 296: 489798 Killed                  setsid bash -c "echo \$\$ > '${WORLD_CG_RUN:-$WORLD_CG}/cgroup.procs' && exec '$wlbin' --port $port --resume_file '$resume_f' $params $extra" > "$wlog" 2>&1 < /dev/null
[391/2239] S018hub4.tcp___epg_reserve dump=0 restore=0 verdict=ok
[392/2239] S018hub4.tcp___hub_conn1 dump=1 restore=na verdict=dump_fail
pbsprobe/pbs_sweep.sh: line 257: 491145 Killed                  setsid bash -c "echo \$\$ > '${WORLD_CG_RUN:-$WORLD_CG}/cgroup.procs' && exec '$wlbin' --port $port --resume_file '$resume_f' $params $extra" > "$wlog" 2>&1 < /dev/null
[393/2239] S018hub4.tcp___hub_conn2 dump=1 restore=na verdict=dump_fail
pbsprobe/pbs_sweep.sh: line 257: 492116 Killed                  setsid bash -c "echo \$\$ > '${WORLD_CG_RUN:-$WORLD_CG}/cgroup.procs' && exec '$wlbin' --port $port --resume_file '$resume_f' $params $extra" > "$wlog" 2>&1 < /dev/null
[394/2239] S018hub4.tcp___hub_conn3 dump=1 restore=na verdict=dump_fail
pbsprobe/pbs_sweep.sh: line 257: 493147 Killed                  setsid bash -c "echo \$\$ > '${WORLD_CG_RUN:-$WORLD_CG}/cgroup.procs' && exec '$wlbin' --port $port --resume_file '$resume_f' $params $extra" > "$wlog" 2>&1 < /dev/null
[395/2239] S018hub4.tcp___hub_conn4 dump=1 restore=na verdict=dump_fail
pbsprobe/pbs_sweep.sh: line 257: 494230 Killed                  setsid bash -c "echo \$\$ > '${WORLD_CG_RUN:-$WORLD_CG}/cgroup.procs' && exec '$wlbin' --port $port --resume_file '$resume_f' $params $extra" > "$wlog" 2>&1 < /dev/null
[396/2239] S018hub4.tcp___hub_subscribed dump=1 restore=na verdict=dump_fail
pbsprobe/pbs_sweep.sh: line 257: 495372 Killed                  setsid bash -c "echo \$\$ > '${WORLD_CG_RUN:-$WORLD_CG}/cgroup.procs' && exec '$wlbin' --port $port --resume_file '$resume_f' $params $extra" > "$wlog" 2>&1 < /dev/null
[397/2239] S018hub4.tcp___timer_armed dump=1 restore=na verdict=dump_fail
pbsprobe/pbs_sweep.sh: line 257: 496577 Killed                  setsid bash -c "echo \$\$ > '${WORLD_CG_RUN:-$WORLD_CG}/cgroup.procs' && exec '$wlbin' --port $port --resume_file '$resume_f' $params $extra" > "$wlog" 2>&1 < /dev/null
[398/2239] S018hub4.tcp___db_watch dump=1 restore=na verdict=dump_fail
pbsprobe/pbs_sweep.sh: line 257: 497839 Killed                  setsid bash -c "echo \$\$ > '${WORLD_CG_RUN:-$WORLD_CG}/cgroup.procs' && exec '$wlbin' --port $port --resume_file '$resume_f' $params $extra" > "$wlog" 2>&1 < /dev/null
[399/2239] S018hub4.tcp___ready dump=1 restore=na verdict=dump_fail
pbsprobe/pbs_sweep.sh: line 257: 499155 Killed                  setsid bash -c "echo \$\$ > '${WORLD_CG_RUN:-$WORLD_CG}/cgroup.procs' && exec '$wlbin' --port $port --resume_file '$resume_f' $params $extra" > "$wlog" 2>&1 < /dev/null
[400/2239] S018hub4.tcp___steady dump=1 restore=na verdict=dump_fail
pbsprobe/pbs_sweep.sh: line 257: 500529 Killed                  setsid bash -c "echo \$\$ > '${WORLD_CG_RUN:-$WORLD_CG}/cgroup.procs' && exec '$wlbin' --port $port --resume_file '$resume_f' $params $extra" > "$wlog" 2>&1 < /dev/null
pbsprobe/pbs_sweep.sh: line 296: 501974 Killed                  setsid bash -c "echo \$\$ > '${WORLD_CG_RUN:-$WORLD_CG}/cgroup.procs' && exec '$wlbin' --port $port --resume_file '$resume_f' $params $extra" > "$wlog" 2>&1 < /dev/null
[401/2239] S019hub4.file__init dump=0 restore=0 verdict=ok
pbsprobe/pbs_sweep.sh: line 296: 503332 Killed                  setsid bash -c "echo \$\$ > '${WORLD_CG_RUN:-$WORLD_CG}/cgroup.procs' && exec '$wlbin' --port $port --resume_file '$resume_f' $params $extra" > "$wlog" 2>&1 < /dev/null
[402/2239] S019hub4.file__db_open dump=0 restore=0 verdict=ok
pbsprobe/pbs_sweep.sh: line 296: 504675 Killed                  setsid bash -c "echo \$\$ > '${WORLD_CG_RUN:-$WORLD_CG}/cgroup.procs' && exec '$wlbin' --port $port --resume_file '$resume_f' $params $extra" > "$wlog" 2>&1 < /dev/null
[403/2239] S019hub4.file__db_read dump=0 restore=0 verdict=ok
pbsprobe/pbs_sweep.sh: line 296: 506022 Killed                  setsid bash -c "echo \$\$ > '${WORLD_CG_RUN:-$WORLD_CG}/cgroup.procs' && exec '$wlbin' --port $port --resume_file '$resume_f' $params $extra" > "$wlog" 2>&1 < /dev/null
[404/2239] S019hub4.file__db_read_p25 dump=0 restore=0 verdict=ok
pbsprobe/pbs_sweep.sh: line 296: 507368 Killed                  setsid bash -c "echo \$\$ > '${WORLD_CG_RUN:-$WORLD_CG}/cgroup.procs' && exec '$wlbin' --port $port --resume_file '$resume_f' $params $extra" > "$wlog" 2>&1 < /dev/null
[405/2239] S019hub4.file__db_read_p50 dump=0 restore=0 verdict=ok
pbsprobe/pbs_sweep.sh: line 296: 508719 Killed                  setsid bash -c "echo \$\$ > '${WORLD_CG_RUN:-$WORLD_CG}/cgroup.procs' && exec '$wlbin' --port $port --resume_file '$resume_f' $params $extra" > "$wlog" 2>&1 < /dev/null
[406/2239] S019hub4.file__db_read_p75 dump=0 restore=0 verdict=ok
pbsprobe/pbs_sweep.sh: line 296: 510073 Killed                  setsid bash -c "echo \$\$ > '${WORLD_CG_RUN:-$WORLD_CG}/cgroup.procs' && exec '$wlbin' --port $port --resume_file '$resume_f' $params $extra" > "$wlog" 2>&1 < /dev/null
[407/2239] S019hub4.file__db_parse dump=0 restore=0 verdict=ok
pbsprobe/pbs_sweep.sh: line 296: 511416 Killed                  setsid bash -c "echo \$\$ > '${WORLD_CG_RUN:-$WORLD_CG}/cgroup.procs' && exec '$wlbin' --port $port --resume_file '$resume_f' $params $extra" > "$wlog" 2>&1 < /dev/null
[408/2239] S019hub4.file__db_parse_p25 dump=0 restore=0 verdict=ok
pbsprobe/pbs_sweep.sh: line 296: 512767 Killed                  setsid bash -c "echo \$\$ > '${WORLD_CG_RUN:-$WORLD_CG}/cgroup.procs' && exec '$wlbin' --port $port --resume_file '$resume_f' $params $extra" > "$wlog" 2>&1 < /dev/null
[409/2239] S019hub4.file__db_parse_p50 dump=0 restore=0 verdict=ok
pbsprobe/pbs_sweep.sh: line 296: 514121 Killed                  setsid bash -c "echo \$\$ > '${WORLD_CG_RUN:-$WORLD_CG}/cgroup.procs' && exec '$wlbin' --port $port --resume_file '$resume_f' $params $extra" > "$wlog" 2>&1 < /dev/null
[410/2239] S019hub4.file__db_parse_p75 dump=0 restore=0 verdict=ok
pbsprobe/pbs_sweep.sh: line 296: 515460 Killed                  setsid bash -c "echo \$\$ > '${WORLD_CG_RUN:-$WORLD_CG}/cgroup.procs' && exec '$wlbin' --port $port --resume_file '$resume_f' $params $extra" > "$wlog" 2>&1 < /dev/null
[411/2239] S019hub4.file__epg_index dump=0 restore=0 verdict=ok
pbsprobe/pbs_sweep.sh: line 296: 516803 Killed                  setsid bash -c "echo \$\$ > '${WORLD_CG_RUN:-$WORLD_CG}/cgroup.procs' && exec '$wlbin' --port $port --resume_file '$resume_f' $params $extra" > "$wlog" 2>&1 < /dev/null
[412/2239] S019hub4.file__epg_index_p25 dump=0 restore=0 verdict=ok
pbsprobe/pbs_sweep.sh: line 296: 518153 Killed                  setsid bash -c "echo \$\$ > '${WORLD_CG_RUN:-$WORLD_CG}/cgroup.procs' && exec '$wlbin' --port $port --resume_file '$resume_f' $params $extra" > "$wlog" 2>&1 < /dev/null
[413/2239] S019hub4.file__epg_index_p50 dump=0 restore=0 verdict=ok
pbsprobe/pbs_sweep.sh: line 296: 519492 Killed                  setsid bash -c "echo \$\$ > '${WORLD_CG_RUN:-$WORLD_CG}/cgroup.procs' && exec '$wlbin' --port $port --resume_file '$resume_f' $params $extra" > "$wlog" 2>&1 < /dev/null
[414/2239] S019hub4.file__epg_index_p75 dump=0 restore=0 verdict=ok
pbsprobe/pbs_sweep.sh: line 296: 520842 Killed                  setsid bash -c "echo \$\$ > '${WORLD_CG_RUN:-$WORLD_CG}/cgroup.procs' && exec '$wlbin' --port $port --resume_file '$resume_f' $params $extra" > "$wlog" 2>&1 < /dev/null
[415/2239] S019hub4.file__epg_text dump=0 restore=0 verdict=ok
pbsprobe/pbs_sweep.sh: line 296: 522189 Killed                  setsid bash -c "echo \$\$ > '${WORLD_CG_RUN:-$WORLD_CG}/cgroup.procs' && exec '$wlbin' --port $port --resume_file '$resume_f' $params $extra" > "$wlog" 2>&1 < /dev/null
[416/2239] S019hub4.file__epg_reserve dump=0 restore=0 verdict=ok
[417/2239] S019hub4.file__hub_conn1 dump=1 restore=na verdict=dump_fail
pbsprobe/pbs_sweep.sh: line 257: 523536 Killed                  setsid bash -c "echo \$\$ > '${WORLD_CG_RUN:-$WORLD_CG}/cgroup.procs' && exec '$wlbin' --port $port --resume_file '$resume_f' $params $extra" > "$wlog" 2>&1 < /dev/null
[418/2239] S019hub4.file__hub_conn2 dump=1 restore=na verdict=dump_fail
pbsprobe/pbs_sweep.sh: line 257: 524511 Killed                  setsid bash -c "echo \$\$ > '${WORLD_CG_RUN:-$WORLD_CG}/cgroup.procs' && exec '$wlbin' --port $port --resume_file '$resume_f' $params $extra" > "$wlog" 2>&1 < /dev/null
[419/2239] S019hub4.file__hub_conn3 dump=1 restore=na verdict=dump_fail
pbsprobe/pbs_sweep.sh: line 257: 525542 Killed                  setsid bash -c "echo \$\$ > '${WORLD_CG_RUN:-$WORLD_CG}/cgroup.procs' && exec '$wlbin' --port $port --resume_file '$resume_f' $params $extra" > "$wlog" 2>&1 < /dev/null
[420/2239] S019hub4.file__hub_conn4 dump=1 restore=na verdict=dump_fail
pbsprobe/pbs_sweep.sh: line 257: 526636 Killed                  setsid bash -c "echo \$\$ > '${WORLD_CG_RUN:-$WORLD_CG}/cgroup.procs' && exec '$wlbin' --port $port --resume_file '$resume_f' $params $extra" > "$wlog" 2>&1 < /dev/null
[421/2239] S019hub4.file__hub_subscribed dump=1 restore=na verdict=dump_fail
pbsprobe/pbs_sweep.sh: line 257: 527786 Killed                  setsid bash -c "echo \$\$ > '${WORLD_CG_RUN:-$WORLD_CG}/cgroup.procs' && exec '$wlbin' --port $port --resume_file '$resume_f' $params $extra" > "$wlog" 2>&1 < /dev/null
[422/2239] S019hub4.file__timer_armed dump=1 restore=na verdict=dump_fail
pbsprobe/pbs_sweep.sh: line 257: 528988 Killed                  setsid bash -c "echo \$\$ > '${WORLD_CG_RUN:-$WORLD_CG}/cgroup.procs' && exec '$wlbin' --port $port --resume_file '$resume_f' $params $extra" > "$wlog" 2>&1 < /dev/null
[423/2239] S019hub4.file__db_watch dump=1 restore=na verdict=dump_fail
pbsprobe/pbs_sweep.sh: line 257: 530245 Killed                  setsid bash -c "echo \$\$ > '${WORLD_CG_RUN:-$WORLD_CG}/cgroup.procs' && exec '$wlbin' --port $port --resume_file '$resume_f' $params $extra" > "$wlog" 2>&1 < /dev/null
[424/2239] S019hub4.file__ready dump=1 restore=na verdict=dump_fail
pbsprobe/pbs_sweep.sh: line 257: 531558 Killed                  setsid bash -c "echo \$\$ > '${WORLD_CG_RUN:-$WORLD_CG}/cgroup.procs' && exec '$wlbin' --port $port --resume_file '$resume_f' $params $extra" > "$wlog" 2>&1 < /dev/null
[425/2239] S019hub4.file__steady dump=1 restore=na verdict=dump_fail
pbsprobe/pbs_sweep.sh: line 257: 532935 Killed                  setsid bash -c "echo \$\$ > '${WORLD_CG_RUN:-$WORLD_CG}/cgroup.procs' && exec '$wlbin' --port $port --resume_file '$resume_f' $params $extra" > "$wlog" 2>&1 < /dev/null
pbsprobe/pbs_sweep.sh: line 296: 534372 Killed                  setsid bash -c "echo \$\$ > '${WORLD_CG_RUN:-$WORLD_CG}/cgroup.procs' && exec '$wlbin' --port $port --resume_file '$resume_f' $params $extra" > "$wlog" 2>&1 < /dev/null
[426/2239] S020hub4.perm__init dump=0 restore=0 verdict=ok
pbsprobe/pbs_sweep.sh: line 296: 535739 Killed                  setsid bash -c "echo \$\$ > '${WORLD_CG_RUN:-$WORLD_CG}/cgroup.procs' && exec '$wlbin' --port $port --resume_file '$resume_f' $params $extra" > "$wlog" 2>&1 < /dev/null
[427/2239] S020hub4.perm__db_open dump=0 restore=0 verdict=ok
pbsprobe/pbs_sweep.sh: line 296: 537089 Killed                  setsid bash -c "echo \$\$ > '${WORLD_CG_RUN:-$WORLD_CG}/cgroup.procs' && exec '$wlbin' --port $port --resume_file '$resume_f' $params $extra" > "$wlog" 2>&1 < /dev/null
[428/2239] S020hub4.perm__db_read dump=0 restore=0 verdict=ok
pbsprobe/pbs_sweep.sh: line 296: 538432 Killed                  setsid bash -c "echo \$\$ > '${WORLD_CG_RUN:-$WORLD_CG}/cgroup.procs' && exec '$wlbin' --port $port --resume_file '$resume_f' $params $extra" > "$wlog" 2>&1 < /dev/null
[429/2239] S020hub4.perm__db_read_p25 dump=0 restore=0 verdict=ok
pbsprobe/pbs_sweep.sh: line 296: 539783 Killed                  setsid bash -c "echo \$\$ > '${WORLD_CG_RUN:-$WORLD_CG}/cgroup.procs' && exec '$wlbin' --port $port --resume_file '$resume_f' $params $extra" > "$wlog" 2>&1 < /dev/null
[430/2239] S020hub4.perm__db_read_p50 dump=0 restore=0 verdict=ok
pbsprobe/pbs_sweep.sh: line 296: 541129 Killed                  setsid bash -c "echo \$\$ > '${WORLD_CG_RUN:-$WORLD_CG}/cgroup.procs' && exec '$wlbin' --port $port --resume_file '$resume_f' $params $extra" > "$wlog" 2>&1 < /dev/null
[431/2239] S020hub4.perm__db_read_p75 dump=0 restore=0 verdict=ok
pbsprobe/pbs_sweep.sh: line 296: 542476 Killed                  setsid bash -c "echo \$\$ > '${WORLD_CG_RUN:-$WORLD_CG}/cgroup.procs' && exec '$wlbin' --port $port --resume_file '$resume_f' $params $extra" > "$wlog" 2>&1 < /dev/null
[432/2239] S020hub4.perm__db_parse dump=0 restore=0 verdict=ok
pbsprobe/pbs_sweep.sh: line 296: 543827 Killed                  setsid bash -c "echo \$\$ > '${WORLD_CG_RUN:-$WORLD_CG}/cgroup.procs' && exec '$wlbin' --port $port --resume_file '$resume_f' $params $extra" > "$wlog" 2>&1 < /dev/null
[433/2239] S020hub4.perm__db_parse_p25 dump=0 restore=0 verdict=ok
pbsprobe/pbs_sweep.sh: line 296: 545181 Killed                  setsid bash -c "echo \$\$ > '${WORLD_CG_RUN:-$WORLD_CG}/cgroup.procs' && exec '$wlbin' --port $port --resume_file '$resume_f' $params $extra" > "$wlog" 2>&1 < /dev/null
[434/2239] S020hub4.perm__db_parse_p50 dump=0 restore=0 verdict=ok
pbsprobe/pbs_sweep.sh: line 296: 546532 Killed                  setsid bash -c "echo \$\$ > '${WORLD_CG_RUN:-$WORLD_CG}/cgroup.procs' && exec '$wlbin' --port $port --resume_file '$resume_f' $params $extra" > "$wlog" 2>&1 < /dev/null
[435/2239] S020hub4.perm__db_parse_p75 dump=0 restore=0 verdict=ok
pbsprobe/pbs_sweep.sh: line 296: 547886 Killed                  setsid bash -c "echo \$\$ > '${WORLD_CG_RUN:-$WORLD_CG}/cgroup.procs' && exec '$wlbin' --port $port --resume_file '$resume_f' $params $extra" > "$wlog" 2>&1 < /dev/null
[436/2239] S020hub4.perm__epg_index dump=0 restore=0 verdict=ok
pbsprobe/pbs_sweep.sh: line 296: 549237 Killed                  setsid bash -c "echo \$\$ > '${WORLD_CG_RUN:-$WORLD_CG}/cgroup.procs' && exec '$wlbin' --port $port --resume_file '$resume_f' $params $extra" > "$wlog" 2>&1 < /dev/null
[437/2239] S020hub4.perm__epg_index_p25 dump=0 restore=0 verdict=ok
pbsprobe/pbs_sweep.sh: line 296: 550588 Killed                  setsid bash -c "echo \$\$ > '${WORLD_CG_RUN:-$WORLD_CG}/cgroup.procs' && exec '$wlbin' --port $port --resume_file '$resume_f' $params $extra" > "$wlog" 2>&1 < /dev/null
[438/2239] S020hub4.perm__epg_index_p50 dump=0 restore=0 verdict=ok
pbsprobe/pbs_sweep.sh: line 296: 551934 Killed                  setsid bash -c "echo \$\$ > '${WORLD_CG_RUN:-$WORLD_CG}/cgroup.procs' && exec '$wlbin' --port $port --resume_file '$resume_f' $params $extra" > "$wlog" 2>&1 < /dev/null
[439/2239] S020hub4.perm__epg_index_p75 dump=0 restore=0 verdict=ok
pbsprobe/pbs_sweep.sh: line 296: 553285 Killed                  setsid bash -c "echo \$\$ > '${WORLD_CG_RUN:-$WORLD_CG}/cgroup.procs' && exec '$wlbin' --port $port --resume_file '$resume_f' $params $extra" > "$wlog" 2>&1 < /dev/null
[440/2239] S020hub4.perm__epg_text dump=0 restore=0 verdict=ok
pbsprobe/pbs_sweep.sh: line 296: 554631 Killed                  setsid bash -c "echo \$\$ > '${WORLD_CG_RUN:-$WORLD_CG}/cgroup.procs' && exec '$wlbin' --port $port --resume_file '$resume_f' $params $extra" > "$wlog" 2>&1 < /dev/null
[441/2239] S020hub4.perm__epg_reserve dump=0 restore=0 verdict=ok
[442/2239] S020hub4.perm__hub_conn1 dump=1 restore=na verdict=dump_fail
pbsprobe/pbs_sweep.sh: line 257: 555978 Killed                  setsid bash -c "echo \$\$ > '${WORLD_CG_RUN:-$WORLD_CG}/cgroup.procs' && exec '$wlbin' --port $port --resume_file '$resume_f' $params $extra" > "$wlog" 2>&1 < /dev/null
[443/2239] S020hub4.perm__hub_conn2 dump=1 restore=na verdict=dump_fail
pbsprobe/pbs_sweep.sh: line 257: 556953 Killed                  setsid bash -c "echo \$\$ > '${WORLD_CG_RUN:-$WORLD_CG}/cgroup.procs' && exec '$wlbin' --port $port --resume_file '$resume_f' $params $extra" > "$wlog" 2>&1 < /dev/null
[444/2239] S020hub4.perm__hub_conn3 dump=1 restore=na verdict=dump_fail
pbsprobe/pbs_sweep.sh: line 257: 557984 Killed                  setsid bash -c "echo \$\$ > '${WORLD_CG_RUN:-$WORLD_CG}/cgroup.procs' && exec '$wlbin' --port $port --resume_file '$resume_f' $params $extra" > "$wlog" 2>&1 < /dev/null
[445/2239] S020hub4.perm__hub_conn4 dump=1 restore=na verdict=dump_fail
pbsprobe/pbs_sweep.sh: line 257: 559078 Killed                  setsid bash -c "echo \$\$ > '${WORLD_CG_RUN:-$WORLD_CG}/cgroup.procs' && exec '$wlbin' --port $port --resume_file '$resume_f' $params $extra" > "$wlog" 2>&1 < /dev/null
[446/2239] S020hub4.perm__hub_subscribed dump=1 restore=na verdict=dump_fail
pbsprobe/pbs_sweep.sh: line 257: 560228 Killed                  setsid bash -c "echo \$\$ > '${WORLD_CG_RUN:-$WORLD_CG}/cgroup.procs' && exec '$wlbin' --port $port --resume_file '$resume_f' $params $extra" > "$wlog" 2>&1 < /dev/null
[447/2239] S020hub4.perm__timer_armed dump=1 restore=na verdict=dump_fail
pbsprobe/pbs_sweep.sh: line 257: 561422 Killed                  setsid bash -c "echo \$\$ > '${WORLD_CG_RUN:-$WORLD_CG}/cgroup.procs' && exec '$wlbin' --port $port --resume_file '$resume_f' $params $extra" > "$wlog" 2>&1 < /dev/null
[448/2239] S020hub4.perm__db_watch dump=1 restore=na verdict=dump_fail
pbsprobe/pbs_sweep.sh: line 257: 562679 Killed                  setsid bash -c "echo \$\$ > '${WORLD_CG_RUN:-$WORLD_CG}/cgroup.procs' && exec '$wlbin' --port $port --resume_file '$resume_f' $params $extra" > "$wlog" 2>&1 < /dev/null
[449/2239] S020hub4.perm__ready dump=1 restore=na verdict=dump_fail
pbsprobe/pbs_sweep.sh: line 257: 564004 Killed                  setsid bash -c "echo \$\$ > '${WORLD_CG_RUN:-$WORLD_CG}/cgroup.procs' && exec '$wlbin' --port $port --resume_file '$resume_f' $params $extra" > "$wlog" 2>&1 < /dev/null
[450/2239] S020hub4.perm__steady dump=1 restore=na verdict=dump_fail
pbsprobe/pbs_sweep.sh: line 257: 565378 Killed                  setsid bash -c "echo \$\$ > '${WORLD_CG_RUN:-$WORLD_CG}/cgroup.procs' && exec '$wlbin' --port $port --resume_file '$resume_f' $params $extra" > "$wlog" 2>&1 < /dev/null
pbsprobe/pbs_sweep.sh: line 296: 566811 Killed                  setsid bash -c "echo \$\$ > '${WORLD_CG_RUN:-$WORLD_CG}/cgroup.procs' && exec '$wlbin' --port $port --resume_file '$resume_f' $params $extra" > "$wlog" 2>&1 < /dev/null
[451/2239] S021hub8.stri__init dump=0 restore=0 verdict=ok
pbsprobe/pbs_sweep.sh: line 296: 568388 Killed                  setsid bash -c "echo \$\$ > '${WORLD_CG_RUN:-$WORLD_CG}/cgroup.procs' && exec '$wlbin' --port $port --resume_file '$resume_f' $params $extra" > "$wlog" 2>&1 < /dev/null
[452/2239] S021hub8.stri__db_open dump=0 restore=0 verdict=ok
pbsprobe/pbs_sweep.sh: line 296: 569969 Killed                  setsid bash -c "echo \$\$ > '${WORLD_CG_RUN:-$WORLD_CG}/cgroup.procs' && exec '$wlbin' --port $port --resume_file '$resume_f' $params $extra" > "$wlog" 2>&1 < /dev/null
[453/2239] S021hub8.stri__db_read dump=0 restore=0 verdict=ok
pbsprobe/pbs_sweep.sh: line 296: 571546 Killed                  setsid bash -c "echo \$\$ > '${WORLD_CG_RUN:-$WORLD_CG}/cgroup.procs' && exec '$wlbin' --port $port --resume_file '$resume_f' $params $extra" > "$wlog" 2>&1 < /dev/null
[454/2239] S021hub8.stri__db_read_p25 dump=0 restore=0 verdict=ok
pbsprobe/pbs_sweep.sh: line 296: 573131 Killed                  setsid bash -c "echo \$\$ > '${WORLD_CG_RUN:-$WORLD_CG}/cgroup.procs' && exec '$wlbin' --port $port --resume_file '$resume_f' $params $extra" > "$wlog" 2>&1 < /dev/null
[455/2239] S021hub8.stri__db_read_p50 dump=0 restore=0 verdict=ok
pbsprobe/pbs_sweep.sh: line 296: 574704 Killed                  setsid bash -c "echo \$\$ > '${WORLD_CG_RUN:-$WORLD_CG}/cgroup.procs' && exec '$wlbin' --port $port --resume_file '$resume_f' $params $extra" > "$wlog" 2>&1 < /dev/null
[456/2239] S021hub8.stri__db_read_p75 dump=0 restore=0 verdict=ok
pbsprobe/pbs_sweep.sh: line 296: 576281 Killed                  setsid bash -c "echo \$\$ > '${WORLD_CG_RUN:-$WORLD_CG}/cgroup.procs' && exec '$wlbin' --port $port --resume_file '$resume_f' $params $extra" > "$wlog" 2>&1 < /dev/null
[457/2239] S021hub8.stri__db_parse dump=0 restore=0 verdict=ok
pbsprobe/pbs_sweep.sh: line 296: 577862 Killed                  setsid bash -c "echo \$\$ > '${WORLD_CG_RUN:-$WORLD_CG}/cgroup.procs' && exec '$wlbin' --port $port --resume_file '$resume_f' $params $extra" > "$wlog" 2>&1 < /dev/null
[458/2239] S021hub8.stri__db_parse_p25 dump=0 restore=0 verdict=ok
pbsprobe/pbs_sweep.sh: line 296: 579439 Killed                  setsid bash -c "echo \$\$ > '${WORLD_CG_RUN:-$WORLD_CG}/cgroup.procs' && exec '$wlbin' --port $port --resume_file '$resume_f' $params $extra" > "$wlog" 2>&1 < /dev/null
[459/2239] S021hub8.stri__db_parse_p50 dump=0 restore=0 verdict=ok
pbsprobe/pbs_sweep.sh: line 296: 581012 Killed                  setsid bash -c "echo \$\$ > '${WORLD_CG_RUN:-$WORLD_CG}/cgroup.procs' && exec '$wlbin' --port $port --resume_file '$resume_f' $params $extra" > "$wlog" 2>&1 < /dev/null
[460/2239] S021hub8.stri__db_parse_p75 dump=0 restore=0 verdict=ok
pbsprobe/pbs_sweep.sh: line 296: 582585 Killed                  setsid bash -c "echo \$\$ > '${WORLD_CG_RUN:-$WORLD_CG}/cgroup.procs' && exec '$wlbin' --port $port --resume_file '$resume_f' $params $extra" > "$wlog" 2>&1 < /dev/null
[461/2239] S021hub8.stri__epg_index dump=0 restore=0 verdict=ok
pbsprobe/pbs_sweep.sh: line 296: 584162 Killed                  setsid bash -c "echo \$\$ > '${WORLD_CG_RUN:-$WORLD_CG}/cgroup.procs' && exec '$wlbin' --port $port --resume_file '$resume_f' $params $extra" > "$wlog" 2>&1 < /dev/null
[462/2239] S021hub8.stri__epg_index_p25 dump=0 restore=0 verdict=ok
pbsprobe/pbs_sweep.sh: line 296: 585739 Killed                  setsid bash -c "echo \$\$ > '${WORLD_CG_RUN:-$WORLD_CG}/cgroup.procs' && exec '$wlbin' --port $port --resume_file '$resume_f' $params $extra" > "$wlog" 2>&1 < /dev/null
[463/2239] S021hub8.stri__epg_index_p50 dump=0 restore=0 verdict=ok
pbsprobe/pbs_sweep.sh: line 296: 587324 Killed                  setsid bash -c "echo \$\$ > '${WORLD_CG_RUN:-$WORLD_CG}/cgroup.procs' && exec '$wlbin' --port $port --resume_file '$resume_f' $params $extra" > "$wlog" 2>&1 < /dev/null
[464/2239] S021hub8.stri__epg_index_p75 dump=0 restore=0 verdict=ok
pbsprobe/pbs_sweep.sh: line 296: 588905 Killed                  setsid bash -c "echo \$\$ > '${WORLD_CG_RUN:-$WORLD_CG}/cgroup.procs' && exec '$wlbin' --port $port --resume_file '$resume_f' $params $extra" > "$wlog" 2>&1 < /dev/null
[465/2239] S021hub8.stri__epg_text dump=0 restore=0 verdict=ok
pbsprobe/pbs_sweep.sh: line 296: 590482 Killed                  setsid bash -c "echo \$\$ > '${WORLD_CG_RUN:-$WORLD_CG}/cgroup.procs' && exec '$wlbin' --port $port --resume_file '$resume_f' $params $extra" > "$wlog" 2>&1 < /dev/null
[466/2239] S021hub8.stri__epg_reserve dump=0 restore=0 verdict=ok
[467/2239] S021hub8.stri__hub_conn1 dump=1 restore=na verdict=dump_fail
pbsprobe/pbs_sweep.sh: line 257: 592055 Killed                  setsid bash -c "echo \$\$ > '${WORLD_CG_RUN:-$WORLD_CG}/cgroup.procs' && exec '$wlbin' --port $port --resume_file '$resume_f' $params $extra" > "$wlog" 2>&1 < /dev/null
[468/2239] S021hub8.stri__hub_conn2 dump=1 restore=na verdict=dump_fail
pbsprobe/pbs_sweep.sh: line 257: 593034 Killed                  setsid bash -c "echo \$\$ > '${WORLD_CG_RUN:-$WORLD_CG}/cgroup.procs' && exec '$wlbin' --port $port --resume_file '$resume_f' $params $extra" > "$wlog" 2>&1 < /dev/null
[469/2239] S021hub8.stri__hub_conn3 dump=1 restore=na verdict=dump_fail
pbsprobe/pbs_sweep.sh: line 257: 594069 Killed                  setsid bash -c "echo \$\$ > '${WORLD_CG_RUN:-$WORLD_CG}/cgroup.procs' && exec '$wlbin' --port $port --resume_file '$resume_f' $params $extra" > "$wlog" 2>&1 < /dev/null
[470/2239] S021hub8.stri__hub_conn4 dump=1 restore=na verdict=dump_fail
pbsprobe/pbs_sweep.sh: line 257: 595155 Killed                  setsid bash -c "echo \$\$ > '${WORLD_CG_RUN:-$WORLD_CG}/cgroup.procs' && exec '$wlbin' --port $port --resume_file '$resume_f' $params $extra" > "$wlog" 2>&1 < /dev/null
[471/2239] S021hub8.stri__hub_subscribed dump=1 restore=na verdict=dump_fail
pbsprobe/pbs_sweep.sh: line 257: 596297 Killed                  setsid bash -c "echo \$\$ > '${WORLD_CG_RUN:-$WORLD_CG}/cgroup.procs' && exec '$wlbin' --port $port --resume_file '$resume_f' $params $extra" > "$wlog" 2>&1 < /dev/null
[472/2239] S021hub8.stri__timer_armed dump=1 restore=na verdict=dump_fail
pbsprobe/pbs_sweep.sh: line 257: 597725 Killed                  setsid bash -c "echo \$\$ > '${WORLD_CG_RUN:-$WORLD_CG}/cgroup.procs' && exec '$wlbin' --port $port --resume_file '$resume_f' $params $extra" > "$wlog" 2>&1 < /dev/null
[473/2239] S021hub8.stri__db_watch dump=1 restore=na verdict=dump_fail
pbsprobe/pbs_sweep.sh: line 257: 599213 Killed                  setsid bash -c "echo \$\$ > '${WORLD_CG_RUN:-$WORLD_CG}/cgroup.procs' && exec '$wlbin' --port $port --resume_file '$resume_f' $params $extra" > "$wlog" 2>&1 < /dev/null
[474/2239] S021hub8.stri__ready dump=1 restore=na verdict=dump_fail
pbsprobe/pbs_sweep.sh: line 257: 600760 Killed                  setsid bash -c "echo \$\$ > '${WORLD_CG_RUN:-$WORLD_CG}/cgroup.procs' && exec '$wlbin' --port $port --resume_file '$resume_f' $params $extra" > "$wlog" 2>&1 < /dev/null
[475/2239] S021hub8.stri__steady dump=1 restore=na verdict=dump_fail
pbsprobe/pbs_sweep.sh: line 257: 602364 Killed                  setsid bash -c "echo \$\$ > '${WORLD_CG_RUN:-$WORLD_CG}/cgroup.procs' && exec '$wlbin' --port $port --resume_file '$resume_f' $params $extra" > "$wlog" 2>&1 < /dev/null
pbsprobe/pbs_sweep.sh: line 296: 604031 Killed                  setsid bash -c "echo \$\$ > '${WORLD_CG_RUN:-$WORLD_CG}/cgroup.procs' && exec '$wlbin' --port $port --resume_file '$resume_f' $params $extra" > "$wlog" 2>&1 < /dev/null
[476/2239] S022hub8.ext___init dump=0 restore=0 verdict=ok
pbsprobe/pbs_sweep.sh: line 296: 605628 Killed                  setsid bash -c "echo \$\$ > '${WORLD_CG_RUN:-$WORLD_CG}/cgroup.procs' && exec '$wlbin' --port $port --resume_file '$resume_f' $params $extra" > "$wlog" 2>&1 < /dev/null
[477/2239] S022hub8.ext___db_open dump=0 restore=0 verdict=ok
pbsprobe/pbs_sweep.sh: line 296: 607213 Killed                  setsid bash -c "echo \$\$ > '${WORLD_CG_RUN:-$WORLD_CG}/cgroup.procs' && exec '$wlbin' --port $port --resume_file '$resume_f' $params $extra" > "$wlog" 2>&1 < /dev/null
[478/2239] S022hub8.ext___db_read dump=0 restore=0 verdict=ok
pbsprobe/pbs_sweep.sh: line 296: 608794 Killed                  setsid bash -c "echo \$\$ > '${WORLD_CG_RUN:-$WORLD_CG}/cgroup.procs' && exec '$wlbin' --port $port --resume_file '$resume_f' $params $extra" > "$wlog" 2>&1 < /dev/null
[479/2239] S022hub8.ext___db_read_p25 dump=0 restore=0 verdict=ok
pbsprobe/pbs_sweep.sh: line 296: 610375 Killed                  setsid bash -c "echo \$\$ > '${WORLD_CG_RUN:-$WORLD_CG}/cgroup.procs' && exec '$wlbin' --port $port --resume_file '$resume_f' $params $extra" > "$wlog" 2>&1 < /dev/null
[480/2239] S022hub8.ext___db_read_p50 dump=0 restore=0 verdict=ok
pbsprobe/pbs_sweep.sh: line 296: 611956 Killed                  setsid bash -c "echo \$\$ > '${WORLD_CG_RUN:-$WORLD_CG}/cgroup.procs' && exec '$wlbin' --port $port --resume_file '$resume_f' $params $extra" > "$wlog" 2>&1 < /dev/null
[481/2239] S022hub8.ext___db_read_p75 dump=0 restore=0 verdict=ok
pbsprobe/pbs_sweep.sh: line 296: 613533 Killed                  setsid bash -c "echo \$\$ > '${WORLD_CG_RUN:-$WORLD_CG}/cgroup.procs' && exec '$wlbin' --port $port --resume_file '$resume_f' $params $extra" > "$wlog" 2>&1 < /dev/null
[482/2239] S022hub8.ext___db_parse dump=0 restore=0 verdict=ok
pbsprobe/pbs_sweep.sh: line 296: 615106 Killed                  setsid bash -c "echo \$\$ > '${WORLD_CG_RUN:-$WORLD_CG}/cgroup.procs' && exec '$wlbin' --port $port --resume_file '$resume_f' $params $extra" > "$wlog" 2>&1 < /dev/null
[483/2239] S022hub8.ext___db_parse_p25 dump=0 restore=0 verdict=ok
pbsprobe/pbs_sweep.sh: line 296: 616687 Killed                  setsid bash -c "echo \$\$ > '${WORLD_CG_RUN:-$WORLD_CG}/cgroup.procs' && exec '$wlbin' --port $port --resume_file '$resume_f' $params $extra" > "$wlog" 2>&1 < /dev/null
[484/2239] S022hub8.ext___db_parse_p50 dump=0 restore=0 verdict=ok
pbsprobe/pbs_sweep.sh: line 296: 618260 Killed                  setsid bash -c "echo \$\$ > '${WORLD_CG_RUN:-$WORLD_CG}/cgroup.procs' && exec '$wlbin' --port $port --resume_file '$resume_f' $params $extra" > "$wlog" 2>&1 < /dev/null
[485/2239] S022hub8.ext___db_parse_p75 dump=0 restore=0 verdict=ok
pbsprobe/pbs_sweep.sh: line 296: 619845 Killed                  setsid bash -c "echo \$\$ > '${WORLD_CG_RUN:-$WORLD_CG}/cgroup.procs' && exec '$wlbin' --port $port --resume_file '$resume_f' $params $extra" > "$wlog" 2>&1 < /dev/null
[486/2239] S022hub8.ext___epg_index dump=0 restore=0 verdict=ok
pbsprobe/pbs_sweep.sh: line 296: 621414 Killed                  setsid bash -c "echo \$\$ > '${WORLD_CG_RUN:-$WORLD_CG}/cgroup.procs' && exec '$wlbin' --port $port --resume_file '$resume_f' $params $extra" > "$wlog" 2>&1 < /dev/null
[487/2239] S022hub8.ext___epg_index_p25 dump=0 restore=0 verdict=ok
pbsprobe/pbs_sweep.sh: line 296: 622991 Killed                  setsid bash -c "echo \$\$ > '${WORLD_CG_RUN:-$WORLD_CG}/cgroup.procs' && exec '$wlbin' --port $port --resume_file '$resume_f' $params $extra" > "$wlog" 2>&1 < /dev/null
[488/2239] S022hub8.ext___epg_index_p50 dump=0 restore=0 verdict=ok
pbsprobe/pbs_sweep.sh: line 296: 624568 Killed                  setsid bash -c "echo \$\$ > '${WORLD_CG_RUN:-$WORLD_CG}/cgroup.procs' && exec '$wlbin' --port $port --resume_file '$resume_f' $params $extra" > "$wlog" 2>&1 < /dev/null
[489/2239] S022hub8.ext___epg_index_p75 dump=0 restore=0 verdict=ok
pbsprobe/pbs_sweep.sh: line 296: 626153 Killed                  setsid bash -c "echo \$\$ > '${WORLD_CG_RUN:-$WORLD_CG}/cgroup.procs' && exec '$wlbin' --port $port --resume_file '$resume_f' $params $extra" > "$wlog" 2>&1 < /dev/null
[490/2239] S022hub8.ext___epg_text dump=0 restore=0 verdict=ok
pbsprobe/pbs_sweep.sh: line 296: 627726 Killed                  setsid bash -c "echo \$\$ > '${WORLD_CG_RUN:-$WORLD_CG}/cgroup.procs' && exec '$wlbin' --port $port --resume_file '$resume_f' $params $extra" > "$wlog" 2>&1 < /dev/null
[491/2239] S022hub8.ext___epg_reserve dump=0 restore=0 verdict=ok
[492/2239] S022hub8.ext___hub_conn1 dump=1 restore=na verdict=dump_fail
pbsprobe/pbs_sweep.sh: line 257: 629303 Killed                  setsid bash -c "echo \$\$ > '${WORLD_CG_RUN:-$WORLD_CG}/cgroup.procs' && exec '$wlbin' --port $port --resume_file '$resume_f' $params $extra" > "$wlog" 2>&1 < /dev/null
[493/2239] S022hub8.ext___hub_conn2 dump=1 restore=na verdict=dump_fail
pbsprobe/pbs_sweep.sh: line 257: 630274 Killed                  setsid bash -c "echo \$\$ > '${WORLD_CG_RUN:-$WORLD_CG}/cgroup.procs' && exec '$wlbin' --port $port --resume_file '$resume_f' $params $extra" > "$wlog" 2>&1 < /dev/null
[494/2239] S022hub8.ext___hub_conn3 dump=1 restore=na verdict=dump_fail
pbsprobe/pbs_sweep.sh: line 257: 631305 Killed                  setsid bash -c "echo \$\$ > '${WORLD_CG_RUN:-$WORLD_CG}/cgroup.procs' && exec '$wlbin' --port $port --resume_file '$resume_f' $params $extra" > "$wlog" 2>&1 < /dev/null
[495/2239] S022hub8.ext___hub_conn4 dump=1 restore=na verdict=dump_fail
pbsprobe/pbs_sweep.sh: line 257: 632396 Killed                  setsid bash -c "echo \$\$ > '${WORLD_CG_RUN:-$WORLD_CG}/cgroup.procs' && exec '$wlbin' --port $port --resume_file '$resume_f' $params $extra" > "$wlog" 2>&1 < /dev/null
[496/2239] S022hub8.ext___hub_subscribed dump=1 restore=na verdict=dump_fail
pbsprobe/pbs_sweep.sh: line 257: 633542 Killed                  setsid bash -c "echo \$\$ > '${WORLD_CG_RUN:-$WORLD_CG}/cgroup.procs' && exec '$wlbin' --port $port --resume_file '$resume_f' $params $extra" > "$wlog" 2>&1 < /dev/null
[497/2239] S022hub8.ext___timer_armed dump=1 restore=na verdict=dump_fail
pbsprobe/pbs_sweep.sh: line 257: 634970 Killed                  setsid bash -c "echo \$\$ > '${WORLD_CG_RUN:-$WORLD_CG}/cgroup.procs' && exec '$wlbin' --port $port --resume_file '$resume_f' $params $extra" > "$wlog" 2>&1 < /dev/null
[498/2239] S022hub8.ext___db_watch dump=1 restore=na verdict=dump_fail
pbsprobe/pbs_sweep.sh: line 257: 636461 Killed                  setsid bash -c "echo \$\$ > '${WORLD_CG_RUN:-$WORLD_CG}/cgroup.procs' && exec '$wlbin' --port $port --resume_file '$resume_f' $params $extra" > "$wlog" 2>&1 < /dev/null
[499/2239] S022hub8.ext___ready dump=1 restore=na verdict=dump_fail
pbsprobe/pbs_sweep.sh: line 257: 638001 Killed                  setsid bash -c "echo \$\$ > '${WORLD_CG_RUN:-$WORLD_CG}/cgroup.procs' && exec '$wlbin' --port $port --resume_file '$resume_f' $params $extra" > "$wlog" 2>&1 < /dev/null
[500/2239] S022hub8.ext___steady dump=1 restore=na verdict=dump_fail
pbsprobe/pbs_sweep.sh: line 257: 639608 Killed                  setsid bash -c "echo \$\$ > '${WORLD_CG_RUN:-$WORLD_CG}/cgroup.procs' && exec '$wlbin' --port $port --resume_file '$resume_f' $params $extra" > "$wlog" 2>&1 < /dev/null
pbsprobe/pbs_sweep.sh: line 296: 641268 Killed                  setsid bash -c "echo \$\$ > '${WORLD_CG_RUN:-$WORLD_CG}/cgroup.procs' && exec '$wlbin' --port $port --resume_file '$resume_f' $params $extra" > "$wlog" 2>&1 < /dev/null
[501/2239] S023hub8.tcp___init dump=0 restore=0 verdict=ok
pbsprobe/pbs_sweep.sh: line 296: 642861 Killed                  setsid bash -c "echo \$\$ > '${WORLD_CG_RUN:-$WORLD_CG}/cgroup.procs' && exec '$wlbin' --port $port --resume_file '$resume_f' $params $extra" > "$wlog" 2>&1 < /dev/null
[502/2239] S023hub8.tcp___db_open dump=0 restore=0 verdict=ok
pbsprobe/pbs_sweep.sh: line 296: 644438 Killed                  setsid bash -c "echo \$\$ > '${WORLD_CG_RUN:-$WORLD_CG}/cgroup.procs' && exec '$wlbin' --port $port --resume_file '$resume_f' $params $extra" > "$wlog" 2>&1 < /dev/null
[503/2239] S023hub8.tcp___db_read dump=0 restore=0 verdict=ok
pbsprobe/pbs_sweep.sh: line 296: 646019 Killed                  setsid bash -c "echo \$\$ > '${WORLD_CG_RUN:-$WORLD_CG}/cgroup.procs' && exec '$wlbin' --port $port --resume_file '$resume_f' $params $extra" > "$wlog" 2>&1 < /dev/null
[504/2239] S023hub8.tcp___db_read_p25 dump=0 restore=0 verdict=ok
pbsprobe/pbs_sweep.sh: line 296: 647600 Killed                  setsid bash -c "echo \$\$ > '${WORLD_CG_RUN:-$WORLD_CG}/cgroup.procs' && exec '$wlbin' --port $port --resume_file '$resume_f' $params $extra" > "$wlog" 2>&1 < /dev/null
[505/2239] S023hub8.tcp___db_read_p50 dump=0 restore=0 verdict=ok
pbsprobe/pbs_sweep.sh: line 296: 649181 Killed                  setsid bash -c "echo \$\$ > '${WORLD_CG_RUN:-$WORLD_CG}/cgroup.procs' && exec '$wlbin' --port $port --resume_file '$resume_f' $params $extra" > "$wlog" 2>&1 < /dev/null
[506/2239] S023hub8.tcp___db_read_p75 dump=0 restore=0 verdict=ok
pbsprobe/pbs_sweep.sh: line 296: 650758 Killed                  setsid bash -c "echo \$\$ > '${WORLD_CG_RUN:-$WORLD_CG}/cgroup.procs' && exec '$wlbin' --port $port --resume_file '$resume_f' $params $extra" > "$wlog" 2>&1 < /dev/null
[507/2239] S023hub8.tcp___db_parse dump=0 restore=0 verdict=ok
pbsprobe/pbs_sweep.sh: line 296: 652343 Killed                  setsid bash -c "echo \$\$ > '${WORLD_CG_RUN:-$WORLD_CG}/cgroup.procs' && exec '$wlbin' --port $port --resume_file '$resume_f' $params $extra" > "$wlog" 2>&1 < /dev/null
[508/2239] S023hub8.tcp___db_parse_p25 dump=0 restore=0 verdict=ok
pbsprobe/pbs_sweep.sh: line 296: 653924 Killed                  setsid bash -c "echo \$\$ > '${WORLD_CG_RUN:-$WORLD_CG}/cgroup.procs' && exec '$wlbin' --port $port --resume_file '$resume_f' $params $extra" > "$wlog" 2>&1 < /dev/null
[509/2239] S023hub8.tcp___db_parse_p50 dump=0 restore=0 verdict=ok
pbsprobe/pbs_sweep.sh: line 296: 655509 Killed                  setsid bash -c "echo \$\$ > '${WORLD_CG_RUN:-$WORLD_CG}/cgroup.procs' && exec '$wlbin' --port $port --resume_file '$resume_f' $params $extra" > "$wlog" 2>&1 < /dev/null
[510/2239] S023hub8.tcp___db_parse_p75 dump=0 restore=0 verdict=ok
pbsprobe/pbs_sweep.sh: line 296: 657094 Killed                  setsid bash -c "echo \$\$ > '${WORLD_CG_RUN:-$WORLD_CG}/cgroup.procs' && exec '$wlbin' --port $port --resume_file '$resume_f' $params $extra" > "$wlog" 2>&1 < /dev/null
[511/2239] S023hub8.tcp___epg_index dump=0 restore=0 verdict=ok
pbsprobe/pbs_sweep.sh: line 296: 658671 Killed                  setsid bash -c "echo \$\$ > '${WORLD_CG_RUN:-$WORLD_CG}/cgroup.procs' && exec '$wlbin' --port $port --resume_file '$resume_f' $params $extra" > "$wlog" 2>&1 < /dev/null
[512/2239] S023hub8.tcp___epg_index_p25 dump=0 restore=0 verdict=ok
pbsprobe/pbs_sweep.sh: line 296: 660244 Killed                  setsid bash -c "echo \$\$ > '${WORLD_CG_RUN:-$WORLD_CG}/cgroup.procs' && exec '$wlbin' --port $port --resume_file '$resume_f' $params $extra" > "$wlog" 2>&1 < /dev/null
[513/2239] S023hub8.tcp___epg_index_p50 dump=0 restore=0 verdict=ok
pbsprobe/pbs_sweep.sh: line 296: 661821 Killed                  setsid bash -c "echo \$\$ > '${WORLD_CG_RUN:-$WORLD_CG}/cgroup.procs' && exec '$wlbin' --port $port --resume_file '$resume_f' $params $extra" > "$wlog" 2>&1 < /dev/null
[514/2239] S023hub8.tcp___epg_index_p75 dump=0 restore=0 verdict=ok
pbsprobe/pbs_sweep.sh: line 296: 663398 Killed                  setsid bash -c "echo \$\$ > '${WORLD_CG_RUN:-$WORLD_CG}/cgroup.procs' && exec '$wlbin' --port $port --resume_file '$resume_f' $params $extra" > "$wlog" 2>&1 < /dev/null
[515/2239] S023hub8.tcp___epg_text dump=0 restore=0 verdict=ok
pbsprobe/pbs_sweep.sh: line 296: 664979 Killed                  setsid bash -c "echo \$\$ > '${WORLD_CG_RUN:-$WORLD_CG}/cgroup.procs' && exec '$wlbin' --port $port --resume_file '$resume_f' $params $extra" > "$wlog" 2>&1 < /dev/null
[516/2239] S023hub8.tcp___epg_reserve dump=0 restore=0 verdict=ok
[517/2239] S023hub8.tcp___hub_conn1 dump=1 restore=na verdict=dump_fail
pbsprobe/pbs_sweep.sh: line 257: 666560 Killed                  setsid bash -c "echo \$\$ > '${WORLD_CG_RUN:-$WORLD_CG}/cgroup.procs' && exec '$wlbin' --port $port --resume_file '$resume_f' $params $extra" > "$wlog" 2>&1 < /dev/null
[518/2239] S023hub8.tcp___hub_conn2 dump=1 restore=na verdict=dump_fail
pbsprobe/pbs_sweep.sh: line 257: 667535 Killed                  setsid bash -c "echo \$\$ > '${WORLD_CG_RUN:-$WORLD_CG}/cgroup.procs' && exec '$wlbin' --port $port --resume_file '$resume_f' $params $extra" > "$wlog" 2>&1 < /dev/null
[519/2239] S023hub8.tcp___hub_conn3 dump=1 restore=na verdict=dump_fail
pbsprobe/pbs_sweep.sh: line 257: 668562 Killed                  setsid bash -c "echo \$\$ > '${WORLD_CG_RUN:-$WORLD_CG}/cgroup.procs' && exec '$wlbin' --port $port --resume_file '$resume_f' $params $extra" > "$wlog" 2>&1 < /dev/null
[520/2239] S023hub8.tcp___hub_conn4 dump=1 restore=na verdict=dump_fail
pbsprobe/pbs_sweep.sh: line 257: 669644 Killed                  setsid bash -c "echo \$\$ > '${WORLD_CG_RUN:-$WORLD_CG}/cgroup.procs' && exec '$wlbin' --port $port --resume_file '$resume_f' $params $extra" > "$wlog" 2>&1 < /dev/null
[521/2239] S023hub8.tcp___hub_subscribed dump=1 restore=na verdict=dump_fail
pbsprobe/pbs_sweep.sh: line 257: 670787 Killed                  setsid bash -c "echo \$\$ > '${WORLD_CG_RUN:-$WORLD_CG}/cgroup.procs' && exec '$wlbin' --port $port --resume_file '$resume_f' $params $extra" > "$wlog" 2>&1 < /dev/null
[522/2239] S023hub8.tcp___timer_armed dump=1 restore=na verdict=dump_fail
pbsprobe/pbs_sweep.sh: line 257: 672215 Killed                  setsid bash -c "echo \$\$ > '${WORLD_CG_RUN:-$WORLD_CG}/cgroup.procs' && exec '$wlbin' --port $port --resume_file '$resume_f' $params $extra" > "$wlog" 2>&1 < /dev/null
[523/2239] S023hub8.tcp___db_watch dump=1 restore=na verdict=dump_fail
pbsprobe/pbs_sweep.sh: line 257: 673706 Killed                  setsid bash -c "echo \$\$ > '${WORLD_CG_RUN:-$WORLD_CG}/cgroup.procs' && exec '$wlbin' --port $port --resume_file '$resume_f' $params $extra" > "$wlog" 2>&1 < /dev/null
[524/2239] S023hub8.tcp___ready dump=1 restore=na verdict=dump_fail
pbsprobe/pbs_sweep.sh: line 257: 675253 Killed                  setsid bash -c "echo \$\$ > '${WORLD_CG_RUN:-$WORLD_CG}/cgroup.procs' && exec '$wlbin' --port $port --resume_file '$resume_f' $params $extra" > "$wlog" 2>&1 < /dev/null
[525/2239] S023hub8.tcp___steady dump=1 restore=na verdict=dump_fail
pbsprobe/pbs_sweep.sh: line 257: 676853 Killed                  setsid bash -c "echo \$\$ > '${WORLD_CG_RUN:-$WORLD_CG}/cgroup.procs' && exec '$wlbin' --port $port --resume_file '$resume_f' $params $extra" > "$wlog" 2>&1 < /dev/null
pbsprobe/pbs_sweep.sh: line 296: 678513 Killed                  setsid bash -c "echo \$\$ > '${WORLD_CG_RUN:-$WORLD_CG}/cgroup.procs' && exec '$wlbin' --port $port --resume_file '$resume_f' $params $extra" > "$wlog" 2>&1 < /dev/null
[526/2239] S024hub8.file__init dump=0 restore=0 verdict=ok
pbsprobe/pbs_sweep.sh: line 296: 680098 Killed                  setsid bash -c "echo \$\$ > '${WORLD_CG_RUN:-$WORLD_CG}/cgroup.procs' && exec '$wlbin' --port $port --resume_file '$resume_f' $params $extra" > "$wlog" 2>&1 < /dev/null
[527/2239] S024hub8.file__db_open dump=0 restore=0 verdict=ok
pbsprobe/pbs_sweep.sh: line 296: 681679 Killed                  setsid bash -c "echo \$\$ > '${WORLD_CG_RUN:-$WORLD_CG}/cgroup.procs' && exec '$wlbin' --port $port --resume_file '$resume_f' $params $extra" > "$wlog" 2>&1 < /dev/null
[528/2239] S024hub8.file__db_read dump=0 restore=0 verdict=ok
pbsprobe/pbs_sweep.sh: line 296: 683256 Killed                  setsid bash -c "echo \$\$ > '${WORLD_CG_RUN:-$WORLD_CG}/cgroup.procs' && exec '$wlbin' --port $port --resume_file '$resume_f' $params $extra" > "$wlog" 2>&1 < /dev/null
[529/2239] S024hub8.file__db_read_p25 dump=0 restore=0 verdict=ok
pbsprobe/pbs_sweep.sh: line 296: 684829 Killed                  setsid bash -c "echo \$\$ > '${WORLD_CG_RUN:-$WORLD_CG}/cgroup.procs' && exec '$wlbin' --port $port --resume_file '$resume_f' $params $extra" > "$wlog" 2>&1 < /dev/null
[530/2239] S024hub8.file__db_read_p50 dump=0 restore=0 verdict=ok
pbsprobe/pbs_sweep.sh: line 296: 686410 Killed                  setsid bash -c "echo \$\$ > '${WORLD_CG_RUN:-$WORLD_CG}/cgroup.procs' && exec '$wlbin' --port $port --resume_file '$resume_f' $params $extra" > "$wlog" 2>&1 < /dev/null
[531/2239] S024hub8.file__db_read_p75 dump=0 restore=0 verdict=ok
pbsprobe/pbs_sweep.sh: line 296: 687991 Killed                  setsid bash -c "echo \$\$ > '${WORLD_CG_RUN:-$WORLD_CG}/cgroup.procs' && exec '$wlbin' --port $port --resume_file '$resume_f' $params $extra" > "$wlog" 2>&1 < /dev/null
[532/2239] S024hub8.file__db_parse dump=0 restore=0 verdict=ok
pbsprobe/pbs_sweep.sh: line 296: 689576 Killed                  setsid bash -c "echo \$\$ > '${WORLD_CG_RUN:-$WORLD_CG}/cgroup.procs' && exec '$wlbin' --port $port --resume_file '$resume_f' $params $extra" > "$wlog" 2>&1 < /dev/null
[533/2239] S024hub8.file__db_parse_p25 dump=0 restore=0 verdict=ok
pbsprobe/pbs_sweep.sh: line 296: 691149 Killed                  setsid bash -c "echo \$\$ > '${WORLD_CG_RUN:-$WORLD_CG}/cgroup.procs' && exec '$wlbin' --port $port --resume_file '$resume_f' $params $extra" > "$wlog" 2>&1 < /dev/null
[534/2239] S024hub8.file__db_parse_p50 dump=0 restore=0 verdict=ok
pbsprobe/pbs_sweep.sh: line 296: 692730 Killed                  setsid bash -c "echo \$\$ > '${WORLD_CG_RUN:-$WORLD_CG}/cgroup.procs' && exec '$wlbin' --port $port --resume_file '$resume_f' $params $extra" > "$wlog" 2>&1 < /dev/null
[535/2239] S024hub8.file__db_parse_p75 dump=0 restore=0 verdict=ok
pbsprobe/pbs_sweep.sh: line 296: 694315 Killed                  setsid bash -c "echo \$\$ > '${WORLD_CG_RUN:-$WORLD_CG}/cgroup.procs' && exec '$wlbin' --port $port --resume_file '$resume_f' $params $extra" > "$wlog" 2>&1 < /dev/null
[536/2239] S024hub8.file__epg_index dump=0 restore=0 verdict=ok
pbsprobe/pbs_sweep.sh: line 296: 695892 Killed                  setsid bash -c "echo \$\$ > '${WORLD_CG_RUN:-$WORLD_CG}/cgroup.procs' && exec '$wlbin' --port $port --resume_file '$resume_f' $params $extra" > "$wlog" 2>&1 < /dev/null
[537/2239] S024hub8.file__epg_index_p25 dump=0 restore=0 verdict=ok
pbsprobe/pbs_sweep.sh: line 296: 697465 Killed                  setsid bash -c "echo \$\$ > '${WORLD_CG_RUN:-$WORLD_CG}/cgroup.procs' && exec '$wlbin' --port $port --resume_file '$resume_f' $params $extra" > "$wlog" 2>&1 < /dev/null
[538/2239] S024hub8.file__epg_index_p50 dump=0 restore=0 verdict=ok
pbsprobe/pbs_sweep.sh: line 296: 699046 Killed                  setsid bash -c "echo \$\$ > '${WORLD_CG_RUN:-$WORLD_CG}/cgroup.procs' && exec '$wlbin' --port $port --resume_file '$resume_f' $params $extra" > "$wlog" 2>&1 < /dev/null
[539/2239] S024hub8.file__epg_index_p75 dump=0 restore=0 verdict=ok
pbsprobe/pbs_sweep.sh: line 296: 700623 Killed                  setsid bash -c "echo \$\$ > '${WORLD_CG_RUN:-$WORLD_CG}/cgroup.procs' && exec '$wlbin' --port $port --resume_file '$resume_f' $params $extra" > "$wlog" 2>&1 < /dev/null
[540/2239] S024hub8.file__epg_text dump=0 restore=0 verdict=ok
pbsprobe/pbs_sweep.sh: line 296: 702192 Killed                  setsid bash -c "echo \$\$ > '${WORLD_CG_RUN:-$WORLD_CG}/cgroup.procs' && exec '$wlbin' --port $port --resume_file '$resume_f' $params $extra" > "$wlog" 2>&1 < /dev/null
[541/2239] S024hub8.file__epg_reserve dump=0 restore=0 verdict=ok
[542/2239] S024hub8.file__hub_conn1 dump=1 restore=na verdict=dump_fail
pbsprobe/pbs_sweep.sh: line 257: 703769 Killed                  setsid bash -c "echo \$\$ > '${WORLD_CG_RUN:-$WORLD_CG}/cgroup.procs' && exec '$wlbin' --port $port --resume_file '$resume_f' $params $extra" > "$wlog" 2>&1 < /dev/null
[543/2239] S024hub8.file__hub_conn2 dump=1 restore=na verdict=dump_fail
pbsprobe/pbs_sweep.sh: line 257: 704740 Killed                  setsid bash -c "echo \$\$ > '${WORLD_CG_RUN:-$WORLD_CG}/cgroup.procs' && exec '$wlbin' --port $port --resume_file '$resume_f' $params $extra" > "$wlog" 2>&1 < /dev/null
[544/2239] S024hub8.file__hub_conn3 dump=1 restore=na verdict=dump_fail
pbsprobe/pbs_sweep.sh: line 257: 705771 Killed                  setsid bash -c "echo \$\$ > '${WORLD_CG_RUN:-$WORLD_CG}/cgroup.procs' && exec '$wlbin' --port $port --resume_file '$resume_f' $params $extra" > "$wlog" 2>&1 < /dev/null
[545/2239] S024hub8.file__hub_conn4 dump=1 restore=na verdict=dump_fail
pbsprobe/pbs_sweep.sh: line 257: 706865 Killed                  setsid bash -c "echo \$\$ > '${WORLD_CG_RUN:-$WORLD_CG}/cgroup.procs' && exec '$wlbin' --port $port --resume_file '$resume_f' $params $extra" > "$wlog" 2>&1 < /dev/null
[546/2239] S024hub8.file__hub_subscribed dump=1 restore=na verdict=dump_fail
pbsprobe/pbs_sweep.sh: line 257: 708015 Killed                  setsid bash -c "echo \$\$ > '${WORLD_CG_RUN:-$WORLD_CG}/cgroup.procs' && exec '$wlbin' --port $port --resume_file '$resume_f' $params $extra" > "$wlog" 2>&1 < /dev/null
[547/2239] S024hub8.file__timer_armed dump=1 restore=na verdict=dump_fail
pbsprobe/pbs_sweep.sh: line 257: 709448 Killed                  setsid bash -c "echo \$\$ > '${WORLD_CG_RUN:-$WORLD_CG}/cgroup.procs' && exec '$wlbin' --port $port --resume_file '$resume_f' $params $extra" > "$wlog" 2>&1 < /dev/null
[548/2239] S024hub8.file__db_watch dump=1 restore=na verdict=dump_fail
pbsprobe/pbs_sweep.sh: line 257: 710935 Killed                  setsid bash -c "echo \$\$ > '${WORLD_CG_RUN:-$WORLD_CG}/cgroup.procs' && exec '$wlbin' --port $port --resume_file '$resume_f' $params $extra" > "$wlog" 2>&1 < /dev/null
[549/2239] S024hub8.file__ready dump=1 restore=na verdict=dump_fail
pbsprobe/pbs_sweep.sh: line 257: 712482 Killed                  setsid bash -c "echo \$\$ > '${WORLD_CG_RUN:-$WORLD_CG}/cgroup.procs' && exec '$wlbin' --port $port --resume_file '$resume_f' $params $extra" > "$wlog" 2>&1 < /dev/null
[550/2239] S024hub8.file__steady dump=1 restore=na verdict=dump_fail
pbsprobe/pbs_sweep.sh: line 257: 714094 Killed                  setsid bash -c "echo \$\$ > '${WORLD_CG_RUN:-$WORLD_CG}/cgroup.procs' && exec '$wlbin' --port $port --resume_file '$resume_f' $params $extra" > "$wlog" 2>&1 < /dev/null
pbsprobe/pbs_sweep.sh: line 296: 715758 Killed                  setsid bash -c "echo \$\$ > '${WORLD_CG_RUN:-$WORLD_CG}/cgroup.procs' && exec '$wlbin' --port $port --resume_file '$resume_f' $params $extra" > "$wlog" 2>&1 < /dev/null
[551/2239] S025hub8.perm__init dump=0 restore=0 verdict=ok
pbsprobe/pbs_sweep.sh: line 296: 717343 Killed                  setsid bash -c "echo \$\$ > '${WORLD_CG_RUN:-$WORLD_CG}/cgroup.procs' && exec '$wlbin' --port $port --resume_file '$resume_f' $params $extra" > "$wlog" 2>&1 < /dev/null
[552/2239] S025hub8.perm__db_open dump=0 restore=0 verdict=ok
pbsprobe/pbs_sweep.sh: line 296: 718924 Killed                  setsid bash -c "echo \$\$ > '${WORLD_CG_RUN:-$WORLD_CG}/cgroup.procs' && exec '$wlbin' --port $port --resume_file '$resume_f' $params $extra" > "$wlog" 2>&1 < /dev/null
[553/2239] S025hub8.perm__db_read dump=0 restore=0 verdict=ok
pbsprobe/pbs_sweep.sh: line 296: 720501 Killed                  setsid bash -c "echo \$\$ > '${WORLD_CG_RUN:-$WORLD_CG}/cgroup.procs' && exec '$wlbin' --port $port --resume_file '$resume_f' $params $extra" > "$wlog" 2>&1 < /dev/null
[554/2239] S025hub8.perm__db_read_p25 dump=0 restore=0 verdict=ok
pbsprobe/pbs_sweep.sh: line 296: 722082 Killed                  setsid bash -c "echo \$\$ > '${WORLD_CG_RUN:-$WORLD_CG}/cgroup.procs' && exec '$wlbin' --port $port --resume_file '$resume_f' $params $extra" > "$wlog" 2>&1 < /dev/null
[555/2239] S025hub8.perm__db_read_p50 dump=0 restore=0 verdict=ok
pbsprobe/pbs_sweep.sh: line 296: 723659 Killed                  setsid bash -c "echo \$\$ > '${WORLD_CG_RUN:-$WORLD_CG}/cgroup.procs' && exec '$wlbin' --port $port --resume_file '$resume_f' $params $extra" > "$wlog" 2>&1 < /dev/null
[556/2239] S025hub8.perm__db_read_p75 dump=0 restore=0 verdict=ok
pbsprobe/pbs_sweep.sh: line 296: 725240 Killed                  setsid bash -c "echo \$\$ > '${WORLD_CG_RUN:-$WORLD_CG}/cgroup.procs' && exec '$wlbin' --port $port --resume_file '$resume_f' $params $extra" > "$wlog" 2>&1 < /dev/null
[557/2239] S025hub8.perm__db_parse dump=0 restore=0 verdict=ok
pbsprobe/pbs_sweep.sh: line 296: 726813 Killed                  setsid bash -c "echo \$\$ > '${WORLD_CG_RUN:-$WORLD_CG}/cgroup.procs' && exec '$wlbin' --port $port --resume_file '$resume_f' $params $extra" > "$wlog" 2>&1 < /dev/null
[558/2239] S025hub8.perm__db_parse_p25 dump=0 restore=0 verdict=ok
pbsprobe/pbs_sweep.sh: line 296: 728394 Killed                  setsid bash -c "echo \$\$ > '${WORLD_CG_RUN:-$WORLD_CG}/cgroup.procs' && exec '$wlbin' --port $port --resume_file '$resume_f' $params $extra" > "$wlog" 2>&1 < /dev/null
[559/2239] S025hub8.perm__db_parse_p50 dump=0 restore=0 verdict=ok
pbsprobe/pbs_sweep.sh: line 296: 729975 Killed                  setsid bash -c "echo \$\$ > '${WORLD_CG_RUN:-$WORLD_CG}/cgroup.procs' && exec '$wlbin' --port $port --resume_file '$resume_f' $params $extra" > "$wlog" 2>&1 < /dev/null
[560/2239] S025hub8.perm__db_parse_p75 dump=0 restore=0 verdict=ok
pbsprobe/pbs_sweep.sh: line 296: 731556 Killed                  setsid bash -c "echo \$\$ > '${WORLD_CG_RUN:-$WORLD_CG}/cgroup.procs' && exec '$wlbin' --port $port --resume_file '$resume_f' $params $extra" > "$wlog" 2>&1 < /dev/null
[561/2239] S025hub8.perm__epg_index dump=0 restore=0 verdict=ok
pbsprobe/pbs_sweep.sh: line 296: 733125 Killed                  setsid bash -c "echo \$\$ > '${WORLD_CG_RUN:-$WORLD_CG}/cgroup.procs' && exec '$wlbin' --port $port --resume_file '$resume_f' $params $extra" > "$wlog" 2>&1 < /dev/null
[562/2239] S025hub8.perm__epg_index_p25 dump=0 restore=0 verdict=ok
pbsprobe/pbs_sweep.sh: line 296: 734702 Killed                  setsid bash -c "echo \$\$ > '${WORLD_CG_RUN:-$WORLD_CG}/cgroup.procs' && exec '$wlbin' --port $port --resume_file '$resume_f' $params $extra" > "$wlog" 2>&1 < /dev/null
[563/2239] S025hub8.perm__epg_index_p50 dump=0 restore=0 verdict=ok
pbsprobe/pbs_sweep.sh: line 296: 736283 Killed                  setsid bash -c "echo \$\$ > '${WORLD_CG_RUN:-$WORLD_CG}/cgroup.procs' && exec '$wlbin' --port $port --resume_file '$resume_f' $params $extra" > "$wlog" 2>&1 < /dev/null
[564/2239] S025hub8.perm__epg_index_p75 dump=0 restore=0 verdict=ok
pbsprobe/pbs_sweep.sh: line 296: 737860 Killed                  setsid bash -c "echo \$\$ > '${WORLD_CG_RUN:-$WORLD_CG}/cgroup.procs' && exec '$wlbin' --port $port --resume_file '$resume_f' $params $extra" > "$wlog" 2>&1 < /dev/null
[565/2239] S025hub8.perm__epg_text dump=0 restore=0 verdict=ok
pbsprobe/pbs_sweep.sh: line 296: 739437 Killed                  setsid bash -c "echo \$\$ > '${WORLD_CG_RUN:-$WORLD_CG}/cgroup.procs' && exec '$wlbin' --port $port --resume_file '$resume_f' $params $extra" > "$wlog" 2>&1 < /dev/null
[566/2239] S025hub8.perm__epg_reserve dump=0 restore=0 verdict=ok
[567/2239] S025hub8.perm__hub_conn1 dump=1 restore=na verdict=dump_fail
pbsprobe/pbs_sweep.sh: line 257: 741014 Killed                  setsid bash -c "echo \$\$ > '${WORLD_CG_RUN:-$WORLD_CG}/cgroup.procs' && exec '$wlbin' --port $port --resume_file '$resume_f' $params $extra" > "$wlog" 2>&1 < /dev/null
[568/2239] S025hub8.perm__hub_conn2 dump=1 restore=na verdict=dump_fail
pbsprobe/pbs_sweep.sh: line 257: 741989 Killed                  setsid bash -c "echo \$\$ > '${WORLD_CG_RUN:-$WORLD_CG}/cgroup.procs' && exec '$wlbin' --port $port --resume_file '$resume_f' $params $extra" > "$wlog" 2>&1 < /dev/null
[569/2239] S025hub8.perm__hub_conn3 dump=1 restore=na verdict=dump_fail
pbsprobe/pbs_sweep.sh: line 257: 743024 Killed                  setsid bash -c "echo \$\$ > '${WORLD_CG_RUN:-$WORLD_CG}/cgroup.procs' && exec '$wlbin' --port $port --resume_file '$resume_f' $params $extra" > "$wlog" 2>&1 < /dev/null
[570/2239] S025hub8.perm__hub_conn4 dump=1 restore=na verdict=dump_fail
pbsprobe/pbs_sweep.sh: line 257: 744107 Killed                  setsid bash -c "echo \$\$ > '${WORLD_CG_RUN:-$WORLD_CG}/cgroup.procs' && exec '$wlbin' --port $port --resume_file '$resume_f' $params $extra" > "$wlog" 2>&1 < /dev/null
[571/2239] S025hub8.perm__hub_subscribed dump=1 restore=na verdict=dump_fail
pbsprobe/pbs_sweep.sh: line 257: 745257 Killed                  setsid bash -c "echo \$\$ > '${WORLD_CG_RUN:-$WORLD_CG}/cgroup.procs' && exec '$wlbin' --port $port --resume_file '$resume_f' $params $extra" > "$wlog" 2>&1 < /dev/null
[572/2239] S025hub8.perm__timer_armed dump=1 restore=na verdict=dump_fail
pbsprobe/pbs_sweep.sh: line 257: 746677 Killed                  setsid bash -c "echo \$\$ > '${WORLD_CG_RUN:-$WORLD_CG}/cgroup.procs' && exec '$wlbin' --port $port --resume_file '$resume_f' $params $extra" > "$wlog" 2>&1 < /dev/null
[573/2239] S025hub8.perm__db_watch dump=1 restore=na verdict=dump_fail
pbsprobe/pbs_sweep.sh: line 257: 748168 Killed                  setsid bash -c "echo \$\$ > '${WORLD_CG_RUN:-$WORLD_CG}/cgroup.procs' && exec '$wlbin' --port $port --resume_file '$resume_f' $params $extra" > "$wlog" 2>&1 < /dev/null
[574/2239] S025hub8.perm__ready dump=1 restore=na verdict=dump_fail
pbsprobe/pbs_sweep.sh: line 257: 749715 Killed                  setsid bash -c "echo \$\$ > '${WORLD_CG_RUN:-$WORLD_CG}/cgroup.procs' && exec '$wlbin' --port $port --resume_file '$resume_f' $params $extra" > "$wlog" 2>&1 < /dev/null
[575/2239] S025hub8.perm__steady dump=1 restore=na verdict=dump_fail
pbsprobe/pbs_sweep.sh: line 257: 751311 Killed                  setsid bash -c "echo \$\$ > '${WORLD_CG_RUN:-$WORLD_CG}/cgroup.procs' && exec '$wlbin' --port $port --resume_file '$resume_f' $params $extra" > "$wlog" 2>&1 < /dev/null
pbsprobe/pbs_sweep.sh: line 296: 752979 Killed                  setsid bash -c "echo \$\$ > '${WORLD_CG_RUN:-$WORLD_CG}/cgroup.procs' && exec '$wlbin' --port $port --resume_file '$resume_f' $params $extra" > "$wlog" 2>&1 < /dev/null
[576/2239] S026tcprr.stri__init dump=0 restore=0 verdict=ok
pbsprobe/pbs_sweep.sh: line 296: 754393 Killed                  setsid bash -c "echo \$\$ > '${WORLD_CG_RUN:-$WORLD_CG}/cgroup.procs' && exec '$wlbin' --port $port --resume_file '$resume_f' $params $extra" > "$wlog" 2>&1 < /dev/null
[577/2239] S026tcprr.stri__db_open dump=0 restore=0 verdict=ok
pbsprobe/pbs_sweep.sh: line 296: 755799 Killed                  setsid bash -c "echo \$\$ > '${WORLD_CG_RUN:-$WORLD_CG}/cgroup.procs' && exec '$wlbin' --port $port --resume_file '$resume_f' $params $extra" > "$wlog" 2>&1 < /dev/null
[578/2239] S026tcprr.stri__db_read dump=0 restore=0 verdict=ok
pbsprobe/pbs_sweep.sh: line 296: 757205 Killed                  setsid bash -c "echo \$\$ > '${WORLD_CG_RUN:-$WORLD_CG}/cgroup.procs' && exec '$wlbin' --port $port --resume_file '$resume_f' $params $extra" > "$wlog" 2>&1 < /dev/null
[579/2239] S026tcprr.stri__db_read_p25 dump=0 restore=0 verdict=ok
pbsprobe/pbs_sweep.sh: line 296: 758612 Killed                  setsid bash -c "echo \$\$ > '${WORLD_CG_RUN:-$WORLD_CG}/cgroup.procs' && exec '$wlbin' --port $port --resume_file '$resume_f' $params $extra" > "$wlog" 2>&1 < /dev/null
[580/2239] S026tcprr.stri__db_read_p50 dump=0 restore=0 verdict=ok
pbsprobe/pbs_sweep.sh: line 296: 760026 Killed                  setsid bash -c "echo \$\$ > '${WORLD_CG_RUN:-$WORLD_CG}/cgroup.procs' && exec '$wlbin' --port $port --resume_file '$resume_f' $params $extra" > "$wlog" 2>&1 < /dev/null
[581/2239] S026tcprr.stri__db_read_p75 dump=0 restore=0 verdict=ok
pbsprobe/pbs_sweep.sh: line 296: 761436 Killed                  setsid bash -c "echo \$\$ > '${WORLD_CG_RUN:-$WORLD_CG}/cgroup.procs' && exec '$wlbin' --port $port --resume_file '$resume_f' $params $extra" > "$wlog" 2>&1 < /dev/null
[582/2239] S026tcprr.stri__db_parse dump=0 restore=0 verdict=ok
pbsprobe/pbs_sweep.sh: line 296: 762834 Killed                  setsid bash -c "echo \$\$ > '${WORLD_CG_RUN:-$WORLD_CG}/cgroup.procs' && exec '$wlbin' --port $port --resume_file '$resume_f' $params $extra" > "$wlog" 2>&1 < /dev/null
[583/2239] S026tcprr.stri__db_parse_p25 dump=0 restore=0 verdict=ok
pbsprobe/pbs_sweep.sh: line 296: 764233 Killed                  setsid bash -c "echo \$\$ > '${WORLD_CG_RUN:-$WORLD_CG}/cgroup.procs' && exec '$wlbin' --port $port --resume_file '$resume_f' $params $extra" > "$wlog" 2>&1 < /dev/null
[584/2239] S026tcprr.stri__db_parse_p50 dump=0 restore=0 verdict=ok
pbsprobe/pbs_sweep.sh: line 296: 765635 Killed                  setsid bash -c "echo \$\$ > '${WORLD_CG_RUN:-$WORLD_CG}/cgroup.procs' && exec '$wlbin' --port $port --resume_file '$resume_f' $params $extra" > "$wlog" 2>&1 < /dev/null
[585/2239] S026tcprr.stri__db_parse_p75 dump=0 restore=0 verdict=ok
pbsprobe/pbs_sweep.sh: line 296: 767037 Killed                  setsid bash -c "echo \$\$ > '${WORLD_CG_RUN:-$WORLD_CG}/cgroup.procs' && exec '$wlbin' --port $port --resume_file '$resume_f' $params $extra" > "$wlog" 2>&1 < /dev/null
[586/2239] S026tcprr.stri__epg_index dump=0 restore=0 verdict=ok
pbsprobe/pbs_sweep.sh: line 296: 768435 Killed                  setsid bash -c "echo \$\$ > '${WORLD_CG_RUN:-$WORLD_CG}/cgroup.procs' && exec '$wlbin' --port $port --resume_file '$resume_f' $params $extra" > "$wlog" 2>&1 < /dev/null
[587/2239] S026tcprr.stri__epg_index_p25 dump=0 restore=0 verdict=ok
pbsprobe/pbs_sweep.sh: line 296: 769841 Killed                  setsid bash -c "echo \$\$ > '${WORLD_CG_RUN:-$WORLD_CG}/cgroup.procs' && exec '$wlbin' --port $port --resume_file '$resume_f' $params $extra" > "$wlog" 2>&1 < /dev/null
[588/2239] S026tcprr.stri__epg_index_p50 dump=0 restore=0 verdict=ok
pbsprobe/pbs_sweep.sh: line 296: 771248 Killed                  setsid bash -c "echo \$\$ > '${WORLD_CG_RUN:-$WORLD_CG}/cgroup.procs' && exec '$wlbin' --port $port --resume_file '$resume_f' $params $extra" > "$wlog" 2>&1 < /dev/null
[589/2239] S026tcprr.stri__epg_index_p75 dump=0 restore=0 verdict=ok
pbsprobe/pbs_sweep.sh: line 296: 772650 Killed                  setsid bash -c "echo \$\$ > '${WORLD_CG_RUN:-$WORLD_CG}/cgroup.procs' && exec '$wlbin' --port $port --resume_file '$resume_f' $params $extra" > "$wlog" 2>&1 < /dev/null
[590/2239] S026tcprr.stri__epg_text dump=0 restore=0 verdict=ok
pbsprobe/pbs_sweep.sh: line 296: 774048 Killed                  setsid bash -c "echo \$\$ > '${WORLD_CG_RUN:-$WORLD_CG}/cgroup.procs' && exec '$wlbin' --port $port --resume_file '$resume_f' $params $extra" > "$wlog" 2>&1 < /dev/null
[591/2239] S026tcprr.stri__epg_reserve dump=0 restore=0 verdict=ok
[592/2239] S026tcprr.stri__hub_conn1 dump=1 restore=na verdict=dump_fail
pbsprobe/pbs_sweep.sh: line 257: 775450 Killed                  setsid bash -c "echo \$\$ > '${WORLD_CG_RUN:-$WORLD_CG}/cgroup.procs' && exec '$wlbin' --port $port --resume_file '$resume_f' $params $extra" > "$wlog" 2>&1 < /dev/null
[593/2239] S026tcprr.stri__hub_conn2 dump=1 restore=na verdict=dump_fail
pbsprobe/pbs_sweep.sh: line 257: 776418 Killed                  setsid bash -c "echo \$\$ > '${WORLD_CG_RUN:-$WORLD_CG}/cgroup.procs' && exec '$wlbin' --port $port --resume_file '$resume_f' $params $extra" > "$wlog" 2>&1 < /dev/null
[594/2239] S026tcprr.stri__hub_conn3 dump=1 restore=na verdict=dump_fail
pbsprobe/pbs_sweep.sh: line 257: 777452 Killed                  setsid bash -c "echo \$\$ > '${WORLD_CG_RUN:-$WORLD_CG}/cgroup.procs' && exec '$wlbin' --port $port --resume_file '$resume_f' $params $extra" > "$wlog" 2>&1 < /dev/null
[595/2239] S026tcprr.stri__hub_conn4 dump=1 restore=na verdict=dump_fail
pbsprobe/pbs_sweep.sh: line 257: 778539 Killed                  setsid bash -c "echo \$\$ > '${WORLD_CG_RUN:-$WORLD_CG}/cgroup.procs' && exec '$wlbin' --port $port --resume_file '$resume_f' $params $extra" > "$wlog" 2>&1 < /dev/null
[596/2239] S026tcprr.stri__hub_subscribed dump=1 restore=na verdict=dump_fail
pbsprobe/pbs_sweep.sh: line 257: 779689 Killed                  setsid bash -c "echo \$\$ > '${WORLD_CG_RUN:-$WORLD_CG}/cgroup.procs' && exec '$wlbin' --port $port --resume_file '$resume_f' $params $extra" > "$wlog" 2>&1 < /dev/null
[597/2239] S026tcprr.stri__tcp_conn dump=1 restore=na verdict=dump_fail
pbsprobe/pbs_sweep.sh: line 257: 780894 Killed                  setsid bash -c "echo \$\$ > '${WORLD_CG_RUN:-$WORLD_CG}/cgroup.procs' && exec '$wlbin' --port $port --resume_file '$resume_f' $params $extra" > "$wlog" 2>&1 < /dev/null
[598/2239] S026tcprr.stri__timer_armed dump=1 restore=na verdict=dump_fail
pbsprobe/pbs_sweep.sh: line 257: 782148 Killed                  setsid bash -c "echo \$\$ > '${WORLD_CG_RUN:-$WORLD_CG}/cgroup.procs' && exec '$wlbin' --port $port --resume_file '$resume_f' $params $extra" > "$wlog" 2>&1 < /dev/null
[599/2239] S026tcprr.stri__db_watch dump=1 restore=na verdict=dump_fail
pbsprobe/pbs_sweep.sh: line 257: 783465 Killed                  setsid bash -c "echo \$\$ > '${WORLD_CG_RUN:-$WORLD_CG}/cgroup.procs' && exec '$wlbin' --port $port --resume_file '$resume_f' $params $extra" > "$wlog" 2>&1 < /dev/null
[600/2239] S026tcprr.stri__ready dump=1 restore=na verdict=dump_fail
pbsprobe/pbs_sweep.sh: line 257: 784841 Killed                  setsid bash -c "echo \$\$ > '${WORLD_CG_RUN:-$WORLD_CG}/cgroup.procs' && exec '$wlbin' --port $port --resume_file '$resume_f' $params $extra" > "$wlog" 2>&1 < /dev/null
[601/2239] S026tcprr.stri__steady dump=1 restore=na verdict=dump_fail
pbsprobe/pbs_sweep.sh: line 257: 786274 Killed                  setsid bash -c "echo \$\$ > '${WORLD_CG_RUN:-$WORLD_CG}/cgroup.procs' && exec '$wlbin' --port $port --resume_file '$resume_f' $params $extra" > "$wlog" 2>&1 < /dev/null
pbsprobe/pbs_sweep.sh: line 296: 787775 Killed                  setsid bash -c "echo \$\$ > '${WORLD_CG_RUN:-$WORLD_CG}/cgroup.procs' && exec '$wlbin' --port $port --resume_file '$resume_f' $params $extra" > "$wlog" 2>&1 < /dev/null
[602/2239] S027tcprr.ext___init dump=0 restore=0 verdict=ok
pbsprobe/pbs_sweep.sh: line 296: 789181 Killed                  setsid bash -c "echo \$\$ > '${WORLD_CG_RUN:-$WORLD_CG}/cgroup.procs' && exec '$wlbin' --port $port --resume_file '$resume_f' $params $extra" > "$wlog" 2>&1 < /dev/null
[603/2239] S027tcprr.ext___db_open dump=0 restore=0 verdict=ok
pbsprobe/pbs_sweep.sh: line 296: 790595 Killed                  setsid bash -c "echo \$\$ > '${WORLD_CG_RUN:-$WORLD_CG}/cgroup.procs' && exec '$wlbin' --port $port --resume_file '$resume_f' $params $extra" > "$wlog" 2>&1 < /dev/null
[604/2239] S027tcprr.ext___db_read dump=0 restore=0 verdict=ok
pbsprobe/pbs_sweep.sh: line 296: 791993 Killed                  setsid bash -c "echo \$\$ > '${WORLD_CG_RUN:-$WORLD_CG}/cgroup.procs' && exec '$wlbin' --port $port --resume_file '$resume_f' $params $extra" > "$wlog" 2>&1 < /dev/null
[605/2239] S027tcprr.ext___db_read_p25 dump=0 restore=0 verdict=ok
pbsprobe/pbs_sweep.sh: line 296: 793396 Killed                  setsid bash -c "echo \$\$ > '${WORLD_CG_RUN:-$WORLD_CG}/cgroup.procs' && exec '$wlbin' --port $port --resume_file '$resume_f' $params $extra" > "$wlog" 2>&1 < /dev/null
[606/2239] S027tcprr.ext___db_read_p50 dump=0 restore=0 verdict=ok
pbsprobe/pbs_sweep.sh: line 296: 794802 Killed                  setsid bash -c "echo \$\$ > '${WORLD_CG_RUN:-$WORLD_CG}/cgroup.procs' && exec '$wlbin' --port $port --resume_file '$resume_f' $params $extra" > "$wlog" 2>&1 < /dev/null
[607/2239] S027tcprr.ext___db_read_p75 dump=0 restore=0 verdict=ok
pbsprobe/pbs_sweep.sh: line 296: 796212 Killed                  setsid bash -c "echo \$\$ > '${WORLD_CG_RUN:-$WORLD_CG}/cgroup.procs' && exec '$wlbin' --port $port --resume_file '$resume_f' $params $extra" > "$wlog" 2>&1 < /dev/null
[608/2239] S027tcprr.ext___db_parse dump=0 restore=0 verdict=ok
pbsprobe/pbs_sweep.sh: line 296: 797618 Killed                  setsid bash -c "echo \$\$ > '${WORLD_CG_RUN:-$WORLD_CG}/cgroup.procs' && exec '$wlbin' --port $port --resume_file '$resume_f' $params $extra" > "$wlog" 2>&1 < /dev/null
[609/2239] S027tcprr.ext___db_parse_p25 dump=0 restore=0 verdict=ok
pbsprobe/pbs_sweep.sh: line 296: 799021 Killed                  setsid bash -c "echo \$\$ > '${WORLD_CG_RUN:-$WORLD_CG}/cgroup.procs' && exec '$wlbin' --port $port --resume_file '$resume_f' $params $extra" > "$wlog" 2>&1 < /dev/null
[610/2239] S027tcprr.ext___db_parse_p50 dump=0 restore=0 verdict=ok
pbsprobe/pbs_sweep.sh: line 296: 800431 Killed                  setsid bash -c "echo \$\$ > '${WORLD_CG_RUN:-$WORLD_CG}/cgroup.procs' && exec '$wlbin' --port $port --resume_file '$resume_f' $params $extra" > "$wlog" 2>&1 < /dev/null
[611/2239] S027tcprr.ext___db_parse_p75 dump=0 restore=0 verdict=ok
pbsprobe/pbs_sweep.sh: line 296: 801837 Killed                  setsid bash -c "echo \$\$ > '${WORLD_CG_RUN:-$WORLD_CG}/cgroup.procs' && exec '$wlbin' --port $port --resume_file '$resume_f' $params $extra" > "$wlog" 2>&1 < /dev/null
[612/2239] S027tcprr.ext___epg_index dump=0 restore=0 verdict=ok
pbsprobe/pbs_sweep.sh: line 296: 803239 Killed                  setsid bash -c "echo \$\$ > '${WORLD_CG_RUN:-$WORLD_CG}/cgroup.procs' && exec '$wlbin' --port $port --resume_file '$resume_f' $params $extra" > "$wlog" 2>&1 < /dev/null
[613/2239] S027tcprr.ext___epg_index_p25 dump=0 restore=0 verdict=ok
pbsprobe/pbs_sweep.sh: line 296: 804638 Killed                  setsid bash -c "echo \$\$ > '${WORLD_CG_RUN:-$WORLD_CG}/cgroup.procs' && exec '$wlbin' --port $port --resume_file '$resume_f' $params $extra" > "$wlog" 2>&1 < /dev/null
[614/2239] S027tcprr.ext___epg_index_p50 dump=0 restore=0 verdict=ok
pbsprobe/pbs_sweep.sh: line 296: 806044 Killed                  setsid bash -c "echo \$\$ > '${WORLD_CG_RUN:-$WORLD_CG}/cgroup.procs' && exec '$wlbin' --port $port --resume_file '$resume_f' $params $extra" > "$wlog" 2>&1 < /dev/null
[615/2239] S027tcprr.ext___epg_index_p75 dump=0 restore=0 verdict=ok
pbsprobe/pbs_sweep.sh: line 296: 807442 Killed                  setsid bash -c "echo \$\$ > '${WORLD_CG_RUN:-$WORLD_CG}/cgroup.procs' && exec '$wlbin' --port $port --resume_file '$resume_f' $params $extra" > "$wlog" 2>&1 < /dev/null
[616/2239] S027tcprr.ext___epg_text dump=0 restore=0 verdict=ok
pbsprobe/pbs_sweep.sh: line 296: 808844 Killed                  setsid bash -c "echo \$\$ > '${WORLD_CG_RUN:-$WORLD_CG}/cgroup.procs' && exec '$wlbin' --port $port --resume_file '$resume_f' $params $extra" > "$wlog" 2>&1 < /dev/null
[617/2239] S027tcprr.ext___epg_reserve dump=0 restore=0 verdict=ok
[618/2239] S027tcprr.ext___hub_conn1 dump=1 restore=na verdict=dump_fail
pbsprobe/pbs_sweep.sh: line 257: 810250 Killed                  setsid bash -c "echo \$\$ > '${WORLD_CG_RUN:-$WORLD_CG}/cgroup.procs' && exec '$wlbin' --port $port --resume_file '$resume_f' $params $extra" > "$wlog" 2>&1 < /dev/null
[619/2239] S027tcprr.ext___hub_conn2 dump=1 restore=na verdict=dump_fail
pbsprobe/pbs_sweep.sh: line 257: 811218 Killed                  setsid bash -c "echo \$\$ > '${WORLD_CG_RUN:-$WORLD_CG}/cgroup.procs' && exec '$wlbin' --port $port --resume_file '$resume_f' $params $extra" > "$wlog" 2>&1 < /dev/null
[620/2239] S027tcprr.ext___hub_conn3 dump=1 restore=na verdict=dump_fail
pbsprobe/pbs_sweep.sh: line 257: 812248 Killed                  setsid bash -c "echo \$\$ > '${WORLD_CG_RUN:-$WORLD_CG}/cgroup.procs' && exec '$wlbin' --port $port --resume_file '$resume_f' $params $extra" > "$wlog" 2>&1 < /dev/null
[621/2239] S027tcprr.ext___hub_conn4 dump=1 restore=na verdict=dump_fail
pbsprobe/pbs_sweep.sh: line 257: 813331 Killed                  setsid bash -c "echo \$\$ > '${WORLD_CG_RUN:-$WORLD_CG}/cgroup.procs' && exec '$wlbin' --port $port --resume_file '$resume_f' $params $extra" > "$wlog" 2>&1 < /dev/null
[622/2239] S027tcprr.ext___hub_subscribed dump=1 restore=na verdict=dump_fail
pbsprobe/pbs_sweep.sh: line 257: 814481 Killed                  setsid bash -c "echo \$\$ > '${WORLD_CG_RUN:-$WORLD_CG}/cgroup.procs' && exec '$wlbin' --port $port --resume_file '$resume_f' $params $extra" > "$wlog" 2>&1 < /dev/null
[623/2239] S027tcprr.ext___tcp_conn dump=1 restore=na verdict=dump_fail
pbsprobe/pbs_sweep.sh: line 257: 815679 Killed                  setsid bash -c "echo \$\$ > '${WORLD_CG_RUN:-$WORLD_CG}/cgroup.procs' && exec '$wlbin' --port $port --resume_file '$resume_f' $params $extra" > "$wlog" 2>&1 < /dev/null
[624/2239] S027tcprr.ext___timer_armed dump=1 restore=na verdict=dump_fail
pbsprobe/pbs_sweep.sh: line 257: 816932 Killed                  setsid bash -c "echo \$\$ > '${WORLD_CG_RUN:-$WORLD_CG}/cgroup.procs' && exec '$wlbin' --port $port --resume_file '$resume_f' $params $extra" > "$wlog" 2>&1 < /dev/null
[625/2239] S027tcprr.ext___db_watch dump=1 restore=na verdict=dump_fail
pbsprobe/pbs_sweep.sh: line 257: 818249 Killed                  setsid bash -c "echo \$\$ > '${WORLD_CG_RUN:-$WORLD_CG}/cgroup.procs' && exec '$wlbin' --port $port --resume_file '$resume_f' $params $extra" > "$wlog" 2>&1 < /dev/null
[626/2239] S027tcprr.ext___ready dump=1 restore=na verdict=dump_fail
pbsprobe/pbs_sweep.sh: line 257: 819625 Killed                  setsid bash -c "echo \$\$ > '${WORLD_CG_RUN:-$WORLD_CG}/cgroup.procs' && exec '$wlbin' --port $port --resume_file '$resume_f' $params $extra" > "$wlog" 2>&1 < /dev/null
[627/2239] S027tcprr.ext___steady dump=1 restore=na verdict=dump_fail
pbsprobe/pbs_sweep.sh: line 257: 821058 Killed                  setsid bash -c "echo \$\$ > '${WORLD_CG_RUN:-$WORLD_CG}/cgroup.procs' && exec '$wlbin' --port $port --resume_file '$resume_f' $params $extra" > "$wlog" 2>&1 < /dev/null
pbsprobe/pbs_sweep.sh: line 296: 822555 Killed                  setsid bash -c "echo \$\$ > '${WORLD_CG_RUN:-$WORLD_CG}/cgroup.procs' && exec '$wlbin' --port $port --resume_file '$resume_f' $params $extra" > "$wlog" 2>&1 < /dev/null
[628/2239] S028tcprr.tcp___init dump=0 restore=0 verdict=ok
pbsprobe/pbs_sweep.sh: line 296: 823973 Killed                  setsid bash -c "echo \$\$ > '${WORLD_CG_RUN:-$WORLD_CG}/cgroup.procs' && exec '$wlbin' --port $port --resume_file '$resume_f' $params $extra" > "$wlog" 2>&1 < /dev/null
[629/2239] S028tcprr.tcp___db_open dump=0 restore=0 verdict=ok
pbsprobe/pbs_sweep.sh: line 296: 825375 Killed                  setsid bash -c "echo \$\$ > '${WORLD_CG_RUN:-$WORLD_CG}/cgroup.procs' && exec '$wlbin' --port $port --resume_file '$resume_f' $params $extra" > "$wlog" 2>&1 < /dev/null
[630/2239] S028tcprr.tcp___db_read dump=0 restore=0 verdict=ok
pbsprobe/pbs_sweep.sh: line 296: 826777 Killed                  setsid bash -c "echo \$\$ > '${WORLD_CG_RUN:-$WORLD_CG}/cgroup.procs' && exec '$wlbin' --port $port --resume_file '$resume_f' $params $extra" > "$wlog" 2>&1 < /dev/null
[631/2239] S028tcprr.tcp___db_read_p25 dump=0 restore=0 verdict=ok
pbsprobe/pbs_sweep.sh: line 296: 828188 Killed                  setsid bash -c "echo \$\$ > '${WORLD_CG_RUN:-$WORLD_CG}/cgroup.procs' && exec '$wlbin' --port $port --resume_file '$resume_f' $params $extra" > "$wlog" 2>&1 < /dev/null
[632/2239] S028tcprr.tcp___db_read_p50 dump=0 restore=0 verdict=ok
pbsprobe/pbs_sweep.sh: line 296: 829594 Killed                  setsid bash -c "echo \$\$ > '${WORLD_CG_RUN:-$WORLD_CG}/cgroup.procs' && exec '$wlbin' --port $port --resume_file '$resume_f' $params $extra" > "$wlog" 2>&1 < /dev/null
[633/2239] S028tcprr.tcp___db_read_p75 dump=0 restore=0 verdict=ok
pbsprobe/pbs_sweep.sh: line 296: 831012 Killed                  setsid bash -c "echo \$\$ > '${WORLD_CG_RUN:-$WORLD_CG}/cgroup.procs' && exec '$wlbin' --port $port --resume_file '$resume_f' $params $extra" > "$wlog" 2>&1 < /dev/null
[634/2239] S028tcprr.tcp___db_parse dump=0 restore=0 verdict=ok
pbsprobe/pbs_sweep.sh: line 296: 832414 Killed                  setsid bash -c "echo \$\$ > '${WORLD_CG_RUN:-$WORLD_CG}/cgroup.procs' && exec '$wlbin' --port $port --resume_file '$resume_f' $params $extra" > "$wlog" 2>&1 < /dev/null
[635/2239] S028tcprr.tcp___db_parse_p25 dump=0 restore=0 verdict=ok
pbsprobe/pbs_sweep.sh: line 296: 833828 Killed                  setsid bash -c "echo \$\$ > '${WORLD_CG_RUN:-$WORLD_CG}/cgroup.procs' && exec '$wlbin' --port $port --resume_file '$resume_f' $params $extra" > "$wlog" 2>&1 < /dev/null
[636/2239] S028tcprr.tcp___db_parse_p50 dump=0 restore=0 verdict=ok
pbsprobe/pbs_sweep.sh: line 296: 835239 Killed                  setsid bash -c "echo \$\$ > '${WORLD_CG_RUN:-$WORLD_CG}/cgroup.procs' && exec '$wlbin' --port $port --resume_file '$resume_f' $params $extra" > "$wlog" 2>&1 < /dev/null
[637/2239] S028tcprr.tcp___db_parse_p75 dump=0 restore=0 verdict=ok
pbsprobe/pbs_sweep.sh: line 296: 836645 Killed                  setsid bash -c "echo \$\$ > '${WORLD_CG_RUN:-$WORLD_CG}/cgroup.procs' && exec '$wlbin' --port $port --resume_file '$resume_f' $params $extra" > "$wlog" 2>&1 < /dev/null
[638/2239] S028tcprr.tcp___epg_index dump=0 restore=0 verdict=ok
pbsprobe/pbs_sweep.sh: line 296: 838051 Killed                  setsid bash -c "echo \$\$ > '${WORLD_CG_RUN:-$WORLD_CG}/cgroup.procs' && exec '$wlbin' --port $port --resume_file '$resume_f' $params $extra" > "$wlog" 2>&1 < /dev/null
[639/2239] S028tcprr.tcp___epg_index_p25 dump=0 restore=0 verdict=ok
pbsprobe/pbs_sweep.sh: line 296: 839457 Killed                  setsid bash -c "echo \$\$ > '${WORLD_CG_RUN:-$WORLD_CG}/cgroup.procs' && exec '$wlbin' --port $port --resume_file '$resume_f' $params $extra" > "$wlog" 2>&1 < /dev/null
[640/2239] S028tcprr.tcp___epg_index_p50 dump=0 restore=0 verdict=ok
pbsprobe/pbs_sweep.sh: line 296: 840863 Killed                  setsid bash -c "echo \$\$ > '${WORLD_CG_RUN:-$WORLD_CG}/cgroup.procs' && exec '$wlbin' --port $port --resume_file '$resume_f' $params $extra" > "$wlog" 2>&1 < /dev/null
[641/2239] S028tcprr.tcp___epg_index_p75 dump=0 restore=0 verdict=ok
pbsprobe/pbs_sweep.sh: line 296: 842262 Killed                  setsid bash -c "echo \$\$ > '${WORLD_CG_RUN:-$WORLD_CG}/cgroup.procs' && exec '$wlbin' --port $port --resume_file '$resume_f' $params $extra" > "$wlog" 2>&1 < /dev/null
[642/2239] S028tcprr.tcp___epg_text dump=0 restore=0 verdict=ok
pbsprobe/pbs_sweep.sh: line 296: 843668 Killed                  setsid bash -c "echo \$\$ > '${WORLD_CG_RUN:-$WORLD_CG}/cgroup.procs' && exec '$wlbin' --port $port --resume_file '$resume_f' $params $extra" > "$wlog" 2>&1 < /dev/null
[643/2239] S028tcprr.tcp___epg_reserve dump=0 restore=0 verdict=ok
[644/2239] S028tcprr.tcp___hub_conn1 dump=1 restore=na verdict=dump_fail
pbsprobe/pbs_sweep.sh: line 257: 845074 Killed                  setsid bash -c "echo \$\$ > '${WORLD_CG_RUN:-$WORLD_CG}/cgroup.procs' && exec '$wlbin' --port $port --resume_file '$resume_f' $params $extra" > "$wlog" 2>&1 < /dev/null
[645/2239] S028tcprr.tcp___hub_conn2 dump=1 restore=na verdict=dump_fail
pbsprobe/pbs_sweep.sh: line 257: 846049 Killed                  setsid bash -c "echo \$\$ > '${WORLD_CG_RUN:-$WORLD_CG}/cgroup.procs' && exec '$wlbin' --port $port --resume_file '$resume_f' $params $extra" > "$wlog" 2>&1 < /dev/null
[646/2239] S028tcprr.tcp___hub_conn3 dump=1 restore=na verdict=dump_fail
pbsprobe/pbs_sweep.sh: line 257: 847084 Killed                  setsid bash -c "echo \$\$ > '${WORLD_CG_RUN:-$WORLD_CG}/cgroup.procs' && exec '$wlbin' --port $port --resume_file '$resume_f' $params $extra" > "$wlog" 2>&1 < /dev/null
[647/2239] S028tcprr.tcp___hub_conn4 dump=1 restore=na verdict=dump_fail
pbsprobe/pbs_sweep.sh: line 257: 848174 Killed                  setsid bash -c "echo \$\$ > '${WORLD_CG_RUN:-$WORLD_CG}/cgroup.procs' && exec '$wlbin' --port $port --resume_file '$resume_f' $params $extra" > "$wlog" 2>&1 < /dev/null
[648/2239] S028tcprr.tcp___hub_subscribed dump=1 restore=na verdict=dump_fail
pbsprobe/pbs_sweep.sh: line 257: 849324 Killed                  setsid bash -c "echo \$\$ > '${WORLD_CG_RUN:-$WORLD_CG}/cgroup.procs' && exec '$wlbin' --port $port --resume_file '$resume_f' $params $extra" > "$wlog" 2>&1 < /dev/null
[649/2239] S028tcprr.tcp___tcp_conn dump=1 restore=na verdict=dump_fail
pbsprobe/pbs_sweep.sh: line 257: 850526 Killed                  setsid bash -c "echo \$\$ > '${WORLD_CG_RUN:-$WORLD_CG}/cgroup.procs' && exec '$wlbin' --port $port --resume_file '$resume_f' $params $extra" > "$wlog" 2>&1 < /dev/null
[650/2239] S028tcprr.tcp___timer_armed dump=1 restore=na verdict=dump_fail
pbsprobe/pbs_sweep.sh: line 257: 851795 Killed                  setsid bash -c "echo \$\$ > '${WORLD_CG_RUN:-$WORLD_CG}/cgroup.procs' && exec '$wlbin' --port $port --resume_file '$resume_f' $params $extra" > "$wlog" 2>&1 < /dev/null
[651/2239] S028tcprr.tcp___db_watch dump=1 restore=na verdict=dump_fail
pbsprobe/pbs_sweep.sh: line 257: 853112 Killed                  setsid bash -c "echo \$\$ > '${WORLD_CG_RUN:-$WORLD_CG}/cgroup.procs' && exec '$wlbin' --port $port --resume_file '$resume_f' $params $extra" > "$wlog" 2>&1 < /dev/null
[652/2239] S028tcprr.tcp___ready dump=1 restore=na verdict=dump_fail
pbsprobe/pbs_sweep.sh: line 257: 854496 Killed                  setsid bash -c "echo \$\$ > '${WORLD_CG_RUN:-$WORLD_CG}/cgroup.procs' && exec '$wlbin' --port $port --resume_file '$resume_f' $params $extra" > "$wlog" 2>&1 < /dev/null
[653/2239] S028tcprr.tcp___steady dump=1 restore=na verdict=dump_fail
pbsprobe/pbs_sweep.sh: line 257: 855945 Killed                  setsid bash -c "echo \$\$ > '${WORLD_CG_RUN:-$WORLD_CG}/cgroup.procs' && exec '$wlbin' --port $port --resume_file '$resume_f' $params $extra" > "$wlog" 2>&1 < /dev/null
pbsprobe/pbs_sweep.sh: line 296: 857442 Killed                  setsid bash -c "echo \$\$ > '${WORLD_CG_RUN:-$WORLD_CG}/cgroup.procs' && exec '$wlbin' --port $port --resume_file '$resume_f' $params $extra" > "$wlog" 2>&1 < /dev/null
[654/2239] S029tcprr.file__init dump=0 restore=0 verdict=ok
pbsprobe/pbs_sweep.sh: line 296: 858868 Killed                  setsid bash -c "echo \$\$ > '${WORLD_CG_RUN:-$WORLD_CG}/cgroup.procs' && exec '$wlbin' --port $port --resume_file '$resume_f' $params $extra" > "$wlog" 2>&1 < /dev/null
[655/2239] S029tcprr.file__db_open dump=0 restore=0 verdict=ok
pbsprobe/pbs_sweep.sh: line 296: 860274 Killed                  setsid bash -c "echo \$\$ > '${WORLD_CG_RUN:-$WORLD_CG}/cgroup.procs' && exec '$wlbin' --port $port --resume_file '$resume_f' $params $extra" > "$wlog" 2>&1 < /dev/null
[656/2239] S029tcprr.file__db_read dump=0 restore=0 verdict=ok
pbsprobe/pbs_sweep.sh: line 296: 861676 Killed                  setsid bash -c "echo \$\$ > '${WORLD_CG_RUN:-$WORLD_CG}/cgroup.procs' && exec '$wlbin' --port $port --resume_file '$resume_f' $params $extra" > "$wlog" 2>&1 < /dev/null
[657/2239] S029tcprr.file__db_read_p25 dump=0 restore=0 verdict=ok
pbsprobe/pbs_sweep.sh: line 296: 863082 Killed                  setsid bash -c "echo \$\$ > '${WORLD_CG_RUN:-$WORLD_CG}/cgroup.procs' && exec '$wlbin' --port $port --resume_file '$resume_f' $params $extra" > "$wlog" 2>&1 < /dev/null
[658/2239] S029tcprr.file__db_read_p50 dump=0 restore=0 verdict=ok
pbsprobe/pbs_sweep.sh: line 296: 864489 Killed                  setsid bash -c "echo \$\$ > '${WORLD_CG_RUN:-$WORLD_CG}/cgroup.procs' && exec '$wlbin' --port $port --resume_file '$resume_f' $params $extra" > "$wlog" 2>&1 < /dev/null
[659/2239] S029tcprr.file__db_read_p75 dump=0 restore=0 verdict=ok
pbsprobe/pbs_sweep.sh: line 296: 865895 Killed                  setsid bash -c "echo \$\$ > '${WORLD_CG_RUN:-$WORLD_CG}/cgroup.procs' && exec '$wlbin' --port $port --resume_file '$resume_f' $params $extra" > "$wlog" 2>&1 < /dev/null
[660/2239] S029tcprr.file__db_parse dump=0 restore=0 verdict=ok
pbsprobe/pbs_sweep.sh: line 296: 867301 Killed                  setsid bash -c "echo \$\$ > '${WORLD_CG_RUN:-$WORLD_CG}/cgroup.procs' && exec '$wlbin' --port $port --resume_file '$resume_f' $params $extra" > "$wlog" 2>&1 < /dev/null
[661/2239] S029tcprr.file__db_parse_p25 dump=0 restore=0 verdict=ok
pbsprobe/pbs_sweep.sh: line 296: 868711 Killed                  setsid bash -c "echo \$\$ > '${WORLD_CG_RUN:-$WORLD_CG}/cgroup.procs' && exec '$wlbin' --port $port --resume_file '$resume_f' $params $extra" > "$wlog" 2>&1 < /dev/null
[662/2239] S029tcprr.file__db_parse_p50 dump=0 restore=0 verdict=ok
pbsprobe/pbs_sweep.sh: line 296: 870118 Killed                  setsid bash -c "echo \$\$ > '${WORLD_CG_RUN:-$WORLD_CG}/cgroup.procs' && exec '$wlbin' --port $port --resume_file '$resume_f' $params $extra" > "$wlog" 2>&1 < /dev/null
[663/2239] S029tcprr.file__db_parse_p75 dump=0 restore=0 verdict=ok
pbsprobe/pbs_sweep.sh: line 296: 871528 Killed                  setsid bash -c "echo \$\$ > '${WORLD_CG_RUN:-$WORLD_CG}/cgroup.procs' && exec '$wlbin' --port $port --resume_file '$resume_f' $params $extra" > "$wlog" 2>&1 < /dev/null
[664/2239] S029tcprr.file__epg_index dump=0 restore=0 verdict=ok
pbsprobe/pbs_sweep.sh: line 296: 872934 Killed                  setsid bash -c "echo \$\$ > '${WORLD_CG_RUN:-$WORLD_CG}/cgroup.procs' && exec '$wlbin' --port $port --resume_file '$resume_f' $params $extra" > "$wlog" 2>&1 < /dev/null
[665/2239] S029tcprr.file__epg_index_p25 dump=0 restore=0 verdict=ok
pbsprobe/pbs_sweep.sh: line 296: 874344 Killed                  setsid bash -c "echo \$\$ > '${WORLD_CG_RUN:-$WORLD_CG}/cgroup.procs' && exec '$wlbin' --port $port --resume_file '$resume_f' $params $extra" > "$wlog" 2>&1 < /dev/null
[666/2239] S029tcprr.file__epg_index_p50 dump=0 restore=0 verdict=ok
pbsprobe/pbs_sweep.sh: line 296: 875750 Killed                  setsid bash -c "echo \$\$ > '${WORLD_CG_RUN:-$WORLD_CG}/cgroup.procs' && exec '$wlbin' --port $port --resume_file '$resume_f' $params $extra" > "$wlog" 2>&1 < /dev/null
[667/2239] S029tcprr.file__epg_index_p75 dump=0 restore=0 verdict=ok
pbsprobe/pbs_sweep.sh: line 296: 877156 Killed                  setsid bash -c "echo \$\$ > '${WORLD_CG_RUN:-$WORLD_CG}/cgroup.procs' && exec '$wlbin' --port $port --resume_file '$resume_f' $params $extra" > "$wlog" 2>&1 < /dev/null
[668/2239] S029tcprr.file__epg_text dump=0 restore=0 verdict=ok
pbsprobe/pbs_sweep.sh: line 296: 878563 Killed                  setsid bash -c "echo \$\$ > '${WORLD_CG_RUN:-$WORLD_CG}/cgroup.procs' && exec '$wlbin' --port $port --resume_file '$resume_f' $params $extra" > "$wlog" 2>&1 < /dev/null
[669/2239] S029tcprr.file__epg_reserve dump=0 restore=0 verdict=ok
[670/2239] S029tcprr.file__hub_conn1 dump=1 restore=na verdict=dump_fail
pbsprobe/pbs_sweep.sh: line 257: 879973 Killed                  setsid bash -c "echo \$\$ > '${WORLD_CG_RUN:-$WORLD_CG}/cgroup.procs' && exec '$wlbin' --port $port --resume_file '$resume_f' $params $extra" > "$wlog" 2>&1 < /dev/null
[671/2239] S029tcprr.file__hub_conn2 dump=1 restore=na verdict=dump_fail
pbsprobe/pbs_sweep.sh: line 257: 880944 Killed                  setsid bash -c "echo \$\$ > '${WORLD_CG_RUN:-$WORLD_CG}/cgroup.procs' && exec '$wlbin' --port $port --resume_file '$resume_f' $params $extra" > "$wlog" 2>&1 < /dev/null
[672/2239] S029tcprr.file__hub_conn3 dump=1 restore=na verdict=dump_fail
pbsprobe/pbs_sweep.sh: line 257: 881971 Killed                  setsid bash -c "echo \$\$ > '${WORLD_CG_RUN:-$WORLD_CG}/cgroup.procs' && exec '$wlbin' --port $port --resume_file '$resume_f' $params $extra" > "$wlog" 2>&1 < /dev/null
[673/2239] S029tcprr.file__hub_conn4 dump=1 restore=na verdict=dump_fail
pbsprobe/pbs_sweep.sh: line 257: 883061 Killed                  setsid bash -c "echo \$\$ > '${WORLD_CG_RUN:-$WORLD_CG}/cgroup.procs' && exec '$wlbin' --port $port --resume_file '$resume_f' $params $extra" > "$wlog" 2>&1 < /dev/null
[674/2239] S029tcprr.file__hub_subscribed dump=1 restore=na verdict=dump_fail
pbsprobe/pbs_sweep.sh: line 257: 884203 Killed                  setsid bash -c "echo \$\$ > '${WORLD_CG_RUN:-$WORLD_CG}/cgroup.procs' && exec '$wlbin' --port $port --resume_file '$resume_f' $params $extra" > "$wlog" 2>&1 < /dev/null
[675/2239] S029tcprr.file__tcp_conn dump=1 restore=na verdict=dump_fail
pbsprobe/pbs_sweep.sh: line 257: 885401 Killed                  setsid bash -c "echo \$\$ > '${WORLD_CG_RUN:-$WORLD_CG}/cgroup.procs' && exec '$wlbin' --port $port --resume_file '$resume_f' $params $extra" > "$wlog" 2>&1 < /dev/null
[676/2239] S029tcprr.file__timer_armed dump=1 restore=na verdict=dump_fail
pbsprobe/pbs_sweep.sh: line 257: 886658 Killed                  setsid bash -c "echo \$\$ > '${WORLD_CG_RUN:-$WORLD_CG}/cgroup.procs' && exec '$wlbin' --port $port --resume_file '$resume_f' $params $extra" > "$wlog" 2>&1 < /dev/null
[677/2239] S029tcprr.file__db_watch dump=1 restore=na verdict=dump_fail
pbsprobe/pbs_sweep.sh: line 257: 887975 Killed                  setsid bash -c "echo \$\$ > '${WORLD_CG_RUN:-$WORLD_CG}/cgroup.procs' && exec '$wlbin' --port $port --resume_file '$resume_f' $params $extra" > "$wlog" 2>&1 < /dev/null
[678/2239] S029tcprr.file__ready dump=1 restore=na verdict=dump_fail
pbsprobe/pbs_sweep.sh: line 257: 889344 Killed                  setsid bash -c "echo \$\$ > '${WORLD_CG_RUN:-$WORLD_CG}/cgroup.procs' && exec '$wlbin' --port $port --resume_file '$resume_f' $params $extra" > "$wlog" 2>&1 < /dev/null
[679/2239] S029tcprr.file__steady dump=1 restore=na verdict=dump_fail
pbsprobe/pbs_sweep.sh: line 257: 890789 Killed                  setsid bash -c "echo \$\$ > '${WORLD_CG_RUN:-$WORLD_CG}/cgroup.procs' && exec '$wlbin' --port $port --resume_file '$resume_f' $params $extra" > "$wlog" 2>&1 < /dev/null
pbsprobe/pbs_sweep.sh: line 296: 892281 Killed                  setsid bash -c "echo \$\$ > '${WORLD_CG_RUN:-$WORLD_CG}/cgroup.procs' && exec '$wlbin' --port $port --resume_file '$resume_f' $params $extra" > "$wlog" 2>&1 < /dev/null
[680/2239] S030tcprr.perm__init dump=0 restore=0 verdict=ok
pbsprobe/pbs_sweep.sh: line 296: 893703 Killed                  setsid bash -c "echo \$\$ > '${WORLD_CG_RUN:-$WORLD_CG}/cgroup.procs' && exec '$wlbin' --port $port --resume_file '$resume_f' $params $extra" > "$wlog" 2>&1 < /dev/null
[681/2239] S030tcprr.perm__db_open dump=0 restore=0 verdict=ok
pbsprobe/pbs_sweep.sh: line 296: 895106 Killed                  setsid bash -c "echo \$\$ > '${WORLD_CG_RUN:-$WORLD_CG}/cgroup.procs' && exec '$wlbin' --port $port --resume_file '$resume_f' $params $extra" > "$wlog" 2>&1 < /dev/null
[682/2239] S030tcprr.perm__db_read dump=0 restore=0 verdict=ok
pbsprobe/pbs_sweep.sh: line 296: 896512 Killed                  setsid bash -c "echo \$\$ > '${WORLD_CG_RUN:-$WORLD_CG}/cgroup.procs' && exec '$wlbin' --port $port --resume_file '$resume_f' $params $extra" > "$wlog" 2>&1 < /dev/null
[683/2239] S030tcprr.perm__db_read_p25 dump=0 restore=0 verdict=ok
pbsprobe/pbs_sweep.sh: line 296: 897914 Killed                  setsid bash -c "echo \$\$ > '${WORLD_CG_RUN:-$WORLD_CG}/cgroup.procs' && exec '$wlbin' --port $port --resume_file '$resume_f' $params $extra" > "$wlog" 2>&1 < /dev/null
[684/2239] S030tcprr.perm__db_read_p50 dump=0 restore=0 verdict=ok
pbsprobe/pbs_sweep.sh: line 296: 899324 Killed                  setsid bash -c "echo \$\$ > '${WORLD_CG_RUN:-$WORLD_CG}/cgroup.procs' && exec '$wlbin' --port $port --resume_file '$resume_f' $params $extra" > "$wlog" 2>&1 < /dev/null
[685/2239] S030tcprr.perm__db_read_p75 dump=0 restore=0 verdict=ok
pbsprobe/pbs_sweep.sh: line 296: 900727 Killed                  setsid bash -c "echo \$\$ > '${WORLD_CG_RUN:-$WORLD_CG}/cgroup.procs' && exec '$wlbin' --port $port --resume_file '$resume_f' $params $extra" > "$wlog" 2>&1 < /dev/null
[686/2239] S030tcprr.perm__db_parse dump=0 restore=0 verdict=ok
pbsprobe/pbs_sweep.sh: line 296: 902133 Killed                  setsid bash -c "echo \$\$ > '${WORLD_CG_RUN:-$WORLD_CG}/cgroup.procs' && exec '$wlbin' --port $port --resume_file '$resume_f' $params $extra" > "$wlog" 2>&1 < /dev/null
[687/2239] S030tcprr.perm__db_parse_p25 dump=0 restore=0 verdict=ok
pbsprobe/pbs_sweep.sh: line 296: 903539 Killed                  setsid bash -c "echo \$\$ > '${WORLD_CG_RUN:-$WORLD_CG}/cgroup.procs' && exec '$wlbin' --port $port --resume_file '$resume_f' $params $extra" > "$wlog" 2>&1 < /dev/null
[688/2239] S030tcprr.perm__db_parse_p50 dump=0 restore=0 verdict=ok
pbsprobe/pbs_sweep.sh: line 296: 904953 Killed                  setsid bash -c "echo \$\$ > '${WORLD_CG_RUN:-$WORLD_CG}/cgroup.procs' && exec '$wlbin' --port $port --resume_file '$resume_f' $params $extra" > "$wlog" 2>&1 < /dev/null
[689/2239] S030tcprr.perm__db_parse_p75 dump=0 restore=0 verdict=ok
pbsprobe/pbs_sweep.sh: line 296: 906356 Killed                  setsid bash -c "echo \$\$ > '${WORLD_CG_RUN:-$WORLD_CG}/cgroup.procs' && exec '$wlbin' --port $port --resume_file '$resume_f' $params $extra" > "$wlog" 2>&1 < /dev/null
[690/2239] S030tcprr.perm__epg_index dump=0 restore=0 verdict=ok
pbsprobe/pbs_sweep.sh: line 296: 907762 Killed                  setsid bash -c "echo \$\$ > '${WORLD_CG_RUN:-$WORLD_CG}/cgroup.procs' && exec '$wlbin' --port $port --resume_file '$resume_f' $params $extra" > "$wlog" 2>&1 < /dev/null
[691/2239] S030tcprr.perm__epg_index_p25 dump=0 restore=0 verdict=ok
pbsprobe/pbs_sweep.sh: line 296: 909168 Killed                  setsid bash -c "echo \$\$ > '${WORLD_CG_RUN:-$WORLD_CG}/cgroup.procs' && exec '$wlbin' --port $port --resume_file '$resume_f' $params $extra" > "$wlog" 2>&1 < /dev/null
[692/2239] S030tcprr.perm__epg_index_p50 dump=0 restore=0 verdict=ok
pbsprobe/pbs_sweep.sh: line 296: 910570 Killed                  setsid bash -c "echo \$\$ > '${WORLD_CG_RUN:-$WORLD_CG}/cgroup.procs' && exec '$wlbin' --port $port --resume_file '$resume_f' $params $extra" > "$wlog" 2>&1 < /dev/null
[693/2239] S030tcprr.perm__epg_index_p75 dump=0 restore=0 verdict=ok
pbsprobe/pbs_sweep.sh: line 296: 911976 Killed                  setsid bash -c "echo \$\$ > '${WORLD_CG_RUN:-$WORLD_CG}/cgroup.procs' && exec '$wlbin' --port $port --resume_file '$resume_f' $params $extra" > "$wlog" 2>&1 < /dev/null
[694/2239] S030tcprr.perm__epg_text dump=0 restore=0 verdict=ok
pbsprobe/pbs_sweep.sh: line 296: 913383 Killed                  setsid bash -c "echo \$\$ > '${WORLD_CG_RUN:-$WORLD_CG}/cgroup.procs' && exec '$wlbin' --port $port --resume_file '$resume_f' $params $extra" > "$wlog" 2>&1 < /dev/null
[695/2239] S030tcprr.perm__epg_reserve dump=0 restore=0 verdict=ok
[696/2239] S030tcprr.perm__hub_conn1 dump=1 restore=na verdict=dump_fail
pbsprobe/pbs_sweep.sh: line 257: 914793 Killed                  setsid bash -c "echo \$\$ > '${WORLD_CG_RUN:-$WORLD_CG}/cgroup.procs' && exec '$wlbin' --port $port --resume_file '$resume_f' $params $extra" > "$wlog" 2>&1 < /dev/null
[697/2239] S030tcprr.perm__hub_conn2 dump=1 restore=na verdict=dump_fail
pbsprobe/pbs_sweep.sh: line 257: 915776 Killed                  setsid bash -c "echo \$\$ > '${WORLD_CG_RUN:-$WORLD_CG}/cgroup.procs' && exec '$wlbin' --port $port --resume_file '$resume_f' $params $extra" > "$wlog" 2>&1 < /dev/null
[698/2239] S030tcprr.perm__hub_conn3 dump=1 restore=na verdict=dump_fail
pbsprobe/pbs_sweep.sh: line 257: 916811 Killed                  setsid bash -c "echo \$\$ > '${WORLD_CG_RUN:-$WORLD_CG}/cgroup.procs' && exec '$wlbin' --port $port --resume_file '$resume_f' $params $extra" > "$wlog" 2>&1 < /dev/null
[699/2239] S030tcprr.perm__hub_conn4 dump=1 restore=na verdict=dump_fail
pbsprobe/pbs_sweep.sh: line 257: 917905 Killed                  setsid bash -c "echo \$\$ > '${WORLD_CG_RUN:-$WORLD_CG}/cgroup.procs' && exec '$wlbin' --port $port --resume_file '$resume_f' $params $extra" > "$wlog" 2>&1 < /dev/null
[700/2239] S030tcprr.perm__hub_subscribed dump=1 restore=na verdict=dump_fail
pbsprobe/pbs_sweep.sh: line 257: 919055 Killed                  setsid bash -c "echo \$\$ > '${WORLD_CG_RUN:-$WORLD_CG}/cgroup.procs' && exec '$wlbin' --port $port --resume_file '$resume_f' $params $extra" > "$wlog" 2>&1 < /dev/null
[701/2239] S030tcprr.perm__tcp_conn dump=1 restore=na verdict=dump_fail
pbsprobe/pbs_sweep.sh: line 257: 920261 Killed                  setsid bash -c "echo \$\$ > '${WORLD_CG_RUN:-$WORLD_CG}/cgroup.procs' && exec '$wlbin' --port $port --resume_file '$resume_f' $params $extra" > "$wlog" 2>&1 < /dev/null
[702/2239] S030tcprr.perm__timer_armed dump=1 restore=na verdict=dump_fail
pbsprobe/pbs_sweep.sh: line 257: 921534 Killed                  setsid bash -c "echo \$\$ > '${WORLD_CG_RUN:-$WORLD_CG}/cgroup.procs' && exec '$wlbin' --port $port --resume_file '$resume_f' $params $extra" > "$wlog" 2>&1 < /dev/null
[703/2239] S030tcprr.perm__db_watch dump=1 restore=na verdict=dump_fail
pbsprobe/pbs_sweep.sh: line 257: 922859 Killed                  setsid bash -c "echo \$\$ > '${WORLD_CG_RUN:-$WORLD_CG}/cgroup.procs' && exec '$wlbin' --port $port --resume_file '$resume_f' $params $extra" > "$wlog" 2>&1 < /dev/null
[704/2239] S030tcprr.perm__ready dump=1 restore=na verdict=dump_fail
pbsprobe/pbs_sweep.sh: line 257: 924255 Killed                  setsid bash -c "echo \$\$ > '${WORLD_CG_RUN:-$WORLD_CG}/cgroup.procs' && exec '$wlbin' --port $port --resume_file '$resume_f' $params $extra" > "$wlog" 2>&1 < /dev/null
[705/2239] S030tcprr.perm__steady dump=1 restore=na verdict=dump_fail
pbsprobe/pbs_sweep.sh: line 257: 925696 Killed                  setsid bash -c "echo \$\$ > '${WORLD_CG_RUN:-$WORLD_CG}/cgroup.procs' && exec '$wlbin' --port $port --resume_file '$resume_f' $params $extra" > "$wlog" 2>&1 < /dev/null
pbsprobe/pbs_sweep.sh: line 296: 927197 Killed                  setsid bash -c "echo \$\$ > '${WORLD_CG_RUN:-$WORLD_CG}/cgroup.procs' && exec '$wlbin' --port $port --resume_file '$resume_f' $params $extra" > "$wlog" 2>&1 < /dev/null
[706/2239] S031tcpst.stri__init dump=0 restore=0 verdict=ok
pbsprobe/pbs_sweep.sh: line 296: 928611 Killed                  setsid bash -c "echo \$\$ > '${WORLD_CG_RUN:-$WORLD_CG}/cgroup.procs' && exec '$wlbin' --port $port --resume_file '$resume_f' $params $extra" > "$wlog" 2>&1 < /dev/null
[707/2239] S031tcpst.stri__db_open dump=0 restore=0 verdict=ok
pbsprobe/pbs_sweep.sh: line 296: 930021 Killed                  setsid bash -c "echo \$\$ > '${WORLD_CG_RUN:-$WORLD_CG}/cgroup.procs' && exec '$wlbin' --port $port --resume_file '$resume_f' $params $extra" > "$wlog" 2>&1 < /dev/null
[708/2239] S031tcpst.stri__db_read dump=0 restore=0 verdict=ok
pbsprobe/pbs_sweep.sh: line 296: 931431 Killed                  setsid bash -c "echo \$\$ > '${WORLD_CG_RUN:-$WORLD_CG}/cgroup.procs' && exec '$wlbin' --port $port --resume_file '$resume_f' $params $extra" > "$wlog" 2>&1 < /dev/null
[709/2239] S031tcpst.stri__db_read_p25 dump=0 restore=0 verdict=ok
pbsprobe/pbs_sweep.sh: line 296: 932833 Killed                  setsid bash -c "echo \$\$ > '${WORLD_CG_RUN:-$WORLD_CG}/cgroup.procs' && exec '$wlbin' --port $port --resume_file '$resume_f' $params $extra" > "$wlog" 2>&1 < /dev/null
[710/2239] S031tcpst.stri__db_read_p50 dump=0 restore=0 verdict=ok
pbsprobe/pbs_sweep.sh: line 296: 934244 Killed                  setsid bash -c "echo \$\$ > '${WORLD_CG_RUN:-$WORLD_CG}/cgroup.procs' && exec '$wlbin' --port $port --resume_file '$resume_f' $params $extra" > "$wlog" 2>&1 < /dev/null
[711/2239] S031tcpst.stri__db_read_p75 dump=0 restore=0 verdict=ok
pbsprobe/pbs_sweep.sh: line 296: 935650 Killed                  setsid bash -c "echo \$\$ > '${WORLD_CG_RUN:-$WORLD_CG}/cgroup.procs' && exec '$wlbin' --port $port --resume_file '$resume_f' $params $extra" > "$wlog" 2>&1 < /dev/null
[712/2239] S031tcpst.stri__db_parse dump=0 restore=0 verdict=ok
pbsprobe/pbs_sweep.sh: line 296: 937056 Killed                  setsid bash -c "echo \$\$ > '${WORLD_CG_RUN:-$WORLD_CG}/cgroup.procs' && exec '$wlbin' --port $port --resume_file '$resume_f' $params $extra" > "$wlog" 2>&1 < /dev/null
[713/2239] S031tcpst.stri__db_parse_p25 dump=0 restore=0 verdict=ok
pbsprobe/pbs_sweep.sh: line 296: 938474 Killed                  setsid bash -c "echo \$\$ > '${WORLD_CG_RUN:-$WORLD_CG}/cgroup.procs' && exec '$wlbin' --port $port --resume_file '$resume_f' $params $extra" > "$wlog" 2>&1 < /dev/null
[714/2239] S031tcpst.stri__db_parse_p50 dump=0 restore=0 verdict=ok
pbsprobe/pbs_sweep.sh: line 296: 939877 Killed                  setsid bash -c "echo \$\$ > '${WORLD_CG_RUN:-$WORLD_CG}/cgroup.procs' && exec '$wlbin' --port $port --resume_file '$resume_f' $params $extra" > "$wlog" 2>&1 < /dev/null
[715/2239] S031tcpst.stri__db_parse_p75 dump=0 restore=0 verdict=ok
pbsprobe/pbs_sweep.sh: line 296: 941287 Killed                  setsid bash -c "echo \$\$ > '${WORLD_CG_RUN:-$WORLD_CG}/cgroup.procs' && exec '$wlbin' --port $port --resume_file '$resume_f' $params $extra" > "$wlog" 2>&1 < /dev/null
[716/2239] S031tcpst.stri__epg_index dump=0 restore=0 verdict=ok
pbsprobe/pbs_sweep.sh: line 296: 942689 Killed                  setsid bash -c "echo \$\$ > '${WORLD_CG_RUN:-$WORLD_CG}/cgroup.procs' && exec '$wlbin' --port $port --resume_file '$resume_f' $params $extra" > "$wlog" 2>&1 < /dev/null
[717/2239] S031tcpst.stri__epg_index_p25 dump=0 restore=0 verdict=ok
pbsprobe/pbs_sweep.sh: line 296: 944095 Killed                  setsid bash -c "echo \$\$ > '${WORLD_CG_RUN:-$WORLD_CG}/cgroup.procs' && exec '$wlbin' --port $port --resume_file '$resume_f' $params $extra" > "$wlog" 2>&1 < /dev/null
[718/2239] S031tcpst.stri__epg_index_p50 dump=0 restore=0 verdict=ok
pbsprobe/pbs_sweep.sh: line 296: 945501 Killed                  setsid bash -c "echo \$\$ > '${WORLD_CG_RUN:-$WORLD_CG}/cgroup.procs' && exec '$wlbin' --port $port --resume_file '$resume_f' $params $extra" > "$wlog" 2>&1 < /dev/null
[719/2239] S031tcpst.stri__epg_index_p75 dump=0 restore=0 verdict=ok
pbsprobe/pbs_sweep.sh: line 296: 946908 Killed                  setsid bash -c "echo \$\$ > '${WORLD_CG_RUN:-$WORLD_CG}/cgroup.procs' && exec '$wlbin' --port $port --resume_file '$resume_f' $params $extra" > "$wlog" 2>&1 < /dev/null
[720/2239] S031tcpst.stri__epg_text dump=0 restore=0 verdict=ok
pbsprobe/pbs_sweep.sh: line 296: 948318 Killed                  setsid bash -c "echo \$\$ > '${WORLD_CG_RUN:-$WORLD_CG}/cgroup.procs' && exec '$wlbin' --port $port --resume_file '$resume_f' $params $extra" > "$wlog" 2>&1 < /dev/null
[721/2239] S031tcpst.stri__epg_reserve dump=0 restore=0 verdict=ok
[722/2239] S031tcpst.stri__hub_conn1 dump=1 restore=na verdict=dump_fail
pbsprobe/pbs_sweep.sh: line 257: 949720 Killed                  setsid bash -c "echo \$\$ > '${WORLD_CG_RUN:-$WORLD_CG}/cgroup.procs' && exec '$wlbin' --port $port --resume_file '$resume_f' $params $extra" > "$wlog" 2>&1 < /dev/null
[723/2239] S031tcpst.stri__hub_conn2 dump=1 restore=na verdict=dump_fail
pbsprobe/pbs_sweep.sh: line 257: 950691 Killed                  setsid bash -c "echo \$\$ > '${WORLD_CG_RUN:-$WORLD_CG}/cgroup.procs' && exec '$wlbin' --port $port --resume_file '$resume_f' $params $extra" > "$wlog" 2>&1 < /dev/null
[724/2239] S031tcpst.stri__hub_conn3 dump=1 restore=na verdict=dump_fail
pbsprobe/pbs_sweep.sh: line 257: 951722 Killed                  setsid bash -c "echo \$\$ > '${WORLD_CG_RUN:-$WORLD_CG}/cgroup.procs' && exec '$wlbin' --port $port --resume_file '$resume_f' $params $extra" > "$wlog" 2>&1 < /dev/null
[725/2239] S031tcpst.stri__hub_conn4 dump=1 restore=na verdict=dump_fail
pbsprobe/pbs_sweep.sh: line 257: 952812 Killed                  setsid bash -c "echo \$\$ > '${WORLD_CG_RUN:-$WORLD_CG}/cgroup.procs' && exec '$wlbin' --port $port --resume_file '$resume_f' $params $extra" > "$wlog" 2>&1 < /dev/null
[726/2239] S031tcpst.stri__hub_subscribed dump=1 restore=na verdict=dump_fail
pbsprobe/pbs_sweep.sh: line 257: 953958 Killed                  setsid bash -c "echo \$\$ > '${WORLD_CG_RUN:-$WORLD_CG}/cgroup.procs' && exec '$wlbin' --port $port --resume_file '$resume_f' $params $extra" > "$wlog" 2>&1 < /dev/null
[727/2239] S031tcpst.stri__tcp_conn dump=1 restore=na verdict=dump_fail
pbsprobe/pbs_sweep.sh: line 257: 955164 Killed                  setsid bash -c "echo \$\$ > '${WORLD_CG_RUN:-$WORLD_CG}/cgroup.procs' && exec '$wlbin' --port $port --resume_file '$resume_f' $params $extra" > "$wlog" 2>&1 < /dev/null
[728/2239] S031tcpst.stri__timer_armed dump=1 restore=na verdict=dump_fail
pbsprobe/pbs_sweep.sh: line 257: 956425 Killed                  setsid bash -c "echo \$\$ > '${WORLD_CG_RUN:-$WORLD_CG}/cgroup.procs' && exec '$wlbin' --port $port --resume_file '$resume_f' $params $extra" > "$wlog" 2>&1 < /dev/null
[729/2239] S031tcpst.stri__db_watch dump=1 restore=na verdict=dump_fail
pbsprobe/pbs_sweep.sh: line 257: 957738 Killed                  setsid bash -c "echo \$\$ > '${WORLD_CG_RUN:-$WORLD_CG}/cgroup.procs' && exec '$wlbin' --port $port --resume_file '$resume_f' $params $extra" > "$wlog" 2>&1 < /dev/null
[730/2239] S031tcpst.stri__ready dump=1 restore=na verdict=dump_fail
pbsprobe/pbs_sweep.sh: line 257: 959111 Killed                  setsid bash -c "echo \$\$ > '${WORLD_CG_RUN:-$WORLD_CG}/cgroup.procs' && exec '$wlbin' --port $port --resume_file '$resume_f' $params $extra" > "$wlog" 2>&1 < /dev/null
[731/2239] S031tcpst.stri__steady dump=1 restore=na verdict=dump_fail
pbsprobe/pbs_sweep.sh: line 257: 960548 Killed                  setsid bash -c "echo \$\$ > '${WORLD_CG_RUN:-$WORLD_CG}/cgroup.procs' && exec '$wlbin' --port $port --resume_file '$resume_f' $params $extra" > "$wlog" 2>&1 < /dev/null
pbsprobe/pbs_sweep.sh: line 296: 962052 Killed                  setsid bash -c "echo \$\$ > '${WORLD_CG_RUN:-$WORLD_CG}/cgroup.procs' && exec '$wlbin' --port $port --resume_file '$resume_f' $params $extra" > "$wlog" 2>&1 < /dev/null
[732/2239] S032tcpst.ext___init dump=0 restore=0 verdict=ok
pbsprobe/pbs_sweep.sh: line 296: 963474 Killed                  setsid bash -c "echo \$\$ > '${WORLD_CG_RUN:-$WORLD_CG}/cgroup.procs' && exec '$wlbin' --port $port --resume_file '$resume_f' $params $extra" > "$wlog" 2>&1 < /dev/null
[733/2239] S032tcpst.ext___db_open dump=0 restore=0 verdict=ok
pbsprobe/pbs_sweep.sh: line 296: 964877 Killed                  setsid bash -c "echo \$\$ > '${WORLD_CG_RUN:-$WORLD_CG}/cgroup.procs' && exec '$wlbin' --port $port --resume_file '$resume_f' $params $extra" > "$wlog" 2>&1 < /dev/null
[734/2239] S032tcpst.ext___db_read dump=0 restore=0 verdict=ok
pbsprobe/pbs_sweep.sh: line 296: 966283 Killed                  setsid bash -c "echo \$\$ > '${WORLD_CG_RUN:-$WORLD_CG}/cgroup.procs' && exec '$wlbin' --port $port --resume_file '$resume_f' $params $extra" > "$wlog" 2>&1 < /dev/null
[735/2239] S032tcpst.ext___db_read_p25 dump=0 restore=0 verdict=ok
pbsprobe/pbs_sweep.sh: line 296: 967693 Killed                  setsid bash -c "echo \$\$ > '${WORLD_CG_RUN:-$WORLD_CG}/cgroup.procs' && exec '$wlbin' --port $port --resume_file '$resume_f' $params $extra" > "$wlog" 2>&1 < /dev/null
[736/2239] S032tcpst.ext___db_read_p50 dump=0 restore=0 verdict=ok
pbsprobe/pbs_sweep.sh: line 296: 969107 Killed                  setsid bash -c "echo \$\$ > '${WORLD_CG_RUN:-$WORLD_CG}/cgroup.procs' && exec '$wlbin' --port $port --resume_file '$resume_f' $params $extra" > "$wlog" 2>&1 < /dev/null
[737/2239] S032tcpst.ext___db_read_p75 dump=0 restore=0 verdict=ok
pbsprobe/pbs_sweep.sh: line 296: 970514 Killed                  setsid bash -c "echo \$\$ > '${WORLD_CG_RUN:-$WORLD_CG}/cgroup.procs' && exec '$wlbin' --port $port --resume_file '$resume_f' $params $extra" > "$wlog" 2>&1 < /dev/null
[738/2239] S032tcpst.ext___db_parse dump=0 restore=0 verdict=ok
pbsprobe/pbs_sweep.sh: line 296: 971928 Killed                  setsid bash -c "echo \$\$ > '${WORLD_CG_RUN:-$WORLD_CG}/cgroup.procs' && exec '$wlbin' --port $port --resume_file '$resume_f' $params $extra" > "$wlog" 2>&1 < /dev/null
[739/2239] S032tcpst.ext___db_parse_p25 dump=0 restore=0 verdict=ok
pbsprobe/pbs_sweep.sh: line 296: 973338 Killed                  setsid bash -c "echo \$\$ > '${WORLD_CG_RUN:-$WORLD_CG}/cgroup.procs' && exec '$wlbin' --port $port --resume_file '$resume_f' $params $extra" > "$wlog" 2>&1 < /dev/null
[740/2239] S032tcpst.ext___db_parse_p50 dump=0 restore=0 verdict=ok
pbsprobe/pbs_sweep.sh: line 296: 974740 Killed                  setsid bash -c "echo \$\$ > '${WORLD_CG_RUN:-$WORLD_CG}/cgroup.procs' && exec '$wlbin' --port $port --resume_file '$resume_f' $params $extra" > "$wlog" 2>&1 < /dev/null
[741/2239] S032tcpst.ext___db_parse_p75 dump=0 restore=0 verdict=ok
pbsprobe/pbs_sweep.sh: line 296: 976146 Killed                  setsid bash -c "echo \$\$ > '${WORLD_CG_RUN:-$WORLD_CG}/cgroup.procs' && exec '$wlbin' --port $port --resume_file '$resume_f' $params $extra" > "$wlog" 2>&1 < /dev/null
[742/2239] S032tcpst.ext___epg_index dump=0 restore=0 verdict=ok
pbsprobe/pbs_sweep.sh: line 296: 977549 Killed                  setsid bash -c "echo \$\$ > '${WORLD_CG_RUN:-$WORLD_CG}/cgroup.procs' && exec '$wlbin' --port $port --resume_file '$resume_f' $params $extra" > "$wlog" 2>&1 < /dev/null
[743/2239] S032tcpst.ext___epg_index_p25 dump=0 restore=0 verdict=ok
pbsprobe/pbs_sweep.sh: line 296: 978959 Killed                  setsid bash -c "echo \$\$ > '${WORLD_CG_RUN:-$WORLD_CG}/cgroup.procs' && exec '$wlbin' --port $port --resume_file '$resume_f' $params $extra" > "$wlog" 2>&1 < /dev/null
[744/2239] S032tcpst.ext___epg_index_p50 dump=0 restore=0 verdict=ok
pbsprobe/pbs_sweep.sh: line 296: 980361 Killed                  setsid bash -c "echo \$\$ > '${WORLD_CG_RUN:-$WORLD_CG}/cgroup.procs' && exec '$wlbin' --port $port --resume_file '$resume_f' $params $extra" > "$wlog" 2>&1 < /dev/null
[745/2239] S032tcpst.ext___epg_index_p75 dump=0 restore=0 verdict=ok
pbsprobe/pbs_sweep.sh: line 296: 981767 Killed                  setsid bash -c "echo \$\$ > '${WORLD_CG_RUN:-$WORLD_CG}/cgroup.procs' && exec '$wlbin' --port $port --resume_file '$resume_f' $params $extra" > "$wlog" 2>&1 < /dev/null
[746/2239] S032tcpst.ext___epg_text dump=0 restore=0 verdict=ok
pbsprobe/pbs_sweep.sh: line 296: 983173 Killed                  setsid bash -c "echo \$\$ > '${WORLD_CG_RUN:-$WORLD_CG}/cgroup.procs' && exec '$wlbin' --port $port --resume_file '$resume_f' $params $extra" > "$wlog" 2>&1 < /dev/null
[747/2239] S032tcpst.ext___epg_reserve dump=0 restore=0 verdict=ok
[748/2239] S032tcpst.ext___hub_conn1 dump=1 restore=na verdict=dump_fail
pbsprobe/pbs_sweep.sh: line 257: 984580 Killed                  setsid bash -c "echo \$\$ > '${WORLD_CG_RUN:-$WORLD_CG}/cgroup.procs' && exec '$wlbin' --port $port --resume_file '$resume_f' $params $extra" > "$wlog" 2>&1 < /dev/null
[749/2239] S032tcpst.ext___hub_conn2 dump=1 restore=na verdict=dump_fail
pbsprobe/pbs_sweep.sh: line 257: 985559 Killed                  setsid bash -c "echo \$\$ > '${WORLD_CG_RUN:-$WORLD_CG}/cgroup.procs' && exec '$wlbin' --port $port --resume_file '$resume_f' $params $extra" > "$wlog" 2>&1 < /dev/null
[750/2239] S032tcpst.ext___hub_conn3 dump=1 restore=na verdict=dump_fail
pbsprobe/pbs_sweep.sh: line 257: 986586 Killed                  setsid bash -c "echo \$\$ > '${WORLD_CG_RUN:-$WORLD_CG}/cgroup.procs' && exec '$wlbin' --port $port --resume_file '$resume_f' $params $extra" > "$wlog" 2>&1 < /dev/null
[751/2239] S032tcpst.ext___hub_conn4 dump=1 restore=na verdict=dump_fail
pbsprobe/pbs_sweep.sh: line 257: 987676 Killed                  setsid bash -c "echo \$\$ > '${WORLD_CG_RUN:-$WORLD_CG}/cgroup.procs' && exec '$wlbin' --port $port --resume_file '$resume_f' $params $extra" > "$wlog" 2>&1 < /dev/null
[752/2239] S032tcpst.ext___hub_subscribed dump=1 restore=na verdict=dump_fail
pbsprobe/pbs_sweep.sh: line 257: 988822 Killed                  setsid bash -c "echo \$\$ > '${WORLD_CG_RUN:-$WORLD_CG}/cgroup.procs' && exec '$wlbin' --port $port --resume_file '$resume_f' $params $extra" > "$wlog" 2>&1 < /dev/null
[753/2239] S032tcpst.ext___tcp_conn dump=1 restore=na verdict=dump_fail
pbsprobe/pbs_sweep.sh: line 257: 990020 Killed                  setsid bash -c "echo \$\$ > '${WORLD_CG_RUN:-$WORLD_CG}/cgroup.procs' && exec '$wlbin' --port $port --resume_file '$resume_f' $params $extra" > "$wlog" 2>&1 < /dev/null
[754/2239] S032tcpst.ext___timer_armed dump=1 restore=na verdict=dump_fail
pbsprobe/pbs_sweep.sh: line 257: 991285 Killed                  setsid bash -c "echo \$\$ > '${WORLD_CG_RUN:-$WORLD_CG}/cgroup.procs' && exec '$wlbin' --port $port --resume_file '$resume_f' $params $extra" > "$wlog" 2>&1 < /dev/null
[755/2239] S032tcpst.ext___db_watch dump=1 restore=na verdict=dump_fail
pbsprobe/pbs_sweep.sh: line 257: 992598 Killed                  setsid bash -c "echo \$\$ > '${WORLD_CG_RUN:-$WORLD_CG}/cgroup.procs' && exec '$wlbin' --port $port --resume_file '$resume_f' $params $extra" > "$wlog" 2>&1 < /dev/null
[756/2239] S032tcpst.ext___ready dump=1 restore=na verdict=dump_fail
pbsprobe/pbs_sweep.sh: line 257: 993978 Killed                  setsid bash -c "echo \$\$ > '${WORLD_CG_RUN:-$WORLD_CG}/cgroup.procs' && exec '$wlbin' --port $port --resume_file '$resume_f' $params $extra" > "$wlog" 2>&1 < /dev/null
[757/2239] S032tcpst.ext___steady dump=1 restore=na verdict=dump_fail
pbsprobe/pbs_sweep.sh: line 257: 995415 Killed                  setsid bash -c "echo \$\$ > '${WORLD_CG_RUN:-$WORLD_CG}/cgroup.procs' && exec '$wlbin' --port $port --resume_file '$resume_f' $params $extra" > "$wlog" 2>&1 < /dev/null
pbsprobe/pbs_sweep.sh: line 296: 996916 Killed                  setsid bash -c "echo \$\$ > '${WORLD_CG_RUN:-$WORLD_CG}/cgroup.procs' && exec '$wlbin' --port $port --resume_file '$resume_f' $params $extra" > "$wlog" 2>&1 < /dev/null
[758/2239] S033tcpst.tcp___init dump=0 restore=0 verdict=ok
pbsprobe/pbs_sweep.sh: line 296: 998330 Killed                  setsid bash -c "echo \$\$ > '${WORLD_CG_RUN:-$WORLD_CG}/cgroup.procs' && exec '$wlbin' --port $port --resume_file '$resume_f' $params $extra" > "$wlog" 2>&1 < /dev/null
[759/2239] S033tcpst.tcp___db_open dump=0 restore=0 verdict=ok
pbsprobe/pbs_sweep.sh: line 296: 999740 Killed                  setsid bash -c "echo \$\$ > '${WORLD_CG_RUN:-$WORLD_CG}/cgroup.procs' && exec '$wlbin' --port $port --resume_file '$resume_f' $params $extra" > "$wlog" 2>&1 < /dev/null
[760/2239] S033tcpst.tcp___db_read dump=0 restore=0 verdict=ok
pbsprobe/pbs_sweep.sh: line 296: 1001146 Killed                  setsid bash -c "echo \$\$ > '${WORLD_CG_RUN:-$WORLD_CG}/cgroup.procs' && exec '$wlbin' --port $port --resume_file '$resume_f' $params $extra" > "$wlog" 2>&1 < /dev/null
[761/2239] S033tcpst.tcp___db_read_p25 dump=0 restore=0 verdict=ok
pbsprobe/pbs_sweep.sh: line 296: 1002545 Killed                  setsid bash -c "echo \$\$ > '${WORLD_CG_RUN:-$WORLD_CG}/cgroup.procs' && exec '$wlbin' --port $port --resume_file '$resume_f' $params $extra" > "$wlog" 2>&1 < /dev/null
[762/2239] S033tcpst.tcp___db_read_p50 dump=0 restore=0 verdict=ok
pbsprobe/pbs_sweep.sh: line 296: 1003943 Killed                  setsid bash -c "echo \$\$ > '${WORLD_CG_RUN:-$WORLD_CG}/cgroup.procs' && exec '$wlbin' --port $port --resume_file '$resume_f' $params $extra" > "$wlog" 2>&1 < /dev/null
[763/2239] S033tcpst.tcp___db_read_p75 dump=0 restore=0 verdict=ok
pbsprobe/pbs_sweep.sh: line 296: 1005341 Killed                  setsid bash -c "echo \$\$ > '${WORLD_CG_RUN:-$WORLD_CG}/cgroup.procs' && exec '$wlbin' --port $port --resume_file '$resume_f' $params $extra" > "$wlog" 2>&1 < /dev/null
[764/2239] S033tcpst.tcp___db_parse dump=0 restore=0 verdict=ok
pbsprobe/pbs_sweep.sh: line 296: 1006743 Killed                  setsid bash -c "echo \$\$ > '${WORLD_CG_RUN:-$WORLD_CG}/cgroup.procs' && exec '$wlbin' --port $port --resume_file '$resume_f' $params $extra" > "$wlog" 2>&1 < /dev/null
[765/2239] S033tcpst.tcp___db_parse_p25 dump=0 restore=0 verdict=ok
pbsprobe/pbs_sweep.sh: line 296: 1008142 Killed                  setsid bash -c "echo \$\$ > '${WORLD_CG_RUN:-$WORLD_CG}/cgroup.procs' && exec '$wlbin' --port $port --resume_file '$resume_f' $params $extra" > "$wlog" 2>&1 < /dev/null
[766/2239] S033tcpst.tcp___db_parse_p50 dump=0 restore=0 verdict=ok
pbsprobe/pbs_sweep.sh: line 296: 1009548 Killed                  setsid bash -c "echo \$\$ > '${WORLD_CG_RUN:-$WORLD_CG}/cgroup.procs' && exec '$wlbin' --port $port --resume_file '$resume_f' $params $extra" > "$wlog" 2>&1 < /dev/null
[767/2239] S033tcpst.tcp___db_parse_p75 dump=0 restore=0 verdict=ok
pbsprobe/pbs_sweep.sh: line 296: 1010950 Killed                  setsid bash -c "echo \$\$ > '${WORLD_CG_RUN:-$WORLD_CG}/cgroup.procs' && exec '$wlbin' --port $port --resume_file '$resume_f' $params $extra" > "$wlog" 2>&1 < /dev/null
[768/2239] S033tcpst.tcp___epg_index dump=0 restore=0 verdict=ok
pbsprobe/pbs_sweep.sh: line 296: 1012360 Killed                  setsid bash -c "echo \$\$ > '${WORLD_CG_RUN:-$WORLD_CG}/cgroup.procs' && exec '$wlbin' --port $port --resume_file '$resume_f' $params $extra" > "$wlog" 2>&1 < /dev/null
[769/2239] S033tcpst.tcp___epg_index_p25 dump=0 restore=0 verdict=ok
pbsprobe/pbs_sweep.sh: line 296: 1013762 Killed                  setsid bash -c "echo \$\$ > '${WORLD_CG_RUN:-$WORLD_CG}/cgroup.procs' && exec '$wlbin' --port $port --resume_file '$resume_f' $params $extra" > "$wlog" 2>&1 < /dev/null
[770/2239] S033tcpst.tcp___epg_index_p50 dump=0 restore=0 verdict=ok
pbsprobe/pbs_sweep.sh: line 296: 1015161 Killed                  setsid bash -c "echo \$\$ > '${WORLD_CG_RUN:-$WORLD_CG}/cgroup.procs' && exec '$wlbin' --port $port --resume_file '$resume_f' $params $extra" > "$wlog" 2>&1 < /dev/null
[771/2239] S033tcpst.tcp___epg_index_p75 dump=0 restore=0 verdict=ok
pbsprobe/pbs_sweep.sh: line 296: 1016567 Killed                  setsid bash -c "echo \$\$ > '${WORLD_CG_RUN:-$WORLD_CG}/cgroup.procs' && exec '$wlbin' --port $port --resume_file '$resume_f' $params $extra" > "$wlog" 2>&1 < /dev/null
[772/2239] S033tcpst.tcp___epg_text dump=0 restore=0 verdict=ok
pbsprobe/pbs_sweep.sh: line 296: 1017969 Killed                  setsid bash -c "echo \$\$ > '${WORLD_CG_RUN:-$WORLD_CG}/cgroup.procs' && exec '$wlbin' --port $port --resume_file '$resume_f' $params $extra" > "$wlog" 2>&1 < /dev/null
[773/2239] S033tcpst.tcp___epg_reserve dump=0 restore=0 verdict=ok
[774/2239] S033tcpst.tcp___hub_conn1 dump=1 restore=na verdict=dump_fail
pbsprobe/pbs_sweep.sh: line 257: 1019375 Killed                  setsid bash -c "echo \$\$ > '${WORLD_CG_RUN:-$WORLD_CG}/cgroup.procs' && exec '$wlbin' --port $port --resume_file '$resume_f' $params $extra" > "$wlog" 2>&1 < /dev/null
[775/2239] S033tcpst.tcp___hub_conn2 dump=1 restore=na verdict=dump_fail
pbsprobe/pbs_sweep.sh: line 257: 1020346 Killed                  setsid bash -c "echo \$\$ > '${WORLD_CG_RUN:-$WORLD_CG}/cgroup.procs' && exec '$wlbin' --port $port --resume_file '$resume_f' $params $extra" > "$wlog" 2>&1 < /dev/null
[776/2239] S033tcpst.tcp___hub_conn3 dump=1 restore=na verdict=dump_fail
pbsprobe/pbs_sweep.sh: line 257: 1021381 Killed                  setsid bash -c "echo \$\$ > '${WORLD_CG_RUN:-$WORLD_CG}/cgroup.procs' && exec '$wlbin' --port $port --resume_file '$resume_f' $params $extra" > "$wlog" 2>&1 < /dev/null
[777/2239] S033tcpst.tcp___hub_conn4 dump=1 restore=na verdict=dump_fail
pbsprobe/pbs_sweep.sh: line 257: 1022472 Killed                  setsid bash -c "echo \$\$ > '${WORLD_CG_RUN:-$WORLD_CG}/cgroup.procs' && exec '$wlbin' --port $port --resume_file '$resume_f' $params $extra" > "$wlog" 2>&1 < /dev/null
[778/2239] S033tcpst.tcp___hub_subscribed dump=1 restore=na verdict=dump_fail
pbsprobe/pbs_sweep.sh: line 257: 1023614 Killed                  setsid bash -c "echo \$\$ > '${WORLD_CG_RUN:-$WORLD_CG}/cgroup.procs' && exec '$wlbin' --port $port --resume_file '$resume_f' $params $extra" > "$wlog" 2>&1 < /dev/null
[779/2239] S033tcpst.tcp___tcp_conn dump=1 restore=na verdict=dump_fail
pbsprobe/pbs_sweep.sh: line 257: 1024815 Killed                  setsid bash -c "echo \$\$ > '${WORLD_CG_RUN:-$WORLD_CG}/cgroup.procs' && exec '$wlbin' --port $port --resume_file '$resume_f' $params $extra" > "$wlog" 2>&1 < /dev/null
[780/2239] S033tcpst.tcp___timer_armed dump=1 restore=na verdict=dump_fail
pbsprobe/pbs_sweep.sh: line 257: 1026073 Killed                  setsid bash -c "echo \$\$ > '${WORLD_CG_RUN:-$WORLD_CG}/cgroup.procs' && exec '$wlbin' --port $port --resume_file '$resume_f' $params $extra" > "$wlog" 2>&1 < /dev/null
[781/2239] S033tcpst.tcp___db_watch dump=1 restore=na verdict=dump_fail
pbsprobe/pbs_sweep.sh: line 257: 1027397 Killed                  setsid bash -c "echo \$\$ > '${WORLD_CG_RUN:-$WORLD_CG}/cgroup.procs' && exec '$wlbin' --port $port --resume_file '$resume_f' $params $extra" > "$wlog" 2>&1 < /dev/null
[782/2239] S033tcpst.tcp___ready dump=1 restore=na verdict=dump_fail
pbsprobe/pbs_sweep.sh: line 257: 1028774 Killed                  setsid bash -c "echo \$\$ > '${WORLD_CG_RUN:-$WORLD_CG}/cgroup.procs' && exec '$wlbin' --port $port --resume_file '$resume_f' $params $extra" > "$wlog" 2>&1 < /dev/null
[783/2239] S033tcpst.tcp___steady dump=1 restore=na verdict=dump_fail
pbsprobe/pbs_sweep.sh: line 257: 1030215 Killed                  setsid bash -c "echo \$\$ > '${WORLD_CG_RUN:-$WORLD_CG}/cgroup.procs' && exec '$wlbin' --port $port --resume_file '$resume_f' $params $extra" > "$wlog" 2>&1 < /dev/null
pbsprobe/pbs_sweep.sh: line 296: 1031715 Killed                  setsid bash -c "echo \$\$ > '${WORLD_CG_RUN:-$WORLD_CG}/cgroup.procs' && exec '$wlbin' --port $port --resume_file '$resume_f' $params $extra" > "$wlog" 2>&1 < /dev/null
[784/2239] S034tcpst.file__init dump=0 restore=0 verdict=ok
pbsprobe/pbs_sweep.sh: line 296: 1033129 Killed                  setsid bash -c "echo \$\$ > '${WORLD_CG_RUN:-$WORLD_CG}/cgroup.procs' && exec '$wlbin' --port $port --resume_file '$resume_f' $params $extra" > "$wlog" 2>&1 < /dev/null
[785/2239] S034tcpst.file__db_open dump=0 restore=0 verdict=ok
pbsprobe/pbs_sweep.sh: line 296: 1034535 Killed                  setsid bash -c "echo \$\$ > '${WORLD_CG_RUN:-$WORLD_CG}/cgroup.procs' && exec '$wlbin' --port $port --resume_file '$resume_f' $params $extra" > "$wlog" 2>&1 < /dev/null
[786/2239] S034tcpst.file__db_read dump=0 restore=0 verdict=ok
pbsprobe/pbs_sweep.sh: line 296: 1035934 Killed                  setsid bash -c "echo \$\$ > '${WORLD_CG_RUN:-$WORLD_CG}/cgroup.procs' && exec '$wlbin' --port $port --resume_file '$resume_f' $params $extra" > "$wlog" 2>&1 < /dev/null
[787/2239] S034tcpst.file__db_read_p25 dump=0 restore=0 verdict=ok
pbsprobe/pbs_sweep.sh: line 296: 1037344 Killed                  setsid bash -c "echo \$\$ > '${WORLD_CG_RUN:-$WORLD_CG}/cgroup.procs' && exec '$wlbin' --port $port --resume_file '$resume_f' $params $extra" > "$wlog" 2>&1 < /dev/null
[788/2239] S034tcpst.file__db_read_p50 dump=0 restore=0 verdict=ok
pbsprobe/pbs_sweep.sh: line 296: 1038746 Killed                  setsid bash -c "echo \$\$ > '${WORLD_CG_RUN:-$WORLD_CG}/cgroup.procs' && exec '$wlbin' --port $port --resume_file '$resume_f' $params $extra" > "$wlog" 2>&1 < /dev/null
[789/2239] S034tcpst.file__db_read_p75 dump=0 restore=0 verdict=ok
pbsprobe/pbs_sweep.sh: line 296: 1040156 Killed                  setsid bash -c "echo \$\$ > '${WORLD_CG_RUN:-$WORLD_CG}/cgroup.procs' && exec '$wlbin' --port $port --resume_file '$resume_f' $params $extra" > "$wlog" 2>&1 < /dev/null
[790/2239] S034tcpst.file__db_parse dump=0 restore=0 verdict=ok
pbsprobe/pbs_sweep.sh: line 296: 1041559 Killed                  setsid bash -c "echo \$\$ > '${WORLD_CG_RUN:-$WORLD_CG}/cgroup.procs' && exec '$wlbin' --port $port --resume_file '$resume_f' $params $extra" > "$wlog" 2>&1 < /dev/null
[791/2239] S034tcpst.file__db_parse_p25 dump=0 restore=0 verdict=ok
pbsprobe/pbs_sweep.sh: line 296: 1042965 Killed                  setsid bash -c "echo \$\$ > '${WORLD_CG_RUN:-$WORLD_CG}/cgroup.procs' && exec '$wlbin' --port $port --resume_file '$resume_f' $params $extra" > "$wlog" 2>&1 < /dev/null
[792/2239] S034tcpst.file__db_parse_p50 dump=0 restore=0 verdict=ok
pbsprobe/pbs_sweep.sh: line 296: 1044375 Killed                  setsid bash -c "echo \$\$ > '${WORLD_CG_RUN:-$WORLD_CG}/cgroup.procs' && exec '$wlbin' --port $port --resume_file '$resume_f' $params $extra" > "$wlog" 2>&1 < /dev/null
[793/2239] S034tcpst.file__db_parse_p75 dump=0 restore=0 verdict=ok
pbsprobe/pbs_sweep.sh: line 296: 1045781 Killed                  setsid bash -c "echo \$\$ > '${WORLD_CG_RUN:-$WORLD_CG}/cgroup.procs' && exec '$wlbin' --port $port --resume_file '$resume_f' $params $extra" > "$wlog" 2>&1 < /dev/null
[794/2239] S034tcpst.file__epg_index dump=0 restore=0 verdict=ok
pbsprobe/pbs_sweep.sh: line 296: 1047191 Killed                  setsid bash -c "echo \$\$ > '${WORLD_CG_RUN:-$WORLD_CG}/cgroup.procs' && exec '$wlbin' --port $port --resume_file '$resume_f' $params $extra" > "$wlog" 2>&1 < /dev/null
[795/2239] S034tcpst.file__epg_index_p25 dump=0 restore=0 verdict=ok
pbsprobe/pbs_sweep.sh: line 296: 1048590 Killed                  setsid bash -c "echo \$\$ > '${WORLD_CG_RUN:-$WORLD_CG}/cgroup.procs' && exec '$wlbin' --port $port --resume_file '$resume_f' $params $extra" > "$wlog" 2>&1 < /dev/null
[796/2239] S034tcpst.file__epg_index_p50 dump=0 restore=0 verdict=ok
pbsprobe/pbs_sweep.sh: line 296: 1049996 Killed                  setsid bash -c "echo \$\$ > '${WORLD_CG_RUN:-$WORLD_CG}/cgroup.procs' && exec '$wlbin' --port $port --resume_file '$resume_f' $params $extra" > "$wlog" 2>&1 < /dev/null
[797/2239] S034tcpst.file__epg_index_p75 dump=0 restore=0 verdict=ok
pbsprobe/pbs_sweep.sh: line 296: 1051394 Killed                  setsid bash -c "echo \$\$ > '${WORLD_CG_RUN:-$WORLD_CG}/cgroup.procs' && exec '$wlbin' --port $port --resume_file '$resume_f' $params $extra" > "$wlog" 2>&1 < /dev/null
[798/2239] S034tcpst.file__epg_text dump=0 restore=0 verdict=ok
pbsprobe/pbs_sweep.sh: line 296: 1052800 Killed                  setsid bash -c "echo \$\$ > '${WORLD_CG_RUN:-$WORLD_CG}/cgroup.procs' && exec '$wlbin' --port $port --resume_file '$resume_f' $params $extra" > "$wlog" 2>&1 < /dev/null
[799/2239] S034tcpst.file__epg_reserve dump=0 restore=0 verdict=ok
[800/2239] S034tcpst.file__hub_conn1 dump=1 restore=na verdict=dump_fail
pbsprobe/pbs_sweep.sh: line 257: 1054199 Killed                  setsid bash -c "echo \$\$ > '${WORLD_CG_RUN:-$WORLD_CG}/cgroup.procs' && exec '$wlbin' --port $port --resume_file '$resume_f' $params $extra" > "$wlog" 2>&1 < /dev/null
[801/2239] S034tcpst.file__hub_conn2 dump=1 restore=na verdict=dump_fail
pbsprobe/pbs_sweep.sh: line 257: 1055174 Killed                  setsid bash -c "echo \$\$ > '${WORLD_CG_RUN:-$WORLD_CG}/cgroup.procs' && exec '$wlbin' --port $port --resume_file '$resume_f' $params $extra" > "$wlog" 2>&1 < /dev/null
[802/2239] S034tcpst.file__hub_conn3 dump=1 restore=na verdict=dump_fail
pbsprobe/pbs_sweep.sh: line 257: 1056205 Killed                  setsid bash -c "echo \$\$ > '${WORLD_CG_RUN:-$WORLD_CG}/cgroup.procs' && exec '$wlbin' --port $port --resume_file '$resume_f' $params $extra" > "$wlog" 2>&1 < /dev/null
[803/2239] S034tcpst.file__hub_conn4 dump=1 restore=na verdict=dump_fail
pbsprobe/pbs_sweep.sh: line 257: 1057287 Killed                  setsid bash -c "echo \$\$ > '${WORLD_CG_RUN:-$WORLD_CG}/cgroup.procs' && exec '$wlbin' --port $port --resume_file '$resume_f' $params $extra" > "$wlog" 2>&1 < /dev/null
[804/2239] S034tcpst.file__hub_subscribed dump=1 restore=na verdict=dump_fail
pbsprobe/pbs_sweep.sh: line 257: 1058429 Killed                  setsid bash -c "echo \$\$ > '${WORLD_CG_RUN:-$WORLD_CG}/cgroup.procs' && exec '$wlbin' --port $port --resume_file '$resume_f' $params $extra" > "$wlog" 2>&1 < /dev/null
[805/2239] S034tcpst.file__tcp_conn dump=1 restore=na verdict=dump_fail
pbsprobe/pbs_sweep.sh: line 257: 1059639 Killed                  setsid bash -c "echo \$\$ > '${WORLD_CG_RUN:-$WORLD_CG}/cgroup.procs' && exec '$wlbin' --port $port --resume_file '$resume_f' $params $extra" > "$wlog" 2>&1 < /dev/null
[806/2239] S034tcpst.file__timer_armed dump=1 restore=na verdict=dump_fail
pbsprobe/pbs_sweep.sh: line 257: 1060900 Killed                  setsid bash -c "echo \$\$ > '${WORLD_CG_RUN:-$WORLD_CG}/cgroup.procs' && exec '$wlbin' --port $port --resume_file '$resume_f' $params $extra" > "$wlog" 2>&1 < /dev/null
[807/2239] S034tcpst.file__db_watch dump=1 restore=na verdict=dump_fail
pbsprobe/pbs_sweep.sh: line 257: 1062213 Killed                  setsid bash -c "echo \$\$ > '${WORLD_CG_RUN:-$WORLD_CG}/cgroup.procs' && exec '$wlbin' --port $port --resume_file '$resume_f' $params $extra" > "$wlog" 2>&1 < /dev/null
[808/2239] S034tcpst.file__ready dump=1 restore=na verdict=dump_fail
pbsprobe/pbs_sweep.sh: line 257: 1063589 Killed                  setsid bash -c "echo \$\$ > '${WORLD_CG_RUN:-$WORLD_CG}/cgroup.procs' && exec '$wlbin' --port $port --resume_file '$resume_f' $params $extra" > "$wlog" 2>&1 < /dev/null
[809/2239] S034tcpst.file__steady dump=1 restore=na verdict=dump_fail
pbsprobe/pbs_sweep.sh: line 257: 1065026 Killed                  setsid bash -c "echo \$\$ > '${WORLD_CG_RUN:-$WORLD_CG}/cgroup.procs' && exec '$wlbin' --port $port --resume_file '$resume_f' $params $extra" > "$wlog" 2>&1 < /dev/null
pbsprobe/pbs_sweep.sh: line 296: 1066519 Killed                  setsid bash -c "echo \$\$ > '${WORLD_CG_RUN:-$WORLD_CG}/cgroup.procs' && exec '$wlbin' --port $port --resume_file '$resume_f' $params $extra" > "$wlog" 2>&1 < /dev/null
[810/2239] S035tcpst.perm__init dump=0 restore=0 verdict=ok
pbsprobe/pbs_sweep.sh: line 296: 1067941 Killed                  setsid bash -c "echo \$\$ > '${WORLD_CG_RUN:-$WORLD_CG}/cgroup.procs' && exec '$wlbin' --port $port --resume_file '$resume_f' $params $extra" > "$wlog" 2>&1 < /dev/null
[811/2239] S035tcpst.perm__db_open dump=0 restore=0 verdict=ok
pbsprobe/pbs_sweep.sh: line 296: 1069343 Killed                  setsid bash -c "echo \$\$ > '${WORLD_CG_RUN:-$WORLD_CG}/cgroup.procs' && exec '$wlbin' --port $port --resume_file '$resume_f' $params $extra" > "$wlog" 2>&1 < /dev/null
[812/2239] S035tcpst.perm__db_read dump=0 restore=0 verdict=ok
pbsprobe/pbs_sweep.sh: line 296: 1070745 Killed                  setsid bash -c "echo \$\$ > '${WORLD_CG_RUN:-$WORLD_CG}/cgroup.procs' && exec '$wlbin' --port $port --resume_file '$resume_f' $params $extra" > "$wlog" 2>&1 < /dev/null
[813/2239] S035tcpst.perm__db_read_p25 dump=0 restore=0 verdict=ok
pbsprobe/pbs_sweep.sh: line 296: 1072152 Killed                  setsid bash -c "echo \$\$ > '${WORLD_CG_RUN:-$WORLD_CG}/cgroup.procs' && exec '$wlbin' --port $port --resume_file '$resume_f' $params $extra" > "$wlog" 2>&1 < /dev/null
[814/2239] S035tcpst.perm__db_read_p50 dump=0 restore=0 verdict=ok
pbsprobe/pbs_sweep.sh: line 296: 1073562 Killed                  setsid bash -c "echo \$\$ > '${WORLD_CG_RUN:-$WORLD_CG}/cgroup.procs' && exec '$wlbin' --port $port --resume_file '$resume_f' $params $extra" > "$wlog" 2>&1 < /dev/null
[815/2239] S035tcpst.perm__db_read_p75 dump=0 restore=0 verdict=ok
pbsprobe/pbs_sweep.sh: line 296: 1074964 Killed                  setsid bash -c "echo \$\$ > '${WORLD_CG_RUN:-$WORLD_CG}/cgroup.procs' && exec '$wlbin' --port $port --resume_file '$resume_f' $params $extra" > "$wlog" 2>&1 < /dev/null
[816/2239] S035tcpst.perm__db_parse dump=0 restore=0 verdict=ok
pbsprobe/pbs_sweep.sh: line 296: 1076370 Killed                  setsid bash -c "echo \$\$ > '${WORLD_CG_RUN:-$WORLD_CG}/cgroup.procs' && exec '$wlbin' --port $port --resume_file '$resume_f' $params $extra" > "$wlog" 2>&1 < /dev/null
[817/2239] S035tcpst.perm__db_parse_p25 dump=0 restore=0 verdict=ok
pbsprobe/pbs_sweep.sh: line 296: 1077776 Killed                  setsid bash -c "echo \$\$ > '${WORLD_CG_RUN:-$WORLD_CG}/cgroup.procs' && exec '$wlbin' --port $port --resume_file '$resume_f' $params $extra" > "$wlog" 2>&1 < /dev/null
[818/2239] S035tcpst.perm__db_parse_p50 dump=0 restore=0 verdict=ok
pbsprobe/pbs_sweep.sh: line 296: 1079179 Killed                  setsid bash -c "echo \$\$ > '${WORLD_CG_RUN:-$WORLD_CG}/cgroup.procs' && exec '$wlbin' --port $port --resume_file '$resume_f' $params $extra" > "$wlog" 2>&1 < /dev/null
[819/2239] S035tcpst.perm__db_parse_p75 dump=0 restore=0 verdict=ok
pbsprobe/pbs_sweep.sh: line 296: 1080589 Killed                  setsid bash -c "echo \$\$ > '${WORLD_CG_RUN:-$WORLD_CG}/cgroup.procs' && exec '$wlbin' --port $port --resume_file '$resume_f' $params $extra" > "$wlog" 2>&1 < /dev/null
[820/2239] S035tcpst.perm__epg_index dump=0 restore=0 verdict=ok
pbsprobe/pbs_sweep.sh: line 296: 1081995 Killed                  setsid bash -c "echo \$\$ > '${WORLD_CG_RUN:-$WORLD_CG}/cgroup.procs' && exec '$wlbin' --port $port --resume_file '$resume_f' $params $extra" > "$wlog" 2>&1 < /dev/null
[821/2239] S035tcpst.perm__epg_index_p25 dump=0 restore=0 verdict=ok
pbsprobe/pbs_sweep.sh: line 296: 1083401 Killed                  setsid bash -c "echo \$\$ > '${WORLD_CG_RUN:-$WORLD_CG}/cgroup.procs' && exec '$wlbin' --port $port --resume_file '$resume_f' $params $extra" > "$wlog" 2>&1 < /dev/null
[822/2239] S035tcpst.perm__epg_index_p50 dump=0 restore=0 verdict=ok
pbsprobe/pbs_sweep.sh: line 296: 1084807 Killed                  setsid bash -c "echo \$\$ > '${WORLD_CG_RUN:-$WORLD_CG}/cgroup.procs' && exec '$wlbin' --port $port --resume_file '$resume_f' $params $extra" > "$wlog" 2>&1 < /dev/null
[823/2239] S035tcpst.perm__epg_index_p75 dump=0 restore=0 verdict=ok
pbsprobe/pbs_sweep.sh: line 296: 1086214 Killed                  setsid bash -c "echo \$\$ > '${WORLD_CG_RUN:-$WORLD_CG}/cgroup.procs' && exec '$wlbin' --port $port --resume_file '$resume_f' $params $extra" > "$wlog" 2>&1 < /dev/null
[824/2239] S035tcpst.perm__epg_text dump=0 restore=0 verdict=ok
pbsprobe/pbs_sweep.sh: line 296: 1087620 Killed                  setsid bash -c "echo \$\$ > '${WORLD_CG_RUN:-$WORLD_CG}/cgroup.procs' && exec '$wlbin' --port $port --resume_file '$resume_f' $params $extra" > "$wlog" 2>&1 < /dev/null
[825/2239] S035tcpst.perm__epg_reserve dump=0 restore=0 verdict=ok
[826/2239] S035tcpst.perm__hub_conn1 dump=1 restore=na verdict=dump_fail
pbsprobe/pbs_sweep.sh: line 257: 1089022 Killed                  setsid bash -c "echo \$\$ > '${WORLD_CG_RUN:-$WORLD_CG}/cgroup.procs' && exec '$wlbin' --port $port --resume_file '$resume_f' $params $extra" > "$wlog" 2>&1 < /dev/null
[827/2239] S035tcpst.perm__hub_conn2 dump=1 restore=na verdict=dump_fail
pbsprobe/pbs_sweep.sh: line 257: 1089993 Killed                  setsid bash -c "echo \$\$ > '${WORLD_CG_RUN:-$WORLD_CG}/cgroup.procs' && exec '$wlbin' --port $port --resume_file '$resume_f' $params $extra" > "$wlog" 2>&1 < /dev/null
[828/2239] S035tcpst.perm__hub_conn3 dump=1 restore=na verdict=dump_fail
pbsprobe/pbs_sweep.sh: line 257: 1091020 Killed                  setsid bash -c "echo \$\$ > '${WORLD_CG_RUN:-$WORLD_CG}/cgroup.procs' && exec '$wlbin' --port $port --resume_file '$resume_f' $params $extra" > "$wlog" 2>&1 < /dev/null
[829/2239] S035tcpst.perm__hub_conn4 dump=1 restore=na verdict=dump_fail
pbsprobe/pbs_sweep.sh: line 257: 1092111 Killed                  setsid bash -c "echo \$\$ > '${WORLD_CG_RUN:-$WORLD_CG}/cgroup.procs' && exec '$wlbin' --port $port --resume_file '$resume_f' $params $extra" > "$wlog" 2>&1 < /dev/null
[830/2239] S035tcpst.perm__hub_subscribed dump=1 restore=na verdict=dump_fail
pbsprobe/pbs_sweep.sh: line 257: 1093257 Killed                  setsid bash -c "echo \$\$ > '${WORLD_CG_RUN:-$WORLD_CG}/cgroup.procs' && exec '$wlbin' --port $port --resume_file '$resume_f' $params $extra" > "$wlog" 2>&1 < /dev/null
[831/2239] S035tcpst.perm__tcp_conn dump=1 restore=na verdict=dump_fail
pbsprobe/pbs_sweep.sh: line 257: 1094466 Killed                  setsid bash -c "echo \$\$ > '${WORLD_CG_RUN:-$WORLD_CG}/cgroup.procs' && exec '$wlbin' --port $port --resume_file '$resume_f' $params $extra" > "$wlog" 2>&1 < /dev/null
[832/2239] S035tcpst.perm__timer_armed dump=1 restore=na verdict=dump_fail
pbsprobe/pbs_sweep.sh: line 257: 1095735 Killed                  setsid bash -c "echo \$\$ > '${WORLD_CG_RUN:-$WORLD_CG}/cgroup.procs' && exec '$wlbin' --port $port --resume_file '$resume_f' $params $extra" > "$wlog" 2>&1 < /dev/null
[833/2239] S035tcpst.perm__db_watch dump=1 restore=na verdict=dump_fail
pbsprobe/pbs_sweep.sh: line 257: 1097056 Killed                  setsid bash -c "echo \$\$ > '${WORLD_CG_RUN:-$WORLD_CG}/cgroup.procs' && exec '$wlbin' --port $port --resume_file '$resume_f' $params $extra" > "$wlog" 2>&1 < /dev/null
[834/2239] S035tcpst.perm__ready dump=1 restore=na verdict=dump_fail
pbsprobe/pbs_sweep.sh: line 257: 1098440 Killed                  setsid bash -c "echo \$\$ > '${WORLD_CG_RUN:-$WORLD_CG}/cgroup.procs' && exec '$wlbin' --port $port --resume_file '$resume_f' $params $extra" > "$wlog" 2>&1 < /dev/null
[835/2239] S035tcpst.perm__steady dump=1 restore=na verdict=dump_fail
pbsprobe/pbs_sweep.sh: line 257: 1099881 Killed                  setsid bash -c "echo \$\$ > '${WORLD_CG_RUN:-$WORLD_CG}/cgroup.procs' && exec '$wlbin' --port $port --resume_file '$resume_f' $params $extra" > "$wlog" 2>&1 < /dev/null
pbsprobe/pbs_sweep.sh: line 296: 1101394 Killed                  setsid bash -c "echo \$\$ > '${WORLD_CG_RUN:-$WORLD_CG}/cgroup.procs' && exec '$wlbin' --port $port --resume_file '$resume_f' $params $extra" > "$wlog" 2>&1 < /dev/null
[836/2239] S036heavy.stri__init dump=0 restore=0 verdict=resume_stalled
pbsprobe/pbs_sweep.sh: line 296: 1102495 Killed                  setsid bash -c "echo \$\$ > '${WORLD_CG_RUN:-$WORLD_CG}/cgroup.procs' && exec '$wlbin' --port $port --resume_file '$resume_f' $params $extra" > "$wlog" 2>&1 < /dev/null
[837/2239] S036heavy.stri__db_open dump=0 restore=0 verdict=resume_stalled
pbsprobe/pbs_sweep.sh: line 296: 1103516 Killed                  setsid bash -c "echo \$\$ > '${WORLD_CG_RUN:-$WORLD_CG}/cgroup.procs' && exec '$wlbin' --port $port --resume_file '$resume_f' $params $extra" > "$wlog" 2>&1 < /dev/null
[838/2239] S036heavy.stri__db_read dump=0 restore=0 verdict=resume_stalled
pbsprobe/pbs_sweep.sh: line 296: 1104541 Killed                  setsid bash -c "echo \$\$ > '${WORLD_CG_RUN:-$WORLD_CG}/cgroup.procs' && exec '$wlbin' --port $port --resume_file '$resume_f' $params $extra" > "$wlog" 2>&1 < /dev/null
[839/2239] S036heavy.stri__db_read_p25 dump=0 restore=0 verdict=resume_stalled
pbsprobe/pbs_sweep.sh: line 296: 1105566 Killed                  setsid bash -c "echo \$\$ > '${WORLD_CG_RUN:-$WORLD_CG}/cgroup.procs' && exec '$wlbin' --port $port --resume_file '$resume_f' $params $extra" > "$wlog" 2>&1 < /dev/null
[840/2239] S036heavy.stri__db_read_p50 dump=0 restore=0 verdict=resume_stalled
pbsprobe/pbs_sweep.sh: line 296: 1106583 Killed                  setsid bash -c "echo \$\$ > '${WORLD_CG_RUN:-$WORLD_CG}/cgroup.procs' && exec '$wlbin' --port $port --resume_file '$resume_f' $params $extra" > "$wlog" 2>&1 < /dev/null
[841/2239] S036heavy.stri__db_read_p75 dump=0 restore=0 verdict=resume_stalled
pbsprobe/pbs_sweep.sh: line 296: 1107600 Killed                  setsid bash -c "echo \$\$ > '${WORLD_CG_RUN:-$WORLD_CG}/cgroup.procs' && exec '$wlbin' --port $port --resume_file '$resume_f' $params $extra" > "$wlog" 2>&1 < /dev/null
[842/2239] S036heavy.stri__db_parse dump=0 restore=0 verdict=resume_stalled
pbsprobe/pbs_sweep.sh: line 296: 1108621 Killed                  setsid bash -c "echo \$\$ > '${WORLD_CG_RUN:-$WORLD_CG}/cgroup.procs' && exec '$wlbin' --port $port --resume_file '$resume_f' $params $extra" > "$wlog" 2>&1 < /dev/null
[843/2239] S036heavy.stri__db_parse_p25 dump=0 restore=0 verdict=resume_stalled
pbsprobe/pbs_sweep.sh: line 296: 1109638 Killed                  setsid bash -c "echo \$\$ > '${WORLD_CG_RUN:-$WORLD_CG}/cgroup.procs' && exec '$wlbin' --port $port --resume_file '$resume_f' $params $extra" > "$wlog" 2>&1 < /dev/null
[844/2239] S036heavy.stri__db_parse_p50 dump=0 restore=0 verdict=resume_stalled
pbsprobe/pbs_sweep.sh: line 296: 1110667 Killed                  setsid bash -c "echo \$\$ > '${WORLD_CG_RUN:-$WORLD_CG}/cgroup.procs' && exec '$wlbin' --port $port --resume_file '$resume_f' $params $extra" > "$wlog" 2>&1 < /dev/null
[845/2239] S036heavy.stri__db_parse_p75 dump=0 restore=0 verdict=resume_stalled
pbsprobe/pbs_sweep.sh: line 296: 1111684 Killed                  setsid bash -c "echo \$\$ > '${WORLD_CG_RUN:-$WORLD_CG}/cgroup.procs' && exec '$wlbin' --port $port --resume_file '$resume_f' $params $extra" > "$wlog" 2>&1 < /dev/null
[846/2239] S036heavy.stri__epg_index dump=1 restore=na verdict=dump_fail
pbsprobe/pbs_sweep.sh: line 296: 1112675 Killed                  setsid bash -c "echo \$\$ > '${WORLD_CG_RUN:-$WORLD_CG}/cgroup.procs' && exec '$wlbin' --port $port --resume_file '$resume_f' $params $extra" > "$wlog" 2>&1 < /dev/null
[847/2239] S036heavy.stri__epg_index_p25 dump=0 restore=0 verdict=resume_stalled
pbsprobe/pbs_sweep.sh: line 296: 1113676 Killed                  setsid bash -c "echo \$\$ > '${WORLD_CG_RUN:-$WORLD_CG}/cgroup.procs' && exec '$wlbin' --port $port --resume_file '$resume_f' $params $extra" > "$wlog" 2>&1 < /dev/null
[848/2239] S036heavy.stri__epg_index_p50 dump=0 restore=0 verdict=resume_stalled
pbsprobe/pbs_sweep.sh: line 296: 1114788 Killed                  setsid bash -c "echo \$\$ > '${WORLD_CG_RUN:-$WORLD_CG}/cgroup.procs' && exec '$wlbin' --port $port --resume_file '$resume_f' $params $extra" > "$wlog" 2>&1 < /dev/null
[849/2239] S036heavy.stri__epg_index_p75 dump=0 restore=0 verdict=resume_stalled
pbsprobe/pbs_sweep.sh: line 195: 1115884 Killed                  setsid bash -c "echo \$\$ > '${WORLD_CG_RUN:-$WORLD_CG}/cgroup.procs' && exec '$wlbin' --port $port --resume_file '$resume_f' $params $extra" > "$wlog" 2>&1 < /dev/null
[850/2239] S036heavy.stri__epg_text: phase 'epg_text' 미도달
[850/2239] S036heavy.stri__epg_text dump=na restore=na verdict=launch_fail
pbsprobe/pbs_sweep.sh: line 203: 1116900 Killed                  setsid bash -c "echo \$\$ > '${WORLD_CG_RUN:-$WORLD_CG}/cgroup.procs' && exec '$wlbin' --port $port --resume_file '$resume_f' $params $extra" > "$wlog" 2>&1 < /dev/null
[851/2239] S036heavy.stri__epg_reserve: phase 'epg_reserve' 미도달
[851/2239] S036heavy.stri__epg_reserve dump=na restore=na verdict=launch_fail
pbsprobe/pbs_sweep.sh: line 200: 1117920 Killed                  setsid bash -c "echo \$\$ > '${WORLD_CG_RUN:-$WORLD_CG}/cgroup.procs' && exec '$wlbin' --port $port --resume_file '$resume_f' $params $extra" > "$wlog" 2>&1 < /dev/null
[852/2239] S036heavy.stri__ready: phase 'ready' 미도달
[852/2239] S036heavy.stri__ready dump=na restore=na verdict=launch_fail
pbsprobe/pbs_sweep.sh: line 195: 1118944 Killed                  setsid bash -c "echo \$\$ > '${WORLD_CG_RUN:-$WORLD_CG}/cgroup.procs' && exec '$wlbin' --port $port --resume_file '$resume_f' $params $extra" > "$wlog" 2>&1 < /dev/null
[853/2239] S036heavy.stri__steady: phase 'steady' 미도달
[853/2239] S036heavy.stri__steady dump=na restore=na verdict=launch_fail
pbsprobe/pbs_sweep.sh: line 296: 1119964 Killed                  setsid bash -c "echo \$\$ > '${WORLD_CG_RUN:-$WORLD_CG}/cgroup.procs' && exec '$wlbin' --port $port --resume_file '$resume_f' $params $extra" > "$wlog" 2>&1 < /dev/null
[854/2239] S037heavy.ext___init dump=0 restore=0 verdict=resume_stalled
pbsprobe/pbs_sweep.sh: line 296: 1120985 Killed                  setsid bash -c "echo \$\$ > '${WORLD_CG_RUN:-$WORLD_CG}/cgroup.procs' && exec '$wlbin' --port $port --resume_file '$resume_f' $params $extra" > "$wlog" 2>&1 < /dev/null
[855/2239] S037heavy.ext___db_open dump=0 restore=0 verdict=resume_stalled
pbsprobe/pbs_sweep.sh: line 296: 1122010 Killed                  setsid bash -c "echo \$\$ > '${WORLD_CG_RUN:-$WORLD_CG}/cgroup.procs' && exec '$wlbin' --port $port --resume_file '$resume_f' $params $extra" > "$wlog" 2>&1 < /dev/null
[856/2239] S037heavy.ext___db_read dump=0 restore=0 verdict=resume_stalled
pbsprobe/pbs_sweep.sh: line 296: 1123031 Killed                  setsid bash -c "echo \$\$ > '${WORLD_CG_RUN:-$WORLD_CG}/cgroup.procs' && exec '$wlbin' --port $port --resume_file '$resume_f' $params $extra" > "$wlog" 2>&1 < /dev/null
[857/2239] S037heavy.ext___db_read_p25 dump=0 restore=0 verdict=resume_stalled
pbsprobe/pbs_sweep.sh: line 296: 1124056 Killed                  setsid bash -c "echo \$\$ > '${WORLD_CG_RUN:-$WORLD_CG}/cgroup.procs' && exec '$wlbin' --port $port --resume_file '$resume_f' $params $extra" > "$wlog" 2>&1 < /dev/null
[858/2239] S037heavy.ext___db_read_p50 dump=0 restore=0 verdict=resume_stalled
pbsprobe/pbs_sweep.sh: line 296: 1125077 Killed                  setsid bash -c "echo \$\$ > '${WORLD_CG_RUN:-$WORLD_CG}/cgroup.procs' && exec '$wlbin' --port $port --resume_file '$resume_f' $params $extra" > "$wlog" 2>&1 < /dev/null
[859/2239] S037heavy.ext___db_read_p75 dump=0 restore=0 verdict=resume_stalled
pbsprobe/pbs_sweep.sh: line 296: 1126098 Killed                  setsid bash -c "echo \$\$ > '${WORLD_CG_RUN:-$WORLD_CG}/cgroup.procs' && exec '$wlbin' --port $port --resume_file '$resume_f' $params $extra" > "$wlog" 2>&1 < /dev/null
[860/2239] S037heavy.ext___db_parse dump=0 restore=0 verdict=resume_stalled
pbsprobe/pbs_sweep.sh: line 296: 1127123 Killed                  setsid bash -c "echo \$\$ > '${WORLD_CG_RUN:-$WORLD_CG}/cgroup.procs' && exec '$wlbin' --port $port --resume_file '$resume_f' $params $extra" > "$wlog" 2>&1 < /dev/null
[861/2239] S037heavy.ext___db_parse_p25 dump=0 restore=0 verdict=resume_stalled
pbsprobe/pbs_sweep.sh: line 296: 1128144 Killed                  setsid bash -c "echo \$\$ > '${WORLD_CG_RUN:-$WORLD_CG}/cgroup.procs' && exec '$wlbin' --port $port --resume_file '$resume_f' $params $extra" > "$wlog" 2>&1 < /dev/null
[862/2239] S037heavy.ext___db_parse_p50 dump=0 restore=0 verdict=resume_stalled
pbsprobe/pbs_sweep.sh: line 296: 1129157 Killed                  setsid bash -c "echo \$\$ > '${WORLD_CG_RUN:-$WORLD_CG}/cgroup.procs' && exec '$wlbin' --port $port --resume_file '$resume_f' $params $extra" > "$wlog" 2>&1 < /dev/null
[863/2239] S037heavy.ext___db_parse_p75 dump=0 restore=0 verdict=resume_stalled
pbsprobe/pbs_sweep.sh: line 296: 1130170 Killed                  setsid bash -c "echo \$\$ > '${WORLD_CG_RUN:-$WORLD_CG}/cgroup.procs' && exec '$wlbin' --port $port --resume_file '$resume_f' $params $extra" > "$wlog" 2>&1 < /dev/null
[864/2239] S037heavy.ext___epg_index dump=1 restore=na verdict=dump_fail
pbsprobe/pbs_sweep.sh: line 296: 1131161 Killed                  setsid bash -c "echo \$\$ > '${WORLD_CG_RUN:-$WORLD_CG}/cgroup.procs' && exec '$wlbin' --port $port --resume_file '$resume_f' $params $extra" > "$wlog" 2>&1 < /dev/null
[865/2239] S037heavy.ext___epg_index_p25 dump=0 restore=0 verdict=resume_stalled
pbsprobe/pbs_sweep.sh: line 296: 1132158 Killed                  setsid bash -c "echo \$\$ > '${WORLD_CG_RUN:-$WORLD_CG}/cgroup.procs' && exec '$wlbin' --port $port --resume_file '$resume_f' $params $extra" > "$wlog" 2>&1 < /dev/null
[866/2239] S037heavy.ext___epg_index_p50 dump=0 restore=0 verdict=resume_stalled
pbsprobe/pbs_sweep.sh: line 296: 1133266 Killed                  setsid bash -c "echo \$\$ > '${WORLD_CG_RUN:-$WORLD_CG}/cgroup.procs' && exec '$wlbin' --port $port --resume_file '$resume_f' $params $extra" > "$wlog" 2>&1 < /dev/null
[867/2239] S037heavy.ext___epg_index_p75 dump=0 restore=0 verdict=resume_stalled
pbsprobe/pbs_sweep.sh: line 203: 1134358 Killed                  setsid bash -c "echo \$\$ > '${WORLD_CG_RUN:-$WORLD_CG}/cgroup.procs' && exec '$wlbin' --port $port --resume_file '$resume_f' $params $extra" > "$wlog" 2>&1 < /dev/null
[868/2239] S037heavy.ext___epg_text: phase 'epg_text' 미도달
[868/2239] S037heavy.ext___epg_text dump=na restore=na verdict=launch_fail
pbsprobe/pbs_sweep.sh: line 203: 1135374 Killed                  setsid bash -c "echo \$\$ > '${WORLD_CG_RUN:-$WORLD_CG}/cgroup.procs' && exec '$wlbin' --port $port --resume_file '$resume_f' $params $extra" > "$wlog" 2>&1 < /dev/null
[869/2239] S037heavy.ext___epg_reserve: phase 'epg_reserve' 미도달
[869/2239] S037heavy.ext___epg_reserve dump=na restore=na verdict=launch_fail
pbsprobe/pbs_sweep.sh: line 195: 1136394 Killed                  setsid bash -c "echo \$\$ > '${WORLD_CG_RUN:-$WORLD_CG}/cgroup.procs' && exec '$wlbin' --port $port --resume_file '$resume_f' $params $extra" > "$wlog" 2>&1 < /dev/null
[870/2239] S037heavy.ext___ready: phase 'ready' 미도달
[870/2239] S037heavy.ext___ready dump=na restore=na verdict=launch_fail
pbsprobe/pbs_sweep.sh: line 195: 1137418 Killed                  setsid bash -c "echo \$\$ > '${WORLD_CG_RUN:-$WORLD_CG}/cgroup.procs' && exec '$wlbin' --port $port --resume_file '$resume_f' $params $extra" > "$wlog" 2>&1 < /dev/null
[871/2239] S037heavy.ext___steady: phase 'steady' 미도달
[871/2239] S037heavy.ext___steady dump=na restore=na verdict=launch_fail
pbsprobe/pbs_sweep.sh: line 296: 1138438 Killed                  setsid bash -c "echo \$\$ > '${WORLD_CG_RUN:-$WORLD_CG}/cgroup.procs' && exec '$wlbin' --port $port --resume_file '$resume_f' $params $extra" > "$wlog" 2>&1 < /dev/null
[872/2239] S038heavy.tcp___init dump=0 restore=0 verdict=resume_stalled
pbsprobe/pbs_sweep.sh: line 296: 1139463 Killed                  setsid bash -c "echo \$\$ > '${WORLD_CG_RUN:-$WORLD_CG}/cgroup.procs' && exec '$wlbin' --port $port --resume_file '$resume_f' $params $extra" > "$wlog" 2>&1 < /dev/null
[873/2239] S038heavy.tcp___db_open dump=0 restore=0 verdict=resume_stalled
pbsprobe/pbs_sweep.sh: line 296: 1140476 Killed                  setsid bash -c "echo \$\$ > '${WORLD_CG_RUN:-$WORLD_CG}/cgroup.procs' && exec '$wlbin' --port $port --resume_file '$resume_f' $params $extra" > "$wlog" 2>&1 < /dev/null
[874/2239] S038heavy.tcp___db_read dump=0 restore=0 verdict=resume_stalled
pbsprobe/pbs_sweep.sh: line 296: 1141493 Killed                  setsid bash -c "echo \$\$ > '${WORLD_CG_RUN:-$WORLD_CG}/cgroup.procs' && exec '$wlbin' --port $port --resume_file '$resume_f' $params $extra" > "$wlog" 2>&1 < /dev/null
[875/2239] S038heavy.tcp___db_read_p25 dump=0 restore=0 verdict=resume_stalled
pbsprobe/pbs_sweep.sh: line 296: 1142510 Killed                  setsid bash -c "echo \$\$ > '${WORLD_CG_RUN:-$WORLD_CG}/cgroup.procs' && exec '$wlbin' --port $port --resume_file '$resume_f' $params $extra" > "$wlog" 2>&1 < /dev/null
[876/2239] S038heavy.tcp___db_read_p50 dump=0 restore=0 verdict=resume_stalled
pbsprobe/pbs_sweep.sh: line 296: 1143527 Killed                  setsid bash -c "echo \$\$ > '${WORLD_CG_RUN:-$WORLD_CG}/cgroup.procs' && exec '$wlbin' --port $port --resume_file '$resume_f' $params $extra" > "$wlog" 2>&1 < /dev/null
[877/2239] S038heavy.tcp___db_read_p75 dump=0 restore=0 verdict=resume_stalled
pbsprobe/pbs_sweep.sh: line 296: 1144548 Killed                  setsid bash -c "echo \$\$ > '${WORLD_CG_RUN:-$WORLD_CG}/cgroup.procs' && exec '$wlbin' --port $port --resume_file '$resume_f' $params $extra" > "$wlog" 2>&1 < /dev/null
[878/2239] S038heavy.tcp___db_parse dump=0 restore=0 verdict=resume_stalled
pbsprobe/pbs_sweep.sh: line 296: 1145569 Killed                  setsid bash -c "echo \$\$ > '${WORLD_CG_RUN:-$WORLD_CG}/cgroup.procs' && exec '$wlbin' --port $port --resume_file '$resume_f' $params $extra" > "$wlog" 2>&1 < /dev/null
[879/2239] S038heavy.tcp___db_parse_p25 dump=0 restore=0 verdict=resume_stalled
pbsprobe/pbs_sweep.sh: line 296: 1146586 Killed                  setsid bash -c "echo \$\$ > '${WORLD_CG_RUN:-$WORLD_CG}/cgroup.procs' && exec '$wlbin' --port $port --resume_file '$resume_f' $params $extra" > "$wlog" 2>&1 < /dev/null
[880/2239] S038heavy.tcp___db_parse_p50 dump=0 restore=0 verdict=resume_stalled
pbsprobe/pbs_sweep.sh: line 296: 1147607 Killed                  setsid bash -c "echo \$\$ > '${WORLD_CG_RUN:-$WORLD_CG}/cgroup.procs' && exec '$wlbin' --port $port --resume_file '$resume_f' $params $extra" > "$wlog" 2>&1 < /dev/null
[881/2239] S038heavy.tcp___db_parse_p75 dump=0 restore=0 verdict=resume_stalled
pbsprobe/pbs_sweep.sh: line 296: 1148628 Killed                  setsid bash -c "echo \$\$ > '${WORLD_CG_RUN:-$WORLD_CG}/cgroup.procs' && exec '$wlbin' --port $port --resume_file '$resume_f' $params $extra" > "$wlog" 2>&1 < /dev/null
[882/2239] S038heavy.tcp___epg_index dump=1 restore=na verdict=dump_fail
pbsprobe/pbs_sweep.sh: line 296: 1149615 Killed                  setsid bash -c "echo \$\$ > '${WORLD_CG_RUN:-$WORLD_CG}/cgroup.procs' && exec '$wlbin' --port $port --resume_file '$resume_f' $params $extra" > "$wlog" 2>&1 < /dev/null
[883/2239] S038heavy.tcp___epg_index_p25 dump=0 restore=0 verdict=resume_stalled
pbsprobe/pbs_sweep.sh: line 296: 1150620 Killed                  setsid bash -c "echo \$\$ > '${WORLD_CG_RUN:-$WORLD_CG}/cgroup.procs' && exec '$wlbin' --port $port --resume_file '$resume_f' $params $extra" > "$wlog" 2>&1 < /dev/null
[884/2239] S038heavy.tcp___epg_index_p50 dump=0 restore=0 verdict=resume_stalled
pbsprobe/pbs_sweep.sh: line 296: 1151744 Killed                  setsid bash -c "echo \$\$ > '${WORLD_CG_RUN:-$WORLD_CG}/cgroup.procs' && exec '$wlbin' --port $port --resume_file '$resume_f' $params $extra" > "$wlog" 2>&1 < /dev/null
[885/2239] S038heavy.tcp___epg_index_p75 dump=0 restore=0 verdict=resume_stalled
pbsprobe/pbs_sweep.sh: line 195: 1152844 Killed                  setsid bash -c "echo \$\$ > '${WORLD_CG_RUN:-$WORLD_CG}/cgroup.procs' && exec '$wlbin' --port $port --resume_file '$resume_f' $params $extra" > "$wlog" 2>&1 < /dev/null
[886/2239] S038heavy.tcp___epg_text: phase 'epg_text' 미도달
[886/2239] S038heavy.tcp___epg_text dump=na restore=na verdict=launch_fail
pbsprobe/pbs_sweep.sh: line 195: 1153856 Killed                  setsid bash -c "echo \$\$ > '${WORLD_CG_RUN:-$WORLD_CG}/cgroup.procs' && exec '$wlbin' --port $port --resume_file '$resume_f' $params $extra" > "$wlog" 2>&1 < /dev/null
[887/2239] S038heavy.tcp___epg_reserve: phase 'epg_reserve' 미도달
[887/2239] S038heavy.tcp___epg_reserve dump=na restore=na verdict=launch_fail
pbsprobe/pbs_sweep.sh: line 195: 1154872 Killed                  setsid bash -c "echo \$\$ > '${WORLD_CG_RUN:-$WORLD_CG}/cgroup.procs' && exec '$wlbin' --port $port --resume_file '$resume_f' $params $extra" > "$wlog" 2>&1 < /dev/null
[888/2239] S038heavy.tcp___ready: phase 'ready' 미도달
[888/2239] S038heavy.tcp___ready dump=na restore=na verdict=launch_fail
pbsprobe/pbs_sweep.sh: line 195: 1155896 Killed                  setsid bash -c "echo \$\$ > '${WORLD_CG_RUN:-$WORLD_CG}/cgroup.procs' && exec '$wlbin' --port $port --resume_file '$resume_f' $params $extra" > "$wlog" 2>&1 < /dev/null
[889/2239] S038heavy.tcp___steady: phase 'steady' 미도달
[889/2239] S038heavy.tcp___steady dump=na restore=na verdict=launch_fail
pbsprobe/pbs_sweep.sh: line 296: 1156920 Killed                  setsid bash -c "echo \$\$ > '${WORLD_CG_RUN:-$WORLD_CG}/cgroup.procs' && exec '$wlbin' --port $port --resume_file '$resume_f' $params $extra" > "$wlog" 2>&1 < /dev/null
[890/2239] S039heavy.file__init dump=0 restore=0 verdict=resume_stalled
pbsprobe/pbs_sweep.sh: line 296: 1157941 Killed                  setsid bash -c "echo \$\$ > '${WORLD_CG_RUN:-$WORLD_CG}/cgroup.procs' && exec '$wlbin' --port $port --resume_file '$resume_f' $params $extra" > "$wlog" 2>&1 < /dev/null
[891/2239] S039heavy.file__db_open dump=0 restore=0 verdict=resume_stalled
pbsprobe/pbs_sweep.sh: line 296: 1158970 Killed                  setsid bash -c "echo \$\$ > '${WORLD_CG_RUN:-$WORLD_CG}/cgroup.procs' && exec '$wlbin' --port $port --resume_file '$resume_f' $params $extra" > "$wlog" 2>&1 < /dev/null
[892/2239] S039heavy.file__db_read dump=0 restore=0 verdict=resume_stalled
pbsprobe/pbs_sweep.sh: line 296: 1159983 Killed                  setsid bash -c "echo \$\$ > '${WORLD_CG_RUN:-$WORLD_CG}/cgroup.procs' && exec '$wlbin' --port $port --resume_file '$resume_f' $params $extra" > "$wlog" 2>&1 < /dev/null
[893/2239] S039heavy.file__db_read_p25 dump=0 restore=0 verdict=resume_stalled
pbsprobe/pbs_sweep.sh: line 296: 1160996 Killed                  setsid bash -c "echo \$\$ > '${WORLD_CG_RUN:-$WORLD_CG}/cgroup.procs' && exec '$wlbin' --port $port --resume_file '$resume_f' $params $extra" > "$wlog" 2>&1 < /dev/null
[894/2239] S039heavy.file__db_read_p50 dump=0 restore=0 verdict=resume_stalled
pbsprobe/pbs_sweep.sh: line 296: 1162017 Killed                  setsid bash -c "echo \$\$ > '${WORLD_CG_RUN:-$WORLD_CG}/cgroup.procs' && exec '$wlbin' --port $port --resume_file '$resume_f' $params $extra" > "$wlog" 2>&1 < /dev/null
[895/2239] S039heavy.file__db_read_p75 dump=0 restore=0 verdict=resume_stalled
pbsprobe/pbs_sweep.sh: line 296: 1163034 Killed                  setsid bash -c "echo \$\$ > '${WORLD_CG_RUN:-$WORLD_CG}/cgroup.procs' && exec '$wlbin' --port $port --resume_file '$resume_f' $params $extra" > "$wlog" 2>&1 < /dev/null
[896/2239] S039heavy.file__db_parse dump=0 restore=0 verdict=resume_stalled
pbsprobe/pbs_sweep.sh: line 296: 1164055 Killed                  setsid bash -c "echo \$\$ > '${WORLD_CG_RUN:-$WORLD_CG}/cgroup.procs' && exec '$wlbin' --port $port --resume_file '$resume_f' $params $extra" > "$wlog" 2>&1 < /dev/null
[897/2239] S039heavy.file__db_parse_p25 dump=0 restore=0 verdict=resume_stalled
pbsprobe/pbs_sweep.sh: line 296: 1165072 Killed                  setsid bash -c "echo \$\$ > '${WORLD_CG_RUN:-$WORLD_CG}/cgroup.procs' && exec '$wlbin' --port $port --resume_file '$resume_f' $params $extra" > "$wlog" 2>&1 < /dev/null
[898/2239] S039heavy.file__db_parse_p50 dump=0 restore=0 verdict=resume_stalled
pbsprobe/pbs_sweep.sh: line 296: 1166093 Killed                  setsid bash -c "echo \$\$ > '${WORLD_CG_RUN:-$WORLD_CG}/cgroup.procs' && exec '$wlbin' --port $port --resume_file '$resume_f' $params $extra" > "$wlog" 2>&1 < /dev/null
[899/2239] S039heavy.file__db_parse_p75 dump=0 restore=0 verdict=resume_stalled
pbsprobe/pbs_sweep.sh: line 296: 1167110 Killed                  setsid bash -c "echo \$\$ > '${WORLD_CG_RUN:-$WORLD_CG}/cgroup.procs' && exec '$wlbin' --port $port --resume_file '$resume_f' $params $extra" > "$wlog" 2>&1 < /dev/null
[900/2239] S039heavy.file__epg_index dump=1 restore=na verdict=dump_fail
pbsprobe/pbs_sweep.sh: line 296: 1168097 Killed                  setsid bash -c "echo \$\$ > '${WORLD_CG_RUN:-$WORLD_CG}/cgroup.procs' && exec '$wlbin' --port $port --resume_file '$resume_f' $params $extra" > "$wlog" 2>&1 < /dev/null
[901/2239] S039heavy.file__epg_index_p25 dump=0 restore=0 verdict=resume_stalled
pbsprobe/pbs_sweep.sh: line 296: 1169098 Killed                  setsid bash -c "echo \$\$ > '${WORLD_CG_RUN:-$WORLD_CG}/cgroup.procs' && exec '$wlbin' --port $port --resume_file '$resume_f' $params $extra" > "$wlog" 2>&1 < /dev/null
[902/2239] S039heavy.file__epg_index_p50 dump=0 restore=0 verdict=resume_stalled
pbsprobe/pbs_sweep.sh: line 296: 1170214 Killed                  setsid bash -c "echo \$\$ > '${WORLD_CG_RUN:-$WORLD_CG}/cgroup.procs' && exec '$wlbin' --port $port --resume_file '$resume_f' $params $extra" > "$wlog" 2>&1 < /dev/null
[903/2239] S039heavy.file__epg_index_p75 dump=0 restore=0 verdict=resume_stalled
pbsprobe/pbs_sweep.sh: line 195: 1171302 Killed                  setsid bash -c "echo \$\$ > '${WORLD_CG_RUN:-$WORLD_CG}/cgroup.procs' && exec '$wlbin' --port $port --resume_file '$resume_f' $params $extra" > "$wlog" 2>&1 < /dev/null
[904/2239] S039heavy.file__epg_text: phase 'epg_text' 미도달
[904/2239] S039heavy.file__epg_text dump=na restore=na verdict=launch_fail
pbsprobe/pbs_sweep.sh: line 195: 1172322 Killed                  setsid bash -c "echo \$\$ > '${WORLD_CG_RUN:-$WORLD_CG}/cgroup.procs' && exec '$wlbin' --port $port --resume_file '$resume_f' $params $extra" > "$wlog" 2>&1 < /dev/null
[905/2239] S039heavy.file__epg_reserve: phase 'epg_reserve' 미도달
[905/2239] S039heavy.file__epg_reserve dump=na restore=na verdict=launch_fail
pbsprobe/pbs_sweep.sh: line 195: 1173338 Killed                  setsid bash -c "echo \$\$ > '${WORLD_CG_RUN:-$WORLD_CG}/cgroup.procs' && exec '$wlbin' --port $port --resume_file '$resume_f' $params $extra" > "$wlog" 2>&1 < /dev/null
[906/2239] S039heavy.file__ready: phase 'ready' 미도달
[906/2239] S039heavy.file__ready dump=na restore=na verdict=launch_fail
pbsprobe/pbs_sweep.sh: line 195: 1174354 Killed                  setsid bash -c "echo \$\$ > '${WORLD_CG_RUN:-$WORLD_CG}/cgroup.procs' && exec '$wlbin' --port $port --resume_file '$resume_f' $params $extra" > "$wlog" 2>&1 < /dev/null
[907/2239] S039heavy.file__steady: phase 'steady' 미도달
[907/2239] S039heavy.file__steady dump=na restore=na verdict=launch_fail
pbsprobe/pbs_sweep.sh: line 296: 1175370 Killed                  setsid bash -c "echo \$\$ > '${WORLD_CG_RUN:-$WORLD_CG}/cgroup.procs' && exec '$wlbin' --port $port --resume_file '$resume_f' $params $extra" > "$wlog" 2>&1 < /dev/null
[908/2239] S040heavy.perm__init dump=0 restore=0 verdict=resume_stalled
pbsprobe/pbs_sweep.sh: line 296: 1176391 Killed                  setsid bash -c "echo \$\$ > '${WORLD_CG_RUN:-$WORLD_CG}/cgroup.procs' && exec '$wlbin' --port $port --resume_file '$resume_f' $params $extra" > "$wlog" 2>&1 < /dev/null
[909/2239] S040heavy.perm__db_open dump=0 restore=0 verdict=resume_stalled
pbsprobe/pbs_sweep.sh: line 296: 1177412 Killed                  setsid bash -c "echo \$\$ > '${WORLD_CG_RUN:-$WORLD_CG}/cgroup.procs' && exec '$wlbin' --port $port --resume_file '$resume_f' $params $extra" > "$wlog" 2>&1 < /dev/null
[910/2239] S040heavy.perm__db_read dump=0 restore=0 verdict=resume_stalled
pbsprobe/pbs_sweep.sh: line 296: 1178429 Killed                  setsid bash -c "echo \$\$ > '${WORLD_CG_RUN:-$WORLD_CG}/cgroup.procs' && exec '$wlbin' --port $port --resume_file '$resume_f' $params $extra" > "$wlog" 2>&1 < /dev/null
[911/2239] S040heavy.perm__db_read_p25 dump=0 restore=0 verdict=resume_stalled
pbsprobe/pbs_sweep.sh: line 296: 1179450 Killed                  setsid bash -c "echo \$\$ > '${WORLD_CG_RUN:-$WORLD_CG}/cgroup.procs' && exec '$wlbin' --port $port --resume_file '$resume_f' $params $extra" > "$wlog" 2>&1 < /dev/null
[912/2239] S040heavy.perm__db_read_p50 dump=0 restore=0 verdict=resume_stalled
pbsprobe/pbs_sweep.sh: line 296: 1180471 Killed                  setsid bash -c "echo \$\$ > '${WORLD_CG_RUN:-$WORLD_CG}/cgroup.procs' && exec '$wlbin' --port $port --resume_file '$resume_f' $params $extra" > "$wlog" 2>&1 < /dev/null
[913/2239] S040heavy.perm__db_read_p75 dump=0 restore=0 verdict=resume_stalled
pbsprobe/pbs_sweep.sh: line 296: 1181496 Killed                  setsid bash -c "echo \$\$ > '${WORLD_CG_RUN:-$WORLD_CG}/cgroup.procs' && exec '$wlbin' --port $port --resume_file '$resume_f' $params $extra" > "$wlog" 2>&1 < /dev/null
[914/2239] S040heavy.perm__db_parse dump=0 restore=0 verdict=resume_stalled
pbsprobe/pbs_sweep.sh: line 296: 1182513 Killed                  setsid bash -c "echo \$\$ > '${WORLD_CG_RUN:-$WORLD_CG}/cgroup.procs' && exec '$wlbin' --port $port --resume_file '$resume_f' $params $extra" > "$wlog" 2>&1 < /dev/null
[915/2239] S040heavy.perm__db_parse_p25 dump=0 restore=0 verdict=resume_stalled
pbsprobe/pbs_sweep.sh: line 296: 1183530 Killed                  setsid bash -c "echo \$\$ > '${WORLD_CG_RUN:-$WORLD_CG}/cgroup.procs' && exec '$wlbin' --port $port --resume_file '$resume_f' $params $extra" > "$wlog" 2>&1 < /dev/null
[916/2239] S040heavy.perm__db_parse_p50 dump=0 restore=0 verdict=resume_stalled
pbsprobe/pbs_sweep.sh: line 296: 1184547 Killed                  setsid bash -c "echo \$\$ > '${WORLD_CG_RUN:-$WORLD_CG}/cgroup.procs' && exec '$wlbin' --port $port --resume_file '$resume_f' $params $extra" > "$wlog" 2>&1 < /dev/null
[917/2239] S040heavy.perm__db_parse_p75 dump=0 restore=0 verdict=resume_stalled
pbsprobe/pbs_sweep.sh: line 296: 1185564 Killed                  setsid bash -c "echo \$\$ > '${WORLD_CG_RUN:-$WORLD_CG}/cgroup.procs' && exec '$wlbin' --port $port --resume_file '$resume_f' $params $extra" > "$wlog" 2>&1 < /dev/null
[918/2239] S040heavy.perm__epg_index dump=1 restore=na verdict=dump_fail
pbsprobe/pbs_sweep.sh: line 296: 1186555 Killed                  setsid bash -c "echo \$\$ > '${WORLD_CG_RUN:-$WORLD_CG}/cgroup.procs' && exec '$wlbin' --port $port --resume_file '$resume_f' $params $extra" > "$wlog" 2>&1 < /dev/null
[919/2239] S040heavy.perm__epg_index_p25 dump=0 restore=0 verdict=resume_stalled
pbsprobe/pbs_sweep.sh: line 296: 1187556 Killed                  setsid bash -c "echo \$\$ > '${WORLD_CG_RUN:-$WORLD_CG}/cgroup.procs' && exec '$wlbin' --port $port --resume_file '$resume_f' $params $extra" > "$wlog" 2>&1 < /dev/null
[920/2239] S040heavy.perm__epg_index_p50 dump=0 restore=0 verdict=resume_stalled
pbsprobe/pbs_sweep.sh: line 296: 1188676 Killed                  setsid bash -c "echo \$\$ > '${WORLD_CG_RUN:-$WORLD_CG}/cgroup.procs' && exec '$wlbin' --port $port --resume_file '$resume_f' $params $extra" > "$wlog" 2>&1 < /dev/null
[921/2239] S040heavy.perm__epg_index_p75 dump=0 restore=0 verdict=resume_stalled
pbsprobe/pbs_sweep.sh: line 200: 1189768 Killed                  setsid bash -c "echo \$\$ > '${WORLD_CG_RUN:-$WORLD_CG}/cgroup.procs' && exec '$wlbin' --port $port --resume_file '$resume_f' $params $extra" > "$wlog" 2>&1 < /dev/null
[922/2239] S040heavy.perm__epg_text: phase 'epg_text' 미도달
[922/2239] S040heavy.perm__epg_text dump=na restore=na verdict=launch_fail
pbsprobe/pbs_sweep.sh: line 195: 1190784 Killed                  setsid bash -c "echo \$\$ > '${WORLD_CG_RUN:-$WORLD_CG}/cgroup.procs' && exec '$wlbin' --port $port --resume_file '$resume_f' $params $extra" > "$wlog" 2>&1 < /dev/null
[923/2239] S040heavy.perm__epg_reserve: phase 'epg_reserve' 미도달
[923/2239] S040heavy.perm__epg_reserve dump=na restore=na verdict=launch_fail
pbsprobe/pbs_sweep.sh: line 200: 1191812 Killed                  setsid bash -c "echo \$\$ > '${WORLD_CG_RUN:-$WORLD_CG}/cgroup.procs' && exec '$wlbin' --port $port --resume_file '$resume_f' $params $extra" > "$wlog" 2>&1 < /dev/null
[924/2239] S040heavy.perm__ready: phase 'ready' 미도달
[924/2239] S040heavy.perm__ready dump=na restore=na verdict=launch_fail
pbsprobe/pbs_sweep.sh: line 195: 1192824 Killed                  setsid bash -c "echo \$\$ > '${WORLD_CG_RUN:-$WORLD_CG}/cgroup.procs' && exec '$wlbin' --port $port --resume_file '$resume_f' $params $extra" > "$wlog" 2>&1 < /dev/null
[925/2239] S040heavy.perm__steady: phase 'steady' 미도달
[925/2239] S040heavy.perm__steady dump=na restore=na verdict=launch_fail
pbsprobe/pbs_sweep.sh: line 296: 1193840 Killed                  setsid bash -c "echo \$\$ > '${WORLD_CG_RUN:-$WORLD_CG}/cgroup.procs' && exec '$wlbin' --port $port --resume_file '$resume_f' $params $extra" > "$wlog" 2>&1 < /dev/null
[926/2239] S041light.stri__init dump=0 restore=0 verdict=ok
pbsprobe/pbs_sweep.sh: line 296: 1194844 Killed                  setsid bash -c "echo \$\$ > '${WORLD_CG_RUN:-$WORLD_CG}/cgroup.procs' && exec '$wlbin' --port $port --resume_file '$resume_f' $params $extra" > "$wlog" 2>&1 < /dev/null
[927/2239] S041light.stri__db_open dump=0 restore=0 verdict=ok
pbsprobe/pbs_sweep.sh: line 296: 1195853 Killed                  setsid bash -c "echo \$\$ > '${WORLD_CG_RUN:-$WORLD_CG}/cgroup.procs' && exec '$wlbin' --port $port --resume_file '$resume_f' $params $extra" > "$wlog" 2>&1 < /dev/null
[928/2239] S041light.stri__db_read dump=0 restore=0 verdict=ok
pbsprobe/pbs_sweep.sh: line 296: 1196862 Killed                  setsid bash -c "echo \$\$ > '${WORLD_CG_RUN:-$WORLD_CG}/cgroup.procs' && exec '$wlbin' --port $port --resume_file '$resume_f' $params $extra" > "$wlog" 2>&1 < /dev/null
[929/2239] S041light.stri__db_read_p25 dump=0 restore=0 verdict=ok
pbsprobe/pbs_sweep.sh: line 296: 1197871 Killed                  setsid bash -c "echo \$\$ > '${WORLD_CG_RUN:-$WORLD_CG}/cgroup.procs' && exec '$wlbin' --port $port --resume_file '$resume_f' $params $extra" > "$wlog" 2>&1 < /dev/null
[930/2239] S041light.stri__db_read_p50 dump=0 restore=0 verdict=ok
pbsprobe/pbs_sweep.sh: line 296: 1198876 Killed                  setsid bash -c "echo \$\$ > '${WORLD_CG_RUN:-$WORLD_CG}/cgroup.procs' && exec '$wlbin' --port $port --resume_file '$resume_f' $params $extra" > "$wlog" 2>&1 < /dev/null
[931/2239] S041light.stri__db_read_p75 dump=0 restore=0 verdict=ok
pbsprobe/pbs_sweep.sh: line 296: 1199881 Killed                  setsid bash -c "echo \$\$ > '${WORLD_CG_RUN:-$WORLD_CG}/cgroup.procs' && exec '$wlbin' --port $port --resume_file '$resume_f' $params $extra" > "$wlog" 2>&1 < /dev/null
[932/2239] S041light.stri__db_parse dump=0 restore=0 verdict=ok
pbsprobe/pbs_sweep.sh: line 296: 1200894 Killed                  setsid bash -c "echo \$\$ > '${WORLD_CG_RUN:-$WORLD_CG}/cgroup.procs' && exec '$wlbin' --port $port --resume_file '$resume_f' $params $extra" > "$wlog" 2>&1 < /dev/null
[933/2239] S041light.stri__db_parse_p25 dump=0 restore=0 verdict=ok
pbsprobe/pbs_sweep.sh: line 296: 1201907 Killed                  setsid bash -c "echo \$\$ > '${WORLD_CG_RUN:-$WORLD_CG}/cgroup.procs' && exec '$wlbin' --port $port --resume_file '$resume_f' $params $extra" > "$wlog" 2>&1 < /dev/null
[934/2239] S041light.stri__db_parse_p50 dump=0 restore=0 verdict=ok
pbsprobe/pbs_sweep.sh: line 296: 1202924 Killed                  setsid bash -c "echo \$\$ > '${WORLD_CG_RUN:-$WORLD_CG}/cgroup.procs' && exec '$wlbin' --port $port --resume_file '$resume_f' $params $extra" > "$wlog" 2>&1 < /dev/null
[935/2239] S041light.stri__db_parse_p75 dump=0 restore=0 verdict=ok
pbsprobe/pbs_sweep.sh: line 296: 1203929 Killed                  setsid bash -c "echo \$\$ > '${WORLD_CG_RUN:-$WORLD_CG}/cgroup.procs' && exec '$wlbin' --port $port --resume_file '$resume_f' $params $extra" > "$wlog" 2>&1 < /dev/null
[936/2239] S041light.stri__epg_index dump=0 restore=0 verdict=ok
pbsprobe/pbs_sweep.sh: line 296: 1204938 Killed                  setsid bash -c "echo \$\$ > '${WORLD_CG_RUN:-$WORLD_CG}/cgroup.procs' && exec '$wlbin' --port $port --resume_file '$resume_f' $params $extra" > "$wlog" 2>&1 < /dev/null
[937/2239] S041light.stri__epg_index_p25 dump=0 restore=0 verdict=ok
pbsprobe/pbs_sweep.sh: line 296: 1205947 Killed                  setsid bash -c "echo \$\$ > '${WORLD_CG_RUN:-$WORLD_CG}/cgroup.procs' && exec '$wlbin' --port $port --resume_file '$resume_f' $params $extra" > "$wlog" 2>&1 < /dev/null
[938/2239] S041light.stri__epg_index_p50 dump=0 restore=0 verdict=ok
pbsprobe/pbs_sweep.sh: line 296: 1206960 Killed                  setsid bash -c "echo \$\$ > '${WORLD_CG_RUN:-$WORLD_CG}/cgroup.procs' && exec '$wlbin' --port $port --resume_file '$resume_f' $params $extra" > "$wlog" 2>&1 < /dev/null
[939/2239] S041light.stri__epg_index_p75 dump=0 restore=0 verdict=ok
pbsprobe/pbs_sweep.sh: line 296: 1207965 Killed                  setsid bash -c "echo \$\$ > '${WORLD_CG_RUN:-$WORLD_CG}/cgroup.procs' && exec '$wlbin' --port $port --resume_file '$resume_f' $params $extra" > "$wlog" 2>&1 < /dev/null
[940/2239] S041light.stri__epg_text dump=0 restore=0 verdict=ok
pbsprobe/pbs_sweep.sh: line 296: 1208970 Killed                  setsid bash -c "echo \$\$ > '${WORLD_CG_RUN:-$WORLD_CG}/cgroup.procs' && exec '$wlbin' --port $port --resume_file '$resume_f' $params $extra" > "$wlog" 2>&1 < /dev/null
[941/2239] S041light.stri__epg_reserve dump=0 restore=0 verdict=ok
pbsprobe/pbs_sweep.sh: line 296: 1209979 Killed                  setsid bash -c "echo \$\$ > '${WORLD_CG_RUN:-$WORLD_CG}/cgroup.procs' && exec '$wlbin' --port $port --resume_file '$resume_f' $params $extra" > "$wlog" 2>&1 < /dev/null
[942/2239] S041light.stri__ready dump=0 restore=0 verdict=ok
pbsprobe/pbs_sweep.sh: line 296: 1211055 Killed                  setsid bash -c "echo \$\$ > '${WORLD_CG_RUN:-$WORLD_CG}/cgroup.procs' && exec '$wlbin' --port $port --resume_file '$resume_f' $params $extra" > "$wlog" 2>&1 < /dev/null
[943/2239] S041light.stri__steady dump=0 restore=0 verdict=ok
pbsprobe/pbs_sweep.sh: line 296: 1212198 Killed                  setsid bash -c "echo \$\$ > '${WORLD_CG_RUN:-$WORLD_CG}/cgroup.procs' && exec '$wlbin' --port $port --resume_file '$resume_f' $params $extra" > "$wlog" 2>&1 < /dev/null
[944/2239] S042light.ext___init dump=0 restore=0 verdict=ok
pbsprobe/pbs_sweep.sh: line 296: 1213215 Killed                  setsid bash -c "echo \$\$ > '${WORLD_CG_RUN:-$WORLD_CG}/cgroup.procs' && exec '$wlbin' --port $port --resume_file '$resume_f' $params $extra" > "$wlog" 2>&1 < /dev/null
[945/2239] S042light.ext___db_open dump=0 restore=0 verdict=ok
pbsprobe/pbs_sweep.sh: line 296: 1214228 Killed                  setsid bash -c "echo \$\$ > '${WORLD_CG_RUN:-$WORLD_CG}/cgroup.procs' && exec '$wlbin' --port $port --resume_file '$resume_f' $params $extra" > "$wlog" 2>&1 < /dev/null
[946/2239] S042light.ext___db_read dump=0 restore=0 verdict=ok
pbsprobe/pbs_sweep.sh: line 296: 1215237 Killed                  setsid bash -c "echo \$\$ > '${WORLD_CG_RUN:-$WORLD_CG}/cgroup.procs' && exec '$wlbin' --port $port --resume_file '$resume_f' $params $extra" > "$wlog" 2>&1 < /dev/null
[947/2239] S042light.ext___db_read_p25 dump=0 restore=0 verdict=ok
pbsprobe/pbs_sweep.sh: line 296: 1216246 Killed                  setsid bash -c "echo \$\$ > '${WORLD_CG_RUN:-$WORLD_CG}/cgroup.procs' && exec '$wlbin' --port $port --resume_file '$resume_f' $params $extra" > "$wlog" 2>&1 < /dev/null
[948/2239] S042light.ext___db_read_p50 dump=0 restore=0 verdict=ok
pbsprobe/pbs_sweep.sh: line 296: 1217259 Killed                  setsid bash -c "echo \$\$ > '${WORLD_CG_RUN:-$WORLD_CG}/cgroup.procs' && exec '$wlbin' --port $port --resume_file '$resume_f' $params $extra" > "$wlog" 2>&1 < /dev/null
[949/2239] S042light.ext___db_read_p75 dump=0 restore=0 verdict=ok
pbsprobe/pbs_sweep.sh: line 296: 1218272 Killed                  setsid bash -c "echo \$\$ > '${WORLD_CG_RUN:-$WORLD_CG}/cgroup.procs' && exec '$wlbin' --port $port --resume_file '$resume_f' $params $extra" > "$wlog" 2>&1 < /dev/null
[950/2239] S042light.ext___db_parse dump=0 restore=0 verdict=ok
pbsprobe/pbs_sweep.sh: line 296: 1219285 Killed                  setsid bash -c "echo \$\$ > '${WORLD_CG_RUN:-$WORLD_CG}/cgroup.procs' && exec '$wlbin' --port $port --resume_file '$resume_f' $params $extra" > "$wlog" 2>&1 < /dev/null
[951/2239] S042light.ext___db_parse_p25 dump=0 restore=0 verdict=ok
pbsprobe/pbs_sweep.sh: line 296: 1220302 Killed                  setsid bash -c "echo \$\$ > '${WORLD_CG_RUN:-$WORLD_CG}/cgroup.procs' && exec '$wlbin' --port $port --resume_file '$resume_f' $params $extra" > "$wlog" 2>&1 < /dev/null
[952/2239] S042light.ext___db_parse_p50 dump=0 restore=0 verdict=ok
pbsprobe/pbs_sweep.sh: line 296: 1221315 Killed                  setsid bash -c "echo \$\$ > '${WORLD_CG_RUN:-$WORLD_CG}/cgroup.procs' && exec '$wlbin' --port $port --resume_file '$resume_f' $params $extra" > "$wlog" 2>&1 < /dev/null
[953/2239] S042light.ext___db_parse_p75 dump=0 restore=0 verdict=ok
pbsprobe/pbs_sweep.sh: line 296: 1222320 Killed                  setsid bash -c "echo \$\$ > '${WORLD_CG_RUN:-$WORLD_CG}/cgroup.procs' && exec '$wlbin' --port $port --resume_file '$resume_f' $params $extra" > "$wlog" 2>&1 < /dev/null
[954/2239] S042light.ext___epg_index dump=0 restore=0 verdict=ok
pbsprobe/pbs_sweep.sh: line 296: 1223332 Killed                  setsid bash -c "echo \$\$ > '${WORLD_CG_RUN:-$WORLD_CG}/cgroup.procs' && exec '$wlbin' --port $port --resume_file '$resume_f' $params $extra" > "$wlog" 2>&1 < /dev/null
[955/2239] S042light.ext___epg_index_p25 dump=0 restore=0 verdict=ok
pbsprobe/pbs_sweep.sh: line 296: 1224341 Killed                  setsid bash -c "echo \$\$ > '${WORLD_CG_RUN:-$WORLD_CG}/cgroup.procs' && exec '$wlbin' --port $port --resume_file '$resume_f' $params $extra" > "$wlog" 2>&1 < /dev/null
[956/2239] S042light.ext___epg_index_p50 dump=0 restore=0 verdict=ok
pbsprobe/pbs_sweep.sh: line 296: 1225350 Killed                  setsid bash -c "echo \$\$ > '${WORLD_CG_RUN:-$WORLD_CG}/cgroup.procs' && exec '$wlbin' --port $port --resume_file '$resume_f' $params $extra" > "$wlog" 2>&1 < /dev/null
[957/2239] S042light.ext___epg_index_p75 dump=0 restore=0 verdict=ok
pbsprobe/pbs_sweep.sh: line 296: 1226355 Killed                  setsid bash -c "echo \$\$ > '${WORLD_CG_RUN:-$WORLD_CG}/cgroup.procs' && exec '$wlbin' --port $port --resume_file '$resume_f' $params $extra" > "$wlog" 2>&1 < /dev/null
[958/2239] S042light.ext___epg_text dump=0 restore=0 verdict=ok
pbsprobe/pbs_sweep.sh: line 296: 1227364 Killed                  setsid bash -c "echo \$\$ > '${WORLD_CG_RUN:-$WORLD_CG}/cgroup.procs' && exec '$wlbin' --port $port --resume_file '$resume_f' $params $extra" > "$wlog" 2>&1 < /dev/null
[959/2239] S042light.ext___epg_reserve dump=0 restore=0 verdict=ok
pbsprobe/pbs_sweep.sh: line 296: 1228369 Killed                  setsid bash -c "echo \$\$ > '${WORLD_CG_RUN:-$WORLD_CG}/cgroup.procs' && exec '$wlbin' --port $port --resume_file '$resume_f' $params $extra" > "$wlog" 2>&1 < /dev/null
[960/2239] S042light.ext___ready dump=0 restore=0 verdict=ok
pbsprobe/pbs_sweep.sh: line 296: 1229449 Killed                  setsid bash -c "echo \$\$ > '${WORLD_CG_RUN:-$WORLD_CG}/cgroup.procs' && exec '$wlbin' --port $port --resume_file '$resume_f' $params $extra" > "$wlog" 2>&1 < /dev/null
[961/2239] S042light.ext___steady dump=0 restore=0 verdict=ok
pbsprobe/pbs_sweep.sh: line 296: 1230592 Killed                  setsid bash -c "echo \$\$ > '${WORLD_CG_RUN:-$WORLD_CG}/cgroup.procs' && exec '$wlbin' --port $port --resume_file '$resume_f' $params $extra" > "$wlog" 2>&1 < /dev/null
[962/2239] S043light.tcp___init dump=0 restore=0 verdict=ok
pbsprobe/pbs_sweep.sh: line 296: 1231605 Killed                  setsid bash -c "echo \$\$ > '${WORLD_CG_RUN:-$WORLD_CG}/cgroup.procs' && exec '$wlbin' --port $port --resume_file '$resume_f' $params $extra" > "$wlog" 2>&1 < /dev/null
[963/2239] S043light.tcp___db_open dump=0 restore=0 verdict=ok
pbsprobe/pbs_sweep.sh: line 296: 1232610 Killed                  setsid bash -c "echo \$\$ > '${WORLD_CG_RUN:-$WORLD_CG}/cgroup.procs' && exec '$wlbin' --port $port --resume_file '$resume_f' $params $extra" > "$wlog" 2>&1 < /dev/null
[964/2239] S043light.tcp___db_read dump=0 restore=0 verdict=ok
pbsprobe/pbs_sweep.sh: line 296: 1233623 Killed                  setsid bash -c "echo \$\$ > '${WORLD_CG_RUN:-$WORLD_CG}/cgroup.procs' && exec '$wlbin' --port $port --resume_file '$resume_f' $params $extra" > "$wlog" 2>&1 < /dev/null
[965/2239] S043light.tcp___db_read_p25 dump=0 restore=0 verdict=ok
pbsprobe/pbs_sweep.sh: line 296: 1234628 Killed                  setsid bash -c "echo \$\$ > '${WORLD_CG_RUN:-$WORLD_CG}/cgroup.procs' && exec '$wlbin' --port $port --resume_file '$resume_f' $params $extra" > "$wlog" 2>&1 < /dev/null
[966/2239] S043light.tcp___db_read_p50 dump=0 restore=0 verdict=ok
pbsprobe/pbs_sweep.sh: line 296: 1235637 Killed                  setsid bash -c "echo \$\$ > '${WORLD_CG_RUN:-$WORLD_CG}/cgroup.procs' && exec '$wlbin' --port $port --resume_file '$resume_f' $params $extra" > "$wlog" 2>&1 < /dev/null
[967/2239] S043light.tcp___db_read_p75 dump=0 restore=0 verdict=ok
pbsprobe/pbs_sweep.sh: line 296: 1236654 Killed                  setsid bash -c "echo \$\$ > '${WORLD_CG_RUN:-$WORLD_CG}/cgroup.procs' && exec '$wlbin' --port $port --resume_file '$resume_f' $params $extra" > "$wlog" 2>&1 < /dev/null
[968/2239] S043light.tcp___db_parse dump=0 restore=0 verdict=ok
pbsprobe/pbs_sweep.sh: line 296: 1237663 Killed                  setsid bash -c "echo \$\$ > '${WORLD_CG_RUN:-$WORLD_CG}/cgroup.procs' && exec '$wlbin' --port $port --resume_file '$resume_f' $params $extra" > "$wlog" 2>&1 < /dev/null
[969/2239] S043light.tcp___db_parse_p25 dump=0 restore=0 verdict=ok
pbsprobe/pbs_sweep.sh: line 296: 1238668 Killed                  setsid bash -c "echo \$\$ > '${WORLD_CG_RUN:-$WORLD_CG}/cgroup.procs' && exec '$wlbin' --port $port --resume_file '$resume_f' $params $extra" > "$wlog" 2>&1 < /dev/null
[970/2239] S043light.tcp___db_parse_p50 dump=0 restore=0 verdict=ok
pbsprobe/pbs_sweep.sh: line 296: 1239681 Killed                  setsid bash -c "echo \$\$ > '${WORLD_CG_RUN:-$WORLD_CG}/cgroup.procs' && exec '$wlbin' --port $port --resume_file '$resume_f' $params $extra" > "$wlog" 2>&1 < /dev/null
[971/2239] S043light.tcp___db_parse_p75 dump=0 restore=0 verdict=ok
pbsprobe/pbs_sweep.sh: line 296: 1240694 Killed                  setsid bash -c "echo \$\$ > '${WORLD_CG_RUN:-$WORLD_CG}/cgroup.procs' && exec '$wlbin' --port $port --resume_file '$resume_f' $params $extra" > "$wlog" 2>&1 < /dev/null
[972/2239] S043light.tcp___epg_index dump=0 restore=0 verdict=ok
pbsprobe/pbs_sweep.sh: line 296: 1241699 Killed                  setsid bash -c "echo \$\$ > '${WORLD_CG_RUN:-$WORLD_CG}/cgroup.procs' && exec '$wlbin' --port $port --resume_file '$resume_f' $params $extra" > "$wlog" 2>&1 < /dev/null
[973/2239] S043light.tcp___epg_index_p25 dump=0 restore=0 verdict=ok
pbsprobe/pbs_sweep.sh: line 296: 1242708 Killed                  setsid bash -c "echo \$\$ > '${WORLD_CG_RUN:-$WORLD_CG}/cgroup.procs' && exec '$wlbin' --port $port --resume_file '$resume_f' $params $extra" > "$wlog" 2>&1 < /dev/null
[974/2239] S043light.tcp___epg_index_p50 dump=0 restore=0 verdict=ok
pbsprobe/pbs_sweep.sh: line 296: 1243717 Killed                  setsid bash -c "echo \$\$ > '${WORLD_CG_RUN:-$WORLD_CG}/cgroup.procs' && exec '$wlbin' --port $port --resume_file '$resume_f' $params $extra" > "$wlog" 2>&1 < /dev/null
[975/2239] S043light.tcp___epg_index_p75 dump=0 restore=0 verdict=ok
pbsprobe/pbs_sweep.sh: line 296: 1244730 Killed                  setsid bash -c "echo \$\$ > '${WORLD_CG_RUN:-$WORLD_CG}/cgroup.procs' && exec '$wlbin' --port $port --resume_file '$resume_f' $params $extra" > "$wlog" 2>&1 < /dev/null
[976/2239] S043light.tcp___epg_text dump=0 restore=0 verdict=ok
pbsprobe/pbs_sweep.sh: line 296: 1245735 Killed                  setsid bash -c "echo \$\$ > '${WORLD_CG_RUN:-$WORLD_CG}/cgroup.procs' && exec '$wlbin' --port $port --resume_file '$resume_f' $params $extra" > "$wlog" 2>&1 < /dev/null
[977/2239] S043light.tcp___epg_reserve dump=0 restore=0 verdict=ok
pbsprobe/pbs_sweep.sh: line 296: 1246748 Killed                  setsid bash -c "echo \$\$ > '${WORLD_CG_RUN:-$WORLD_CG}/cgroup.procs' && exec '$wlbin' --port $port --resume_file '$resume_f' $params $extra" > "$wlog" 2>&1 < /dev/null
[978/2239] S043light.tcp___ready dump=0 restore=0 verdict=ok
pbsprobe/pbs_sweep.sh: line 296: 1247831 Killed                  setsid bash -c "echo \$\$ > '${WORLD_CG_RUN:-$WORLD_CG}/cgroup.procs' && exec '$wlbin' --port $port --resume_file '$resume_f' $params $extra" > "$wlog" 2>&1 < /dev/null
[979/2239] S043light.tcp___steady dump=0 restore=0 verdict=ok
pbsprobe/pbs_sweep.sh: line 296: 1248974 Killed                  setsid bash -c "echo \$\$ > '${WORLD_CG_RUN:-$WORLD_CG}/cgroup.procs' && exec '$wlbin' --port $port --resume_file '$resume_f' $params $extra" > "$wlog" 2>&1 < /dev/null
[980/2239] S044light.file__init dump=0 restore=0 verdict=ok
pbsprobe/pbs_sweep.sh: line 296: 1249995 Killed                  setsid bash -c "echo \$\$ > '${WORLD_CG_RUN:-$WORLD_CG}/cgroup.procs' && exec '$wlbin' --port $port --resume_file '$resume_f' $params $extra" > "$wlog" 2>&1 < /dev/null
[981/2239] S044light.file__db_open dump=0 restore=0 verdict=ok
pbsprobe/pbs_sweep.sh: line 296: 1251004 Killed                  setsid bash -c "echo \$\$ > '${WORLD_CG_RUN:-$WORLD_CG}/cgroup.procs' && exec '$wlbin' --port $port --resume_file '$resume_f' $params $extra" > "$wlog" 2>&1 < /dev/null
[982/2239] S044light.file__db_read dump=0 restore=0 verdict=ok
pbsprobe/pbs_sweep.sh: line 296: 1252017 Killed                  setsid bash -c "echo \$\$ > '${WORLD_CG_RUN:-$WORLD_CG}/cgroup.procs' && exec '$wlbin' --port $port --resume_file '$resume_f' $params $extra" > "$wlog" 2>&1 < /dev/null
[983/2239] S044light.file__db_read_p25 dump=0 restore=0 verdict=ok
pbsprobe/pbs_sweep.sh: line 296: 1253030 Killed                  setsid bash -c "echo \$\$ > '${WORLD_CG_RUN:-$WORLD_CG}/cgroup.procs' && exec '$wlbin' --port $port --resume_file '$resume_f' $params $extra" > "$wlog" 2>&1 < /dev/null
[984/2239] S044light.file__db_read_p50 dump=0 restore=0 verdict=ok
pbsprobe/pbs_sweep.sh: line 296: 1254043 Killed                  setsid bash -c "echo \$\$ > '${WORLD_CG_RUN:-$WORLD_CG}/cgroup.procs' && exec '$wlbin' --port $port --resume_file '$resume_f' $params $extra" > "$wlog" 2>&1 < /dev/null
[985/2239] S044light.file__db_read_p75 dump=0 restore=0 verdict=ok
pbsprobe/pbs_sweep.sh: line 296: 1255056 Killed                  setsid bash -c "echo \$\$ > '${WORLD_CG_RUN:-$WORLD_CG}/cgroup.procs' && exec '$wlbin' --port $port --resume_file '$resume_f' $params $extra" > "$wlog" 2>&1 < /dev/null
[986/2239] S044light.file__db_parse dump=0 restore=0 verdict=ok
pbsprobe/pbs_sweep.sh: line 296: 1256069 Killed                  setsid bash -c "echo \$\$ > '${WORLD_CG_RUN:-$WORLD_CG}/cgroup.procs' && exec '$wlbin' --port $port --resume_file '$resume_f' $params $extra" > "$wlog" 2>&1 < /dev/null
[987/2239] S044light.file__db_parse_p25 dump=0 restore=0 verdict=ok
pbsprobe/pbs_sweep.sh: line 296: 1257078 Killed                  setsid bash -c "echo \$\$ > '${WORLD_CG_RUN:-$WORLD_CG}/cgroup.procs' && exec '$wlbin' --port $port --resume_file '$resume_f' $params $extra" > "$wlog" 2>&1 < /dev/null
[988/2239] S044light.file__db_parse_p50 dump=0 restore=0 verdict=ok
pbsprobe/pbs_sweep.sh: line 296: 1258091 Killed                  setsid bash -c "echo \$\$ > '${WORLD_CG_RUN:-$WORLD_CG}/cgroup.procs' && exec '$wlbin' --port $port --resume_file '$resume_f' $params $extra" > "$wlog" 2>&1 < /dev/null
[989/2239] S044light.file__db_parse_p75 dump=0 restore=0 verdict=ok
pbsprobe/pbs_sweep.sh: line 296: 1259108 Killed                  setsid bash -c "echo \$\$ > '${WORLD_CG_RUN:-$WORLD_CG}/cgroup.procs' && exec '$wlbin' --port $port --resume_file '$resume_f' $params $extra" > "$wlog" 2>&1 < /dev/null
[990/2239] S044light.file__epg_index dump=0 restore=0 verdict=ok
pbsprobe/pbs_sweep.sh: line 296: 1260113 Killed                  setsid bash -c "echo \$\$ > '${WORLD_CG_RUN:-$WORLD_CG}/cgroup.procs' && exec '$wlbin' --port $port --resume_file '$resume_f' $params $extra" > "$wlog" 2>&1 < /dev/null
[991/2239] S044light.file__epg_index_p25 dump=0 restore=0 verdict=ok
pbsprobe/pbs_sweep.sh: line 296: 1261122 Killed                  setsid bash -c "echo \$\$ > '${WORLD_CG_RUN:-$WORLD_CG}/cgroup.procs' && exec '$wlbin' --port $port --resume_file '$resume_f' $params $extra" > "$wlog" 2>&1 < /dev/null
[992/2239] S044light.file__epg_index_p50 dump=0 restore=0 verdict=ok
pbsprobe/pbs_sweep.sh: line 296: 1262131 Killed                  setsid bash -c "echo \$\$ > '${WORLD_CG_RUN:-$WORLD_CG}/cgroup.procs' && exec '$wlbin' --port $port --resume_file '$resume_f' $params $extra" > "$wlog" 2>&1 < /dev/null
[993/2239] S044light.file__epg_index_p75 dump=0 restore=0 verdict=ok
pbsprobe/pbs_sweep.sh: line 296: 1263140 Killed                  setsid bash -c "echo \$\$ > '${WORLD_CG_RUN:-$WORLD_CG}/cgroup.procs' && exec '$wlbin' --port $port --resume_file '$resume_f' $params $extra" > "$wlog" 2>&1 < /dev/null
[994/2239] S044light.file__epg_text dump=0 restore=0 verdict=ok
pbsprobe/pbs_sweep.sh: line 296: 1264145 Killed                  setsid bash -c "echo \$\$ > '${WORLD_CG_RUN:-$WORLD_CG}/cgroup.procs' && exec '$wlbin' --port $port --resume_file '$resume_f' $params $extra" > "$wlog" 2>&1 < /dev/null
[995/2239] S044light.file__epg_reserve dump=0 restore=0 verdict=ok
pbsprobe/pbs_sweep.sh: line 296: 1265154 Killed                  setsid bash -c "echo \$\$ > '${WORLD_CG_RUN:-$WORLD_CG}/cgroup.procs' && exec '$wlbin' --port $port --resume_file '$resume_f' $params $extra" > "$wlog" 2>&1 < /dev/null
[996/2239] S044light.file__ready dump=0 restore=0 verdict=ok
pbsprobe/pbs_sweep.sh: line 296: 1266230 Killed                  setsid bash -c "echo \$\$ > '${WORLD_CG_RUN:-$WORLD_CG}/cgroup.procs' && exec '$wlbin' --port $port --resume_file '$resume_f' $params $extra" > "$wlog" 2>&1 < /dev/null
[997/2239] S044light.file__steady dump=0 restore=0 verdict=ok
pbsprobe/pbs_sweep.sh: line 296: 1267361 Killed                  setsid bash -c "echo \$\$ > '${WORLD_CG_RUN:-$WORLD_CG}/cgroup.procs' && exec '$wlbin' --port $port --resume_file '$resume_f' $params $extra" > "$wlog" 2>&1 < /dev/null
[998/2239] S045light.perm__init dump=0 restore=0 verdict=ok
pbsprobe/pbs_sweep.sh: line 296: 1268382 Killed                  setsid bash -c "echo \$\$ > '${WORLD_CG_RUN:-$WORLD_CG}/cgroup.procs' && exec '$wlbin' --port $port --resume_file '$resume_f' $params $extra" > "$wlog" 2>&1 < /dev/null
[999/2239] S045light.perm__db_open dump=0 restore=0 verdict=ok
pbsprobe/pbs_sweep.sh: line 296: 1269391 Killed                  setsid bash -c "echo \$\$ > '${WORLD_CG_RUN:-$WORLD_CG}/cgroup.procs' && exec '$wlbin' --port $port --resume_file '$resume_f' $params $extra" > "$wlog" 2>&1 < /dev/null
[1000/2239] S045light.perm__db_read dump=0 restore=0 verdict=ok
pbsprobe/pbs_sweep.sh: line 296: 1270404 Killed                  setsid bash -c "echo \$\$ > '${WORLD_CG_RUN:-$WORLD_CG}/cgroup.procs' && exec '$wlbin' --port $port --resume_file '$resume_f' $params $extra" > "$wlog" 2>&1 < /dev/null
[1001/2239] S045light.perm__db_read_p25 dump=0 restore=0 verdict=ok
pbsprobe/pbs_sweep.sh: line 296: 1271413 Killed                  setsid bash -c "echo \$\$ > '${WORLD_CG_RUN:-$WORLD_CG}/cgroup.procs' && exec '$wlbin' --port $port --resume_file '$resume_f' $params $extra" > "$wlog" 2>&1 < /dev/null
[1002/2239] S045light.perm__db_read_p50 dump=0 restore=0 verdict=ok
pbsprobe/pbs_sweep.sh: line 296: 1272422 Killed                  setsid bash -c "echo \$\$ > '${WORLD_CG_RUN:-$WORLD_CG}/cgroup.procs' && exec '$wlbin' --port $port --resume_file '$resume_f' $params $extra" > "$wlog" 2>&1 < /dev/null
[1003/2239] S045light.perm__db_read_p75 dump=0 restore=0 verdict=ok
pbsprobe/pbs_sweep.sh: line 296: 1273427 Killed                  setsid bash -c "echo \$\$ > '${WORLD_CG_RUN:-$WORLD_CG}/cgroup.procs' && exec '$wlbin' --port $port --resume_file '$resume_f' $params $extra" > "$wlog" 2>&1 < /dev/null
[1004/2239] S045light.perm__db_parse dump=0 restore=0 verdict=ok
pbsprobe/pbs_sweep.sh: line 296: 1274440 Killed                  setsid bash -c "echo \$\$ > '${WORLD_CG_RUN:-$WORLD_CG}/cgroup.procs' && exec '$wlbin' --port $port --resume_file '$resume_f' $params $extra" > "$wlog" 2>&1 < /dev/null
[1005/2239] S045light.perm__db_parse_p25 dump=0 restore=0 verdict=ok
pbsprobe/pbs_sweep.sh: line 296: 1275449 Killed                  setsid bash -c "echo \$\$ > '${WORLD_CG_RUN:-$WORLD_CG}/cgroup.procs' && exec '$wlbin' --port $port --resume_file '$resume_f' $params $extra" > "$wlog" 2>&1 < /dev/null
[1006/2239] S045light.perm__db_parse_p50 dump=0 restore=0 verdict=ok
pbsprobe/pbs_sweep.sh: line 296: 1276458 Killed                  setsid bash -c "echo \$\$ > '${WORLD_CG_RUN:-$WORLD_CG}/cgroup.procs' && exec '$wlbin' --port $port --resume_file '$resume_f' $params $extra" > "$wlog" 2>&1 < /dev/null
[1007/2239] S045light.perm__db_parse_p75 dump=0 restore=0 verdict=ok
pbsprobe/pbs_sweep.sh: line 296: 1277471 Killed                  setsid bash -c "echo \$\$ > '${WORLD_CG_RUN:-$WORLD_CG}/cgroup.procs' && exec '$wlbin' --port $port --resume_file '$resume_f' $params $extra" > "$wlog" 2>&1 < /dev/null
[1008/2239] S045light.perm__epg_index dump=0 restore=0 verdict=ok
pbsprobe/pbs_sweep.sh: line 296: 1278480 Killed                  setsid bash -c "echo \$\$ > '${WORLD_CG_RUN:-$WORLD_CG}/cgroup.procs' && exec '$wlbin' --port $port --resume_file '$resume_f' $params $extra" > "$wlog" 2>&1 < /dev/null
[1009/2239] S045light.perm__epg_index_p25 dump=0 restore=0 verdict=ok
pbsprobe/pbs_sweep.sh: line 296: 1279489 Killed                  setsid bash -c "echo \$\$ > '${WORLD_CG_RUN:-$WORLD_CG}/cgroup.procs' && exec '$wlbin' --port $port --resume_file '$resume_f' $params $extra" > "$wlog" 2>&1 < /dev/null
[1010/2239] S045light.perm__epg_index_p50 dump=0 restore=0 verdict=ok
pbsprobe/pbs_sweep.sh: line 296: 1280498 Killed                  setsid bash -c "echo \$\$ > '${WORLD_CG_RUN:-$WORLD_CG}/cgroup.procs' && exec '$wlbin' --port $port --resume_file '$resume_f' $params $extra" > "$wlog" 2>&1 < /dev/null
[1011/2239] S045light.perm__epg_index_p75 dump=0 restore=0 verdict=ok
pbsprobe/pbs_sweep.sh: line 296: 1281507 Killed                  setsid bash -c "echo \$\$ > '${WORLD_CG_RUN:-$WORLD_CG}/cgroup.procs' && exec '$wlbin' --port $port --resume_file '$resume_f' $params $extra" > "$wlog" 2>&1 < /dev/null
[1012/2239] S045light.perm__epg_text dump=0 restore=0 verdict=ok
pbsprobe/pbs_sweep.sh: line 296: 1282516 Killed                  setsid bash -c "echo \$\$ > '${WORLD_CG_RUN:-$WORLD_CG}/cgroup.procs' && exec '$wlbin' --port $port --resume_file '$resume_f' $params $extra" > "$wlog" 2>&1 < /dev/null
[1013/2239] S045light.perm__epg_reserve dump=0 restore=0 verdict=ok
pbsprobe/pbs_sweep.sh: line 296: 1283521 Killed                  setsid bash -c "echo \$\$ > '${WORLD_CG_RUN:-$WORLD_CG}/cgroup.procs' && exec '$wlbin' --port $port --resume_file '$resume_f' $params $extra" > "$wlog" 2>&1 < /dev/null
[1014/2239] S045light.perm__ready dump=0 restore=0 verdict=ok
pbsprobe/pbs_sweep.sh: line 296: 1284596 Killed                  setsid bash -c "echo \$\$ > '${WORLD_CG_RUN:-$WORLD_CG}/cgroup.procs' && exec '$wlbin' --port $port --resume_file '$resume_f' $params $extra" > "$wlog" 2>&1 < /dev/null
[1015/2239] S045light.perm__steady dump=0 restore=0 verdict=ok
pbsprobe/pbs_sweep.sh: line 296: 1285731 Killed                  setsid bash -c "echo \$\$ > '${WORLD_CG_RUN:-$WORLD_CG}/cgroup.procs' && exec '$wlbin' --port $port --resume_file '$resume_f' $params $extra" > "$wlog" 2>&1 < /dev/null
[1016/2239] S046all.stri__init dump=0 restore=0 verdict=ok
pbsprobe/pbs_sweep.sh: line 296: 1288343 Killed                  setsid bash -c "echo \$\$ > '${WORLD_CG_RUN:-$WORLD_CG}/cgroup.procs' && exec '$wlbin' --port $port --resume_file '$resume_f' $params $extra" > "$wlog" 2>&1 < /dev/null
[1017/2239] S046all.stri__sig_pending dump=0 restore=0 verdict=ok
pbsprobe/pbs_sweep.sh: line 296: 1290947 Killed                  setsid bash -c "echo \$\$ > '${WORLD_CG_RUN:-$WORLD_CG}/cgroup.procs' && exec '$wlbin' --port $port --resume_file '$resume_f' $params $extra" > "$wlog" 2>&1 < /dev/null
[1018/2239] S046all.stri__dev_urandom dump=0 restore=0 verdict=ok
[1019/2239] S046all.stri__log_open dump=1 restore=na verdict=dump_fail
pbsprobe/pbs_sweep.sh: line 257: 1293563 Killed                  setsid bash -c "echo \$\$ > '${WORLD_CG_RUN:-$WORLD_CG}/cgroup.procs' && exec '$wlbin' --port $port --resume_file '$resume_f' $params $extra" > "$wlog" 2>&1 < /dev/null
[1020/2239] S046all.stri__db_open dump=1 restore=na verdict=dump_fail
pbsprobe/pbs_sweep.sh: line 257: 1293795 Killed                  setsid bash -c "echo \$\$ > '${WORLD_CG_RUN:-$WORLD_CG}/cgroup.procs' && exec '$wlbin' --port $port --resume_file '$resume_f' $params $extra" > "$wlog" 2>&1 < /dev/null
[1021/2239] S046all.stri__db_lock dump=1 restore=na verdict=dump_fail
pbsprobe/pbs_sweep.sh: line 257: 1294083 Killed                  setsid bash -c "echo \$\$ > '${WORLD_CG_RUN:-$WORLD_CG}/cgroup.procs' && exec '$wlbin' --port $port --resume_file '$resume_f' $params $extra" > "$wlog" 2>&1 < /dev/null
[1022/2239] S046all.stri__db_read_p25 dump=1 restore=na verdict=dump_fail
pbsprobe/pbs_sweep.sh: line 257: 1294431 Killed                  setsid bash -c "echo \$\$ > '${WORLD_CG_RUN:-$WORLD_CG}/cgroup.procs' && exec '$wlbin' --port $port --resume_file '$resume_f' $params $extra" > "$wlog" 2>&1 < /dev/null
[1023/2239] S046all.stri__db_read_p50 dump=1 restore=na verdict=dump_fail
pbsprobe/pbs_sweep.sh: line 257: 1294834 Killed                  setsid bash -c "echo \$\$ > '${WORLD_CG_RUN:-$WORLD_CG}/cgroup.procs' && exec '$wlbin' --port $port --resume_file '$resume_f' $params $extra" > "$wlog" 2>&1 < /dev/null
[1024/2239] S046all.stri__db_read_p75 dump=1 restore=na verdict=dump_fail
pbsprobe/pbs_sweep.sh: line 257: 1295297 Killed                  setsid bash -c "echo \$\$ > '${WORLD_CG_RUN:-$WORLD_CG}/cgroup.procs' && exec '$wlbin' --port $port --resume_file '$resume_f' $params $extra" > "$wlog" 2>&1 < /dev/null
[1025/2239] S046all.stri__db_parse dump=1 restore=na verdict=dump_fail
pbsprobe/pbs_sweep.sh: line 257: 1295815 Killed                  setsid bash -c "echo \$\$ > '${WORLD_CG_RUN:-$WORLD_CG}/cgroup.procs' && exec '$wlbin' --port $port --resume_file '$resume_f' $params $extra" > "$wlog" 2>&1 < /dev/null
[1026/2239] S046all.stri__db_parse_p25 dump=1 restore=na verdict=dump_fail
pbsprobe/pbs_sweep.sh: line 257: 1296612 Killed                  setsid bash -c "echo \$\$ > '${WORLD_CG_RUN:-$WORLD_CG}/cgroup.procs' && exec '$wlbin' --port $port --resume_file '$resume_f' $params $extra" > "$wlog" 2>&1 < /dev/null
[1027/2239] S046all.stri__db_parse_p50 dump=1 restore=na verdict=dump_fail
pbsprobe/pbs_sweep.sh: line 257: 1297242 Killed                  setsid bash -c "echo \$\$ > '${WORLD_CG_RUN:-$WORLD_CG}/cgroup.procs' && exec '$wlbin' --port $port --resume_file '$resume_f' $params $extra" > "$wlog" 2>&1 < /dev/null
[1028/2239] S046all.stri__db_parse_p75 dump=1 restore=na verdict=dump_fail
pbsprobe/pbs_sweep.sh: line 257: 1297927 Killed                  setsid bash -c "echo \$\$ > '${WORLD_CG_RUN:-$WORLD_CG}/cgroup.procs' && exec '$wlbin' --port $port --resume_file '$resume_f' $params $extra" > "$wlog" 2>&1 < /dev/null
[1029/2239] S046all.stri__epg_index dump=1 restore=na verdict=dump_fail
pbsprobe/pbs_sweep.sh: line 257: 1298668 Killed                  setsid bash -c "echo \$\$ > '${WORLD_CG_RUN:-$WORLD_CG}/cgroup.procs' && exec '$wlbin' --port $port --resume_file '$resume_f' $params $extra" > "$wlog" 2>&1 < /dev/null
[1030/2239] S046all.stri__epg_index_p25 dump=1 restore=na verdict=dump_fail
pbsprobe/pbs_sweep.sh: line 257: 1299699 Killed                  setsid bash -c "echo \$\$ > '${WORLD_CG_RUN:-$WORLD_CG}/cgroup.procs' && exec '$wlbin' --port $port --resume_file '$resume_f' $params $extra" > "$wlog" 2>&1 < /dev/null
[1031/2239] S046all.stri__epg_index_p50 dump=1 restore=na verdict=dump_fail
pbsprobe/pbs_sweep.sh: line 257: 1300551 Killed                  setsid bash -c "echo \$\$ > '${WORLD_CG_RUN:-$WORLD_CG}/cgroup.procs' && exec '$wlbin' --port $port --resume_file '$resume_f' $params $extra" > "$wlog" 2>&1 < /dev/null
[1032/2239] S046all.stri__epg_index_p75 dump=1 restore=na verdict=dump_fail
pbsprobe/pbs_sweep.sh: line 257: 1301470 Killed                  setsid bash -c "echo \$\$ > '${WORLD_CG_RUN:-$WORLD_CG}/cgroup.procs' && exec '$wlbin' --port $port --resume_file '$resume_f' $params $extra" > "$wlog" 2>&1 < /dev/null
[1033/2239] S046all.stri__epg_text dump=1 restore=na verdict=dump_fail
pbsprobe/pbs_sweep.sh: line 257: 1302449 Killed                  setsid bash -c "echo \$\$ > '${WORLD_CG_RUN:-$WORLD_CG}/cgroup.procs' && exec '$wlbin' --port $port --resume_file '$resume_f' $params $extra" > "$wlog" 2>&1 < /dev/null
[1034/2239] S046all.stri__epg_reserve dump=1 restore=na verdict=dump_fail
pbsprobe/pbs_sweep.sh: line 257: 1303532 Killed                  setsid bash -c "echo \$\$ > '${WORLD_CG_RUN:-$WORLD_CG}/cgroup.procs' && exec '$wlbin' --port $port --resume_file '$resume_f' $params $extra" > "$wlog" 2>&1 < /dev/null
[1035/2239] S046all.stri__thread1 dump=1 restore=na verdict=dump_fail
pbsprobe/pbs_sweep.sh: line 257: 1304679 Killed                  setsid bash -c "echo \$\$ > '${WORLD_CG_RUN:-$WORLD_CG}/cgroup.procs' && exec '$wlbin' --port $port --resume_file '$resume_f' $params $extra" > "$wlog" 2>&1 < /dev/null
[1036/2239] S046all.stri__thread2 dump=1 restore=na verdict=dump_fail
pbsprobe/pbs_sweep.sh: line 257: 1305882 Killed                  setsid bash -c "echo \$\$ > '${WORLD_CG_RUN:-$WORLD_CG}/cgroup.procs' && exec '$wlbin' --port $port --resume_file '$resume_f' $params $extra" > "$wlog" 2>&1 < /dev/null
[1037/2239] S046all.stri__thread3 dump=1 restore=na verdict=dump_fail
pbsprobe/pbs_sweep.sh: line 257: 1307143 Killed                  setsid bash -c "echo \$\$ > '${WORLD_CG_RUN:-$WORLD_CG}/cgroup.procs' && exec '$wlbin' --port $port --resume_file '$resume_f' $params $extra" > "$wlog" 2>&1 < /dev/null
[1038/2239] S046all.stri__thread4 dump=1 restore=na verdict=dump_fail
pbsprobe/pbs_sweep.sh: line 257: 1308463 Killed                  setsid bash -c "echo \$\$ > '${WORLD_CG_RUN:-$WORLD_CG}/cgroup.procs' && exec '$wlbin' --port $port --resume_file '$resume_f' $params $extra" > "$wlog" 2>&1 < /dev/null
[1039/2239] S046all.stri__helper_forked dump=1 restore=na verdict=dump_fail
pbsprobe/pbs_sweep.sh: line 257: 1309837 Killed                  setsid bash -c "echo \$\$ > '${WORLD_CG_RUN:-$WORLD_CG}/cgroup.procs' && exec '$wlbin' --port $port --resume_file '$resume_f' $params $extra" > "$wlog" 2>&1 < /dev/null
[1040/2239] S046all.stri__zombie_made dump=1 restore=na verdict=dump_fail
pbsprobe/pbs_sweep.sh: line 257: 1311271 Killed                  setsid bash -c "echo \$\$ > '${WORLD_CG_RUN:-$WORLD_CG}/cgroup.procs' && exec '$wlbin' --port $port --resume_file '$resume_f' $params $extra" > "$wlog" 2>&1 < /dev/null
[1041/2239] S046all.stri__selfpipe dump=1 restore=na verdict=dump_fail
pbsprobe/pbs_sweep.sh: line 257: 1312765 Killed                  setsid bash -c "echo \$\$ > '${WORLD_CG_RUN:-$WORLD_CG}/cgroup.procs' && exec '$wlbin' --port $port --resume_file '$resume_f' $params $extra" > "$wlog" 2>&1 < /dev/null
[1042/2239] S046all.stri__eventfd_open dump=1 restore=na verdict=dump_fail
pbsprobe/pbs_sweep.sh: line 257: 1314306 Killed                  setsid bash -c "echo \$\$ > '${WORLD_CG_RUN:-$WORLD_CG}/cgroup.procs' && exec '$wlbin' --port $port --resume_file '$resume_f' $params $extra" > "$wlog" 2>&1 < /dev/null
[1043/2239] S046all.stri__shm_map dump=1 restore=na verdict=dump_fail
pbsprobe/pbs_sweep.sh: line 257: 1315915 Killed                  setsid bash -c "echo \$\$ > '${WORLD_CG_RUN:-$WORLD_CG}/cgroup.procs' && exec '$wlbin' --port $port --resume_file '$resume_f' $params $extra" > "$wlog" 2>&1 < /dev/null
[1044/2239] S046all.stri__workdir dump=1 restore=na verdict=dump_fail
pbsprobe/pbs_sweep.sh: line 257: 1317583 Killed                  setsid bash -c "echo \$\$ > '${WORLD_CG_RUN:-$WORLD_CG}/cgroup.procs' && exec '$wlbin' --port $port --resume_file '$resume_f' $params $extra" > "$wlog" 2>&1 < /dev/null
[1045/2239] S046all.stri__tmp_journal dump=1 restore=na verdict=dump_fail
pbsprobe/pbs_sweep.sh: line 257: 1319311 Killed                  setsid bash -c "echo \$\$ > '${WORLD_CG_RUN:-$WORLD_CG}/cgroup.procs' && exec '$wlbin' --port $port --resume_file '$resume_f' $params $extra" > "$wlog" 2>&1 < /dev/null
[1046/2239] S046all.stri__hub_conn1 dump=1 restore=na verdict=dump_fail
pbsprobe/pbs_sweep.sh: line 257: 1321098 Killed                  setsid bash -c "echo \$\$ > '${WORLD_CG_RUN:-$WORLD_CG}/cgroup.procs' && exec '$wlbin' --port $port --resume_file '$resume_f' $params $extra" > "$wlog" 2>&1 < /dev/null
[1047/2239] S046all.stri__hub_conn2 dump=1 restore=na verdict=dump_fail
pbsprobe/pbs_sweep.sh: line 257: 1322926 Killed                  setsid bash -c "echo \$\$ > '${WORLD_CG_RUN:-$WORLD_CG}/cgroup.procs' && exec '$wlbin' --port $port --resume_file '$resume_f' $params $extra" > "$wlog" 2>&1 < /dev/null
[1048/2239] S046all.stri__hub_conn3 dump=1 restore=na verdict=dump_fail
pbsprobe/pbs_sweep.sh: line 257: 1324820 Killed                  setsid bash -c "echo \$\$ > '${WORLD_CG_RUN:-$WORLD_CG}/cgroup.procs' && exec '$wlbin' --port $port --resume_file '$resume_f' $params $extra" > "$wlog" 2>&1 < /dev/null
[1049/2239] S046all.stri__hub_conn4 dump=1 restore=na verdict=dump_fail
pbsprobe/pbs_sweep.sh: line 257: 1326767 Killed                  setsid bash -c "echo \$\$ > '${WORLD_CG_RUN:-$WORLD_CG}/cgroup.procs' && exec '$wlbin' --port $port --resume_file '$resume_f' $params $extra" > "$wlog" 2>&1 < /dev/null
[1050/2239] S046all.stri__hub_subscribed dump=1 restore=na verdict=dump_fail
pbsprobe/pbs_sweep.sh: line 257: 1328781 Killed                  setsid bash -c "echo \$\$ > '${WORLD_CG_RUN:-$WORLD_CG}/cgroup.procs' && exec '$wlbin' --port $port --resume_file '$resume_f' $params $extra" > "$wlog" 2>&1 < /dev/null
[1051/2239] S046all.stri__render_conn dump=1 restore=na verdict=dump_fail
pbsprobe/pbs_sweep.sh: line 257: 1330838 Killed                  setsid bash -c "echo \$\$ > '${WORLD_CG_RUN:-$WORLD_CG}/cgroup.procs' && exec '$wlbin' --port $port --resume_file '$resume_f' $params $extra" > "$wlog" 2>&1 < /dev/null
[1052/2239] S046all.stri__tcp_conn dump=1 restore=na verdict=dump_fail
pbsprobe/pbs_sweep.sh: line 257: 1332960 Killed                  setsid bash -c "echo \$\$ > '${WORLD_CG_RUN:-$WORLD_CG}/cgroup.procs' && exec '$wlbin' --port $port --resume_file '$resume_f' $params $extra" > "$wlog" 2>&1 < /dev/null
[1053/2239] S046all.stri__epoll_open dump=1 restore=na verdict=dump_fail
pbsprobe/pbs_sweep.sh: line 257: 1335144 Killed                  setsid bash -c "echo \$\$ > '${WORLD_CG_RUN:-$WORLD_CG}/cgroup.procs' && exec '$wlbin' --port $port --resume_file '$resume_f' $params $extra" > "$wlog" 2>&1 < /dev/null
[1054/2239] S046all.stri__svc_listen dump=1 restore=na verdict=dump_fail
pbsprobe/pbs_sweep.sh: line 257: 1337385 Killed                  setsid bash -c "echo \$\$ > '${WORLD_CG_RUN:-$WORLD_CG}/cgroup.procs' && exec '$wlbin' --port $port --resume_file '$resume_f' $params $extra" > "$wlog" 2>&1 < /dev/null
[1055/2239] S046all.stri__udp_open dump=1 restore=na verdict=dump_fail
pbsprobe/pbs_sweep.sh: line 257: 1339669 Killed                  setsid bash -c "echo \$\$ > '${WORLD_CG_RUN:-$WORLD_CG}/cgroup.procs' && exec '$wlbin' --port $port --resume_file '$resume_f' $params $extra" > "$wlog" 2>&1 < /dev/null
[1056/2239] S046all.stri__netlink_open dump=1 restore=na verdict=dump_fail
pbsprobe/pbs_sweep.sh: line 257: 1342020 Killed                  setsid bash -c "echo \$\$ > '${WORLD_CG_RUN:-$WORLD_CG}/cgroup.procs' && exec '$wlbin' --port $port --resume_file '$resume_f' $params $extra" > "$wlog" 2>&1 < /dev/null
[1057/2239] S046all.stri__timer_armed dump=1 restore=na verdict=dump_fail
pbsprobe/pbs_sweep.sh: line 257: 1344424 Killed                  setsid bash -c "echo \$\$ > '${WORLD_CG_RUN:-$WORLD_CG}/cgroup.procs' && exec '$wlbin' --port $port --resume_file '$resume_f' $params $extra" > "$wlog" 2>&1 < /dev/null
[1058/2239] S046all.stri__db_watch dump=1 restore=na verdict=dump_fail
pbsprobe/pbs_sweep.sh: line 257: 1346882 Killed                  setsid bash -c "echo \$\$ > '${WORLD_CG_RUN:-$WORLD_CG}/cgroup.procs' && exec '$wlbin' --port $port --resume_file '$resume_f' $params $extra" > "$wlog" 2>&1 < /dev/null
[1059/2239] S046all.stri__db_mmap dump=1 restore=na verdict=dump_fail
pbsprobe/pbs_sweep.sh: line 257: 1349401 Killed                  setsid bash -c "echo \$\$ > '${WORLD_CG_RUN:-$WORLD_CG}/cgroup.procs' && exec '$wlbin' --port $port --resume_file '$resume_f' $params $extra" > "$wlog" 2>&1 < /dev/null
[1060/2239] S046all.stri__ready dump=1 restore=na verdict=dump_fail
pbsprobe/pbs_sweep.sh: line 257: 1351971 Killed                  setsid bash -c "echo \$\$ > '${WORLD_CG_RUN:-$WORLD_CG}/cgroup.procs' && exec '$wlbin' --port $port --resume_file '$resume_f' $params $extra" > "$wlog" 2>&1 < /dev/null
[1061/2239] S046all.stri__steady dump=1 restore=na verdict=dump_fail
pbsprobe/pbs_sweep.sh: line 257: 1354598 Killed                  setsid bash -c "echo \$\$ > '${WORLD_CG_RUN:-$WORLD_CG}/cgroup.procs' && exec '$wlbin' --port $port --resume_file '$resume_f' $params $extra" > "$wlog" 2>&1 < /dev/null
pbsprobe/pbs_sweep.sh: line 296: 1357300 Killed                  setsid bash -c "echo \$\$ > '${WORLD_CG_RUN:-$WORLD_CG}/cgroup.procs' && exec '$wlbin' --port $port --resume_file '$resume_f' $params $extra" > "$wlog" 2>&1 < /dev/null
[1062/2239] S047all.ext___init dump=0 restore=0 verdict=ok
pbsprobe/pbs_sweep.sh: line 296: 1359920 Killed                  setsid bash -c "echo \$\$ > '${WORLD_CG_RUN:-$WORLD_CG}/cgroup.procs' && exec '$wlbin' --port $port --resume_file '$resume_f' $params $extra" > "$wlog" 2>&1 < /dev/null
[1063/2239] S047all.ext___sig_pending dump=0 restore=0 verdict=ok
pbsprobe/pbs_sweep.sh: line 296: 1362543 Killed                  setsid bash -c "echo \$\$ > '${WORLD_CG_RUN:-$WORLD_CG}/cgroup.procs' && exec '$wlbin' --port $port --resume_file '$resume_f' $params $extra" > "$wlog" 2>&1 < /dev/null
[1064/2239] S047all.ext___dev_urandom dump=0 restore=0 verdict=ok
pbsprobe/pbs_sweep.sh: line 296: 1365155 Killed                  setsid bash -c "echo \$\$ > '${WORLD_CG_RUN:-$WORLD_CG}/cgroup.procs' && exec '$wlbin' --port $port --resume_file '$resume_f' $params $extra" > "$wlog" 2>&1 < /dev/null
[1065/2239] S047all.ext___log_open dump=0 restore=0 verdict=ok
pbsprobe/pbs_sweep.sh: line 296: 1367767 Killed                  setsid bash -c "echo \$\$ > '${WORLD_CG_RUN:-$WORLD_CG}/cgroup.procs' && exec '$wlbin' --port $port --resume_file '$resume_f' $params $extra" > "$wlog" 2>&1 < /dev/null
[1066/2239] S047all.ext___db_open dump=0 restore=0 verdict=ok
[1067/2239] S047all.ext___db_lock dump=1 restore=na verdict=dump_fail
pbsprobe/pbs_sweep.sh: line 257: 1370375 Killed                  setsid bash -c "echo \$\$ > '${WORLD_CG_RUN:-$WORLD_CG}/cgroup.procs' && exec '$wlbin' --port $port --resume_file '$resume_f' $params $extra" > "$wlog" 2>&1 < /dev/null
[1068/2239] S047all.ext___db_read_p25 dump=1 restore=na verdict=dump_fail
pbsprobe/pbs_sweep.sh: line 257: 1370726 Killed                  setsid bash -c "echo \$\$ > '${WORLD_CG_RUN:-$WORLD_CG}/cgroup.procs' && exec '$wlbin' --port $port --resume_file '$resume_f' $params $extra" > "$wlog" 2>&1 < /dev/null
[1069/2239] S047all.ext___db_read_p50 dump=1 restore=na verdict=dump_fail
pbsprobe/pbs_sweep.sh: line 257: 1371126 Killed                  setsid bash -c "echo \$\$ > '${WORLD_CG_RUN:-$WORLD_CG}/cgroup.procs' && exec '$wlbin' --port $port --resume_file '$resume_f' $params $extra" > "$wlog" 2>&1 < /dev/null
[1070/2239] S047all.ext___db_read_p75 dump=1 restore=na verdict=dump_fail
pbsprobe/pbs_sweep.sh: line 257: 1371588 Killed                  setsid bash -c "echo \$\$ > '${WORLD_CG_RUN:-$WORLD_CG}/cgroup.procs' && exec '$wlbin' --port $port --resume_file '$resume_f' $params $extra" > "$wlog" 2>&1 < /dev/null
[1071/2239] S047all.ext___db_parse dump=1 restore=na verdict=dump_fail
pbsprobe/pbs_sweep.sh: line 257: 1372103 Killed                  setsid bash -c "echo \$\$ > '${WORLD_CG_RUN:-$WORLD_CG}/cgroup.procs' && exec '$wlbin' --port $port --resume_file '$resume_f' $params $extra" > "$wlog" 2>&1 < /dev/null
[1072/2239] S047all.ext___db_parse_p25 dump=1 restore=na verdict=dump_fail
pbsprobe/pbs_sweep.sh: line 257: 1372903 Killed                  setsid bash -c "echo \$\$ > '${WORLD_CG_RUN:-$WORLD_CG}/cgroup.procs' && exec '$wlbin' --port $port --resume_file '$resume_f' $params $extra" > "$wlog" 2>&1 < /dev/null
[1073/2239] S047all.ext___db_parse_p50 dump=1 restore=na verdict=dump_fail
pbsprobe/pbs_sweep.sh: line 257: 1373533 Killed                  setsid bash -c "echo \$\$ > '${WORLD_CG_RUN:-$WORLD_CG}/cgroup.procs' && exec '$wlbin' --port $port --resume_file '$resume_f' $params $extra" > "$wlog" 2>&1 < /dev/null
[1074/2239] S047all.ext___db_parse_p75 dump=1 restore=na verdict=dump_fail
pbsprobe/pbs_sweep.sh: line 257: 1374222 Killed                  setsid bash -c "echo \$\$ > '${WORLD_CG_RUN:-$WORLD_CG}/cgroup.procs' && exec '$wlbin' --port $port --resume_file '$resume_f' $params $extra" > "$wlog" 2>&1 < /dev/null
[1075/2239] S047all.ext___epg_index dump=1 restore=na verdict=dump_fail
pbsprobe/pbs_sweep.sh: line 257: 1374967 Killed                  setsid bash -c "echo \$\$ > '${WORLD_CG_RUN:-$WORLD_CG}/cgroup.procs' && exec '$wlbin' --port $port --resume_file '$resume_f' $params $extra" > "$wlog" 2>&1 < /dev/null
[1076/2239] S047all.ext___epg_index_p25 dump=1 restore=na verdict=dump_fail
pbsprobe/pbs_sweep.sh: line 257: 1375998 Killed                  setsid bash -c "echo \$\$ > '${WORLD_CG_RUN:-$WORLD_CG}/cgroup.procs' && exec '$wlbin' --port $port --resume_file '$resume_f' $params $extra" > "$wlog" 2>&1 < /dev/null
[1077/2239] S047all.ext___epg_index_p50 dump=1 restore=na verdict=dump_fail
pbsprobe/pbs_sweep.sh: line 257: 1376854 Killed                  setsid bash -c "echo \$\$ > '${WORLD_CG_RUN:-$WORLD_CG}/cgroup.procs' && exec '$wlbin' --port $port --resume_file '$resume_f' $params $extra" > "$wlog" 2>&1 < /dev/null
[1078/2239] S047all.ext___epg_index_p75 dump=1 restore=na verdict=dump_fail
pbsprobe/pbs_sweep.sh: line 257: 1377766 Killed                  setsid bash -c "echo \$\$ > '${WORLD_CG_RUN:-$WORLD_CG}/cgroup.procs' && exec '$wlbin' --port $port --resume_file '$resume_f' $params $extra" > "$wlog" 2>&1 < /dev/null
[1079/2239] S047all.ext___epg_text dump=1 restore=na verdict=dump_fail
pbsprobe/pbs_sweep.sh: line 257: 1378741 Killed                  setsid bash -c "echo \$\$ > '${WORLD_CG_RUN:-$WORLD_CG}/cgroup.procs' && exec '$wlbin' --port $port --resume_file '$resume_f' $params $extra" > "$wlog" 2>&1 < /dev/null
[1080/2239] S047all.ext___epg_reserve dump=1 restore=na verdict=dump_fail
pbsprobe/pbs_sweep.sh: line 257: 1379831 Killed                  setsid bash -c "echo \$\$ > '${WORLD_CG_RUN:-$WORLD_CG}/cgroup.procs' && exec '$wlbin' --port $port --resume_file '$resume_f' $params $extra" > "$wlog" 2>&1 < /dev/null
[1081/2239] S047all.ext___thread1 dump=1 restore=na verdict=dump_fail
pbsprobe/pbs_sweep.sh: line 257: 1380978 Killed                  setsid bash -c "echo \$\$ > '${WORLD_CG_RUN:-$WORLD_CG}/cgroup.procs' && exec '$wlbin' --port $port --resume_file '$resume_f' $params $extra" > "$wlog" 2>&1 < /dev/null
[1082/2239] S047all.ext___thread2 dump=1 restore=na verdict=dump_fail
pbsprobe/pbs_sweep.sh: line 257: 1382182 Killed                  setsid bash -c "echo \$\$ > '${WORLD_CG_RUN:-$WORLD_CG}/cgroup.procs' && exec '$wlbin' --port $port --resume_file '$resume_f' $params $extra" > "$wlog" 2>&1 < /dev/null
[1083/2239] S047all.ext___thread3 dump=1 restore=na verdict=dump_fail
pbsprobe/pbs_sweep.sh: line 257: 1383446 Killed                  setsid bash -c "echo \$\$ > '${WORLD_CG_RUN:-$WORLD_CG}/cgroup.procs' && exec '$wlbin' --port $port --resume_file '$resume_f' $params $extra" > "$wlog" 2>&1 < /dev/null
[1084/2239] S047all.ext___thread4 dump=1 restore=na verdict=dump_fail
pbsprobe/pbs_sweep.sh: line 257: 1384759 Killed                  setsid bash -c "echo \$\$ > '${WORLD_CG_RUN:-$WORLD_CG}/cgroup.procs' && exec '$wlbin' --port $port --resume_file '$resume_f' $params $extra" > "$wlog" 2>&1 < /dev/null
[1085/2239] S047all.ext___helper_forked dump=1 restore=na verdict=dump_fail
pbsprobe/pbs_sweep.sh: line 257: 1386140 Killed                  setsid bash -c "echo \$\$ > '${WORLD_CG_RUN:-$WORLD_CG}/cgroup.procs' && exec '$wlbin' --port $port --resume_file '$resume_f' $params $extra" > "$wlog" 2>&1 < /dev/null
[1086/2239] S047all.ext___zombie_made dump=1 restore=na verdict=dump_fail
pbsprobe/pbs_sweep.sh: line 257: 1387578 Killed                  setsid bash -c "echo \$\$ > '${WORLD_CG_RUN:-$WORLD_CG}/cgroup.procs' && exec '$wlbin' --port $port --resume_file '$resume_f' $params $extra" > "$wlog" 2>&1 < /dev/null
[1087/2239] S047all.ext___selfpipe dump=1 restore=na verdict=dump_fail
pbsprobe/pbs_sweep.sh: line 257: 1389072 Killed                  setsid bash -c "echo \$\$ > '${WORLD_CG_RUN:-$WORLD_CG}/cgroup.procs' && exec '$wlbin' --port $port --resume_file '$resume_f' $params $extra" > "$wlog" 2>&1 < /dev/null
[1088/2239] S047all.ext___eventfd_open dump=1 restore=na verdict=dump_fail
pbsprobe/pbs_sweep.sh: line 257: 1390629 Killed                  setsid bash -c "echo \$\$ > '${WORLD_CG_RUN:-$WORLD_CG}/cgroup.procs' && exec '$wlbin' --port $port --resume_file '$resume_f' $params $extra" > "$wlog" 2>&1 < /dev/null
[1089/2239] S047all.ext___shm_map dump=1 restore=na verdict=dump_fail
pbsprobe/pbs_sweep.sh: line 257: 1392234 Killed                  setsid bash -c "echo \$\$ > '${WORLD_CG_RUN:-$WORLD_CG}/cgroup.procs' && exec '$wlbin' --port $port --resume_file '$resume_f' $params $extra" > "$wlog" 2>&1 < /dev/null
[1090/2239] S047all.ext___workdir dump=1 restore=na verdict=dump_fail
pbsprobe/pbs_sweep.sh: line 257: 1393906 Killed                  setsid bash -c "echo \$\$ > '${WORLD_CG_RUN:-$WORLD_CG}/cgroup.procs' && exec '$wlbin' --port $port --resume_file '$resume_f' $params $extra" > "$wlog" 2>&1 < /dev/null
[1091/2239] S047all.ext___tmp_journal dump=1 restore=na verdict=dump_fail
pbsprobe/pbs_sweep.sh: line 257: 1395630 Killed                  setsid bash -c "echo \$\$ > '${WORLD_CG_RUN:-$WORLD_CG}/cgroup.procs' && exec '$wlbin' --port $port --resume_file '$resume_f' $params $extra" > "$wlog" 2>&1 < /dev/null
[1092/2239] S047all.ext___hub_conn1 dump=1 restore=na verdict=dump_fail
pbsprobe/pbs_sweep.sh: line 257: 1397414 Killed                  setsid bash -c "echo \$\$ > '${WORLD_CG_RUN:-$WORLD_CG}/cgroup.procs' && exec '$wlbin' --port $port --resume_file '$resume_f' $params $extra" > "$wlog" 2>&1 < /dev/null
[1093/2239] S047all.ext___hub_conn2 dump=1 restore=na verdict=dump_fail
pbsprobe/pbs_sweep.sh: line 257: 1399253 Killed                  setsid bash -c "echo \$\$ > '${WORLD_CG_RUN:-$WORLD_CG}/cgroup.procs' && exec '$wlbin' --port $port --resume_file '$resume_f' $params $extra" > "$wlog" 2>&1 < /dev/null
[1094/2239] S047all.ext___hub_conn3 dump=1 restore=na verdict=dump_fail
pbsprobe/pbs_sweep.sh: line 257: 1401144 Killed                  setsid bash -c "echo \$\$ > '${WORLD_CG_RUN:-$WORLD_CG}/cgroup.procs' && exec '$wlbin' --port $port --resume_file '$resume_f' $params $extra" > "$wlog" 2>&1 < /dev/null
[1095/2239] S047all.ext___hub_conn4 dump=1 restore=na verdict=dump_fail
pbsprobe/pbs_sweep.sh: line 257: 1403090 Killed                  setsid bash -c "echo \$\$ > '${WORLD_CG_RUN:-$WORLD_CG}/cgroup.procs' && exec '$wlbin' --port $port --resume_file '$resume_f' $params $extra" > "$wlog" 2>&1 < /dev/null
[1096/2239] S047all.ext___hub_subscribed dump=1 restore=na verdict=dump_fail
pbsprobe/pbs_sweep.sh: line 257: 1405100 Killed                  setsid bash -c "echo \$\$ > '${WORLD_CG_RUN:-$WORLD_CG}/cgroup.procs' && exec '$wlbin' --port $port --resume_file '$resume_f' $params $extra" > "$wlog" 2>&1 < /dev/null
[1097/2239] S047all.ext___render_conn dump=1 restore=na verdict=dump_fail
pbsprobe/pbs_sweep.sh: line 257: 1407166 Killed                  setsid bash -c "echo \$\$ > '${WORLD_CG_RUN:-$WORLD_CG}/cgroup.procs' && exec '$wlbin' --port $port --resume_file '$resume_f' $params $extra" > "$wlog" 2>&1 < /dev/null
[1098/2239] S047all.ext___tcp_conn dump=1 restore=na verdict=dump_fail
pbsprobe/pbs_sweep.sh: line 257: 1409279 Killed                  setsid bash -c "echo \$\$ > '${WORLD_CG_RUN:-$WORLD_CG}/cgroup.procs' && exec '$wlbin' --port $port --resume_file '$resume_f' $params $extra" > "$wlog" 2>&1 < /dev/null
[1099/2239] S047all.ext___epoll_open dump=1 restore=na verdict=dump_fail
pbsprobe/pbs_sweep.sh: line 257: 1411452 Killed                  setsid bash -c "echo \$\$ > '${WORLD_CG_RUN:-$WORLD_CG}/cgroup.procs' && exec '$wlbin' --port $port --resume_file '$resume_f' $params $extra" > "$wlog" 2>&1 < /dev/null
[1100/2239] S047all.ext___svc_listen dump=1 restore=na verdict=dump_fail
pbsprobe/pbs_sweep.sh: line 257: 1413684 Killed                  setsid bash -c "echo \$\$ > '${WORLD_CG_RUN:-$WORLD_CG}/cgroup.procs' && exec '$wlbin' --port $port --resume_file '$resume_f' $params $extra" > "$wlog" 2>&1 < /dev/null
[1101/2239] S047all.ext___udp_open dump=1 restore=na verdict=dump_fail
pbsprobe/pbs_sweep.sh: line 257: 1415976 Killed                  setsid bash -c "echo \$\$ > '${WORLD_CG_RUN:-$WORLD_CG}/cgroup.procs' && exec '$wlbin' --port $port --resume_file '$resume_f' $params $extra" > "$wlog" 2>&1 < /dev/null
[1102/2239] S047all.ext___netlink_open dump=1 restore=na verdict=dump_fail
pbsprobe/pbs_sweep.sh: line 257: 1418320 Killed                  setsid bash -c "echo \$\$ > '${WORLD_CG_RUN:-$WORLD_CG}/cgroup.procs' && exec '$wlbin' --port $port --resume_file '$resume_f' $params $extra" > "$wlog" 2>&1 < /dev/null
[1103/2239] S047all.ext___timer_armed dump=1 restore=na verdict=dump_fail
pbsprobe/pbs_sweep.sh: line 257: 1420723 Killed                  setsid bash -c "echo \$\$ > '${WORLD_CG_RUN:-$WORLD_CG}/cgroup.procs' && exec '$wlbin' --port $port --resume_file '$resume_f' $params $extra" > "$wlog" 2>&1 < /dev/null
[1104/2239] S047all.ext___db_watch dump=1 restore=na verdict=dump_fail
pbsprobe/pbs_sweep.sh: line 257: 1423170 Killed                  setsid bash -c "echo \$\$ > '${WORLD_CG_RUN:-$WORLD_CG}/cgroup.procs' && exec '$wlbin' --port $port --resume_file '$resume_f' $params $extra" > "$wlog" 2>&1 < /dev/null
[1105/2239] S047all.ext___db_mmap dump=1 restore=na verdict=dump_fail
pbsprobe/pbs_sweep.sh: line 257: 1425684 Killed                  setsid bash -c "echo \$\$ > '${WORLD_CG_RUN:-$WORLD_CG}/cgroup.procs' && exec '$wlbin' --port $port --resume_file '$resume_f' $params $extra" > "$wlog" 2>&1 < /dev/null
[1106/2239] S047all.ext___ready dump=1 restore=na verdict=dump_fail
pbsprobe/pbs_sweep.sh: line 257: 1428250 Killed                  setsid bash -c "echo \$\$ > '${WORLD_CG_RUN:-$WORLD_CG}/cgroup.procs' && exec '$wlbin' --port $port --resume_file '$resume_f' $params $extra" > "$wlog" 2>&1 < /dev/null
[1107/2239] S047all.ext___steady dump=1 restore=na verdict=dump_fail
pbsprobe/pbs_sweep.sh: line 257: 1430881 Killed                  setsid bash -c "echo \$\$ > '${WORLD_CG_RUN:-$WORLD_CG}/cgroup.procs' && exec '$wlbin' --port $port --resume_file '$resume_f' $params $extra" > "$wlog" 2>&1 < /dev/null
pbsprobe/pbs_sweep.sh: line 296: 1433575 Killed                  setsid bash -c "echo \$\$ > '${WORLD_CG_RUN:-$WORLD_CG}/cgroup.procs' && exec '$wlbin' --port $port --resume_file '$resume_f' $params $extra" > "$wlog" 2>&1 < /dev/null
[1108/2239] S048all.tcp___init dump=0 restore=0 verdict=ok
pbsprobe/pbs_sweep.sh: line 296: 1436195 Killed                  setsid bash -c "echo \$\$ > '${WORLD_CG_RUN:-$WORLD_CG}/cgroup.procs' && exec '$wlbin' --port $port --resume_file '$resume_f' $params $extra" > "$wlog" 2>&1 < /dev/null
[1109/2239] S048all.tcp___sig_pending dump=0 restore=0 verdict=ok
pbsprobe/pbs_sweep.sh: line 296: 1438799 Killed                  setsid bash -c "echo \$\$ > '${WORLD_CG_RUN:-$WORLD_CG}/cgroup.procs' && exec '$wlbin' --port $port --resume_file '$resume_f' $params $extra" > "$wlog" 2>&1 < /dev/null
[1110/2239] S048all.tcp___dev_urandom dump=0 restore=0 verdict=ok
[1111/2239] S048all.tcp___log_open dump=1 restore=na verdict=dump_fail
pbsprobe/pbs_sweep.sh: line 257: 1441403 Killed                  setsid bash -c "echo \$\$ > '${WORLD_CG_RUN:-$WORLD_CG}/cgroup.procs' && exec '$wlbin' --port $port --resume_file '$resume_f' $params $extra" > "$wlog" 2>&1 < /dev/null
[1112/2239] S048all.tcp___db_open dump=1 restore=na verdict=dump_fail
pbsprobe/pbs_sweep.sh: line 257: 1441639 Killed                  setsid bash -c "echo \$\$ > '${WORLD_CG_RUN:-$WORLD_CG}/cgroup.procs' && exec '$wlbin' --port $port --resume_file '$resume_f' $params $extra" > "$wlog" 2>&1 < /dev/null
[1113/2239] S048all.tcp___db_lock dump=1 restore=na verdict=dump_fail
pbsprobe/pbs_sweep.sh: line 257: 1441931 Killed                  setsid bash -c "echo \$\$ > '${WORLD_CG_RUN:-$WORLD_CG}/cgroup.procs' && exec '$wlbin' --port $port --resume_file '$resume_f' $params $extra" > "$wlog" 2>&1 < /dev/null
[1114/2239] S048all.tcp___db_read_p25 dump=1 restore=na verdict=dump_fail
pbsprobe/pbs_sweep.sh: line 257: 1442275 Killed                  setsid bash -c "echo \$\$ > '${WORLD_CG_RUN:-$WORLD_CG}/cgroup.procs' && exec '$wlbin' --port $port --resume_file '$resume_f' $params $extra" > "$wlog" 2>&1 < /dev/null
[1115/2239] S048all.tcp___db_read_p50 dump=1 restore=na verdict=dump_fail
pbsprobe/pbs_sweep.sh: line 257: 1442678 Killed                  setsid bash -c "echo \$\$ > '${WORLD_CG_RUN:-$WORLD_CG}/cgroup.procs' && exec '$wlbin' --port $port --resume_file '$resume_f' $params $extra" > "$wlog" 2>&1 < /dev/null
[1116/2239] S048all.tcp___db_read_p75 dump=1 restore=na verdict=dump_fail
pbsprobe/pbs_sweep.sh: line 257: 1443141 Killed                  setsid bash -c "echo \$\$ > '${WORLD_CG_RUN:-$WORLD_CG}/cgroup.procs' && exec '$wlbin' --port $port --resume_file '$resume_f' $params $extra" > "$wlog" 2>&1 < /dev/null
[1117/2239] S048all.tcp___db_parse dump=1 restore=na verdict=dump_fail
pbsprobe/pbs_sweep.sh: line 257: 1443663 Killed                  setsid bash -c "echo \$\$ > '${WORLD_CG_RUN:-$WORLD_CG}/cgroup.procs' && exec '$wlbin' --port $port --resume_file '$resume_f' $params $extra" > "$wlog" 2>&1 < /dev/null
[1118/2239] S048all.tcp___db_parse_p25 dump=1 restore=na verdict=dump_fail
pbsprobe/pbs_sweep.sh: line 257: 1444464 Killed                  setsid bash -c "echo \$\$ > '${WORLD_CG_RUN:-$WORLD_CG}/cgroup.procs' && exec '$wlbin' --port $port --resume_file '$resume_f' $params $extra" > "$wlog" 2>&1 < /dev/null
[1119/2239] S048all.tcp___db_parse_p50 dump=1 restore=na verdict=dump_fail
pbsprobe/pbs_sweep.sh: line 257: 1445101 Killed                  setsid bash -c "echo \$\$ > '${WORLD_CG_RUN:-$WORLD_CG}/cgroup.procs' && exec '$wlbin' --port $port --resume_file '$resume_f' $params $extra" > "$wlog" 2>&1 < /dev/null
[1120/2239] S048all.tcp___db_parse_p75 dump=1 restore=na verdict=dump_fail
pbsprobe/pbs_sweep.sh: line 257: 1445783 Killed                  setsid bash -c "echo \$\$ > '${WORLD_CG_RUN:-$WORLD_CG}/cgroup.procs' && exec '$wlbin' --port $port --resume_file '$resume_f' $params $extra" > "$wlog" 2>&1 < /dev/null
[1121/2239] S048all.tcp___epg_index dump=1 restore=na verdict=dump_fail
pbsprobe/pbs_sweep.sh: line 257: 1446527 Killed                  setsid bash -c "echo \$\$ > '${WORLD_CG_RUN:-$WORLD_CG}/cgroup.procs' && exec '$wlbin' --port $port --resume_file '$resume_f' $params $extra" > "$wlog" 2>&1 < /dev/null
[1122/2239] S048all.tcp___epg_index_p25 dump=1 restore=na verdict=dump_fail
pbsprobe/pbs_sweep.sh: line 257: 1447554 Killed                  setsid bash -c "echo \$\$ > '${WORLD_CG_RUN:-$WORLD_CG}/cgroup.procs' && exec '$wlbin' --port $port --resume_file '$resume_f' $params $extra" > "$wlog" 2>&1 < /dev/null
[1123/2239] S048all.tcp___epg_index_p50 dump=1 restore=na verdict=dump_fail
pbsprobe/pbs_sweep.sh: line 257: 1448410 Killed                  setsid bash -c "echo \$\$ > '${WORLD_CG_RUN:-$WORLD_CG}/cgroup.procs' && exec '$wlbin' --port $port --resume_file '$resume_f' $params $extra" > "$wlog" 2>&1 < /dev/null
[1124/2239] S048all.tcp___epg_index_p75 dump=1 restore=na verdict=dump_fail
pbsprobe/pbs_sweep.sh: line 257: 1449322 Killed                  setsid bash -c "echo \$\$ > '${WORLD_CG_RUN:-$WORLD_CG}/cgroup.procs' && exec '$wlbin' --port $port --resume_file '$resume_f' $params $extra" > "$wlog" 2>&1 < /dev/null
[1125/2239] S048all.tcp___epg_text dump=1 restore=na verdict=dump_fail
pbsprobe/pbs_sweep.sh: line 257: 1450293 Killed                  setsid bash -c "echo \$\$ > '${WORLD_CG_RUN:-$WORLD_CG}/cgroup.procs' && exec '$wlbin' --port $port --resume_file '$resume_f' $params $extra" > "$wlog" 2>&1 < /dev/null
[1126/2239] S048all.tcp___epg_reserve dump=1 restore=na verdict=dump_fail
pbsprobe/pbs_sweep.sh: line 257: 1451376 Killed                  setsid bash -c "echo \$\$ > '${WORLD_CG_RUN:-$WORLD_CG}/cgroup.procs' && exec '$wlbin' --port $port --resume_file '$resume_f' $params $extra" > "$wlog" 2>&1 < /dev/null
[1127/2239] S048all.tcp___thread1 dump=1 restore=na verdict=dump_fail
pbsprobe/pbs_sweep.sh: line 257: 1452531 Killed                  setsid bash -c "echo \$\$ > '${WORLD_CG_RUN:-$WORLD_CG}/cgroup.procs' && exec '$wlbin' --port $port --resume_file '$resume_f' $params $extra" > "$wlog" 2>&1 < /dev/null
[1128/2239] S048all.tcp___thread2 dump=1 restore=na verdict=dump_fail
pbsprobe/pbs_sweep.sh: line 257: 1453730 Killed                  setsid bash -c "echo \$\$ > '${WORLD_CG_RUN:-$WORLD_CG}/cgroup.procs' && exec '$wlbin' --port $port --resume_file '$resume_f' $params $extra" > "$wlog" 2>&1 < /dev/null
[1129/2239] S048all.tcp___thread3 dump=1 restore=na verdict=dump_fail
pbsprobe/pbs_sweep.sh: line 257: 1454994 Killed                  setsid bash -c "echo \$\$ > '${WORLD_CG_RUN:-$WORLD_CG}/cgroup.procs' && exec '$wlbin' --port $port --resume_file '$resume_f' $params $extra" > "$wlog" 2>&1 < /dev/null
[1130/2239] S048all.tcp___thread4 dump=1 restore=na verdict=dump_fail
pbsprobe/pbs_sweep.sh: line 257: 1456311 Killed                  setsid bash -c "echo \$\$ > '${WORLD_CG_RUN:-$WORLD_CG}/cgroup.procs' && exec '$wlbin' --port $port --resume_file '$resume_f' $params $extra" > "$wlog" 2>&1 < /dev/null
[1131/2239] S048all.tcp___helper_forked dump=1 restore=na verdict=dump_fail
pbsprobe/pbs_sweep.sh: line 257: 1457689 Killed                  setsid bash -c "echo \$\$ > '${WORLD_CG_RUN:-$WORLD_CG}/cgroup.procs' && exec '$wlbin' --port $port --resume_file '$resume_f' $params $extra" > "$wlog" 2>&1 < /dev/null
[1132/2239] S048all.tcp___zombie_made dump=1 restore=na verdict=dump_fail
pbsprobe/pbs_sweep.sh: line 257: 1459127 Killed                  setsid bash -c "echo \$\$ > '${WORLD_CG_RUN:-$WORLD_CG}/cgroup.procs' && exec '$wlbin' --port $port --resume_file '$resume_f' $params $extra" > "$wlog" 2>&1 < /dev/null
[1133/2239] S048all.tcp___selfpipe dump=1 restore=na verdict=dump_fail
pbsprobe/pbs_sweep.sh: line 257: 1460624 Killed                  setsid bash -c "echo \$\$ > '${WORLD_CG_RUN:-$WORLD_CG}/cgroup.procs' && exec '$wlbin' --port $port --resume_file '$resume_f' $params $extra" > "$wlog" 2>&1 < /dev/null
[1134/2239] S048all.tcp___eventfd_open dump=1 restore=na verdict=dump_fail
pbsprobe/pbs_sweep.sh: line 257: 1462173 Killed                  setsid bash -c "echo \$\$ > '${WORLD_CG_RUN:-$WORLD_CG}/cgroup.procs' && exec '$wlbin' --port $port --resume_file '$resume_f' $params $extra" > "$wlog" 2>&1 < /dev/null
[1135/2239] S048all.tcp___shm_map dump=1 restore=na verdict=dump_fail
pbsprobe/pbs_sweep.sh: line 257: 1463782 Killed                  setsid bash -c "echo \$\$ > '${WORLD_CG_RUN:-$WORLD_CG}/cgroup.procs' && exec '$wlbin' --port $port --resume_file '$resume_f' $params $extra" > "$wlog" 2>&1 < /dev/null
[1136/2239] S048all.tcp___workdir dump=1 restore=na verdict=dump_fail
pbsprobe/pbs_sweep.sh: line 257: 1465451 Killed                  setsid bash -c "echo \$\$ > '${WORLD_CG_RUN:-$WORLD_CG}/cgroup.procs' && exec '$wlbin' --port $port --resume_file '$resume_f' $params $extra" > "$wlog" 2>&1 < /dev/null
[1137/2239] S048all.tcp___tmp_journal dump=1 restore=na verdict=dump_fail
pbsprobe/pbs_sweep.sh: line 257: 1467175 Killed                  setsid bash -c "echo \$\$ > '${WORLD_CG_RUN:-$WORLD_CG}/cgroup.procs' && exec '$wlbin' --port $port --resume_file '$resume_f' $params $extra" > "$wlog" 2>&1 < /dev/null
[1138/2239] S048all.tcp___hub_conn1 dump=1 restore=na verdict=dump_fail
pbsprobe/pbs_sweep.sh: line 257: 1468958 Killed                  setsid bash -c "echo \$\$ > '${WORLD_CG_RUN:-$WORLD_CG}/cgroup.procs' && exec '$wlbin' --port $port --resume_file '$resume_f' $params $extra" > "$wlog" 2>&1 < /dev/null
[1139/2239] S048all.tcp___hub_conn2 dump=1 restore=na verdict=dump_fail
pbsprobe/pbs_sweep.sh: line 257: 1470793 Killed                  setsid bash -c "echo \$\$ > '${WORLD_CG_RUN:-$WORLD_CG}/cgroup.procs' && exec '$wlbin' --port $port --resume_file '$resume_f' $params $extra" > "$wlog" 2>&1 < /dev/null
[1140/2239] S048all.tcp___hub_conn3 dump=1 restore=na verdict=dump_fail
pbsprobe/pbs_sweep.sh: line 257: 1472696 Killed                  setsid bash -c "echo \$\$ > '${WORLD_CG_RUN:-$WORLD_CG}/cgroup.procs' && exec '$wlbin' --port $port --resume_file '$resume_f' $params $extra" > "$wlog" 2>&1 < /dev/null
[1141/2239] S048all.tcp___hub_conn4 dump=1 restore=na verdict=dump_fail
pbsprobe/pbs_sweep.sh: line 257: 1474643 Killed                  setsid bash -c "echo \$\$ > '${WORLD_CG_RUN:-$WORLD_CG}/cgroup.procs' && exec '$wlbin' --port $port --resume_file '$resume_f' $params $extra" > "$wlog" 2>&1 < /dev/null
[1142/2239] S048all.tcp___hub_subscribed dump=1 restore=na verdict=dump_fail
pbsprobe/pbs_sweep.sh: line 257: 1476657 Killed                  setsid bash -c "echo \$\$ > '${WORLD_CG_RUN:-$WORLD_CG}/cgroup.procs' && exec '$wlbin' --port $port --resume_file '$resume_f' $params $extra" > "$wlog" 2>&1 < /dev/null
[1143/2239] S048all.tcp___render_conn dump=1 restore=na verdict=dump_fail
pbsprobe/pbs_sweep.sh: line 257: 1478718 Killed                  setsid bash -c "echo \$\$ > '${WORLD_CG_RUN:-$WORLD_CG}/cgroup.procs' && exec '$wlbin' --port $port --resume_file '$resume_f' $params $extra" > "$wlog" 2>&1 < /dev/null
[1144/2239] S048all.tcp___tcp_conn dump=1 restore=na verdict=dump_fail
pbsprobe/pbs_sweep.sh: line 257: 1480839 Killed                  setsid bash -c "echo \$\$ > '${WORLD_CG_RUN:-$WORLD_CG}/cgroup.procs' && exec '$wlbin' --port $port --resume_file '$resume_f' $params $extra" > "$wlog" 2>&1 < /dev/null
[1145/2239] S048all.tcp___epoll_open dump=1 restore=na verdict=dump_fail
pbsprobe/pbs_sweep.sh: line 257: 1483024 Killed                  setsid bash -c "echo \$\$ > '${WORLD_CG_RUN:-$WORLD_CG}/cgroup.procs' && exec '$wlbin' --port $port --resume_file '$resume_f' $params $extra" > "$wlog" 2>&1 < /dev/null
[1146/2239] S048all.tcp___svc_listen dump=1 restore=na verdict=dump_fail
pbsprobe/pbs_sweep.sh: line 257: 1485260 Killed                  setsid bash -c "echo \$\$ > '${WORLD_CG_RUN:-$WORLD_CG}/cgroup.procs' && exec '$wlbin' --port $port --resume_file '$resume_f' $params $extra" > "$wlog" 2>&1 < /dev/null
[1147/2239] S048all.tcp___udp_open dump=1 restore=na verdict=dump_fail
pbsprobe/pbs_sweep.sh: line 257: 1487560 Killed                  setsid bash -c "echo \$\$ > '${WORLD_CG_RUN:-$WORLD_CG}/cgroup.procs' && exec '$wlbin' --port $port --resume_file '$resume_f' $params $extra" > "$wlog" 2>&1 < /dev/null
[1148/2239] S048all.tcp___netlink_open dump=1 restore=na verdict=dump_fail
pbsprobe/pbs_sweep.sh: line 257: 1489904 Killed                  setsid bash -c "echo \$\$ > '${WORLD_CG_RUN:-$WORLD_CG}/cgroup.procs' && exec '$wlbin' --port $port --resume_file '$resume_f' $params $extra" > "$wlog" 2>&1 < /dev/null
[1149/2239] S048all.tcp___timer_armed dump=1 restore=na verdict=dump_fail
pbsprobe/pbs_sweep.sh: line 257: 1492315 Killed                  setsid bash -c "echo \$\$ > '${WORLD_CG_RUN:-$WORLD_CG}/cgroup.procs' && exec '$wlbin' --port $port --resume_file '$resume_f' $params $extra" > "$wlog" 2>&1 < /dev/null
[1150/2239] S048all.tcp___db_watch dump=1 restore=na verdict=dump_fail
pbsprobe/pbs_sweep.sh: line 257: 1494778 Killed                  setsid bash -c "echo \$\$ > '${WORLD_CG_RUN:-$WORLD_CG}/cgroup.procs' && exec '$wlbin' --port $port --resume_file '$resume_f' $params $extra" > "$wlog" 2>&1 < /dev/null
[1151/2239] S048all.tcp___db_mmap dump=1 restore=na verdict=dump_fail
pbsprobe/pbs_sweep.sh: line 257: 1497308 Killed                  setsid bash -c "echo \$\$ > '${WORLD_CG_RUN:-$WORLD_CG}/cgroup.procs' && exec '$wlbin' --port $port --resume_file '$resume_f' $params $extra" > "$wlog" 2>&1 < /dev/null
[1152/2239] S048all.tcp___ready dump=1 restore=na verdict=dump_fail
pbsprobe/pbs_sweep.sh: line 257: 1499894 Killed                  setsid bash -c "echo \$\$ > '${WORLD_CG_RUN:-$WORLD_CG}/cgroup.procs' && exec '$wlbin' --port $port --resume_file '$resume_f' $params $extra" > "$wlog" 2>&1 < /dev/null
[1153/2239] S048all.tcp___steady dump=1 restore=na verdict=dump_fail
pbsprobe/pbs_sweep.sh: line 257: 1502532 Killed                  setsid bash -c "echo \$\$ > '${WORLD_CG_RUN:-$WORLD_CG}/cgroup.procs' && exec '$wlbin' --port $port --resume_file '$resume_f' $params $extra" > "$wlog" 2>&1 < /dev/null
pbsprobe/pbs_sweep.sh: line 296: 1505231 Killed                  setsid bash -c "echo \$\$ > '${WORLD_CG_RUN:-$WORLD_CG}/cgroup.procs' && exec '$wlbin' --port $port --resume_file '$resume_f' $params $extra" > "$wlog" 2>&1 < /dev/null
[1154/2239] S049all.file__init dump=0 restore=0 verdict=ok
pbsprobe/pbs_sweep.sh: line 296: 1507858 Killed                  setsid bash -c "echo \$\$ > '${WORLD_CG_RUN:-$WORLD_CG}/cgroup.procs' && exec '$wlbin' --port $port --resume_file '$resume_f' $params $extra" > "$wlog" 2>&1 < /dev/null
[1155/2239] S049all.file__sig_pending dump=0 restore=0 verdict=ok
pbsprobe/pbs_sweep.sh: line 296: 1510470 Killed                  setsid bash -c "echo \$\$ > '${WORLD_CG_RUN:-$WORLD_CG}/cgroup.procs' && exec '$wlbin' --port $port --resume_file '$resume_f' $params $extra" > "$wlog" 2>&1 < /dev/null
[1156/2239] S049all.file__dev_urandom dump=0 restore=0 verdict=ok
[1157/2239] S049all.file__log_open dump=1 restore=na verdict=dump_fail
pbsprobe/pbs_sweep.sh: line 257: 1513086 Killed                  setsid bash -c "echo \$\$ > '${WORLD_CG_RUN:-$WORLD_CG}/cgroup.procs' && exec '$wlbin' --port $port --resume_file '$resume_f' $params $extra" > "$wlog" 2>&1 < /dev/null
[1158/2239] S049all.file__db_open dump=1 restore=na verdict=dump_fail
pbsprobe/pbs_sweep.sh: line 257: 1513315 Killed                  setsid bash -c "echo \$\$ > '${WORLD_CG_RUN:-$WORLD_CG}/cgroup.procs' && exec '$wlbin' --port $port --resume_file '$resume_f' $params $extra" > "$wlog" 2>&1 < /dev/null
[1159/2239] S049all.file__db_lock dump=1 restore=na verdict=dump_fail
pbsprobe/pbs_sweep.sh: line 257: 1513603 Killed                  setsid bash -c "echo \$\$ > '${WORLD_CG_RUN:-$WORLD_CG}/cgroup.procs' && exec '$wlbin' --port $port --resume_file '$resume_f' $params $extra" > "$wlog" 2>&1 < /dev/null
[1160/2239] S049all.file__db_read_p25 dump=1 restore=na verdict=dump_fail
pbsprobe/pbs_sweep.sh: line 257: 1513950 Killed                  setsid bash -c "echo \$\$ > '${WORLD_CG_RUN:-$WORLD_CG}/cgroup.procs' && exec '$wlbin' --port $port --resume_file '$resume_f' $params $extra" > "$wlog" 2>&1 < /dev/null
[1161/2239] S049all.file__db_read_p50 dump=1 restore=na verdict=dump_fail
pbsprobe/pbs_sweep.sh: line 257: 1514357 Killed                  setsid bash -c "echo \$\$ > '${WORLD_CG_RUN:-$WORLD_CG}/cgroup.procs' && exec '$wlbin' --port $port --resume_file '$resume_f' $params $extra" > "$wlog" 2>&1 < /dev/null
[1162/2239] S049all.file__db_read_p75 dump=1 restore=na verdict=dump_fail
pbsprobe/pbs_sweep.sh: line 257: 1514816 Killed                  setsid bash -c "echo \$\$ > '${WORLD_CG_RUN:-$WORLD_CG}/cgroup.procs' && exec '$wlbin' --port $port --resume_file '$resume_f' $params $extra" > "$wlog" 2>&1 < /dev/null
[1163/2239] S049all.file__db_parse dump=1 restore=na verdict=dump_fail
pbsprobe/pbs_sweep.sh: line 257: 1515331 Killed                  setsid bash -c "echo \$\$ > '${WORLD_CG_RUN:-$WORLD_CG}/cgroup.procs' && exec '$wlbin' --port $port --resume_file '$resume_f' $params $extra" > "$wlog" 2>&1 < /dev/null
[1164/2239] S049all.file__db_parse_p25 dump=1 restore=na verdict=dump_fail
pbsprobe/pbs_sweep.sh: line 257: 1516127 Killed                  setsid bash -c "echo \$\$ > '${WORLD_CG_RUN:-$WORLD_CG}/cgroup.procs' && exec '$wlbin' --port $port --resume_file '$resume_f' $params $extra" > "$wlog" 2>&1 < /dev/null
[1165/2239] S049all.file__db_parse_p50 dump=1 restore=na verdict=dump_fail
pbsprobe/pbs_sweep.sh: line 257: 1516757 Killed                  setsid bash -c "echo \$\$ > '${WORLD_CG_RUN:-$WORLD_CG}/cgroup.procs' && exec '$wlbin' --port $port --resume_file '$resume_f' $params $extra" > "$wlog" 2>&1 < /dev/null
[1166/2239] S049all.file__db_parse_p75 dump=1 restore=na verdict=dump_fail
pbsprobe/pbs_sweep.sh: line 257: 1517442 Killed                  setsid bash -c "echo \$\$ > '${WORLD_CG_RUN:-$WORLD_CG}/cgroup.procs' && exec '$wlbin' --port $port --resume_file '$resume_f' $params $extra" > "$wlog" 2>&1 < /dev/null
[1167/2239] S049all.file__epg_index dump=1 restore=na verdict=dump_fail
pbsprobe/pbs_sweep.sh: line 257: 1518183 Killed                  setsid bash -c "echo \$\$ > '${WORLD_CG_RUN:-$WORLD_CG}/cgroup.procs' && exec '$wlbin' --port $port --resume_file '$resume_f' $params $extra" > "$wlog" 2>&1 < /dev/null
[1168/2239] S049all.file__epg_index_p25 dump=1 restore=na verdict=dump_fail
pbsprobe/pbs_sweep.sh: line 257: 1519214 Killed                  setsid bash -c "echo \$\$ > '${WORLD_CG_RUN:-$WORLD_CG}/cgroup.procs' && exec '$wlbin' --port $port --resume_file '$resume_f' $params $extra" > "$wlog" 2>&1 < /dev/null
[1169/2239] S049all.file__epg_index_p50 dump=1 restore=na verdict=dump_fail
pbsprobe/pbs_sweep.sh: line 257: 1520074 Killed                  setsid bash -c "echo \$\$ > '${WORLD_CG_RUN:-$WORLD_CG}/cgroup.procs' && exec '$wlbin' --port $port --resume_file '$resume_f' $params $extra" > "$wlog" 2>&1 < /dev/null
[1170/2239] S049all.file__epg_index_p75 dump=1 restore=na verdict=dump_fail
pbsprobe/pbs_sweep.sh: line 257: 1520997 Killed                  setsid bash -c "echo \$\$ > '${WORLD_CG_RUN:-$WORLD_CG}/cgroup.procs' && exec '$wlbin' --port $port --resume_file '$resume_f' $params $extra" > "$wlog" 2>&1 < /dev/null
[1171/2239] S049all.file__epg_text dump=1 restore=na verdict=dump_fail
pbsprobe/pbs_sweep.sh: line 257: 1521973 Killed                  setsid bash -c "echo \$\$ > '${WORLD_CG_RUN:-$WORLD_CG}/cgroup.procs' && exec '$wlbin' --port $port --resume_file '$resume_f' $params $extra" > "$wlog" 2>&1 < /dev/null
[1172/2239] S049all.file__epg_reserve dump=1 restore=na verdict=dump_fail
pbsprobe/pbs_sweep.sh: line 257: 1523059 Killed                  setsid bash -c "echo \$\$ > '${WORLD_CG_RUN:-$WORLD_CG}/cgroup.procs' && exec '$wlbin' --port $port --resume_file '$resume_f' $params $extra" > "$wlog" 2>&1 < /dev/null
[1173/2239] S049all.file__thread1 dump=1 restore=na verdict=dump_fail
pbsprobe/pbs_sweep.sh: line 257: 1524202 Killed                  setsid bash -c "echo \$\$ > '${WORLD_CG_RUN:-$WORLD_CG}/cgroup.procs' && exec '$wlbin' --port $port --resume_file '$resume_f' $params $extra" > "$wlog" 2>&1 < /dev/null
[1174/2239] S049all.file__thread2 dump=1 restore=na verdict=dump_fail
pbsprobe/pbs_sweep.sh: line 257: 1525406 Killed                  setsid bash -c "echo \$\$ > '${WORLD_CG_RUN:-$WORLD_CG}/cgroup.procs' && exec '$wlbin' --port $port --resume_file '$resume_f' $params $extra" > "$wlog" 2>&1 < /dev/null
[1175/2239] S049all.file__thread3 dump=1 restore=na verdict=dump_fail
pbsprobe/pbs_sweep.sh: line 257: 1526670 Killed                  setsid bash -c "echo \$\$ > '${WORLD_CG_RUN:-$WORLD_CG}/cgroup.procs' && exec '$wlbin' --port $port --resume_file '$resume_f' $params $extra" > "$wlog" 2>&1 < /dev/null
[1176/2239] S049all.file__thread4 dump=1 restore=na verdict=dump_fail
pbsprobe/pbs_sweep.sh: line 257: 1527991 Killed                  setsid bash -c "echo \$\$ > '${WORLD_CG_RUN:-$WORLD_CG}/cgroup.procs' && exec '$wlbin' --port $port --resume_file '$resume_f' $params $extra" > "$wlog" 2>&1 < /dev/null
[1177/2239] S049all.file__helper_forked dump=1 restore=na verdict=dump_fail
pbsprobe/pbs_sweep.sh: line 257: 1529360 Killed                  setsid bash -c "echo \$\$ > '${WORLD_CG_RUN:-$WORLD_CG}/cgroup.procs' && exec '$wlbin' --port $port --resume_file '$resume_f' $params $extra" > "$wlog" 2>&1 < /dev/null
[1178/2239] S049all.file__zombie_made dump=1 restore=na verdict=dump_fail
pbsprobe/pbs_sweep.sh: line 257: 1530794 Killed                  setsid bash -c "echo \$\$ > '${WORLD_CG_RUN:-$WORLD_CG}/cgroup.procs' && exec '$wlbin' --port $port --resume_file '$resume_f' $params $extra" > "$wlog" 2>&1 < /dev/null
[1179/2239] S049all.file__selfpipe dump=1 restore=na verdict=dump_fail
pbsprobe/pbs_sweep.sh: line 257: 1532284 Killed                  setsid bash -c "echo \$\$ > '${WORLD_CG_RUN:-$WORLD_CG}/cgroup.procs' && exec '$wlbin' --port $port --resume_file '$resume_f' $params $extra" > "$wlog" 2>&1 < /dev/null
[1180/2239] S049all.file__eventfd_open dump=1 restore=na verdict=dump_fail
pbsprobe/pbs_sweep.sh: line 257: 1533833 Killed                  setsid bash -c "echo \$\$ > '${WORLD_CG_RUN:-$WORLD_CG}/cgroup.procs' && exec '$wlbin' --port $port --resume_file '$resume_f' $params $extra" > "$wlog" 2>&1 < /dev/null
[1181/2239] S049all.file__shm_map dump=1 restore=na verdict=dump_fail
pbsprobe/pbs_sweep.sh: line 257: 1535450 Killed                  setsid bash -c "echo \$\$ > '${WORLD_CG_RUN:-$WORLD_CG}/cgroup.procs' && exec '$wlbin' --port $port --resume_file '$resume_f' $params $extra" > "$wlog" 2>&1 < /dev/null
[1182/2239] S049all.file__workdir dump=1 restore=na verdict=dump_fail
pbsprobe/pbs_sweep.sh: line 257: 1537114 Killed                  setsid bash -c "echo \$\$ > '${WORLD_CG_RUN:-$WORLD_CG}/cgroup.procs' && exec '$wlbin' --port $port --resume_file '$resume_f' $params $extra" > "$wlog" 2>&1 < /dev/null
[1183/2239] S049all.file__tmp_journal dump=1 restore=na verdict=dump_fail
pbsprobe/pbs_sweep.sh: line 257: 1538834 Killed                  setsid bash -c "echo \$\$ > '${WORLD_CG_RUN:-$WORLD_CG}/cgroup.procs' && exec '$wlbin' --port $port --resume_file '$resume_f' $params $extra" > "$wlog" 2>&1 < /dev/null
[1184/2239] S049all.file__hub_conn1 dump=1 restore=na verdict=dump_fail
pbsprobe/pbs_sweep.sh: line 257: 1540610 Killed                  setsid bash -c "echo \$\$ > '${WORLD_CG_RUN:-$WORLD_CG}/cgroup.procs' && exec '$wlbin' --port $port --resume_file '$resume_f' $params $extra" > "$wlog" 2>&1 < /dev/null
[1185/2239] S049all.file__hub_conn2 dump=1 restore=na verdict=dump_fail
pbsprobe/pbs_sweep.sh: line 257: 1542457 Killed                  setsid bash -c "echo \$\$ > '${WORLD_CG_RUN:-$WORLD_CG}/cgroup.procs' && exec '$wlbin' --port $port --resume_file '$resume_f' $params $extra" > "$wlog" 2>&1 < /dev/null
[1186/2239] S049all.file__hub_conn3 dump=1 restore=na verdict=dump_fail
pbsprobe/pbs_sweep.sh: line 257: 1544347 Killed                  setsid bash -c "echo \$\$ > '${WORLD_CG_RUN:-$WORLD_CG}/cgroup.procs' && exec '$wlbin' --port $port --resume_file '$resume_f' $params $extra" > "$wlog" 2>&1 < /dev/null
[1187/2239] S049all.file__hub_conn4 dump=1 restore=na verdict=dump_fail
pbsprobe/pbs_sweep.sh: line 257: 1546294 Killed                  setsid bash -c "echo \$\$ > '${WORLD_CG_RUN:-$WORLD_CG}/cgroup.procs' && exec '$wlbin' --port $port --resume_file '$resume_f' $params $extra" > "$wlog" 2>&1 < /dev/null
[1188/2239] S049all.file__hub_subscribed dump=1 restore=na verdict=dump_fail
pbsprobe/pbs_sweep.sh: line 257: 1548300 Killed                  setsid bash -c "echo \$\$ > '${WORLD_CG_RUN:-$WORLD_CG}/cgroup.procs' && exec '$wlbin' --port $port --resume_file '$resume_f' $params $extra" > "$wlog" 2>&1 < /dev/null
[1189/2239] S049all.file__render_conn dump=1 restore=na verdict=dump_fail
pbsprobe/pbs_sweep.sh: line 257: 1550365 Killed                  setsid bash -c "echo \$\$ > '${WORLD_CG_RUN:-$WORLD_CG}/cgroup.procs' && exec '$wlbin' --port $port --resume_file '$resume_f' $params $extra" > "$wlog" 2>&1 < /dev/null
[1190/2239] S049all.file__tcp_conn dump=1 restore=na verdict=dump_fail
pbsprobe/pbs_sweep.sh: line 257: 1552475 Killed                  setsid bash -c "echo \$\$ > '${WORLD_CG_RUN:-$WORLD_CG}/cgroup.procs' && exec '$wlbin' --port $port --resume_file '$resume_f' $params $extra" > "$wlog" 2>&1 < /dev/null
[1191/2239] S049all.file__epoll_open dump=1 restore=na verdict=dump_fail
pbsprobe/pbs_sweep.sh: line 257: 1554651 Killed                  setsid bash -c "echo \$\$ > '${WORLD_CG_RUN:-$WORLD_CG}/cgroup.procs' && exec '$wlbin' --port $port --resume_file '$resume_f' $params $extra" > "$wlog" 2>&1 < /dev/null
[1192/2239] S049all.file__svc_listen dump=1 restore=na verdict=dump_fail
pbsprobe/pbs_sweep.sh: line 257: 1556876 Killed                  setsid bash -c "echo \$\$ > '${WORLD_CG_RUN:-$WORLD_CG}/cgroup.procs' && exec '$wlbin' --port $port --resume_file '$resume_f' $params $extra" > "$wlog" 2>&1 < /dev/null
[1193/2239] S049all.file__udp_open dump=1 restore=na verdict=dump_fail
pbsprobe/pbs_sweep.sh: line 257: 1559168 Killed                  setsid bash -c "echo \$\$ > '${WORLD_CG_RUN:-$WORLD_CG}/cgroup.procs' && exec '$wlbin' --port $port --resume_file '$resume_f' $params $extra" > "$wlog" 2>&1 < /dev/null
[1194/2239] S049all.file__netlink_open dump=1 restore=na verdict=dump_fail
pbsprobe/pbs_sweep.sh: line 257: 1561508 Killed                  setsid bash -c "echo \$\$ > '${WORLD_CG_RUN:-$WORLD_CG}/cgroup.procs' && exec '$wlbin' --port $port --resume_file '$resume_f' $params $extra" > "$wlog" 2>&1 < /dev/null
[1195/2239] S049all.file__timer_armed dump=1 restore=na verdict=dump_fail
pbsprobe/pbs_sweep.sh: line 257: 1563915 Killed                  setsid bash -c "echo \$\$ > '${WORLD_CG_RUN:-$WORLD_CG}/cgroup.procs' && exec '$wlbin' --port $port --resume_file '$resume_f' $params $extra" > "$wlog" 2>&1 < /dev/null
[1196/2239] S049all.file__db_watch dump=1 restore=na verdict=dump_fail
pbsprobe/pbs_sweep.sh: line 257: 1566378 Killed                  setsid bash -c "echo \$\$ > '${WORLD_CG_RUN:-$WORLD_CG}/cgroup.procs' && exec '$wlbin' --port $port --resume_file '$resume_f' $params $extra" > "$wlog" 2>&1 < /dev/null
[1197/2239] S049all.file__db_mmap dump=1 restore=na verdict=dump_fail
pbsprobe/pbs_sweep.sh: line 257: 1568892 Killed                  setsid bash -c "echo \$\$ > '${WORLD_CG_RUN:-$WORLD_CG}/cgroup.procs' && exec '$wlbin' --port $port --resume_file '$resume_f' $params $extra" > "$wlog" 2>&1 < /dev/null
[1198/2239] S049all.file__ready dump=1 restore=na verdict=dump_fail
pbsprobe/pbs_sweep.sh: line 257: 1571458 Killed                  setsid bash -c "echo \$\$ > '${WORLD_CG_RUN:-$WORLD_CG}/cgroup.procs' && exec '$wlbin' --port $port --resume_file '$resume_f' $params $extra" > "$wlog" 2>&1 < /dev/null
[1199/2239] S049all.file__steady dump=1 restore=na verdict=dump_fail
pbsprobe/pbs_sweep.sh: line 257: 1574089 Killed                  setsid bash -c "echo \$\$ > '${WORLD_CG_RUN:-$WORLD_CG}/cgroup.procs' && exec '$wlbin' --port $port --resume_file '$resume_f' $params $extra" > "$wlog" 2>&1 < /dev/null
pbsprobe/pbs_sweep.sh: line 296: 1576771 Killed                  setsid bash -c "echo \$\$ > '${WORLD_CG_RUN:-$WORLD_CG}/cgroup.procs' && exec '$wlbin' --port $port --resume_file '$resume_f' $params $extra" > "$wlog" 2>&1 < /dev/null
[1200/2239] S050all.perm__init dump=0 restore=0 verdict=ok
pbsprobe/pbs_sweep.sh: line 296: 1579391 Killed                  setsid bash -c "echo \$\$ > '${WORLD_CG_RUN:-$WORLD_CG}/cgroup.procs' && exec '$wlbin' --port $port --resume_file '$resume_f' $params $extra" > "$wlog" 2>&1 < /dev/null
[1201/2239] S050all.perm__sig_pending dump=0 restore=0 verdict=ok
pbsprobe/pbs_sweep.sh: line 296: 1581995 Killed                  setsid bash -c "echo \$\$ > '${WORLD_CG_RUN:-$WORLD_CG}/cgroup.procs' && exec '$wlbin' --port $port --resume_file '$resume_f' $params $extra" > "$wlog" 2>&1 < /dev/null
[1202/2239] S050all.perm__dev_urandom dump=0 restore=0 verdict=ok
pbsprobe/pbs_sweep.sh: line 296: 1584606 Killed                  setsid bash -c "echo \$\$ > '${WORLD_CG_RUN:-$WORLD_CG}/cgroup.procs' && exec '$wlbin' --port $port --resume_file '$resume_f' $params $extra" > "$wlog" 2>&1 < /dev/null
[1203/2239] S050all.perm__log_open dump=0 restore=0 verdict=ok
pbsprobe/pbs_sweep.sh: line 296: 1587202 Killed                  setsid bash -c "echo \$\$ > '${WORLD_CG_RUN:-$WORLD_CG}/cgroup.procs' && exec '$wlbin' --port $port --resume_file '$resume_f' $params $extra" > "$wlog" 2>&1 < /dev/null
[1204/2239] S050all.perm__db_open dump=0 restore=0 verdict=ok
pbsprobe/pbs_sweep.sh: line 296: 1589826 Killed                  setsid bash -c "echo \$\$ > '${WORLD_CG_RUN:-$WORLD_CG}/cgroup.procs' && exec '$wlbin' --port $port --resume_file '$resume_f' $params $extra" > "$wlog" 2>&1 < /dev/null
[1205/2239] S050all.perm__db_lock dump=0 restore=0 verdict=ok
pbsprobe/pbs_sweep.sh: line 296: 1592434 Killed                  setsid bash -c "echo \$\$ > '${WORLD_CG_RUN:-$WORLD_CG}/cgroup.procs' && exec '$wlbin' --port $port --resume_file '$resume_f' $params $extra" > "$wlog" 2>&1 < /dev/null
[1206/2239] S050all.perm__db_read_p25 dump=0 restore=0 verdict=ok
pbsprobe/pbs_sweep.sh: line 296: 1595034 Killed                  setsid bash -c "echo \$\$ > '${WORLD_CG_RUN:-$WORLD_CG}/cgroup.procs' && exec '$wlbin' --port $port --resume_file '$resume_f' $params $extra" > "$wlog" 2>&1 < /dev/null
[1207/2239] S050all.perm__db_read_p50 dump=0 restore=0 verdict=ok
pbsprobe/pbs_sweep.sh: line 296: 1597657 Killed                  setsid bash -c "echo \$\$ > '${WORLD_CG_RUN:-$WORLD_CG}/cgroup.procs' && exec '$wlbin' --port $port --resume_file '$resume_f' $params $extra" > "$wlog" 2>&1 < /dev/null
[1208/2239] S050all.perm__db_read_p75 dump=0 restore=0 verdict=ok
pbsprobe/pbs_sweep.sh: line 296: 1600261 Killed                  setsid bash -c "echo \$\$ > '${WORLD_CG_RUN:-$WORLD_CG}/cgroup.procs' && exec '$wlbin' --port $port --resume_file '$resume_f' $params $extra" > "$wlog" 2>&1 < /dev/null
[1209/2239] S050all.perm__db_parse dump=0 restore=0 verdict=ok
pbsprobe/pbs_sweep.sh: line 296: 1602881 Killed                  setsid bash -c "echo \$\$ > '${WORLD_CG_RUN:-$WORLD_CG}/cgroup.procs' && exec '$wlbin' --port $port --resume_file '$resume_f' $params $extra" > "$wlog" 2>&1 < /dev/null
[1210/2239] S050all.perm__db_parse_p25 dump=0 restore=0 verdict=ok
pbsprobe/pbs_sweep.sh: line 296: 1605497 Killed                  setsid bash -c "echo \$\$ > '${WORLD_CG_RUN:-$WORLD_CG}/cgroup.procs' && exec '$wlbin' --port $port --resume_file '$resume_f' $params $extra" > "$wlog" 2>&1 < /dev/null
[1211/2239] S050all.perm__db_parse_p50 dump=0 restore=0 verdict=ok
pbsprobe/pbs_sweep.sh: line 296: 1608101 Killed                  setsid bash -c "echo \$\$ > '${WORLD_CG_RUN:-$WORLD_CG}/cgroup.procs' && exec '$wlbin' --port $port --resume_file '$resume_f' $params $extra" > "$wlog" 2>&1 < /dev/null
[1212/2239] S050all.perm__db_parse_p75 dump=0 restore=0 verdict=ok
pbsprobe/pbs_sweep.sh: line 296: 1610716 Killed                  setsid bash -c "echo \$\$ > '${WORLD_CG_RUN:-$WORLD_CG}/cgroup.procs' && exec '$wlbin' --port $port --resume_file '$resume_f' $params $extra" > "$wlog" 2>&1 < /dev/null
[1213/2239] S050all.perm__epg_index dump=0 restore=0 verdict=ok
pbsprobe/pbs_sweep.sh: line 296: 1613316 Killed                  setsid bash -c "echo \$\$ > '${WORLD_CG_RUN:-$WORLD_CG}/cgroup.procs' && exec '$wlbin' --port $port --resume_file '$resume_f' $params $extra" > "$wlog" 2>&1 < /dev/null
[1214/2239] S050all.perm__epg_index_p25 dump=0 restore=0 verdict=ok
pbsprobe/pbs_sweep.sh: line 296: 1615932 Killed                  setsid bash -c "echo \$\$ > '${WORLD_CG_RUN:-$WORLD_CG}/cgroup.procs' && exec '$wlbin' --port $port --resume_file '$resume_f' $params $extra" > "$wlog" 2>&1 < /dev/null
[1215/2239] S050all.perm__epg_index_p50 dump=0 restore=0 verdict=ok
pbsprobe/pbs_sweep.sh: line 296: 1618544 Killed                  setsid bash -c "echo \$\$ > '${WORLD_CG_RUN:-$WORLD_CG}/cgroup.procs' && exec '$wlbin' --port $port --resume_file '$resume_f' $params $extra" > "$wlog" 2>&1 < /dev/null
[1216/2239] S050all.perm__epg_index_p75 dump=0 restore=0 verdict=ok
pbsprobe/pbs_sweep.sh: line 296: 1621159 Killed                  setsid bash -c "echo \$\$ > '${WORLD_CG_RUN:-$WORLD_CG}/cgroup.procs' && exec '$wlbin' --port $port --resume_file '$resume_f' $params $extra" > "$wlog" 2>&1 < /dev/null
[1217/2239] S050all.perm__epg_text dump=0 restore=0 verdict=ok
pbsprobe/pbs_sweep.sh: line 296: 1623763 Killed                  setsid bash -c "echo \$\$ > '${WORLD_CG_RUN:-$WORLD_CG}/cgroup.procs' && exec '$wlbin' --port $port --resume_file '$resume_f' $params $extra" > "$wlog" 2>&1 < /dev/null
[1218/2239] S050all.perm__epg_reserve dump=0 restore=0 verdict=ok
pbsprobe/pbs_sweep.sh: line 296: 1626363 Killed                  setsid bash -c "echo \$\$ > '${WORLD_CG_RUN:-$WORLD_CG}/cgroup.procs' && exec '$wlbin' --port $port --resume_file '$resume_f' $params $extra" > "$wlog" 2>&1 < /dev/null
[1219/2239] S050all.perm__thread1 dump=0 restore=0 verdict=ok
pbsprobe/pbs_sweep.sh: line 296: 1628971 Killed                  setsid bash -c "echo \$\$ > '${WORLD_CG_RUN:-$WORLD_CG}/cgroup.procs' && exec '$wlbin' --port $port --resume_file '$resume_f' $params $extra" > "$wlog" 2>&1 < /dev/null
[1220/2239] S050all.perm__thread2 dump=0 restore=0 verdict=ok
pbsprobe/pbs_sweep.sh: line 296: 1631571 Killed                  setsid bash -c "echo \$\$ > '${WORLD_CG_RUN:-$WORLD_CG}/cgroup.procs' && exec '$wlbin' --port $port --resume_file '$resume_f' $params $extra" > "$wlog" 2>&1 < /dev/null
[1221/2239] S050all.perm__thread3 dump=0 restore=0 verdict=ok
pbsprobe/pbs_sweep.sh: line 296: 1634186 Killed                  setsid bash -c "echo \$\$ > '${WORLD_CG_RUN:-$WORLD_CG}/cgroup.procs' && exec '$wlbin' --port $port --resume_file '$resume_f' $params $extra" > "$wlog" 2>&1 < /dev/null
[1222/2239] S050all.perm__thread4 dump=0 restore=0 verdict=ok
pbsprobe/pbs_sweep.sh: line 296: 1636794 Killed                  setsid bash -c "echo \$\$ > '${WORLD_CG_RUN:-$WORLD_CG}/cgroup.procs' && exec '$wlbin' --port $port --resume_file '$resume_f' $params $extra" > "$wlog" 2>&1 < /dev/null
[1223/2239] S050all.perm__helper_forked dump=0 restore=0 verdict=ok
pbsprobe/pbs_sweep.sh: line 296: 1639402 Killed                  setsid bash -c "echo \$\$ > '${WORLD_CG_RUN:-$WORLD_CG}/cgroup.procs' && exec '$wlbin' --port $port --resume_file '$resume_f' $params $extra" > "$wlog" 2>&1 < /dev/null
[1224/2239] S050all.perm__zombie_made dump=0 restore=0 verdict=ok
pbsprobe/pbs_sweep.sh: line 296: 1642014 Killed                  setsid bash -c "echo \$\$ > '${WORLD_CG_RUN:-$WORLD_CG}/cgroup.procs' && exec '$wlbin' --port $port --resume_file '$resume_f' $params $extra" > "$wlog" 2>&1 < /dev/null
[1225/2239] S050all.perm__selfpipe dump=0 restore=0 verdict=ok
pbsprobe/pbs_sweep.sh: line 296: 1644633 Killed                  setsid bash -c "echo \$\$ > '${WORLD_CG_RUN:-$WORLD_CG}/cgroup.procs' && exec '$wlbin' --port $port --resume_file '$resume_f' $params $extra" > "$wlog" 2>&1 < /dev/null
[1226/2239] S050all.perm__eventfd_open dump=0 restore=0 verdict=ok
pbsprobe/pbs_sweep.sh: line 296: 1647237 Killed                  setsid bash -c "echo \$\$ > '${WORLD_CG_RUN:-$WORLD_CG}/cgroup.procs' && exec '$wlbin' --port $port --resume_file '$resume_f' $params $extra" > "$wlog" 2>&1 < /dev/null
[1227/2239] S050all.perm__shm_map dump=0 restore=0 verdict=ok
pbsprobe/pbs_sweep.sh: line 296: 1649841 Killed                  setsid bash -c "echo \$\$ > '${WORLD_CG_RUN:-$WORLD_CG}/cgroup.procs' && exec '$wlbin' --port $port --resume_file '$resume_f' $params $extra" > "$wlog" 2>&1 < /dev/null
[1228/2239] S050all.perm__workdir dump=0 restore=0 verdict=ok
pbsprobe/pbs_sweep.sh: line 296: 1652444 Killed                  setsid bash -c "echo \$\$ > '${WORLD_CG_RUN:-$WORLD_CG}/cgroup.procs' && exec '$wlbin' --port $port --resume_file '$resume_f' $params $extra" > "$wlog" 2>&1 < /dev/null
[1229/2239] S050all.perm__tmp_journal dump=0 restore=0 verdict=ok
[1230/2239] S050all.perm__hub_conn1 dump=1 restore=na verdict=dump_fail
pbsprobe/pbs_sweep.sh: line 257: 1655040 Killed                  setsid bash -c "echo \$\$ > '${WORLD_CG_RUN:-$WORLD_CG}/cgroup.procs' && exec '$wlbin' --port $port --resume_file '$resume_f' $params $extra" > "$wlog" 2>&1 < /dev/null
[1231/2239] S050all.perm__hub_conn2 dump=1 restore=na verdict=dump_fail
pbsprobe/pbs_sweep.sh: line 257: 1656879 Killed                  setsid bash -c "echo \$\$ > '${WORLD_CG_RUN:-$WORLD_CG}/cgroup.procs' && exec '$wlbin' --port $port --resume_file '$resume_f' $params $extra" > "$wlog" 2>&1 < /dev/null
[1232/2239] S050all.perm__hub_conn3 dump=1 restore=na verdict=dump_fail
pbsprobe/pbs_sweep.sh: line 257: 1658766 Killed                  setsid bash -c "echo \$\$ > '${WORLD_CG_RUN:-$WORLD_CG}/cgroup.procs' && exec '$wlbin' --port $port --resume_file '$resume_f' $params $extra" > "$wlog" 2>&1 < /dev/null
[1233/2239] S050all.perm__hub_conn4 dump=1 restore=na verdict=dump_fail
pbsprobe/pbs_sweep.sh: line 257: 1660724 Killed                  setsid bash -c "echo \$\$ > '${WORLD_CG_RUN:-$WORLD_CG}/cgroup.procs' && exec '$wlbin' --port $port --resume_file '$resume_f' $params $extra" > "$wlog" 2>&1 < /dev/null
[1234/2239] S050all.perm__hub_subscribed dump=1 restore=na verdict=dump_fail
pbsprobe/pbs_sweep.sh: line 257: 1662738 Killed                  setsid bash -c "echo \$\$ > '${WORLD_CG_RUN:-$WORLD_CG}/cgroup.procs' && exec '$wlbin' --port $port --resume_file '$resume_f' $params $extra" > "$wlog" 2>&1 < /dev/null
[1235/2239] S050all.perm__render_conn dump=1 restore=na verdict=dump_fail
pbsprobe/pbs_sweep.sh: line 257: 1664796 Killed                  setsid bash -c "echo \$\$ > '${WORLD_CG_RUN:-$WORLD_CG}/cgroup.procs' && exec '$wlbin' --port $port --resume_file '$resume_f' $params $extra" > "$wlog" 2>&1 < /dev/null
[1236/2239] S050all.perm__tcp_conn dump=1 restore=na verdict=dump_fail
pbsprobe/pbs_sweep.sh: line 257: 1666909 Killed                  setsid bash -c "echo \$\$ > '${WORLD_CG_RUN:-$WORLD_CG}/cgroup.procs' && exec '$wlbin' --port $port --resume_file '$resume_f' $params $extra" > "$wlog" 2>&1 < /dev/null
[1237/2239] S050all.perm__epoll_open dump=1 restore=na verdict=dump_fail
pbsprobe/pbs_sweep.sh: line 257: 1669086 Killed                  setsid bash -c "echo \$\$ > '${WORLD_CG_RUN:-$WORLD_CG}/cgroup.procs' && exec '$wlbin' --port $port --resume_file '$resume_f' $params $extra" > "$wlog" 2>&1 < /dev/null
[1238/2239] S050all.perm__svc_listen dump=1 restore=na verdict=dump_fail
pbsprobe/pbs_sweep.sh: line 257: 1671326 Killed                  setsid bash -c "echo \$\$ > '${WORLD_CG_RUN:-$WORLD_CG}/cgroup.procs' && exec '$wlbin' --port $port --resume_file '$resume_f' $params $extra" > "$wlog" 2>&1 < /dev/null
[1239/2239] S050all.perm__udp_open dump=1 restore=na verdict=dump_fail
pbsprobe/pbs_sweep.sh: line 257: 1673626 Killed                  setsid bash -c "echo \$\$ > '${WORLD_CG_RUN:-$WORLD_CG}/cgroup.procs' && exec '$wlbin' --port $port --resume_file '$resume_f' $params $extra" > "$wlog" 2>&1 < /dev/null
[1240/2239] S050all.perm__netlink_open dump=1 restore=na verdict=dump_fail
pbsprobe/pbs_sweep.sh: line 257: 1675981 Killed                  setsid bash -c "echo \$\$ > '${WORLD_CG_RUN:-$WORLD_CG}/cgroup.procs' && exec '$wlbin' --port $port --resume_file '$resume_f' $params $extra" > "$wlog" 2>&1 < /dev/null
[1241/2239] S050all.perm__timer_armed dump=1 restore=na verdict=dump_fail
pbsprobe/pbs_sweep.sh: line 257: 1678389 Killed                  setsid bash -c "echo \$\$ > '${WORLD_CG_RUN:-$WORLD_CG}/cgroup.procs' && exec '$wlbin' --port $port --resume_file '$resume_f' $params $extra" > "$wlog" 2>&1 < /dev/null
[1242/2239] S050all.perm__db_watch dump=1 restore=na verdict=dump_fail
pbsprobe/pbs_sweep.sh: line 257: 1680855 Killed                  setsid bash -c "echo \$\$ > '${WORLD_CG_RUN:-$WORLD_CG}/cgroup.procs' && exec '$wlbin' --port $port --resume_file '$resume_f' $params $extra" > "$wlog" 2>&1 < /dev/null
[1243/2239] S050all.perm__db_mmap dump=1 restore=na verdict=dump_fail
pbsprobe/pbs_sweep.sh: line 257: 1683386 Killed                  setsid bash -c "echo \$\$ > '${WORLD_CG_RUN:-$WORLD_CG}/cgroup.procs' && exec '$wlbin' --port $port --resume_file '$resume_f' $params $extra" > "$wlog" 2>&1 < /dev/null
[1244/2239] S050all.perm__ready dump=1 restore=na verdict=dump_fail
pbsprobe/pbs_sweep.sh: line 257: 1685972 Killed                  setsid bash -c "echo \$\$ > '${WORLD_CG_RUN:-$WORLD_CG}/cgroup.procs' && exec '$wlbin' --port $port --resume_file '$resume_f' $params $extra" > "$wlog" 2>&1 < /dev/null
[1245/2239] S050all.perm__steady dump=1 restore=na verdict=dump_fail
pbsprobe/pbs_sweep.sh: line 257: 1688614 Killed                  setsid bash -c "echo \$\$ > '${WORLD_CG_RUN:-$WORLD_CG}/cgroup.procs' && exec '$wlbin' --port $port --resume_file '$resume_f' $params $extra" > "$wlog" 2>&1 < /dev/null
pbsprobe/pbs_sweep.sh: line 296: 1691316 Killed                  setsid bash -c "echo \$\$ > '${WORLD_CG_RUN:-$WORLD_CG}/cgroup.procs' && exec '$wlbin' --port $port --resume_file '$resume_f' $params $extra" > "$wlog" 2>&1 < /dev/null
[1246/2239] S051one_sigpend.stri__init dump=0 restore=0 verdict=ok
pbsprobe/pbs_sweep.sh: line 296: 1692504 Killed                  setsid bash -c "echo \$\$ > '${WORLD_CG_RUN:-$WORLD_CG}/cgroup.procs' && exec '$wlbin' --port $port --resume_file '$resume_f' $params $extra" > "$wlog" 2>&1 < /dev/null
[1247/2239] S051one_sigpend.stri__db_open dump=0 restore=0 verdict=ok
pbsprobe/pbs_sweep.sh: line 296: 1693680 Killed                  setsid bash -c "echo \$\$ > '${WORLD_CG_RUN:-$WORLD_CG}/cgroup.procs' && exec '$wlbin' --port $port --resume_file '$resume_f' $params $extra" > "$wlog" 2>&1 < /dev/null
[1248/2239] S051one_sigpend.stri__sig_pending dump=0 restore=0 verdict=ok
pbsprobe/pbs_sweep.sh: line 296: 1694860 Killed                  setsid bash -c "echo \$\$ > '${WORLD_CG_RUN:-$WORLD_CG}/cgroup.procs' && exec '$wlbin' --port $port --resume_file '$resume_f' $params $extra" > "$wlog" 2>&1 < /dev/null
[1249/2239] S051one_sigpend.stri__epg_index dump=0 restore=0 verdict=ok
[1250/2239] S051one_sigpend.stri__ready dump=1 restore=na verdict=dump_fail
pbsprobe/pbs_sweep.sh: line 257: 1696039 Killed                  setsid bash -c "echo \$\$ > '${WORLD_CG_RUN:-$WORLD_CG}/cgroup.procs' && exec '$wlbin' --port $port --resume_file '$resume_f' $params $extra" > "$wlog" 2>&1 < /dev/null
[1251/2239] S051one_sigpend.stri__steady dump=1 restore=na verdict=dump_fail
pbsprobe/pbs_sweep.sh: line 257: 1697250 Killed                  setsid bash -c "echo \$\$ > '${WORLD_CG_RUN:-$WORLD_CG}/cgroup.procs' && exec '$wlbin' --port $port --resume_file '$resume_f' $params $extra" > "$wlog" 2>&1 < /dev/null
pbsprobe/pbs_sweep.sh: line 296: 1698512 Killed                  setsid bash -c "echo \$\$ > '${WORLD_CG_RUN:-$WORLD_CG}/cgroup.procs' && exec '$wlbin' --port $port --resume_file '$resume_f' $params $extra" > "$wlog" 2>&1 < /dev/null
[1252/2239] S052one_sigpend.ext___init dump=0 restore=0 verdict=ok
pbsprobe/pbs_sweep.sh: line 296: 1699696 Killed                  setsid bash -c "echo \$\$ > '${WORLD_CG_RUN:-$WORLD_CG}/cgroup.procs' && exec '$wlbin' --port $port --resume_file '$resume_f' $params $extra" > "$wlog" 2>&1 < /dev/null
[1253/2239] S052one_sigpend.ext___db_open dump=0 restore=0 verdict=ok
pbsprobe/pbs_sweep.sh: line 296: 1700876 Killed                  setsid bash -c "echo \$\$ > '${WORLD_CG_RUN:-$WORLD_CG}/cgroup.procs' && exec '$wlbin' --port $port --resume_file '$resume_f' $params $extra" > "$wlog" 2>&1 < /dev/null
[1254/2239] S052one_sigpend.ext___sig_pending dump=0 restore=0 verdict=ok
pbsprobe/pbs_sweep.sh: line 296: 1702048 Killed                  setsid bash -c "echo \$\$ > '${WORLD_CG_RUN:-$WORLD_CG}/cgroup.procs' && exec '$wlbin' --port $port --resume_file '$resume_f' $params $extra" > "$wlog" 2>&1 < /dev/null
[1255/2239] S052one_sigpend.ext___epg_index dump=0 restore=0 verdict=ok
[1256/2239] S052one_sigpend.ext___ready dump=1 restore=na verdict=dump_fail
pbsprobe/pbs_sweep.sh: line 257: 1703220 Killed                  setsid bash -c "echo \$\$ > '${WORLD_CG_RUN:-$WORLD_CG}/cgroup.procs' && exec '$wlbin' --port $port --resume_file '$resume_f' $params $extra" > "$wlog" 2>&1 < /dev/null
[1257/2239] S052one_sigpend.ext___steady dump=1 restore=na verdict=dump_fail
pbsprobe/pbs_sweep.sh: line 257: 1704422 Killed                  setsid bash -c "echo \$\$ > '${WORLD_CG_RUN:-$WORLD_CG}/cgroup.procs' && exec '$wlbin' --port $port --resume_file '$resume_f' $params $extra" > "$wlog" 2>&1 < /dev/null
pbsprobe/pbs_sweep.sh: line 296: 1705688 Killed                  setsid bash -c "echo \$\$ > '${WORLD_CG_RUN:-$WORLD_CG}/cgroup.procs' && exec '$wlbin' --port $port --resume_file '$resume_f' $params $extra" > "$wlog" 2>&1 < /dev/null
[1258/2239] S053one_sigpend.tcp___init dump=0 restore=0 verdict=ok
pbsprobe/pbs_sweep.sh: line 296: 1706880 Killed                  setsid bash -c "echo \$\$ > '${WORLD_CG_RUN:-$WORLD_CG}/cgroup.procs' && exec '$wlbin' --port $port --resume_file '$resume_f' $params $extra" > "$wlog" 2>&1 < /dev/null
[1259/2239] S053one_sigpend.tcp___db_open dump=0 restore=0 verdict=ok
pbsprobe/pbs_sweep.sh: line 296: 1708060 Killed                  setsid bash -c "echo \$\$ > '${WORLD_CG_RUN:-$WORLD_CG}/cgroup.procs' && exec '$wlbin' --port $port --resume_file '$resume_f' $params $extra" > "$wlog" 2>&1 < /dev/null
[1260/2239] S053one_sigpend.tcp___sig_pending dump=0 restore=0 verdict=ok
pbsprobe/pbs_sweep.sh: line 296: 1709244 Killed                  setsid bash -c "echo \$\$ > '${WORLD_CG_RUN:-$WORLD_CG}/cgroup.procs' && exec '$wlbin' --port $port --resume_file '$resume_f' $params $extra" > "$wlog" 2>&1 < /dev/null
[1261/2239] S053one_sigpend.tcp___epg_index dump=0 restore=0 verdict=ok
[1262/2239] S053one_sigpend.tcp___ready dump=1 restore=na verdict=dump_fail
pbsprobe/pbs_sweep.sh: line 257: 1710424 Killed                  setsid bash -c "echo \$\$ > '${WORLD_CG_RUN:-$WORLD_CG}/cgroup.procs' && exec '$wlbin' --port $port --resume_file '$resume_f' $params $extra" > "$wlog" 2>&1 < /dev/null
[1263/2239] S053one_sigpend.tcp___steady dump=1 restore=na verdict=dump_fail
pbsprobe/pbs_sweep.sh: line 257: 1711630 Killed                  setsid bash -c "echo \$\$ > '${WORLD_CG_RUN:-$WORLD_CG}/cgroup.procs' && exec '$wlbin' --port $port --resume_file '$resume_f' $params $extra" > "$wlog" 2>&1 < /dev/null
pbsprobe/pbs_sweep.sh: line 296: 1712892 Killed                  setsid bash -c "echo \$\$ > '${WORLD_CG_RUN:-$WORLD_CG}/cgroup.procs' && exec '$wlbin' --port $port --resume_file '$resume_f' $params $extra" > "$wlog" 2>&1 < /dev/null
[1264/2239] S054one_sigpend.file__init dump=0 restore=0 verdict=ok
pbsprobe/pbs_sweep.sh: line 296: 1714080 Killed                  setsid bash -c "echo \$\$ > '${WORLD_CG_RUN:-$WORLD_CG}/cgroup.procs' && exec '$wlbin' --port $port --resume_file '$resume_f' $params $extra" > "$wlog" 2>&1 < /dev/null
[1265/2239] S054one_sigpend.file__db_open dump=0 restore=0 verdict=ok
pbsprobe/pbs_sweep.sh: line 296: 1715256 Killed                  setsid bash -c "echo \$\$ > '${WORLD_CG_RUN:-$WORLD_CG}/cgroup.procs' && exec '$wlbin' --port $port --resume_file '$resume_f' $params $extra" > "$wlog" 2>&1 < /dev/null
[1266/2239] S054one_sigpend.file__sig_pending dump=0 restore=0 verdict=ok
pbsprobe/pbs_sweep.sh: line 296: 1716432 Killed                  setsid bash -c "echo \$\$ > '${WORLD_CG_RUN:-$WORLD_CG}/cgroup.procs' && exec '$wlbin' --port $port --resume_file '$resume_f' $params $extra" > "$wlog" 2>&1 < /dev/null
[1267/2239] S054one_sigpend.file__epg_index dump=0 restore=0 verdict=ok
[1268/2239] S054one_sigpend.file__ready dump=1 restore=na verdict=dump_fail
pbsprobe/pbs_sweep.sh: line 257: 1717608 Killed                  setsid bash -c "echo \$\$ > '${WORLD_CG_RUN:-$WORLD_CG}/cgroup.procs' && exec '$wlbin' --port $port --resume_file '$resume_f' $params $extra" > "$wlog" 2>&1 < /dev/null
[1269/2239] S054one_sigpend.file__steady dump=1 restore=na verdict=dump_fail
pbsprobe/pbs_sweep.sh: line 257: 1718810 Killed                  setsid bash -c "echo \$\$ > '${WORLD_CG_RUN:-$WORLD_CG}/cgroup.procs' && exec '$wlbin' --port $port --resume_file '$resume_f' $params $extra" > "$wlog" 2>&1 < /dev/null
pbsprobe/pbs_sweep.sh: line 296: 1720069 Killed                  setsid bash -c "echo \$\$ > '${WORLD_CG_RUN:-$WORLD_CG}/cgroup.procs' && exec '$wlbin' --port $port --resume_file '$resume_f' $params $extra" > "$wlog" 2>&1 < /dev/null
[1270/2239] S055one_sigpend.perm__init dump=0 restore=0 verdict=ok
pbsprobe/pbs_sweep.sh: line 296: 1721260 Killed                  setsid bash -c "echo \$\$ > '${WORLD_CG_RUN:-$WORLD_CG}/cgroup.procs' && exec '$wlbin' --port $port --resume_file '$resume_f' $params $extra" > "$wlog" 2>&1 < /dev/null
[1271/2239] S055one_sigpend.perm__db_open dump=0 restore=0 verdict=ok
pbsprobe/pbs_sweep.sh: line 296: 1722436 Killed                  setsid bash -c "echo \$\$ > '${WORLD_CG_RUN:-$WORLD_CG}/cgroup.procs' && exec '$wlbin' --port $port --resume_file '$resume_f' $params $extra" > "$wlog" 2>&1 < /dev/null
[1272/2239] S055one_sigpend.perm__sig_pending dump=0 restore=0 verdict=ok
pbsprobe/pbs_sweep.sh: line 296: 1723620 Killed                  setsid bash -c "echo \$\$ > '${WORLD_CG_RUN:-$WORLD_CG}/cgroup.procs' && exec '$wlbin' --port $port --resume_file '$resume_f' $params $extra" > "$wlog" 2>&1 < /dev/null
[1273/2239] S055one_sigpend.perm__epg_index dump=0 restore=0 verdict=ok
[1274/2239] S055one_sigpend.perm__ready dump=1 restore=na verdict=dump_fail
pbsprobe/pbs_sweep.sh: line 257: 1724796 Killed                  setsid bash -c "echo \$\$ > '${WORLD_CG_RUN:-$WORLD_CG}/cgroup.procs' && exec '$wlbin' --port $port --resume_file '$resume_f' $params $extra" > "$wlog" 2>&1 < /dev/null
[1275/2239] S055one_sigpend.perm__steady dump=1 restore=na verdict=dump_fail
pbsprobe/pbs_sweep.sh: line 257: 1726002 Killed                  setsid bash -c "echo \$\$ > '${WORLD_CG_RUN:-$WORLD_CG}/cgroup.procs' && exec '$wlbin' --port $port --resume_file '$resume_f' $params $extra" > "$wlog" 2>&1 < /dev/null
pbsprobe/pbs_sweep.sh: line 296: 1727269 Killed                  setsid bash -c "echo \$\$ > '${WORLD_CG_RUN:-$WORLD_CG}/cgroup.procs' && exec '$wlbin' --port $port --resume_file '$resume_f' $params $extra" > "$wlog" 2>&1 < /dev/null
[1276/2239] S056one_urandom.stri__init dump=0 restore=0 verdict=ok
pbsprobe/pbs_sweep.sh: line 296: 1728456 Killed                  setsid bash -c "echo \$\$ > '${WORLD_CG_RUN:-$WORLD_CG}/cgroup.procs' && exec '$wlbin' --port $port --resume_file '$resume_f' $params $extra" > "$wlog" 2>&1 < /dev/null
[1277/2239] S056one_urandom.stri__db_open dump=0 restore=0 verdict=ok
pbsprobe/pbs_sweep.sh: line 296: 1729636 Killed                  setsid bash -c "echo \$\$ > '${WORLD_CG_RUN:-$WORLD_CG}/cgroup.procs' && exec '$wlbin' --port $port --resume_file '$resume_f' $params $extra" > "$wlog" 2>&1 < /dev/null
[1278/2239] S056one_urandom.stri__dev_urandom dump=0 restore=0 verdict=ok
pbsprobe/pbs_sweep.sh: line 296: 1730812 Killed                  setsid bash -c "echo \$\$ > '${WORLD_CG_RUN:-$WORLD_CG}/cgroup.procs' && exec '$wlbin' --port $port --resume_file '$resume_f' $params $extra" > "$wlog" 2>&1 < /dev/null
[1279/2239] S056one_urandom.stri__epg_index dump=0 restore=0 verdict=ok
[1280/2239] S056one_urandom.stri__ready dump=1 restore=na verdict=dump_fail
pbsprobe/pbs_sweep.sh: line 257: 1731996 Killed                  setsid bash -c "echo \$\$ > '${WORLD_CG_RUN:-$WORLD_CG}/cgroup.procs' && exec '$wlbin' --port $port --resume_file '$resume_f' $params $extra" > "$wlog" 2>&1 < /dev/null
[1281/2239] S056one_urandom.stri__steady dump=1 restore=na verdict=dump_fail
pbsprobe/pbs_sweep.sh: line 257: 1733194 Killed                  setsid bash -c "echo \$\$ > '${WORLD_CG_RUN:-$WORLD_CG}/cgroup.procs' && exec '$wlbin' --port $port --resume_file '$resume_f' $params $extra" > "$wlog" 2>&1 < /dev/null
pbsprobe/pbs_sweep.sh: line 296: 1734453 Killed                  setsid bash -c "echo \$\$ > '${WORLD_CG_RUN:-$WORLD_CG}/cgroup.procs' && exec '$wlbin' --port $port --resume_file '$resume_f' $params $extra" > "$wlog" 2>&1 < /dev/null
[1282/2239] S057one_urandom.ext___init dump=0 restore=0 verdict=ok
pbsprobe/pbs_sweep.sh: line 296: 1735644 Killed                  setsid bash -c "echo \$\$ > '${WORLD_CG_RUN:-$WORLD_CG}/cgroup.procs' && exec '$wlbin' --port $port --resume_file '$resume_f' $params $extra" > "$wlog" 2>&1 < /dev/null
[1283/2239] S057one_urandom.ext___db_open dump=0 restore=0 verdict=ok
pbsprobe/pbs_sweep.sh: line 296: 1736820 Killed                  setsid bash -c "echo \$\$ > '${WORLD_CG_RUN:-$WORLD_CG}/cgroup.procs' && exec '$wlbin' --port $port --resume_file '$resume_f' $params $extra" > "$wlog" 2>&1 < /dev/null
[1284/2239] S057one_urandom.ext___dev_urandom dump=0 restore=0 verdict=ok
pbsprobe/pbs_sweep.sh: line 296: 1737996 Killed                  setsid bash -c "echo \$\$ > '${WORLD_CG_RUN:-$WORLD_CG}/cgroup.procs' && exec '$wlbin' --port $port --resume_file '$resume_f' $params $extra" > "$wlog" 2>&1 < /dev/null
[1285/2239] S057one_urandom.ext___epg_index dump=0 restore=0 verdict=ok
[1286/2239] S057one_urandom.ext___ready dump=1 restore=na verdict=dump_fail
pbsprobe/pbs_sweep.sh: line 257: 1739172 Killed                  setsid bash -c "echo \$\$ > '${WORLD_CG_RUN:-$WORLD_CG}/cgroup.procs' && exec '$wlbin' --port $port --resume_file '$resume_f' $params $extra" > "$wlog" 2>&1 < /dev/null
[1287/2239] S057one_urandom.ext___steady dump=1 restore=na verdict=dump_fail
pbsprobe/pbs_sweep.sh: line 257: 1740378 Killed                  setsid bash -c "echo \$\$ > '${WORLD_CG_RUN:-$WORLD_CG}/cgroup.procs' && exec '$wlbin' --port $port --resume_file '$resume_f' $params $extra" > "$wlog" 2>&1 < /dev/null
pbsprobe/pbs_sweep.sh: line 296: 1741649 Killed                  setsid bash -c "echo \$\$ > '${WORLD_CG_RUN:-$WORLD_CG}/cgroup.procs' && exec '$wlbin' --port $port --resume_file '$resume_f' $params $extra" > "$wlog" 2>&1 < /dev/null
[1288/2239] S058one_urandom.tcp___init dump=0 restore=0 verdict=ok
pbsprobe/pbs_sweep.sh: line 296: 1742840 Killed                  setsid bash -c "echo \$\$ > '${WORLD_CG_RUN:-$WORLD_CG}/cgroup.procs' && exec '$wlbin' --port $port --resume_file '$resume_f' $params $extra" > "$wlog" 2>&1 < /dev/null
[1289/2239] S058one_urandom.tcp___db_open dump=0 restore=0 verdict=ok
pbsprobe/pbs_sweep.sh: line 296: 1744020 Killed                  setsid bash -c "echo \$\$ > '${WORLD_CG_RUN:-$WORLD_CG}/cgroup.procs' && exec '$wlbin' --port $port --resume_file '$resume_f' $params $extra" > "$wlog" 2>&1 < /dev/null
[1290/2239] S058one_urandom.tcp___dev_urandom dump=0 restore=0 verdict=ok
pbsprobe/pbs_sweep.sh: line 296: 1745196 Killed                  setsid bash -c "echo \$\$ > '${WORLD_CG_RUN:-$WORLD_CG}/cgroup.procs' && exec '$wlbin' --port $port --resume_file '$resume_f' $params $extra" > "$wlog" 2>&1 < /dev/null
[1291/2239] S058one_urandom.tcp___epg_index dump=0 restore=0 verdict=ok
[1292/2239] S058one_urandom.tcp___ready dump=1 restore=na verdict=dump_fail
pbsprobe/pbs_sweep.sh: line 257: 1746368 Killed                  setsid bash -c "echo \$\$ > '${WORLD_CG_RUN:-$WORLD_CG}/cgroup.procs' && exec '$wlbin' --port $port --resume_file '$resume_f' $params $extra" > "$wlog" 2>&1 < /dev/null
[1293/2239] S058one_urandom.tcp___steady dump=1 restore=na verdict=dump_fail
pbsprobe/pbs_sweep.sh: line 257: 1747574 Killed                  setsid bash -c "echo \$\$ > '${WORLD_CG_RUN:-$WORLD_CG}/cgroup.procs' && exec '$wlbin' --port $port --resume_file '$resume_f' $params $extra" > "$wlog" 2>&1 < /dev/null
pbsprobe/pbs_sweep.sh: line 296: 1748841 Killed                  setsid bash -c "echo \$\$ > '${WORLD_CG_RUN:-$WORLD_CG}/cgroup.procs' && exec '$wlbin' --port $port --resume_file '$resume_f' $params $extra" > "$wlog" 2>&1 < /dev/null
[1294/2239] S059one_urandom.file__init dump=0 restore=0 verdict=ok
pbsprobe/pbs_sweep.sh: line 296: 1750032 Killed                  setsid bash -c "echo \$\$ > '${WORLD_CG_RUN:-$WORLD_CG}/cgroup.procs' && exec '$wlbin' --port $port --resume_file '$resume_f' $params $extra" > "$wlog" 2>&1 < /dev/null
[1295/2239] S059one_urandom.file__db_open dump=0 restore=0 verdict=ok
pbsprobe/pbs_sweep.sh: line 296: 1751216 Killed                  setsid bash -c "echo \$\$ > '${WORLD_CG_RUN:-$WORLD_CG}/cgroup.procs' && exec '$wlbin' --port $port --resume_file '$resume_f' $params $extra" > "$wlog" 2>&1 < /dev/null
[1296/2239] S059one_urandom.file__dev_urandom dump=0 restore=0 verdict=ok
pbsprobe/pbs_sweep.sh: line 296: 1752392 Killed                  setsid bash -c "echo \$\$ > '${WORLD_CG_RUN:-$WORLD_CG}/cgroup.procs' && exec '$wlbin' --port $port --resume_file '$resume_f' $params $extra" > "$wlog" 2>&1 < /dev/null
[1297/2239] S059one_urandom.file__epg_index dump=0 restore=0 verdict=ok
[1298/2239] S059one_urandom.file__ready dump=1 restore=na verdict=dump_fail
pbsprobe/pbs_sweep.sh: line 257: 1753568 Killed                  setsid bash -c "echo \$\$ > '${WORLD_CG_RUN:-$WORLD_CG}/cgroup.procs' && exec '$wlbin' --port $port --resume_file '$resume_f' $params $extra" > "$wlog" 2>&1 < /dev/null
[1299/2239] S059one_urandom.file__steady dump=1 restore=na verdict=dump_fail
pbsprobe/pbs_sweep.sh: line 257: 1754771 Killed                  setsid bash -c "echo \$\$ > '${WORLD_CG_RUN:-$WORLD_CG}/cgroup.procs' && exec '$wlbin' --port $port --resume_file '$resume_f' $params $extra" > "$wlog" 2>&1 < /dev/null
pbsprobe/pbs_sweep.sh: line 296: 1756045 Killed                  setsid bash -c "echo \$\$ > '${WORLD_CG_RUN:-$WORLD_CG}/cgroup.procs' && exec '$wlbin' --port $port --resume_file '$resume_f' $params $extra" > "$wlog" 2>&1 < /dev/null
[1300/2239] S060one_urandom.perm__init dump=0 restore=0 verdict=ok
pbsprobe/pbs_sweep.sh: line 296: 1757237 Killed                  setsid bash -c "echo \$\$ > '${WORLD_CG_RUN:-$WORLD_CG}/cgroup.procs' && exec '$wlbin' --port $port --resume_file '$resume_f' $params $extra" > "$wlog" 2>&1 < /dev/null
[1301/2239] S060one_urandom.perm__db_open dump=0 restore=0 verdict=ok
pbsprobe/pbs_sweep.sh: line 296: 1758420 Killed                  setsid bash -c "echo \$\$ > '${WORLD_CG_RUN:-$WORLD_CG}/cgroup.procs' && exec '$wlbin' --port $port --resume_file '$resume_f' $params $extra" > "$wlog" 2>&1 < /dev/null
[1302/2239] S060one_urandom.perm__dev_urandom dump=0 restore=0 verdict=ok
pbsprobe/pbs_sweep.sh: line 296: 1759604 Killed                  setsid bash -c "echo \$\$ > '${WORLD_CG_RUN:-$WORLD_CG}/cgroup.procs' && exec '$wlbin' --port $port --resume_file '$resume_f' $params $extra" > "$wlog" 2>&1 < /dev/null
[1303/2239] S060one_urandom.perm__epg_index dump=0 restore=0 verdict=ok
[1304/2239] S060one_urandom.perm__ready dump=1 restore=na verdict=dump_fail
pbsprobe/pbs_sweep.sh: line 257: 1760784 Killed                  setsid bash -c "echo \$\$ > '${WORLD_CG_RUN:-$WORLD_CG}/cgroup.procs' && exec '$wlbin' --port $port --resume_file '$resume_f' $params $extra" > "$wlog" 2>&1 < /dev/null
[1305/2239] S060one_urandom.perm__steady dump=1 restore=na verdict=dump_fail
pbsprobe/pbs_sweep.sh: line 257: 1761991 Killed                  setsid bash -c "echo \$\$ > '${WORLD_CG_RUN:-$WORLD_CG}/cgroup.procs' && exec '$wlbin' --port $port --resume_file '$resume_f' $params $extra" > "$wlog" 2>&1 < /dev/null
pbsprobe/pbs_sweep.sh: line 296: 1763253 Killed                  setsid bash -c "echo \$\$ > '${WORLD_CG_RUN:-$WORLD_CG}/cgroup.procs' && exec '$wlbin' --port $port --resume_file '$resume_f' $params $extra" > "$wlog" 2>&1 < /dev/null
[1306/2239] S061one_log.stri__init dump=0 restore=0 verdict=ok
[1307/2239] S061one_log.stri__db_open dump=1 restore=na verdict=dump_fail
pbsprobe/pbs_sweep.sh: line 257: 1764437 Killed                  setsid bash -c "echo \$\$ > '${WORLD_CG_RUN:-$WORLD_CG}/cgroup.procs' && exec '$wlbin' --port $port --resume_file '$resume_f' $params $extra" > "$wlog" 2>&1 < /dev/null
[1308/2239] S061one_log.stri__log_open dump=1 restore=na verdict=dump_fail
pbsprobe/pbs_sweep.sh: line 257: 1764617 Killed                  setsid bash -c "echo \$\$ > '${WORLD_CG_RUN:-$WORLD_CG}/cgroup.procs' && exec '$wlbin' --port $port --resume_file '$resume_f' $params $extra" > "$wlog" 2>&1 < /dev/null
[1309/2239] S061one_log.stri__epg_index dump=1 restore=na verdict=dump_fail
pbsprobe/pbs_sweep.sh: line 257: 1764735 Killed                  setsid bash -c "echo \$\$ > '${WORLD_CG_RUN:-$WORLD_CG}/cgroup.procs' && exec '$wlbin' --port $port --resume_file '$resume_f' $params $extra" > "$wlog" 2>&1 < /dev/null
[1310/2239] S061one_log.stri__ready dump=1 restore=na verdict=dump_fail
pbsprobe/pbs_sweep.sh: line 257: 1765595 Killed                  setsid bash -c "echo \$\$ > '${WORLD_CG_RUN:-$WORLD_CG}/cgroup.procs' && exec '$wlbin' --port $port --resume_file '$resume_f' $params $extra" > "$wlog" 2>&1 < /dev/null
[1311/2239] S061one_log.stri__steady dump=1 restore=na verdict=dump_fail
pbsprobe/pbs_sweep.sh: line 257: 1766801 Killed                  setsid bash -c "echo \$\$ > '${WORLD_CG_RUN:-$WORLD_CG}/cgroup.procs' && exec '$wlbin' --port $port --resume_file '$resume_f' $params $extra" > "$wlog" 2>&1 < /dev/null
pbsprobe/pbs_sweep.sh: line 296: 1768064 Killed                  setsid bash -c "echo \$\$ > '${WORLD_CG_RUN:-$WORLD_CG}/cgroup.procs' && exec '$wlbin' --port $port --resume_file '$resume_f' $params $extra" > "$wlog" 2>&1 < /dev/null
[1312/2239] S062one_log.ext___init dump=0 restore=0 verdict=ok
pbsprobe/pbs_sweep.sh: line 296: 1769259 Killed                  setsid bash -c "echo \$\$ > '${WORLD_CG_RUN:-$WORLD_CG}/cgroup.procs' && exec '$wlbin' --port $port --resume_file '$resume_f' $params $extra" > "$wlog" 2>&1 < /dev/null
[1313/2239] S062one_log.ext___db_open dump=0 restore=0 verdict=ok
pbsprobe/pbs_sweep.sh: line 296: 1770439 Killed                  setsid bash -c "echo \$\$ > '${WORLD_CG_RUN:-$WORLD_CG}/cgroup.procs' && exec '$wlbin' --port $port --resume_file '$resume_f' $params $extra" > "$wlog" 2>&1 < /dev/null
[1314/2239] S062one_log.ext___log_open dump=0 restore=0 verdict=ok
pbsprobe/pbs_sweep.sh: line 296: 1771619 Killed                  setsid bash -c "echo \$\$ > '${WORLD_CG_RUN:-$WORLD_CG}/cgroup.procs' && exec '$wlbin' --port $port --resume_file '$resume_f' $params $extra" > "$wlog" 2>&1 < /dev/null
[1315/2239] S062one_log.ext___epg_index dump=0 restore=0 verdict=ok
[1316/2239] S062one_log.ext___ready dump=1 restore=na verdict=dump_fail
pbsprobe/pbs_sweep.sh: line 257: 1772799 Killed                  setsid bash -c "echo \$\$ > '${WORLD_CG_RUN:-$WORLD_CG}/cgroup.procs' && exec '$wlbin' --port $port --resume_file '$resume_f' $params $extra" > "$wlog" 2>&1 < /dev/null
[1317/2239] S062one_log.ext___steady dump=1 restore=na verdict=dump_fail
pbsprobe/pbs_sweep.sh: line 257: 1774009 Killed                  setsid bash -c "echo \$\$ > '${WORLD_CG_RUN:-$WORLD_CG}/cgroup.procs' && exec '$wlbin' --port $port --resume_file '$resume_f' $params $extra" > "$wlog" 2>&1 < /dev/null
pbsprobe/pbs_sweep.sh: line 296: 1775272 Killed                  setsid bash -c "echo \$\$ > '${WORLD_CG_RUN:-$WORLD_CG}/cgroup.procs' && exec '$wlbin' --port $port --resume_file '$resume_f' $params $extra" > "$wlog" 2>&1 < /dev/null
[1318/2239] S063one_log.tcp___init dump=0 restore=0 verdict=ok
[1319/2239] S063one_log.tcp___db_open dump=1 restore=na verdict=dump_fail
pbsprobe/pbs_sweep.sh: line 257: 1776463 Killed                  setsid bash -c "echo \$\$ > '${WORLD_CG_RUN:-$WORLD_CG}/cgroup.procs' && exec '$wlbin' --port $port --resume_file '$resume_f' $params $extra" > "$wlog" 2>&1 < /dev/null
[1320/2239] S063one_log.tcp___log_open dump=1 restore=na verdict=dump_fail
pbsprobe/pbs_sweep.sh: line 257: 1776636 Killed                  setsid bash -c "echo \$\$ > '${WORLD_CG_RUN:-$WORLD_CG}/cgroup.procs' && exec '$wlbin' --port $port --resume_file '$resume_f' $params $extra" > "$wlog" 2>&1 < /dev/null
[1321/2239] S063one_log.tcp___epg_index dump=1 restore=na verdict=dump_fail
pbsprobe/pbs_sweep.sh: line 257: 1776757 Killed                  setsid bash -c "echo \$\$ > '${WORLD_CG_RUN:-$WORLD_CG}/cgroup.procs' && exec '$wlbin' --port $port --resume_file '$resume_f' $params $extra" > "$wlog" 2>&1 < /dev/null
[1322/2239] S063one_log.tcp___ready dump=1 restore=na verdict=dump_fail
pbsprobe/pbs_sweep.sh: line 257: 1777625 Killed                  setsid bash -c "echo \$\$ > '${WORLD_CG_RUN:-$WORLD_CG}/cgroup.procs' && exec '$wlbin' --port $port --resume_file '$resume_f' $params $extra" > "$wlog" 2>&1 < /dev/null
[1323/2239] S063one_log.tcp___steady dump=1 restore=na verdict=dump_fail
pbsprobe/pbs_sweep.sh: line 257: 1778832 Killed                  setsid bash -c "echo \$\$ > '${WORLD_CG_RUN:-$WORLD_CG}/cgroup.procs' && exec '$wlbin' --port $port --resume_file '$resume_f' $params $extra" > "$wlog" 2>&1 < /dev/null
pbsprobe/pbs_sweep.sh: line 296: 1780102 Killed                  setsid bash -c "echo \$\$ > '${WORLD_CG_RUN:-$WORLD_CG}/cgroup.procs' && exec '$wlbin' --port $port --resume_file '$resume_f' $params $extra" > "$wlog" 2>&1 < /dev/null
[1324/2239] S064one_log.file__init dump=0 restore=0 verdict=ok
[1325/2239] S064one_log.file__db_open dump=1 restore=na verdict=dump_fail
pbsprobe/pbs_sweep.sh: line 257: 1781290 Killed                  setsid bash -c "echo \$\$ > '${WORLD_CG_RUN:-$WORLD_CG}/cgroup.procs' && exec '$wlbin' --port $port --resume_file '$resume_f' $params $extra" > "$wlog" 2>&1 < /dev/null
[1326/2239] S064one_log.file__log_open dump=1 restore=na verdict=dump_fail
pbsprobe/pbs_sweep.sh: line 257: 1781463 Killed                  setsid bash -c "echo \$\$ > '${WORLD_CG_RUN:-$WORLD_CG}/cgroup.procs' && exec '$wlbin' --port $port --resume_file '$resume_f' $params $extra" > "$wlog" 2>&1 < /dev/null
[1327/2239] S064one_log.file__epg_index dump=1 restore=na verdict=dump_fail
pbsprobe/pbs_sweep.sh: line 257: 1781584 Killed                  setsid bash -c "echo \$\$ > '${WORLD_CG_RUN:-$WORLD_CG}/cgroup.procs' && exec '$wlbin' --port $port --resume_file '$resume_f' $params $extra" > "$wlog" 2>&1 < /dev/null
[1328/2239] S064one_log.file__ready dump=1 restore=na verdict=dump_fail
pbsprobe/pbs_sweep.sh: line 257: 1782440 Killed                  setsid bash -c "echo \$\$ > '${WORLD_CG_RUN:-$WORLD_CG}/cgroup.procs' && exec '$wlbin' --port $port --resume_file '$resume_f' $params $extra" > "$wlog" 2>&1 < /dev/null
[1329/2239] S064one_log.file__steady dump=1 restore=na verdict=dump_fail
pbsprobe/pbs_sweep.sh: line 257: 1783643 Killed                  setsid bash -c "echo \$\$ > '${WORLD_CG_RUN:-$WORLD_CG}/cgroup.procs' && exec '$wlbin' --port $port --resume_file '$resume_f' $params $extra" > "$wlog" 2>&1 < /dev/null
pbsprobe/pbs_sweep.sh: line 296: 1784909 Killed                  setsid bash -c "echo \$\$ > '${WORLD_CG_RUN:-$WORLD_CG}/cgroup.procs' && exec '$wlbin' --port $port --resume_file '$resume_f' $params $extra" > "$wlog" 2>&1 < /dev/null
[1330/2239] S065one_log.perm__init dump=0 restore=0 verdict=ok
pbsprobe/pbs_sweep.sh: line 296: 1786097 Killed                  setsid bash -c "echo \$\$ > '${WORLD_CG_RUN:-$WORLD_CG}/cgroup.procs' && exec '$wlbin' --port $port --resume_file '$resume_f' $params $extra" > "$wlog" 2>&1 < /dev/null
[1331/2239] S065one_log.perm__db_open dump=0 restore=0 verdict=ok
pbsprobe/pbs_sweep.sh: line 296: 1787277 Killed                  setsid bash -c "echo \$\$ > '${WORLD_CG_RUN:-$WORLD_CG}/cgroup.procs' && exec '$wlbin' --port $port --resume_file '$resume_f' $params $extra" > "$wlog" 2>&1 < /dev/null
[1332/2239] S065one_log.perm__log_open dump=0 restore=0 verdict=ok
pbsprobe/pbs_sweep.sh: line 296: 1788457 Killed                  setsid bash -c "echo \$\$ > '${WORLD_CG_RUN:-$WORLD_CG}/cgroup.procs' && exec '$wlbin' --port $port --resume_file '$resume_f' $params $extra" > "$wlog" 2>&1 < /dev/null
[1333/2239] S065one_log.perm__epg_index dump=0 restore=0 verdict=ok
[1334/2239] S065one_log.perm__ready dump=1 restore=na verdict=dump_fail
pbsprobe/pbs_sweep.sh: line 257: 1789632 Killed                  setsid bash -c "echo \$\$ > '${WORLD_CG_RUN:-$WORLD_CG}/cgroup.procs' && exec '$wlbin' --port $port --resume_file '$resume_f' $params $extra" > "$wlog" 2>&1 < /dev/null
[1335/2239] S065one_log.perm__steady dump=1 restore=na verdict=dump_fail
pbsprobe/pbs_sweep.sh: line 257: 1790839 Killed                  setsid bash -c "echo \$\$ > '${WORLD_CG_RUN:-$WORLD_CG}/cgroup.procs' && exec '$wlbin' --port $port --resume_file '$resume_f' $params $extra" > "$wlog" 2>&1 < /dev/null
pbsprobe/pbs_sweep.sh: line 296: 1792101 Killed                  setsid bash -c "echo \$\$ > '${WORLD_CG_RUN:-$WORLD_CG}/cgroup.procs' && exec '$wlbin' --port $port --resume_file '$resume_f' $params $extra" > "$wlog" 2>&1 < /dev/null
[1336/2239] S066one_lockf.stri__init dump=0 restore=0 verdict=ok
pbsprobe/pbs_sweep.sh: line 296: 1793281 Killed                  setsid bash -c "echo \$\$ > '${WORLD_CG_RUN:-$WORLD_CG}/cgroup.procs' && exec '$wlbin' --port $port --resume_file '$resume_f' $params $extra" > "$wlog" 2>&1 < /dev/null
[1337/2239] S066one_lockf.stri__db_open dump=0 restore=0 verdict=ok
[1338/2239] S066one_lockf.stri__db_lock dump=1 restore=na verdict=dump_fail
pbsprobe/pbs_sweep.sh: line 257: 1794461 Killed                  setsid bash -c "echo \$\$ > '${WORLD_CG_RUN:-$WORLD_CG}/cgroup.procs' && exec '$wlbin' --port $port --resume_file '$resume_f' $params $extra" > "$wlog" 2>&1 < /dev/null
[1339/2239] S066one_lockf.stri__epg_index dump=1 restore=na verdict=dump_fail
pbsprobe/pbs_sweep.sh: line 257: 1794638 Killed                  setsid bash -c "echo \$\$ > '${WORLD_CG_RUN:-$WORLD_CG}/cgroup.procs' && exec '$wlbin' --port $port --resume_file '$resume_f' $params $extra" > "$wlog" 2>&1 < /dev/null
[1340/2239] S066one_lockf.stri__ready dump=1 restore=na verdict=dump_fail
pbsprobe/pbs_sweep.sh: line 257: 1795498 Killed                  setsid bash -c "echo \$\$ > '${WORLD_CG_RUN:-$WORLD_CG}/cgroup.procs' && exec '$wlbin' --port $port --resume_file '$resume_f' $params $extra" > "$wlog" 2>&1 < /dev/null
[1341/2239] S066one_lockf.stri__steady dump=1 restore=na verdict=dump_fail
pbsprobe/pbs_sweep.sh: line 257: 1796704 Killed                  setsid bash -c "echo \$\$ > '${WORLD_CG_RUN:-$WORLD_CG}/cgroup.procs' && exec '$wlbin' --port $port --resume_file '$resume_f' $params $extra" > "$wlog" 2>&1 < /dev/null
pbsprobe/pbs_sweep.sh: line 296: 1797967 Killed                  setsid bash -c "echo \$\$ > '${WORLD_CG_RUN:-$WORLD_CG}/cgroup.procs' && exec '$wlbin' --port $port --resume_file '$resume_f' $params $extra" > "$wlog" 2>&1 < /dev/null
[1342/2239] S067one_lockf.ext___init dump=0 restore=0 verdict=ok
pbsprobe/pbs_sweep.sh: line 296: 1799154 Killed                  setsid bash -c "echo \$\$ > '${WORLD_CG_RUN:-$WORLD_CG}/cgroup.procs' && exec '$wlbin' --port $port --resume_file '$resume_f' $params $extra" > "$wlog" 2>&1 < /dev/null
[1343/2239] S067one_lockf.ext___db_open dump=0 restore=0 verdict=ok
[1344/2239] S067one_lockf.ext___db_lock dump=1 restore=na verdict=dump_fail
pbsprobe/pbs_sweep.sh: line 257: 1800330 Killed                  setsid bash -c "echo \$\$ > '${WORLD_CG_RUN:-$WORLD_CG}/cgroup.procs' && exec '$wlbin' --port $port --resume_file '$resume_f' $params $extra" > "$wlog" 2>&1 < /dev/null
[1345/2239] S067one_lockf.ext___epg_index dump=1 restore=na verdict=dump_fail
pbsprobe/pbs_sweep.sh: line 257: 1800507 Killed                  setsid bash -c "echo \$\$ > '${WORLD_CG_RUN:-$WORLD_CG}/cgroup.procs' && exec '$wlbin' --port $port --resume_file '$resume_f' $params $extra" > "$wlog" 2>&1 < /dev/null
[1346/2239] S067one_lockf.ext___ready dump=1 restore=na verdict=dump_fail
pbsprobe/pbs_sweep.sh: line 257: 1801367 Killed                  setsid bash -c "echo \$\$ > '${WORLD_CG_RUN:-$WORLD_CG}/cgroup.procs' && exec '$wlbin' --port $port --resume_file '$resume_f' $params $extra" > "$wlog" 2>&1 < /dev/null
[1347/2239] S067one_lockf.ext___steady dump=1 restore=na verdict=dump_fail
pbsprobe/pbs_sweep.sh: line 257: 1802574 Killed                  setsid bash -c "echo \$\$ > '${WORLD_CG_RUN:-$WORLD_CG}/cgroup.procs' && exec '$wlbin' --port $port --resume_file '$resume_f' $params $extra" > "$wlog" 2>&1 < /dev/null
pbsprobe/pbs_sweep.sh: line 296: 1803848 Killed                  setsid bash -c "echo \$\$ > '${WORLD_CG_RUN:-$WORLD_CG}/cgroup.procs' && exec '$wlbin' --port $port --resume_file '$resume_f' $params $extra" > "$wlog" 2>&1 < /dev/null
[1348/2239] S068one_lockf.tcp___init dump=0 restore=0 verdict=ok
pbsprobe/pbs_sweep.sh: line 296: 1805028 Killed                  setsid bash -c "echo \$\$ > '${WORLD_CG_RUN:-$WORLD_CG}/cgroup.procs' && exec '$wlbin' --port $port --resume_file '$resume_f' $params $extra" > "$wlog" 2>&1 < /dev/null
[1349/2239] S068one_lockf.tcp___db_open dump=0 restore=0 verdict=ok
[1350/2239] S068one_lockf.tcp___db_lock dump=1 restore=na verdict=dump_fail
pbsprobe/pbs_sweep.sh: line 257: 1806203 Killed                  setsid bash -c "echo \$\$ > '${WORLD_CG_RUN:-$WORLD_CG}/cgroup.procs' && exec '$wlbin' --port $port --resume_file '$resume_f' $params $extra" > "$wlog" 2>&1 < /dev/null
[1351/2239] S068one_lockf.tcp___epg_index dump=1 restore=na verdict=dump_fail
pbsprobe/pbs_sweep.sh: line 257: 1806384 Killed                  setsid bash -c "echo \$\$ > '${WORLD_CG_RUN:-$WORLD_CG}/cgroup.procs' && exec '$wlbin' --port $port --resume_file '$resume_f' $params $extra" > "$wlog" 2>&1 < /dev/null
[1352/2239] S068one_lockf.tcp___ready dump=1 restore=na verdict=dump_fail
pbsprobe/pbs_sweep.sh: line 257: 1807240 Killed                  setsid bash -c "echo \$\$ > '${WORLD_CG_RUN:-$WORLD_CG}/cgroup.procs' && exec '$wlbin' --port $port --resume_file '$resume_f' $params $extra" > "$wlog" 2>&1 < /dev/null
[1353/2239] S068one_lockf.tcp___steady dump=1 restore=na verdict=dump_fail
pbsprobe/pbs_sweep.sh: line 257: 1808443 Killed                  setsid bash -c "echo \$\$ > '${WORLD_CG_RUN:-$WORLD_CG}/cgroup.procs' && exec '$wlbin' --port $port --resume_file '$resume_f' $params $extra" > "$wlog" 2>&1 < /dev/null
pbsprobe/pbs_sweep.sh: line 296: 1809705 Killed                  setsid bash -c "echo \$\$ > '${WORLD_CG_RUN:-$WORLD_CG}/cgroup.procs' && exec '$wlbin' --port $port --resume_file '$resume_f' $params $extra" > "$wlog" 2>&1 < /dev/null
[1354/2239] S069one_lockf.file__init dump=0 restore=0 verdict=ok
pbsprobe/pbs_sweep.sh: line 296: 1810889 Killed                  setsid bash -c "echo \$\$ > '${WORLD_CG_RUN:-$WORLD_CG}/cgroup.procs' && exec '$wlbin' --port $port --resume_file '$resume_f' $params $extra" > "$wlog" 2>&1 < /dev/null
[1355/2239] S069one_lockf.file__db_open dump=0 restore=0 verdict=ok
pbsprobe/pbs_sweep.sh: line 296: 1812077 Killed                  setsid bash -c "echo \$\$ > '${WORLD_CG_RUN:-$WORLD_CG}/cgroup.procs' && exec '$wlbin' --port $port --resume_file '$resume_f' $params $extra" > "$wlog" 2>&1 < /dev/null
[1356/2239] S069one_lockf.file__db_lock dump=0 restore=0 verdict=ok
pbsprobe/pbs_sweep.sh: line 296: 1813261 Killed                  setsid bash -c "echo \$\$ > '${WORLD_CG_RUN:-$WORLD_CG}/cgroup.procs' && exec '$wlbin' --port $port --resume_file '$resume_f' $params $extra" > "$wlog" 2>&1 < /dev/null
[1357/2239] S069one_lockf.file__epg_index dump=0 restore=0 verdict=ok
[1358/2239] S069one_lockf.file__ready dump=1 restore=na verdict=dump_fail
pbsprobe/pbs_sweep.sh: line 257: 1814436 Killed                  setsid bash -c "echo \$\$ > '${WORLD_CG_RUN:-$WORLD_CG}/cgroup.procs' && exec '$wlbin' --port $port --resume_file '$resume_f' $params $extra" > "$wlog" 2>&1 < /dev/null
[1359/2239] S069one_lockf.file__steady dump=1 restore=na verdict=dump_fail
pbsprobe/pbs_sweep.sh: line 257: 1815631 Killed                  setsid bash -c "echo \$\$ > '${WORLD_CG_RUN:-$WORLD_CG}/cgroup.procs' && exec '$wlbin' --port $port --resume_file '$resume_f' $params $extra" > "$wlog" 2>&1 < /dev/null
pbsprobe/pbs_sweep.sh: line 296: 1816893 Killed                  setsid bash -c "echo \$\$ > '${WORLD_CG_RUN:-$WORLD_CG}/cgroup.procs' && exec '$wlbin' --port $port --resume_file '$resume_f' $params $extra" > "$wlog" 2>&1 < /dev/null
[1360/2239] S070one_lockf.perm__init dump=0 restore=0 verdict=ok
pbsprobe/pbs_sweep.sh: line 296: 1818081 Killed                  setsid bash -c "echo \$\$ > '${WORLD_CG_RUN:-$WORLD_CG}/cgroup.procs' && exec '$wlbin' --port $port --resume_file '$resume_f' $params $extra" > "$wlog" 2>&1 < /dev/null
[1361/2239] S070one_lockf.perm__db_open dump=0 restore=0 verdict=ok
pbsprobe/pbs_sweep.sh: line 296: 1819257 Killed                  setsid bash -c "echo \$\$ > '${WORLD_CG_RUN:-$WORLD_CG}/cgroup.procs' && exec '$wlbin' --port $port --resume_file '$resume_f' $params $extra" > "$wlog" 2>&1 < /dev/null
[1362/2239] S070one_lockf.perm__db_lock dump=0 restore=0 verdict=ok
pbsprobe/pbs_sweep.sh: line 296: 1820445 Killed                  setsid bash -c "echo \$\$ > '${WORLD_CG_RUN:-$WORLD_CG}/cgroup.procs' && exec '$wlbin' --port $port --resume_file '$resume_f' $params $extra" > "$wlog" 2>&1 < /dev/null
[1363/2239] S070one_lockf.perm__epg_index dump=0 restore=0 verdict=ok
[1364/2239] S070one_lockf.perm__ready dump=1 restore=na verdict=dump_fail
pbsprobe/pbs_sweep.sh: line 257: 1821620 Killed                  setsid bash -c "echo \$\$ > '${WORLD_CG_RUN:-$WORLD_CG}/cgroup.procs' && exec '$wlbin' --port $port --resume_file '$resume_f' $params $extra" > "$wlog" 2>&1 < /dev/null
[1365/2239] S070one_lockf.perm__steady dump=1 restore=na verdict=dump_fail
pbsprobe/pbs_sweep.sh: line 257: 1822823 Killed                  setsid bash -c "echo \$\$ > '${WORLD_CG_RUN:-$WORLD_CG}/cgroup.procs' && exec '$wlbin' --port $port --resume_file '$resume_f' $params $extra" > "$wlog" 2>&1 < /dev/null
pbsprobe/pbs_sweep.sh: line 296: 1824081 Killed                  setsid bash -c "echo \$\$ > '${WORLD_CG_RUN:-$WORLD_CG}/cgroup.procs' && exec '$wlbin' --port $port --resume_file '$resume_f' $params $extra" > "$wlog" 2>&1 < /dev/null
[1366/2239] S071one_lockp.stri__init dump=0 restore=0 verdict=ok
pbsprobe/pbs_sweep.sh: line 296: 1825261 Killed                  setsid bash -c "echo \$\$ > '${WORLD_CG_RUN:-$WORLD_CG}/cgroup.procs' && exec '$wlbin' --port $port --resume_file '$resume_f' $params $extra" > "$wlog" 2>&1 < /dev/null
[1367/2239] S071one_lockp.stri__db_open dump=0 restore=0 verdict=ok
[1368/2239] S071one_lockp.stri__db_lock dump=1 restore=na verdict=dump_fail
pbsprobe/pbs_sweep.sh: line 257: 1826437 Killed                  setsid bash -c "echo \$\$ > '${WORLD_CG_RUN:-$WORLD_CG}/cgroup.procs' && exec '$wlbin' --port $port --resume_file '$resume_f' $params $extra" > "$wlog" 2>&1 < /dev/null
[1369/2239] S071one_lockp.stri__epg_index dump=1 restore=na verdict=dump_fail
pbsprobe/pbs_sweep.sh: line 257: 1826610 Killed                  setsid bash -c "echo \$\$ > '${WORLD_CG_RUN:-$WORLD_CG}/cgroup.procs' && exec '$wlbin' --port $port --resume_file '$resume_f' $params $extra" > "$wlog" 2>&1 < /dev/null
[1370/2239] S071one_lockp.stri__ready dump=1 restore=na verdict=dump_fail
pbsprobe/pbs_sweep.sh: line 257: 1827466 Killed                  setsid bash -c "echo \$\$ > '${WORLD_CG_RUN:-$WORLD_CG}/cgroup.procs' && exec '$wlbin' --port $port --resume_file '$resume_f' $params $extra" > "$wlog" 2>&1 < /dev/null
[1371/2239] S071one_lockp.stri__steady dump=1 restore=na verdict=dump_fail
pbsprobe/pbs_sweep.sh: line 257: 1828676 Killed                  setsid bash -c "echo \$\$ > '${WORLD_CG_RUN:-$WORLD_CG}/cgroup.procs' && exec '$wlbin' --port $port --resume_file '$resume_f' $params $extra" > "$wlog" 2>&1 < /dev/null
pbsprobe/pbs_sweep.sh: line 296: 1829939 Killed                  setsid bash -c "echo \$\$ > '${WORLD_CG_RUN:-$WORLD_CG}/cgroup.procs' && exec '$wlbin' --port $port --resume_file '$resume_f' $params $extra" > "$wlog" 2>&1 < /dev/null
[1372/2239] S072one_lockp.ext___init dump=0 restore=0 verdict=ok
pbsprobe/pbs_sweep.sh: line 296: 1831134 Killed                  setsid bash -c "echo \$\$ > '${WORLD_CG_RUN:-$WORLD_CG}/cgroup.procs' && exec '$wlbin' --port $port --resume_file '$resume_f' $params $extra" > "$wlog" 2>&1 < /dev/null
[1373/2239] S072one_lockp.ext___db_open dump=0 restore=0 verdict=ok
[1374/2239] S072one_lockp.ext___db_lock dump=1 restore=na verdict=dump_fail
pbsprobe/pbs_sweep.sh: line 257: 1832310 Killed                  setsid bash -c "echo \$\$ > '${WORLD_CG_RUN:-$WORLD_CG}/cgroup.procs' && exec '$wlbin' --port $port --resume_file '$resume_f' $params $extra" > "$wlog" 2>&1 < /dev/null
[1375/2239] S072one_lockp.ext___epg_index dump=1 restore=na verdict=dump_fail
pbsprobe/pbs_sweep.sh: line 257: 1832483 Killed                  setsid bash -c "echo \$\$ > '${WORLD_CG_RUN:-$WORLD_CG}/cgroup.procs' && exec '$wlbin' --port $port --resume_file '$resume_f' $params $extra" > "$wlog" 2>&1 < /dev/null
[1376/2239] S072one_lockp.ext___ready dump=1 restore=na verdict=dump_fail
pbsprobe/pbs_sweep.sh: line 257: 1833347 Killed                  setsid bash -c "echo \$\$ > '${WORLD_CG_RUN:-$WORLD_CG}/cgroup.procs' && exec '$wlbin' --port $port --resume_file '$resume_f' $params $extra" > "$wlog" 2>&1 < /dev/null
[1377/2239] S072one_lockp.ext___steady dump=1 restore=na verdict=dump_fail
pbsprobe/pbs_sweep.sh: line 257: 1834550 Killed                  setsid bash -c "echo \$\$ > '${WORLD_CG_RUN:-$WORLD_CG}/cgroup.procs' && exec '$wlbin' --port $port --resume_file '$resume_f' $params $extra" > "$wlog" 2>&1 < /dev/null
pbsprobe/pbs_sweep.sh: line 296: 1835820 Killed                  setsid bash -c "echo \$\$ > '${WORLD_CG_RUN:-$WORLD_CG}/cgroup.procs' && exec '$wlbin' --port $port --resume_file '$resume_f' $params $extra" > "$wlog" 2>&1 < /dev/null
[1378/2239] S073one_lockp.tcp___init dump=0 restore=0 verdict=ok
pbsprobe/pbs_sweep.sh: line 296: 1837004 Killed                  setsid bash -c "echo \$\$ > '${WORLD_CG_RUN:-$WORLD_CG}/cgroup.procs' && exec '$wlbin' --port $port --resume_file '$resume_f' $params $extra" > "$wlog" 2>&1 < /dev/null
[1379/2239] S073one_lockp.tcp___db_open dump=0 restore=0 verdict=ok
[1380/2239] S073one_lockp.tcp___db_lock dump=1 restore=na verdict=dump_fail
pbsprobe/pbs_sweep.sh: line 257: 1838184 Killed                  setsid bash -c "echo \$\$ > '${WORLD_CG_RUN:-$WORLD_CG}/cgroup.procs' && exec '$wlbin' --port $port --resume_file '$resume_f' $params $extra" > "$wlog" 2>&1 < /dev/null
[1381/2239] S073one_lockp.tcp___epg_index dump=1 restore=na verdict=dump_fail
pbsprobe/pbs_sweep.sh: line 257: 1838364 Killed                  setsid bash -c "echo \$\$ > '${WORLD_CG_RUN:-$WORLD_CG}/cgroup.procs' && exec '$wlbin' --port $port --resume_file '$resume_f' $params $extra" > "$wlog" 2>&1 < /dev/null
[1382/2239] S073one_lockp.tcp___ready dump=1 restore=na verdict=dump_fail
pbsprobe/pbs_sweep.sh: line 257: 1839224 Killed                  setsid bash -c "echo \$\$ > '${WORLD_CG_RUN:-$WORLD_CG}/cgroup.procs' && exec '$wlbin' --port $port --resume_file '$resume_f' $params $extra" > "$wlog" 2>&1 < /dev/null
[1383/2239] S073one_lockp.tcp___steady dump=1 restore=na verdict=dump_fail
pbsprobe/pbs_sweep.sh: line 257: 1840431 Killed                  setsid bash -c "echo \$\$ > '${WORLD_CG_RUN:-$WORLD_CG}/cgroup.procs' && exec '$wlbin' --port $port --resume_file '$resume_f' $params $extra" > "$wlog" 2>&1 < /dev/null
pbsprobe/pbs_sweep.sh: line 296: 1841693 Killed                  setsid bash -c "echo \$\$ > '${WORLD_CG_RUN:-$WORLD_CG}/cgroup.procs' && exec '$wlbin' --port $port --resume_file '$resume_f' $params $extra" > "$wlog" 2>&1 < /dev/null
[1384/2239] S074one_lockp.file__init dump=0 restore=0 verdict=ok
pbsprobe/pbs_sweep.sh: line 296: 1842885 Killed                  setsid bash -c "echo \$\$ > '${WORLD_CG_RUN:-$WORLD_CG}/cgroup.procs' && exec '$wlbin' --port $port --resume_file '$resume_f' $params $extra" > "$wlog" 2>&1 < /dev/null
[1385/2239] S074one_lockp.file__db_open dump=0 restore=0 verdict=ok
pbsprobe/pbs_sweep.sh: line 296: 1844065 Killed                  setsid bash -c "echo \$\$ > '${WORLD_CG_RUN:-$WORLD_CG}/cgroup.procs' && exec '$wlbin' --port $port --resume_file '$resume_f' $params $extra" > "$wlog" 2>&1 < /dev/null
[1386/2239] S074one_lockp.file__db_lock dump=0 restore=0 verdict=ok
pbsprobe/pbs_sweep.sh: line 296: 1845241 Killed                  setsid bash -c "echo \$\$ > '${WORLD_CG_RUN:-$WORLD_CG}/cgroup.procs' && exec '$wlbin' --port $port --resume_file '$resume_f' $params $extra" > "$wlog" 2>&1 < /dev/null
[1387/2239] S074one_lockp.file__epg_index dump=0 restore=0 verdict=ok
[1388/2239] S074one_lockp.file__ready dump=1 restore=na verdict=dump_fail
pbsprobe/pbs_sweep.sh: line 257: 1846409 Killed                  setsid bash -c "echo \$\$ > '${WORLD_CG_RUN:-$WORLD_CG}/cgroup.procs' && exec '$wlbin' --port $port --resume_file '$resume_f' $params $extra" > "$wlog" 2>&1 < /dev/null
[1389/2239] S074one_lockp.file__steady dump=1 restore=na verdict=dump_fail
pbsprobe/pbs_sweep.sh: line 257: 1847619 Killed                  setsid bash -c "echo \$\$ > '${WORLD_CG_RUN:-$WORLD_CG}/cgroup.procs' && exec '$wlbin' --port $port --resume_file '$resume_f' $params $extra" > "$wlog" 2>&1 < /dev/null
pbsprobe/pbs_sweep.sh: line 296: 1848885 Killed                  setsid bash -c "echo \$\$ > '${WORLD_CG_RUN:-$WORLD_CG}/cgroup.procs' && exec '$wlbin' --port $port --resume_file '$resume_f' $params $extra" > "$wlog" 2>&1 < /dev/null
[1390/2239] S075one_lockp.perm__init dump=0 restore=0 verdict=ok
pbsprobe/pbs_sweep.sh: line 296: 1850077 Killed                  setsid bash -c "echo \$\$ > '${WORLD_CG_RUN:-$WORLD_CG}/cgroup.procs' && exec '$wlbin' --port $port --resume_file '$resume_f' $params $extra" > "$wlog" 2>&1 < /dev/null
[1391/2239] S075one_lockp.perm__db_open dump=0 restore=0 verdict=ok
pbsprobe/pbs_sweep.sh: line 296: 1851249 Killed                  setsid bash -c "echo \$\$ > '${WORLD_CG_RUN:-$WORLD_CG}/cgroup.procs' && exec '$wlbin' --port $port --resume_file '$resume_f' $params $extra" > "$wlog" 2>&1 < /dev/null
[1392/2239] S075one_lockp.perm__db_lock dump=0 restore=0 verdict=ok
pbsprobe/pbs_sweep.sh: line 296: 1852425 Killed                  setsid bash -c "echo \$\$ > '${WORLD_CG_RUN:-$WORLD_CG}/cgroup.procs' && exec '$wlbin' --port $port --resume_file '$resume_f' $params $extra" > "$wlog" 2>&1 < /dev/null
[1393/2239] S075one_lockp.perm__epg_index dump=0 restore=0 verdict=ok
[1394/2239] S075one_lockp.perm__ready dump=1 restore=na verdict=dump_fail
pbsprobe/pbs_sweep.sh: line 257: 1853605 Killed                  setsid bash -c "echo \$\$ > '${WORLD_CG_RUN:-$WORLD_CG}/cgroup.procs' && exec '$wlbin' --port $port --resume_file '$resume_f' $params $extra" > "$wlog" 2>&1 < /dev/null
[1395/2239] S075one_lockp.perm__steady dump=1 restore=na verdict=dump_fail
pbsprobe/pbs_sweep.sh: line 257: 1854815 Killed                  setsid bash -c "echo \$\$ > '${WORLD_CG_RUN:-$WORLD_CG}/cgroup.procs' && exec '$wlbin' --port $port --resume_file '$resume_f' $params $extra" > "$wlog" 2>&1 < /dev/null
pbsprobe/pbs_sweep.sh: line 296: 1856076 Killed                  setsid bash -c "echo \$\$ > '${WORLD_CG_RUN:-$WORLD_CG}/cgroup.procs' && exec '$wlbin' --port $port --resume_file '$resume_f' $params $extra" > "$wlog" 2>&1 < /dev/null
[1396/2239] S076one_thread.stri__init dump=0 restore=0 verdict=ok
pbsprobe/pbs_sweep.sh: line 296: 1857432 Killed                  setsid bash -c "echo \$\$ > '${WORLD_CG_RUN:-$WORLD_CG}/cgroup.procs' && exec '$wlbin' --port $port --resume_file '$resume_f' $params $extra" > "$wlog" 2>&1 < /dev/null
[1397/2239] S076one_thread.stri__db_open dump=0 restore=0 verdict=ok
pbsprobe/pbs_sweep.sh: line 296: 1858779 Killed                  setsid bash -c "echo \$\$ > '${WORLD_CG_RUN:-$WORLD_CG}/cgroup.procs' && exec '$wlbin' --port $port --resume_file '$resume_f' $params $extra" > "$wlog" 2>&1 < /dev/null
[1398/2239] S076one_thread.stri__thread4 dump=0 restore=0 verdict=ok
pbsprobe/pbs_sweep.sh: line 296: 1860129 Killed                  setsid bash -c "echo \$\$ > '${WORLD_CG_RUN:-$WORLD_CG}/cgroup.procs' && exec '$wlbin' --port $port --resume_file '$resume_f' $params $extra" > "$wlog" 2>&1 < /dev/null
[1399/2239] S076one_thread.stri__epg_index dump=0 restore=0 verdict=ok
[1400/2239] S076one_thread.stri__ready dump=1 restore=na verdict=dump_fail
pbsprobe/pbs_sweep.sh: line 257: 1861480 Killed                  setsid bash -c "echo \$\$ > '${WORLD_CG_RUN:-$WORLD_CG}/cgroup.procs' && exec '$wlbin' --port $port --resume_file '$resume_f' $params $extra" > "$wlog" 2>&1 < /dev/null
[1401/2239] S076one_thread.stri__steady dump=1 restore=na verdict=dump_fail
pbsprobe/pbs_sweep.sh: line 257: 1862857 Killed                  setsid bash -c "echo \$\$ > '${WORLD_CG_RUN:-$WORLD_CG}/cgroup.procs' && exec '$wlbin' --port $port --resume_file '$resume_f' $params $extra" > "$wlog" 2>&1 < /dev/null
pbsprobe/pbs_sweep.sh: line 296: 1864306 Killed                  setsid bash -c "echo \$\$ > '${WORLD_CG_RUN:-$WORLD_CG}/cgroup.procs' && exec '$wlbin' --port $port --resume_file '$resume_f' $params $extra" > "$wlog" 2>&1 < /dev/null
[1402/2239] S077one_thread.ext___init dump=0 restore=0 verdict=ok
pbsprobe/pbs_sweep.sh: line 296: 1865669 Killed                  setsid bash -c "echo \$\$ > '${WORLD_CG_RUN:-$WORLD_CG}/cgroup.procs' && exec '$wlbin' --port $port --resume_file '$resume_f' $params $extra" > "$wlog" 2>&1 < /dev/null
[1403/2239] S077one_thread.ext___db_open dump=0 restore=0 verdict=ok
pbsprobe/pbs_sweep.sh: line 296: 1867028 Killed                  setsid bash -c "echo \$\$ > '${WORLD_CG_RUN:-$WORLD_CG}/cgroup.procs' && exec '$wlbin' --port $port --resume_file '$resume_f' $params $extra" > "$wlog" 2>&1 < /dev/null
[1404/2239] S077one_thread.ext___thread4 dump=0 restore=0 verdict=ok
pbsprobe/pbs_sweep.sh: line 296: 1868382 Killed                  setsid bash -c "echo \$\$ > '${WORLD_CG_RUN:-$WORLD_CG}/cgroup.procs' && exec '$wlbin' --port $port --resume_file '$resume_f' $params $extra" > "$wlog" 2>&1 < /dev/null
[1405/2239] S077one_thread.ext___epg_index dump=0 restore=0 verdict=ok
[1406/2239] S077one_thread.ext___ready dump=1 restore=na verdict=dump_fail
pbsprobe/pbs_sweep.sh: line 257: 1869737 Killed                  setsid bash -c "echo \$\$ > '${WORLD_CG_RUN:-$WORLD_CG}/cgroup.procs' && exec '$wlbin' --port $port --resume_file '$resume_f' $params $extra" > "$wlog" 2>&1 < /dev/null
[1407/2239] S077one_thread.ext___steady dump=1 restore=na verdict=dump_fail
pbsprobe/pbs_sweep.sh: line 257: 1871122 Killed                  setsid bash -c "echo \$\$ > '${WORLD_CG_RUN:-$WORLD_CG}/cgroup.procs' && exec '$wlbin' --port $port --resume_file '$resume_f' $params $extra" > "$wlog" 2>&1 < /dev/null
pbsprobe/pbs_sweep.sh: line 296: 1872567 Killed                  setsid bash -c "echo \$\$ > '${WORLD_CG_RUN:-$WORLD_CG}/cgroup.procs' && exec '$wlbin' --port $port --resume_file '$resume_f' $params $extra" > "$wlog" 2>&1 < /dev/null
[1408/2239] S078one_thread.tcp___init dump=0 restore=0 verdict=ok
pbsprobe/pbs_sweep.sh: line 296: 1873930 Killed                  setsid bash -c "echo \$\$ > '${WORLD_CG_RUN:-$WORLD_CG}/cgroup.procs' && exec '$wlbin' --port $port --resume_file '$resume_f' $params $extra" > "$wlog" 2>&1 < /dev/null
[1409/2239] S078one_thread.tcp___db_open dump=0 restore=0 verdict=ok
pbsprobe/pbs_sweep.sh: line 296: 1875292 Killed                  setsid bash -c "echo \$\$ > '${WORLD_CG_RUN:-$WORLD_CG}/cgroup.procs' && exec '$wlbin' --port $port --resume_file '$resume_f' $params $extra" > "$wlog" 2>&1 < /dev/null
[1410/2239] S078one_thread.tcp___thread4 dump=0 restore=0 verdict=ok
pbsprobe/pbs_sweep.sh: line 296: 1876643 Killed                  setsid bash -c "echo \$\$ > '${WORLD_CG_RUN:-$WORLD_CG}/cgroup.procs' && exec '$wlbin' --port $port --resume_file '$resume_f' $params $extra" > "$wlog" 2>&1 < /dev/null
[1411/2239] S078one_thread.tcp___epg_index dump=0 restore=0 verdict=ok
[1412/2239] S078one_thread.tcp___ready dump=1 restore=na verdict=dump_fail
pbsprobe/pbs_sweep.sh: line 257: 1877990 Killed                  setsid bash -c "echo \$\$ > '${WORLD_CG_RUN:-$WORLD_CG}/cgroup.procs' && exec '$wlbin' --port $port --resume_file '$resume_f' $params $extra" > "$wlog" 2>&1 < /dev/null
[1413/2239] S078one_thread.tcp___steady dump=1 restore=na verdict=dump_fail
pbsprobe/pbs_sweep.sh: line 257: 1879371 Killed                  setsid bash -c "echo \$\$ > '${WORLD_CG_RUN:-$WORLD_CG}/cgroup.procs' && exec '$wlbin' --port $port --resume_file '$resume_f' $params $extra" > "$wlog" 2>&1 < /dev/null
pbsprobe/pbs_sweep.sh: line 296: 1880804 Killed                  setsid bash -c "echo \$\$ > '${WORLD_CG_RUN:-$WORLD_CG}/cgroup.procs' && exec '$wlbin' --port $port --resume_file '$resume_f' $params $extra" > "$wlog" 2>&1 < /dev/null
[1414/2239] S079one_thread.file__init dump=0 restore=0 verdict=ok
pbsprobe/pbs_sweep.sh: line 296: 1882159 Killed                  setsid bash -c "echo \$\$ > '${WORLD_CG_RUN:-$WORLD_CG}/cgroup.procs' && exec '$wlbin' --port $port --resume_file '$resume_f' $params $extra" > "$wlog" 2>&1 < /dev/null
[1415/2239] S079one_thread.file__db_open dump=0 restore=0 verdict=ok
pbsprobe/pbs_sweep.sh: line 296: 1883513 Killed                  setsid bash -c "echo \$\$ > '${WORLD_CG_RUN:-$WORLD_CG}/cgroup.procs' && exec '$wlbin' --port $port --resume_file '$resume_f' $params $extra" > "$wlog" 2>&1 < /dev/null
[1416/2239] S079one_thread.file__thread4 dump=0 restore=0 verdict=ok
pbsprobe/pbs_sweep.sh: line 296: 1884860 Killed                  setsid bash -c "echo \$\$ > '${WORLD_CG_RUN:-$WORLD_CG}/cgroup.procs' && exec '$wlbin' --port $port --resume_file '$resume_f' $params $extra" > "$wlog" 2>&1 < /dev/null
[1417/2239] S079one_thread.file__epg_index dump=0 restore=0 verdict=ok
[1418/2239] S079one_thread.file__ready dump=1 restore=na verdict=dump_fail
pbsprobe/pbs_sweep.sh: line 257: 1886210 Killed                  setsid bash -c "echo \$\$ > '${WORLD_CG_RUN:-$WORLD_CG}/cgroup.procs' && exec '$wlbin' --port $port --resume_file '$resume_f' $params $extra" > "$wlog" 2>&1 < /dev/null
[1419/2239] S079one_thread.file__steady dump=1 restore=na verdict=dump_fail
pbsprobe/pbs_sweep.sh: line 257: 1887588 Killed                  setsid bash -c "echo \$\$ > '${WORLD_CG_RUN:-$WORLD_CG}/cgroup.procs' && exec '$wlbin' --port $port --resume_file '$resume_f' $params $extra" > "$wlog" 2>&1 < /dev/null
pbsprobe/pbs_sweep.sh: line 296: 1889029 Killed                  setsid bash -c "echo \$\$ > '${WORLD_CG_RUN:-$WORLD_CG}/cgroup.procs' && exec '$wlbin' --port $port --resume_file '$resume_f' $params $extra" > "$wlog" 2>&1 < /dev/null
[1420/2239] S080one_thread.perm__init dump=0 restore=0 verdict=ok
pbsprobe/pbs_sweep.sh: line 296: 1890399 Killed                  setsid bash -c "echo \$\$ > '${WORLD_CG_RUN:-$WORLD_CG}/cgroup.procs' && exec '$wlbin' --port $port --resume_file '$resume_f' $params $extra" > "$wlog" 2>&1 < /dev/null
[1421/2239] S080one_thread.perm__db_open dump=0 restore=0 verdict=ok
pbsprobe/pbs_sweep.sh: line 296: 1891750 Killed                  setsid bash -c "echo \$\$ > '${WORLD_CG_RUN:-$WORLD_CG}/cgroup.procs' && exec '$wlbin' --port $port --resume_file '$resume_f' $params $extra" > "$wlog" 2>&1 < /dev/null
[1422/2239] S080one_thread.perm__thread4 dump=0 restore=0 verdict=ok
pbsprobe/pbs_sweep.sh: line 296: 1893089 Killed                  setsid bash -c "echo \$\$ > '${WORLD_CG_RUN:-$WORLD_CG}/cgroup.procs' && exec '$wlbin' --port $port --resume_file '$resume_f' $params $extra" > "$wlog" 2>&1 < /dev/null
[1423/2239] S080one_thread.perm__epg_index dump=0 restore=0 verdict=ok
[1424/2239] S080one_thread.perm__ready dump=1 restore=na verdict=dump_fail
pbsprobe/pbs_sweep.sh: line 257: 1894435 Killed                  setsid bash -c "echo \$\$ > '${WORLD_CG_RUN:-$WORLD_CG}/cgroup.procs' && exec '$wlbin' --port $port --resume_file '$resume_f' $params $extra" > "$wlog" 2>&1 < /dev/null
[1425/2239] S080one_thread.perm__steady dump=1 restore=na verdict=dump_fail
pbsprobe/pbs_sweep.sh: line 257: 1895813 Killed                  setsid bash -c "echo \$\$ > '${WORLD_CG_RUN:-$WORLD_CG}/cgroup.procs' && exec '$wlbin' --port $port --resume_file '$resume_f' $params $extra" > "$wlog" 2>&1 < /dev/null
pbsprobe/pbs_sweep.sh: line 296: 1897262 Killed                  setsid bash -c "echo \$\$ > '${WORLD_CG_RUN:-$WORLD_CG}/cgroup.procs' && exec '$wlbin' --port $port --resume_file '$resume_f' $params $extra" > "$wlog" 2>&1 < /dev/null
[1426/2239] S081one_child.stri__init dump=0 restore=0 verdict=ok
pbsprobe/pbs_sweep.sh: line 296: 1898446 Killed                  setsid bash -c "echo \$\$ > '${WORLD_CG_RUN:-$WORLD_CG}/cgroup.procs' && exec '$wlbin' --port $port --resume_file '$resume_f' $params $extra" > "$wlog" 2>&1 < /dev/null
[1427/2239] S081one_child.stri__db_open dump=0 restore=0 verdict=ok
pbsprobe/pbs_sweep.sh: line 296: 1899627 Killed                  setsid bash -c "echo \$\$ > '${WORLD_CG_RUN:-$WORLD_CG}/cgroup.procs' && exec '$wlbin' --port $port --resume_file '$resume_f' $params $extra" > "$wlog" 2>&1 < /dev/null
[1428/2239] S081one_child.stri__helper_forked dump=0 restore=0 verdict=ok
pbsprobe/pbs_sweep.sh: line 296: 1900804 Killed                  setsid bash -c "echo \$\$ > '${WORLD_CG_RUN:-$WORLD_CG}/cgroup.procs' && exec '$wlbin' --port $port --resume_file '$resume_f' $params $extra" > "$wlog" 2>&1 < /dev/null
[1429/2239] S081one_child.stri__epg_index dump=0 restore=0 verdict=ok
[1430/2239] S081one_child.stri__ready dump=1 restore=na verdict=dump_fail
pbsprobe/pbs_sweep.sh: line 257: 1901985 Killed                  setsid bash -c "echo \$\$ > '${WORLD_CG_RUN:-$WORLD_CG}/cgroup.procs' && exec '$wlbin' --port $port --resume_file '$resume_f' $params $extra" > "$wlog" 2>&1 < /dev/null
[1431/2239] S081one_child.stri__steady dump=1 restore=na verdict=dump_fail
pbsprobe/pbs_sweep.sh: line 257: 1903192 Killed                  setsid bash -c "echo \$\$ > '${WORLD_CG_RUN:-$WORLD_CG}/cgroup.procs' && exec '$wlbin' --port $port --resume_file '$resume_f' $params $extra" > "$wlog" 2>&1 < /dev/null
pbsprobe/pbs_sweep.sh: line 296: 1904459 Killed                  setsid bash -c "echo \$\$ > '${WORLD_CG_RUN:-$WORLD_CG}/cgroup.procs' && exec '$wlbin' --port $port --resume_file '$resume_f' $params $extra" > "$wlog" 2>&1 < /dev/null
[1432/2239] S082one_child.ext___init dump=0 restore=0 verdict=ok
pbsprobe/pbs_sweep.sh: line 296: 1905652 Killed                  setsid bash -c "echo \$\$ > '${WORLD_CG_RUN:-$WORLD_CG}/cgroup.procs' && exec '$wlbin' --port $port --resume_file '$resume_f' $params $extra" > "$wlog" 2>&1 < /dev/null
[1433/2239] S082one_child.ext___db_open dump=0 restore=0 verdict=ok
pbsprobe/pbs_sweep.sh: line 296: 1906829 Killed                  setsid bash -c "echo \$\$ > '${WORLD_CG_RUN:-$WORLD_CG}/cgroup.procs' && exec '$wlbin' --port $port --resume_file '$resume_f' $params $extra" > "$wlog" 2>&1 < /dev/null
[1434/2239] S082one_child.ext___helper_forked dump=0 restore=0 verdict=ok
pbsprobe/pbs_sweep.sh: line 296: 1908002 Killed                  setsid bash -c "echo \$\$ > '${WORLD_CG_RUN:-$WORLD_CG}/cgroup.procs' && exec '$wlbin' --port $port --resume_file '$resume_f' $params $extra" > "$wlog" 2>&1 < /dev/null
[1435/2239] S082one_child.ext___epg_index dump=0 restore=0 verdict=ok
[1436/2239] S082one_child.ext___ready dump=1 restore=na verdict=dump_fail
pbsprobe/pbs_sweep.sh: line 257: 1909179 Killed                  setsid bash -c "echo \$\$ > '${WORLD_CG_RUN:-$WORLD_CG}/cgroup.procs' && exec '$wlbin' --port $port --resume_file '$resume_f' $params $extra" > "$wlog" 2>&1 < /dev/null
[1437/2239] S082one_child.ext___steady dump=1 restore=na verdict=dump_fail
pbsprobe/pbs_sweep.sh: line 257: 1910386 Killed                  setsid bash -c "echo \$\$ > '${WORLD_CG_RUN:-$WORLD_CG}/cgroup.procs' && exec '$wlbin' --port $port --resume_file '$resume_f' $params $extra" > "$wlog" 2>&1 < /dev/null
pbsprobe/pbs_sweep.sh: line 296: 1911649 Killed                  setsid bash -c "echo \$\$ > '${WORLD_CG_RUN:-$WORLD_CG}/cgroup.procs' && exec '$wlbin' --port $port --resume_file '$resume_f' $params $extra" > "$wlog" 2>&1 < /dev/null
[1438/2239] S083one_child.tcp___init dump=0 restore=0 verdict=ok
pbsprobe/pbs_sweep.sh: line 296: 1912834 Killed                  setsid bash -c "echo \$\$ > '${WORLD_CG_RUN:-$WORLD_CG}/cgroup.procs' && exec '$wlbin' --port $port --resume_file '$resume_f' $params $extra" > "$wlog" 2>&1 < /dev/null
[1439/2239] S083one_child.tcp___db_open dump=0 restore=0 verdict=ok
pbsprobe/pbs_sweep.sh: line 296: 1914023 Killed                  setsid bash -c "echo \$\$ > '${WORLD_CG_RUN:-$WORLD_CG}/cgroup.procs' && exec '$wlbin' --port $port --resume_file '$resume_f' $params $extra" > "$wlog" 2>&1 < /dev/null
[1440/2239] S083one_child.tcp___helper_forked dump=0 restore=0 verdict=ok
pbsprobe/pbs_sweep.sh: line 296: 1915200 Killed                  setsid bash -c "echo \$\$ > '${WORLD_CG_RUN:-$WORLD_CG}/cgroup.procs' && exec '$wlbin' --port $port --resume_file '$resume_f' $params $extra" > "$wlog" 2>&1 < /dev/null
[1441/2239] S083one_child.tcp___epg_index dump=0 restore=0 verdict=ok
[1442/2239] S083one_child.tcp___ready dump=1 restore=na verdict=dump_fail
pbsprobe/pbs_sweep.sh: line 257: 1916377 Killed                  setsid bash -c "echo \$\$ > '${WORLD_CG_RUN:-$WORLD_CG}/cgroup.procs' && exec '$wlbin' --port $port --resume_file '$resume_f' $params $extra" > "$wlog" 2>&1 < /dev/null
[1443/2239] S083one_child.tcp___steady dump=1 restore=na verdict=dump_fail
pbsprobe/pbs_sweep.sh: line 257: 1917584 Killed                  setsid bash -c "echo \$\$ > '${WORLD_CG_RUN:-$WORLD_CG}/cgroup.procs' && exec '$wlbin' --port $port --resume_file '$resume_f' $params $extra" > "$wlog" 2>&1 < /dev/null
pbsprobe/pbs_sweep.sh: line 296: 1918847 Killed                  setsid bash -c "echo \$\$ > '${WORLD_CG_RUN:-$WORLD_CG}/cgroup.procs' && exec '$wlbin' --port $port --resume_file '$resume_f' $params $extra" > "$wlog" 2>&1 < /dev/null
[1444/2239] S084one_child.file__init dump=0 restore=0 verdict=ok
pbsprobe/pbs_sweep.sh: line 296: 1920040 Killed                  setsid bash -c "echo \$\$ > '${WORLD_CG_RUN:-$WORLD_CG}/cgroup.procs' && exec '$wlbin' --port $port --resume_file '$resume_f' $params $extra" > "$wlog" 2>&1 < /dev/null
[1445/2239] S084one_child.file__db_open dump=0 restore=0 verdict=ok
pbsprobe/pbs_sweep.sh: line 296: 1921225 Killed                  setsid bash -c "echo \$\$ > '${WORLD_CG_RUN:-$WORLD_CG}/cgroup.procs' && exec '$wlbin' --port $port --resume_file '$resume_f' $params $extra" > "$wlog" 2>&1 < /dev/null
[1446/2239] S084one_child.file__helper_forked dump=0 restore=0 verdict=ok
pbsprobe/pbs_sweep.sh: line 296: 1922406 Killed                  setsid bash -c "echo \$\$ > '${WORLD_CG_RUN:-$WORLD_CG}/cgroup.procs' && exec '$wlbin' --port $port --resume_file '$resume_f' $params $extra" > "$wlog" 2>&1 < /dev/null
[1447/2239] S084one_child.file__epg_index dump=0 restore=0 verdict=ok
[1448/2239] S084one_child.file__ready dump=1 restore=na verdict=dump_fail
pbsprobe/pbs_sweep.sh: line 257: 1923587 Killed                  setsid bash -c "echo \$\$ > '${WORLD_CG_RUN:-$WORLD_CG}/cgroup.procs' && exec '$wlbin' --port $port --resume_file '$resume_f' $params $extra" > "$wlog" 2>&1 < /dev/null
[1449/2239] S084one_child.file__steady dump=1 restore=na verdict=dump_fail
pbsprobe/pbs_sweep.sh: line 257: 1924806 Killed                  setsid bash -c "echo \$\$ > '${WORLD_CG_RUN:-$WORLD_CG}/cgroup.procs' && exec '$wlbin' --port $port --resume_file '$resume_f' $params $extra" > "$wlog" 2>&1 < /dev/null
pbsprobe/pbs_sweep.sh: line 296: 1926065 Killed                  setsid bash -c "echo \$\$ > '${WORLD_CG_RUN:-$WORLD_CG}/cgroup.procs' && exec '$wlbin' --port $port --resume_file '$resume_f' $params $extra" > "$wlog" 2>&1 < /dev/null
[1450/2239] S085one_child.perm__init dump=0 restore=0 verdict=ok
pbsprobe/pbs_sweep.sh: line 296: 1927258 Killed                  setsid bash -c "echo \$\$ > '${WORLD_CG_RUN:-$WORLD_CG}/cgroup.procs' && exec '$wlbin' --port $port --resume_file '$resume_f' $params $extra" > "$wlog" 2>&1 < /dev/null
[1451/2239] S085one_child.perm__db_open dump=0 restore=0 verdict=ok
pbsprobe/pbs_sweep.sh: line 296: 1928435 Killed                  setsid bash -c "echo \$\$ > '${WORLD_CG_RUN:-$WORLD_CG}/cgroup.procs' && exec '$wlbin' --port $port --resume_file '$resume_f' $params $extra" > "$wlog" 2>&1 < /dev/null
[1452/2239] S085one_child.perm__helper_forked dump=0 restore=0 verdict=ok
pbsprobe/pbs_sweep.sh: line 296: 1929616 Killed                  setsid bash -c "echo \$\$ > '${WORLD_CG_RUN:-$WORLD_CG}/cgroup.procs' && exec '$wlbin' --port $port --resume_file '$resume_f' $params $extra" > "$wlog" 2>&1 < /dev/null
[1453/2239] S085one_child.perm__epg_index dump=0 restore=0 verdict=ok
[1454/2239] S085one_child.perm__ready dump=1 restore=na verdict=dump_fail
pbsprobe/pbs_sweep.sh: line 257: 1930796 Killed                  setsid bash -c "echo \$\$ > '${WORLD_CG_RUN:-$WORLD_CG}/cgroup.procs' && exec '$wlbin' --port $port --resume_file '$resume_f' $params $extra" > "$wlog" 2>&1 < /dev/null
[1455/2239] S085one_child.perm__steady dump=1 restore=na verdict=dump_fail
pbsprobe/pbs_sweep.sh: line 257: 1932004 Killed                  setsid bash -c "echo \$\$ > '${WORLD_CG_RUN:-$WORLD_CG}/cgroup.procs' && exec '$wlbin' --port $port --resume_file '$resume_f' $params $extra" > "$wlog" 2>&1 < /dev/null
pbsprobe/pbs_sweep.sh: line 296: 1933267 Killed                  setsid bash -c "echo \$\$ > '${WORLD_CG_RUN:-$WORLD_CG}/cgroup.procs' && exec '$wlbin' --port $port --resume_file '$resume_f' $params $extra" > "$wlog" 2>&1 < /dev/null
[1456/2239] S086one_zombie.stri__init dump=0 restore=0 verdict=ok
pbsprobe/pbs_sweep.sh: line 296: 1934460 Killed                  setsid bash -c "echo \$\$ > '${WORLD_CG_RUN:-$WORLD_CG}/cgroup.procs' && exec '$wlbin' --port $port --resume_file '$resume_f' $params $extra" > "$wlog" 2>&1 < /dev/null
[1457/2239] S086one_zombie.stri__db_open dump=0 restore=0 verdict=ok
pbsprobe/pbs_sweep.sh: line 296: 1935641 Killed                  setsid bash -c "echo \$\$ > '${WORLD_CG_RUN:-$WORLD_CG}/cgroup.procs' && exec '$wlbin' --port $port --resume_file '$resume_f' $params $extra" > "$wlog" 2>&1 < /dev/null
[1458/2239] S086one_zombie.stri__zombie_made dump=0 restore=0 verdict=ok
pbsprobe/pbs_sweep.sh: line 296: 1936826 Killed                  setsid bash -c "echo \$\$ > '${WORLD_CG_RUN:-$WORLD_CG}/cgroup.procs' && exec '$wlbin' --port $port --resume_file '$resume_f' $params $extra" > "$wlog" 2>&1 < /dev/null
[1459/2239] S086one_zombie.stri__epg_index dump=0 restore=0 verdict=ok
[1460/2239] S086one_zombie.stri__ready dump=1 restore=na verdict=dump_fail
pbsprobe/pbs_sweep.sh: line 257: 1938010 Killed                  setsid bash -c "echo \$\$ > '${WORLD_CG_RUN:-$WORLD_CG}/cgroup.procs' && exec '$wlbin' --port $port --resume_file '$resume_f' $params $extra" > "$wlog" 2>&1 < /dev/null
[1461/2239] S086one_zombie.stri__steady dump=1 restore=na verdict=dump_fail
pbsprobe/pbs_sweep.sh: line 257: 1939214 Killed                  setsid bash -c "echo \$\$ > '${WORLD_CG_RUN:-$WORLD_CG}/cgroup.procs' && exec '$wlbin' --port $port --resume_file '$resume_f' $params $extra" > "$wlog" 2>&1 < /dev/null
pbsprobe/pbs_sweep.sh: line 296: 1940481 Killed                  setsid bash -c "echo \$\$ > '${WORLD_CG_RUN:-$WORLD_CG}/cgroup.procs' && exec '$wlbin' --port $port --resume_file '$resume_f' $params $extra" > "$wlog" 2>&1 < /dev/null
[1462/2239] S087one_zombie.ext___init dump=0 restore=0 verdict=ok
pbsprobe/pbs_sweep.sh: line 296: 1941674 Killed                  setsid bash -c "echo \$\$ > '${WORLD_CG_RUN:-$WORLD_CG}/cgroup.procs' && exec '$wlbin' --port $port --resume_file '$resume_f' $params $extra" > "$wlog" 2>&1 < /dev/null
[1463/2239] S087one_zombie.ext___db_open dump=0 restore=0 verdict=ok
pbsprobe/pbs_sweep.sh: line 296: 1942863 Killed                  setsid bash -c "echo \$\$ > '${WORLD_CG_RUN:-$WORLD_CG}/cgroup.procs' && exec '$wlbin' --port $port --resume_file '$resume_f' $params $extra" > "$wlog" 2>&1 < /dev/null
[1464/2239] S087one_zombie.ext___zombie_made dump=0 restore=0 verdict=ok
pbsprobe/pbs_sweep.sh: line 296: 1944047 Killed                  setsid bash -c "echo \$\$ > '${WORLD_CG_RUN:-$WORLD_CG}/cgroup.procs' && exec '$wlbin' --port $port --resume_file '$resume_f' $params $extra" > "$wlog" 2>&1 < /dev/null
[1465/2239] S087one_zombie.ext___epg_index dump=0 restore=0 verdict=ok
[1466/2239] S087one_zombie.ext___ready dump=1 restore=na verdict=dump_fail
pbsprobe/pbs_sweep.sh: line 257: 1945220 Killed                  setsid bash -c "echo \$\$ > '${WORLD_CG_RUN:-$WORLD_CG}/cgroup.procs' && exec '$wlbin' --port $port --resume_file '$resume_f' $params $extra" > "$wlog" 2>&1 < /dev/null
[1467/2239] S087one_zombie.ext___steady dump=1 restore=na verdict=dump_fail
pbsprobe/pbs_sweep.sh: line 257: 1946428 Killed                  setsid bash -c "echo \$\$ > '${WORLD_CG_RUN:-$WORLD_CG}/cgroup.procs' && exec '$wlbin' --port $port --resume_file '$resume_f' $params $extra" > "$wlog" 2>&1 < /dev/null
pbsprobe/pbs_sweep.sh: line 296: 1947691 Killed                  setsid bash -c "echo \$\$ > '${WORLD_CG_RUN:-$WORLD_CG}/cgroup.procs' && exec '$wlbin' --port $port --resume_file '$resume_f' $params $extra" > "$wlog" 2>&1 < /dev/null
[1468/2239] S088one_zombie.tcp___init dump=0 restore=0 verdict=ok
pbsprobe/pbs_sweep.sh: line 296: 1948888 Killed                  setsid bash -c "echo \$\$ > '${WORLD_CG_RUN:-$WORLD_CG}/cgroup.procs' && exec '$wlbin' --port $port --resume_file '$resume_f' $params $extra" > "$wlog" 2>&1 < /dev/null
[1469/2239] S088one_zombie.tcp___db_open dump=0 restore=0 verdict=ok
pbsprobe/pbs_sweep.sh: line 296: 1950073 Killed                  setsid bash -c "echo \$\$ > '${WORLD_CG_RUN:-$WORLD_CG}/cgroup.procs' && exec '$wlbin' --port $port --resume_file '$resume_f' $params $extra" > "$wlog" 2>&1 < /dev/null
[1470/2239] S088one_zombie.tcp___zombie_made dump=0 restore=0 verdict=ok
pbsprobe/pbs_sweep.sh: line 296: 1951257 Killed                  setsid bash -c "echo \$\$ > '${WORLD_CG_RUN:-$WORLD_CG}/cgroup.procs' && exec '$wlbin' --port $port --resume_file '$resume_f' $params $extra" > "$wlog" 2>&1 < /dev/null
[1471/2239] S088one_zombie.tcp___epg_index dump=0 restore=0 verdict=ok
[1472/2239] S088one_zombie.tcp___ready dump=1 restore=na verdict=dump_fail
pbsprobe/pbs_sweep.sh: line 257: 1952446 Killed                  setsid bash -c "echo \$\$ > '${WORLD_CG_RUN:-$WORLD_CG}/cgroup.procs' && exec '$wlbin' --port $port --resume_file '$resume_f' $params $extra" > "$wlog" 2>&1 < /dev/null
[1473/2239] S088one_zombie.tcp___steady dump=1 restore=na verdict=dump_fail
pbsprobe/pbs_sweep.sh: line 257: 1953658 Killed                  setsid bash -c "echo \$\$ > '${WORLD_CG_RUN:-$WORLD_CG}/cgroup.procs' && exec '$wlbin' --port $port --resume_file '$resume_f' $params $extra" > "$wlog" 2>&1 < /dev/null
pbsprobe/pbs_sweep.sh: line 296: 1954929 Killed                  setsid bash -c "echo \$\$ > '${WORLD_CG_RUN:-$WORLD_CG}/cgroup.procs' && exec '$wlbin' --port $port --resume_file '$resume_f' $params $extra" > "$wlog" 2>&1 < /dev/null
[1474/2239] S089one_zombie.file__init dump=0 restore=0 verdict=ok
pbsprobe/pbs_sweep.sh: line 296: 1956118 Killed                  setsid bash -c "echo \$\$ > '${WORLD_CG_RUN:-$WORLD_CG}/cgroup.procs' && exec '$wlbin' --port $port --resume_file '$resume_f' $params $extra" > "$wlog" 2>&1 < /dev/null
[1475/2239] S089one_zombie.file__db_open dump=0 restore=0 verdict=ok
pbsprobe/pbs_sweep.sh: line 296: 1957306 Killed                  setsid bash -c "echo \$\$ > '${WORLD_CG_RUN:-$WORLD_CG}/cgroup.procs' && exec '$wlbin' --port $port --resume_file '$resume_f' $params $extra" > "$wlog" 2>&1 < /dev/null
[1476/2239] S089one_zombie.file__zombie_made dump=0 restore=0 verdict=ok
pbsprobe/pbs_sweep.sh: line 296: 1958491 Killed                  setsid bash -c "echo \$\$ > '${WORLD_CG_RUN:-$WORLD_CG}/cgroup.procs' && exec '$wlbin' --port $port --resume_file '$resume_f' $params $extra" > "$wlog" 2>&1 < /dev/null
[1477/2239] S089one_zombie.file__epg_index dump=0 restore=0 verdict=ok
[1478/2239] S089one_zombie.file__ready dump=1 restore=na verdict=dump_fail
pbsprobe/pbs_sweep.sh: line 257: 1959676 Killed                  setsid bash -c "echo \$\$ > '${WORLD_CG_RUN:-$WORLD_CG}/cgroup.procs' && exec '$wlbin' --port $port --resume_file '$resume_f' $params $extra" > "$wlog" 2>&1 < /dev/null
[1479/2239] S089one_zombie.file__steady dump=1 restore=na verdict=dump_fail
pbsprobe/pbs_sweep.sh: line 257: 1960883 Killed                  setsid bash -c "echo \$\$ > '${WORLD_CG_RUN:-$WORLD_CG}/cgroup.procs' && exec '$wlbin' --port $port --resume_file '$resume_f' $params $extra" > "$wlog" 2>&1 < /dev/null
pbsprobe/pbs_sweep.sh: line 296: 1962147 Killed                  setsid bash -c "echo \$\$ > '${WORLD_CG_RUN:-$WORLD_CG}/cgroup.procs' && exec '$wlbin' --port $port --resume_file '$resume_f' $params $extra" > "$wlog" 2>&1 < /dev/null
[1480/2239] S090one_zombie.perm__init dump=0 restore=0 verdict=ok
pbsprobe/pbs_sweep.sh: line 296: 1963343 Killed                  setsid bash -c "echo \$\$ > '${WORLD_CG_RUN:-$WORLD_CG}/cgroup.procs' && exec '$wlbin' --port $port --resume_file '$resume_f' $params $extra" > "$wlog" 2>&1 < /dev/null
[1481/2239] S090one_zombie.perm__db_open dump=0 restore=0 verdict=ok
pbsprobe/pbs_sweep.sh: line 296: 1964532 Killed                  setsid bash -c "echo \$\$ > '${WORLD_CG_RUN:-$WORLD_CG}/cgroup.procs' && exec '$wlbin' --port $port --resume_file '$resume_f' $params $extra" > "$wlog" 2>&1 < /dev/null
[1482/2239] S090one_zombie.perm__zombie_made dump=0 restore=0 verdict=ok
pbsprobe/pbs_sweep.sh: line 296: 1965709 Killed                  setsid bash -c "echo \$\$ > '${WORLD_CG_RUN:-$WORLD_CG}/cgroup.procs' && exec '$wlbin' --port $port --resume_file '$resume_f' $params $extra" > "$wlog" 2>&1 < /dev/null
[1483/2239] S090one_zombie.perm__epg_index dump=0 restore=0 verdict=ok
[1484/2239] S090one_zombie.perm__ready dump=1 restore=na verdict=dump_fail
pbsprobe/pbs_sweep.sh: line 257: 1966894 Killed                  setsid bash -c "echo \$\$ > '${WORLD_CG_RUN:-$WORLD_CG}/cgroup.procs' && exec '$wlbin' --port $port --resume_file '$resume_f' $params $extra" > "$wlog" 2>&1 < /dev/null
[1485/2239] S090one_zombie.perm__steady dump=1 restore=na verdict=dump_fail
pbsprobe/pbs_sweep.sh: line 257: 1968105 Killed                  setsid bash -c "echo \$\$ > '${WORLD_CG_RUN:-$WORLD_CG}/cgroup.procs' && exec '$wlbin' --port $port --resume_file '$resume_f' $params $extra" > "$wlog" 2>&1 < /dev/null
pbsprobe/pbs_sweep.sh: line 296: 1969373 Killed                  setsid bash -c "echo \$\$ > '${WORLD_CG_RUN:-$WORLD_CG}/cgroup.procs' && exec '$wlbin' --port $port --resume_file '$resume_f' $params $extra" > "$wlog" 2>&1 < /dev/null
[1486/2239] S091one_selfpipe.stri__init dump=0 restore=0 verdict=ok
pbsprobe/pbs_sweep.sh: line 296: 1970560 Killed                  setsid bash -c "echo \$\$ > '${WORLD_CG_RUN:-$WORLD_CG}/cgroup.procs' && exec '$wlbin' --port $port --resume_file '$resume_f' $params $extra" > "$wlog" 2>&1 < /dev/null
[1487/2239] S091one_selfpipe.stri__db_open dump=0 restore=0 verdict=ok
pbsprobe/pbs_sweep.sh: line 296: 1971736 Killed                  setsid bash -c "echo \$\$ > '${WORLD_CG_RUN:-$WORLD_CG}/cgroup.procs' && exec '$wlbin' --port $port --resume_file '$resume_f' $params $extra" > "$wlog" 2>&1 < /dev/null
[1488/2239] S091one_selfpipe.stri__selfpipe dump=0 restore=0 verdict=ok
pbsprobe/pbs_sweep.sh: line 296: 1972912 Killed                  setsid bash -c "echo \$\$ > '${WORLD_CG_RUN:-$WORLD_CG}/cgroup.procs' && exec '$wlbin' --port $port --resume_file '$resume_f' $params $extra" > "$wlog" 2>&1 < /dev/null
[1489/2239] S091one_selfpipe.stri__epg_index dump=0 restore=0 verdict=ok
[1490/2239] S091one_selfpipe.stri__ready dump=1 restore=na verdict=dump_fail
pbsprobe/pbs_sweep.sh: line 257: 1974084 Killed                  setsid bash -c "echo \$\$ > '${WORLD_CG_RUN:-$WORLD_CG}/cgroup.procs' && exec '$wlbin' --port $port --resume_file '$resume_f' $params $extra" > "$wlog" 2>&1 < /dev/null
[1491/2239] S091one_selfpipe.stri__steady dump=1 restore=na verdict=dump_fail
pbsprobe/pbs_sweep.sh: line 257: 1975294 Killed                  setsid bash -c "echo \$\$ > '${WORLD_CG_RUN:-$WORLD_CG}/cgroup.procs' && exec '$wlbin' --port $port --resume_file '$resume_f' $params $extra" > "$wlog" 2>&1 < /dev/null
pbsprobe/pbs_sweep.sh: line 296: 1976553 Killed                  setsid bash -c "echo \$\$ > '${WORLD_CG_RUN:-$WORLD_CG}/cgroup.procs' && exec '$wlbin' --port $port --resume_file '$resume_f' $params $extra" > "$wlog" 2>&1 < /dev/null
[1492/2239] S092one_selfpipe.ext___init dump=0 restore=0 verdict=ok
pbsprobe/pbs_sweep.sh: line 296: 1977744 Killed                  setsid bash -c "echo \$\$ > '${WORLD_CG_RUN:-$WORLD_CG}/cgroup.procs' && exec '$wlbin' --port $port --resume_file '$resume_f' $params $extra" > "$wlog" 2>&1 < /dev/null
[1493/2239] S092one_selfpipe.ext___db_open dump=0 restore=0 verdict=ok
pbsprobe/pbs_sweep.sh: line 296: 1978920 Killed                  setsid bash -c "echo \$\$ > '${WORLD_CG_RUN:-$WORLD_CG}/cgroup.procs' && exec '$wlbin' --port $port --resume_file '$resume_f' $params $extra" > "$wlog" 2>&1 < /dev/null
[1494/2239] S092one_selfpipe.ext___selfpipe dump=0 restore=0 verdict=ok
pbsprobe/pbs_sweep.sh: line 296: 1980100 Killed                  setsid bash -c "echo \$\$ > '${WORLD_CG_RUN:-$WORLD_CG}/cgroup.procs' && exec '$wlbin' --port $port --resume_file '$resume_f' $params $extra" > "$wlog" 2>&1 < /dev/null
[1495/2239] S092one_selfpipe.ext___epg_index dump=0 restore=0 verdict=ok
[1496/2239] S092one_selfpipe.ext___ready dump=1 restore=na verdict=dump_fail
pbsprobe/pbs_sweep.sh: line 257: 1981276 Killed                  setsid bash -c "echo \$\$ > '${WORLD_CG_RUN:-$WORLD_CG}/cgroup.procs' && exec '$wlbin' --port $port --resume_file '$resume_f' $params $extra" > "$wlog" 2>&1 < /dev/null
[1497/2239] S092one_selfpipe.ext___steady dump=1 restore=na verdict=dump_fail
pbsprobe/pbs_sweep.sh: line 257: 1982486 Killed                  setsid bash -c "echo \$\$ > '${WORLD_CG_RUN:-$WORLD_CG}/cgroup.procs' && exec '$wlbin' --port $port --resume_file '$resume_f' $params $extra" > "$wlog" 2>&1 < /dev/null
pbsprobe/pbs_sweep.sh: line 296: 1983749 Killed                  setsid bash -c "echo \$\$ > '${WORLD_CG_RUN:-$WORLD_CG}/cgroup.procs' && exec '$wlbin' --port $port --resume_file '$resume_f' $params $extra" > "$wlog" 2>&1 < /dev/null
[1498/2239] S093one_selfpipe.tcp___init dump=0 restore=0 verdict=ok
pbsprobe/pbs_sweep.sh: line 296: 1984940 Killed                  setsid bash -c "echo \$\$ > '${WORLD_CG_RUN:-$WORLD_CG}/cgroup.procs' && exec '$wlbin' --port $port --resume_file '$resume_f' $params $extra" > "$wlog" 2>&1 < /dev/null
[1499/2239] S093one_selfpipe.tcp___db_open dump=0 restore=0 verdict=ok
pbsprobe/pbs_sweep.sh: line 296: 1986120 Killed                  setsid bash -c "echo \$\$ > '${WORLD_CG_RUN:-$WORLD_CG}/cgroup.procs' && exec '$wlbin' --port $port --resume_file '$resume_f' $params $extra" > "$wlog" 2>&1 < /dev/null
[1500/2239] S093one_selfpipe.tcp___selfpipe dump=0 restore=0 verdict=ok
pbsprobe/pbs_sweep.sh: line 296: 1987288 Killed                  setsid bash -c "echo \$\$ > '${WORLD_CG_RUN:-$WORLD_CG}/cgroup.procs' && exec '$wlbin' --port $port --resume_file '$resume_f' $params $extra" > "$wlog" 2>&1 < /dev/null
[1501/2239] S093one_selfpipe.tcp___epg_index dump=0 restore=0 verdict=ok
[1502/2239] S093one_selfpipe.tcp___ready dump=1 restore=na verdict=dump_fail
pbsprobe/pbs_sweep.sh: line 257: 1988464 Killed                  setsid bash -c "echo \$\$ > '${WORLD_CG_RUN:-$WORLD_CG}/cgroup.procs' && exec '$wlbin' --port $port --resume_file '$resume_f' $params $extra" > "$wlog" 2>&1 < /dev/null
[1503/2239] S093one_selfpipe.tcp___steady dump=1 restore=na verdict=dump_fail
pbsprobe/pbs_sweep.sh: line 257: 1989670 Killed                  setsid bash -c "echo \$\$ > '${WORLD_CG_RUN:-$WORLD_CG}/cgroup.procs' && exec '$wlbin' --port $port --resume_file '$resume_f' $params $extra" > "$wlog" 2>&1 < /dev/null
pbsprobe/pbs_sweep.sh: line 296: 1990941 Killed                  setsid bash -c "echo \$\$ > '${WORLD_CG_RUN:-$WORLD_CG}/cgroup.procs' && exec '$wlbin' --port $port --resume_file '$resume_f' $params $extra" > "$wlog" 2>&1 < /dev/null
[1504/2239] S094one_selfpipe.file__init dump=0 restore=0 verdict=ok
pbsprobe/pbs_sweep.sh: line 296: 1992128 Killed                  setsid bash -c "echo \$\$ > '${WORLD_CG_RUN:-$WORLD_CG}/cgroup.procs' && exec '$wlbin' --port $port --resume_file '$resume_f' $params $extra" > "$wlog" 2>&1 < /dev/null
[1505/2239] S094one_selfpipe.file__db_open dump=0 restore=0 verdict=ok
pbsprobe/pbs_sweep.sh: line 296: 1993308 Killed                  setsid bash -c "echo \$\$ > '${WORLD_CG_RUN:-$WORLD_CG}/cgroup.procs' && exec '$wlbin' --port $port --resume_file '$resume_f' $params $extra" > "$wlog" 2>&1 < /dev/null
[1506/2239] S094one_selfpipe.file__selfpipe dump=0 restore=0 verdict=ok
pbsprobe/pbs_sweep.sh: line 296: 1994480 Killed                  setsid bash -c "echo \$\$ > '${WORLD_CG_RUN:-$WORLD_CG}/cgroup.procs' && exec '$wlbin' --port $port --resume_file '$resume_f' $params $extra" > "$wlog" 2>&1 < /dev/null
[1507/2239] S094one_selfpipe.file__epg_index dump=0 restore=0 verdict=ok
[1508/2239] S094one_selfpipe.file__ready dump=1 restore=na verdict=dump_fail
pbsprobe/pbs_sweep.sh: line 257: 1995656 Killed                  setsid bash -c "echo \$\$ > '${WORLD_CG_RUN:-$WORLD_CG}/cgroup.procs' && exec '$wlbin' --port $port --resume_file '$resume_f' $params $extra" > "$wlog" 2>&1 < /dev/null
[1509/2239] S094one_selfpipe.file__steady dump=1 restore=na verdict=dump_fail
pbsprobe/pbs_sweep.sh: line 257: 1996859 Killed                  setsid bash -c "echo \$\$ > '${WORLD_CG_RUN:-$WORLD_CG}/cgroup.procs' && exec '$wlbin' --port $port --resume_file '$resume_f' $params $extra" > "$wlog" 2>&1 < /dev/null
pbsprobe/pbs_sweep.sh: line 296: 1998125 Killed                  setsid bash -c "echo \$\$ > '${WORLD_CG_RUN:-$WORLD_CG}/cgroup.procs' && exec '$wlbin' --port $port --resume_file '$resume_f' $params $extra" > "$wlog" 2>&1 < /dev/null
[1510/2239] S095one_selfpipe.perm__init dump=0 restore=0 verdict=ok
pbsprobe/pbs_sweep.sh: line 296: 1999317 Killed                  setsid bash -c "echo \$\$ > '${WORLD_CG_RUN:-$WORLD_CG}/cgroup.procs' && exec '$wlbin' --port $port --resume_file '$resume_f' $params $extra" > "$wlog" 2>&1 < /dev/null
[1511/2239] S095one_selfpipe.perm__db_open dump=0 restore=0 verdict=ok
pbsprobe/pbs_sweep.sh: line 296: 2000496 Killed                  setsid bash -c "echo \$\$ > '${WORLD_CG_RUN:-$WORLD_CG}/cgroup.procs' && exec '$wlbin' --port $port --resume_file '$resume_f' $params $extra" > "$wlog" 2>&1 < /dev/null
[1512/2239] S095one_selfpipe.perm__selfpipe dump=0 restore=0 verdict=ok
pbsprobe/pbs_sweep.sh: line 296: 2001676 Killed                  setsid bash -c "echo \$\$ > '${WORLD_CG_RUN:-$WORLD_CG}/cgroup.procs' && exec '$wlbin' --port $port --resume_file '$resume_f' $params $extra" > "$wlog" 2>&1 < /dev/null
[1513/2239] S095one_selfpipe.perm__epg_index dump=0 restore=0 verdict=ok
[1514/2239] S095one_selfpipe.perm__ready dump=1 restore=na verdict=dump_fail
pbsprobe/pbs_sweep.sh: line 257: 2002848 Killed                  setsid bash -c "echo \$\$ > '${WORLD_CG_RUN:-$WORLD_CG}/cgroup.procs' && exec '$wlbin' --port $port --resume_file '$resume_f' $params $extra" > "$wlog" 2>&1 < /dev/null
[1515/2239] S095one_selfpipe.perm__steady dump=1 restore=na verdict=dump_fail
pbsprobe/pbs_sweep.sh: line 257: 2004051 Killed                  setsid bash -c "echo \$\$ > '${WORLD_CG_RUN:-$WORLD_CG}/cgroup.procs' && exec '$wlbin' --port $port --resume_file '$resume_f' $params $extra" > "$wlog" 2>&1 < /dev/null
pbsprobe/pbs_sweep.sh: line 296: 2005325 Killed                  setsid bash -c "echo \$\$ > '${WORLD_CG_RUN:-$WORLD_CG}/cgroup.procs' && exec '$wlbin' --port $port --resume_file '$resume_f' $params $extra" > "$wlog" 2>&1 < /dev/null
[1516/2239] S096one_eventfd.stri__init dump=0 restore=0 verdict=ok
pbsprobe/pbs_sweep.sh: line 296: 2006513 Killed                  setsid bash -c "echo \$\$ > '${WORLD_CG_RUN:-$WORLD_CG}/cgroup.procs' && exec '$wlbin' --port $port --resume_file '$resume_f' $params $extra" > "$wlog" 2>&1 < /dev/null
[1517/2239] S096one_eventfd.stri__db_open dump=0 restore=0 verdict=ok
pbsprobe/pbs_sweep.sh: line 296: 2007692 Killed                  setsid bash -c "echo \$\$ > '${WORLD_CG_RUN:-$WORLD_CG}/cgroup.procs' && exec '$wlbin' --port $port --resume_file '$resume_f' $params $extra" > "$wlog" 2>&1 < /dev/null
[1518/2239] S096one_eventfd.stri__eventfd_open dump=0 restore=0 verdict=ok
pbsprobe/pbs_sweep.sh: line 296: 2008864 Killed                  setsid bash -c "echo \$\$ > '${WORLD_CG_RUN:-$WORLD_CG}/cgroup.procs' && exec '$wlbin' --port $port --resume_file '$resume_f' $params $extra" > "$wlog" 2>&1 < /dev/null
[1519/2239] S096one_eventfd.stri__epg_index dump=0 restore=0 verdict=ok
[1520/2239] S096one_eventfd.stri__ready dump=1 restore=na verdict=dump_fail
pbsprobe/pbs_sweep.sh: line 257: 2010036 Killed                  setsid bash -c "echo \$\$ > '${WORLD_CG_RUN:-$WORLD_CG}/cgroup.procs' && exec '$wlbin' --port $port --resume_file '$resume_f' $params $extra" > "$wlog" 2>&1 < /dev/null
[1521/2239] S096one_eventfd.stri__steady dump=1 restore=na verdict=dump_fail
pbsprobe/pbs_sweep.sh: line 257: 2011239 Killed                  setsid bash -c "echo \$\$ > '${WORLD_CG_RUN:-$WORLD_CG}/cgroup.procs' && exec '$wlbin' --port $port --resume_file '$resume_f' $params $extra" > "$wlog" 2>&1 < /dev/null
pbsprobe/pbs_sweep.sh: line 296: 2012509 Killed                  setsid bash -c "echo \$\$ > '${WORLD_CG_RUN:-$WORLD_CG}/cgroup.procs' && exec '$wlbin' --port $port --resume_file '$resume_f' $params $extra" > "$wlog" 2>&1 < /dev/null
[1522/2239] S097one_eventfd.ext___init dump=0 restore=0 verdict=ok
pbsprobe/pbs_sweep.sh: line 296: 2013693 Killed                  setsid bash -c "echo \$\$ > '${WORLD_CG_RUN:-$WORLD_CG}/cgroup.procs' && exec '$wlbin' --port $port --resume_file '$resume_f' $params $extra" > "$wlog" 2>&1 < /dev/null
[1523/2239] S097one_eventfd.ext___db_open dump=0 restore=0 verdict=ok
pbsprobe/pbs_sweep.sh: line 296: 2014876 Killed                  setsid bash -c "echo \$\$ > '${WORLD_CG_RUN:-$WORLD_CG}/cgroup.procs' && exec '$wlbin' --port $port --resume_file '$resume_f' $params $extra" > "$wlog" 2>&1 < /dev/null
[1524/2239] S097one_eventfd.ext___eventfd_open dump=0 restore=0 verdict=ok
pbsprobe/pbs_sweep.sh: line 296: 2016052 Killed                  setsid bash -c "echo \$\$ > '${WORLD_CG_RUN:-$WORLD_CG}/cgroup.procs' && exec '$wlbin' --port $port --resume_file '$resume_f' $params $extra" > "$wlog" 2>&1 < /dev/null
[1525/2239] S097one_eventfd.ext___epg_index dump=0 restore=0 verdict=ok
[1526/2239] S097one_eventfd.ext___ready dump=1 restore=na verdict=dump_fail
pbsprobe/pbs_sweep.sh: line 257: 2017224 Killed                  setsid bash -c "echo \$\$ > '${WORLD_CG_RUN:-$WORLD_CG}/cgroup.procs' && exec '$wlbin' --port $port --resume_file '$resume_f' $params $extra" > "$wlog" 2>&1 < /dev/null
[1527/2239] S097one_eventfd.ext___steady dump=1 restore=na verdict=dump_fail
pbsprobe/pbs_sweep.sh: line 257: 2018431 Killed                  setsid bash -c "echo \$\$ > '${WORLD_CG_RUN:-$WORLD_CG}/cgroup.procs' && exec '$wlbin' --port $port --resume_file '$resume_f' $params $extra" > "$wlog" 2>&1 < /dev/null
pbsprobe/pbs_sweep.sh: line 296: 2019697 Killed                  setsid bash -c "echo \$\$ > '${WORLD_CG_RUN:-$WORLD_CG}/cgroup.procs' && exec '$wlbin' --port $port --resume_file '$resume_f' $params $extra" > "$wlog" 2>&1 < /dev/null
[1528/2239] S098one_eventfd.tcp___init dump=0 restore=0 verdict=ok
pbsprobe/pbs_sweep.sh: line 296: 2020885 Killed                  setsid bash -c "echo \$\$ > '${WORLD_CG_RUN:-$WORLD_CG}/cgroup.procs' && exec '$wlbin' --port $port --resume_file '$resume_f' $params $extra" > "$wlog" 2>&1 < /dev/null
[1529/2239] S098one_eventfd.tcp___db_open dump=0 restore=0 verdict=ok
pbsprobe/pbs_sweep.sh: line 296: 2022068 Killed                  setsid bash -c "echo \$\$ > '${WORLD_CG_RUN:-$WORLD_CG}/cgroup.procs' && exec '$wlbin' --port $port --resume_file '$resume_f' $params $extra" > "$wlog" 2>&1 < /dev/null
[1530/2239] S098one_eventfd.tcp___eventfd_open dump=0 restore=0 verdict=ok
pbsprobe/pbs_sweep.sh: line 296: 2023240 Killed                  setsid bash -c "echo \$\$ > '${WORLD_CG_RUN:-$WORLD_CG}/cgroup.procs' && exec '$wlbin' --port $port --resume_file '$resume_f' $params $extra" > "$wlog" 2>&1 < /dev/null
[1531/2239] S098one_eventfd.tcp___epg_index dump=0 restore=0 verdict=ok
[1532/2239] S098one_eventfd.tcp___ready dump=1 restore=na verdict=dump_fail
pbsprobe/pbs_sweep.sh: line 257: 2024416 Killed                  setsid bash -c "echo \$\$ > '${WORLD_CG_RUN:-$WORLD_CG}/cgroup.procs' && exec '$wlbin' --port $port --resume_file '$resume_f' $params $extra" > "$wlog" 2>&1 < /dev/null
[1533/2239] S098one_eventfd.tcp___steady dump=1 restore=na verdict=dump_fail
pbsprobe/pbs_sweep.sh: line 257: 2025618 Killed                  setsid bash -c "echo \$\$ > '${WORLD_CG_RUN:-$WORLD_CG}/cgroup.procs' && exec '$wlbin' --port $port --resume_file '$resume_f' $params $extra" > "$wlog" 2>&1 < /dev/null
pbsprobe/pbs_sweep.sh: line 296: 2026889 Killed                  setsid bash -c "echo \$\$ > '${WORLD_CG_RUN:-$WORLD_CG}/cgroup.procs' && exec '$wlbin' --port $port --resume_file '$resume_f' $params $extra" > "$wlog" 2>&1 < /dev/null
[1534/2239] S099one_eventfd.file__init dump=0 restore=0 verdict=ok
pbsprobe/pbs_sweep.sh: line 296: 2028080 Killed                  setsid bash -c "echo \$\$ > '${WORLD_CG_RUN:-$WORLD_CG}/cgroup.procs' && exec '$wlbin' --port $port --resume_file '$resume_f' $params $extra" > "$wlog" 2>&1 < /dev/null
[1535/2239] S099one_eventfd.file__db_open dump=0 restore=0 verdict=ok
pbsprobe/pbs_sweep.sh: line 296: 2029260 Killed                  setsid bash -c "echo \$\$ > '${WORLD_CG_RUN:-$WORLD_CG}/cgroup.procs' && exec '$wlbin' --port $port --resume_file '$resume_f' $params $extra" > "$wlog" 2>&1 < /dev/null
[1536/2239] S099one_eventfd.file__eventfd_open dump=0 restore=0 verdict=ok
pbsprobe/pbs_sweep.sh: line 296: 2030432 Killed                  setsid bash -c "echo \$\$ > '${WORLD_CG_RUN:-$WORLD_CG}/cgroup.procs' && exec '$wlbin' --port $port --resume_file '$resume_f' $params $extra" > "$wlog" 2>&1 < /dev/null
[1537/2239] S099one_eventfd.file__epg_index dump=0 restore=0 verdict=ok
[1538/2239] S099one_eventfd.file__ready dump=1 restore=na verdict=dump_fail
pbsprobe/pbs_sweep.sh: line 257: 2031612 Killed                  setsid bash -c "echo \$\$ > '${WORLD_CG_RUN:-$WORLD_CG}/cgroup.procs' && exec '$wlbin' --port $port --resume_file '$resume_f' $params $extra" > "$wlog" 2>&1 < /dev/null
[1539/2239] S099one_eventfd.file__steady dump=1 restore=na verdict=dump_fail
pbsprobe/pbs_sweep.sh: line 257: 2032826 Killed                  setsid bash -c "echo \$\$ > '${WORLD_CG_RUN:-$WORLD_CG}/cgroup.procs' && exec '$wlbin' --port $port --resume_file '$resume_f' $params $extra" > "$wlog" 2>&1 < /dev/null
pbsprobe/pbs_sweep.sh: line 296: 2034093 Killed                  setsid bash -c "echo \$\$ > '${WORLD_CG_RUN:-$WORLD_CG}/cgroup.procs' && exec '$wlbin' --port $port --resume_file '$resume_f' $params $extra" > "$wlog" 2>&1 < /dev/null
[1540/2239] S100one_eventfd.perm__init dump=0 restore=0 verdict=ok
pbsprobe/pbs_sweep.sh: line 296: 2035284 Killed                  setsid bash -c "echo \$\$ > '${WORLD_CG_RUN:-$WORLD_CG}/cgroup.procs' && exec '$wlbin' --port $port --resume_file '$resume_f' $params $extra" > "$wlog" 2>&1 < /dev/null
[1541/2239] S100one_eventfd.perm__db_open dump=0 restore=0 verdict=ok
pbsprobe/pbs_sweep.sh: line 296: 2036460 Killed                  setsid bash -c "echo \$\$ > '${WORLD_CG_RUN:-$WORLD_CG}/cgroup.procs' && exec '$wlbin' --port $port --resume_file '$resume_f' $params $extra" > "$wlog" 2>&1 < /dev/null
[1542/2239] S100one_eventfd.perm__eventfd_open dump=0 restore=0 verdict=ok
pbsprobe/pbs_sweep.sh: line 296: 2037628 Killed                  setsid bash -c "echo \$\$ > '${WORLD_CG_RUN:-$WORLD_CG}/cgroup.procs' && exec '$wlbin' --port $port --resume_file '$resume_f' $params $extra" > "$wlog" 2>&1 < /dev/null
[1543/2239] S100one_eventfd.perm__epg_index dump=0 restore=0 verdict=ok
[1544/2239] S100one_eventfd.perm__ready dump=1 restore=na verdict=dump_fail
pbsprobe/pbs_sweep.sh: line 257: 2038804 Killed                  setsid bash -c "echo \$\$ > '${WORLD_CG_RUN:-$WORLD_CG}/cgroup.procs' && exec '$wlbin' --port $port --resume_file '$resume_f' $params $extra" > "$wlog" 2>&1 < /dev/null
[1545/2239] S100one_eventfd.perm__steady dump=1 restore=na verdict=dump_fail
pbsprobe/pbs_sweep.sh: line 257: 2040010 Killed                  setsid bash -c "echo \$\$ > '${WORLD_CG_RUN:-$WORLD_CG}/cgroup.procs' && exec '$wlbin' --port $port --resume_file '$resume_f' $params $extra" > "$wlog" 2>&1 < /dev/null
pbsprobe/pbs_sweep.sh: line 296: 2041268 Killed                  setsid bash -c "echo \$\$ > '${WORLD_CG_RUN:-$WORLD_CG}/cgroup.procs' && exec '$wlbin' --port $port --resume_file '$resume_f' $params $extra" > "$wlog" 2>&1 < /dev/null
[1546/2239] S101one_shm.stri__init dump=0 restore=0 verdict=ok
pbsprobe/pbs_sweep.sh: line 296: 2042448 Killed                  setsid bash -c "echo \$\$ > '${WORLD_CG_RUN:-$WORLD_CG}/cgroup.procs' && exec '$wlbin' --port $port --resume_file '$resume_f' $params $extra" > "$wlog" 2>&1 < /dev/null
[1547/2239] S101one_shm.stri__db_open dump=0 restore=0 verdict=ok
pbsprobe/pbs_sweep.sh: line 296: 2043636 Killed                  setsid bash -c "echo \$\$ > '${WORLD_CG_RUN:-$WORLD_CG}/cgroup.procs' && exec '$wlbin' --port $port --resume_file '$resume_f' $params $extra" > "$wlog" 2>&1 < /dev/null
[1548/2239] S101one_shm.stri__shm_map dump=0 restore=0 verdict=ok
pbsprobe/pbs_sweep.sh: line 296: 2044816 Killed                  setsid bash -c "echo \$\$ > '${WORLD_CG_RUN:-$WORLD_CG}/cgroup.procs' && exec '$wlbin' --port $port --resume_file '$resume_f' $params $extra" > "$wlog" 2>&1 < /dev/null
[1549/2239] S101one_shm.stri__epg_index dump=0 restore=0 verdict=ok
[1550/2239] S101one_shm.stri__ready dump=1 restore=na verdict=dump_fail
pbsprobe/pbs_sweep.sh: line 257: 2045988 Killed                  setsid bash -c "echo \$\$ > '${WORLD_CG_RUN:-$WORLD_CG}/cgroup.procs' && exec '$wlbin' --port $port --resume_file '$resume_f' $params $extra" > "$wlog" 2>&1 < /dev/null
[1551/2239] S101one_shm.stri__steady dump=1 restore=na verdict=dump_fail
pbsprobe/pbs_sweep.sh: line 257: 2047190 Killed                  setsid bash -c "echo \$\$ > '${WORLD_CG_RUN:-$WORLD_CG}/cgroup.procs' && exec '$wlbin' --port $port --resume_file '$resume_f' $params $extra" > "$wlog" 2>&1 < /dev/null
pbsprobe/pbs_sweep.sh: line 296: 2048452 Killed                  setsid bash -c "echo \$\$ > '${WORLD_CG_RUN:-$WORLD_CG}/cgroup.procs' && exec '$wlbin' --port $port --resume_file '$resume_f' $params $extra" > "$wlog" 2>&1 < /dev/null
[1552/2239] S102one_shm.ext___init dump=0 restore=0 verdict=ok
pbsprobe/pbs_sweep.sh: line 296: 2049636 Killed                  setsid bash -c "echo \$\$ > '${WORLD_CG_RUN:-$WORLD_CG}/cgroup.procs' && exec '$wlbin' --port $port --resume_file '$resume_f' $params $extra" > "$wlog" 2>&1 < /dev/null
[1553/2239] S102one_shm.ext___db_open dump=0 restore=0 verdict=ok
pbsprobe/pbs_sweep.sh: line 296: 2050812 Killed                  setsid bash -c "echo \$\$ > '${WORLD_CG_RUN:-$WORLD_CG}/cgroup.procs' && exec '$wlbin' --port $port --resume_file '$resume_f' $params $extra" > "$wlog" 2>&1 < /dev/null
[1554/2239] S102one_shm.ext___shm_map dump=0 restore=0 verdict=ok
pbsprobe/pbs_sweep.sh: line 296: 2051984 Killed                  setsid bash -c "echo \$\$ > '${WORLD_CG_RUN:-$WORLD_CG}/cgroup.procs' && exec '$wlbin' --port $port --resume_file '$resume_f' $params $extra" > "$wlog" 2>&1 < /dev/null
[1555/2239] S102one_shm.ext___epg_index dump=0 restore=0 verdict=ok
[1556/2239] S102one_shm.ext___ready dump=1 restore=na verdict=dump_fail
pbsprobe/pbs_sweep.sh: line 257: 2053156 Killed                  setsid bash -c "echo \$\$ > '${WORLD_CG_RUN:-$WORLD_CG}/cgroup.procs' && exec '$wlbin' --port $port --resume_file '$resume_f' $params $extra" > "$wlog" 2>&1 < /dev/null
[1557/2239] S102one_shm.ext___steady dump=1 restore=na verdict=dump_fail
pbsprobe/pbs_sweep.sh: line 257: 2054366 Killed                  setsid bash -c "echo \$\$ > '${WORLD_CG_RUN:-$WORLD_CG}/cgroup.procs' && exec '$wlbin' --port $port --resume_file '$resume_f' $params $extra" > "$wlog" 2>&1 < /dev/null
pbsprobe/pbs_sweep.sh: line 296: 2055636 Killed                  setsid bash -c "echo \$\$ > '${WORLD_CG_RUN:-$WORLD_CG}/cgroup.procs' && exec '$wlbin' --port $port --resume_file '$resume_f' $params $extra" > "$wlog" 2>&1 < /dev/null
[1558/2239] S103one_shm.tcp___init dump=0 restore=0 verdict=ok
pbsprobe/pbs_sweep.sh: line 296: 2056824 Killed                  setsid bash -c "echo \$\$ > '${WORLD_CG_RUN:-$WORLD_CG}/cgroup.procs' && exec '$wlbin' --port $port --resume_file '$resume_f' $params $extra" > "$wlog" 2>&1 < /dev/null
[1559/2239] S103one_shm.tcp___db_open dump=0 restore=0 verdict=ok
pbsprobe/pbs_sweep.sh: line 296: 2057992 Killed                  setsid bash -c "echo \$\$ > '${WORLD_CG_RUN:-$WORLD_CG}/cgroup.procs' && exec '$wlbin' --port $port --resume_file '$resume_f' $params $extra" > "$wlog" 2>&1 < /dev/null
[1560/2239] S103one_shm.tcp___shm_map dump=0 restore=0 verdict=ok
pbsprobe/pbs_sweep.sh: line 296: 2059172 Killed                  setsid bash -c "echo \$\$ > '${WORLD_CG_RUN:-$WORLD_CG}/cgroup.procs' && exec '$wlbin' --port $port --resume_file '$resume_f' $params $extra" > "$wlog" 2>&1 < /dev/null
[1561/2239] S103one_shm.tcp___epg_index dump=0 restore=0 verdict=ok
[1562/2239] S103one_shm.tcp___ready dump=1 restore=na verdict=dump_fail
pbsprobe/pbs_sweep.sh: line 257: 2060344 Killed                  setsid bash -c "echo \$\$ > '${WORLD_CG_RUN:-$WORLD_CG}/cgroup.procs' && exec '$wlbin' --port $port --resume_file '$resume_f' $params $extra" > "$wlog" 2>&1 < /dev/null
[1563/2239] S103one_shm.tcp___steady dump=1 restore=na verdict=dump_fail
pbsprobe/pbs_sweep.sh: line 257: 2061554 Killed                  setsid bash -c "echo \$\$ > '${WORLD_CG_RUN:-$WORLD_CG}/cgroup.procs' && exec '$wlbin' --port $port --resume_file '$resume_f' $params $extra" > "$wlog" 2>&1 < /dev/null
pbsprobe/pbs_sweep.sh: line 296: 2062812 Killed                  setsid bash -c "echo \$\$ > '${WORLD_CG_RUN:-$WORLD_CG}/cgroup.procs' && exec '$wlbin' --port $port --resume_file '$resume_f' $params $extra" > "$wlog" 2>&1 < /dev/null
[1564/2239] S104one_shm.file__init dump=0 restore=0 verdict=ok
pbsprobe/pbs_sweep.sh: line 296: 2064000 Killed                  setsid bash -c "echo \$\$ > '${WORLD_CG_RUN:-$WORLD_CG}/cgroup.procs' && exec '$wlbin' --port $port --resume_file '$resume_f' $params $extra" > "$wlog" 2>&1 < /dev/null
[1565/2239] S104one_shm.file__db_open dump=0 restore=0 verdict=ok
pbsprobe/pbs_sweep.sh: line 296: 2065176 Killed                  setsid bash -c "echo \$\$ > '${WORLD_CG_RUN:-$WORLD_CG}/cgroup.procs' && exec '$wlbin' --port $port --resume_file '$resume_f' $params $extra" > "$wlog" 2>&1 < /dev/null
[1566/2239] S104one_shm.file__shm_map dump=0 restore=0 verdict=ok
pbsprobe/pbs_sweep.sh: line 296: 2066356 Killed                  setsid bash -c "echo \$\$ > '${WORLD_CG_RUN:-$WORLD_CG}/cgroup.procs' && exec '$wlbin' --port $port --resume_file '$resume_f' $params $extra" > "$wlog" 2>&1 < /dev/null
[1567/2239] S104one_shm.file__epg_index dump=0 restore=0 verdict=ok
[1568/2239] S104one_shm.file__ready dump=1 restore=na verdict=dump_fail
pbsprobe/pbs_sweep.sh: line 257: 2067535 Killed                  setsid bash -c "echo \$\$ > '${WORLD_CG_RUN:-$WORLD_CG}/cgroup.procs' && exec '$wlbin' --port $port --resume_file '$resume_f' $params $extra" > "$wlog" 2>&1 < /dev/null
[1569/2239] S104one_shm.file__steady dump=1 restore=na verdict=dump_fail
pbsprobe/pbs_sweep.sh: line 257: 2068734 Killed                  setsid bash -c "echo \$\$ > '${WORLD_CG_RUN:-$WORLD_CG}/cgroup.procs' && exec '$wlbin' --port $port --resume_file '$resume_f' $params $extra" > "$wlog" 2>&1 < /dev/null
pbsprobe/pbs_sweep.sh: line 296: 2070000 Killed                  setsid bash -c "echo \$\$ > '${WORLD_CG_RUN:-$WORLD_CG}/cgroup.procs' && exec '$wlbin' --port $port --resume_file '$resume_f' $params $extra" > "$wlog" 2>&1 < /dev/null
[1570/2239] S105one_shm.perm__init dump=0 restore=0 verdict=ok
pbsprobe/pbs_sweep.sh: line 296: 2071192 Killed                  setsid bash -c "echo \$\$ > '${WORLD_CG_RUN:-$WORLD_CG}/cgroup.procs' && exec '$wlbin' --port $port --resume_file '$resume_f' $params $extra" > "$wlog" 2>&1 < /dev/null
[1571/2239] S105one_shm.perm__db_open dump=0 restore=0 verdict=ok
pbsprobe/pbs_sweep.sh: line 296: 2072372 Killed                  setsid bash -c "echo \$\$ > '${WORLD_CG_RUN:-$WORLD_CG}/cgroup.procs' && exec '$wlbin' --port $port --resume_file '$resume_f' $params $extra" > "$wlog" 2>&1 < /dev/null
[1572/2239] S105one_shm.perm__shm_map dump=0 restore=0 verdict=ok
pbsprobe/pbs_sweep.sh: line 296: 2073551 Killed                  setsid bash -c "echo \$\$ > '${WORLD_CG_RUN:-$WORLD_CG}/cgroup.procs' && exec '$wlbin' --port $port --resume_file '$resume_f' $params $extra" > "$wlog" 2>&1 < /dev/null
[1573/2239] S105one_shm.perm__epg_index dump=0 restore=0 verdict=ok
[1574/2239] S105one_shm.perm__ready dump=1 restore=na verdict=dump_fail
pbsprobe/pbs_sweep.sh: line 257: 2074731 Killed                  setsid bash -c "echo \$\$ > '${WORLD_CG_RUN:-$WORLD_CG}/cgroup.procs' && exec '$wlbin' --port $port --resume_file '$resume_f' $params $extra" > "$wlog" 2>&1 < /dev/null
[1575/2239] S105one_shm.perm__steady dump=1 restore=na verdict=dump_fail
pbsprobe/pbs_sweep.sh: line 257: 2075934 Killed                  setsid bash -c "echo \$\$ > '${WORLD_CG_RUN:-$WORLD_CG}/cgroup.procs' && exec '$wlbin' --port $port --resume_file '$resume_f' $params $extra" > "$wlog" 2>&1 < /dev/null
pbsprobe/pbs_sweep.sh: line 296: 2077196 Killed                  setsid bash -c "echo \$\$ > '${WORLD_CG_RUN:-$WORLD_CG}/cgroup.procs' && exec '$wlbin' --port $port --resume_file '$resume_f' $params $extra" > "$wlog" 2>&1 < /dev/null
[1576/2239] S106one_wd.stri__init dump=0 restore=0 verdict=ok
pbsprobe/pbs_sweep.sh: line 296: 2078384 Killed                  setsid bash -c "echo \$\$ > '${WORLD_CG_RUN:-$WORLD_CG}/cgroup.procs' && exec '$wlbin' --port $port --resume_file '$resume_f' $params $extra" > "$wlog" 2>&1 < /dev/null
[1577/2239] S106one_wd.stri__db_open dump=0 restore=0 verdict=ok
pbsprobe/pbs_sweep.sh: line 296: 2079564 Killed                  setsid bash -c "echo \$\$ > '${WORLD_CG_RUN:-$WORLD_CG}/cgroup.procs' && exec '$wlbin' --port $port --resume_file '$resume_f' $params $extra" > "$wlog" 2>&1 < /dev/null
[1578/2239] S106one_wd.stri__workdir dump=0 restore=0 verdict=ok
pbsprobe/pbs_sweep.sh: line 296: 2080736 Killed                  setsid bash -c "echo \$\$ > '${WORLD_CG_RUN:-$WORLD_CG}/cgroup.procs' && exec '$wlbin' --port $port --resume_file '$resume_f' $params $extra" > "$wlog" 2>&1 < /dev/null
[1579/2239] S106one_wd.stri__epg_index dump=0 restore=0 verdict=ok
[1580/2239] S106one_wd.stri__ready dump=1 restore=na verdict=dump_fail
pbsprobe/pbs_sweep.sh: line 257: 2081915 Killed                  setsid bash -c "echo \$\$ > '${WORLD_CG_RUN:-$WORLD_CG}/cgroup.procs' && exec '$wlbin' --port $port --resume_file '$resume_f' $params $extra" > "$wlog" 2>&1 < /dev/null
[1581/2239] S106one_wd.stri__steady dump=1 restore=na verdict=dump_fail
pbsprobe/pbs_sweep.sh: line 257: 2083122 Killed                  setsid bash -c "echo \$\$ > '${WORLD_CG_RUN:-$WORLD_CG}/cgroup.procs' && exec '$wlbin' --port $port --resume_file '$resume_f' $params $extra" > "$wlog" 2>&1 < /dev/null
pbsprobe/pbs_sweep.sh: line 296: 2084384 Killed                  setsid bash -c "echo \$\$ > '${WORLD_CG_RUN:-$WORLD_CG}/cgroup.procs' && exec '$wlbin' --port $port --resume_file '$resume_f' $params $extra" > "$wlog" 2>&1 < /dev/null
[1582/2239] S107one_wd.ext___init dump=0 restore=0 verdict=ok
pbsprobe/pbs_sweep.sh: line 296: 2085572 Killed                  setsid bash -c "echo \$\$ > '${WORLD_CG_RUN:-$WORLD_CG}/cgroup.procs' && exec '$wlbin' --port $port --resume_file '$resume_f' $params $extra" > "$wlog" 2>&1 < /dev/null
[1583/2239] S107one_wd.ext___db_open dump=0 restore=0 verdict=ok
pbsprobe/pbs_sweep.sh: line 296: 2086756 Killed                  setsid bash -c "echo \$\$ > '${WORLD_CG_RUN:-$WORLD_CG}/cgroup.procs' && exec '$wlbin' --port $port --resume_file '$resume_f' $params $extra" > "$wlog" 2>&1 < /dev/null
[1584/2239] S107one_wd.ext___workdir dump=0 restore=0 verdict=ok
pbsprobe/pbs_sweep.sh: line 296: 2087936 Killed                  setsid bash -c "echo \$\$ > '${WORLD_CG_RUN:-$WORLD_CG}/cgroup.procs' && exec '$wlbin' --port $port --resume_file '$resume_f' $params $extra" > "$wlog" 2>&1 < /dev/null
[1585/2239] S107one_wd.ext___epg_index dump=0 restore=0 verdict=ok
[1586/2239] S107one_wd.ext___ready dump=1 restore=na verdict=dump_fail
pbsprobe/pbs_sweep.sh: line 257: 2089119 Killed                  setsid bash -c "echo \$\$ > '${WORLD_CG_RUN:-$WORLD_CG}/cgroup.procs' && exec '$wlbin' --port $port --resume_file '$resume_f' $params $extra" > "$wlog" 2>&1 < /dev/null
[1587/2239] S107one_wd.ext___steady dump=1 restore=na verdict=dump_fail
pbsprobe/pbs_sweep.sh: line 257: 2090318 Killed                  setsid bash -c "echo \$\$ > '${WORLD_CG_RUN:-$WORLD_CG}/cgroup.procs' && exec '$wlbin' --port $port --resume_file '$resume_f' $params $extra" > "$wlog" 2>&1 < /dev/null
pbsprobe/pbs_sweep.sh: line 296: 2091572 Killed                  setsid bash -c "echo \$\$ > '${WORLD_CG_RUN:-$WORLD_CG}/cgroup.procs' && exec '$wlbin' --port $port --resume_file '$resume_f' $params $extra" > "$wlog" 2>&1 < /dev/null
[1588/2239] S108one_wd.tcp___init dump=0 restore=0 verdict=ok
pbsprobe/pbs_sweep.sh: line 296: 2092760 Killed                  setsid bash -c "echo \$\$ > '${WORLD_CG_RUN:-$WORLD_CG}/cgroup.procs' && exec '$wlbin' --port $port --resume_file '$resume_f' $params $extra" > "$wlog" 2>&1 < /dev/null
[1589/2239] S108one_wd.tcp___db_open dump=0 restore=0 verdict=ok
pbsprobe/pbs_sweep.sh: line 296: 2093936 Killed                  setsid bash -c "echo \$\$ > '${WORLD_CG_RUN:-$WORLD_CG}/cgroup.procs' && exec '$wlbin' --port $port --resume_file '$resume_f' $params $extra" > "$wlog" 2>&1 < /dev/null
[1590/2239] S108one_wd.tcp___workdir dump=0 restore=0 verdict=ok
pbsprobe/pbs_sweep.sh: line 296: 2095116 Killed                  setsid bash -c "echo \$\$ > '${WORLD_CG_RUN:-$WORLD_CG}/cgroup.procs' && exec '$wlbin' --port $port --resume_file '$resume_f' $params $extra" > "$wlog" 2>&1 < /dev/null
[1591/2239] S108one_wd.tcp___epg_index dump=0 restore=0 verdict=ok
[1592/2239] S108one_wd.tcp___ready dump=1 restore=na verdict=dump_fail
pbsprobe/pbs_sweep.sh: line 257: 2096284 Killed                  setsid bash -c "echo \$\$ > '${WORLD_CG_RUN:-$WORLD_CG}/cgroup.procs' && exec '$wlbin' --port $port --resume_file '$resume_f' $params $extra" > "$wlog" 2>&1 < /dev/null
[1593/2239] S108one_wd.tcp___steady dump=1 restore=na verdict=dump_fail
pbsprobe/pbs_sweep.sh: line 257: 2097494 Killed                  setsid bash -c "echo \$\$ > '${WORLD_CG_RUN:-$WORLD_CG}/cgroup.procs' && exec '$wlbin' --port $port --resume_file '$resume_f' $params $extra" > "$wlog" 2>&1 < /dev/null
pbsprobe/pbs_sweep.sh: line 296: 2098756 Killed                  setsid bash -c "echo \$\$ > '${WORLD_CG_RUN:-$WORLD_CG}/cgroup.procs' && exec '$wlbin' --port $port --resume_file '$resume_f' $params $extra" > "$wlog" 2>&1 < /dev/null
[1594/2239] S109one_wd.file__init dump=0 restore=0 verdict=ok
pbsprobe/pbs_sweep.sh: line 296: 2099944 Killed                  setsid bash -c "echo \$\$ > '${WORLD_CG_RUN:-$WORLD_CG}/cgroup.procs' && exec '$wlbin' --port $port --resume_file '$resume_f' $params $extra" > "$wlog" 2>&1 < /dev/null
[1595/2239] S109one_wd.file__db_open dump=0 restore=0 verdict=ok
pbsprobe/pbs_sweep.sh: line 296: 2101124 Killed                  setsid bash -c "echo \$\$ > '${WORLD_CG_RUN:-$WORLD_CG}/cgroup.procs' && exec '$wlbin' --port $port --resume_file '$resume_f' $params $extra" > "$wlog" 2>&1 < /dev/null
[1596/2239] S109one_wd.file__workdir dump=0 restore=0 verdict=ok
pbsprobe/pbs_sweep.sh: line 296: 2102300 Killed                  setsid bash -c "echo \$\$ > '${WORLD_CG_RUN:-$WORLD_CG}/cgroup.procs' && exec '$wlbin' --port $port --resume_file '$resume_f' $params $extra" > "$wlog" 2>&1 < /dev/null
[1597/2239] S109one_wd.file__epg_index dump=0 restore=0 verdict=ok
[1598/2239] S109one_wd.file__ready dump=1 restore=na verdict=dump_fail
pbsprobe/pbs_sweep.sh: line 257: 2103480 Killed                  setsid bash -c "echo \$\$ > '${WORLD_CG_RUN:-$WORLD_CG}/cgroup.procs' && exec '$wlbin' --port $port --resume_file '$resume_f' $params $extra" > "$wlog" 2>&1 < /dev/null
[1599/2239] S109one_wd.file__steady dump=1 restore=na verdict=dump_fail
pbsprobe/pbs_sweep.sh: line 257: 2104686 Killed                  setsid bash -c "echo \$\$ > '${WORLD_CG_RUN:-$WORLD_CG}/cgroup.procs' && exec '$wlbin' --port $port --resume_file '$resume_f' $params $extra" > "$wlog" 2>&1 < /dev/null
pbsprobe/pbs_sweep.sh: line 296: 2105944 Killed                  setsid bash -c "echo \$\$ > '${WORLD_CG_RUN:-$WORLD_CG}/cgroup.procs' && exec '$wlbin' --port $port --resume_file '$resume_f' $params $extra" > "$wlog" 2>&1 < /dev/null
[1600/2239] S110one_wd.perm__init dump=0 restore=0 verdict=ok
pbsprobe/pbs_sweep.sh: line 296: 2107136 Killed                  setsid bash -c "echo \$\$ > '${WORLD_CG_RUN:-$WORLD_CG}/cgroup.procs' && exec '$wlbin' --port $port --resume_file '$resume_f' $params $extra" > "$wlog" 2>&1 < /dev/null
[1601/2239] S110one_wd.perm__db_open dump=0 restore=0 verdict=ok
pbsprobe/pbs_sweep.sh: line 296: 2108320 Killed                  setsid bash -c "echo \$\$ > '${WORLD_CG_RUN:-$WORLD_CG}/cgroup.procs' && exec '$wlbin' --port $port --resume_file '$resume_f' $params $extra" > "$wlog" 2>&1 < /dev/null
[1602/2239] S110one_wd.perm__workdir dump=0 restore=0 verdict=ok
pbsprobe/pbs_sweep.sh: line 296: 2109500 Killed                  setsid bash -c "echo \$\$ > '${WORLD_CG_RUN:-$WORLD_CG}/cgroup.procs' && exec '$wlbin' --port $port --resume_file '$resume_f' $params $extra" > "$wlog" 2>&1 < /dev/null
[1603/2239] S110one_wd.perm__epg_index dump=0 restore=0 verdict=ok
[1604/2239] S110one_wd.perm__ready dump=1 restore=na verdict=dump_fail
pbsprobe/pbs_sweep.sh: line 257: 2110679 Killed                  setsid bash -c "echo \$\$ > '${WORLD_CG_RUN:-$WORLD_CG}/cgroup.procs' && exec '$wlbin' --port $port --resume_file '$resume_f' $params $extra" > "$wlog" 2>&1 < /dev/null
[1605/2239] S110one_wd.perm__steady dump=1 restore=na verdict=dump_fail
pbsprobe/pbs_sweep.sh: line 257: 2111886 Killed                  setsid bash -c "echo \$\$ > '${WORLD_CG_RUN:-$WORLD_CG}/cgroup.procs' && exec '$wlbin' --port $port --resume_file '$resume_f' $params $extra" > "$wlog" 2>&1 < /dev/null
pbsprobe/pbs_sweep.sh: line 296: 2113160 Killed                  setsid bash -c "echo \$\$ > '${WORLD_CG_RUN:-$WORLD_CG}/cgroup.procs' && exec '$wlbin' --port $port --resume_file '$resume_f' $params $extra" > "$wlog" 2>&1 < /dev/null
[1606/2239] S111one_journal.stri__init dump=0 restore=0 verdict=ok
pbsprobe/pbs_sweep.sh: line 296: 2114348 Killed                  setsid bash -c "echo \$\$ > '${WORLD_CG_RUN:-$WORLD_CG}/cgroup.procs' && exec '$wlbin' --port $port --resume_file '$resume_f' $params $extra" > "$wlog" 2>&1 < /dev/null
[1607/2239] S111one_journal.stri__db_open dump=0 restore=0 verdict=ok
pbsprobe/pbs_sweep.sh: line 296: 2115524 Killed                  setsid bash -c "echo \$\$ > '${WORLD_CG_RUN:-$WORLD_CG}/cgroup.procs' && exec '$wlbin' --port $port --resume_file '$resume_f' $params $extra" > "$wlog" 2>&1 < /dev/null
[1608/2239] S111one_journal.stri__tmp_journal dump=0 restore=0 verdict=ok
pbsprobe/pbs_sweep.sh: line 296: 2116700 Killed                  setsid bash -c "echo \$\$ > '${WORLD_CG_RUN:-$WORLD_CG}/cgroup.procs' && exec '$wlbin' --port $port --resume_file '$resume_f' $params $extra" > "$wlog" 2>&1 < /dev/null
[1609/2239] S111one_journal.stri__epg_index dump=0 restore=0 verdict=ok
[1610/2239] S111one_journal.stri__ready dump=1 restore=na verdict=dump_fail
pbsprobe/pbs_sweep.sh: line 257: 2117879 Killed                  setsid bash -c "echo \$\$ > '${WORLD_CG_RUN:-$WORLD_CG}/cgroup.procs' && exec '$wlbin' --port $port --resume_file '$resume_f' $params $extra" > "$wlog" 2>&1 < /dev/null
[1611/2239] S111one_journal.stri__steady dump=1 restore=na verdict=dump_fail
pbsprobe/pbs_sweep.sh: line 257: 2119090 Killed                  setsid bash -c "echo \$\$ > '${WORLD_CG_RUN:-$WORLD_CG}/cgroup.procs' && exec '$wlbin' --port $port --resume_file '$resume_f' $params $extra" > "$wlog" 2>&1 < /dev/null
pbsprobe/pbs_sweep.sh: line 296: 2120360 Killed                  setsid bash -c "echo \$\$ > '${WORLD_CG_RUN:-$WORLD_CG}/cgroup.procs' && exec '$wlbin' --port $port --resume_file '$resume_f' $params $extra" > "$wlog" 2>&1 < /dev/null
[1612/2239] S112one_journal.ext___init dump=0 restore=0 verdict=ok
pbsprobe/pbs_sweep.sh: line 296: 2121544 Killed                  setsid bash -c "echo \$\$ > '${WORLD_CG_RUN:-$WORLD_CG}/cgroup.procs' && exec '$wlbin' --port $port --resume_file '$resume_f' $params $extra" > "$wlog" 2>&1 < /dev/null
[1613/2239] S112one_journal.ext___db_open dump=0 restore=0 verdict=ok
pbsprobe/pbs_sweep.sh: line 296: 2122716 Killed                  setsid bash -c "echo \$\$ > '${WORLD_CG_RUN:-$WORLD_CG}/cgroup.procs' && exec '$wlbin' --port $port --resume_file '$resume_f' $params $extra" > "$wlog" 2>&1 < /dev/null
[1614/2239] S112one_journal.ext___tmp_journal dump=0 restore=0 verdict=ok
pbsprobe/pbs_sweep.sh: line 296: 2123890 Killed                  setsid bash -c "echo \$\$ > '${WORLD_CG_RUN:-$WORLD_CG}/cgroup.procs' && exec '$wlbin' --port $port --resume_file '$resume_f' $params $extra" > "$wlog" 2>&1 < /dev/null
[1615/2239] S112one_journal.ext___epg_index dump=0 restore=0 verdict=ok
[1616/2239] S112one_journal.ext___ready dump=1 restore=na verdict=dump_fail
pbsprobe/pbs_sweep.sh: line 257: 2125063 Killed                  setsid bash -c "echo \$\$ > '${WORLD_CG_RUN:-$WORLD_CG}/cgroup.procs' && exec '$wlbin' --port $port --resume_file '$resume_f' $params $extra" > "$wlog" 2>&1 < /dev/null
[1617/2239] S112one_journal.ext___steady dump=1 restore=na verdict=dump_fail
pbsprobe/pbs_sweep.sh: line 257: 2126270 Killed                  setsid bash -c "echo \$\$ > '${WORLD_CG_RUN:-$WORLD_CG}/cgroup.procs' && exec '$wlbin' --port $port --resume_file '$resume_f' $params $extra" > "$wlog" 2>&1 < /dev/null
pbsprobe/pbs_sweep.sh: line 296: 2127536 Killed                  setsid bash -c "echo \$\$ > '${WORLD_CG_RUN:-$WORLD_CG}/cgroup.procs' && exec '$wlbin' --port $port --resume_file '$resume_f' $params $extra" > "$wlog" 2>&1 < /dev/null
[1618/2239] S113one_journal.tcp___init dump=0 restore=0 verdict=ok
pbsprobe/pbs_sweep.sh: line 296: 2128728 Killed                  setsid bash -c "echo \$\$ > '${WORLD_CG_RUN:-$WORLD_CG}/cgroup.procs' && exec '$wlbin' --port $port --resume_file '$resume_f' $params $extra" > "$wlog" 2>&1 < /dev/null
[1619/2239] S113one_journal.tcp___db_open dump=0 restore=0 verdict=ok
pbsprobe/pbs_sweep.sh: line 296: 2129904 Killed                  setsid bash -c "echo \$\$ > '${WORLD_CG_RUN:-$WORLD_CG}/cgroup.procs' && exec '$wlbin' --port $port --resume_file '$resume_f' $params $extra" > "$wlog" 2>&1 < /dev/null
[1620/2239] S113one_journal.tcp___tmp_journal dump=0 restore=0 verdict=ok
pbsprobe/pbs_sweep.sh: line 296: 2131072 Killed                  setsid bash -c "echo \$\$ > '${WORLD_CG_RUN:-$WORLD_CG}/cgroup.procs' && exec '$wlbin' --port $port --resume_file '$resume_f' $params $extra" > "$wlog" 2>&1 < /dev/null
[1621/2239] S113one_journal.tcp___epg_index dump=0 restore=0 verdict=ok
[1622/2239] S113one_journal.tcp___ready dump=1 restore=na verdict=dump_fail
pbsprobe/pbs_sweep.sh: line 257: 2132243 Killed                  setsid bash -c "echo \$\$ > '${WORLD_CG_RUN:-$WORLD_CG}/cgroup.procs' && exec '$wlbin' --port $port --resume_file '$resume_f' $params $extra" > "$wlog" 2>&1 < /dev/null
[1623/2239] S113one_journal.tcp___steady dump=1 restore=na verdict=dump_fail
pbsprobe/pbs_sweep.sh: line 257: 2133442 Killed                  setsid bash -c "echo \$\$ > '${WORLD_CG_RUN:-$WORLD_CG}/cgroup.procs' && exec '$wlbin' --port $port --resume_file '$resume_f' $params $extra" > "$wlog" 2>&1 < /dev/null
pbsprobe/pbs_sweep.sh: line 296: 2134712 Killed                  setsid bash -c "echo \$\$ > '${WORLD_CG_RUN:-$WORLD_CG}/cgroup.procs' && exec '$wlbin' --port $port --resume_file '$resume_f' $params $extra" > "$wlog" 2>&1 < /dev/null
[1624/2239] S114one_journal.file__init dump=0 restore=0 verdict=ok
pbsprobe/pbs_sweep.sh: line 296: 2135892 Killed                  setsid bash -c "echo \$\$ > '${WORLD_CG_RUN:-$WORLD_CG}/cgroup.procs' && exec '$wlbin' --port $port --resume_file '$resume_f' $params $extra" > "$wlog" 2>&1 < /dev/null
[1625/2239] S114one_journal.file__db_open dump=0 restore=0 verdict=ok
pbsprobe/pbs_sweep.sh: line 296: 2137068 Killed                  setsid bash -c "echo \$\$ > '${WORLD_CG_RUN:-$WORLD_CG}/cgroup.procs' && exec '$wlbin' --port $port --resume_file '$resume_f' $params $extra" > "$wlog" 2>&1 < /dev/null
[1626/2239] S114one_journal.file__tmp_journal dump=0 restore=0 verdict=ok
pbsprobe/pbs_sweep.sh: line 296: 2138248 Killed                  setsid bash -c "echo \$\$ > '${WORLD_CG_RUN:-$WORLD_CG}/cgroup.procs' && exec '$wlbin' --port $port --resume_file '$resume_f' $params $extra" > "$wlog" 2>&1 < /dev/null
[1627/2239] S114one_journal.file__epg_index dump=0 restore=0 verdict=ok
[1628/2239] S114one_journal.file__ready dump=1 restore=na verdict=dump_fail
pbsprobe/pbs_sweep.sh: line 257: 2139431 Killed                  setsid bash -c "echo \$\$ > '${WORLD_CG_RUN:-$WORLD_CG}/cgroup.procs' && exec '$wlbin' --port $port --resume_file '$resume_f' $params $extra" > "$wlog" 2>&1 < /dev/null
[1629/2239] S114one_journal.file__steady dump=1 restore=na verdict=dump_fail
pbsprobe/pbs_sweep.sh: line 257: 2140638 Killed                  setsid bash -c "echo \$\$ > '${WORLD_CG_RUN:-$WORLD_CG}/cgroup.procs' && exec '$wlbin' --port $port --resume_file '$resume_f' $params $extra" > "$wlog" 2>&1 < /dev/null
pbsprobe/pbs_sweep.sh: line 296: 2141900 Killed                  setsid bash -c "echo \$\$ > '${WORLD_CG_RUN:-$WORLD_CG}/cgroup.procs' && exec '$wlbin' --port $port --resume_file '$resume_f' $params $extra" > "$wlog" 2>&1 < /dev/null
[1630/2239] S115one_journal.perm__init dump=0 restore=0 verdict=ok
pbsprobe/pbs_sweep.sh: line 296: 2143088 Killed                  setsid bash -c "echo \$\$ > '${WORLD_CG_RUN:-$WORLD_CG}/cgroup.procs' && exec '$wlbin' --port $port --resume_file '$resume_f' $params $extra" > "$wlog" 2>&1 < /dev/null
[1631/2239] S115one_journal.perm__db_open dump=0 restore=0 verdict=ok
pbsprobe/pbs_sweep.sh: line 296: 2144264 Killed                  setsid bash -c "echo \$\$ > '${WORLD_CG_RUN:-$WORLD_CG}/cgroup.procs' && exec '$wlbin' --port $port --resume_file '$resume_f' $params $extra" > "$wlog" 2>&1 < /dev/null
[1632/2239] S115one_journal.perm__tmp_journal dump=0 restore=0 verdict=ok
pbsprobe/pbs_sweep.sh: line 296: 2145436 Killed                  setsid bash -c "echo \$\$ > '${WORLD_CG_RUN:-$WORLD_CG}/cgroup.procs' && exec '$wlbin' --port $port --resume_file '$resume_f' $params $extra" > "$wlog" 2>&1 < /dev/null
[1633/2239] S115one_journal.perm__epg_index dump=0 restore=0 verdict=ok
[1634/2239] S115one_journal.perm__ready dump=1 restore=na verdict=dump_fail
pbsprobe/pbs_sweep.sh: line 257: 2146615 Killed                  setsid bash -c "echo \$\$ > '${WORLD_CG_RUN:-$WORLD_CG}/cgroup.procs' && exec '$wlbin' --port $port --resume_file '$resume_f' $params $extra" > "$wlog" 2>&1 < /dev/null
[1635/2239] S115one_journal.perm__steady dump=1 restore=na verdict=dump_fail
pbsprobe/pbs_sweep.sh: line 257: 2147822 Killed                  setsid bash -c "echo \$\$ > '${WORLD_CG_RUN:-$WORLD_CG}/cgroup.procs' && exec '$wlbin' --port $port --resume_file '$resume_f' $params $extra" > "$wlog" 2>&1 < /dev/null
pbsprobe/pbs_sweep.sh: line 296: 2149088 Killed                  setsid bash -c "echo \$\$ > '${WORLD_CG_RUN:-$WORLD_CG}/cgroup.procs' && exec '$wlbin' --port $port --resume_file '$resume_f' $params $extra" > "$wlog" 2>&1 < /dev/null
[1636/2239] S116one_render.stri__init dump=0 restore=0 verdict=ok
pbsprobe/pbs_sweep.sh: line 296: 2150276 Killed                  setsid bash -c "echo \$\$ > '${WORLD_CG_RUN:-$WORLD_CG}/cgroup.procs' && exec '$wlbin' --port $port --resume_file '$resume_f' $params $extra" > "$wlog" 2>&1 < /dev/null
[1637/2239] S116one_render.stri__db_open dump=0 restore=0 verdict=ok
[1638/2239] S116one_render.stri__render_conn dump=1 restore=na verdict=dump_fail
pbsprobe/pbs_sweep.sh: line 257: 2151448 Killed                  setsid bash -c "echo \$\$ > '${WORLD_CG_RUN:-$WORLD_CG}/cgroup.procs' && exec '$wlbin' --port $port --resume_file '$resume_f' $params $extra" > "$wlog" 2>&1 < /dev/null
pbsprobe/pbs_sweep.sh: line 296: 2152475 Killed                  setsid bash -c "echo \$\$ > '${WORLD_CG_RUN:-$WORLD_CG}/cgroup.procs' && exec '$wlbin' --port $port --resume_file '$resume_f' $params $extra" > "$wlog" 2>&1 < /dev/null
[1639/2239] S116one_render.stri__epg_index dump=0 restore=0 verdict=ok
[1640/2239] S116one_render.stri__ready dump=1 restore=na verdict=dump_fail
pbsprobe/pbs_sweep.sh: line 257: 2153647 Killed                  setsid bash -c "echo \$\$ > '${WORLD_CG_RUN:-$WORLD_CG}/cgroup.procs' && exec '$wlbin' --port $port --resume_file '$resume_f' $params $extra" > "$wlog" 2>&1 < /dev/null
[1641/2239] S116one_render.stri__steady dump=1 restore=na verdict=dump_fail
pbsprobe/pbs_sweep.sh: line 257: 2154853 Killed                  setsid bash -c "echo \$\$ > '${WORLD_CG_RUN:-$WORLD_CG}/cgroup.procs' && exec '$wlbin' --port $port --resume_file '$resume_f' $params $extra" > "$wlog" 2>&1 < /dev/null
pbsprobe/pbs_sweep.sh: line 296: 2156119 Killed                  setsid bash -c "echo \$\$ > '${WORLD_CG_RUN:-$WORLD_CG}/cgroup.procs' && exec '$wlbin' --port $port --resume_file '$resume_f' $params $extra" > "$wlog" 2>&1 < /dev/null
[1642/2239] S117one_render.ext___init dump=0 restore=0 verdict=ok
pbsprobe/pbs_sweep.sh: line 296: 2157307 Killed                  setsid bash -c "echo \$\$ > '${WORLD_CG_RUN:-$WORLD_CG}/cgroup.procs' && exec '$wlbin' --port $port --resume_file '$resume_f' $params $extra" > "$wlog" 2>&1 < /dev/null
[1643/2239] S117one_render.ext___db_open dump=0 restore=0 verdict=ok
[1644/2239] S117one_render.ext___render_conn dump=1 restore=na verdict=dump_fail
pbsprobe/pbs_sweep.sh: line 257: 2158487 Killed                  setsid bash -c "echo \$\$ > '${WORLD_CG_RUN:-$WORLD_CG}/cgroup.procs' && exec '$wlbin' --port $port --resume_file '$resume_f' $params $extra" > "$wlog" 2>&1 < /dev/null
pbsprobe/pbs_sweep.sh: line 296: 2159518 Killed                  setsid bash -c "echo \$\$ > '${WORLD_CG_RUN:-$WORLD_CG}/cgroup.procs' && exec '$wlbin' --port $port --resume_file '$resume_f' $params $extra" > "$wlog" 2>&1 < /dev/null
[1645/2239] S117one_render.ext___epg_index dump=0 restore=0 verdict=ok
[1646/2239] S117one_render.ext___ready dump=1 restore=na verdict=dump_fail
pbsprobe/pbs_sweep.sh: line 257: 2160698 Killed                  setsid bash -c "echo \$\$ > '${WORLD_CG_RUN:-$WORLD_CG}/cgroup.procs' && exec '$wlbin' --port $port --resume_file '$resume_f' $params $extra" > "$wlog" 2>&1 < /dev/null
[1647/2239] S117one_render.ext___steady dump=1 restore=na verdict=dump_fail
pbsprobe/pbs_sweep.sh: line 257: 2161904 Killed                  setsid bash -c "echo \$\$ > '${WORLD_CG_RUN:-$WORLD_CG}/cgroup.procs' && exec '$wlbin' --port $port --resume_file '$resume_f' $params $extra" > "$wlog" 2>&1 < /dev/null
pbsprobe/pbs_sweep.sh: line 296: 2163170 Killed                  setsid bash -c "echo \$\$ > '${WORLD_CG_RUN:-$WORLD_CG}/cgroup.procs' && exec '$wlbin' --port $port --resume_file '$resume_f' $params $extra" > "$wlog" 2>&1 < /dev/null
[1648/2239] S118one_render.tcp___init dump=0 restore=0 verdict=ok
pbsprobe/pbs_sweep.sh: line 296: 2164362 Killed                  setsid bash -c "echo \$\$ > '${WORLD_CG_RUN:-$WORLD_CG}/cgroup.procs' && exec '$wlbin' --port $port --resume_file '$resume_f' $params $extra" > "$wlog" 2>&1 < /dev/null
[1649/2239] S118one_render.tcp___db_open dump=0 restore=0 verdict=ok
[1650/2239] S118one_render.tcp___render_conn dump=1 restore=na verdict=dump_fail
pbsprobe/pbs_sweep.sh: line 257: 2165542 Killed                  setsid bash -c "echo \$\$ > '${WORLD_CG_RUN:-$WORLD_CG}/cgroup.procs' && exec '$wlbin' --port $port --resume_file '$resume_f' $params $extra" > "$wlog" 2>&1 < /dev/null
pbsprobe/pbs_sweep.sh: line 296: 2166569 Killed                  setsid bash -c "echo \$\$ > '${WORLD_CG_RUN:-$WORLD_CG}/cgroup.procs' && exec '$wlbin' --port $port --resume_file '$resume_f' $params $extra" > "$wlog" 2>&1 < /dev/null
[1651/2239] S118one_render.tcp___epg_index dump=0 restore=0 verdict=ok
[1652/2239] S118one_render.tcp___ready dump=1 restore=na verdict=dump_fail
pbsprobe/pbs_sweep.sh: line 257: 2167741 Killed                  setsid bash -c "echo \$\$ > '${WORLD_CG_RUN:-$WORLD_CG}/cgroup.procs' && exec '$wlbin' --port $port --resume_file '$resume_f' $params $extra" > "$wlog" 2>&1 < /dev/null
[1653/2239] S118one_render.tcp___steady dump=1 restore=na verdict=dump_fail
pbsprobe/pbs_sweep.sh: line 257: 2168947 Killed                  setsid bash -c "echo \$\$ > '${WORLD_CG_RUN:-$WORLD_CG}/cgroup.procs' && exec '$wlbin' --port $port --resume_file '$resume_f' $params $extra" > "$wlog" 2>&1 < /dev/null
pbsprobe/pbs_sweep.sh: line 296: 2170221 Killed                  setsid bash -c "echo \$\$ > '${WORLD_CG_RUN:-$WORLD_CG}/cgroup.procs' && exec '$wlbin' --port $port --resume_file '$resume_f' $params $extra" > "$wlog" 2>&1 < /dev/null
[1654/2239] S119one_render.file__init dump=0 restore=0 verdict=ok
pbsprobe/pbs_sweep.sh: line 296: 2171413 Killed                  setsid bash -c "echo \$\$ > '${WORLD_CG_RUN:-$WORLD_CG}/cgroup.procs' && exec '$wlbin' --port $port --resume_file '$resume_f' $params $extra" > "$wlog" 2>&1 < /dev/null
[1655/2239] S119one_render.file__db_open dump=0 restore=0 verdict=ok
[1656/2239] S119one_render.file__render_conn dump=1 restore=na verdict=dump_fail
pbsprobe/pbs_sweep.sh: line 257: 2172589 Killed                  setsid bash -c "echo \$\$ > '${WORLD_CG_RUN:-$WORLD_CG}/cgroup.procs' && exec '$wlbin' --port $port --resume_file '$resume_f' $params $extra" > "$wlog" 2>&1 < /dev/null
pbsprobe/pbs_sweep.sh: line 296: 2173612 Killed                  setsid bash -c "echo \$\$ > '${WORLD_CG_RUN:-$WORLD_CG}/cgroup.procs' && exec '$wlbin' --port $port --resume_file '$resume_f' $params $extra" > "$wlog" 2>&1 < /dev/null
[1657/2239] S119one_render.file__epg_index dump=0 restore=0 verdict=ok
[1658/2239] S119one_render.file__ready dump=1 restore=na verdict=dump_fail
pbsprobe/pbs_sweep.sh: line 257: 2174787 Killed                  setsid bash -c "echo \$\$ > '${WORLD_CG_RUN:-$WORLD_CG}/cgroup.procs' && exec '$wlbin' --port $port --resume_file '$resume_f' $params $extra" > "$wlog" 2>&1 < /dev/null
[1659/2239] S119one_render.file__steady dump=1 restore=na verdict=dump_fail
pbsprobe/pbs_sweep.sh: line 257: 2175986 Killed                  setsid bash -c "echo \$\$ > '${WORLD_CG_RUN:-$WORLD_CG}/cgroup.procs' && exec '$wlbin' --port $port --resume_file '$resume_f' $params $extra" > "$wlog" 2>&1 < /dev/null
pbsprobe/pbs_sweep.sh: line 296: 2177244 Killed                  setsid bash -c "echo \$\$ > '${WORLD_CG_RUN:-$WORLD_CG}/cgroup.procs' && exec '$wlbin' --port $port --resume_file '$resume_f' $params $extra" > "$wlog" 2>&1 < /dev/null
[1660/2239] S120one_render.perm__init dump=0 restore=0 verdict=ok
pbsprobe/pbs_sweep.sh: line 296: 2178436 Killed                  setsid bash -c "echo \$\$ > '${WORLD_CG_RUN:-$WORLD_CG}/cgroup.procs' && exec '$wlbin' --port $port --resume_file '$resume_f' $params $extra" > "$wlog" 2>&1 < /dev/null
[1661/2239] S120one_render.perm__db_open dump=0 restore=0 verdict=ok
[1662/2239] S120one_render.perm__render_conn dump=1 restore=na verdict=dump_fail
pbsprobe/pbs_sweep.sh: line 257: 2179616 Killed                  setsid bash -c "echo \$\$ > '${WORLD_CG_RUN:-$WORLD_CG}/cgroup.procs' && exec '$wlbin' --port $port --resume_file '$resume_f' $params $extra" > "$wlog" 2>&1 < /dev/null
pbsprobe/pbs_sweep.sh: line 296: 2180643 Killed                  setsid bash -c "echo \$\$ > '${WORLD_CG_RUN:-$WORLD_CG}/cgroup.procs' && exec '$wlbin' --port $port --resume_file '$resume_f' $params $extra" > "$wlog" 2>&1 < /dev/null
[1663/2239] S120one_render.perm__epg_index dump=0 restore=0 verdict=ok
[1664/2239] S120one_render.perm__ready dump=1 restore=na verdict=dump_fail
pbsprobe/pbs_sweep.sh: line 257: 2181822 Killed                  setsid bash -c "echo \$\$ > '${WORLD_CG_RUN:-$WORLD_CG}/cgroup.procs' && exec '$wlbin' --port $port --resume_file '$resume_f' $params $extra" > "$wlog" 2>&1 < /dev/null
[1665/2239] S120one_render.perm__steady dump=1 restore=na verdict=dump_fail
pbsprobe/pbs_sweep.sh: line 257: 2183029 Killed                  setsid bash -c "echo \$\$ > '${WORLD_CG_RUN:-$WORLD_CG}/cgroup.procs' && exec '$wlbin' --port $port --resume_file '$resume_f' $params $extra" > "$wlog" 2>&1 < /dev/null
pbsprobe/pbs_sweep.sh: line 296: 2184287 Killed                  setsid bash -c "echo \$\$ > '${WORLD_CG_RUN:-$WORLD_CG}/cgroup.procs' && exec '$wlbin' --port $port --resume_file '$resume_f' $params $extra" > "$wlog" 2>&1 < /dev/null
[1666/2239] S121one_epoll.stri__init dump=0 restore=0 verdict=ok
pbsprobe/pbs_sweep.sh: line 296: 2185531 Killed                  setsid bash -c "echo \$\$ > '${WORLD_CG_RUN:-$WORLD_CG}/cgroup.procs' && exec '$wlbin' --port $port --resume_file '$resume_f' $params $extra" > "$wlog" 2>&1 < /dev/null
[1667/2239] S121one_epoll.stri__db_open dump=0 restore=0 verdict=ok
pbsprobe/pbs_sweep.sh: line 296: 2186770 Killed                  setsid bash -c "echo \$\$ > '${WORLD_CG_RUN:-$WORLD_CG}/cgroup.procs' && exec '$wlbin' --port $port --resume_file '$resume_f' $params $extra" > "$wlog" 2>&1 < /dev/null
[1668/2239] S121one_epoll.stri__epoll_open dump=0 restore=0 verdict=ok
pbsprobe/pbs_sweep.sh: line 296: 2188005 Killed                  setsid bash -c "echo \$\$ > '${WORLD_CG_RUN:-$WORLD_CG}/cgroup.procs' && exec '$wlbin' --port $port --resume_file '$resume_f' $params $extra" > "$wlog" 2>&1 < /dev/null
[1669/2239] S121one_epoll.stri__epg_index dump=0 restore=0 verdict=ok
[1670/2239] S121one_epoll.stri__ready dump=1 restore=na verdict=dump_fail
pbsprobe/pbs_sweep.sh: line 257: 2189237 Killed                  setsid bash -c "echo \$\$ > '${WORLD_CG_RUN:-$WORLD_CG}/cgroup.procs' && exec '$wlbin' --port $port --resume_file '$resume_f' $params $extra" > "$wlog" 2>&1 < /dev/null
[1671/2239] S121one_epoll.stri__steady dump=1 restore=na verdict=dump_fail
pbsprobe/pbs_sweep.sh: line 257: 2190495 Killed                  setsid bash -c "echo \$\$ > '${WORLD_CG_RUN:-$WORLD_CG}/cgroup.procs' && exec '$wlbin' --port $port --resume_file '$resume_f' $params $extra" > "$wlog" 2>&1 < /dev/null
pbsprobe/pbs_sweep.sh: line 296: 2191817 Killed                  setsid bash -c "echo \$\$ > '${WORLD_CG_RUN:-$WORLD_CG}/cgroup.procs' && exec '$wlbin' --port $port --resume_file '$resume_f' $params $extra" > "$wlog" 2>&1 < /dev/null
[1672/2239] S122one_epoll.ext___init dump=0 restore=0 verdict=ok
pbsprobe/pbs_sweep.sh: line 296: 2193060 Killed                  setsid bash -c "echo \$\$ > '${WORLD_CG_RUN:-$WORLD_CG}/cgroup.procs' && exec '$wlbin' --port $port --resume_file '$resume_f' $params $extra" > "$wlog" 2>&1 < /dev/null
[1673/2239] S122one_epoll.ext___db_open dump=0 restore=0 verdict=ok
pbsprobe/pbs_sweep.sh: line 296: 2194292 Killed                  setsid bash -c "echo \$\$ > '${WORLD_CG_RUN:-$WORLD_CG}/cgroup.procs' && exec '$wlbin' --port $port --resume_file '$resume_f' $params $extra" > "$wlog" 2>&1 < /dev/null
[1674/2239] S122one_epoll.ext___epoll_open dump=0 restore=0 verdict=ok
pbsprobe/pbs_sweep.sh: line 296: 2195531 Killed                  setsid bash -c "echo \$\$ > '${WORLD_CG_RUN:-$WORLD_CG}/cgroup.procs' && exec '$wlbin' --port $port --resume_file '$resume_f' $params $extra" > "$wlog" 2>&1 < /dev/null
[1675/2239] S122one_epoll.ext___epg_index dump=0 restore=0 verdict=ok
[1676/2239] S122one_epoll.ext___ready dump=1 restore=na verdict=dump_fail
pbsprobe/pbs_sweep.sh: line 257: 2196766 Killed                  setsid bash -c "echo \$\$ > '${WORLD_CG_RUN:-$WORLD_CG}/cgroup.procs' && exec '$wlbin' --port $port --resume_file '$resume_f' $params $extra" > "$wlog" 2>&1 < /dev/null
[1677/2239] S122one_epoll.ext___steady dump=1 restore=na verdict=dump_fail
pbsprobe/pbs_sweep.sh: line 257: 2198029 Killed                  setsid bash -c "echo \$\$ > '${WORLD_CG_RUN:-$WORLD_CG}/cgroup.procs' && exec '$wlbin' --port $port --resume_file '$resume_f' $params $extra" > "$wlog" 2>&1 < /dev/null
pbsprobe/pbs_sweep.sh: line 296: 2199358 Killed                  setsid bash -c "echo \$\$ > '${WORLD_CG_RUN:-$WORLD_CG}/cgroup.procs' && exec '$wlbin' --port $port --resume_file '$resume_f' $params $extra" > "$wlog" 2>&1 < /dev/null
[1678/2239] S123one_epoll.tcp___init dump=0 restore=0 verdict=ok
pbsprobe/pbs_sweep.sh: line 296: 2200602 Killed                  setsid bash -c "echo \$\$ > '${WORLD_CG_RUN:-$WORLD_CG}/cgroup.procs' && exec '$wlbin' --port $port --resume_file '$resume_f' $params $extra" > "$wlog" 2>&1 < /dev/null
[1679/2239] S123one_epoll.tcp___db_open dump=0 restore=0 verdict=ok
pbsprobe/pbs_sweep.sh: line 296: 2201837 Killed                  setsid bash -c "echo \$\$ > '${WORLD_CG_RUN:-$WORLD_CG}/cgroup.procs' && exec '$wlbin' --port $port --resume_file '$resume_f' $params $extra" > "$wlog" 2>&1 < /dev/null
[1680/2239] S123one_epoll.tcp___epoll_open dump=0 restore=0 verdict=ok
pbsprobe/pbs_sweep.sh: line 296: 2203065 Killed                  setsid bash -c "echo \$\$ > '${WORLD_CG_RUN:-$WORLD_CG}/cgroup.procs' && exec '$wlbin' --port $port --resume_file '$resume_f' $params $extra" > "$wlog" 2>&1 < /dev/null
[1681/2239] S123one_epoll.tcp___epg_index dump=0 restore=0 verdict=ok
[1682/2239] S123one_epoll.tcp___ready dump=1 restore=na verdict=dump_fail
pbsprobe/pbs_sweep.sh: line 257: 2204300 Killed                  setsid bash -c "echo \$\$ > '${WORLD_CG_RUN:-$WORLD_CG}/cgroup.procs' && exec '$wlbin' --port $port --resume_file '$resume_f' $params $extra" > "$wlog" 2>&1 < /dev/null
[1683/2239] S123one_epoll.tcp___steady dump=1 restore=na verdict=dump_fail
pbsprobe/pbs_sweep.sh: line 257: 2205558 Killed                  setsid bash -c "echo \$\$ > '${WORLD_CG_RUN:-$WORLD_CG}/cgroup.procs' && exec '$wlbin' --port $port --resume_file '$resume_f' $params $extra" > "$wlog" 2>&1 < /dev/null
pbsprobe/pbs_sweep.sh: line 296: 2206880 Killed                  setsid bash -c "echo \$\$ > '${WORLD_CG_RUN:-$WORLD_CG}/cgroup.procs' && exec '$wlbin' --port $port --resume_file '$resume_f' $params $extra" > "$wlog" 2>&1 < /dev/null
[1684/2239] S124one_epoll.file__init dump=0 restore=0 verdict=ok
pbsprobe/pbs_sweep.sh: line 296: 2208123 Killed                  setsid bash -c "echo \$\$ > '${WORLD_CG_RUN:-$WORLD_CG}/cgroup.procs' && exec '$wlbin' --port $port --resume_file '$resume_f' $params $extra" > "$wlog" 2>&1 < /dev/null
[1685/2239] S124one_epoll.file__db_open dump=0 restore=0 verdict=ok
pbsprobe/pbs_sweep.sh: line 296: 2209359 Killed                  setsid bash -c "echo \$\$ > '${WORLD_CG_RUN:-$WORLD_CG}/cgroup.procs' && exec '$wlbin' --port $port --resume_file '$resume_f' $params $extra" > "$wlog" 2>&1 < /dev/null
[1686/2239] S124one_epoll.file__epoll_open dump=0 restore=0 verdict=ok
pbsprobe/pbs_sweep.sh: line 296: 2210594 Killed                  setsid bash -c "echo \$\$ > '${WORLD_CG_RUN:-$WORLD_CG}/cgroup.procs' && exec '$wlbin' --port $port --resume_file '$resume_f' $params $extra" > "$wlog" 2>&1 < /dev/null
[1687/2239] S124one_epoll.file__epg_index dump=0 restore=0 verdict=ok
[1688/2239] S124one_epoll.file__ready dump=1 restore=na verdict=dump_fail
pbsprobe/pbs_sweep.sh: line 257: 2211829 Killed                  setsid bash -c "echo \$\$ > '${WORLD_CG_RUN:-$WORLD_CG}/cgroup.procs' && exec '$wlbin' --port $port --resume_file '$resume_f' $params $extra" > "$wlog" 2>&1 < /dev/null
[1689/2239] S124one_epoll.file__steady dump=1 restore=na verdict=dump_fail
pbsprobe/pbs_sweep.sh: line 257: 2213080 Killed                  setsid bash -c "echo \$\$ > '${WORLD_CG_RUN:-$WORLD_CG}/cgroup.procs' && exec '$wlbin' --port $port --resume_file '$resume_f' $params $extra" > "$wlog" 2>&1 < /dev/null
pbsprobe/pbs_sweep.sh: line 296: 2214401 Killed                  setsid bash -c "echo \$\$ > '${WORLD_CG_RUN:-$WORLD_CG}/cgroup.procs' && exec '$wlbin' --port $port --resume_file '$resume_f' $params $extra" > "$wlog" 2>&1 < /dev/null
[1690/2239] S125one_epoll.perm__init dump=0 restore=0 verdict=ok
pbsprobe/pbs_sweep.sh: line 296: 2215645 Killed                  setsid bash -c "echo \$\$ > '${WORLD_CG_RUN:-$WORLD_CG}/cgroup.procs' && exec '$wlbin' --port $port --resume_file '$resume_f' $params $extra" > "$wlog" 2>&1 < /dev/null
[1691/2239] S125one_epoll.perm__db_open dump=0 restore=0 verdict=ok
pbsprobe/pbs_sweep.sh: line 296: 2216876 Killed                  setsid bash -c "echo \$\$ > '${WORLD_CG_RUN:-$WORLD_CG}/cgroup.procs' && exec '$wlbin' --port $port --resume_file '$resume_f' $params $extra" > "$wlog" 2>&1 < /dev/null
[1692/2239] S125one_epoll.perm__epoll_open dump=0 restore=0 verdict=ok
pbsprobe/pbs_sweep.sh: line 296: 2218108 Killed                  setsid bash -c "echo \$\$ > '${WORLD_CG_RUN:-$WORLD_CG}/cgroup.procs' && exec '$wlbin' --port $port --resume_file '$resume_f' $params $extra" > "$wlog" 2>&1 < /dev/null
[1693/2239] S125one_epoll.perm__epg_index dump=0 restore=0 verdict=ok
[1694/2239] S125one_epoll.perm__ready dump=1 restore=na verdict=dump_fail
pbsprobe/pbs_sweep.sh: line 257: 2219339 Killed                  setsid bash -c "echo \$\$ > '${WORLD_CG_RUN:-$WORLD_CG}/cgroup.procs' && exec '$wlbin' --port $port --resume_file '$resume_f' $params $extra" > "$wlog" 2>&1 < /dev/null
[1695/2239] S125one_epoll.perm__steady dump=1 restore=na verdict=dump_fail
pbsprobe/pbs_sweep.sh: line 257: 2220601 Killed                  setsid bash -c "echo \$\$ > '${WORLD_CG_RUN:-$WORLD_CG}/cgroup.procs' && exec '$wlbin' --port $port --resume_file '$resume_f' $params $extra" > "$wlog" 2>&1 < /dev/null
pbsprobe/pbs_sweep.sh: line 296: 2221915 Killed                  setsid bash -c "echo \$\$ > '${WORLD_CG_RUN:-$WORLD_CG}/cgroup.procs' && exec '$wlbin' --port $port --resume_file '$resume_f' $params $extra" > "$wlog" 2>&1 < /dev/null
[1696/2239] S126one_listen.stri__init dump=0 restore=0 verdict=ok
pbsprobe/pbs_sweep.sh: line 296: 2223103 Killed                  setsid bash -c "echo \$\$ > '${WORLD_CG_RUN:-$WORLD_CG}/cgroup.procs' && exec '$wlbin' --port $port --resume_file '$resume_f' $params $extra" > "$wlog" 2>&1 < /dev/null
[1697/2239] S126one_listen.stri__db_open dump=0 restore=0 verdict=ok
pbsprobe/pbs_sweep.sh: line 296: 2224271 Killed                  setsid bash -c "echo \$\$ > '${WORLD_CG_RUN:-$WORLD_CG}/cgroup.procs' && exec '$wlbin' --port $port --resume_file '$resume_f' $params $extra" > "$wlog" 2>&1 < /dev/null
[1698/2239] S126one_listen.stri__svc_listen dump=0 restore=0 verdict=ok
pbsprobe/pbs_sweep.sh: line 296: 2225447 Killed                  setsid bash -c "echo \$\$ > '${WORLD_CG_RUN:-$WORLD_CG}/cgroup.procs' && exec '$wlbin' --port $port --resume_file '$resume_f' $params $extra" > "$wlog" 2>&1 < /dev/null
[1699/2239] S126one_listen.stri__epg_index dump=0 restore=0 verdict=ok
[1700/2239] S126one_listen.stri__ready dump=1 restore=na verdict=dump_fail
pbsprobe/pbs_sweep.sh: line 257: 2226622 Killed                  setsid bash -c "echo \$\$ > '${WORLD_CG_RUN:-$WORLD_CG}/cgroup.procs' && exec '$wlbin' --port $port --resume_file '$resume_f' $params $extra" > "$wlog" 2>&1 < /dev/null
[1701/2239] S126one_listen.stri__steady dump=1 restore=na verdict=dump_fail
pbsprobe/pbs_sweep.sh: line 257: 2227829 Killed                  setsid bash -c "echo \$\$ > '${WORLD_CG_RUN:-$WORLD_CG}/cgroup.procs' && exec '$wlbin' --port $port --resume_file '$resume_f' $params $extra" > "$wlog" 2>&1 < /dev/null
pbsprobe/pbs_sweep.sh: line 296: 2229091 Killed                  setsid bash -c "echo \$\$ > '${WORLD_CG_RUN:-$WORLD_CG}/cgroup.procs' && exec '$wlbin' --port $port --resume_file '$resume_f' $params $extra" > "$wlog" 2>&1 < /dev/null
[1702/2239] S127one_listen.ext___init dump=0 restore=0 verdict=ok
pbsprobe/pbs_sweep.sh: line 296: 2230271 Killed                  setsid bash -c "echo \$\$ > '${WORLD_CG_RUN:-$WORLD_CG}/cgroup.procs' && exec '$wlbin' --port $port --resume_file '$resume_f' $params $extra" > "$wlog" 2>&1 < /dev/null
[1703/2239] S127one_listen.ext___db_open dump=0 restore=0 verdict=ok
pbsprobe/pbs_sweep.sh: line 296: 2231451 Killed                  setsid bash -c "echo \$\$ > '${WORLD_CG_RUN:-$WORLD_CG}/cgroup.procs' && exec '$wlbin' --port $port --resume_file '$resume_f' $params $extra" > "$wlog" 2>&1 < /dev/null
[1704/2239] S127one_listen.ext___svc_listen dump=0 restore=0 verdict=ok
pbsprobe/pbs_sweep.sh: line 296: 2232635 Killed                  setsid bash -c "echo \$\$ > '${WORLD_CG_RUN:-$WORLD_CG}/cgroup.procs' && exec '$wlbin' --port $port --resume_file '$resume_f' $params $extra" > "$wlog" 2>&1 < /dev/null
[1705/2239] S127one_listen.ext___epg_index dump=0 restore=0 verdict=ok
[1706/2239] S127one_listen.ext___ready dump=1 restore=na verdict=dump_fail
pbsprobe/pbs_sweep.sh: line 257: 2233814 Killed                  setsid bash -c "echo \$\$ > '${WORLD_CG_RUN:-$WORLD_CG}/cgroup.procs' && exec '$wlbin' --port $port --resume_file '$resume_f' $params $extra" > "$wlog" 2>&1 < /dev/null
[1707/2239] S127one_listen.ext___steady dump=1 restore=na verdict=dump_fail
pbsprobe/pbs_sweep.sh: line 257: 2235021 Killed                  setsid bash -c "echo \$\$ > '${WORLD_CG_RUN:-$WORLD_CG}/cgroup.procs' && exec '$wlbin' --port $port --resume_file '$resume_f' $params $extra" > "$wlog" 2>&1 < /dev/null
pbsprobe/pbs_sweep.sh: line 296: 2236284 Killed                  setsid bash -c "echo \$\$ > '${WORLD_CG_RUN:-$WORLD_CG}/cgroup.procs' && exec '$wlbin' --port $port --resume_file '$resume_f' $params $extra" > "$wlog" 2>&1 < /dev/null
[1708/2239] S128one_listen.tcp___init dump=0 restore=0 verdict=ok
pbsprobe/pbs_sweep.sh: line 296: 2237468 Killed                  setsid bash -c "echo \$\$ > '${WORLD_CG_RUN:-$WORLD_CG}/cgroup.procs' && exec '$wlbin' --port $port --resume_file '$resume_f' $params $extra" > "$wlog" 2>&1 < /dev/null
[1709/2239] S128one_listen.tcp___db_open dump=0 restore=0 verdict=ok
pbsprobe/pbs_sweep.sh: line 296: 2238640 Killed                  setsid bash -c "echo \$\$ > '${WORLD_CG_RUN:-$WORLD_CG}/cgroup.procs' && exec '$wlbin' --port $port --resume_file '$resume_f' $params $extra" > "$wlog" 2>&1 < /dev/null
[1710/2239] S128one_listen.tcp___svc_listen dump=0 restore=0 verdict=ok
pbsprobe/pbs_sweep.sh: line 296: 2239812 Killed                  setsid bash -c "echo \$\$ > '${WORLD_CG_RUN:-$WORLD_CG}/cgroup.procs' && exec '$wlbin' --port $port --resume_file '$resume_f' $params $extra" > "$wlog" 2>&1 < /dev/null
[1711/2239] S128one_listen.tcp___epg_index dump=0 restore=0 verdict=ok
[1712/2239] S128one_listen.tcp___ready dump=1 restore=na verdict=dump_fail
pbsprobe/pbs_sweep.sh: line 257: 2240983 Killed                  setsid bash -c "echo \$\$ > '${WORLD_CG_RUN:-$WORLD_CG}/cgroup.procs' && exec '$wlbin' --port $port --resume_file '$resume_f' $params $extra" > "$wlog" 2>&1 < /dev/null
[1713/2239] S128one_listen.tcp___steady dump=1 restore=na verdict=dump_fail
pbsprobe/pbs_sweep.sh: line 257: 2242186 Killed                  setsid bash -c "echo \$\$ > '${WORLD_CG_RUN:-$WORLD_CG}/cgroup.procs' && exec '$wlbin' --port $port --resume_file '$resume_f' $params $extra" > "$wlog" 2>&1 < /dev/null
pbsprobe/pbs_sweep.sh: line 296: 2243448 Killed                  setsid bash -c "echo \$\$ > '${WORLD_CG_RUN:-$WORLD_CG}/cgroup.procs' && exec '$wlbin' --port $port --resume_file '$resume_f' $params $extra" > "$wlog" 2>&1 < /dev/null
[1714/2239] S129one_listen.file__init dump=0 restore=0 verdict=ok
pbsprobe/pbs_sweep.sh: line 296: 2244636 Killed                  setsid bash -c "echo \$\$ > '${WORLD_CG_RUN:-$WORLD_CG}/cgroup.procs' && exec '$wlbin' --port $port --resume_file '$resume_f' $params $extra" > "$wlog" 2>&1 < /dev/null
[1715/2239] S129one_listen.file__db_open dump=0 restore=0 verdict=ok
pbsprobe/pbs_sweep.sh: line 296: 2245812 Killed                  setsid bash -c "echo \$\$ > '${WORLD_CG_RUN:-$WORLD_CG}/cgroup.procs' && exec '$wlbin' --port $port --resume_file '$resume_f' $params $extra" > "$wlog" 2>&1 < /dev/null
[1716/2239] S129one_listen.file__svc_listen dump=0 restore=0 verdict=ok
pbsprobe/pbs_sweep.sh: line 296: 2246984 Killed                  setsid bash -c "echo \$\$ > '${WORLD_CG_RUN:-$WORLD_CG}/cgroup.procs' && exec '$wlbin' --port $port --resume_file '$resume_f' $params $extra" > "$wlog" 2>&1 < /dev/null
[1717/2239] S129one_listen.file__epg_index dump=0 restore=0 verdict=ok
[1718/2239] S129one_listen.file__ready dump=1 restore=na verdict=dump_fail
pbsprobe/pbs_sweep.sh: line 257: 2248156 Killed                  setsid bash -c "echo \$\$ > '${WORLD_CG_RUN:-$WORLD_CG}/cgroup.procs' && exec '$wlbin' --port $port --resume_file '$resume_f' $params $extra" > "$wlog" 2>&1 < /dev/null
[1719/2239] S129one_listen.file__steady dump=1 restore=na verdict=dump_fail
pbsprobe/pbs_sweep.sh: line 257: 2249358 Killed                  setsid bash -c "echo \$\$ > '${WORLD_CG_RUN:-$WORLD_CG}/cgroup.procs' && exec '$wlbin' --port $port --resume_file '$resume_f' $params $extra" > "$wlog" 2>&1 < /dev/null
pbsprobe/pbs_sweep.sh: line 296: 2250620 Killed                  setsid bash -c "echo \$\$ > '${WORLD_CG_RUN:-$WORLD_CG}/cgroup.procs' && exec '$wlbin' --port $port --resume_file '$resume_f' $params $extra" > "$wlog" 2>&1 < /dev/null
[1720/2239] S130one_listen.perm__init dump=0 restore=0 verdict=ok
pbsprobe/pbs_sweep.sh: line 296: 2251808 Killed                  setsid bash -c "echo \$\$ > '${WORLD_CG_RUN:-$WORLD_CG}/cgroup.procs' && exec '$wlbin' --port $port --resume_file '$resume_f' $params $extra" > "$wlog" 2>&1 < /dev/null
[1721/2239] S130one_listen.perm__db_open dump=0 restore=0 verdict=ok
pbsprobe/pbs_sweep.sh: line 296: 2252992 Killed                  setsid bash -c "echo \$\$ > '${WORLD_CG_RUN:-$WORLD_CG}/cgroup.procs' && exec '$wlbin' --port $port --resume_file '$resume_f' $params $extra" > "$wlog" 2>&1 < /dev/null
[1722/2239] S130one_listen.perm__svc_listen dump=0 restore=0 verdict=ok
pbsprobe/pbs_sweep.sh: line 296: 2254168 Killed                  setsid bash -c "echo \$\$ > '${WORLD_CG_RUN:-$WORLD_CG}/cgroup.procs' && exec '$wlbin' --port $port --resume_file '$resume_f' $params $extra" > "$wlog" 2>&1 < /dev/null
[1723/2239] S130one_listen.perm__epg_index dump=0 restore=0 verdict=ok
[1724/2239] S130one_listen.perm__ready dump=1 restore=na verdict=dump_fail
pbsprobe/pbs_sweep.sh: line 257: 2255340 Killed                  setsid bash -c "echo \$\$ > '${WORLD_CG_RUN:-$WORLD_CG}/cgroup.procs' && exec '$wlbin' --port $port --resume_file '$resume_f' $params $extra" > "$wlog" 2>&1 < /dev/null
[1725/2239] S130one_listen.perm__steady dump=1 restore=na verdict=dump_fail
pbsprobe/pbs_sweep.sh: line 257: 2256546 Killed                  setsid bash -c "echo \$\$ > '${WORLD_CG_RUN:-$WORLD_CG}/cgroup.procs' && exec '$wlbin' --port $port --resume_file '$resume_f' $params $extra" > "$wlog" 2>&1 < /dev/null
pbsprobe/pbs_sweep.sh: line 296: 2257808 Killed                  setsid bash -c "echo \$\$ > '${WORLD_CG_RUN:-$WORLD_CG}/cgroup.procs' && exec '$wlbin' --port $port --resume_file '$resume_f' $params $extra" > "$wlog" 2>&1 < /dev/null
[1726/2239] S131one_udp.stri__init dump=0 restore=0 verdict=ok
pbsprobe/pbs_sweep.sh: line 296: 2259000 Killed                  setsid bash -c "echo \$\$ > '${WORLD_CG_RUN:-$WORLD_CG}/cgroup.procs' && exec '$wlbin' --port $port --resume_file '$resume_f' $params $extra" > "$wlog" 2>&1 < /dev/null
[1727/2239] S131one_udp.stri__db_open dump=0 restore=0 verdict=ok
pbsprobe/pbs_sweep.sh: line 296: 2260168 Killed                  setsid bash -c "echo \$\$ > '${WORLD_CG_RUN:-$WORLD_CG}/cgroup.procs' && exec '$wlbin' --port $port --resume_file '$resume_f' $params $extra" > "$wlog" 2>&1 < /dev/null
[1728/2239] S131one_udp.stri__udp_open dump=0 restore=0 verdict=ok
pbsprobe/pbs_sweep.sh: line 296: 2261336 Killed                  setsid bash -c "echo \$\$ > '${WORLD_CG_RUN:-$WORLD_CG}/cgroup.procs' && exec '$wlbin' --port $port --resume_file '$resume_f' $params $extra" > "$wlog" 2>&1 < /dev/null
[1729/2239] S131one_udp.stri__epg_index dump=0 restore=0 verdict=ok
[1730/2239] S131one_udp.stri__ready dump=1 restore=na verdict=dump_fail
pbsprobe/pbs_sweep.sh: line 257: 2262512 Killed                  setsid bash -c "echo \$\$ > '${WORLD_CG_RUN:-$WORLD_CG}/cgroup.procs' && exec '$wlbin' --port $port --resume_file '$resume_f' $params $extra" > "$wlog" 2>&1 < /dev/null
[1731/2239] S131one_udp.stri__steady dump=1 restore=na verdict=dump_fail
pbsprobe/pbs_sweep.sh: line 257: 2263718 Killed                  setsid bash -c "echo \$\$ > '${WORLD_CG_RUN:-$WORLD_CG}/cgroup.procs' && exec '$wlbin' --port $port --resume_file '$resume_f' $params $extra" > "$wlog" 2>&1 < /dev/null
pbsprobe/pbs_sweep.sh: line 296: 2264973 Killed                  setsid bash -c "echo \$\$ > '${WORLD_CG_RUN:-$WORLD_CG}/cgroup.procs' && exec '$wlbin' --port $port --resume_file '$resume_f' $params $extra" > "$wlog" 2>&1 < /dev/null
[1732/2239] S132one_udp.ext___init dump=0 restore=0 verdict=ok
pbsprobe/pbs_sweep.sh: line 296: 2266160 Killed                  setsid bash -c "echo \$\$ > '${WORLD_CG_RUN:-$WORLD_CG}/cgroup.procs' && exec '$wlbin' --port $port --resume_file '$resume_f' $params $extra" > "$wlog" 2>&1 < /dev/null
[1733/2239] S132one_udp.ext___db_open dump=0 restore=0 verdict=ok
pbsprobe/pbs_sweep.sh: line 296: 2267344 Killed                  setsid bash -c "echo \$\$ > '${WORLD_CG_RUN:-$WORLD_CG}/cgroup.procs' && exec '$wlbin' --port $port --resume_file '$resume_f' $params $extra" > "$wlog" 2>&1 < /dev/null
[1734/2239] S132one_udp.ext___udp_open dump=0 restore=0 verdict=ok
pbsprobe/pbs_sweep.sh: line 296: 2268520 Killed                  setsid bash -c "echo \$\$ > '${WORLD_CG_RUN:-$WORLD_CG}/cgroup.procs' && exec '$wlbin' --port $port --resume_file '$resume_f' $params $extra" > "$wlog" 2>&1 < /dev/null
[1735/2239] S132one_udp.ext___epg_index dump=0 restore=0 verdict=ok
[1736/2239] S132one_udp.ext___ready dump=1 restore=na verdict=dump_fail
pbsprobe/pbs_sweep.sh: line 257: 2269688 Killed                  setsid bash -c "echo \$\$ > '${WORLD_CG_RUN:-$WORLD_CG}/cgroup.procs' && exec '$wlbin' --port $port --resume_file '$resume_f' $params $extra" > "$wlog" 2>&1 < /dev/null
[1737/2239] S132one_udp.ext___steady dump=1 restore=na verdict=dump_fail
pbsprobe/pbs_sweep.sh: line 257: 2270894 Killed                  setsid bash -c "echo \$\$ > '${WORLD_CG_RUN:-$WORLD_CG}/cgroup.procs' && exec '$wlbin' --port $port --resume_file '$resume_f' $params $extra" > "$wlog" 2>&1 < /dev/null
pbsprobe/pbs_sweep.sh: line 296: 2272161 Killed                  setsid bash -c "echo \$\$ > '${WORLD_CG_RUN:-$WORLD_CG}/cgroup.procs' && exec '$wlbin' --port $port --resume_file '$resume_f' $params $extra" > "$wlog" 2>&1 < /dev/null
[1738/2239] S133one_udp.tcp___init dump=0 restore=0 verdict=ok
pbsprobe/pbs_sweep.sh: line 296: 2273352 Killed                  setsid bash -c "echo \$\$ > '${WORLD_CG_RUN:-$WORLD_CG}/cgroup.procs' && exec '$wlbin' --port $port --resume_file '$resume_f' $params $extra" > "$wlog" 2>&1 < /dev/null
[1739/2239] S133one_udp.tcp___db_open dump=0 restore=0 verdict=ok
pbsprobe/pbs_sweep.sh: line 296: 2274528 Killed                  setsid bash -c "echo \$\$ > '${WORLD_CG_RUN:-$WORLD_CG}/cgroup.procs' && exec '$wlbin' --port $port --resume_file '$resume_f' $params $extra" > "$wlog" 2>&1 < /dev/null
[1740/2239] S133one_udp.tcp___udp_open dump=0 restore=0 verdict=ok
pbsprobe/pbs_sweep.sh: line 296: 2275700 Killed                  setsid bash -c "echo \$\$ > '${WORLD_CG_RUN:-$WORLD_CG}/cgroup.procs' && exec '$wlbin' --port $port --resume_file '$resume_f' $params $extra" > "$wlog" 2>&1 < /dev/null
[1741/2239] S133one_udp.tcp___epg_index dump=0 restore=0 verdict=ok
[1742/2239] S133one_udp.tcp___ready dump=1 restore=na verdict=dump_fail
pbsprobe/pbs_sweep.sh: line 257: 2276876 Killed                  setsid bash -c "echo \$\$ > '${WORLD_CG_RUN:-$WORLD_CG}/cgroup.procs' && exec '$wlbin' --port $port --resume_file '$resume_f' $params $extra" > "$wlog" 2>&1 < /dev/null
[1743/2239] S133one_udp.tcp___steady dump=1 restore=na verdict=dump_fail
pbsprobe/pbs_sweep.sh: line 257: 2278078 Killed                  setsid bash -c "echo \$\$ > '${WORLD_CG_RUN:-$WORLD_CG}/cgroup.procs' && exec '$wlbin' --port $port --resume_file '$resume_f' $params $extra" > "$wlog" 2>&1 < /dev/null
pbsprobe/pbs_sweep.sh: line 296: 2279341 Killed                  setsid bash -c "echo \$\$ > '${WORLD_CG_RUN:-$WORLD_CG}/cgroup.procs' && exec '$wlbin' --port $port --resume_file '$resume_f' $params $extra" > "$wlog" 2>&1 < /dev/null
[1744/2239] S134one_udp.file__init dump=0 restore=0 verdict=ok
pbsprobe/pbs_sweep.sh: line 296: 2280528 Killed                  setsid bash -c "echo \$\$ > '${WORLD_CG_RUN:-$WORLD_CG}/cgroup.procs' && exec '$wlbin' --port $port --resume_file '$resume_f' $params $extra" > "$wlog" 2>&1 < /dev/null
[1745/2239] S134one_udp.file__db_open dump=0 restore=0 verdict=ok
pbsprobe/pbs_sweep.sh: line 296: 2281708 Killed                  setsid bash -c "echo \$\$ > '${WORLD_CG_RUN:-$WORLD_CG}/cgroup.procs' && exec '$wlbin' --port $port --resume_file '$resume_f' $params $extra" > "$wlog" 2>&1 < /dev/null
[1746/2239] S134one_udp.file__udp_open dump=0 restore=0 verdict=ok
pbsprobe/pbs_sweep.sh: line 296: 2282876 Killed                  setsid bash -c "echo \$\$ > '${WORLD_CG_RUN:-$WORLD_CG}/cgroup.procs' && exec '$wlbin' --port $port --resume_file '$resume_f' $params $extra" > "$wlog" 2>&1 < /dev/null
[1747/2239] S134one_udp.file__epg_index dump=0 restore=0 verdict=ok
[1748/2239] S134one_udp.file__ready dump=1 restore=na verdict=dump_fail
pbsprobe/pbs_sweep.sh: line 257: 2284052 Killed                  setsid bash -c "echo \$\$ > '${WORLD_CG_RUN:-$WORLD_CG}/cgroup.procs' && exec '$wlbin' --port $port --resume_file '$resume_f' $params $extra" > "$wlog" 2>&1 < /dev/null
[1749/2239] S134one_udp.file__steady dump=1 restore=na verdict=dump_fail
pbsprobe/pbs_sweep.sh: line 257: 2285262 Killed                  setsid bash -c "echo \$\$ > '${WORLD_CG_RUN:-$WORLD_CG}/cgroup.procs' && exec '$wlbin' --port $port --resume_file '$resume_f' $params $extra" > "$wlog" 2>&1 < /dev/null
pbsprobe/pbs_sweep.sh: line 296: 2286533 Killed                  setsid bash -c "echo \$\$ > '${WORLD_CG_RUN:-$WORLD_CG}/cgroup.procs' && exec '$wlbin' --port $port --resume_file '$resume_f' $params $extra" > "$wlog" 2>&1 < /dev/null
[1750/2239] S135one_udp.perm__init dump=0 restore=0 verdict=ok
pbsprobe/pbs_sweep.sh: line 296: 2287720 Killed                  setsid bash -c "echo \$\$ > '${WORLD_CG_RUN:-$WORLD_CG}/cgroup.procs' && exec '$wlbin' --port $port --resume_file '$resume_f' $params $extra" > "$wlog" 2>&1 < /dev/null
[1751/2239] S135one_udp.perm__db_open dump=0 restore=0 verdict=ok
pbsprobe/pbs_sweep.sh: line 296: 2288900 Killed                  setsid bash -c "echo \$\$ > '${WORLD_CG_RUN:-$WORLD_CG}/cgroup.procs' && exec '$wlbin' --port $port --resume_file '$resume_f' $params $extra" > "$wlog" 2>&1 < /dev/null
[1752/2239] S135one_udp.perm__udp_open dump=0 restore=0 verdict=ok
pbsprobe/pbs_sweep.sh: line 296: 2290080 Killed                  setsid bash -c "echo \$\$ > '${WORLD_CG_RUN:-$WORLD_CG}/cgroup.procs' && exec '$wlbin' --port $port --resume_file '$resume_f' $params $extra" > "$wlog" 2>&1 < /dev/null
[1753/2239] S135one_udp.perm__epg_index dump=0 restore=0 verdict=ok
[1754/2239] S135one_udp.perm__ready dump=1 restore=na verdict=dump_fail
pbsprobe/pbs_sweep.sh: line 257: 2291252 Killed                  setsid bash -c "echo \$\$ > '${WORLD_CG_RUN:-$WORLD_CG}/cgroup.procs' && exec '$wlbin' --port $port --resume_file '$resume_f' $params $extra" > "$wlog" 2>&1 < /dev/null
[1755/2239] S135one_udp.perm__steady dump=1 restore=na verdict=dump_fail
pbsprobe/pbs_sweep.sh: line 257: 2292454 Killed                  setsid bash -c "echo \$\$ > '${WORLD_CG_RUN:-$WORLD_CG}/cgroup.procs' && exec '$wlbin' --port $port --resume_file '$resume_f' $params $extra" > "$wlog" 2>&1 < /dev/null
pbsprobe/pbs_sweep.sh: line 296: 2293717 Killed                  setsid bash -c "echo \$\$ > '${WORLD_CG_RUN:-$WORLD_CG}/cgroup.procs' && exec '$wlbin' --port $port --resume_file '$resume_f' $params $extra" > "$wlog" 2>&1 < /dev/null
[1756/2239] S136one_netlink.stri__init dump=0 restore=0 verdict=ok
pbsprobe/pbs_sweep.sh: line 296: 2294908 Killed                  setsid bash -c "echo \$\$ > '${WORLD_CG_RUN:-$WORLD_CG}/cgroup.procs' && exec '$wlbin' --port $port --resume_file '$resume_f' $params $extra" > "$wlog" 2>&1 < /dev/null
[1757/2239] S136one_netlink.stri__db_open dump=0 restore=0 verdict=ok
pbsprobe/pbs_sweep.sh: line 296: 2296084 Killed                  setsid bash -c "echo \$\$ > '${WORLD_CG_RUN:-$WORLD_CG}/cgroup.procs' && exec '$wlbin' --port $port --resume_file '$resume_f' $params $extra" > "$wlog" 2>&1 < /dev/null
[1758/2239] S136one_netlink.stri__netlink_open dump=0 restore=0 verdict=ok
pbsprobe/pbs_sweep.sh: line 296: 2297264 Killed                  setsid bash -c "echo \$\$ > '${WORLD_CG_RUN:-$WORLD_CG}/cgroup.procs' && exec '$wlbin' --port $port --resume_file '$resume_f' $params $extra" > "$wlog" 2>&1 < /dev/null
[1759/2239] S136one_netlink.stri__epg_index dump=0 restore=0 verdict=ok
[1760/2239] S136one_netlink.stri__ready dump=1 restore=na verdict=dump_fail
pbsprobe/pbs_sweep.sh: line 257: 2298436 Killed                  setsid bash -c "echo \$\$ > '${WORLD_CG_RUN:-$WORLD_CG}/cgroup.procs' && exec '$wlbin' --port $port --resume_file '$resume_f' $params $extra" > "$wlog" 2>&1 < /dev/null
[1761/2239] S136one_netlink.stri__steady dump=1 restore=na verdict=dump_fail
pbsprobe/pbs_sweep.sh: line 257: 2299642 Killed                  setsid bash -c "echo \$\$ > '${WORLD_CG_RUN:-$WORLD_CG}/cgroup.procs' && exec '$wlbin' --port $port --resume_file '$resume_f' $params $extra" > "$wlog" 2>&1 < /dev/null
pbsprobe/pbs_sweep.sh: line 296: 2300905 Killed                  setsid bash -c "echo \$\$ > '${WORLD_CG_RUN:-$WORLD_CG}/cgroup.procs' && exec '$wlbin' --port $port --resume_file '$resume_f' $params $extra" > "$wlog" 2>&1 < /dev/null
[1762/2239] S137one_netlink.ext___init dump=0 restore=0 verdict=ok
pbsprobe/pbs_sweep.sh: line 296: 2302092 Killed                  setsid bash -c "echo \$\$ > '${WORLD_CG_RUN:-$WORLD_CG}/cgroup.procs' && exec '$wlbin' --port $port --resume_file '$resume_f' $params $extra" > "$wlog" 2>&1 < /dev/null
[1763/2239] S137one_netlink.ext___db_open dump=0 restore=0 verdict=ok
pbsprobe/pbs_sweep.sh: line 296: 2303272 Killed                  setsid bash -c "echo \$\$ > '${WORLD_CG_RUN:-$WORLD_CG}/cgroup.procs' && exec '$wlbin' --port $port --resume_file '$resume_f' $params $extra" > "$wlog" 2>&1 < /dev/null
[1764/2239] S137one_netlink.ext___netlink_open dump=0 restore=0 verdict=ok
pbsprobe/pbs_sweep.sh: line 296: 2304448 Killed                  setsid bash -c "echo \$\$ > '${WORLD_CG_RUN:-$WORLD_CG}/cgroup.procs' && exec '$wlbin' --port $port --resume_file '$resume_f' $params $extra" > "$wlog" 2>&1 < /dev/null
[1765/2239] S137one_netlink.ext___epg_index dump=0 restore=0 verdict=ok
[1766/2239] S137one_netlink.ext___ready dump=1 restore=na verdict=dump_fail
pbsprobe/pbs_sweep.sh: line 257: 2305624 Killed                  setsid bash -c "echo \$\$ > '${WORLD_CG_RUN:-$WORLD_CG}/cgroup.procs' && exec '$wlbin' --port $port --resume_file '$resume_f' $params $extra" > "$wlog" 2>&1 < /dev/null
[1767/2239] S137one_netlink.ext___steady dump=1 restore=na verdict=dump_fail
pbsprobe/pbs_sweep.sh: line 257: 2306834 Killed                  setsid bash -c "echo \$\$ > '${WORLD_CG_RUN:-$WORLD_CG}/cgroup.procs' && exec '$wlbin' --port $port --resume_file '$resume_f' $params $extra" > "$wlog" 2>&1 < /dev/null
pbsprobe/pbs_sweep.sh: line 296: 2308097 Killed                  setsid bash -c "echo \$\$ > '${WORLD_CG_RUN:-$WORLD_CG}/cgroup.procs' && exec '$wlbin' --port $port --resume_file '$resume_f' $params $extra" > "$wlog" 2>&1 < /dev/null
[1768/2239] S138one_netlink.tcp___init dump=0 restore=0 verdict=ok
pbsprobe/pbs_sweep.sh: line 296: 2309288 Killed                  setsid bash -c "echo \$\$ > '${WORLD_CG_RUN:-$WORLD_CG}/cgroup.procs' && exec '$wlbin' --port $port --resume_file '$resume_f' $params $extra" > "$wlog" 2>&1 < /dev/null
[1769/2239] S138one_netlink.tcp___db_open dump=0 restore=0 verdict=ok
pbsprobe/pbs_sweep.sh: line 296: 2310469 Killed                  setsid bash -c "echo \$\$ > '${WORLD_CG_RUN:-$WORLD_CG}/cgroup.procs' && exec '$wlbin' --port $port --resume_file '$resume_f' $params $extra" > "$wlog" 2>&1 < /dev/null
[1770/2239] S138one_netlink.tcp___netlink_open dump=0 restore=0 verdict=ok
pbsprobe/pbs_sweep.sh: line 296: 2311647 Killed                  setsid bash -c "echo \$\$ > '${WORLD_CG_RUN:-$WORLD_CG}/cgroup.procs' && exec '$wlbin' --port $port --resume_file '$resume_f' $params $extra" > "$wlog" 2>&1 < /dev/null
[1771/2239] S138one_netlink.tcp___epg_index dump=0 restore=0 verdict=ok
[1772/2239] S138one_netlink.tcp___ready dump=1 restore=na verdict=dump_fail
pbsprobe/pbs_sweep.sh: line 257: 2312823 Killed                  setsid bash -c "echo \$\$ > '${WORLD_CG_RUN:-$WORLD_CG}/cgroup.procs' && exec '$wlbin' --port $port --resume_file '$resume_f' $params $extra" > "$wlog" 2>&1 < /dev/null
[1773/2239] S138one_netlink.tcp___steady dump=1 restore=na verdict=dump_fail
pbsprobe/pbs_sweep.sh: line 257: 2314029 Killed                  setsid bash -c "echo \$\$ > '${WORLD_CG_RUN:-$WORLD_CG}/cgroup.procs' && exec '$wlbin' --port $port --resume_file '$resume_f' $params $extra" > "$wlog" 2>&1 < /dev/null
pbsprobe/pbs_sweep.sh: line 296: 2315288 Killed                  setsid bash -c "echo \$\$ > '${WORLD_CG_RUN:-$WORLD_CG}/cgroup.procs' && exec '$wlbin' --port $port --resume_file '$resume_f' $params $extra" > "$wlog" 2>&1 < /dev/null
[1774/2239] S139one_netlink.file__init dump=0 restore=0 verdict=ok
pbsprobe/pbs_sweep.sh: line 296: 2316483 Killed                  setsid bash -c "echo \$\$ > '${WORLD_CG_RUN:-$WORLD_CG}/cgroup.procs' && exec '$wlbin' --port $port --resume_file '$resume_f' $params $extra" > "$wlog" 2>&1 < /dev/null
[1775/2239] S139one_netlink.file__db_open dump=0 restore=0 verdict=ok
pbsprobe/pbs_sweep.sh: line 296: 2317651 Killed                  setsid bash -c "echo \$\$ > '${WORLD_CG_RUN:-$WORLD_CG}/cgroup.procs' && exec '$wlbin' --port $port --resume_file '$resume_f' $params $extra" > "$wlog" 2>&1 < /dev/null
[1776/2239] S139one_netlink.file__netlink_open dump=0 restore=0 verdict=ok
pbsprobe/pbs_sweep.sh: line 296: 2318827 Killed                  setsid bash -c "echo \$\$ > '${WORLD_CG_RUN:-$WORLD_CG}/cgroup.procs' && exec '$wlbin' --port $port --resume_file '$resume_f' $params $extra" > "$wlog" 2>&1 < /dev/null
[1777/2239] S139one_netlink.file__epg_index dump=0 restore=0 verdict=ok
[1778/2239] S139one_netlink.file__ready dump=1 restore=na verdict=dump_fail
pbsprobe/pbs_sweep.sh: line 257: 2320003 Killed                  setsid bash -c "echo \$\$ > '${WORLD_CG_RUN:-$WORLD_CG}/cgroup.procs' && exec '$wlbin' --port $port --resume_file '$resume_f' $params $extra" > "$wlog" 2>&1 < /dev/null
[1779/2239] S139one_netlink.file__steady dump=1 restore=na verdict=dump_fail
pbsprobe/pbs_sweep.sh: line 257: 2321217 Killed                  setsid bash -c "echo \$\$ > '${WORLD_CG_RUN:-$WORLD_CG}/cgroup.procs' && exec '$wlbin' --port $port --resume_file '$resume_f' $params $extra" > "$wlog" 2>&1 < /dev/null
pbsprobe/pbs_sweep.sh: line 296: 2322480 Killed                  setsid bash -c "echo \$\$ > '${WORLD_CG_RUN:-$WORLD_CG}/cgroup.procs' && exec '$wlbin' --port $port --resume_file '$resume_f' $params $extra" > "$wlog" 2>&1 < /dev/null
[1780/2239] S140one_netlink.perm__init dump=0 restore=0 verdict=ok
pbsprobe/pbs_sweep.sh: line 296: 2323683 Killed                  setsid bash -c "echo \$\$ > '${WORLD_CG_RUN:-$WORLD_CG}/cgroup.procs' && exec '$wlbin' --port $port --resume_file '$resume_f' $params $extra" > "$wlog" 2>&1 < /dev/null
[1781/2239] S140one_netlink.perm__db_open dump=0 restore=0 verdict=ok
pbsprobe/pbs_sweep.sh: line 296: 2324859 Killed                  setsid bash -c "echo \$\$ > '${WORLD_CG_RUN:-$WORLD_CG}/cgroup.procs' && exec '$wlbin' --port $port --resume_file '$resume_f' $params $extra" > "$wlog" 2>&1 < /dev/null
[1782/2239] S140one_netlink.perm__netlink_open dump=0 restore=0 verdict=ok
pbsprobe/pbs_sweep.sh: line 296: 2326039 Killed                  setsid bash -c "echo \$\$ > '${WORLD_CG_RUN:-$WORLD_CG}/cgroup.procs' && exec '$wlbin' --port $port --resume_file '$resume_f' $params $extra" > "$wlog" 2>&1 < /dev/null
[1783/2239] S140one_netlink.perm__epg_index dump=0 restore=0 verdict=ok
[1784/2239] S140one_netlink.perm__ready dump=1 restore=na verdict=dump_fail
pbsprobe/pbs_sweep.sh: line 257: 2327215 Killed                  setsid bash -c "echo \$\$ > '${WORLD_CG_RUN:-$WORLD_CG}/cgroup.procs' && exec '$wlbin' --port $port --resume_file '$resume_f' $params $extra" > "$wlog" 2>&1 < /dev/null
[1785/2239] S140one_netlink.perm__steady dump=1 restore=na verdict=dump_fail
pbsprobe/pbs_sweep.sh: line 257: 2328425 Killed                  setsid bash -c "echo \$\$ > '${WORLD_CG_RUN:-$WORLD_CG}/cgroup.procs' && exec '$wlbin' --port $port --resume_file '$resume_f' $params $extra" > "$wlog" 2>&1 < /dev/null
[1786/2239] S141rescue__hub_conn1 dump=1 restore=na verdict=dump_fail
pbsprobe/pbs_sweep.sh: line 257: 2329692 Killed                  setsid bash -c "echo \$\$ > '${WORLD_CG_RUN:-$WORLD_CG}/cgroup.procs' && exec '$wlbin' --port $port --resume_file '$resume_f' $params $extra" > "$wlog" 2>&1 < /dev/null
[1787/2239] S141rescue__hub_conn2 dump=1 restore=na verdict=dump_fail
pbsprobe/pbs_sweep.sh: line 257: 2332244 Killed                  setsid bash -c "echo \$\$ > '${WORLD_CG_RUN:-$WORLD_CG}/cgroup.procs' && exec '$wlbin' --port $port --resume_file '$resume_f' $params $extra" > "$wlog" 2>&1 < /dev/null
[1788/2239] S141rescue__hub_conn3 dump=1 restore=na verdict=dump_fail
pbsprobe/pbs_sweep.sh: line 257: 2334812 Killed                  setsid bash -c "echo \$\$ > '${WORLD_CG_RUN:-$WORLD_CG}/cgroup.procs' && exec '$wlbin' --port $port --resume_file '$resume_f' $params $extra" > "$wlog" 2>&1 < /dev/null
[1789/2239] S141rescue__hub_conn4 dump=1 restore=na verdict=dump_fail
pbsprobe/pbs_sweep.sh: line 257: 2337364 Killed                  setsid bash -c "echo \$\$ > '${WORLD_CG_RUN:-$WORLD_CG}/cgroup.procs' && exec '$wlbin' --port $port --resume_file '$resume_f' $params $extra" > "$wlog" 2>&1 < /dev/null
[1790/2239] S141rescue__hub_subscribed dump=1 restore=na verdict=dump_fail
pbsprobe/pbs_sweep.sh: line 257: 2339963 Killed                  setsid bash -c "echo \$\$ > '${WORLD_CG_RUN:-$WORLD_CG}/cgroup.procs' && exec '$wlbin' --port $port --resume_file '$resume_f' $params $extra" > "$wlog" 2>&1 < /dev/null
[1791/2239] S141rescue__render_conn dump=1 restore=na verdict=dump_fail
pbsprobe/pbs_sweep.sh: line 257: 2342558 Killed                  setsid bash -c "echo \$\$ > '${WORLD_CG_RUN:-$WORLD_CG}/cgroup.procs' && exec '$wlbin' --port $port --resume_file '$resume_f' $params $extra" > "$wlog" 2>&1 < /dev/null
[1792/2239] S141rescue__tcp_conn dump=1 restore=na verdict=dump_fail
pbsprobe/pbs_sweep.sh: line 257: 2345156 Killed                  setsid bash -c "echo \$\$ > '${WORLD_CG_RUN:-$WORLD_CG}/cgroup.procs' && exec '$wlbin' --port $port --resume_file '$resume_f' $params $extra" > "$wlog" 2>&1 < /dev/null
[1793/2239] S141rescue__epoll_open dump=1 restore=na verdict=dump_fail
pbsprobe/pbs_sweep.sh: line 257: 2347743 Killed                  setsid bash -c "echo \$\$ > '${WORLD_CG_RUN:-$WORLD_CG}/cgroup.procs' && exec '$wlbin' --port $port --resume_file '$resume_f' $params $extra" > "$wlog" 2>&1 < /dev/null
[1794/2239] S141rescue__svc_listen dump=1 restore=na verdict=dump_fail
pbsprobe/pbs_sweep.sh: line 257: 2350338 Killed                  setsid bash -c "echo \$\$ > '${WORLD_CG_RUN:-$WORLD_CG}/cgroup.procs' && exec '$wlbin' --port $port --resume_file '$resume_f' $params $extra" > "$wlog" 2>&1 < /dev/null
[1795/2239] S141rescue__udp_open dump=1 restore=na verdict=dump_fail
pbsprobe/pbs_sweep.sh: line 257: 2352929 Killed                  setsid bash -c "echo \$\$ > '${WORLD_CG_RUN:-$WORLD_CG}/cgroup.procs' && exec '$wlbin' --port $port --resume_file '$resume_f' $params $extra" > "$wlog" 2>&1 < /dev/null
[1796/2239] S141rescue__netlink_open dump=1 restore=na verdict=dump_fail
pbsprobe/pbs_sweep.sh: line 257: 2355516 Killed                  setsid bash -c "echo \$\$ > '${WORLD_CG_RUN:-$WORLD_CG}/cgroup.procs' && exec '$wlbin' --port $port --resume_file '$resume_f' $params $extra" > "$wlog" 2>&1 < /dev/null
[1797/2239] S141rescue__timer_armed dump=1 restore=na verdict=dump_fail
pbsprobe/pbs_sweep.sh: line 257: 2358115 Killed                  setsid bash -c "echo \$\$ > '${WORLD_CG_RUN:-$WORLD_CG}/cgroup.procs' && exec '$wlbin' --port $port --resume_file '$resume_f' $params $extra" > "$wlog" 2>&1 < /dev/null
[1798/2239] S141rescue__db_watch dump=1 restore=na verdict=dump_fail
pbsprobe/pbs_sweep.sh: line 257: 2360714 Killed                  setsid bash -c "echo \$\$ > '${WORLD_CG_RUN:-$WORLD_CG}/cgroup.procs' && exec '$wlbin' --port $port --resume_file '$resume_f' $params $extra" > "$wlog" 2>&1 < /dev/null
[1799/2239] S141rescue__db_mmap dump=1 restore=na verdict=dump_fail
pbsprobe/pbs_sweep.sh: line 257: 2363316 Killed                  setsid bash -c "echo \$\$ > '${WORLD_CG_RUN:-$WORLD_CG}/cgroup.procs' && exec '$wlbin' --port $port --resume_file '$resume_f' $params $extra" > "$wlog" 2>&1 < /dev/null
[1800/2239] S141rescue__ready dump=1 restore=na verdict=dump_fail
pbsprobe/pbs_sweep.sh: line 257: 2365907 Killed                  setsid bash -c "echo \$\$ > '${WORLD_CG_RUN:-$WORLD_CG}/cgroup.procs' && exec '$wlbin' --port $port --resume_file '$resume_f' $params $extra" > "$wlog" 2>&1 < /dev/null
[1801/2239] S141rescue__steady dump=1 restore=na verdict=dump_fail
pbsprobe/pbs_sweep.sh: line 257: 2368542 Killed                  setsid bash -c "echo \$\$ > '${WORLD_CG_RUN:-$WORLD_CG}/cgroup.procs' && exec '$wlbin' --port $port --resume_file '$resume_f' $params $extra" > "$wlog" 2>&1 < /dev/null
[1802/2239] S142rescue_tcp__hub_conn1 dump=1 restore=na verdict=dump_fail
pbsprobe/pbs_sweep.sh: line 257: 2371240 Killed                  setsid bash -c "echo \$\$ > '${WORLD_CG_RUN:-$WORLD_CG}/cgroup.procs' && exec '$wlbin' --port $port --resume_file '$resume_f' $params $extra" > "$wlog" 2>&1 < /dev/null
[1803/2239] S142rescue_tcp__hub_conn2 dump=1 restore=na verdict=dump_fail
pbsprobe/pbs_sweep.sh: line 257: 2372637 Killed                  setsid bash -c "echo \$\$ > '${WORLD_CG_RUN:-$WORLD_CG}/cgroup.procs' && exec '$wlbin' --port $port --resume_file '$resume_f' $params $extra" > "$wlog" 2>&1 < /dev/null
[1804/2239] S142rescue_tcp__hub_conn3 dump=1 restore=na verdict=dump_fail
pbsprobe/pbs_sweep.sh: line 257: 2374034 Killed                  setsid bash -c "echo \$\$ > '${WORLD_CG_RUN:-$WORLD_CG}/cgroup.procs' && exec '$wlbin' --port $port --resume_file '$resume_f' $params $extra" > "$wlog" 2>&1 < /dev/null
[1805/2239] S142rescue_tcp__hub_conn4 dump=1 restore=na verdict=dump_fail
pbsprobe/pbs_sweep.sh: line 257: 2375432 Killed                  setsid bash -c "echo \$\$ > '${WORLD_CG_RUN:-$WORLD_CG}/cgroup.procs' && exec '$wlbin' --port $port --resume_file '$resume_f' $params $extra" > "$wlog" 2>&1 < /dev/null
[1806/2239] S142rescue_tcp__hub_subscribed dump=1 restore=na verdict=dump_fail
pbsprobe/pbs_sweep.sh: line 257: 2376829 Killed                  setsid bash -c "echo \$\$ > '${WORLD_CG_RUN:-$WORLD_CG}/cgroup.procs' && exec '$wlbin' --port $port --resume_file '$resume_f' $params $extra" > "$wlog" 2>&1 < /dev/null
[1807/2239] S142rescue_tcp__tcp_conn dump=1 restore=na verdict=dump_fail
pbsprobe/pbs_sweep.sh: line 257: 2378222 Killed                  setsid bash -c "echo \$\$ > '${WORLD_CG_RUN:-$WORLD_CG}/cgroup.procs' && exec '$wlbin' --port $port --resume_file '$resume_f' $params $extra" > "$wlog" 2>&1 < /dev/null
[1808/2239] S142rescue_tcp__timer_armed dump=1 restore=na verdict=dump_fail
pbsprobe/pbs_sweep.sh: line 257: 2379616 Killed                  setsid bash -c "echo \$\$ > '${WORLD_CG_RUN:-$WORLD_CG}/cgroup.procs' && exec '$wlbin' --port $port --resume_file '$resume_f' $params $extra" > "$wlog" 2>&1 < /dev/null
[1809/2239] S142rescue_tcp__db_watch dump=1 restore=na verdict=dump_fail
pbsprobe/pbs_sweep.sh: line 257: 2381013 Killed                  setsid bash -c "echo \$\$ > '${WORLD_CG_RUN:-$WORLD_CG}/cgroup.procs' && exec '$wlbin' --port $port --resume_file '$resume_f' $params $extra" > "$wlog" 2>&1 < /dev/null
[1810/2239] S142rescue_tcp__ready dump=1 restore=na verdict=dump_fail
pbsprobe/pbs_sweep.sh: line 257: 2382402 Killed                  setsid bash -c "echo \$\$ > '${WORLD_CG_RUN:-$WORLD_CG}/cgroup.procs' && exec '$wlbin' --port $port --resume_file '$resume_f' $params $extra" > "$wlog" 2>&1 < /dev/null
[1811/2239] S142rescue_tcp__steady dump=1 restore=na verdict=dump_fail
pbsprobe/pbs_sweep.sh: line 257: 2383843 Killed                  setsid bash -c "echo \$\$ > '${WORLD_CG_RUN:-$WORLD_CG}/cgroup.procs' && exec '$wlbin' --port $port --resume_file '$resume_f' $params $extra" > "$wlog" 2>&1 < /dev/null
[1812/2239] S143droplock__tcp_conn dump=1 restore=na verdict=dump_fail
pbsprobe/pbs_sweep.sh: line 257: 2385344 Killed                  setsid bash -c "echo \$\$ > '${WORLD_CG_RUN:-$WORLD_CG}/cgroup.procs' && exec '$wlbin' --port $port --resume_file '$resume_f' $params $extra" > "$wlog" 2>&1 < /dev/null
[1813/2239] S143droplock__timer_armed dump=1 restore=na verdict=dump_fail
pbsprobe/pbs_sweep.sh: line 257: 2386617 Killed                  setsid bash -c "echo \$\$ > '${WORLD_CG_RUN:-$WORLD_CG}/cgroup.procs' && exec '$wlbin' --port $port --resume_file '$resume_f' $params $extra" > "$wlog" 2>&1 < /dev/null
[1814/2239] S143droplock__db_watch dump=1 restore=na verdict=dump_fail
pbsprobe/pbs_sweep.sh: line 257: 2387941 Killed                  setsid bash -c "echo \$\$ > '${WORLD_CG_RUN:-$WORLD_CG}/cgroup.procs' && exec '$wlbin' --port $port --resume_file '$resume_f' $params $extra" > "$wlog" 2>&1 < /dev/null
[1815/2239] S143droplock__ready dump=1 restore=na verdict=dump_fail
pbsprobe/pbs_sweep.sh: line 257: 2389322 Killed                  setsid bash -c "echo \$\$ > '${WORLD_CG_RUN:-$WORLD_CG}/cgroup.procs' && exec '$wlbin' --port $port --resume_file '$resume_f' $params $extra" > "$wlog" 2>&1 < /dev/null
[1816/2239] S143droplock__steady dump=1 restore=na verdict=dump_fail
pbsprobe/pbs_sweep.sh: line 257: 2390771 Killed                  setsid bash -c "echo \$\$ > '${WORLD_CG_RUN:-$WORLD_CG}/cgroup.procs' && exec '$wlbin' --port $port --resume_file '$resume_f' $params $extra" > "$wlog" 2>&1 < /dev/null
pbsprobe/pbs_sweep.sh: line 296: 2392271 Killed                  setsid bash -c "echo \$\$ > '${WORLD_CG_RUN:-$WORLD_CG}/cgroup.procs' && exec '$wlbin' --port $port --resume_file '$resume_f' $params $extra" > "$wlog" 2>&1 < /dev/null
[1817/2239] S144frz15__init dump=0 restore=0 verdict=ok
pbsprobe/pbs_sweep.sh: line 296: 2393450 Killed                  setsid bash -c "echo \$\$ > '${WORLD_CG_RUN:-$WORLD_CG}/cgroup.procs' && exec '$wlbin' --port $port --resume_file '$resume_f' $params $extra" > "$wlog" 2>&1 < /dev/null
[1818/2239] S144frz15__db_open dump=0 restore=0 verdict=ok
pbsprobe/pbs_sweep.sh: line 296: 2394620 Killed                  setsid bash -c "echo \$\$ > '${WORLD_CG_RUN:-$WORLD_CG}/cgroup.procs' && exec '$wlbin' --port $port --resume_file '$resume_f' $params $extra" > "$wlog" 2>&1 < /dev/null
[1819/2239] S144frz15__db_read dump=0 restore=0 verdict=ok
pbsprobe/pbs_sweep.sh: line 296: 2395794 Killed                  setsid bash -c "echo \$\$ > '${WORLD_CG_RUN:-$WORLD_CG}/cgroup.procs' && exec '$wlbin' --port $port --resume_file '$resume_f' $params $extra" > "$wlog" 2>&1 < /dev/null
[1820/2239] S144frz15__db_read_p25 dump=0 restore=0 verdict=ok
pbsprobe/pbs_sweep.sh: line 296: 2396968 Killed                  setsid bash -c "echo \$\$ > '${WORLD_CG_RUN:-$WORLD_CG}/cgroup.procs' && exec '$wlbin' --port $port --resume_file '$resume_f' $params $extra" > "$wlog" 2>&1 < /dev/null
[1821/2239] S144frz15__db_read_p50 dump=0 restore=0 verdict=ok
pbsprobe/pbs_sweep.sh: line 296: 2398123 Killed                  setsid bash -c "echo \$\$ > '${WORLD_CG_RUN:-$WORLD_CG}/cgroup.procs' && exec '$wlbin' --port $port --resume_file '$resume_f' $params $extra" > "$wlog" 2>&1 < /dev/null
[1822/2239] S144frz15__db_read_p75 dump=0 restore=0 verdict=ok
pbsprobe/pbs_sweep.sh: line 296: 2399289 Killed                  setsid bash -c "echo \$\$ > '${WORLD_CG_RUN:-$WORLD_CG}/cgroup.procs' && exec '$wlbin' --port $port --resume_file '$resume_f' $params $extra" > "$wlog" 2>&1 < /dev/null
[1823/2239] S144frz15__db_parse dump=0 restore=0 verdict=ok
pbsprobe/pbs_sweep.sh: line 296: 2400451 Killed                  setsid bash -c "echo \$\$ > '${WORLD_CG_RUN:-$WORLD_CG}/cgroup.procs' && exec '$wlbin' --port $port --resume_file '$resume_f' $params $extra" > "$wlog" 2>&1 < /dev/null
[1824/2239] S144frz15__db_parse_p25 dump=0 restore=0 verdict=ok
pbsprobe/pbs_sweep.sh: line 296: 2401621 Killed                  setsid bash -c "echo \$\$ > '${WORLD_CG_RUN:-$WORLD_CG}/cgroup.procs' && exec '$wlbin' --port $port --resume_file '$resume_f' $params $extra" > "$wlog" 2>&1 < /dev/null
[1825/2239] S144frz15__db_parse_p50 dump=0 restore=0 verdict=ok
pbsprobe/pbs_sweep.sh: line 296: 2402787 Killed                  setsid bash -c "echo \$\$ > '${WORLD_CG_RUN:-$WORLD_CG}/cgroup.procs' && exec '$wlbin' --port $port --resume_file '$resume_f' $params $extra" > "$wlog" 2>&1 < /dev/null
[1826/2239] S144frz15__db_parse_p75 dump=0 restore=0 verdict=ok
pbsprobe/pbs_sweep.sh: line 296: 2403950 Killed                  setsid bash -c "echo \$\$ > '${WORLD_CG_RUN:-$WORLD_CG}/cgroup.procs' && exec '$wlbin' --port $port --resume_file '$resume_f' $params $extra" > "$wlog" 2>&1 < /dev/null
[1827/2239] S144frz15__epg_index dump=0 restore=0 verdict=ok
pbsprobe/pbs_sweep.sh: line 296: 2405108 Killed                  setsid bash -c "echo \$\$ > '${WORLD_CG_RUN:-$WORLD_CG}/cgroup.procs' && exec '$wlbin' --port $port --resume_file '$resume_f' $params $extra" > "$wlog" 2>&1 < /dev/null
[1828/2239] S144frz15__epg_index_p25 dump=0 restore=0 verdict=ok
pbsprobe/pbs_sweep.sh: line 296: 2406270 Killed                  setsid bash -c "echo \$\$ > '${WORLD_CG_RUN:-$WORLD_CG}/cgroup.procs' && exec '$wlbin' --port $port --resume_file '$resume_f' $params $extra" > "$wlog" 2>&1 < /dev/null
[1829/2239] S144frz15__epg_index_p50 dump=0 restore=0 verdict=ok
pbsprobe/pbs_sweep.sh: line 296: 2407436 Killed                  setsid bash -c "echo \$\$ > '${WORLD_CG_RUN:-$WORLD_CG}/cgroup.procs' && exec '$wlbin' --port $port --resume_file '$resume_f' $params $extra" > "$wlog" 2>&1 < /dev/null
[1830/2239] S144frz15__epg_index_p75 dump=0 restore=0 verdict=ok
pbsprobe/pbs_sweep.sh: line 296: 2408603 Killed                  setsid bash -c "echo \$\$ > '${WORLD_CG_RUN:-$WORLD_CG}/cgroup.procs' && exec '$wlbin' --port $port --resume_file '$resume_f' $params $extra" > "$wlog" 2>&1 < /dev/null
[1831/2239] S144frz15__epg_text dump=0 restore=0 verdict=ok
pbsprobe/pbs_sweep.sh: line 296: 2409773 Killed                  setsid bash -c "echo \$\$ > '${WORLD_CG_RUN:-$WORLD_CG}/cgroup.procs' && exec '$wlbin' --port $port --resume_file '$resume_f' $params $extra" > "$wlog" 2>&1 < /dev/null
[1832/2239] S144frz15__epg_reserve dump=0 restore=0 verdict=ok
pbsprobe/pbs_sweep.sh: line 296: 2410943 Killed                  setsid bash -c "echo \$\$ > '${WORLD_CG_RUN:-$WORLD_CG}/cgroup.procs' && exec '$wlbin' --port $port --resume_file '$resume_f' $params $extra" > "$wlog" 2>&1 < /dev/null
[1833/2239] S144frz15__timer_armed dump=0 restore=0 verdict=ok
[1834/2239] S144frz15__db_watch dump=1 restore=na verdict=dump_fail
pbsprobe/pbs_sweep.sh: line 257: 2412113 Killed                  setsid bash -c "echo \$\$ > '${WORLD_CG_RUN:-$WORLD_CG}/cgroup.procs' && exec '$wlbin' --port $port --resume_file '$resume_f' $params $extra" > "$wlog" 2>&1 < /dev/null
[1835/2239] S144frz15__ready dump=1 restore=na verdict=dump_fail
pbsprobe/pbs_sweep.sh: line 257: 2413200 Killed                  setsid bash -c "echo \$\$ > '${WORLD_CG_RUN:-$WORLD_CG}/cgroup.procs' && exec '$wlbin' --port $port --resume_file '$resume_f' $params $extra" > "$wlog" 2>&1 < /dev/null
[1836/2239] S144frz15__steady dump=1 restore=na verdict=dump_fail
pbsprobe/pbs_sweep.sh: line 257: 2414358 Killed                  setsid bash -c "echo \$\$ > '${WORLD_CG_RUN:-$WORLD_CG}/cgroup.procs' && exec '$wlbin' --port $port --resume_file '$resume_f' $params $extra" > "$wlog" 2>&1 < /dev/null
pbsprobe/pbs_sweep.sh: line 296: 2415565 Killed                  setsid bash -c "echo \$\$ > '${WORLD_CG_RUN:-$WORLD_CG}/cgroup.procs' && exec '$wlbin' --port $port --resume_file '$resume_f' $params $extra" > "$wlog" 2>&1 < /dev/null
[1837/2239] S145frz45__init dump=0 restore=0 verdict=ok
pbsprobe/pbs_sweep.sh: line 296: 2416837 Killed                  setsid bash -c "echo \$\$ > '${WORLD_CG_RUN:-$WORLD_CG}/cgroup.procs' && exec '$wlbin' --port $port --resume_file '$resume_f' $params $extra" > "$wlog" 2>&1 < /dev/null
[1838/2239] S145frz45__db_open dump=0 restore=0 verdict=ok
pbsprobe/pbs_sweep.sh: line 296: 2418094 Killed                  setsid bash -c "echo \$\$ > '${WORLD_CG_RUN:-$WORLD_CG}/cgroup.procs' && exec '$wlbin' --port $port --resume_file '$resume_f' $params $extra" > "$wlog" 2>&1 < /dev/null
[1839/2239] S145frz45__db_read dump=0 restore=0 verdict=ok
pbsprobe/pbs_sweep.sh: line 296: 2419354 Killed                  setsid bash -c "echo \$\$ > '${WORLD_CG_RUN:-$WORLD_CG}/cgroup.procs' && exec '$wlbin' --port $port --resume_file '$resume_f' $params $extra" > "$wlog" 2>&1 < /dev/null
[1840/2239] S145frz45__db_read_p25 dump=0 restore=0 verdict=ok
pbsprobe/pbs_sweep.sh: line 296: 2420614 Killed                  setsid bash -c "echo \$\$ > '${WORLD_CG_RUN:-$WORLD_CG}/cgroup.procs' && exec '$wlbin' --port $port --resume_file '$resume_f' $params $extra" > "$wlog" 2>&1 < /dev/null
[1841/2239] S145frz45__db_read_p50 dump=0 restore=0 verdict=ok
pbsprobe/pbs_sweep.sh: line 296: 2421871 Killed                  setsid bash -c "echo \$\$ > '${WORLD_CG_RUN:-$WORLD_CG}/cgroup.procs' && exec '$wlbin' --port $port --resume_file '$resume_f' $params $extra" > "$wlog" 2>&1 < /dev/null
[1842/2239] S145frz45__db_read_p75 dump=0 restore=0 verdict=ok
pbsprobe/pbs_sweep.sh: line 296: 2423131 Killed                  setsid bash -c "echo \$\$ > '${WORLD_CG_RUN:-$WORLD_CG}/cgroup.procs' && exec '$wlbin' --port $port --resume_file '$resume_f' $params $extra" > "$wlog" 2>&1 < /dev/null
[1843/2239] S145frz45__db_parse dump=0 restore=0 verdict=ok
pbsprobe/pbs_sweep.sh: line 296: 2424387 Killed                  setsid bash -c "echo \$\$ > '${WORLD_CG_RUN:-$WORLD_CG}/cgroup.procs' && exec '$wlbin' --port $port --resume_file '$resume_f' $params $extra" > "$wlog" 2>&1 < /dev/null
[1844/2239] S145frz45__db_parse_p25 dump=0 restore=0 verdict=ok
pbsprobe/pbs_sweep.sh: line 296: 2425632 Killed                  setsid bash -c "echo \$\$ > '${WORLD_CG_RUN:-$WORLD_CG}/cgroup.procs' && exec '$wlbin' --port $port --resume_file '$resume_f' $params $extra" > "$wlog" 2>&1 < /dev/null
[1845/2239] S145frz45__db_parse_p50 dump=0 restore=0 verdict=ok
pbsprobe/pbs_sweep.sh: line 296: 2426892 Killed                  setsid bash -c "echo \$\$ > '${WORLD_CG_RUN:-$WORLD_CG}/cgroup.procs' && exec '$wlbin' --port $port --resume_file '$resume_f' $params $extra" > "$wlog" 2>&1 < /dev/null
[1846/2239] S145frz45__db_parse_p75 dump=0 restore=0 verdict=ok
pbsprobe/pbs_sweep.sh: line 296: 2428148 Killed                  setsid bash -c "echo \$\$ > '${WORLD_CG_RUN:-$WORLD_CG}/cgroup.procs' && exec '$wlbin' --port $port --resume_file '$resume_f' $params $extra" > "$wlog" 2>&1 < /dev/null
[1847/2239] S145frz45__epg_index dump=0 restore=0 verdict=ok
pbsprobe/pbs_sweep.sh: line 296: 2429397 Killed                  setsid bash -c "echo \$\$ > '${WORLD_CG_RUN:-$WORLD_CG}/cgroup.procs' && exec '$wlbin' --port $port --resume_file '$resume_f' $params $extra" > "$wlog" 2>&1 < /dev/null
[1848/2239] S145frz45__epg_index_p25 dump=0 restore=0 verdict=ok
pbsprobe/pbs_sweep.sh: line 296: 2430661 Killed                  setsid bash -c "echo \$\$ > '${WORLD_CG_RUN:-$WORLD_CG}/cgroup.procs' && exec '$wlbin' --port $port --resume_file '$resume_f' $params $extra" > "$wlog" 2>&1 < /dev/null
[1849/2239] S145frz45__epg_index_p50 dump=0 restore=0 verdict=ok
pbsprobe/pbs_sweep.sh: line 296: 2431921 Killed                  setsid bash -c "echo \$\$ > '${WORLD_CG_RUN:-$WORLD_CG}/cgroup.procs' && exec '$wlbin' --port $port --resume_file '$resume_f' $params $extra" > "$wlog" 2>&1 < /dev/null
[1850/2239] S145frz45__epg_index_p75 dump=0 restore=0 verdict=ok
pbsprobe/pbs_sweep.sh: line 296: 2433170 Killed                  setsid bash -c "echo \$\$ > '${WORLD_CG_RUN:-$WORLD_CG}/cgroup.procs' && exec '$wlbin' --port $port --resume_file '$resume_f' $params $extra" > "$wlog" 2>&1 < /dev/null
[1851/2239] S145frz45__epg_text dump=0 restore=0 verdict=ok
pbsprobe/pbs_sweep.sh: line 296: 2434430 Killed                  setsid bash -c "echo \$\$ > '${WORLD_CG_RUN:-$WORLD_CG}/cgroup.procs' && exec '$wlbin' --port $port --resume_file '$resume_f' $params $extra" > "$wlog" 2>&1 < /dev/null
[1852/2239] S145frz45__epg_reserve dump=0 restore=0 verdict=ok
pbsprobe/pbs_sweep.sh: line 296: 2435690 Killed                  setsid bash -c "echo \$\$ > '${WORLD_CG_RUN:-$WORLD_CG}/cgroup.procs' && exec '$wlbin' --port $port --resume_file '$resume_f' $params $extra" > "$wlog" 2>&1 < /dev/null
[1853/2239] S145frz45__timer_armed dump=0 restore=0 verdict=ok
[1854/2239] S145frz45__db_watch dump=1 restore=na verdict=dump_fail
pbsprobe/pbs_sweep.sh: line 257: 2436946 Killed                  setsid bash -c "echo \$\$ > '${WORLD_CG_RUN:-$WORLD_CG}/cgroup.procs' && exec '$wlbin' --port $port --resume_file '$resume_f' $params $extra" > "$wlog" 2>&1 < /dev/null
[1855/2239] S145frz45__ready dump=1 restore=na verdict=dump_fail
pbsprobe/pbs_sweep.sh: line 257: 2438029 Killed                  setsid bash -c "echo \$\$ > '${WORLD_CG_RUN:-$WORLD_CG}/cgroup.procs' && exec '$wlbin' --port $port --resume_file '$resume_f' $params $extra" > "$wlog" 2>&1 < /dev/null
[1856/2239] S145frz45__steady dump=1 restore=na verdict=dump_fail
pbsprobe/pbs_sweep.sh: line 257: 2439180 Killed                  setsid bash -c "echo \$\$ > '${WORLD_CG_RUN:-$WORLD_CG}/cgroup.procs' && exec '$wlbin' --port $port --resume_file '$resume_f' $params $extra" > "$wlog" 2>&1 < /dev/null
[1857/2239] S146frz45_rx__hub_conn1 dump=1 restore=na verdict=dump_fail
pbsprobe/pbs_sweep.sh: line 257: 2440394 Killed                  setsid bash -c "echo \$\$ > '${WORLD_CG_RUN:-$WORLD_CG}/cgroup.procs' && exec '$wlbin' --port $port --resume_file '$resume_f' $params $extra" > "$wlog" 2>&1 < /dev/null
[1858/2239] S146frz45_rx__hub_conn2 dump=1 restore=na verdict=dump_fail
pbsprobe/pbs_sweep.sh: line 257: 2442891 Killed                  setsid bash -c "echo \$\$ > '${WORLD_CG_RUN:-$WORLD_CG}/cgroup.procs' && exec '$wlbin' --port $port --resume_file '$resume_f' $params $extra" > "$wlog" 2>&1 < /dev/null
[1859/2239] S146frz45_rx__hub_conn3 dump=1 restore=na verdict=dump_fail
pbsprobe/pbs_sweep.sh: line 257: 2445455 Killed                  setsid bash -c "echo \$\$ > '${WORLD_CG_RUN:-$WORLD_CG}/cgroup.procs' && exec '$wlbin' --port $port --resume_file '$resume_f' $params $extra" > "$wlog" 2>&1 < /dev/null
[1860/2239] S146frz45_rx__hub_conn4 dump=1 restore=na verdict=dump_fail
pbsprobe/pbs_sweep.sh: line 257: 2448019 Killed                  setsid bash -c "echo \$\$ > '${WORLD_CG_RUN:-$WORLD_CG}/cgroup.procs' && exec '$wlbin' --port $port --resume_file '$resume_f' $params $extra" > "$wlog" 2>&1 < /dev/null
[1861/2239] S146frz45_rx__hub_subscribed dump=1 restore=na verdict=dump_fail
pbsprobe/pbs_sweep.sh: line 257: 2450614 Killed                  setsid bash -c "echo \$\$ > '${WORLD_CG_RUN:-$WORLD_CG}/cgroup.procs' && exec '$wlbin' --port $port --resume_file '$resume_f' $params $extra" > "$wlog" 2>&1 < /dev/null
[1862/2239] S146frz45_rx__render_conn dump=1 restore=na verdict=dump_fail
pbsprobe/pbs_sweep.sh: line 257: 2453209 Killed                  setsid bash -c "echo \$\$ > '${WORLD_CG_RUN:-$WORLD_CG}/cgroup.procs' && exec '$wlbin' --port $port --resume_file '$resume_f' $params $extra" > "$wlog" 2>&1 < /dev/null
[1863/2239] S146frz45_rx__tcp_conn dump=1 restore=na verdict=dump_fail
pbsprobe/pbs_sweep.sh: line 257: 2455800 Killed                  setsid bash -c "echo \$\$ > '${WORLD_CG_RUN:-$WORLD_CG}/cgroup.procs' && exec '$wlbin' --port $port --resume_file '$resume_f' $params $extra" > "$wlog" 2>&1 < /dev/null
[1864/2239] S146frz45_rx__epoll_open dump=1 restore=na verdict=dump_fail
pbsprobe/pbs_sweep.sh: line 257: 2458411 Killed                  setsid bash -c "echo \$\$ > '${WORLD_CG_RUN:-$WORLD_CG}/cgroup.procs' && exec '$wlbin' --port $port --resume_file '$resume_f' $params $extra" > "$wlog" 2>&1 < /dev/null
[1865/2239] S146frz45_rx__svc_listen dump=1 restore=na verdict=dump_fail
pbsprobe/pbs_sweep.sh: line 257: 2461009 Killed                  setsid bash -c "echo \$\$ > '${WORLD_CG_RUN:-$WORLD_CG}/cgroup.procs' && exec '$wlbin' --port $port --resume_file '$resume_f' $params $extra" > "$wlog" 2>&1 < /dev/null
[1866/2239] S146frz45_rx__udp_open dump=1 restore=na verdict=dump_fail
pbsprobe/pbs_sweep.sh: line 257: 2463608 Killed                  setsid bash -c "echo \$\$ > '${WORLD_CG_RUN:-$WORLD_CG}/cgroup.procs' && exec '$wlbin' --port $port --resume_file '$resume_f' $params $extra" > "$wlog" 2>&1 < /dev/null
[1867/2239] S146frz45_rx__netlink_open dump=1 restore=na verdict=dump_fail
pbsprobe/pbs_sweep.sh: line 257: 2466203 Killed                  setsid bash -c "echo \$\$ > '${WORLD_CG_RUN:-$WORLD_CG}/cgroup.procs' && exec '$wlbin' --port $port --resume_file '$resume_f' $params $extra" > "$wlog" 2>&1 < /dev/null
[1868/2239] S146frz45_rx__timer_armed dump=1 restore=na verdict=dump_fail
pbsprobe/pbs_sweep.sh: line 257: 2468790 Killed                  setsid bash -c "echo \$\$ > '${WORLD_CG_RUN:-$WORLD_CG}/cgroup.procs' && exec '$wlbin' --port $port --resume_file '$resume_f' $params $extra" > "$wlog" 2>&1 < /dev/null
[1869/2239] S146frz45_rx__db_watch dump=1 restore=na verdict=dump_fail
pbsprobe/pbs_sweep.sh: line 257: 2471377 Killed                  setsid bash -c "echo \$\$ > '${WORLD_CG_RUN:-$WORLD_CG}/cgroup.procs' && exec '$wlbin' --port $port --resume_file '$resume_f' $params $extra" > "$wlog" 2>&1 < /dev/null
[1870/2239] S146frz45_rx__db_mmap dump=1 restore=na verdict=dump_fail
pbsprobe/pbs_sweep.sh: line 257: 2473972 Killed                  setsid bash -c "echo \$\$ > '${WORLD_CG_RUN:-$WORLD_CG}/cgroup.procs' && exec '$wlbin' --port $port --resume_file '$resume_f' $params $extra" > "$wlog" 2>&1 < /dev/null
[1871/2239] S146frz45_rx__ready dump=1 restore=na verdict=dump_fail
pbsprobe/pbs_sweep.sh: line 257: 2476578 Killed                  setsid bash -c "echo \$\$ > '${WORLD_CG_RUN:-$WORLD_CG}/cgroup.procs' && exec '$wlbin' --port $port --resume_file '$resume_f' $params $extra" > "$wlog" 2>&1 < /dev/null
[1872/2239] S146frz45_rx__steady dump=1 restore=na verdict=dump_fail
pbsprobe/pbs_sweep.sh: line 257: 2479221 Killed                  setsid bash -c "echo \$\$ > '${WORLD_CG_RUN:-$WORLD_CG}/cgroup.procs' && exec '$wlbin' --port $port --resume_file '$resume_f' $params $extra" > "$wlog" 2>&1 < /dev/null
pbsprobe/pbs_sweep.sh: line 296: 2481919 Killed                  setsid bash -c "echo \$\$ > '${WORLD_CG_RUN:-$WORLD_CG}/cgroup.procs' && exec '$wlbin' --port $port --resume_file '$resume_f' $params $extra" > "$wlog" 2>&1 < /dev/null
[1873/2239] S147dbgone__db_open dump=0 restore=1 verdict=restore_fail
pbsprobe/pbs_sweep.sh: line 296: 2482063 Killed                  setsid bash -c "echo \$\$ > '${WORLD_CG_RUN:-$WORLD_CG}/cgroup.procs' && exec '$wlbin' --port $port --resume_file '$resume_f' $params $extra" > "$wlog" 2>&1 < /dev/null
[1874/2239] S147dbgone__db_read dump=0 restore=1 verdict=restore_fail
pbsprobe/pbs_sweep.sh: line 296: 2482430 Killed                  setsid bash -c "echo \$\$ > '${WORLD_CG_RUN:-$WORLD_CG}/cgroup.procs' && exec '$wlbin' --port $port --resume_file '$resume_f' $params $extra" > "$wlog" 2>&1 < /dev/null
[1875/2239] S147dbgone__db_read_p25 dump=0 restore=1 verdict=restore_fail
pbsprobe/pbs_sweep.sh: line 296: 2482633 Killed                  setsid bash -c "echo \$\$ > '${WORLD_CG_RUN:-$WORLD_CG}/cgroup.procs' && exec '$wlbin' --port $port --resume_file '$resume_f' $params $extra" > "$wlog" 2>&1 < /dev/null
[1876/2239] S147dbgone__db_read_p50 dump=0 restore=1 verdict=restore_fail
pbsprobe/pbs_sweep.sh: line 296: 2482888 Killed                  setsid bash -c "echo \$\$ > '${WORLD_CG_RUN:-$WORLD_CG}/cgroup.procs' && exec '$wlbin' --port $port --resume_file '$resume_f' $params $extra" > "$wlog" 2>&1 < /dev/null
[1877/2239] S147dbgone__db_read_p75 dump=0 restore=1 verdict=restore_fail
pbsprobe/pbs_sweep.sh: line 296: 2483207 Killed                  setsid bash -c "echo \$\$ > '${WORLD_CG_RUN:-$WORLD_CG}/cgroup.procs' && exec '$wlbin' --port $port --resume_file '$resume_f' $params $extra" > "$wlog" 2>&1 < /dev/null
[1878/2239] S147dbgone__db_parse dump=0 restore=1 verdict=restore_fail
pbsprobe/pbs_sweep.sh: line 296: 2483804 Killed                  setsid bash -c "echo \$\$ > '${WORLD_CG_RUN:-$WORLD_CG}/cgroup.procs' && exec '$wlbin' --port $port --resume_file '$resume_f' $params $extra" > "$wlog" 2>&1 < /dev/null
[1879/2239] S147dbgone__db_parse_p25 dump=0 restore=1 verdict=restore_fail
pbsprobe/pbs_sweep.sh: line 296: 2484234 Killed                  setsid bash -c "echo \$\$ > '${WORLD_CG_RUN:-$WORLD_CG}/cgroup.procs' && exec '$wlbin' --port $port --resume_file '$resume_f' $params $extra" > "$wlog" 2>&1 < /dev/null
[1880/2239] S147dbgone__db_parse_p50 dump=0 restore=1 verdict=restore_fail
pbsprobe/pbs_sweep.sh: line 296: 2484716 Killed                  setsid bash -c "echo \$\$ > '${WORLD_CG_RUN:-$WORLD_CG}/cgroup.procs' && exec '$wlbin' --port $port --resume_file '$resume_f' $params $extra" > "$wlog" 2>&1 < /dev/null
[1881/2239] S147dbgone__db_parse_p75 dump=0 restore=1 verdict=restore_fail
pbsprobe/pbs_sweep.sh: line 296: 2485261 Killed                  setsid bash -c "echo \$\$ > '${WORLD_CG_RUN:-$WORLD_CG}/cgroup.procs' && exec '$wlbin' --port $port --resume_file '$resume_f' $params $extra" > "$wlog" 2>&1 < /dev/null
[1882/2239] S147dbgone__epg_index dump=0 restore=1 verdict=restore_fail
pbsprobe/pbs_sweep.sh: line 296: 2486092 Killed                  setsid bash -c "echo \$\$ > '${WORLD_CG_RUN:-$WORLD_CG}/cgroup.procs' && exec '$wlbin' --port $port --resume_file '$resume_f' $params $extra" > "$wlog" 2>&1 < /dev/null
[1883/2239] S147dbgone__epg_index_p25 dump=0 restore=1 verdict=restore_fail
pbsprobe/pbs_sweep.sh: line 296: 2486741 Killed                  setsid bash -c "echo \$\$ > '${WORLD_CG_RUN:-$WORLD_CG}/cgroup.procs' && exec '$wlbin' --port $port --resume_file '$resume_f' $params $extra" > "$wlog" 2>&1 < /dev/null
[1884/2239] S147dbgone__epg_index_p50 dump=0 restore=1 verdict=restore_fail
pbsprobe/pbs_sweep.sh: line 296: 2487453 Killed                  setsid bash -c "echo \$\$ > '${WORLD_CG_RUN:-$WORLD_CG}/cgroup.procs' && exec '$wlbin' --port $port --resume_file '$resume_f' $params $extra" > "$wlog" 2>&1 < /dev/null
[1885/2239] S147dbgone__epg_index_p75 dump=0 restore=1 verdict=restore_fail
pbsprobe/pbs_sweep.sh: line 296: 2488228 Killed                  setsid bash -c "echo \$\$ > '${WORLD_CG_RUN:-$WORLD_CG}/cgroup.procs' && exec '$wlbin' --port $port --resume_file '$resume_f' $params $extra" > "$wlog" 2>&1 < /dev/null
[1886/2239] S147dbgone__epg_text dump=0 restore=1 verdict=restore_fail
pbsprobe/pbs_sweep.sh: line 296: 2489111 Killed                  setsid bash -c "echo \$\$ > '${WORLD_CG_RUN:-$WORLD_CG}/cgroup.procs' && exec '$wlbin' --port $port --resume_file '$resume_f' $params $extra" > "$wlog" 2>&1 < /dev/null
[1887/2239] S147dbgone__epg_reserve dump=0 restore=1 verdict=restore_fail
pbsprobe/pbs_sweep.sh: line 296: 2490050 Killed                  setsid bash -c "echo \$\$ > '${WORLD_CG_RUN:-$WORLD_CG}/cgroup.procs' && exec '$wlbin' --port $port --resume_file '$resume_f' $params $extra" > "$wlog" 2>&1 < /dev/null
[1888/2239] S147dbgone__timer_armed dump=0 restore=1 verdict=restore_fail
[1889/2239] S147dbgone__db_watch dump=1 restore=na verdict=dump_fail
pbsprobe/pbs_sweep.sh: line 257: 2491111 Killed                  setsid bash -c "echo \$\$ > '${WORLD_CG_RUN:-$WORLD_CG}/cgroup.procs' && exec '$wlbin' --port $port --resume_file '$resume_f' $params $extra" > "$wlog" 2>&1 < /dev/null
[1890/2239] S147dbgone__ready dump=1 restore=na verdict=dump_fail
pbsprobe/pbs_sweep.sh: line 257: 2492198 Killed                  setsid bash -c "echo \$\$ > '${WORLD_CG_RUN:-$WORLD_CG}/cgroup.procs' && exec '$wlbin' --port $port --resume_file '$resume_f' $params $extra" > "$wlog" 2>&1 < /dev/null
[1891/2239] S147dbgone__steady dump=1 restore=na verdict=dump_fail
pbsprobe/pbs_sweep.sh: line 257: 2493345 Killed                  setsid bash -c "echo \$\$ > '${WORLD_CG_RUN:-$WORLD_CG}/cgroup.procs' && exec '$wlbin' --port $port --resume_file '$resume_f' $params $extra" > "$wlog" 2>&1 < /dev/null
[1892/2239] S148dbswap__db_watch dump=1 restore=na verdict=dump_fail
pbsprobe/pbs_sweep.sh: line 257: 2494551 Killed                  setsid bash -c "echo \$\$ > '${WORLD_CG_RUN:-$WORLD_CG}/cgroup.procs' && exec '$wlbin' --port $port --resume_file '$resume_f' $params $extra" > "$wlog" 2>&1 < /dev/null
[1893/2239] S148dbswap__ready dump=1 restore=na verdict=dump_fail
pbsprobe/pbs_sweep.sh: line 257: 2495638 Killed                  setsid bash -c "echo \$\$ > '${WORLD_CG_RUN:-$WORLD_CG}/cgroup.procs' && exec '$wlbin' --port $port --resume_file '$resume_f' $params $extra" > "$wlog" 2>&1 < /dev/null
[1894/2239] S148dbswap__steady dump=1 restore=na verdict=dump_fail
pbsprobe/pbs_sweep.sh: line 257: 2496789 Killed                  setsid bash -c "echo \$\$ > '${WORLD_CG_RUN:-$WORLD_CG}/cgroup.procs' && exec '$wlbin' --port $port --resume_file '$resume_f' $params $extra" > "$wlog" 2>&1 < /dev/null
[1895/2239] S149dbtouch__db_watch dump=1 restore=na verdict=dump_fail
pbsprobe/pbs_sweep.sh: line 257: 2497995 Killed                  setsid bash -c "echo \$\$ > '${WORLD_CG_RUN:-$WORLD_CG}/cgroup.procs' && exec '$wlbin' --port $port --resume_file '$resume_f' $params $extra" > "$wlog" 2>&1 < /dev/null
[1896/2239] S149dbtouch__ready dump=1 restore=na verdict=dump_fail
pbsprobe/pbs_sweep.sh: line 257: 2499086 Killed                  setsid bash -c "echo \$\$ > '${WORLD_CG_RUN:-$WORLD_CG}/cgroup.procs' && exec '$wlbin' --port $port --resume_file '$resume_f' $params $extra" > "$wlog" 2>&1 < /dev/null
[1897/2239] S149dbtouch__steady dump=1 restore=na verdict=dump_fail
pbsprobe/pbs_sweep.sh: line 257: 2500237 Killed                  setsid bash -c "echo \$\$ > '${WORLD_CG_RUN:-$WORLD_CG}/cgroup.procs' && exec '$wlbin' --port $port --resume_file '$resume_f' $params $extra" > "$wlog" 2>&1 < /dev/null
pbsprobe/pbs_sweep.sh: line 296: 2501439 Killed                  setsid bash -c "echo \$\$ > '${WORLD_CG_RUN:-$WORLD_CG}/cgroup.procs' && exec '$wlbin' --port $port --resume_file '$resume_f' $params $extra" > "$wlog" 2>&1 < /dev/null
[1898/2239] S150shmgone__shm_map dump=0 restore=1 verdict=restore_fail
[1899/2239] S150shmgone__ready dump=1 restore=na verdict=dump_fail
pbsprobe/pbs_sweep.sh: line 257: 2502433 Killed                  setsid bash -c "echo \$\$ > '${WORLD_CG_RUN:-$WORLD_CG}/cgroup.procs' && exec '$wlbin' --port $port --resume_file '$resume_f' $params $extra" > "$wlog" 2>&1 < /dev/null
[1900/2239] S150shmgone__steady dump=1 restore=na verdict=dump_fail
pbsprobe/pbs_sweep.sh: line 257: 2503636 Killed                  setsid bash -c "echo \$\$ > '${WORLD_CG_RUN:-$WORLD_CG}/cgroup.procs' && exec '$wlbin' --port $port --resume_file '$resume_f' $params $extra" > "$wlog" 2>&1 < /dev/null
pbsprobe/pbs_sweep.sh: line 296: 2504902 Killed                  setsid bash -c "echo \$\$ > '${WORLD_CG_RUN:-$WORLD_CG}/cgroup.procs' && exec '$wlbin' --port $port --resume_file '$resume_f' $params $extra" > "$wlog" 2>&1 < /dev/null
[1901/2239] S151wdgone__workdir dump=0 restore=1 verdict=restore_fail
[1902/2239] S151wdgone__ready dump=1 restore=na verdict=dump_fail
pbsprobe/pbs_sweep.sh: line 257: 2505904 Killed                  setsid bash -c "echo \$\$ > '${WORLD_CG_RUN:-$WORLD_CG}/cgroup.procs' && exec '$wlbin' --port $port --resume_file '$resume_f' $params $extra" > "$wlog" 2>&1 < /dev/null
[1903/2239] S151wdgone__steady dump=1 restore=na verdict=dump_fail
pbsprobe/pbs_sweep.sh: line 257: 2507111 Killed                  setsid bash -c "echo \$\$ > '${WORLD_CG_RUN:-$WORLD_CG}/cgroup.procs' && exec '$wlbin' --port $port --resume_file '$resume_f' $params $extra" > "$wlog" 2>&1 < /dev/null
[1904/2239] S152trunc__db_mmap dump=1 restore=na verdict=dump_fail
pbsprobe/pbs_sweep.sh: line 257: 2508377 Killed                  setsid bash -c "echo \$\$ > '${WORLD_CG_RUN:-$WORLD_CG}/cgroup.procs' && exec '$wlbin' --port $port --resume_file '$resume_f' $params $extra" > "$wlog" 2>&1 < /dev/null
[1905/2239] S152trunc__ready dump=1 restore=na verdict=dump_fail
pbsprobe/pbs_sweep.sh: line 257: 2509523 Killed                  setsid bash -c "echo \$\$ > '${WORLD_CG_RUN:-$WORLD_CG}/cgroup.procs' && exec '$wlbin' --port $port --resume_file '$resume_f' $params $extra" > "$wlog" 2>&1 < /dev/null
[1906/2239] S152trunc__steady dump=1 restore=na verdict=dump_fail
pbsprobe/pbs_sweep.sh: line 257: 2510733 Killed                  setsid bash -c "echo \$\$ > '${WORLD_CG_RUN:-$WORLD_CG}/cgroup.procs' && exec '$wlbin' --port $port --resume_file '$resume_f' $params $extra" > "$wlog" 2>&1 < /dev/null
pbsprobe/pbs_sweep.sh: line 296: 2511992 Killed                  setsid bash -c "echo \$\$ > '${WORLD_CG_RUN:-$WORLD_CG}/cgroup.procs' && exec '$wlbin' --port $port --resume_file '$resume_f' $params $extra" > "$wlog" 2>&1 < /dev/null
[1907/2239] S153ota__init dump=0 restore=1 verdict=restore_fail
pbsprobe/pbs_sweep.sh: line 296: 2512089 Killed                  setsid bash -c "echo \$\$ > '${WORLD_CG_RUN:-$WORLD_CG}/cgroup.procs' && exec '$wlbin' --port $port --resume_file '$resume_f' $params $extra" > "$wlog" 2>&1 < /dev/null
[1908/2239] S153ota__db_open dump=0 restore=1 verdict=restore_fail
pbsprobe/pbs_sweep.sh: line 296: 2512230 Killed                  setsid bash -c "echo \$\$ > '${WORLD_CG_RUN:-$WORLD_CG}/cgroup.procs' && exec '$wlbin' --port $port --resume_file '$resume_f' $params $extra" > "$wlog" 2>&1 < /dev/null
[1909/2239] S153ota__db_read dump=0 restore=1 verdict=restore_fail
pbsprobe/pbs_sweep.sh: line 296: 2512602 Killed                  setsid bash -c "echo \$\$ > '${WORLD_CG_RUN:-$WORLD_CG}/cgroup.procs' && exec '$wlbin' --port $port --resume_file '$resume_f' $params $extra" > "$wlog" 2>&1 < /dev/null
[1910/2239] S153ota__db_read_p25 dump=0 restore=1 verdict=restore_fail
pbsprobe/pbs_sweep.sh: line 296: 2512806 Killed                  setsid bash -c "echo \$\$ > '${WORLD_CG_RUN:-$WORLD_CG}/cgroup.procs' && exec '$wlbin' --port $port --resume_file '$resume_f' $params $extra" > "$wlog" 2>&1 < /dev/null
[1911/2239] S153ota__db_read_p50 dump=0 restore=1 verdict=restore_fail
pbsprobe/pbs_sweep.sh: line 296: 2513063 Killed                  setsid bash -c "echo \$\$ > '${WORLD_CG_RUN:-$WORLD_CG}/cgroup.procs' && exec '$wlbin' --port $port --resume_file '$resume_f' $params $extra" > "$wlog" 2>&1 < /dev/null
[1912/2239] S153ota__db_read_p75 dump=0 restore=1 verdict=restore_fail
pbsprobe/pbs_sweep.sh: line 296: 2513382 Killed                  setsid bash -c "echo \$\$ > '${WORLD_CG_RUN:-$WORLD_CG}/cgroup.procs' && exec '$wlbin' --port $port --resume_file '$resume_f' $params $extra" > "$wlog" 2>&1 < /dev/null
[1913/2239] S153ota__db_parse dump=0 restore=1 verdict=restore_fail
pbsprobe/pbs_sweep.sh: line 296: 2513976 Killed                  setsid bash -c "echo \$\$ > '${WORLD_CG_RUN:-$WORLD_CG}/cgroup.procs' && exec '$wlbin' --port $port --resume_file '$resume_f' $params $extra" > "$wlog" 2>&1 < /dev/null
[1914/2239] S153ota__db_parse_p25 dump=0 restore=1 verdict=restore_fail
pbsprobe/pbs_sweep.sh: line 296: 2514407 Killed                  setsid bash -c "echo \$\$ > '${WORLD_CG_RUN:-$WORLD_CG}/cgroup.procs' && exec '$wlbin' --port $port --resume_file '$resume_f' $params $extra" > "$wlog" 2>&1 < /dev/null
[1915/2239] S153ota__db_parse_p50 dump=0 restore=1 verdict=restore_fail
pbsprobe/pbs_sweep.sh: line 296: 2514890 Killed                  setsid bash -c "echo \$\$ > '${WORLD_CG_RUN:-$WORLD_CG}/cgroup.procs' && exec '$wlbin' --port $port --resume_file '$resume_f' $params $extra" > "$wlog" 2>&1 < /dev/null
[1916/2239] S153ota__db_parse_p75 dump=0 restore=1 verdict=restore_fail
pbsprobe/pbs_sweep.sh: line 296: 2515436 Killed                  setsid bash -c "echo \$\$ > '${WORLD_CG_RUN:-$WORLD_CG}/cgroup.procs' && exec '$wlbin' --port $port --resume_file '$resume_f' $params $extra" > "$wlog" 2>&1 < /dev/null
[1917/2239] S153ota__epg_index dump=0 restore=1 verdict=restore_fail
pbsprobe/pbs_sweep.sh: line 296: 2516264 Killed                  setsid bash -c "echo \$\$ > '${WORLD_CG_RUN:-$WORLD_CG}/cgroup.procs' && exec '$wlbin' --port $port --resume_file '$resume_f' $params $extra" > "$wlog" 2>&1 < /dev/null
[1918/2239] S153ota__epg_index_p25 dump=0 restore=1 verdict=restore_fail
pbsprobe/pbs_sweep.sh: line 296: 2516922 Killed                  setsid bash -c "echo \$\$ > '${WORLD_CG_RUN:-$WORLD_CG}/cgroup.procs' && exec '$wlbin' --port $port --resume_file '$resume_f' $params $extra" > "$wlog" 2>&1 < /dev/null
[1919/2239] S153ota__epg_index_p50 dump=0 restore=1 verdict=restore_fail
pbsprobe/pbs_sweep.sh: line 296: 2517635 Killed                  setsid bash -c "echo \$\$ > '${WORLD_CG_RUN:-$WORLD_CG}/cgroup.procs' && exec '$wlbin' --port $port --resume_file '$resume_f' $params $extra" > "$wlog" 2>&1 < /dev/null
[1920/2239] S153ota__epg_index_p75 dump=0 restore=1 verdict=restore_fail
pbsprobe/pbs_sweep.sh: line 296: 2518407 Killed                  setsid bash -c "echo \$\$ > '${WORLD_CG_RUN:-$WORLD_CG}/cgroup.procs' && exec '$wlbin' --port $port --resume_file '$resume_f' $params $extra" > "$wlog" 2>&1 < /dev/null
[1921/2239] S153ota__epg_text dump=0 restore=1 verdict=restore_fail
pbsprobe/pbs_sweep.sh: line 296: 2519295 Killed                  setsid bash -c "echo \$\$ > '${WORLD_CG_RUN:-$WORLD_CG}/cgroup.procs' && exec '$wlbin' --port $port --resume_file '$resume_f' $params $extra" > "$wlog" 2>&1 < /dev/null
[1922/2239] S153ota__epg_reserve dump=0 restore=1 verdict=restore_fail
pbsprobe/pbs_sweep.sh: line 296: 2520231 Killed                  setsid bash -c "echo \$\$ > '${WORLD_CG_RUN:-$WORLD_CG}/cgroup.procs' && exec '$wlbin' --port $port --resume_file '$resume_f' $params $extra" > "$wlog" 2>&1 < /dev/null
[1923/2239] S153ota__timer_armed dump=0 restore=1 verdict=restore_fail
[1924/2239] S153ota__db_watch dump=1 restore=na verdict=dump_fail
pbsprobe/pbs_sweep.sh: line 257: 2521285 Killed                  setsid bash -c "echo \$\$ > '${WORLD_CG_RUN:-$WORLD_CG}/cgroup.procs' && exec '$wlbin' --port $port --resume_file '$resume_f' $params $extra" > "$wlog" 2>&1 < /dev/null
[1925/2239] S153ota__ready dump=1 restore=na verdict=dump_fail
pbsprobe/pbs_sweep.sh: line 257: 2522372 Killed                  setsid bash -c "echo \$\$ > '${WORLD_CG_RUN:-$WORLD_CG}/cgroup.procs' && exec '$wlbin' --port $port --resume_file '$resume_f' $params $extra" > "$wlog" 2>&1 < /dev/null
[1926/2239] S153ota__steady dump=1 restore=na verdict=dump_fail
pbsprobe/pbs_sweep.sh: line 257: 2523527 Killed                  setsid bash -c "echo \$\$ > '${WORLD_CG_RUN:-$WORLD_CG}/cgroup.procs' && exec '$wlbin' --port $port --resume_file '$resume_f' $params $extra" > "$wlog" 2>&1 < /dev/null
pbsprobe/pbs_sweep.sh: line 296: 2524729 Killed                  setsid bash -c "echo \$\$ > '${WORLD_CG_RUN:-$WORLD_CG}/cgroup.procs' && exec '$wlbin' --port $port --resume_file '$resume_f' $params $extra" > "$wlog" 2>&1 < /dev/null
[1927/2239] S154ota_back__epg_index dump=0 restore=0 verdict=ok
[1928/2239] S154ota_back__ready dump=1 restore=na verdict=dump_fail
pbsprobe/pbs_sweep.sh: line 257: 2525856 Killed                  setsid bash -c "echo \$\$ > '${WORLD_CG_RUN:-$WORLD_CG}/cgroup.procs' && exec '$wlbin' --port $port --resume_file '$resume_f' $params $extra" > "$wlog" 2>&1 < /dev/null
[1929/2239] S154ota_back__steady dump=1 restore=na verdict=dump_fail
pbsprobe/pbs_sweep.sh: line 257: 2527007 Killed                  setsid bash -c "echo \$\$ > '${WORLD_CG_RUN:-$WORLD_CG}/cgroup.procs' && exec '$wlbin' --port $port --resume_file '$resume_f' $params $extra" > "$wlog" 2>&1 < /dev/null
pbsprobe/pbs_sweep.sh: line 296: 2528210 Killed                  setsid bash -c "echo \$\$ > '${WORLD_CG_RUN:-$WORLD_CG}/cgroup.procs' && exec '$wlbin' --port $port --resume_file '$resume_f' $params $extra" > "$wlog" 2>&1 < /dev/null
[1930/2239] S155squat__svc_listen dump=0 restore=1 verdict=restore_fail
[1931/2239] S155squat__ready dump=1 restore=na verdict=dump_fail
pbsprobe/pbs_sweep.sh: line 257: 2529268 Killed                  setsid bash -c "echo \$\$ > '${WORLD_CG_RUN:-$WORLD_CG}/cgroup.procs' && exec '$wlbin' --port $port --resume_file '$resume_f' $params $extra" > "$wlog" 2>&1 < /dev/null
[1932/2239] S155squat__steady dump=1 restore=na verdict=dump_fail
pbsprobe/pbs_sweep.sh: line 257: 2530479 Killed                  setsid bash -c "echo \$\$ > '${WORLD_CG_RUN:-$WORLD_CG}/cgroup.procs' && exec '$wlbin' --port $port --resume_file '$resume_f' $params $extra" > "$wlog" 2>&1 < /dev/null
[1933/2239] S156hubup__hub_subscribed dump=1 restore=na verdict=dump_fail
pbsprobe/pbs_sweep.sh: line 257: 2531749 Killed                  setsid bash -c "echo \$\$ > '${WORLD_CG_RUN:-$WORLD_CG}/cgroup.procs' && exec '$wlbin' --port $port --resume_file '$resume_f' $params $extra" > "$wlog" 2>&1 < /dev/null
[1934/2239] S156hubup__ready dump=1 restore=na verdict=dump_fail
pbsprobe/pbs_sweep.sh: line 257: 2533083 Killed                  setsid bash -c "echo \$\$ > '${WORLD_CG_RUN:-$WORLD_CG}/cgroup.procs' && exec '$wlbin' --port $port --resume_file '$resume_f' $params $extra" > "$wlog" 2>&1 < /dev/null
[1935/2239] S156hubup__steady dump=1 restore=na verdict=dump_fail
pbsprobe/pbs_sweep.sh: line 257: 2534464 Killed                  setsid bash -c "echo \$\$ > '${WORLD_CG_RUN:-$WORLD_CG}/cgroup.procs' && exec '$wlbin' --port $port --resume_file '$resume_f' $params $extra" > "$wlog" 2>&1 < /dev/null
[1936/2239] S157cycle2__hub_subscribed dump=1 restore=na verdict=dump_fail
pbsprobe/pbs_sweep.sh: line 257: 2535905 Killed                  setsid bash -c "echo \$\$ > '${WORLD_CG_RUN:-$WORLD_CG}/cgroup.procs' && exec '$wlbin' --port $port --resume_file '$resume_f' $params $extra" > "$wlog" 2>&1 < /dev/null
[1937/2239] S157cycle2__ready dump=1 restore=na verdict=dump_fail
pbsprobe/pbs_sweep.sh: line 257: 2537235 Killed                  setsid bash -c "echo \$\$ > '${WORLD_CG_RUN:-$WORLD_CG}/cgroup.procs' && exec '$wlbin' --port $port --resume_file '$resume_f' $params $extra" > "$wlog" 2>&1 < /dev/null
[1938/2239] S157cycle2__steady dump=1 restore=na verdict=dump_fail
pbsprobe/pbs_sweep.sh: line 257: 2538612 Killed                  setsid bash -c "echo \$\$ > '${WORLD_CG_RUN:-$WORLD_CG}/cgroup.procs' && exec '$wlbin' --port $port --resume_file '$resume_f' $params $extra" > "$wlog" 2>&1 < /dev/null
pbsprobe/pbs_sweep.sh: line 296: 2540061 Killed                  setsid bash -c "echo \$\$ > '${WORLD_CG_RUN:-$WORLD_CG}/cgroup.procs' && exec '$wlbin' --port $port --resume_file '$resume_f' $params $extra" > "$wlog" 2>&1 < /dev/null
[1939/2239] S158re2__epg_index dump=0 restore=1 verdict=restore_fail
[1940/2239] S158re2__ready dump=1 restore=na verdict=dump_fail
pbsprobe/pbs_sweep.sh: line 257: 2541590 Killed                  setsid bash -c "echo \$\$ > '${WORLD_CG_RUN:-$WORLD_CG}/cgroup.procs' && exec '$wlbin' --port $port --resume_file '$resume_f' $params $extra" > "$wlog" 2>&1 < /dev/null
[1941/2239] S158re2__steady dump=1 restore=na verdict=dump_fail
pbsprobe/pbs_sweep.sh: line 257: 2542741 Killed                  setsid bash -c "echo \$\$ > '${WORLD_CG_RUN:-$WORLD_CG}/cgroup.procs' && exec '$wlbin' --port $port --resume_file '$resume_f' $params $extra" > "$wlog" 2>&1 < /dev/null
[1942/2239] S159dup__ready dump=1 restore=na verdict=dump_fail
pbsprobe/pbs_sweep.sh: line 257: 2543940 Killed                  setsid bash -c "echo \$\$ > '${WORLD_CG_RUN:-$WORLD_CG}/cgroup.procs' && exec '$wlbin' --port $port --resume_file '$resume_f' $params $extra" > "$wlog" 2>&1 < /dev/null
[1943/2239] S159dup__steady dump=1 restore=na verdict=dump_fail
pbsprobe/pbs_sweep.sh: line 257: 2545087 Killed                  setsid bash -c "echo \$\$ > '${WORLD_CG_RUN:-$WORLD_CG}/cgroup.procs' && exec '$wlbin' --port $port --resume_file '$resume_f' $params $extra" > "$wlog" 2>&1 < /dev/null
[1944/2239] S160halfclose.stri__tcp_conn dump=1 restore=na verdict=dump_fail
pbsprobe/pbs_sweep.sh: line 257: 2546297 Killed                  setsid bash -c "echo \$\$ > '${WORLD_CG_RUN:-$WORLD_CG}/cgroup.procs' && exec '$wlbin' --port $port --resume_file '$resume_f' $params $extra" > "$wlog" 2>&1 < /dev/null
[1945/2239] S160halfclose.stri__tcp_halfclosed dump=1 restore=na verdict=dump_fail
pbsprobe/pbs_sweep.sh: line 257: 2547558 Killed                  setsid bash -c "echo \$\$ > '${WORLD_CG_RUN:-$WORLD_CG}/cgroup.procs' && exec '$wlbin' --port $port --resume_file '$resume_f' $params $extra" > "$wlog" 2>&1 < /dev/null
[1946/2239] S160halfclose.stri__ready dump=1 restore=na verdict=dump_fail
pbsprobe/pbs_sweep.sh: line 257: 2548875 Killed                  setsid bash -c "echo \$\$ > '${WORLD_CG_RUN:-$WORLD_CG}/cgroup.procs' && exec '$wlbin' --port $port --resume_file '$resume_f' $params $extra" > "$wlog" 2>&1 < /dev/null
[1947/2239] S160halfclose.stri__steady dump=1 restore=na verdict=dump_fail
pbsprobe/pbs_sweep.sh: line 257: 2550372 Killed                  setsid bash -c "echo \$\$ > '${WORLD_CG_RUN:-$WORLD_CG}/cgroup.procs' && exec '$wlbin' --port $port --resume_file '$resume_f' $params $extra" > "$wlog" 2>&1 < /dev/null
[1948/2239] S161halfclose.ext___tcp_conn dump=1 restore=na verdict=dump_fail
pbsprobe/pbs_sweep.sh: line 257: 2551936 Killed                  setsid bash -c "echo \$\$ > '${WORLD_CG_RUN:-$WORLD_CG}/cgroup.procs' && exec '$wlbin' --port $port --resume_file '$resume_f' $params $extra" > "$wlog" 2>&1 < /dev/null
[1949/2239] S161halfclose.ext___tcp_halfclosed dump=1 restore=na verdict=dump_fail
pbsprobe/pbs_sweep.sh: line 257: 2553201 Killed                  setsid bash -c "echo \$\$ > '${WORLD_CG_RUN:-$WORLD_CG}/cgroup.procs' && exec '$wlbin' --port $port --resume_file '$resume_f' $params $extra" > "$wlog" 2>&1 < /dev/null
[1950/2239] S161halfclose.ext___ready dump=1 restore=na verdict=dump_fail
pbsprobe/pbs_sweep.sh: line 257: 2554530 Killed                  setsid bash -c "echo \$\$ > '${WORLD_CG_RUN:-$WORLD_CG}/cgroup.procs' && exec '$wlbin' --port $port --resume_file '$resume_f' $params $extra" > "$wlog" 2>&1 < /dev/null
[1951/2239] S161halfclose.ext___steady dump=1 restore=na verdict=dump_fail
pbsprobe/pbs_sweep.sh: line 257: 2556027 Killed                  setsid bash -c "echo \$\$ > '${WORLD_CG_RUN:-$WORLD_CG}/cgroup.procs' && exec '$wlbin' --port $port --resume_file '$resume_f' $params $extra" > "$wlog" 2>&1 < /dev/null
[1952/2239] S162halfclose.tcp___tcp_conn dump=1 restore=na verdict=dump_fail
pbsprobe/pbs_sweep.sh: line 257: 2557575 Killed                  setsid bash -c "echo \$\$ > '${WORLD_CG_RUN:-$WORLD_CG}/cgroup.procs' && exec '$wlbin' --port $port --resume_file '$resume_f' $params $extra" > "$wlog" 2>&1 < /dev/null
[1953/2239] S162halfclose.tcp___tcp_halfclosed dump=1 restore=na verdict=dump_fail
pbsprobe/pbs_sweep.sh: line 257: 2558840 Killed                  setsid bash -c "echo \$\$ > '${WORLD_CG_RUN:-$WORLD_CG}/cgroup.procs' && exec '$wlbin' --port $port --resume_file '$resume_f' $params $extra" > "$wlog" 2>&1 < /dev/null
[1954/2239] S162halfclose.tcp___ready dump=1 restore=na verdict=dump_fail
pbsprobe/pbs_sweep.sh: line 257: 2560168 Killed                  setsid bash -c "echo \$\$ > '${WORLD_CG_RUN:-$WORLD_CG}/cgroup.procs' && exec '$wlbin' --port $port --resume_file '$resume_f' $params $extra" > "$wlog" 2>&1 < /dev/null
[1955/2239] S162halfclose.tcp___steady dump=1 restore=na verdict=dump_fail
pbsprobe/pbs_sweep.sh: line 257: 2561657 Killed                  setsid bash -c "echo \$\$ > '${WORLD_CG_RUN:-$WORLD_CG}/cgroup.procs' && exec '$wlbin' --port $port --resume_file '$resume_f' $params $extra" > "$wlog" 2>&1 < /dev/null
[1956/2239] S163halfclose.file__tcp_conn dump=1 restore=na verdict=dump_fail
pbsprobe/pbs_sweep.sh: line 257: 2563201 Killed                  setsid bash -c "echo \$\$ > '${WORLD_CG_RUN:-$WORLD_CG}/cgroup.procs' && exec '$wlbin' --port $port --resume_file '$resume_f' $params $extra" > "$wlog" 2>&1 < /dev/null
[1957/2239] S163halfclose.file__tcp_halfclosed dump=1 restore=na verdict=dump_fail
pbsprobe/pbs_sweep.sh: line 257: 2564466 Killed                  setsid bash -c "echo \$\$ > '${WORLD_CG_RUN:-$WORLD_CG}/cgroup.procs' && exec '$wlbin' --port $port --resume_file '$resume_f' $params $extra" > "$wlog" 2>&1 < /dev/null
[1958/2239] S163halfclose.file__ready dump=1 restore=na verdict=dump_fail
pbsprobe/pbs_sweep.sh: line 257: 2565791 Killed                  setsid bash -c "echo \$\$ > '${WORLD_CG_RUN:-$WORLD_CG}/cgroup.procs' && exec '$wlbin' --port $port --resume_file '$resume_f' $params $extra" > "$wlog" 2>&1 < /dev/null
[1959/2239] S163halfclose.file__steady dump=1 restore=na verdict=dump_fail
pbsprobe/pbs_sweep.sh: line 257: 2567276 Killed                  setsid bash -c "echo \$\$ > '${WORLD_CG_RUN:-$WORLD_CG}/cgroup.procs' && exec '$wlbin' --port $port --resume_file '$resume_f' $params $extra" > "$wlog" 2>&1 < /dev/null
[1960/2239] S164halfclose.perm__tcp_conn dump=1 restore=na verdict=dump_fail
pbsprobe/pbs_sweep.sh: line 257: 2568824 Killed                  setsid bash -c "echo \$\$ > '${WORLD_CG_RUN:-$WORLD_CG}/cgroup.procs' && exec '$wlbin' --port $port --resume_file '$resume_f' $params $extra" > "$wlog" 2>&1 < /dev/null
[1961/2239] S164halfclose.perm__tcp_halfclosed dump=1 restore=na verdict=dump_fail
pbsprobe/pbs_sweep.sh: line 257: 2570089 Killed                  setsid bash -c "echo \$\$ > '${WORLD_CG_RUN:-$WORLD_CG}/cgroup.procs' && exec '$wlbin' --port $port --resume_file '$resume_f' $params $extra" > "$wlog" 2>&1 < /dev/null
[1962/2239] S164halfclose.perm__ready dump=1 restore=na verdict=dump_fail
pbsprobe/pbs_sweep.sh: line 257: 2571406 Killed                  setsid bash -c "echo \$\$ > '${WORLD_CG_RUN:-$WORLD_CG}/cgroup.procs' && exec '$wlbin' --port $port --resume_file '$resume_f' $params $extra" > "$wlog" 2>&1 < /dev/null
[1963/2239] S164halfclose.perm__steady dump=1 restore=na verdict=dump_fail
pbsprobe/pbs_sweep.sh: line 257: 2572902 Killed                  setsid bash -c "echo \$\$ > '${WORLD_CG_RUN:-$WORLD_CG}/cgroup.procs' && exec '$wlbin' --port $port --resume_file '$resume_f' $params $extra" > "$wlog" 2>&1 < /dev/null
[1964/2239] S165scm.stri__hub_conn1 dump=1 restore=na verdict=dump_fail
pbsprobe/pbs_sweep.sh: line 257: 2574447 Killed                  setsid bash -c "echo \$\$ > '${WORLD_CG_RUN:-$WORLD_CG}/cgroup.procs' && exec '$wlbin' --port $port --resume_file '$resume_f' $params $extra" > "$wlog" 2>&1 < /dev/null
[1965/2239] S165scm.stri__hub_subscribed dump=1 restore=na verdict=dump_fail
pbsprobe/pbs_sweep.sh: line 257: 2575418 Killed                  setsid bash -c "echo \$\$ > '${WORLD_CG_RUN:-$WORLD_CG}/cgroup.procs' && exec '$wlbin' --port $port --resume_file '$resume_f' $params $extra" > "$wlog" 2>&1 < /dev/null
[1966/2239] S165scm.stri__ready dump=1 restore=na verdict=dump_fail
pbsprobe/pbs_sweep.sh: line 257: 2576453 Killed                  setsid bash -c "echo \$\$ > '${WORLD_CG_RUN:-$WORLD_CG}/cgroup.procs' && exec '$wlbin' --port $port --resume_file '$resume_f' $params $extra" > "$wlog" 2>&1 < /dev/null
[1967/2239] S165scm.stri__steady dump=1 restore=na verdict=dump_fail
pbsprobe/pbs_sweep.sh: line 257: 2577659 Killed                  setsid bash -c "echo \$\$ > '${WORLD_CG_RUN:-$WORLD_CG}/cgroup.procs' && exec '$wlbin' --port $port --resume_file '$resume_f' $params $extra" > "$wlog" 2>&1 < /dev/null
[1968/2239] S166scm.ext___hub_conn1 dump=1 restore=na verdict=dump_fail
pbsprobe/pbs_sweep.sh: line 257: 2578930 Killed                  setsid bash -c "echo \$\$ > '${WORLD_CG_RUN:-$WORLD_CG}/cgroup.procs' && exec '$wlbin' --port $port --resume_file '$resume_f' $params $extra" > "$wlog" 2>&1 < /dev/null
[1969/2239] S166scm.ext___hub_subscribed dump=1 restore=na verdict=dump_fail
pbsprobe/pbs_sweep.sh: line 257: 2579901 Killed                  setsid bash -c "echo \$\$ > '${WORLD_CG_RUN:-$WORLD_CG}/cgroup.procs' && exec '$wlbin' --port $port --resume_file '$resume_f' $params $extra" > "$wlog" 2>&1 < /dev/null
[1970/2239] S166scm.ext___ready dump=1 restore=na verdict=dump_fail
pbsprobe/pbs_sweep.sh: line 257: 2580928 Killed                  setsid bash -c "echo \$\$ > '${WORLD_CG_RUN:-$WORLD_CG}/cgroup.procs' && exec '$wlbin' --port $port --resume_file '$resume_f' $params $extra" > "$wlog" 2>&1 < /dev/null
[1971/2239] S166scm.ext___steady dump=1 restore=na verdict=dump_fail
pbsprobe/pbs_sweep.sh: line 257: 2582138 Killed                  setsid bash -c "echo \$\$ > '${WORLD_CG_RUN:-$WORLD_CG}/cgroup.procs' && exec '$wlbin' --port $port --resume_file '$resume_f' $params $extra" > "$wlog" 2>&1 < /dev/null
[1972/2239] S167scm.perm__hub_conn1 dump=1 restore=na verdict=dump_fail
pbsprobe/pbs_sweep.sh: line 257: 2583404 Killed                  setsid bash -c "echo \$\$ > '${WORLD_CG_RUN:-$WORLD_CG}/cgroup.procs' && exec '$wlbin' --port $port --resume_file '$resume_f' $params $extra" > "$wlog" 2>&1 < /dev/null
[1973/2239] S167scm.perm__hub_subscribed dump=1 restore=na verdict=dump_fail
pbsprobe/pbs_sweep.sh: line 257: 2584376 Killed                  setsid bash -c "echo \$\$ > '${WORLD_CG_RUN:-$WORLD_CG}/cgroup.procs' && exec '$wlbin' --port $port --resume_file '$resume_f' $params $extra" > "$wlog" 2>&1 < /dev/null
[1974/2239] S167scm.perm__ready dump=1 restore=na verdict=dump_fail
pbsprobe/pbs_sweep.sh: line 257: 2585410 Killed                  setsid bash -c "echo \$\$ > '${WORLD_CG_RUN:-$WORLD_CG}/cgroup.procs' && exec '$wlbin' --port $port --resume_file '$resume_f' $params $extra" > "$wlog" 2>&1 < /dev/null
[1975/2239] S167scm.perm__steady dump=1 restore=na verdict=dump_fail
pbsprobe/pbs_sweep.sh: line 257: 2586617 Killed                  setsid bash -c "echo \$\$ > '${WORLD_CG_RUN:-$WORLD_CG}/cgroup.procs' && exec '$wlbin' --port $port --resume_file '$resume_f' $params $extra" > "$wlog" 2>&1 < /dev/null
[1976/2239] S168scm_gone__hub_subscribed dump=1 restore=na verdict=dump_fail
pbsprobe/pbs_sweep.sh: line 257: 2587883 Killed                  setsid bash -c "echo \$\$ > '${WORLD_CG_RUN:-$WORLD_CG}/cgroup.procs' && exec '$wlbin' --port $port --resume_file '$resume_f' $params $extra" > "$wlog" 2>&1 < /dev/null
[1977/2239] S168scm_gone__ready dump=1 restore=na verdict=dump_fail
pbsprobe/pbs_sweep.sh: line 257: 2588910 Killed                  setsid bash -c "echo \$\$ > '${WORLD_CG_RUN:-$WORLD_CG}/cgroup.procs' && exec '$wlbin' --port $port --resume_file '$resume_f' $params $extra" > "$wlog" 2>&1 < /dev/null
[1978/2239] S168scm_gone__steady dump=1 restore=na verdict=dump_fail
pbsprobe/pbs_sweep.sh: line 257: 2590113 Killed                  setsid bash -c "echo \$\$ > '${WORLD_CG_RUN:-$WORLD_CG}/cgroup.procs' && exec '$wlbin' --port $port --resume_file '$resume_f' $params $extra" > "$wlog" 2>&1 < /dev/null
pbsprobe/pbs_sweep.sh: line 296: 2591379 Killed                  setsid bash -c "echo \$\$ > '${WORLD_CG_RUN:-$WORLD_CG}/cgroup.procs' && exec '$wlbin' --port $port --resume_file '$resume_f' $params $extra" > "$wlog" 2>&1 < /dev/null
[1979/2239] S169timer_exp__timer_armed dump=0 restore=0 verdict=ok
[1980/2239] S169timer_exp__ready dump=1 restore=na verdict=dump_fail
pbsprobe/pbs_sweep.sh: line 257: 2592553 Killed                  setsid bash -c "echo \$\$ > '${WORLD_CG_RUN:-$WORLD_CG}/cgroup.procs' && exec '$wlbin' --port $port --resume_file '$resume_f' $params $extra" > "$wlog" 2>&1 < /dev/null
[1981/2239] S169timer_exp__steady dump=1 restore=na verdict=dump_fail
pbsprobe/pbs_sweep.sh: line 257: 2593700 Killed                  setsid bash -c "echo \$\$ > '${WORLD_CG_RUN:-$WORLD_CG}/cgroup.procs' && exec '$wlbin' --port $port --resume_file '$resume_f' $params $extra" > "$wlog" 2>&1 < /dev/null
[1982/2239] S170flood__hub_subscribed dump=1 restore=na verdict=dump_fail
pbsprobe/pbs_sweep.sh: line 257: 2594911 Killed                  setsid bash -c "echo \$\$ > '${WORLD_CG_RUN:-$WORLD_CG}/cgroup.procs' && exec '$wlbin' --port $port --resume_file '$resume_f' $params $extra" > "$wlog" 2>&1 < /dev/null
[1983/2239] S170flood__ready dump=1 restore=na verdict=dump_fail
pbsprobe/pbs_sweep.sh: line 257: 2596244 Killed                  setsid bash -c "echo \$\$ > '${WORLD_CG_RUN:-$WORLD_CG}/cgroup.procs' && exec '$wlbin' --port $port --resume_file '$resume_f' $params $extra" > "$wlog" 2>&1 < /dev/null
[1984/2239] S170flood__steady dump=1 restore=na verdict=dump_fail
pbsprobe/pbs_sweep.sh: line 257: 2597626 Killed                  setsid bash -c "echo \$\$ > '${WORLD_CG_RUN:-$WORLD_CG}/cgroup.procs' && exec '$wlbin' --port $port --resume_file '$resume_f' $params $extra" > "$wlog" 2>&1 < /dev/null
[1985/2239] S171flood45__ready dump=1 restore=na verdict=dump_fail
pbsprobe/pbs_sweep.sh: line 257: 2599067 Killed                  setsid bash -c "echo \$\$ > '${WORLD_CG_RUN:-$WORLD_CG}/cgroup.procs' && exec '$wlbin' --port $port --resume_file '$resume_f' $params $extra" > "$wlog" 2>&1 < /dev/null
[1986/2239] S171flood45__steady dump=1 restore=na verdict=dump_fail
pbsprobe/pbs_sweep.sh: line 257: 2600452 Killed                  setsid bash -c "echo \$\$ > '${WORLD_CG_RUN:-$WORLD_CG}/cgroup.procs' && exec '$wlbin' --port $port --resume_file '$resume_f' $params $extra" > "$wlog" 2>&1 < /dev/null
[1987/2239] S172droplock2__tcp_conn dump=1 restore=na verdict=dump_fail
pbsprobe/pbs_sweep.sh: line 257: 2601889 Killed                  setsid bash -c "echo \$\$ > '${WORLD_CG_RUN:-$WORLD_CG}/cgroup.procs' && exec '$wlbin' --port $port --resume_file '$resume_f' $params $extra" > "$wlog" 2>&1 < /dev/null
[1988/2239] S172droplock2__timer_armed dump=1 restore=na verdict=dump_fail
pbsprobe/pbs_sweep.sh: line 257: 2603162 Killed                  setsid bash -c "echo \$\$ > '${WORLD_CG_RUN:-$WORLD_CG}/cgroup.procs' && exec '$wlbin' --port $port --resume_file '$resume_f' $params $extra" > "$wlog" 2>&1 < /dev/null
[1989/2239] S172droplock2__db_watch dump=1 restore=na verdict=dump_fail
pbsprobe/pbs_sweep.sh: line 257: 2604487 Killed                  setsid bash -c "echo \$\$ > '${WORLD_CG_RUN:-$WORLD_CG}/cgroup.procs' && exec '$wlbin' --port $port --resume_file '$resume_f' $params $extra" > "$wlog" 2>&1 < /dev/null
[1990/2239] S172droplock2__ready dump=1 restore=na verdict=dump_fail
pbsprobe/pbs_sweep.sh: line 257: 2605871 Killed                  setsid bash -c "echo \$\$ > '${WORLD_CG_RUN:-$WORLD_CG}/cgroup.procs' && exec '$wlbin' --port $port --resume_file '$resume_f' $params $extra" > "$wlog" 2>&1 < /dev/null
[1991/2239] S172droplock2__steady dump=1 restore=na verdict=dump_fail
pbsprobe/pbs_sweep.sh: line 257: 2607316 Killed                  setsid bash -c "echo \$\$ > '${WORLD_CG_RUN:-$WORLD_CG}/cgroup.procs' && exec '$wlbin' --port $port --resume_file '$resume_f' $params $extra" > "$wlog" 2>&1 < /dev/null
pbsprobe/pbs_sweep.sh: line 296: 2608813 Killed                  setsid bash -c "echo \$\$ > '${WORLD_CG_RUN:-$WORLD_CG}/cgroup.procs' && exec '$wlbin' --port $port --resume_file '$resume_f' $params $extra" > "$wlog" 2>&1 < /dev/null
[1992/2239] S173dbgone2__db_open dump=0 restore=1 verdict=restore_fail
pbsprobe/pbs_sweep.sh: line 296: 2608957 Killed                  setsid bash -c "echo \$\$ > '${WORLD_CG_RUN:-$WORLD_CG}/cgroup.procs' && exec '$wlbin' --port $port --resume_file '$resume_f' $params $extra" > "$wlog" 2>&1 < /dev/null
[1993/2239] S173dbgone2__db_read dump=0 restore=1 verdict=restore_fail
pbsprobe/pbs_sweep.sh: line 296: 2609327 Killed                  setsid bash -c "echo \$\$ > '${WORLD_CG_RUN:-$WORLD_CG}/cgroup.procs' && exec '$wlbin' --port $port --resume_file '$resume_f' $params $extra" > "$wlog" 2>&1 < /dev/null
[1994/2239] S173dbgone2__db_read_p25 dump=0 restore=1 verdict=restore_fail
pbsprobe/pbs_sweep.sh: line 296: 2609527 Killed                  setsid bash -c "echo \$\$ > '${WORLD_CG_RUN:-$WORLD_CG}/cgroup.procs' && exec '$wlbin' --port $port --resume_file '$resume_f' $params $extra" > "$wlog" 2>&1 < /dev/null
[1995/2239] S173dbgone2__db_read_p50 dump=0 restore=1 verdict=restore_fail
pbsprobe/pbs_sweep.sh: line 296: 2609790 Killed                  setsid bash -c "echo \$\$ > '${WORLD_CG_RUN:-$WORLD_CG}/cgroup.procs' && exec '$wlbin' --port $port --resume_file '$resume_f' $params $extra" > "$wlog" 2>&1 < /dev/null
[1996/2239] S173dbgone2__db_read_p75 dump=0 restore=1 verdict=restore_fail
pbsprobe/pbs_sweep.sh: line 296: 2610105 Killed                  setsid bash -c "echo \$\$ > '${WORLD_CG_RUN:-$WORLD_CG}/cgroup.procs' && exec '$wlbin' --port $port --resume_file '$resume_f' $params $extra" > "$wlog" 2>&1 < /dev/null
[1997/2239] S173dbgone2__db_parse dump=0 restore=1 verdict=restore_fail
pbsprobe/pbs_sweep.sh: line 296: 2610698 Killed                  setsid bash -c "echo \$\$ > '${WORLD_CG_RUN:-$WORLD_CG}/cgroup.procs' && exec '$wlbin' --port $port --resume_file '$resume_f' $params $extra" > "$wlog" 2>&1 < /dev/null
[1998/2239] S173dbgone2__db_parse_p25 dump=0 restore=1 verdict=restore_fail
pbsprobe/pbs_sweep.sh: line 296: 2611128 Killed                  setsid bash -c "echo \$\$ > '${WORLD_CG_RUN:-$WORLD_CG}/cgroup.procs' && exec '$wlbin' --port $port --resume_file '$resume_f' $params $extra" > "$wlog" 2>&1 < /dev/null
[1999/2239] S173dbgone2__db_parse_p50 dump=0 restore=1 verdict=restore_fail
pbsprobe/pbs_sweep.sh: line 296: 2611614 Killed                  setsid bash -c "echo \$\$ > '${WORLD_CG_RUN:-$WORLD_CG}/cgroup.procs' && exec '$wlbin' --port $port --resume_file '$resume_f' $params $extra" > "$wlog" 2>&1 < /dev/null
[2000/2239] S173dbgone2__db_parse_p75 dump=0 restore=1 verdict=restore_fail
pbsprobe/pbs_sweep.sh: line 296: 2612159 Killed                  setsid bash -c "echo \$\$ > '${WORLD_CG_RUN:-$WORLD_CG}/cgroup.procs' && exec '$wlbin' --port $port --resume_file '$resume_f' $params $extra" > "$wlog" 2>&1 < /dev/null
[2001/2239] S173dbgone2__epg_index dump=0 restore=1 verdict=restore_fail
pbsprobe/pbs_sweep.sh: line 296: 2612982 Killed                  setsid bash -c "echo \$\$ > '${WORLD_CG_RUN:-$WORLD_CG}/cgroup.procs' && exec '$wlbin' --port $port --resume_file '$resume_f' $params $extra" > "$wlog" 2>&1 < /dev/null
[2002/2239] S173dbgone2__epg_index_p25 dump=0 restore=1 verdict=restore_fail
pbsprobe/pbs_sweep.sh: line 296: 2613638 Killed                  setsid bash -c "echo \$\$ > '${WORLD_CG_RUN:-$WORLD_CG}/cgroup.procs' && exec '$wlbin' --port $port --resume_file '$resume_f' $params $extra" > "$wlog" 2>&1 < /dev/null
[2003/2239] S173dbgone2__epg_index_p50 dump=0 restore=1 verdict=restore_fail
pbsprobe/pbs_sweep.sh: line 296: 2614350 Killed                  setsid bash -c "echo \$\$ > '${WORLD_CG_RUN:-$WORLD_CG}/cgroup.procs' && exec '$wlbin' --port $port --resume_file '$resume_f' $params $extra" > "$wlog" 2>&1 < /dev/null
[2004/2239] S173dbgone2__epg_index_p75 dump=0 restore=1 verdict=restore_fail
pbsprobe/pbs_sweep.sh: line 296: 2615118 Killed                  setsid bash -c "echo \$\$ > '${WORLD_CG_RUN:-$WORLD_CG}/cgroup.procs' && exec '$wlbin' --port $port --resume_file '$resume_f' $params $extra" > "$wlog" 2>&1 < /dev/null
[2005/2239] S173dbgone2__epg_text dump=0 restore=1 verdict=restore_fail
pbsprobe/pbs_sweep.sh: line 296: 2616001 Killed                  setsid bash -c "echo \$\$ > '${WORLD_CG_RUN:-$WORLD_CG}/cgroup.procs' && exec '$wlbin' --port $port --resume_file '$resume_f' $params $extra" > "$wlog" 2>&1 < /dev/null
[2006/2239] S173dbgone2__epg_reserve dump=0 restore=1 verdict=restore_fail
pbsprobe/pbs_sweep.sh: line 296: 2616939 Killed                  setsid bash -c "echo \$\$ > '${WORLD_CG_RUN:-$WORLD_CG}/cgroup.procs' && exec '$wlbin' --port $port --resume_file '$resume_f' $params $extra" > "$wlog" 2>&1 < /dev/null
[2007/2239] S173dbgone2__timer_armed dump=0 restore=1 verdict=restore_fail
[2008/2239] S173dbgone2__db_watch dump=1 restore=na verdict=dump_fail
pbsprobe/pbs_sweep.sh: line 257: 2617993 Killed                  setsid bash -c "echo \$\$ > '${WORLD_CG_RUN:-$WORLD_CG}/cgroup.procs' && exec '$wlbin' --port $port --resume_file '$resume_f' $params $extra" > "$wlog" 2>&1 < /dev/null
[2009/2239] S173dbgone2__ready dump=1 restore=na verdict=dump_fail
pbsprobe/pbs_sweep.sh: line 257: 2619079 Killed                  setsid bash -c "echo \$\$ > '${WORLD_CG_RUN:-$WORLD_CG}/cgroup.procs' && exec '$wlbin' --port $port --resume_file '$resume_f' $params $extra" > "$wlog" 2>&1 < /dev/null
[2010/2239] S173dbgone2__steady dump=1 restore=na verdict=dump_fail
pbsprobe/pbs_sweep.sh: line 257: 2620234 Killed                  setsid bash -c "echo \$\$ > '${WORLD_CG_RUN:-$WORLD_CG}/cgroup.procs' && exec '$wlbin' --port $port --resume_file '$resume_f' $params $extra" > "$wlog" 2>&1 < /dev/null
pbsprobe/pbs_sweep.sh: line 296: 2621445 Killed                  setsid bash -c "echo \$\$ > '${WORLD_CG_RUN:-$WORLD_CG}/cgroup.procs' && exec '$wlbin' --port $port --resume_file '$resume_f' $params $extra" > "$wlog" 2>&1 < /dev/null
[2011/2239] S174ota2__epg_index dump=0 restore=1 verdict=restore_fail
[2012/2239] S174ota2__ready dump=1 restore=na verdict=dump_fail
pbsprobe/pbs_sweep.sh: line 257: 2622273 Killed                  setsid bash -c "echo \$\$ > '${WORLD_CG_RUN:-$WORLD_CG}/cgroup.procs' && exec '$wlbin' --port $port --resume_file '$resume_f' $params $extra" > "$wlog" 2>&1 < /dev/null
[2013/2239] S174ota2__steady dump=1 restore=na verdict=dump_fail
pbsprobe/pbs_sweep.sh: line 257: 2623416 Killed                  setsid bash -c "echo \$\$ > '${WORLD_CG_RUN:-$WORLD_CG}/cgroup.procs' && exec '$wlbin' --port $port --resume_file '$resume_f' $params $extra" > "$wlog" 2>&1 < /dev/null
[2014/2239] S175trunc2__db_mmap dump=1 restore=na verdict=dump_fail
pbsprobe/pbs_sweep.sh: line 257: 2624631 Killed                  setsid bash -c "echo \$\$ > '${WORLD_CG_RUN:-$WORLD_CG}/cgroup.procs' && exec '$wlbin' --port $port --resume_file '$resume_f' $params $extra" > "$wlog" 2>&1 < /dev/null
[2015/2239] S175trunc2__ready dump=1 restore=na verdict=dump_fail
pbsprobe/pbs_sweep.sh: line 257: 2625781 Killed                  setsid bash -c "echo \$\$ > '${WORLD_CG_RUN:-$WORLD_CG}/cgroup.procs' && exec '$wlbin' --port $port --resume_file '$resume_f' $params $extra" > "$wlog" 2>&1 < /dev/null
[2016/2239] S175trunc2__steady dump=1 restore=na verdict=dump_fail
pbsprobe/pbs_sweep.sh: line 257: 2626995 Killed                  setsid bash -c "echo \$\$ > '${WORLD_CG_RUN:-$WORLD_CG}/cgroup.procs' && exec '$wlbin' --port $port --resume_file '$resume_f' $params $extra" > "$wlog" 2>&1 < /dev/null
pbsprobe/pbs_sweep.sh: line 296: 2628261 Killed                  setsid bash -c "echo \$\$ > '${WORLD_CG_RUN:-$WORLD_CG}/cgroup.procs' && exec '$wlbin' --port $port --resume_file '$resume_f' $params $extra" > "$wlog" 2>&1 < /dev/null
[2017/2239] S176squat2__svc_listen dump=0 restore=1 verdict=restore_fail
[2018/2239] S176squat2__ready dump=1 restore=na verdict=dump_fail
pbsprobe/pbs_sweep.sh: line 257: 2629316 Killed                  setsid bash -c "echo \$\$ > '${WORLD_CG_RUN:-$WORLD_CG}/cgroup.procs' && exec '$wlbin' --port $port --resume_file '$resume_f' $params $extra" > "$wlog" 2>&1 < /dev/null
[2019/2239] S176squat2__steady dump=1 restore=na verdict=dump_fail
pbsprobe/pbs_sweep.sh: line 257: 2630526 Killed                  setsid bash -c "echo \$\$ > '${WORLD_CG_RUN:-$WORLD_CG}/cgroup.procs' && exec '$wlbin' --port $port --resume_file '$resume_f' $params $extra" > "$wlog" 2>&1 < /dev/null
pbsprobe/pbs_sweep.sh: line 296: 2631792 Killed                  setsid bash -c "echo \$\$ > '${WORLD_CG_RUN:-$WORLD_CG}/cgroup.procs' && exec '$wlbin' --port $port --resume_file '$resume_f' $params $extra" > "$wlog" 2>&1 < /dev/null
[2020/2239] S177shmgone2__shm_map dump=0 restore=1 verdict=restore_fail
[2021/2239] S177shmgone2__ready dump=1 restore=na verdict=dump_fail
pbsprobe/pbs_sweep.sh: line 257: 2632791 Killed                  setsid bash -c "echo \$\$ > '${WORLD_CG_RUN:-$WORLD_CG}/cgroup.procs' && exec '$wlbin' --port $port --resume_file '$resume_f' $params $extra" > "$wlog" 2>&1 < /dev/null
[2022/2239] S177shmgone2__steady dump=1 restore=na verdict=dump_fail
pbsprobe/pbs_sweep.sh: line 257: 2633997 Killed                  setsid bash -c "echo \$\$ > '${WORLD_CG_RUN:-$WORLD_CG}/cgroup.procs' && exec '$wlbin' --port $port --resume_file '$resume_f' $params $extra" > "$wlog" 2>&1 < /dev/null
[2023/2239] S178dbswap2__db_watch dump=1 restore=na verdict=dump_fail
pbsprobe/pbs_sweep.sh: line 257: 2635271 Killed                  setsid bash -c "echo \$\$ > '${WORLD_CG_RUN:-$WORLD_CG}/cgroup.procs' && exec '$wlbin' --port $port --resume_file '$resume_f' $params $extra" > "$wlog" 2>&1 < /dev/null
[2024/2239] S178dbswap2__ready dump=1 restore=na verdict=dump_fail
pbsprobe/pbs_sweep.sh: line 257: 2636358 Killed                  setsid bash -c "echo \$\$ > '${WORLD_CG_RUN:-$WORLD_CG}/cgroup.procs' && exec '$wlbin' --port $port --resume_file '$resume_f' $params $extra" > "$wlog" 2>&1 < /dev/null
[2025/2239] S178dbswap2__steady dump=1 restore=na verdict=dump_fail
pbsprobe/pbs_sweep.sh: line 257: 2637517 Killed                  setsid bash -c "echo \$\$ > '${WORLD_CG_RUN:-$WORLD_CG}/cgroup.procs' && exec '$wlbin' --port $port --resume_file '$resume_f' $params $extra" > "$wlog" 2>&1 < /dev/null
pbsprobe/pbs_sweep.sh: line 296: 2638731 Killed                  setsid bash -c "echo \$\$ > '${WORLD_CG_RUN:-$WORLD_CG}/cgroup.procs' && exec '$wlbin' --port $port --resume_file '$resume_f' $params $extra" > "$wlog" 2>&1 < /dev/null
[2026/2239] S179mem300__init dump=0 restore=0 verdict=resume_stalled
pbsprobe/pbs_sweep.sh: line 296: 2639763 Killed                  setsid bash -c "echo \$\$ > '${WORLD_CG_RUN:-$WORLD_CG}/cgroup.procs' && exec '$wlbin' --port $port --resume_file '$resume_f' $params $extra" > "$wlog" 2>&1 < /dev/null
[2027/2239] S179mem300__db_open dump=0 restore=0 verdict=resume_stalled
pbsprobe/pbs_sweep.sh: line 296: 2640897 Killed                  setsid bash -c "echo \$\$ > '${WORLD_CG_RUN:-$WORLD_CG}/cgroup.procs' && exec '$wlbin' --port $port --resume_file '$resume_f' $params $extra" > "$wlog" 2>&1 < /dev/null
[2028/2239] S179mem300__db_read dump=0 restore=0 verdict=resume_stalled
pbsprobe/pbs_sweep.sh: line 296: 2642023 Killed                  setsid bash -c "echo \$\$ > '${WORLD_CG_RUN:-$WORLD_CG}/cgroup.procs' && exec '$wlbin' --port $port --resume_file '$resume_f' $params $extra" > "$wlog" 2>&1 < /dev/null
[2029/2239] S179mem300__db_read_p25 dump=0 restore=0 verdict=resume_stalled
pbsprobe/pbs_sweep.sh: line 296: 2643149 Killed                  setsid bash -c "echo \$\$ > '${WORLD_CG_RUN:-$WORLD_CG}/cgroup.procs' && exec '$wlbin' --port $port --resume_file '$resume_f' $params $extra" > "$wlog" 2>&1 < /dev/null
[2030/2239] S179mem300__db_read_p50 dump=0 restore=0 verdict=resume_stalled
pbsprobe/pbs_sweep.sh: line 296: 2644140 Killed                  setsid bash -c "echo \$\$ > '${WORLD_CG_RUN:-$WORLD_CG}/cgroup.procs' && exec '$wlbin' --port $port --resume_file '$resume_f' $params $extra" > "$wlog" 2>&1 < /dev/null
[2031/2239] S179mem300__db_read_p75 dump=0 restore=0 verdict=resume_stalled
pbsprobe/pbs_sweep.sh: line 296: 2645274 Killed                  setsid bash -c "echo \$\$ > '${WORLD_CG_RUN:-$WORLD_CG}/cgroup.procs' && exec '$wlbin' --port $port --resume_file '$resume_f' $params $extra" > "$wlog" 2>&1 < /dev/null
[2032/2239] S179mem300__db_parse dump=0 restore=0 verdict=resume_stalled
pbsprobe/pbs_sweep.sh: line 296: 2646404 Killed                  setsid bash -c "echo \$\$ > '${WORLD_CG_RUN:-$WORLD_CG}/cgroup.procs' && exec '$wlbin' --port $port --resume_file '$resume_f' $params $extra" > "$wlog" 2>&1 < /dev/null
[2033/2239] S179mem300__db_parse_p25 dump=0 restore=0 verdict=resume_stalled
pbsprobe/pbs_sweep.sh: line 296: 2647538 Killed                  setsid bash -c "echo \$\$ > '${WORLD_CG_RUN:-$WORLD_CG}/cgroup.procs' && exec '$wlbin' --port $port --resume_file '$resume_f' $params $extra" > "$wlog" 2>&1 < /dev/null
[2034/2239] S179mem300__db_parse_p50 dump=0 restore=0 verdict=resume_stalled
pbsprobe/pbs_sweep.sh: line 296: 2648668 Killed                  setsid bash -c "echo \$\$ > '${WORLD_CG_RUN:-$WORLD_CG}/cgroup.procs' && exec '$wlbin' --port $port --resume_file '$resume_f' $params $extra" > "$wlog" 2>&1 < /dev/null
[2035/2239] S179mem300__db_parse_p75 dump=0 restore=0 verdict=resume_stalled
pbsprobe/pbs_sweep.sh: line 296: 2649798 Killed                  setsid bash -c "echo \$\$ > '${WORLD_CG_RUN:-$WORLD_CG}/cgroup.procs' && exec '$wlbin' --port $port --resume_file '$resume_f' $params $extra" > "$wlog" 2>&1 < /dev/null
[2036/2239] S179mem300__epg_index dump=1 restore=na verdict=dump_fail
pbsprobe/pbs_sweep.sh: line 296: 2650789 Killed                  setsid bash -c "echo \$\$ > '${WORLD_CG_RUN:-$WORLD_CG}/cgroup.procs' && exec '$wlbin' --port $port --resume_file '$resume_f' $params $extra" > "$wlog" 2>&1 < /dev/null
[2037/2239] S179mem300__epg_index_p25 dump=0 restore=0 verdict=resume_stalled
pbsprobe/pbs_sweep.sh: line 296: 2651788 Killed                  setsid bash -c "echo \$\$ > '${WORLD_CG_RUN:-$WORLD_CG}/cgroup.procs' && exec '$wlbin' --port $port --resume_file '$resume_f' $params $extra" > "$wlog" 2>&1 < /dev/null
[2038/2239] S179mem300__epg_index_p50 dump=0 restore=0 verdict=resume_stalled
pbsprobe/pbs_sweep.sh: line 296: 2652878 Killed                  setsid bash -c "echo \$\$ > '${WORLD_CG_RUN:-$WORLD_CG}/cgroup.procs' && exec '$wlbin' --port $port --resume_file '$resume_f' $params $extra" > "$wlog" 2>&1 < /dev/null
[2039/2239] S179mem300__epg_index_p75 dump=0 restore=0 verdict=resume_stalled
pbsprobe/pbs_sweep.sh: line 296: 2653956 Killed                  setsid bash -c "echo \$\$ > '${WORLD_CG_RUN:-$WORLD_CG}/cgroup.procs' && exec '$wlbin' --port $port --resume_file '$resume_f' $params $extra" > "$wlog" 2>&1 < /dev/null
[2040/2239] S179mem300__epg_text dump=0 restore=0 verdict=resume_stalled
pbsprobe/pbs_sweep.sh: line 296: 2655161 Killed                  setsid bash -c "echo \$\$ > '${WORLD_CG_RUN:-$WORLD_CG}/cgroup.procs' && exec '$wlbin' --port $port --resume_file '$resume_f' $params $extra" > "$wlog" 2>&1 < /dev/null
[2041/2239] S179mem300__epg_reserve dump=1 restore=na verdict=dump_fail
pbsprobe/pbs_sweep.sh: line 195: 2656267 Killed                  setsid bash -c "echo \$\$ > '${WORLD_CG_RUN:-$WORLD_CG}/cgroup.procs' && exec '$wlbin' --port $port --resume_file '$resume_f' $params $extra" > "$wlog" 2>&1 < /dev/null
[2042/2239] S179mem300__ready: phase 'ready' 미도달
[2042/2239] S179mem300__ready dump=na restore=na verdict=launch_fail
pbsprobe/pbs_sweep.sh: line 203: 2657283 Killed                  setsid bash -c "echo \$\$ > '${WORLD_CG_RUN:-$WORLD_CG}/cgroup.procs' && exec '$wlbin' --port $port --resume_file '$resume_f' $params $extra" > "$wlog" 2>&1 < /dev/null
[2043/2239] S179mem300__steady: phase 'steady' 미도달
[2043/2239] S179mem300__steady dump=na restore=na verdict=launch_fail
pbsprobe/pbs_sweep.sh: line 296: 2658303 Killed                  setsid bash -c "echo \$\$ > '${WORLD_CG_RUN:-$WORLD_CG}/cgroup.procs' && exec '$wlbin' --port $port --resume_file '$resume_f' $params $extra" > "$wlog" 2>&1 < /dev/null
[2044/2239] S180mem330__init dump=0 restore=0 verdict=resume_stalled
pbsprobe/pbs_sweep.sh: line 296: 2659330 Killed                  setsid bash -c "echo \$\$ > '${WORLD_CG_RUN:-$WORLD_CG}/cgroup.procs' && exec '$wlbin' --port $port --resume_file '$resume_f' $params $extra" > "$wlog" 2>&1 < /dev/null
[2045/2239] S180mem330__db_open dump=0 restore=0 verdict=resume_stalled
pbsprobe/pbs_sweep.sh: line 296: 2660337 Killed                  setsid bash -c "echo \$\$ > '${WORLD_CG_RUN:-$WORLD_CG}/cgroup.procs' && exec '$wlbin' --port $port --resume_file '$resume_f' $params $extra" > "$wlog" 2>&1 < /dev/null
[2046/2239] S180mem330__db_read dump=0 restore=0 verdict=resume_stalled
pbsprobe/pbs_sweep.sh: line 296: 2661332 Killed                  setsid bash -c "echo \$\$ > '${WORLD_CG_RUN:-$WORLD_CG}/cgroup.procs' && exec '$wlbin' --port $port --resume_file '$resume_f' $params $extra" > "$wlog" 2>&1 < /dev/null
[2047/2239] S180mem330__db_read_p25 dump=0 restore=0 verdict=resume_stalled
pbsprobe/pbs_sweep.sh: line 296: 2662327 Killed                  setsid bash -c "echo \$\$ > '${WORLD_CG_RUN:-$WORLD_CG}/cgroup.procs' && exec '$wlbin' --port $port --resume_file '$resume_f' $params $extra" > "$wlog" 2>&1 < /dev/null
[2048/2239] S180mem330__db_read_p50 dump=0 restore=0 verdict=resume_stalled
pbsprobe/pbs_sweep.sh: line 296: 2663318 Killed                  setsid bash -c "echo \$\$ > '${WORLD_CG_RUN:-$WORLD_CG}/cgroup.procs' && exec '$wlbin' --port $port --resume_file '$resume_f' $params $extra" > "$wlog" 2>&1 < /dev/null
[2049/2239] S180mem330__db_read_p75 dump=0 restore=0 verdict=resume_stalled
pbsprobe/pbs_sweep.sh: line 296: 2664313 Killed                  setsid bash -c "echo \$\$ > '${WORLD_CG_RUN:-$WORLD_CG}/cgroup.procs' && exec '$wlbin' --port $port --resume_file '$resume_f' $params $extra" > "$wlog" 2>&1 < /dev/null
[2050/2239] S180mem330__db_parse dump=0 restore=0 verdict=resume_stalled
pbsprobe/pbs_sweep.sh: line 296: 2665304 Killed                  setsid bash -c "echo \$\$ > '${WORLD_CG_RUN:-$WORLD_CG}/cgroup.procs' && exec '$wlbin' --port $port --resume_file '$resume_f' $params $extra" > "$wlog" 2>&1 < /dev/null
[2051/2239] S180mem330__db_parse_p25 dump=0 restore=0 verdict=resume_stalled
pbsprobe/pbs_sweep.sh: line 296: 2666299 Killed                  setsid bash -c "echo \$\$ > '${WORLD_CG_RUN:-$WORLD_CG}/cgroup.procs' && exec '$wlbin' --port $port --resume_file '$resume_f' $params $extra" > "$wlog" 2>&1 < /dev/null
[2052/2239] S180mem330__db_parse_p50 dump=0 restore=0 verdict=resume_stalled
pbsprobe/pbs_sweep.sh: line 296: 2667294 Killed                  setsid bash -c "echo \$\$ > '${WORLD_CG_RUN:-$WORLD_CG}/cgroup.procs' && exec '$wlbin' --port $port --resume_file '$resume_f' $params $extra" > "$wlog" 2>&1 < /dev/null
[2053/2239] S180mem330__db_parse_p75 dump=0 restore=0 verdict=resume_stalled
pbsprobe/pbs_sweep.sh: line 296: 2668285 Killed                  setsid bash -c "echo \$\$ > '${WORLD_CG_RUN:-$WORLD_CG}/cgroup.procs' && exec '$wlbin' --port $port --resume_file '$resume_f' $params $extra" > "$wlog" 2>&1 < /dev/null
[2054/2239] S180mem330__epg_index dump=1 restore=na verdict=dump_fail
pbsprobe/pbs_sweep.sh: line 296: 2669280 Killed                  setsid bash -c "echo \$\$ > '${WORLD_CG_RUN:-$WORLD_CG}/cgroup.procs' && exec '$wlbin' --port $port --resume_file '$resume_f' $params $extra" > "$wlog" 2>&1 < /dev/null
[2055/2239] S180mem330__epg_index_p25 dump=0 restore=0 verdict=resume_stalled
pbsprobe/pbs_sweep.sh: line 296: 2670279 Killed                  setsid bash -c "echo \$\$ > '${WORLD_CG_RUN:-$WORLD_CG}/cgroup.procs' && exec '$wlbin' --port $port --resume_file '$resume_f' $params $extra" > "$wlog" 2>&1 < /dev/null
[2056/2239] S180mem330__epg_index_p50 dump=0 restore=0 verdict=resume_stalled
pbsprobe/pbs_sweep.sh: line 296: 2671377 Killed                  setsid bash -c "echo \$\$ > '${WORLD_CG_RUN:-$WORLD_CG}/cgroup.procs' && exec '$wlbin' --port $port --resume_file '$resume_f' $params $extra" > "$wlog" 2>&1 < /dev/null
[2057/2239] S180mem330__epg_index_p75 dump=0 restore=0 verdict=resume_stalled
pbsprobe/pbs_sweep.sh: line 195: 2672451 Killed                  setsid bash -c "echo \$\$ > '${WORLD_CG_RUN:-$WORLD_CG}/cgroup.procs' && exec '$wlbin' --port $port --resume_file '$resume_f' $params $extra" > "$wlog" 2>&1 < /dev/null
[2058/2239] S180mem330__epg_text: phase 'epg_text' 미도달
[2058/2239] S180mem330__epg_text dump=na restore=na verdict=launch_fail
pbsprobe/pbs_sweep.sh: line 195: 2673431 Killed                  setsid bash -c "echo \$\$ > '${WORLD_CG_RUN:-$WORLD_CG}/cgroup.procs' && exec '$wlbin' --port $port --resume_file '$resume_f' $params $extra" > "$wlog" 2>&1 < /dev/null
[2059/2239] S180mem330__epg_reserve: phase 'epg_reserve' 미도달
[2059/2239] S180mem330__epg_reserve dump=na restore=na verdict=launch_fail
pbsprobe/pbs_sweep.sh: line 195: 2674447 Killed                  setsid bash -c "echo \$\$ > '${WORLD_CG_RUN:-$WORLD_CG}/cgroup.procs' && exec '$wlbin' --port $port --resume_file '$resume_f' $params $extra" > "$wlog" 2>&1 < /dev/null
[2060/2239] S180mem330__ready: phase 'ready' 미도달
[2060/2239] S180mem330__ready dump=na restore=na verdict=launch_fail
pbsprobe/pbs_sweep.sh: line 195: 2675463 Killed                  setsid bash -c "echo \$\$ > '${WORLD_CG_RUN:-$WORLD_CG}/cgroup.procs' && exec '$wlbin' --port $port --resume_file '$resume_f' $params $extra" > "$wlog" 2>&1 < /dev/null
[2061/2239] S180mem330__steady: phase 'steady' 미도달
[2061/2239] S180mem330__steady dump=na restore=na verdict=launch_fail
pbsprobe/pbs_sweep.sh: line 296: 2676483 Killed                  setsid bash -c "echo \$\$ > '${WORLD_CG_RUN:-$WORLD_CG}/cgroup.procs' && exec '$wlbin' --port $port --resume_file '$resume_f' $params $extra" > "$wlog" 2>&1 < /dev/null
[2062/2239] S181mem500__init dump=0 restore=0 verdict=resume_stalled
pbsprobe/pbs_sweep.sh: line 296: 2677506 Killed                  setsid bash -c "echo \$\$ > '${WORLD_CG_RUN:-$WORLD_CG}/cgroup.procs' && exec '$wlbin' --port $port --resume_file '$resume_f' $params $extra" > "$wlog" 2>&1 < /dev/null
[2063/2239] S181mem500__db_open dump=0 restore=0 verdict=resume_stalled
pbsprobe/pbs_sweep.sh: line 296: 2678497 Killed                  setsid bash -c "echo \$\$ > '${WORLD_CG_RUN:-$WORLD_CG}/cgroup.procs' && exec '$wlbin' --port $port --resume_file '$resume_f' $params $extra" > "$wlog" 2>&1 < /dev/null
[2064/2239] S181mem500__db_read dump=0 restore=0 verdict=resume_stalled
pbsprobe/pbs_sweep.sh: line 296: 2679496 Killed                  setsid bash -c "echo \$\$ > '${WORLD_CG_RUN:-$WORLD_CG}/cgroup.procs' && exec '$wlbin' --port $port --resume_file '$resume_f' $params $extra" > "$wlog" 2>&1 < /dev/null
[2065/2239] S181mem500__db_read_p25 dump=0 restore=0 verdict=resume_stalled
pbsprobe/pbs_sweep.sh: line 296: 2680483 Killed                  setsid bash -c "echo \$\$ > '${WORLD_CG_RUN:-$WORLD_CG}/cgroup.procs' && exec '$wlbin' --port $port --resume_file '$resume_f' $params $extra" > "$wlog" 2>&1 < /dev/null
[2066/2239] S181mem500__db_read_p50 dump=0 restore=0 verdict=resume_stalled
pbsprobe/pbs_sweep.sh: line 296: 2681482 Killed                  setsid bash -c "echo \$\$ > '${WORLD_CG_RUN:-$WORLD_CG}/cgroup.procs' && exec '$wlbin' --port $port --resume_file '$resume_f' $params $extra" > "$wlog" 2>&1 < /dev/null
[2067/2239] S181mem500__db_read_p75 dump=0 restore=0 verdict=resume_stalled
pbsprobe/pbs_sweep.sh: line 296: 2682477 Killed                  setsid bash -c "echo \$\$ > '${WORLD_CG_RUN:-$WORLD_CG}/cgroup.procs' && exec '$wlbin' --port $port --resume_file '$resume_f' $params $extra" > "$wlog" 2>&1 < /dev/null
[2068/2239] S181mem500__db_parse dump=0 restore=0 verdict=resume_stalled
pbsprobe/pbs_sweep.sh: line 296: 2683476 Killed                  setsid bash -c "echo \$\$ > '${WORLD_CG_RUN:-$WORLD_CG}/cgroup.procs' && exec '$wlbin' --port $port --resume_file '$resume_f' $params $extra" > "$wlog" 2>&1 < /dev/null
[2069/2239] S181mem500__db_parse_p25 dump=0 restore=0 verdict=resume_stalled
pbsprobe/pbs_sweep.sh: line 296: 2684475 Killed                  setsid bash -c "echo \$\$ > '${WORLD_CG_RUN:-$WORLD_CG}/cgroup.procs' && exec '$wlbin' --port $port --resume_file '$resume_f' $params $extra" > "$wlog" 2>&1 < /dev/null
[2070/2239] S181mem500__db_parse_p50 dump=0 restore=0 verdict=resume_stalled
pbsprobe/pbs_sweep.sh: line 296: 2685466 Killed                  setsid bash -c "echo \$\$ > '${WORLD_CG_RUN:-$WORLD_CG}/cgroup.procs' && exec '$wlbin' --port $port --resume_file '$resume_f' $params $extra" > "$wlog" 2>&1 < /dev/null
[2071/2239] S181mem500__db_parse_p75 dump=0 restore=0 verdict=resume_stalled
pbsprobe/pbs_sweep.sh: line 296: 2686465 Killed                  setsid bash -c "echo \$\$ > '${WORLD_CG_RUN:-$WORLD_CG}/cgroup.procs' && exec '$wlbin' --port $port --resume_file '$resume_f' $params $extra" > "$wlog" 2>&1 < /dev/null
[2072/2239] S181mem500__epg_index dump=1 restore=na verdict=dump_fail
pbsprobe/pbs_sweep.sh: line 296: 2687460 Killed                  setsid bash -c "echo \$\$ > '${WORLD_CG_RUN:-$WORLD_CG}/cgroup.procs' && exec '$wlbin' --port $port --resume_file '$resume_f' $params $extra" > "$wlog" 2>&1 < /dev/null
[2073/2239] S181mem500__epg_index_p25 dump=0 restore=0 verdict=resume_stalled
pbsprobe/pbs_sweep.sh: line 296: 2688459 Killed                  setsid bash -c "echo \$\$ > '${WORLD_CG_RUN:-$WORLD_CG}/cgroup.procs' && exec '$wlbin' --port $port --resume_file '$resume_f' $params $extra" > "$wlog" 2>&1 < /dev/null
[2074/2239] S181mem500__epg_index_p50 dump=0 restore=0 verdict=resume_stalled
pbsprobe/pbs_sweep.sh: line 296: 2689561 Killed                  setsid bash -c "echo \$\$ > '${WORLD_CG_RUN:-$WORLD_CG}/cgroup.procs' && exec '$wlbin' --port $port --resume_file '$resume_f' $params $extra" > "$wlog" 2>&1 < /dev/null
[2075/2239] S181mem500__epg_index_p75 dump=0 restore=0 verdict=resume_stalled
pbsprobe/pbs_sweep.sh: line 296: 2690639 Killed                  setsid bash -c "echo \$\$ > '${WORLD_CG_RUN:-$WORLD_CG}/cgroup.procs' && exec '$wlbin' --port $port --resume_file '$resume_f' $params $extra" > "$wlog" 2>&1 < /dev/null
[2076/2239] S181mem500__epg_text dump=0 restore=0 verdict=resume_stalled
pbsprobe/pbs_sweep.sh: line 296: 2691840 Killed                  setsid bash -c "echo \$\$ > '${WORLD_CG_RUN:-$WORLD_CG}/cgroup.procs' && exec '$wlbin' --port $port --resume_file '$resume_f' $params $extra" > "$wlog" 2>&1 < /dev/null
[2077/2239] S181mem500__epg_reserve dump=1 restore=na verdict=dump_fail
pbsprobe/pbs_sweep.sh: line 203: 2692942 Killed                  setsid bash -c "echo \$\$ > '${WORLD_CG_RUN:-$WORLD_CG}/cgroup.procs' && exec '$wlbin' --port $port --resume_file '$resume_f' $params $extra" > "$wlog" 2>&1 < /dev/null
[2078/2239] S181mem500__ready: phase 'ready' 미도달
[2078/2239] S181mem500__ready dump=na restore=na verdict=launch_fail
pbsprobe/pbs_sweep.sh: line 200: 2693962 Killed                  setsid bash -c "echo \$\$ > '${WORLD_CG_RUN:-$WORLD_CG}/cgroup.procs' && exec '$wlbin' --port $port --resume_file '$resume_f' $params $extra" > "$wlog" 2>&1 < /dev/null
[2079/2239] S181mem500__steady: phase 'steady' 미도달
[2079/2239] S181mem500__steady dump=na restore=na verdict=launch_fail
pbsprobe/pbs_sweep.sh: line 296: 2694982 Killed                  setsid bash -c "echo \$\$ > '${WORLD_CG_RUN:-$WORLD_CG}/cgroup.procs' && exec '$wlbin' --port $port --resume_file '$resume_f' $params $extra" > "$wlog" 2>&1 < /dev/null
[2080/2239] S182mem700__init dump=0 restore=0 verdict=resume_stalled
pbsprobe/pbs_sweep.sh: line 296: 2696017 Killed                  setsid bash -c "echo \$\$ > '${WORLD_CG_RUN:-$WORLD_CG}/cgroup.procs' && exec '$wlbin' --port $port --resume_file '$resume_f' $params $extra" > "$wlog" 2>&1 < /dev/null
[2081/2239] S182mem700__db_open dump=0 restore=0 verdict=resume_stalled
pbsprobe/pbs_sweep.sh: line 296: 2697012 Killed                  setsid bash -c "echo \$\$ > '${WORLD_CG_RUN:-$WORLD_CG}/cgroup.procs' && exec '$wlbin' --port $port --resume_file '$resume_f' $params $extra" > "$wlog" 2>&1 < /dev/null
[2082/2239] S182mem700__db_read dump=0 restore=0 verdict=resume_stalled
pbsprobe/pbs_sweep.sh: line 296: 2698003 Killed                  setsid bash -c "echo \$\$ > '${WORLD_CG_RUN:-$WORLD_CG}/cgroup.procs' && exec '$wlbin' --port $port --resume_file '$resume_f' $params $extra" > "$wlog" 2>&1 < /dev/null
[2083/2239] S182mem700__db_read_p25 dump=0 restore=0 verdict=resume_stalled
pbsprobe/pbs_sweep.sh: line 296: 2699002 Killed                  setsid bash -c "echo \$\$ > '${WORLD_CG_RUN:-$WORLD_CG}/cgroup.procs' && exec '$wlbin' --port $port --resume_file '$resume_f' $params $extra" > "$wlog" 2>&1 < /dev/null
[2084/2239] S182mem700__db_read_p50 dump=0 restore=0 verdict=resume_stalled
pbsprobe/pbs_sweep.sh: line 296: 2699989 Killed                  setsid bash -c "echo \$\$ > '${WORLD_CG_RUN:-$WORLD_CG}/cgroup.procs' && exec '$wlbin' --port $port --resume_file '$resume_f' $params $extra" > "$wlog" 2>&1 < /dev/null
[2085/2239] S182mem700__db_read_p75 dump=0 restore=0 verdict=resume_stalled
pbsprobe/pbs_sweep.sh: line 296: 2700988 Killed                  setsid bash -c "echo \$\$ > '${WORLD_CG_RUN:-$WORLD_CG}/cgroup.procs' && exec '$wlbin' --port $port --resume_file '$resume_f' $params $extra" > "$wlog" 2>&1 < /dev/null
[2086/2239] S182mem700__db_parse dump=0 restore=0 verdict=resume_stalled
pbsprobe/pbs_sweep.sh: line 296: 2701979 Killed                  setsid bash -c "echo \$\$ > '${WORLD_CG_RUN:-$WORLD_CG}/cgroup.procs' && exec '$wlbin' --port $port --resume_file '$resume_f' $params $extra" > "$wlog" 2>&1 < /dev/null
[2087/2239] S182mem700__db_parse_p25 dump=0 restore=0 verdict=resume_stalled
pbsprobe/pbs_sweep.sh: line 296: 2702970 Killed                  setsid bash -c "echo \$\$ > '${WORLD_CG_RUN:-$WORLD_CG}/cgroup.procs' && exec '$wlbin' --port $port --resume_file '$resume_f' $params $extra" > "$wlog" 2>&1 < /dev/null
[2088/2239] S182mem700__db_parse_p50 dump=0 restore=0 verdict=resume_stalled
pbsprobe/pbs_sweep.sh: line 296: 2703977 Killed                  setsid bash -c "echo \$\$ > '${WORLD_CG_RUN:-$WORLD_CG}/cgroup.procs' && exec '$wlbin' --port $port --resume_file '$resume_f' $params $extra" > "$wlog" 2>&1 < /dev/null
[2089/2239] S182mem700__db_parse_p75 dump=0 restore=0 verdict=resume_stalled
pbsprobe/pbs_sweep.sh: line 296: 2704976 Killed                  setsid bash -c "echo \$\$ > '${WORLD_CG_RUN:-$WORLD_CG}/cgroup.procs' && exec '$wlbin' --port $port --resume_file '$resume_f' $params $extra" > "$wlog" 2>&1 < /dev/null
[2090/2239] S182mem700__epg_index dump=1 restore=na verdict=dump_fail
pbsprobe/pbs_sweep.sh: line 296: 2705963 Killed                  setsid bash -c "echo \$\$ > '${WORLD_CG_RUN:-$WORLD_CG}/cgroup.procs' && exec '$wlbin' --port $port --resume_file '$resume_f' $params $extra" > "$wlog" 2>&1 < /dev/null
[2091/2239] S182mem700__epg_index_p25 dump=0 restore=0 verdict=resume_stalled
pbsprobe/pbs_sweep.sh: line 296: 2706966 Killed                  setsid bash -c "echo \$\$ > '${WORLD_CG_RUN:-$WORLD_CG}/cgroup.procs' && exec '$wlbin' --port $port --resume_file '$resume_f' $params $extra" > "$wlog" 2>&1 < /dev/null
[2092/2239] S182mem700__epg_index_p50 dump=0 restore=0 verdict=resume_stalled
pbsprobe/pbs_sweep.sh: line 296: 2708064 Killed                  setsid bash -c "echo \$\$ > '${WORLD_CG_RUN:-$WORLD_CG}/cgroup.procs' && exec '$wlbin' --port $port --resume_file '$resume_f' $params $extra" > "$wlog" 2>&1 < /dev/null
[2093/2239] S182mem700__epg_index_p75 dump=0 restore=0 verdict=resume_stalled
pbsprobe/pbs_sweep.sh: line 203: 2709134 Killed                  setsid bash -c "echo \$\$ > '${WORLD_CG_RUN:-$WORLD_CG}/cgroup.procs' && exec '$wlbin' --port $port --resume_file '$resume_f' $params $extra" > "$wlog" 2>&1 < /dev/null
[2094/2239] S182mem700__epg_text: phase 'epg_text' 미도달
[2094/2239] S182mem700__epg_text dump=na restore=na verdict=launch_fail
pbsprobe/pbs_sweep.sh: line 195: 2710122 Killed                  setsid bash -c "echo \$\$ > '${WORLD_CG_RUN:-$WORLD_CG}/cgroup.procs' && exec '$wlbin' --port $port --resume_file '$resume_f' $params $extra" > "$wlog" 2>&1 < /dev/null
[2095/2239] S182mem700__epg_reserve: phase 'epg_reserve' 미도달
[2095/2239] S182mem700__epg_reserve dump=na restore=na verdict=launch_fail
pbsprobe/pbs_sweep.sh: line 195: 2711142 Killed                  setsid bash -c "echo \$\$ > '${WORLD_CG_RUN:-$WORLD_CG}/cgroup.procs' && exec '$wlbin' --port $port --resume_file '$resume_f' $params $extra" > "$wlog" 2>&1 < /dev/null
[2096/2239] S182mem700__ready: phase 'ready' 미도달
[2096/2239] S182mem700__ready dump=na restore=na verdict=launch_fail
pbsprobe/pbs_sweep.sh: line 195: 2712158 Killed                  setsid bash -c "echo \$\$ > '${WORLD_CG_RUN:-$WORLD_CG}/cgroup.procs' && exec '$wlbin' --port $port --resume_file '$resume_f' $params $extra" > "$wlog" 2>&1 < /dev/null
[2097/2239] S182mem700__steady: phase 'steady' 미도달
[2097/2239] S182mem700__steady dump=na restore=na verdict=launch_fail
pbsprobe/pbs_sweep.sh: line 296: 2713174 Killed                  setsid bash -c "echo \$\$ > '${WORLD_CG_RUN:-$WORLD_CG}/cgroup.procs' && exec '$wlbin' --port $port --resume_file '$resume_f' $params $extra" > "$wlog" 2>&1 < /dev/null
[2098/2239] S183mem1024__init dump=0 restore=0 verdict=resume_stalled
pbsprobe/pbs_sweep.sh: line 296: 2714201 Killed                  setsid bash -c "echo \$\$ > '${WORLD_CG_RUN:-$WORLD_CG}/cgroup.procs' && exec '$wlbin' --port $port --resume_file '$resume_f' $params $extra" > "$wlog" 2>&1 < /dev/null
[2099/2239] S183mem1024__db_open dump=0 restore=0 verdict=resume_stalled
pbsprobe/pbs_sweep.sh: line 296: 2715192 Killed                  setsid bash -c "echo \$\$ > '${WORLD_CG_RUN:-$WORLD_CG}/cgroup.procs' && exec '$wlbin' --port $port --resume_file '$resume_f' $params $extra" > "$wlog" 2>&1 < /dev/null
[2100/2239] S183mem1024__db_read dump=0 restore=0 verdict=resume_stalled
pbsprobe/pbs_sweep.sh: line 296: 2716187 Killed                  setsid bash -c "echo \$\$ > '${WORLD_CG_RUN:-$WORLD_CG}/cgroup.procs' && exec '$wlbin' --port $port --resume_file '$resume_f' $params $extra" > "$wlog" 2>&1 < /dev/null
[2101/2239] S183mem1024__db_read_p25 dump=0 restore=0 verdict=resume_stalled
pbsprobe/pbs_sweep.sh: line 296: 2717178 Killed                  setsid bash -c "echo \$\$ > '${WORLD_CG_RUN:-$WORLD_CG}/cgroup.procs' && exec '$wlbin' --port $port --resume_file '$resume_f' $params $extra" > "$wlog" 2>&1 < /dev/null
[2102/2239] S183mem1024__db_read_p50 dump=0 restore=0 verdict=resume_stalled
pbsprobe/pbs_sweep.sh: line 296: 2718165 Killed                  setsid bash -c "echo \$\$ > '${WORLD_CG_RUN:-$WORLD_CG}/cgroup.procs' && exec '$wlbin' --port $port --resume_file '$resume_f' $params $extra" > "$wlog" 2>&1 < /dev/null
[2103/2239] S183mem1024__db_read_p75 dump=0 restore=0 verdict=resume_stalled
pbsprobe/pbs_sweep.sh: line 296: 2719160 Killed                  setsid bash -c "echo \$\$ > '${WORLD_CG_RUN:-$WORLD_CG}/cgroup.procs' && exec '$wlbin' --port $port --resume_file '$resume_f' $params $extra" > "$wlog" 2>&1 < /dev/null
[2104/2239] S183mem1024__db_parse dump=0 restore=0 verdict=resume_stalled
pbsprobe/pbs_sweep.sh: line 296: 2720286 Killed                  setsid bash -c "echo \$\$ > '${WORLD_CG_RUN:-$WORLD_CG}/cgroup.procs' && exec '$wlbin' --port $port --resume_file '$resume_f' $params $extra" > "$wlog" 2>&1 < /dev/null
[2105/2239] S183mem1024__db_parse_p25 dump=0 restore=0 verdict=resume_stalled
pbsprobe/pbs_sweep.sh: line 296: 2721281 Killed                  setsid bash -c "echo \$\$ > '${WORLD_CG_RUN:-$WORLD_CG}/cgroup.procs' && exec '$wlbin' --port $port --resume_file '$resume_f' $params $extra" > "$wlog" 2>&1 < /dev/null
[2106/2239] S183mem1024__db_parse_p50 dump=0 restore=0 verdict=resume_stalled
pbsprobe/pbs_sweep.sh: line 296: 2722268 Killed                  setsid bash -c "echo \$\$ > '${WORLD_CG_RUN:-$WORLD_CG}/cgroup.procs' && exec '$wlbin' --port $port --resume_file '$resume_f' $params $extra" > "$wlog" 2>&1 < /dev/null
[2107/2239] S183mem1024__db_parse_p75 dump=0 restore=0 verdict=resume_stalled
pbsprobe/pbs_sweep.sh: line 296: 2723255 Killed                  setsid bash -c "echo \$\$ > '${WORLD_CG_RUN:-$WORLD_CG}/cgroup.procs' && exec '$wlbin' --port $port --resume_file '$resume_f' $params $extra" > "$wlog" 2>&1 < /dev/null
[2108/2239] S183mem1024__epg_index dump=1 restore=na verdict=dump_fail
pbsprobe/pbs_sweep.sh: line 296: 2724242 Killed                  setsid bash -c "echo \$\$ > '${WORLD_CG_RUN:-$WORLD_CG}/cgroup.procs' && exec '$wlbin' --port $port --resume_file '$resume_f' $params $extra" > "$wlog" 2>&1 < /dev/null
[2109/2239] S183mem1024__epg_index_p25 dump=0 restore=0 verdict=resume_stalled
pbsprobe/pbs_sweep.sh: line 296: 2725249 Killed                  setsid bash -c "echo \$\$ > '${WORLD_CG_RUN:-$WORLD_CG}/cgroup.procs' && exec '$wlbin' --port $port --resume_file '$resume_f' $params $extra" > "$wlog" 2>&1 < /dev/null
[2110/2239] S183mem1024__epg_index_p50 dump=0 restore=0 verdict=resume_stalled
pbsprobe/pbs_sweep.sh: line 296: 2726343 Killed                  setsid bash -c "echo \$\$ > '${WORLD_CG_RUN:-$WORLD_CG}/cgroup.procs' && exec '$wlbin' --port $port --resume_file '$resume_f' $params $extra" > "$wlog" 2>&1 < /dev/null
[2111/2239] S183mem1024__epg_index_p75 dump=0 restore=0 verdict=resume_stalled
pbsprobe/pbs_sweep.sh: line 296: 2727421 Killed                  setsid bash -c "echo \$\$ > '${WORLD_CG_RUN:-$WORLD_CG}/cgroup.procs' && exec '$wlbin' --port $port --resume_file '$resume_f' $params $extra" > "$wlog" 2>&1 < /dev/null
[2112/2239] S183mem1024__epg_text dump=0 restore=0 verdict=resume_stalled
pbsprobe/pbs_sweep.sh: line 195: 2728606 Killed                  setsid bash -c "echo \$\$ > '${WORLD_CG_RUN:-$WORLD_CG}/cgroup.procs' && exec '$wlbin' --port $port --resume_file '$resume_f' $params $extra" > "$wlog" 2>&1 < /dev/null
[2113/2239] S183mem1024__epg_reserve: phase 'epg_reserve' 미도달
[2113/2239] S183mem1024__epg_reserve dump=na restore=na verdict=launch_fail
pbsprobe/pbs_sweep.sh: line 195: 2729594 Killed                  setsid bash -c "echo \$\$ > '${WORLD_CG_RUN:-$WORLD_CG}/cgroup.procs' && exec '$wlbin' --port $port --resume_file '$resume_f' $params $extra" > "$wlog" 2>&1 < /dev/null
[2114/2239] S183mem1024__ready: phase 'ready' 미도달
[2114/2239] S183mem1024__ready dump=na restore=na verdict=launch_fail
pbsprobe/pbs_sweep.sh: line 195: 2730610 Killed                  setsid bash -c "echo \$\$ > '${WORLD_CG_RUN:-$WORLD_CG}/cgroup.procs' && exec '$wlbin' --port $port --resume_file '$resume_f' $params $extra" > "$wlog" 2>&1 < /dev/null
[2115/2239] S183mem1024__steady: phase 'steady' 미도달
[2115/2239] S183mem1024__steady dump=na restore=na verdict=launch_fail
pbsprobe/pbs_sweep.sh: line 296: 2731634 Killed                  setsid bash -c "echo \$\$ > '${WORLD_CG_RUN:-$WORLD_CG}/cgroup.procs' && exec '$wlbin' --port $port --resume_file '$resume_f' $params $extra" > "$wlog" 2>&1 < /dev/null
[2116/2239] S184lmem330__init dump=0 restore=0 verdict=ok
pbsprobe/pbs_sweep.sh: line 296: 2732648 Killed                  setsid bash -c "echo \$\$ > '${WORLD_CG_RUN:-$WORLD_CG}/cgroup.procs' && exec '$wlbin' --port $port --resume_file '$resume_f' $params $extra" > "$wlog" 2>&1 < /dev/null
[2117/2239] S184lmem330__db_open dump=0 restore=0 verdict=ok
pbsprobe/pbs_sweep.sh: line 296: 2733663 Killed                  setsid bash -c "echo \$\$ > '${WORLD_CG_RUN:-$WORLD_CG}/cgroup.procs' && exec '$wlbin' --port $port --resume_file '$resume_f' $params $extra" > "$wlog" 2>&1 < /dev/null
[2118/2239] S184lmem330__db_read dump=0 restore=0 verdict=ok
pbsprobe/pbs_sweep.sh: line 296: 2734678 Killed                  setsid bash -c "echo \$\$ > '${WORLD_CG_RUN:-$WORLD_CG}/cgroup.procs' && exec '$wlbin' --port $port --resume_file '$resume_f' $params $extra" > "$wlog" 2>&1 < /dev/null
[2119/2239] S184lmem330__db_read_p25 dump=0 restore=0 verdict=ok
pbsprobe/pbs_sweep.sh: line 296: 2735696 Killed                  setsid bash -c "echo \$\$ > '${WORLD_CG_RUN:-$WORLD_CG}/cgroup.procs' && exec '$wlbin' --port $port --resume_file '$resume_f' $params $extra" > "$wlog" 2>&1 < /dev/null
[2120/2239] S184lmem330__db_read_p50 dump=0 restore=0 verdict=ok
pbsprobe/pbs_sweep.sh: line 296: 2736711 Killed                  setsid bash -c "echo \$\$ > '${WORLD_CG_RUN:-$WORLD_CG}/cgroup.procs' && exec '$wlbin' --port $port --resume_file '$resume_f' $params $extra" > "$wlog" 2>&1 < /dev/null
[2121/2239] S184lmem330__db_read_p75 dump=0 restore=0 verdict=ok
pbsprobe/pbs_sweep.sh: line 296: 2737730 Killed                  setsid bash -c "echo \$\$ > '${WORLD_CG_RUN:-$WORLD_CG}/cgroup.procs' && exec '$wlbin' --port $port --resume_file '$resume_f' $params $extra" > "$wlog" 2>&1 < /dev/null
[2122/2239] S184lmem330__db_parse dump=0 restore=0 verdict=ok
pbsprobe/pbs_sweep.sh: line 296: 2738749 Killed                  setsid bash -c "echo \$\$ > '${WORLD_CG_RUN:-$WORLD_CG}/cgroup.procs' && exec '$wlbin' --port $port --resume_file '$resume_f' $params $extra" > "$wlog" 2>&1 < /dev/null
[2123/2239] S184lmem330__db_parse_p25 dump=0 restore=0 verdict=ok
pbsprobe/pbs_sweep.sh: line 296: 2739771 Killed                  setsid bash -c "echo \$\$ > '${WORLD_CG_RUN:-$WORLD_CG}/cgroup.procs' && exec '$wlbin' --port $port --resume_file '$resume_f' $params $extra" > "$wlog" 2>&1 < /dev/null
[2124/2239] S184lmem330__db_parse_p50 dump=0 restore=0 verdict=ok
pbsprobe/pbs_sweep.sh: line 296: 2740786 Killed                  setsid bash -c "echo \$\$ > '${WORLD_CG_RUN:-$WORLD_CG}/cgroup.procs' && exec '$wlbin' --port $port --resume_file '$resume_f' $params $extra" > "$wlog" 2>&1 < /dev/null
[2125/2239] S184lmem330__db_parse_p75 dump=0 restore=0 verdict=ok
pbsprobe/pbs_sweep.sh: line 296: 2741801 Killed                  setsid bash -c "echo \$\$ > '${WORLD_CG_RUN:-$WORLD_CG}/cgroup.procs' && exec '$wlbin' --port $port --resume_file '$resume_f' $params $extra" > "$wlog" 2>&1 < /dev/null
[2126/2239] S184lmem330__epg_index dump=0 restore=0 verdict=ok
pbsprobe/pbs_sweep.sh: line 296: 2742820 Killed                  setsid bash -c "echo \$\$ > '${WORLD_CG_RUN:-$WORLD_CG}/cgroup.procs' && exec '$wlbin' --port $port --resume_file '$resume_f' $params $extra" > "$wlog" 2>&1 < /dev/null
[2127/2239] S184lmem330__epg_index_p25 dump=0 restore=0 verdict=ok
pbsprobe/pbs_sweep.sh: line 296: 2743839 Killed                  setsid bash -c "echo \$\$ > '${WORLD_CG_RUN:-$WORLD_CG}/cgroup.procs' && exec '$wlbin' --port $port --resume_file '$resume_f' $params $extra" > "$wlog" 2>&1 < /dev/null
[2128/2239] S184lmem330__epg_index_p50 dump=0 restore=0 verdict=ok
pbsprobe/pbs_sweep.sh: line 296: 2744857 Killed                  setsid bash -c "echo \$\$ > '${WORLD_CG_RUN:-$WORLD_CG}/cgroup.procs' && exec '$wlbin' --port $port --resume_file '$resume_f' $params $extra" > "$wlog" 2>&1 < /dev/null
[2129/2239] S184lmem330__epg_index_p75 dump=0 restore=0 verdict=ok
pbsprobe/pbs_sweep.sh: line 296: 2745872 Killed                  setsid bash -c "echo \$\$ > '${WORLD_CG_RUN:-$WORLD_CG}/cgroup.procs' && exec '$wlbin' --port $port --resume_file '$resume_f' $params $extra" > "$wlog" 2>&1 < /dev/null
[2130/2239] S184lmem330__epg_text dump=0 restore=0 verdict=ok
pbsprobe/pbs_sweep.sh: line 296: 2746883 Killed                  setsid bash -c "echo \$\$ > '${WORLD_CG_RUN:-$WORLD_CG}/cgroup.procs' && exec '$wlbin' --port $port --resume_file '$resume_f' $params $extra" > "$wlog" 2>&1 < /dev/null
[2131/2239] S184lmem330__epg_reserve dump=0 restore=0 verdict=ok
pbsprobe/pbs_sweep.sh: line 296: 2747898 Killed                  setsid bash -c "echo \$\$ > '${WORLD_CG_RUN:-$WORLD_CG}/cgroup.procs' && exec '$wlbin' --port $port --resume_file '$resume_f' $params $extra" > "$wlog" 2>&1 < /dev/null
[2132/2239] S184lmem330__ready dump=0 restore=0 verdict=ok
pbsprobe/pbs_sweep.sh: line 296: 2748983 Killed                  setsid bash -c "echo \$\$ > '${WORLD_CG_RUN:-$WORLD_CG}/cgroup.procs' && exec '$wlbin' --port $port --resume_file '$resume_f' $params $extra" > "$wlog" 2>&1 < /dev/null
[2133/2239] S184lmem330__steady dump=0 restore=0 verdict=ok
pbsprobe/pbs_sweep.sh: line 296: 2750124 Killed                  setsid bash -c "echo \$\$ > '${WORLD_CG_RUN:-$WORLD_CG}/cgroup.procs' && exec '$wlbin' --port $port --resume_file '$resume_f' $params $extra" > "$wlog" 2>&1 < /dev/null
[2134/2239] S185lmem500__init dump=0 restore=0 verdict=ok
pbsprobe/pbs_sweep.sh: line 296: 2751147 Killed                  setsid bash -c "echo \$\$ > '${WORLD_CG_RUN:-$WORLD_CG}/cgroup.procs' && exec '$wlbin' --port $port --resume_file '$resume_f' $params $extra" > "$wlog" 2>&1 < /dev/null
[2135/2239] S185lmem500__db_open dump=0 restore=0 verdict=ok
pbsprobe/pbs_sweep.sh: line 296: 2752169 Killed                  setsid bash -c "echo \$\$ > '${WORLD_CG_RUN:-$WORLD_CG}/cgroup.procs' && exec '$wlbin' --port $port --resume_file '$resume_f' $params $extra" > "$wlog" 2>&1 < /dev/null
[2136/2239] S185lmem500__db_read dump=0 restore=0 verdict=ok
pbsprobe/pbs_sweep.sh: line 296: 2753176 Killed                  setsid bash -c "echo \$\$ > '${WORLD_CG_RUN:-$WORLD_CG}/cgroup.procs' && exec '$wlbin' --port $port --resume_file '$resume_f' $params $extra" > "$wlog" 2>&1 < /dev/null
[2137/2239] S185lmem500__db_read_p25 dump=0 restore=0 verdict=ok
pbsprobe/pbs_sweep.sh: line 296: 2754191 Killed                  setsid bash -c "echo \$\$ > '${WORLD_CG_RUN:-$WORLD_CG}/cgroup.procs' && exec '$wlbin' --port $port --resume_file '$resume_f' $params $extra" > "$wlog" 2>&1 < /dev/null
[2138/2239] S185lmem500__db_read_p50 dump=0 restore=0 verdict=ok
pbsprobe/pbs_sweep.sh: line 296: 2755206 Killed                  setsid bash -c "echo \$\$ > '${WORLD_CG_RUN:-$WORLD_CG}/cgroup.procs' && exec '$wlbin' --port $port --resume_file '$resume_f' $params $extra" > "$wlog" 2>&1 < /dev/null
[2139/2239] S185lmem500__db_read_p75 dump=0 restore=0 verdict=ok
pbsprobe/pbs_sweep.sh: line 296: 2756225 Killed                  setsid bash -c "echo \$\$ > '${WORLD_CG_RUN:-$WORLD_CG}/cgroup.procs' && exec '$wlbin' --port $port --resume_file '$resume_f' $params $extra" > "$wlog" 2>&1 < /dev/null
[2140/2239] S185lmem500__db_parse dump=0 restore=0 verdict=ok
pbsprobe/pbs_sweep.sh: line 296: 2757243 Killed                  setsid bash -c "echo \$\$ > '${WORLD_CG_RUN:-$WORLD_CG}/cgroup.procs' && exec '$wlbin' --port $port --resume_file '$resume_f' $params $extra" > "$wlog" 2>&1 < /dev/null
[2141/2239] S185lmem500__db_parse_p25 dump=0 restore=0 verdict=ok
pbsprobe/pbs_sweep.sh: line 296: 2758258 Killed                  setsid bash -c "echo \$\$ > '${WORLD_CG_RUN:-$WORLD_CG}/cgroup.procs' && exec '$wlbin' --port $port --resume_file '$resume_f' $params $extra" > "$wlog" 2>&1 < /dev/null
[2142/2239] S185lmem500__db_parse_p50 dump=0 restore=0 verdict=ok
pbsprobe/pbs_sweep.sh: line 296: 2759277 Killed                  setsid bash -c "echo \$\$ > '${WORLD_CG_RUN:-$WORLD_CG}/cgroup.procs' && exec '$wlbin' --port $port --resume_file '$resume_f' $params $extra" > "$wlog" 2>&1 < /dev/null
[2143/2239] S185lmem500__db_parse_p75 dump=0 restore=0 verdict=ok
pbsprobe/pbs_sweep.sh: line 296: 2760292 Killed                  setsid bash -c "echo \$\$ > '${WORLD_CG_RUN:-$WORLD_CG}/cgroup.procs' && exec '$wlbin' --port $port --resume_file '$resume_f' $params $extra" > "$wlog" 2>&1 < /dev/null
[2144/2239] S185lmem500__epg_index dump=0 restore=0 verdict=ok
pbsprobe/pbs_sweep.sh: line 296: 2761303 Killed                  setsid bash -c "echo \$\$ > '${WORLD_CG_RUN:-$WORLD_CG}/cgroup.procs' && exec '$wlbin' --port $port --resume_file '$resume_f' $params $extra" > "$wlog" 2>&1 < /dev/null
[2145/2239] S185lmem500__epg_index_p25 dump=0 restore=0 verdict=ok
pbsprobe/pbs_sweep.sh: line 296: 2762321 Killed                  setsid bash -c "echo \$\$ > '${WORLD_CG_RUN:-$WORLD_CG}/cgroup.procs' && exec '$wlbin' --port $port --resume_file '$resume_f' $params $extra" > "$wlog" 2>&1 < /dev/null
[2146/2239] S185lmem500__epg_index_p50 dump=0 restore=0 verdict=ok
pbsprobe/pbs_sweep.sh: line 296: 2763332 Killed                  setsid bash -c "echo \$\$ > '${WORLD_CG_RUN:-$WORLD_CG}/cgroup.procs' && exec '$wlbin' --port $port --resume_file '$resume_f' $params $extra" > "$wlog" 2>&1 < /dev/null
[2147/2239] S185lmem500__epg_index_p75 dump=0 restore=0 verdict=ok
pbsprobe/pbs_sweep.sh: line 296: 2764343 Killed                  setsid bash -c "echo \$\$ > '${WORLD_CG_RUN:-$WORLD_CG}/cgroup.procs' && exec '$wlbin' --port $port --resume_file '$resume_f' $params $extra" > "$wlog" 2>&1 < /dev/null
[2148/2239] S185lmem500__epg_text dump=0 restore=0 verdict=ok
pbsprobe/pbs_sweep.sh: line 296: 2765354 Killed                  setsid bash -c "echo \$\$ > '${WORLD_CG_RUN:-$WORLD_CG}/cgroup.procs' && exec '$wlbin' --port $port --resume_file '$resume_f' $params $extra" > "$wlog" 2>&1 < /dev/null
[2149/2239] S185lmem500__epg_reserve dump=0 restore=0 verdict=ok
pbsprobe/pbs_sweep.sh: line 296: 2766372 Killed                  setsid bash -c "echo \$\$ > '${WORLD_CG_RUN:-$WORLD_CG}/cgroup.procs' && exec '$wlbin' --port $port --resume_file '$resume_f' $params $extra" > "$wlog" 2>&1 < /dev/null
[2150/2239] S185lmem500__ready dump=0 restore=0 verdict=ok
pbsprobe/pbs_sweep.sh: line 296: 2767454 Killed                  setsid bash -c "echo \$\$ > '${WORLD_CG_RUN:-$WORLD_CG}/cgroup.procs' && exec '$wlbin' --port $port --resume_file '$resume_f' $params $extra" > "$wlog" 2>&1 < /dev/null
[2151/2239] S185lmem500__steady dump=0 restore=0 verdict=ok
pbsprobe/pbs_sweep.sh: line 296: 2768595 Killed                  setsid bash -c "echo \$\$ > '${WORLD_CG_RUN:-$WORLD_CG}/cgroup.procs' && exec '$wlbin' --port $port --resume_file '$resume_f' $params $extra" > "$wlog" 2>&1 < /dev/null
[2152/2239] S188selfhub__init dump=0 restore=0 verdict=ok
pbsprobe/pbs_sweep.sh: line 296: 2769838 Killed                  setsid bash -c "echo \$\$ > '${WORLD_CG_RUN:-$WORLD_CG}/cgroup.procs' && exec '$wlbin' --port $port --resume_file '$resume_f' $params $extra" > "$wlog" 2>&1 < /dev/null
[2153/2239] S188selfhub__db_open dump=0 restore=0 verdict=ok
pbsprobe/pbs_sweep.sh: line 296: 2771073 Killed                  setsid bash -c "echo \$\$ > '${WORLD_CG_RUN:-$WORLD_CG}/cgroup.procs' && exec '$wlbin' --port $port --resume_file '$resume_f' $params $extra" > "$wlog" 2>&1 < /dev/null
[2154/2239] S188selfhub__db_read dump=0 restore=0 verdict=ok
pbsprobe/pbs_sweep.sh: line 296: 2772301 Killed                  setsid bash -c "echo \$\$ > '${WORLD_CG_RUN:-$WORLD_CG}/cgroup.procs' && exec '$wlbin' --port $port --resume_file '$resume_f' $params $extra" > "$wlog" 2>&1 < /dev/null
[2155/2239] S188selfhub__db_read_p25 dump=0 restore=0 verdict=ok
pbsprobe/pbs_sweep.sh: line 296: 2773540 Killed                  setsid bash -c "echo \$\$ > '${WORLD_CG_RUN:-$WORLD_CG}/cgroup.procs' && exec '$wlbin' --port $port --resume_file '$resume_f' $params $extra" > "$wlog" 2>&1 < /dev/null
[2156/2239] S188selfhub__db_read_p50 dump=0 restore=0 verdict=ok
pbsprobe/pbs_sweep.sh: line 296: 2774772 Killed                  setsid bash -c "echo \$\$ > '${WORLD_CG_RUN:-$WORLD_CG}/cgroup.procs' && exec '$wlbin' --port $port --resume_file '$resume_f' $params $extra" > "$wlog" 2>&1 < /dev/null
[2157/2239] S188selfhub__db_read_p75 dump=0 restore=0 verdict=ok
pbsprobe/pbs_sweep.sh: line 296: 2776011 Killed                  setsid bash -c "echo \$\$ > '${WORLD_CG_RUN:-$WORLD_CG}/cgroup.procs' && exec '$wlbin' --port $port --resume_file '$resume_f' $params $extra" > "$wlog" 2>&1 < /dev/null
[2158/2239] S188selfhub__db_parse dump=0 restore=0 verdict=ok
pbsprobe/pbs_sweep.sh: line 296: 2777250 Killed                  setsid bash -c "echo \$\$ > '${WORLD_CG_RUN:-$WORLD_CG}/cgroup.procs' && exec '$wlbin' --port $port --resume_file '$resume_f' $params $extra" > "$wlog" 2>&1 < /dev/null
[2159/2239] S188selfhub__db_parse_p25 dump=0 restore=0 verdict=ok
pbsprobe/pbs_sweep.sh: line 296: 2778482 Killed                  setsid bash -c "echo \$\$ > '${WORLD_CG_RUN:-$WORLD_CG}/cgroup.procs' && exec '$wlbin' --port $port --resume_file '$resume_f' $params $extra" > "$wlog" 2>&1 < /dev/null
[2160/2239] S188selfhub__db_parse_p50 dump=0 restore=0 verdict=ok
pbsprobe/pbs_sweep.sh: line 296: 2779717 Killed                  setsid bash -c "echo \$\$ > '${WORLD_CG_RUN:-$WORLD_CG}/cgroup.procs' && exec '$wlbin' --port $port --resume_file '$resume_f' $params $extra" > "$wlog" 2>&1 < /dev/null
[2161/2239] S188selfhub__hub_conn1 dump=0 restore=0 verdict=ok
pbsprobe/pbs_sweep.sh: line 296: 2780949 Killed                  setsid bash -c "echo \$\$ > '${WORLD_CG_RUN:-$WORLD_CG}/cgroup.procs' && exec '$wlbin' --port $port --resume_file '$resume_f' $params $extra" > "$wlog" 2>&1 < /dev/null
[2162/2239] S188selfhub__hub_conn2 dump=0 restore=0 verdict=ok
pbsprobe/pbs_sweep.sh: line 296: 2782188 Killed                  setsid bash -c "echo \$\$ > '${WORLD_CG_RUN:-$WORLD_CG}/cgroup.procs' && exec '$wlbin' --port $port --resume_file '$resume_f' $params $extra" > "$wlog" 2>&1 < /dev/null
[2163/2239] S188selfhub__hub_subscribed dump=0 restore=0 verdict=ok
[2164/2239] S188selfhub__ready dump=1 restore=na verdict=dump_fail
pbsprobe/pbs_sweep.sh: line 257: 2783416 Killed                  setsid bash -c "echo \$\$ > '${WORLD_CG_RUN:-$WORLD_CG}/cgroup.procs' && exec '$wlbin' --port $port --resume_file '$resume_f' $params $extra" > "$wlog" 2>&1 < /dev/null
[2165/2239] S188selfhub__steady dump=1 restore=na verdict=dump_fail
pbsprobe/pbs_sweep.sh: line 257: 2784674 Killed                  setsid bash -c "echo \$\$ > '${WORLD_CG_RUN:-$WORLD_CG}/cgroup.procs' && exec '$wlbin' --port $port --resume_file '$resume_f' $params $extra" > "$wlog" 2>&1 < /dev/null
[2166/2239] S189srcline__Lsrc_001: phase 'Lsrc_001' 미도달
[2166/2239] S189srcline__Lsrc_001 dump=na restore=na verdict=launch_fail
pbsprobe/pbs_sweep.sh: line 257: 2786000 Killed                  setsid bash -c "echo \$\$ > '${WORLD_CG_RUN:-$WORLD_CG}/cgroup.procs' && exec '$wlbin' --port $port --resume_file '$resume_f' $params $extra" > "$wlog" 2>&1 < /dev/null
[2167/2239] S189srcline__Lsrc_002: phase 'Lsrc_002' 미도달
[2167/2239] S189srcline__Lsrc_002 dump=na restore=na verdict=launch_fail
pbsprobe/pbs_sweep.sh: line 257: 2786257 Killed                  setsid bash -c "echo \$\$ > '${WORLD_CG_RUN:-$WORLD_CG}/cgroup.procs' && exec '$wlbin' --port $port --resume_file '$resume_f' $params $extra" > "$wlog" 2>&1 < /dev/null
[2168/2239] S189srcline__Lsrc_003: phase 'Lsrc_003' 미도달
[2168/2239] S189srcline__Lsrc_003 dump=na restore=na verdict=launch_fail
pbsprobe/pbs_sweep.sh: line 257: 2786511 Killed                  setsid bash -c "echo \$\$ > '${WORLD_CG_RUN:-$WORLD_CG}/cgroup.procs' && exec '$wlbin' --port $port --resume_file '$resume_f' $params $extra" > "$wlog" 2>&1 < /dev/null
[2169/2239] S189srcline__Lsrc_004: phase 'Lsrc_004' 미도달
[2169/2239] S189srcline__Lsrc_004 dump=na restore=na verdict=launch_fail
pbsprobe/pbs_sweep.sh: line 257: 2786765 Killed                  setsid bash -c "echo \$\$ > '${WORLD_CG_RUN:-$WORLD_CG}/cgroup.procs' && exec '$wlbin' --port $port --resume_file '$resume_f' $params $extra" > "$wlog" 2>&1 < /dev/null
[2170/2239] S189srcline__Lsrc_005: phase 'Lsrc_005' 미도달
[2170/2239] S189srcline__Lsrc_005 dump=na restore=na verdict=launch_fail
pbsprobe/pbs_sweep.sh: line 257: 2787019 Killed                  setsid bash -c "echo \$\$ > '${WORLD_CG_RUN:-$WORLD_CG}/cgroup.procs' && exec '$wlbin' --port $port --resume_file '$resume_f' $params $extra" > "$wlog" 2>&1 < /dev/null
[2171/2239] S189srcline__Lsrc_006: phase 'Lsrc_006' 미도달
[2171/2239] S189srcline__Lsrc_006 dump=na restore=na verdict=launch_fail
pbsprobe/pbs_sweep.sh: line 257: 2787273 Killed                  setsid bash -c "echo \$\$ > '${WORLD_CG_RUN:-$WORLD_CG}/cgroup.procs' && exec '$wlbin' --port $port --resume_file '$resume_f' $params $extra" > "$wlog" 2>&1 < /dev/null
[2172/2239] S189srcline__Lsrc_007: phase 'Lsrc_007' 미도달
[2172/2239] S189srcline__Lsrc_007 dump=na restore=na verdict=launch_fail
pbsprobe/pbs_sweep.sh: line 257: 2787527 Killed                  setsid bash -c "echo \$\$ > '${WORLD_CG_RUN:-$WORLD_CG}/cgroup.procs' && exec '$wlbin' --port $port --resume_file '$resume_f' $params $extra" > "$wlog" 2>&1 < /dev/null
[2173/2239] S189srcline__Lsrc_008: phase 'Lsrc_008' 미도달
[2173/2239] S189srcline__Lsrc_008 dump=na restore=na verdict=launch_fail
pbsprobe/pbs_sweep.sh: line 257: 2787781 Killed                  setsid bash -c "echo \$\$ > '${WORLD_CG_RUN:-$WORLD_CG}/cgroup.procs' && exec '$wlbin' --port $port --resume_file '$resume_f' $params $extra" > "$wlog" 2>&1 < /dev/null
[2174/2239] S189srcline__Lsrc_009: phase 'Lsrc_009' 미도달
[2174/2239] S189srcline__Lsrc_009 dump=na restore=na verdict=launch_fail
pbsprobe/pbs_sweep.sh: line 257: 2788035 Killed                  setsid bash -c "echo \$\$ > '${WORLD_CG_RUN:-$WORLD_CG}/cgroup.procs' && exec '$wlbin' --port $port --resume_file '$resume_f' $params $extra" > "$wlog" 2>&1 < /dev/null
[2175/2239] S189srcline__Lsrc_010: phase 'Lsrc_010' 미도달
[2175/2239] S189srcline__Lsrc_010 dump=na restore=na verdict=launch_fail
pbsprobe/pbs_sweep.sh: line 257: 2788292 Killed                  setsid bash -c "echo \$\$ > '${WORLD_CG_RUN:-$WORLD_CG}/cgroup.procs' && exec '$wlbin' --port $port --resume_file '$resume_f' $params $extra" > "$wlog" 2>&1 < /dev/null
[2176/2239] S189srcline__Lsrc_011: phase 'Lsrc_011' 미도달
[2176/2239] S189srcline__Lsrc_011 dump=na restore=na verdict=launch_fail
pbsprobe/pbs_sweep.sh: line 257: 2788546 Killed                  setsid bash -c "echo \$\$ > '${WORLD_CG_RUN:-$WORLD_CG}/cgroup.procs' && exec '$wlbin' --port $port --resume_file '$resume_f' $params $extra" > "$wlog" 2>&1 < /dev/null
[2177/2239] S189srcline__Lsrc_012: phase 'Lsrc_012' 미도달
[2177/2239] S189srcline__Lsrc_012 dump=na restore=na verdict=launch_fail
pbsprobe/pbs_sweep.sh: line 257: 2788800 Killed                  setsid bash -c "echo \$\$ > '${WORLD_CG_RUN:-$WORLD_CG}/cgroup.procs' && exec '$wlbin' --port $port --resume_file '$resume_f' $params $extra" > "$wlog" 2>&1 < /dev/null
[2178/2239] S189srcline__Lsrc_013: phase 'Lsrc_013' 미도달
[2178/2239] S189srcline__Lsrc_013 dump=na restore=na verdict=launch_fail
pbsprobe/pbs_sweep.sh: line 257: 2789054 Killed                  setsid bash -c "echo \$\$ > '${WORLD_CG_RUN:-$WORLD_CG}/cgroup.procs' && exec '$wlbin' --port $port --resume_file '$resume_f' $params $extra" > "$wlog" 2>&1 < /dev/null
[2179/2239] S189srcline__Lsrc_014: phase 'Lsrc_014' 미도달
[2179/2239] S189srcline__Lsrc_014 dump=na restore=na verdict=launch_fail
pbsprobe/pbs_sweep.sh: line 257: 2789308 Killed                  setsid bash -c "echo \$\$ > '${WORLD_CG_RUN:-$WORLD_CG}/cgroup.procs' && exec '$wlbin' --port $port --resume_file '$resume_f' $params $extra" > "$wlog" 2>&1 < /dev/null
[2180/2239] S189srcline__Lsrc_015: phase 'Lsrc_015' 미도달
[2180/2239] S189srcline__Lsrc_015 dump=na restore=na verdict=launch_fail
pbsprobe/pbs_sweep.sh: line 257: 2789562 Killed                  setsid bash -c "echo \$\$ > '${WORLD_CG_RUN:-$WORLD_CG}/cgroup.procs' && exec '$wlbin' --port $port --resume_file '$resume_f' $params $extra" > "$wlog" 2>&1 < /dev/null
[2181/2239] S189srcline__Lsrc_016: phase 'Lsrc_016' 미도달
[2181/2239] S189srcline__Lsrc_016 dump=na restore=na verdict=launch_fail
pbsprobe/pbs_sweep.sh: line 257: 2789816 Killed                  setsid bash -c "echo \$\$ > '${WORLD_CG_RUN:-$WORLD_CG}/cgroup.procs' && exec '$wlbin' --port $port --resume_file '$resume_f' $params $extra" > "$wlog" 2>&1 < /dev/null
[2182/2239] S189srcline__Lsrc_017: phase 'Lsrc_017' 미도달
[2182/2239] S189srcline__Lsrc_017 dump=na restore=na verdict=launch_fail
pbsprobe/pbs_sweep.sh: line 257: 2790070 Killed                  setsid bash -c "echo \$\$ > '${WORLD_CG_RUN:-$WORLD_CG}/cgroup.procs' && exec '$wlbin' --port $port --resume_file '$resume_f' $params $extra" > "$wlog" 2>&1 < /dev/null
[2183/2239] S189srcline__Lsrc_018: phase 'Lsrc_018' 미도달
[2183/2239] S189srcline__Lsrc_018 dump=na restore=na verdict=launch_fail
pbsprobe/pbs_sweep.sh: line 257: 2790324 Killed                  setsid bash -c "echo \$\$ > '${WORLD_CG_RUN:-$WORLD_CG}/cgroup.procs' && exec '$wlbin' --port $port --resume_file '$resume_f' $params $extra" > "$wlog" 2>&1 < /dev/null
[2184/2239] S189srcline__Lsrc_019: phase 'Lsrc_019' 미도달
[2184/2239] S189srcline__Lsrc_019 dump=na restore=na verdict=launch_fail
pbsprobe/pbs_sweep.sh: line 257: 2790578 Killed                  setsid bash -c "echo \$\$ > '${WORLD_CG_RUN:-$WORLD_CG}/cgroup.procs' && exec '$wlbin' --port $port --resume_file '$resume_f' $params $extra" > "$wlog" 2>&1 < /dev/null
[2185/2239] S189srcline__Lsrc_020: phase 'Lsrc_020' 미도달
[2185/2239] S189srcline__Lsrc_020 dump=na restore=na verdict=launch_fail
pbsprobe/pbs_sweep.sh: line 257: 2790835 Killed                  setsid bash -c "echo \$\$ > '${WORLD_CG_RUN:-$WORLD_CG}/cgroup.procs' && exec '$wlbin' --port $port --resume_file '$resume_f' $params $extra" > "$wlog" 2>&1 < /dev/null
[2186/2239] S189srcline__Lsrc_021: phase 'Lsrc_021' 미도달
[2186/2239] S189srcline__Lsrc_021 dump=na restore=na verdict=launch_fail
pbsprobe/pbs_sweep.sh: line 257: 2791089 Killed                  setsid bash -c "echo \$\$ > '${WORLD_CG_RUN:-$WORLD_CG}/cgroup.procs' && exec '$wlbin' --port $port --resume_file '$resume_f' $params $extra" > "$wlog" 2>&1 < /dev/null
[2187/2239] S189srcline__Lsrc_022: phase 'Lsrc_022' 미도달
[2187/2239] S189srcline__Lsrc_022 dump=na restore=na verdict=launch_fail
pbsprobe/pbs_sweep.sh: line 257: 2791343 Killed                  setsid bash -c "echo \$\$ > '${WORLD_CG_RUN:-$WORLD_CG}/cgroup.procs' && exec '$wlbin' --port $port --resume_file '$resume_f' $params $extra" > "$wlog" 2>&1 < /dev/null
[2188/2239] S189srcline__Lsrc_023: phase 'Lsrc_023' 미도달
[2188/2239] S189srcline__Lsrc_023 dump=na restore=na verdict=launch_fail
pbsprobe/pbs_sweep.sh: line 257: 2791597 Killed                  setsid bash -c "echo \$\$ > '${WORLD_CG_RUN:-$WORLD_CG}/cgroup.procs' && exec '$wlbin' --port $port --resume_file '$resume_f' $params $extra" > "$wlog" 2>&1 < /dev/null
[2189/2239] S189srcline__Lsrc_024: phase 'Lsrc_024' 미도달
[2189/2239] S189srcline__Lsrc_024 dump=na restore=na verdict=launch_fail
pbsprobe/pbs_sweep.sh: line 257: 2791851 Killed                  setsid bash -c "echo \$\$ > '${WORLD_CG_RUN:-$WORLD_CG}/cgroup.procs' && exec '$wlbin' --port $port --resume_file '$resume_f' $params $extra" > "$wlog" 2>&1 < /dev/null
[2190/2239] S189srcline__Lsrc_025: phase 'Lsrc_025' 미도달
[2190/2239] S189srcline__Lsrc_025 dump=na restore=na verdict=launch_fail
pbsprobe/pbs_sweep.sh: line 257: 2792105 Killed                  setsid bash -c "echo \$\$ > '${WORLD_CG_RUN:-$WORLD_CG}/cgroup.procs' && exec '$wlbin' --port $port --resume_file '$resume_f' $params $extra" > "$wlog" 2>&1 < /dev/null
[2191/2239] S189srcline__Lsrc_026: phase 'Lsrc_026' 미도달
[2191/2239] S189srcline__Lsrc_026 dump=na restore=na verdict=launch_fail
pbsprobe/pbs_sweep.sh: line 257: 2792359 Killed                  setsid bash -c "echo \$\$ > '${WORLD_CG_RUN:-$WORLD_CG}/cgroup.procs' && exec '$wlbin' --port $port --resume_file '$resume_f' $params $extra" > "$wlog" 2>&1 < /dev/null
[2192/2239] S189srcline__Lsrc_027: phase 'Lsrc_027' 미도달
[2192/2239] S189srcline__Lsrc_027 dump=na restore=na verdict=launch_fail
pbsprobe/pbs_sweep.sh: line 257: 2792613 Killed                  setsid bash -c "echo \$\$ > '${WORLD_CG_RUN:-$WORLD_CG}/cgroup.procs' && exec '$wlbin' --port $port --resume_file '$resume_f' $params $extra" > "$wlog" 2>&1 < /dev/null
[2193/2239] S189srcline__Lsrc_028: phase 'Lsrc_028' 미도달
[2193/2239] S189srcline__Lsrc_028 dump=na restore=na verdict=launch_fail
pbsprobe/pbs_sweep.sh: line 257: 2792867 Killed                  setsid bash -c "echo \$\$ > '${WORLD_CG_RUN:-$WORLD_CG}/cgroup.procs' && exec '$wlbin' --port $port --resume_file '$resume_f' $params $extra" > "$wlog" 2>&1 < /dev/null
[2194/2239] S189srcline__Lsrc_029: phase 'Lsrc_029' 미도달
[2194/2239] S189srcline__Lsrc_029 dump=na restore=na verdict=launch_fail
pbsprobe/pbs_sweep.sh: line 257: 2793124 Killed                  setsid bash -c "echo \$\$ > '${WORLD_CG_RUN:-$WORLD_CG}/cgroup.procs' && exec '$wlbin' --port $port --resume_file '$resume_f' $params $extra" > "$wlog" 2>&1 < /dev/null
[2195/2239] S189srcline__Lsrc_030: phase 'Lsrc_030' 미도달
[2195/2239] S189srcline__Lsrc_030 dump=na restore=na verdict=launch_fail
pbsprobe/pbs_sweep.sh: line 257: 2793378 Killed                  setsid bash -c "echo \$\$ > '${WORLD_CG_RUN:-$WORLD_CG}/cgroup.procs' && exec '$wlbin' --port $port --resume_file '$resume_f' $params $extra" > "$wlog" 2>&1 < /dev/null
[2196/2239] S189srcline__Lsrc_031: phase 'Lsrc_031' 미도달
[2196/2239] S189srcline__Lsrc_031 dump=na restore=na verdict=launch_fail
pbsprobe/pbs_sweep.sh: line 257: 2793632 Killed                  setsid bash -c "echo \$\$ > '${WORLD_CG_RUN:-$WORLD_CG}/cgroup.procs' && exec '$wlbin' --port $port --resume_file '$resume_f' $params $extra" > "$wlog" 2>&1 < /dev/null
[2197/2239] S189srcline__Lsrc_032: phase 'Lsrc_032' 미도달
[2197/2239] S189srcline__Lsrc_032 dump=na restore=na verdict=launch_fail
pbsprobe/pbs_sweep.sh: line 257: 2793886 Killed                  setsid bash -c "echo \$\$ > '${WORLD_CG_RUN:-$WORLD_CG}/cgroup.procs' && exec '$wlbin' --port $port --resume_file '$resume_f' $params $extra" > "$wlog" 2>&1 < /dev/null
[2198/2239] S189srcline__Lsrc_033: phase 'Lsrc_033' 미도달
[2198/2239] S189srcline__Lsrc_033 dump=na restore=na verdict=launch_fail
pbsprobe/pbs_sweep.sh: line 257: 2794140 Killed                  setsid bash -c "echo \$\$ > '${WORLD_CG_RUN:-$WORLD_CG}/cgroup.procs' && exec '$wlbin' --port $port --resume_file '$resume_f' $params $extra" > "$wlog" 2>&1 < /dev/null
[2199/2239] S189srcline__Lsrc_034: phase 'Lsrc_034' 미도달
[2199/2239] S189srcline__Lsrc_034 dump=na restore=na verdict=launch_fail
pbsprobe/pbs_sweep.sh: line 257: 2794394 Killed                  setsid bash -c "echo \$\$ > '${WORLD_CG_RUN:-$WORLD_CG}/cgroup.procs' && exec '$wlbin' --port $port --resume_file '$resume_f' $params $extra" > "$wlog" 2>&1 < /dev/null
[2200/2239] S189srcline__Lsrc_035: phase 'Lsrc_035' 미도달
[2200/2239] S189srcline__Lsrc_035 dump=na restore=na verdict=launch_fail
pbsprobe/pbs_sweep.sh: line 257: 2794648 Killed                  setsid bash -c "echo \$\$ > '${WORLD_CG_RUN:-$WORLD_CG}/cgroup.procs' && exec '$wlbin' --port $port --resume_file '$resume_f' $params $extra" > "$wlog" 2>&1 < /dev/null
[2201/2239] S189srcline__Lsrc_036: phase 'Lsrc_036' 미도달
[2201/2239] S189srcline__Lsrc_036 dump=na restore=na verdict=launch_fail
pbsprobe/pbs_sweep.sh: line 257: 2794902 Killed                  setsid bash -c "echo \$\$ > '${WORLD_CG_RUN:-$WORLD_CG}/cgroup.procs' && exec '$wlbin' --port $port --resume_file '$resume_f' $params $extra" > "$wlog" 2>&1 < /dev/null
[2202/2239] S189srcline__Lsrc_037: phase 'Lsrc_037' 미도달
[2202/2239] S189srcline__Lsrc_037 dump=na restore=na verdict=launch_fail
pbsprobe/pbs_sweep.sh: line 257: 2795156 Killed                  setsid bash -c "echo \$\$ > '${WORLD_CG_RUN:-$WORLD_CG}/cgroup.procs' && exec '$wlbin' --port $port --resume_file '$resume_f' $params $extra" > "$wlog" 2>&1 < /dev/null
[2203/2239] S190srcline_opt__Lsrc_001: phase 'Lsrc_001' 미도달
[2203/2239] S190srcline_opt__Lsrc_001 dump=na restore=na verdict=launch_fail
pbsprobe/pbs_sweep.sh: line 257: 2795413 Killed                  setsid bash -c "echo \$\$ > '${WORLD_CG_RUN:-$WORLD_CG}/cgroup.procs' && exec '$wlbin' --port $port --resume_file '$resume_f' $params $extra" > "$wlog" 2>&1 < /dev/null
[2204/2239] S190srcline_opt__Lsrc_002: phase 'Lsrc_002' 미도달
[2204/2239] S190srcline_opt__Lsrc_002 dump=na restore=na verdict=launch_fail
pbsprobe/pbs_sweep.sh: line 257: 2795667 Killed                  setsid bash -c "echo \$\$ > '${WORLD_CG_RUN:-$WORLD_CG}/cgroup.procs' && exec '$wlbin' --port $port --resume_file '$resume_f' $params $extra" > "$wlog" 2>&1 < /dev/null
[2205/2239] S190srcline_opt__Lsrc_003: phase 'Lsrc_003' 미도달
[2205/2239] S190srcline_opt__Lsrc_003 dump=na restore=na verdict=launch_fail
pbsprobe/pbs_sweep.sh: line 257: 2795921 Killed                  setsid bash -c "echo \$\$ > '${WORLD_CG_RUN:-$WORLD_CG}/cgroup.procs' && exec '$wlbin' --port $port --resume_file '$resume_f' $params $extra" > "$wlog" 2>&1 < /dev/null
[2206/2239] S190srcline_opt__Lsrc_004: phase 'Lsrc_004' 미도달
[2206/2239] S190srcline_opt__Lsrc_004 dump=na restore=na verdict=launch_fail
pbsprobe/pbs_sweep.sh: line 257: 2796175 Killed                  setsid bash -c "echo \$\$ > '${WORLD_CG_RUN:-$WORLD_CG}/cgroup.procs' && exec '$wlbin' --port $port --resume_file '$resume_f' $params $extra" > "$wlog" 2>&1 < /dev/null
[2207/2239] S190srcline_opt__Lsrc_005: phase 'Lsrc_005' 미도달
[2207/2239] S190srcline_opt__Lsrc_005 dump=na restore=na verdict=launch_fail
pbsprobe/pbs_sweep.sh: line 257: 2796429 Killed                  setsid bash -c "echo \$\$ > '${WORLD_CG_RUN:-$WORLD_CG}/cgroup.procs' && exec '$wlbin' --port $port --resume_file '$resume_f' $params $extra" > "$wlog" 2>&1 < /dev/null
[2208/2239] S190srcline_opt__Lsrc_006: phase 'Lsrc_006' 미도달
[2208/2239] S190srcline_opt__Lsrc_006 dump=na restore=na verdict=launch_fail
pbsprobe/pbs_sweep.sh: line 257: 2796683 Killed                  setsid bash -c "echo \$\$ > '${WORLD_CG_RUN:-$WORLD_CG}/cgroup.procs' && exec '$wlbin' --port $port --resume_file '$resume_f' $params $extra" > "$wlog" 2>&1 < /dev/null
[2209/2239] S190srcline_opt__Lsrc_007: phase 'Lsrc_007' 미도달
[2209/2239] S190srcline_opt__Lsrc_007 dump=na restore=na verdict=launch_fail
pbsprobe/pbs_sweep.sh: line 257: 2796937 Killed                  setsid bash -c "echo \$\$ > '${WORLD_CG_RUN:-$WORLD_CG}/cgroup.procs' && exec '$wlbin' --port $port --resume_file '$resume_f' $params $extra" > "$wlog" 2>&1 < /dev/null
[2210/2239] S190srcline_opt__Lsrc_008: phase 'Lsrc_008' 미도달
[2210/2239] S190srcline_opt__Lsrc_008 dump=na restore=na verdict=launch_fail
pbsprobe/pbs_sweep.sh: line 257: 2797191 Killed                  setsid bash -c "echo \$\$ > '${WORLD_CG_RUN:-$WORLD_CG}/cgroup.procs' && exec '$wlbin' --port $port --resume_file '$resume_f' $params $extra" > "$wlog" 2>&1 < /dev/null
[2211/2239] S190srcline_opt__Lsrc_009: phase 'Lsrc_009' 미도달
[2211/2239] S190srcline_opt__Lsrc_009 dump=na restore=na verdict=launch_fail
pbsprobe/pbs_sweep.sh: line 257: 2797445 Killed                  setsid bash -c "echo \$\$ > '${WORLD_CG_RUN:-$WORLD_CG}/cgroup.procs' && exec '$wlbin' --port $port --resume_file '$resume_f' $params $extra" > "$wlog" 2>&1 < /dev/null
[2212/2239] S190srcline_opt__Lsrc_010: phase 'Lsrc_010' 미도달
[2212/2239] S190srcline_opt__Lsrc_010 dump=na restore=na verdict=launch_fail
pbsprobe/pbs_sweep.sh: line 257: 2797699 Killed                  setsid bash -c "echo \$\$ > '${WORLD_CG_RUN:-$WORLD_CG}/cgroup.procs' && exec '$wlbin' --port $port --resume_file '$resume_f' $params $extra" > "$wlog" 2>&1 < /dev/null
[2213/2239] S190srcline_opt__Lsrc_011: phase 'Lsrc_011' 미도달
[2213/2239] S190srcline_opt__Lsrc_011 dump=na restore=na verdict=launch_fail
pbsprobe/pbs_sweep.sh: line 257: 2797956 Killed                  setsid bash -c "echo \$\$ > '${WORLD_CG_RUN:-$WORLD_CG}/cgroup.procs' && exec '$wlbin' --port $port --resume_file '$resume_f' $params $extra" > "$wlog" 2>&1 < /dev/null
[2214/2239] S190srcline_opt__Lsrc_012: phase 'Lsrc_012' 미도달
[2214/2239] S190srcline_opt__Lsrc_012 dump=na restore=na verdict=launch_fail
pbsprobe/pbs_sweep.sh: line 257: 2798210 Killed                  setsid bash -c "echo \$\$ > '${WORLD_CG_RUN:-$WORLD_CG}/cgroup.procs' && exec '$wlbin' --port $port --resume_file '$resume_f' $params $extra" > "$wlog" 2>&1 < /dev/null
[2215/2239] S190srcline_opt__Lsrc_013: phase 'Lsrc_013' 미도달
[2215/2239] S190srcline_opt__Lsrc_013 dump=na restore=na verdict=launch_fail
pbsprobe/pbs_sweep.sh: line 257: 2798464 Killed                  setsid bash -c "echo \$\$ > '${WORLD_CG_RUN:-$WORLD_CG}/cgroup.procs' && exec '$wlbin' --port $port --resume_file '$resume_f' $params $extra" > "$wlog" 2>&1 < /dev/null
[2216/2239] S190srcline_opt__Lsrc_014: phase 'Lsrc_014' 미도달
[2216/2239] S190srcline_opt__Lsrc_014 dump=na restore=na verdict=launch_fail
pbsprobe/pbs_sweep.sh: line 257: 2798718 Killed                  setsid bash -c "echo \$\$ > '${WORLD_CG_RUN:-$WORLD_CG}/cgroup.procs' && exec '$wlbin' --port $port --resume_file '$resume_f' $params $extra" > "$wlog" 2>&1 < /dev/null
[2217/2239] S190srcline_opt__Lsrc_015: phase 'Lsrc_015' 미도달
[2217/2239] S190srcline_opt__Lsrc_015 dump=na restore=na verdict=launch_fail
pbsprobe/pbs_sweep.sh: line 257: 2798972 Killed                  setsid bash -c "echo \$\$ > '${WORLD_CG_RUN:-$WORLD_CG}/cgroup.procs' && exec '$wlbin' --port $port --resume_file '$resume_f' $params $extra" > "$wlog" 2>&1 < /dev/null
[2218/2239] S190srcline_opt__Lsrc_016: phase 'Lsrc_016' 미도달
[2218/2239] S190srcline_opt__Lsrc_016 dump=na restore=na verdict=launch_fail
pbsprobe/pbs_sweep.sh: line 257: 2799226 Killed                  setsid bash -c "echo \$\$ > '${WORLD_CG_RUN:-$WORLD_CG}/cgroup.procs' && exec '$wlbin' --port $port --resume_file '$resume_f' $params $extra" > "$wlog" 2>&1 < /dev/null
[2219/2239] S190srcline_opt__Lsrc_017: phase 'Lsrc_017' 미도달
[2219/2239] S190srcline_opt__Lsrc_017 dump=na restore=na verdict=launch_fail
pbsprobe/pbs_sweep.sh: line 257: 2799480 Killed                  setsid bash -c "echo \$\$ > '${WORLD_CG_RUN:-$WORLD_CG}/cgroup.procs' && exec '$wlbin' --port $port --resume_file '$resume_f' $params $extra" > "$wlog" 2>&1 < /dev/null
[2220/2239] S190srcline_opt__Lsrc_018: phase 'Lsrc_018' 미도달
[2220/2239] S190srcline_opt__Lsrc_018 dump=na restore=na verdict=launch_fail
pbsprobe/pbs_sweep.sh: line 257: 2799734 Killed                  setsid bash -c "echo \$\$ > '${WORLD_CG_RUN:-$WORLD_CG}/cgroup.procs' && exec '$wlbin' --port $port --resume_file '$resume_f' $params $extra" > "$wlog" 2>&1 < /dev/null
[2221/2239] S190srcline_opt__Lsrc_019: phase 'Lsrc_019' 미도달
[2221/2239] S190srcline_opt__Lsrc_019 dump=na restore=na verdict=launch_fail
pbsprobe/pbs_sweep.sh: line 257: 2799988 Killed                  setsid bash -c "echo \$\$ > '${WORLD_CG_RUN:-$WORLD_CG}/cgroup.procs' && exec '$wlbin' --port $port --resume_file '$resume_f' $params $extra" > "$wlog" 2>&1 < /dev/null
[2222/2239] S190srcline_opt__Lsrc_020: phase 'Lsrc_020' 미도달
[2222/2239] S190srcline_opt__Lsrc_020 dump=na restore=na verdict=launch_fail
pbsprobe/pbs_sweep.sh: line 257: 2800245 Killed                  setsid bash -c "echo \$\$ > '${WORLD_CG_RUN:-$WORLD_CG}/cgroup.procs' && exec '$wlbin' --port $port --resume_file '$resume_f' $params $extra" > "$wlog" 2>&1 < /dev/null
[2223/2239] S190srcline_opt__Lsrc_021: phase 'Lsrc_021' 미도달
[2223/2239] S190srcline_opt__Lsrc_021 dump=na restore=na verdict=launch_fail
pbsprobe/pbs_sweep.sh: line 257: 2800499 Killed                  setsid bash -c "echo \$\$ > '${WORLD_CG_RUN:-$WORLD_CG}/cgroup.procs' && exec '$wlbin' --port $port --resume_file '$resume_f' $params $extra" > "$wlog" 2>&1 < /dev/null
[2224/2239] S190srcline_opt__Lsrc_022: phase 'Lsrc_022' 미도달
[2224/2239] S190srcline_opt__Lsrc_022 dump=na restore=na verdict=launch_fail
pbsprobe/pbs_sweep.sh: line 257: 2800753 Killed                  setsid bash -c "echo \$\$ > '${WORLD_CG_RUN:-$WORLD_CG}/cgroup.procs' && exec '$wlbin' --port $port --resume_file '$resume_f' $params $extra" > "$wlog" 2>&1 < /dev/null
[2225/2239] S190srcline_opt__Lsrc_023: phase 'Lsrc_023' 미도달
[2225/2239] S190srcline_opt__Lsrc_023 dump=na restore=na verdict=launch_fail
pbsprobe/pbs_sweep.sh: line 257: 2801007 Killed                  setsid bash -c "echo \$\$ > '${WORLD_CG_RUN:-$WORLD_CG}/cgroup.procs' && exec '$wlbin' --port $port --resume_file '$resume_f' $params $extra" > "$wlog" 2>&1 < /dev/null
[2226/2239] S190srcline_opt__Lsrc_024: phase 'Lsrc_024' 미도달
[2226/2239] S190srcline_opt__Lsrc_024 dump=na restore=na verdict=launch_fail
pbsprobe/pbs_sweep.sh: line 257: 2801261 Killed                  setsid bash -c "echo \$\$ > '${WORLD_CG_RUN:-$WORLD_CG}/cgroup.procs' && exec '$wlbin' --port $port --resume_file '$resume_f' $params $extra" > "$wlog" 2>&1 < /dev/null
[2227/2239] S190srcline_opt__Lsrc_025: phase 'Lsrc_025' 미도달
[2227/2239] S190srcline_opt__Lsrc_025 dump=na restore=na verdict=launch_fail
pbsprobe/pbs_sweep.sh: line 257: 2801515 Killed                  setsid bash -c "echo \$\$ > '${WORLD_CG_RUN:-$WORLD_CG}/cgroup.procs' && exec '$wlbin' --port $port --resume_file '$resume_f' $params $extra" > "$wlog" 2>&1 < /dev/null
[2228/2239] S190srcline_opt__Lsrc_026: phase 'Lsrc_026' 미도달
[2228/2239] S190srcline_opt__Lsrc_026 dump=na restore=na verdict=launch_fail
pbsprobe/pbs_sweep.sh: line 257: 2801769 Killed                  setsid bash -c "echo \$\$ > '${WORLD_CG_RUN:-$WORLD_CG}/cgroup.procs' && exec '$wlbin' --port $port --resume_file '$resume_f' $params $extra" > "$wlog" 2>&1 < /dev/null
[2229/2239] S190srcline_opt__Lsrc_027: phase 'Lsrc_027' 미도달
[2229/2239] S190srcline_opt__Lsrc_027 dump=na restore=na verdict=launch_fail
pbsprobe/pbs_sweep.sh: line 257: 2802023 Killed                  setsid bash -c "echo \$\$ > '${WORLD_CG_RUN:-$WORLD_CG}/cgroup.procs' && exec '$wlbin' --port $port --resume_file '$resume_f' $params $extra" > "$wlog" 2>&1 < /dev/null
[2230/2239] S190srcline_opt__Lsrc_028: phase 'Lsrc_028' 미도달
[2230/2239] S190srcline_opt__Lsrc_028 dump=na restore=na verdict=launch_fail
pbsprobe/pbs_sweep.sh: line 257: 2802277 Killed                  setsid bash -c "echo \$\$ > '${WORLD_CG_RUN:-$WORLD_CG}/cgroup.procs' && exec '$wlbin' --port $port --resume_file '$resume_f' $params $extra" > "$wlog" 2>&1 < /dev/null
[2231/2239] S190srcline_opt__Lsrc_029: phase 'Lsrc_029' 미도달
[2231/2239] S190srcline_opt__Lsrc_029 dump=na restore=na verdict=launch_fail
pbsprobe/pbs_sweep.sh: line 257: 2802534 Killed                  setsid bash -c "echo \$\$ > '${WORLD_CG_RUN:-$WORLD_CG}/cgroup.procs' && exec '$wlbin' --port $port --resume_file '$resume_f' $params $extra" > "$wlog" 2>&1 < /dev/null
[2232/2239] S190srcline_opt__Lsrc_030: phase 'Lsrc_030' 미도달
[2232/2239] S190srcline_opt__Lsrc_030 dump=na restore=na verdict=launch_fail
pbsprobe/pbs_sweep.sh: line 257: 2802788 Killed                  setsid bash -c "echo \$\$ > '${WORLD_CG_RUN:-$WORLD_CG}/cgroup.procs' && exec '$wlbin' --port $port --resume_file '$resume_f' $params $extra" > "$wlog" 2>&1 < /dev/null
[2233/2239] S190srcline_opt__Lsrc_031: phase 'Lsrc_031' 미도달
[2233/2239] S190srcline_opt__Lsrc_031 dump=na restore=na verdict=launch_fail
pbsprobe/pbs_sweep.sh: line 257: 2803042 Killed                  setsid bash -c "echo \$\$ > '${WORLD_CG_RUN:-$WORLD_CG}/cgroup.procs' && exec '$wlbin' --port $port --resume_file '$resume_f' $params $extra" > "$wlog" 2>&1 < /dev/null
[2234/2239] S190srcline_opt__Lsrc_032: phase 'Lsrc_032' 미도달
[2234/2239] S190srcline_opt__Lsrc_032 dump=na restore=na verdict=launch_fail
pbsprobe/pbs_sweep.sh: line 257: 2803296 Killed                  setsid bash -c "echo \$\$ > '${WORLD_CG_RUN:-$WORLD_CG}/cgroup.procs' && exec '$wlbin' --port $port --resume_file '$resume_f' $params $extra" > "$wlog" 2>&1 < /dev/null
[2235/2239] S190srcline_opt__Lsrc_033: phase 'Lsrc_033' 미도달
[2235/2239] S190srcline_opt__Lsrc_033 dump=na restore=na verdict=launch_fail
pbsprobe/pbs_sweep.sh: line 257: 2803550 Killed                  setsid bash -c "echo \$\$ > '${WORLD_CG_RUN:-$WORLD_CG}/cgroup.procs' && exec '$wlbin' --port $port --resume_file '$resume_f' $params $extra" > "$wlog" 2>&1 < /dev/null
[2236/2239] S190srcline_opt__Lsrc_034: phase 'Lsrc_034' 미도달
[2236/2239] S190srcline_opt__Lsrc_034 dump=na restore=na verdict=launch_fail
pbsprobe/pbs_sweep.sh: line 257: 2803804 Killed                  setsid bash -c "echo \$\$ > '${WORLD_CG_RUN:-$WORLD_CG}/cgroup.procs' && exec '$wlbin' --port $port --resume_file '$resume_f' $params $extra" > "$wlog" 2>&1 < /dev/null
[2237/2239] S190srcline_opt__Lsrc_035: phase 'Lsrc_035' 미도달
[2237/2239] S190srcline_opt__Lsrc_035 dump=na restore=na verdict=launch_fail
pbsprobe/pbs_sweep.sh: line 257: 2804058 Killed                  setsid bash -c "echo \$\$ > '${WORLD_CG_RUN:-$WORLD_CG}/cgroup.procs' && exec '$wlbin' --port $port --resume_file '$resume_f' $params $extra" > "$wlog" 2>&1 < /dev/null
[2238/2239] S190srcline_opt__Lsrc_036: phase 'Lsrc_036' 미도달
[2238/2239] S190srcline_opt__Lsrc_036 dump=na restore=na verdict=launch_fail
pbsprobe/pbs_sweep.sh: line 257: 2804312 Killed                  setsid bash -c "echo \$\$ > '${WORLD_CG_RUN:-$WORLD_CG}/cgroup.procs' && exec '$wlbin' --port $port --resume_file '$resume_f' $params $extra" > "$wlog" 2>&1 < /dev/null
[2239/2239] S190srcline_opt__Lsrc_037: phase 'Lsrc_037' 미도달
[2239/2239] S190srcline_opt__Lsrc_037 dump=na restore=na verdict=launch_fail
pbsprobe/pbs_sweep.sh: line 257: 2804566 Killed                  setsid bash -c "echo \$\$ > '${WORLD_CG_RUN:-$WORLD_CG}/cgroup.procs' && exec '$wlbin' --port $port --resume_file '$resume_f' $params $extra" > "$wlog" 2>&1 < /dev/null
[sweep] DONE → /root/Embed-sim-lab-main/pbsprobe/results/pbs_matrix_world.csv
[sweep] 요약: python3 /root/Embed-sim-lab-main/pbsprobe/summarize_pbs.py /root/Embed-sim-lab-main/pbsprobe/results/pbs_matrix_world.csv
