[sweep] cells=2243 criu=/usr/local/sbin/criu dryrun=0 → /root/Embed-sim-lab-main/pbsprobe/results/pbs_matrix.csv
pbsprobe/pbs_sweep.sh: line 296:  5720 Killed                  setsid bash -c "exec '$wlbin' --port $port --resume_file '$resume_f' $params $extra" > "$wlog" 2>&1 < /dev/null
[1/2243] S001pure.stri__init dump=0 restore=0 verdict=ok
pbsprobe/pbs_sweep.sh: line 296:  6773 Killed                  setsid bash -c "exec '$wlbin' --port $port --resume_file '$resume_f' $params $extra" > "$wlog" 2>&1 < /dev/null
[2/2243] S001pure.stri__db_open dump=0 restore=0 verdict=ok
pbsprobe/pbs_sweep.sh: line 296:  7808 Killed                  setsid bash -c "exec '$wlbin' --port $port --resume_file '$resume_f' $params $extra" > "$wlog" 2>&1 < /dev/null
[3/2243] S001pure.stri__db_read dump=0 restore=0 verdict=ok
pbsprobe/pbs_sweep.sh: line 296:  8852 Killed                  setsid bash -c "exec '$wlbin' --port $port --resume_file '$resume_f' $params $extra" > "$wlog" 2>&1 < /dev/null
[4/2243] S001pure.stri__db_read_p25 dump=0 restore=0 verdict=ok
pbsprobe/pbs_sweep.sh: line 296:  9898 Killed                  setsid bash -c "exec '$wlbin' --port $port --resume_file '$resume_f' $params $extra" > "$wlog" 2>&1 < /dev/null
[5/2243] S001pure.stri__db_read_p50 dump=0 restore=0 verdict=ok
pbsprobe/pbs_sweep.sh: line 296: 10927 Killed                  setsid bash -c "exec '$wlbin' --port $port --resume_file '$resume_f' $params $extra" > "$wlog" 2>&1 < /dev/null
[6/2243] S001pure.stri__db_read_p75 dump=0 restore=0 verdict=ok
pbsprobe/pbs_sweep.sh: line 296: 11974 Killed                  setsid bash -c "exec '$wlbin' --port $port --resume_file '$resume_f' $params $extra" > "$wlog" 2>&1 < /dev/null
[7/2243] S001pure.stri__db_parse dump=0 restore=0 verdict=ok
pbsprobe/pbs_sweep.sh: line 296: 13002 Killed                  setsid bash -c "exec '$wlbin' --port $port --resume_file '$resume_f' $params $extra" > "$wlog" 2>&1 < /dev/null
[8/2243] S001pure.stri__db_parse_p25 dump=0 restore=0 verdict=ok
pbsprobe/pbs_sweep.sh: line 296: 14050 Killed                  setsid bash -c "exec '$wlbin' --port $port --resume_file '$resume_f' $params $extra" > "$wlog" 2>&1 < /dev/null
[9/2243] S001pure.stri__db_parse_p50 dump=0 restore=0 verdict=ok
pbsprobe/pbs_sweep.sh: line 296: 15074 Killed                  setsid bash -c "exec '$wlbin' --port $port --resume_file '$resume_f' $params $extra" > "$wlog" 2>&1 < /dev/null
[10/2243] S001pure.stri__db_parse_p75 dump=0 restore=0 verdict=ok
pbsprobe/pbs_sweep.sh: line 296: 16113 Killed                  setsid bash -c "exec '$wlbin' --port $port --resume_file '$resume_f' $params $extra" > "$wlog" 2>&1 < /dev/null
[11/2243] S001pure.stri__epg_index dump=0 restore=0 verdict=ok
pbsprobe/pbs_sweep.sh: line 296: 17134 Killed                  setsid bash -c "exec '$wlbin' --port $port --resume_file '$resume_f' $params $extra" > "$wlog" 2>&1 < /dev/null
[12/2243] S001pure.stri__epg_index_p25 dump=0 restore=0 verdict=ok
pbsprobe/pbs_sweep.sh: line 296: 18177 Killed                  setsid bash -c "exec '$wlbin' --port $port --resume_file '$resume_f' $params $extra" > "$wlog" 2>&1 < /dev/null
[13/2243] S001pure.stri__epg_index_p50 dump=0 restore=0 verdict=ok
pbsprobe/pbs_sweep.sh: line 296: 19219 Killed                  setsid bash -c "exec '$wlbin' --port $port --resume_file '$resume_f' $params $extra" > "$wlog" 2>&1 < /dev/null
[14/2243] S001pure.stri__epg_index_p75 dump=0 restore=0 verdict=ok
pbsprobe/pbs_sweep.sh: line 296: 20248 Killed                  setsid bash -c "exec '$wlbin' --port $port --resume_file '$resume_f' $params $extra" > "$wlog" 2>&1 < /dev/null
[15/2243] S001pure.stri__epg_text dump=0 restore=0 verdict=ok
pbsprobe/pbs_sweep.sh: line 296: 21295 Killed                  setsid bash -c "exec '$wlbin' --port $port --resume_file '$resume_f' $params $extra" > "$wlog" 2>&1 < /dev/null
[16/2243] S001pure.stri__epg_reserve dump=0 restore=0 verdict=ok
pbsprobe/pbs_sweep.sh: line 296: 22320 Killed                  setsid bash -c "exec '$wlbin' --port $port --resume_file '$resume_f' $params $extra" > "$wlog" 2>&1 < /dev/null
[17/2243] S001pure.stri__timer_armed dump=0 restore=0 verdict=ok
[18/2243] S001pure.stri__db_watch dump=1 restore=na verdict=dump_fail
pbsprobe/pbs_sweep.sh: line 257: 23348 Killed                  setsid bash -c "exec '$wlbin' --port $port --resume_file '$resume_f' $params $extra" > "$wlog" 2>&1 < /dev/null
[19/2243] S001pure.stri__ready dump=1 restore=na verdict=dump_fail
pbsprobe/pbs_sweep.sh: line 257: 24355 Killed                  setsid bash -c "exec '$wlbin' --port $port --resume_file '$resume_f' $params $extra" > "$wlog" 2>&1 < /dev/null
[20/2243] S001pure.stri__steady dump=1 restore=na verdict=dump_fail
pbsprobe/pbs_sweep.sh: line 257: 25403 Killed                  setsid bash -c "exec '$wlbin' --port $port --resume_file '$resume_f' $params $extra" > "$wlog" 2>&1 < /dev/null
pbsprobe/pbs_sweep.sh: line 296: 26523 Killed                  setsid bash -c "exec '$wlbin' --port $port --resume_file '$resume_f' $params $extra" > "$wlog" 2>&1 < /dev/null
[21/2243] S002pure.ext___init dump=0 restore=0 verdict=ok
pbsprobe/pbs_sweep.sh: line 296: 27571 Killed                  setsid bash -c "exec '$wlbin' --port $port --resume_file '$resume_f' $params $extra" > "$wlog" 2>&1 < /dev/null
[22/2243] S002pure.ext___db_open dump=0 restore=0 verdict=ok
pbsprobe/pbs_sweep.sh: line 296: 28614 Killed                  setsid bash -c "exec '$wlbin' --port $port --resume_file '$resume_f' $params $extra" > "$wlog" 2>&1 < /dev/null
[23/2243] S002pure.ext___db_read dump=0 restore=0 verdict=ok
pbsprobe/pbs_sweep.sh: line 296: 29654 Killed                  setsid bash -c "exec '$wlbin' --port $port --resume_file '$resume_f' $params $extra" > "$wlog" 2>&1 < /dev/null
[24/2243] S002pure.ext___db_read_p25 dump=0 restore=0 verdict=ok
pbsprobe/pbs_sweep.sh: line 296: 30694 Killed                  setsid bash -c "exec '$wlbin' --port $port --resume_file '$resume_f' $params $extra" > "$wlog" 2>&1 < /dev/null
[25/2243] S002pure.ext___db_read_p50 dump=0 restore=0 verdict=ok
pbsprobe/pbs_sweep.sh: line 296: 31706 Killed                  setsid bash -c "exec '$wlbin' --port $port --resume_file '$resume_f' $params $extra" > "$wlog" 2>&1 < /dev/null
[26/2243] S002pure.ext___db_read_p75 dump=0 restore=0 verdict=ok
pbsprobe/pbs_sweep.sh: line 296: 32741 Killed                  setsid bash -c "exec '$wlbin' --port $port --resume_file '$resume_f' $params $extra" > "$wlog" 2>&1 < /dev/null
[27/2243] S002pure.ext___db_parse dump=0 restore=0 verdict=ok
pbsprobe/pbs_sweep.sh: line 296: 33758 Killed                  setsid bash -c "exec '$wlbin' --port $port --resume_file '$resume_f' $params $extra" > "$wlog" 2>&1 < /dev/null
[28/2243] S002pure.ext___db_parse_p25 dump=0 restore=0 verdict=ok
pbsprobe/pbs_sweep.sh: line 296: 34801 Killed                  setsid bash -c "exec '$wlbin' --port $port --resume_file '$resume_f' $params $extra" > "$wlog" 2>&1 < /dev/null
[29/2243] S002pure.ext___db_parse_p50 dump=0 restore=0 verdict=ok
pbsprobe/pbs_sweep.sh: line 296: 35817 Killed                  setsid bash -c "exec '$wlbin' --port $port --resume_file '$resume_f' $params $extra" > "$wlog" 2>&1 < /dev/null
[30/2243] S002pure.ext___db_parse_p75 dump=0 restore=0 verdict=ok
pbsprobe/pbs_sweep.sh: line 296: 36884 Killed                  setsid bash -c "exec '$wlbin' --port $port --resume_file '$resume_f' $params $extra" > "$wlog" 2>&1 < /dev/null
[31/2243] S002pure.ext___epg_index dump=0 restore=0 verdict=ok
pbsprobe/pbs_sweep.sh: line 296: 37893 Killed                  setsid bash -c "exec '$wlbin' --port $port --resume_file '$resume_f' $params $extra" > "$wlog" 2>&1 < /dev/null
[32/2243] S002pure.ext___epg_index_p25 dump=0 restore=0 verdict=ok
pbsprobe/pbs_sweep.sh: line 296: 38920 Killed                  setsid bash -c "exec '$wlbin' --port $port --resume_file '$resume_f' $params $extra" > "$wlog" 2>&1 < /dev/null
[33/2243] S002pure.ext___epg_index_p50 dump=0 restore=0 verdict=ok
pbsprobe/pbs_sweep.sh: line 296: 39974 Killed                  setsid bash -c "exec '$wlbin' --port $port --resume_file '$resume_f' $params $extra" > "$wlog" 2>&1 < /dev/null
[34/2243] S002pure.ext___epg_index_p75 dump=0 restore=0 verdict=ok
pbsprobe/pbs_sweep.sh: line 296: 40995 Killed                  setsid bash -c "exec '$wlbin' --port $port --resume_file '$resume_f' $params $extra" > "$wlog" 2>&1 < /dev/null
[35/2243] S002pure.ext___epg_text dump=0 restore=0 verdict=ok
pbsprobe/pbs_sweep.sh: line 296: 42026 Killed                  setsid bash -c "exec '$wlbin' --port $port --resume_file '$resume_f' $params $extra" > "$wlog" 2>&1 < /dev/null
[36/2243] S002pure.ext___epg_reserve dump=0 restore=0 verdict=ok
pbsprobe/pbs_sweep.sh: line 296: 43039 Killed                  setsid bash -c "exec '$wlbin' --port $port --resume_file '$resume_f' $params $extra" > "$wlog" 2>&1 < /dev/null
[37/2243] S002pure.ext___timer_armed dump=0 restore=0 verdict=ok
[38/2243] S002pure.ext___db_watch dump=1 restore=na verdict=dump_fail
pbsprobe/pbs_sweep.sh: line 257: 44067 Killed                  setsid bash -c "exec '$wlbin' --port $port --resume_file '$resume_f' $params $extra" > "$wlog" 2>&1 < /dev/null
[39/2243] S002pure.ext___ready dump=1 restore=na verdict=dump_fail
pbsprobe/pbs_sweep.sh: line 257: 45078 Killed                  setsid bash -c "exec '$wlbin' --port $port --resume_file '$resume_f' $params $extra" > "$wlog" 2>&1 < /dev/null
[40/2243] S002pure.ext___steady dump=1 restore=na verdict=dump_fail
pbsprobe/pbs_sweep.sh: line 257: 46122 Killed                  setsid bash -c "exec '$wlbin' --port $port --resume_file '$resume_f' $params $extra" > "$wlog" 2>&1 < /dev/null
pbsprobe/pbs_sweep.sh: line 296: 47249 Killed                  setsid bash -c "exec '$wlbin' --port $port --resume_file '$resume_f' $params $extra" > "$wlog" 2>&1 < /dev/null
[41/2243] S003pure.tcp___init dump=0 restore=0 verdict=ok
pbsprobe/pbs_sweep.sh: line 296: 48281 Killed                  setsid bash -c "exec '$wlbin' --port $port --resume_file '$resume_f' $params $extra" > "$wlog" 2>&1 < /dev/null
[42/2243] S003pure.tcp___db_open dump=0 restore=0 verdict=ok
pbsprobe/pbs_sweep.sh: line 296: 49324 Killed                  setsid bash -c "exec '$wlbin' --port $port --resume_file '$resume_f' $params $extra" > "$wlog" 2>&1 < /dev/null
[43/2243] S003pure.tcp___db_read dump=0 restore=0 verdict=ok
pbsprobe/pbs_sweep.sh: line 296: 50341 Killed                  setsid bash -c "exec '$wlbin' --port $port --resume_file '$resume_f' $params $extra" > "$wlog" 2>&1 < /dev/null
[44/2243] S003pure.tcp___db_read_p25 dump=0 restore=0 verdict=ok
pbsprobe/pbs_sweep.sh: line 296: 51385 Killed                  setsid bash -c "exec '$wlbin' --port $port --resume_file '$resume_f' $params $extra" > "$wlog" 2>&1 < /dev/null
[45/2243] S003pure.tcp___db_read_p50 dump=0 restore=0 verdict=ok
pbsprobe/pbs_sweep.sh: line 296: 52417 Killed                  setsid bash -c "exec '$wlbin' --port $port --resume_file '$resume_f' $params $extra" > "$wlog" 2>&1 < /dev/null
[46/2243] S003pure.tcp___db_read_p75 dump=0 restore=0 verdict=ok
pbsprobe/pbs_sweep.sh: line 296: 53452 Killed                  setsid bash -c "exec '$wlbin' --port $port --resume_file '$resume_f' $params $extra" > "$wlog" 2>&1 < /dev/null
[47/2243] S003pure.tcp___db_parse dump=0 restore=0 verdict=ok
pbsprobe/pbs_sweep.sh: line 296: 54472 Killed                  setsid bash -c "exec '$wlbin' --port $port --resume_file '$resume_f' $params $extra" > "$wlog" 2>&1 < /dev/null
[48/2243] S003pure.tcp___db_parse_p25 dump=0 restore=0 verdict=ok
pbsprobe/pbs_sweep.sh: line 296: 55520 Killed                  setsid bash -c "exec '$wlbin' --port $port --resume_file '$resume_f' $params $extra" > "$wlog" 2>&1 < /dev/null
[49/2243] S003pure.tcp___db_parse_p50 dump=0 restore=0 verdict=ok
pbsprobe/pbs_sweep.sh: line 296: 56532 Killed                  setsid bash -c "exec '$wlbin' --port $port --resume_file '$resume_f' $params $extra" > "$wlog" 2>&1 < /dev/null
[50/2243] S003pure.tcp___db_parse_p75 dump=0 restore=0 verdict=ok
pbsprobe/pbs_sweep.sh: line 296: 57583 Killed                  setsid bash -c "exec '$wlbin' --port $port --resume_file '$resume_f' $params $extra" > "$wlog" 2>&1 < /dev/null
[51/2243] S003pure.tcp___epg_index dump=0 restore=0 verdict=ok
pbsprobe/pbs_sweep.sh: line 296: 58613 Killed                  setsid bash -c "exec '$wlbin' --port $port --resume_file '$resume_f' $params $extra" > "$wlog" 2>&1 < /dev/null
[52/2243] S003pure.tcp___epg_index_p25 dump=0 restore=0 verdict=ok
pbsprobe/pbs_sweep.sh: line 296: 59639 Killed                  setsid bash -c "exec '$wlbin' --port $port --resume_file '$resume_f' $params $extra" > "$wlog" 2>&1 < /dev/null
[53/2243] S003pure.tcp___epg_index_p50 dump=0 restore=0 verdict=ok
pbsprobe/pbs_sweep.sh: line 296: 60681 Killed                  setsid bash -c "exec '$wlbin' --port $port --resume_file '$resume_f' $params $extra" > "$wlog" 2>&1 < /dev/null
[54/2243] S003pure.tcp___epg_index_p75 dump=0 restore=0 verdict=ok
pbsprobe/pbs_sweep.sh: line 296: 61698 Killed                  setsid bash -c "exec '$wlbin' --port $port --resume_file '$resume_f' $params $extra" > "$wlog" 2>&1 < /dev/null
[55/2243] S003pure.tcp___epg_text dump=0 restore=0 verdict=ok
pbsprobe/pbs_sweep.sh: line 296: 62725 Killed                  setsid bash -c "exec '$wlbin' --port $port --resume_file '$resume_f' $params $extra" > "$wlog" 2>&1 < /dev/null
[56/2243] S003pure.tcp___epg_reserve dump=0 restore=0 verdict=ok
pbsprobe/pbs_sweep.sh: line 296: 63758 Killed                  setsid bash -c "exec '$wlbin' --port $port --resume_file '$resume_f' $params $extra" > "$wlog" 2>&1 < /dev/null
[57/2243] S003pure.tcp___timer_armed dump=0 restore=0 verdict=ok
[58/2243] S003pure.tcp___db_watch dump=1 restore=na verdict=dump_fail
pbsprobe/pbs_sweep.sh: line 257: 64778 Killed                  setsid bash -c "exec '$wlbin' --port $port --resume_file '$resume_f' $params $extra" > "$wlog" 2>&1 < /dev/null
[59/2243] S003pure.tcp___ready dump=1 restore=na verdict=dump_fail
pbsprobe/pbs_sweep.sh: line 257: 65776 Killed                  setsid bash -c "exec '$wlbin' --port $port --resume_file '$resume_f' $params $extra" > "$wlog" 2>&1 < /dev/null
[60/2243] S003pure.tcp___steady dump=1 restore=na verdict=dump_fail
pbsprobe/pbs_sweep.sh: line 257: 66817 Killed                  setsid bash -c "exec '$wlbin' --port $port --resume_file '$resume_f' $params $extra" > "$wlog" 2>&1 < /dev/null
pbsprobe/pbs_sweep.sh: line 296: 67952 Killed                  setsid bash -c "exec '$wlbin' --port $port --resume_file '$resume_f' $params $extra" > "$wlog" 2>&1 < /dev/null
[61/2243] S004pure.file__init dump=0 restore=0 verdict=ok
pbsprobe/pbs_sweep.sh: line 296: 68984 Killed                  setsid bash -c "exec '$wlbin' --port $port --resume_file '$resume_f' $params $extra" > "$wlog" 2>&1 < /dev/null
[62/2243] S004pure.file__db_open dump=0 restore=0 verdict=ok
pbsprobe/pbs_sweep.sh: line 296: 70023 Killed                  setsid bash -c "exec '$wlbin' --port $port --resume_file '$resume_f' $params $extra" > "$wlog" 2>&1 < /dev/null
[63/2243] S004pure.file__db_read dump=0 restore=0 verdict=ok
pbsprobe/pbs_sweep.sh: line 296: 71051 Killed                  setsid bash -c "exec '$wlbin' --port $port --resume_file '$resume_f' $params $extra" > "$wlog" 2>&1 < /dev/null
[64/2243] S004pure.file__db_read_p25 dump=0 restore=0 verdict=ok
pbsprobe/pbs_sweep.sh: line 296: 72083 Killed                  setsid bash -c "exec '$wlbin' --port $port --resume_file '$resume_f' $params $extra" > "$wlog" 2>&1 < /dev/null
[65/2243] S004pure.file__db_read_p50 dump=0 restore=0 verdict=ok
pbsprobe/pbs_sweep.sh: line 296: 73123 Killed                  setsid bash -c "exec '$wlbin' --port $port --resume_file '$resume_f' $params $extra" > "$wlog" 2>&1 < /dev/null
[66/2243] S004pure.file__db_read_p75 dump=0 restore=0 verdict=ok
pbsprobe/pbs_sweep.sh: line 296: 74158 Killed                  setsid bash -c "exec '$wlbin' --port $port --resume_file '$resume_f' $params $extra" > "$wlog" 2>&1 < /dev/null
[67/2243] S004pure.file__db_parse dump=0 restore=0 verdict=ok
pbsprobe/pbs_sweep.sh: line 296: 75179 Killed                  setsid bash -c "exec '$wlbin' --port $port --resume_file '$resume_f' $params $extra" > "$wlog" 2>&1 < /dev/null
[68/2243] S004pure.file__db_parse_p25 dump=0 restore=0 verdict=ok
pbsprobe/pbs_sweep.sh: line 296: 76207 Killed                  setsid bash -c "exec '$wlbin' --port $port --resume_file '$resume_f' $params $extra" > "$wlog" 2>&1 < /dev/null
[69/2243] S004pure.file__db_parse_p50 dump=0 restore=0 verdict=ok
pbsprobe/pbs_sweep.sh: line 296: 77239 Killed                  setsid bash -c "exec '$wlbin' --port $port --resume_file '$resume_f' $params $extra" > "$wlog" 2>&1 < /dev/null
[70/2243] S004pure.file__db_parse_p75 dump=0 restore=0 verdict=ok
pbsprobe/pbs_sweep.sh: line 296: 78278 Killed                  setsid bash -c "exec '$wlbin' --port $port --resume_file '$resume_f' $params $extra" > "$wlog" 2>&1 < /dev/null
[71/2243] S004pure.file__epg_index dump=0 restore=0 verdict=ok
pbsprobe/pbs_sweep.sh: line 296: 79291 Killed                  setsid bash -c "exec '$wlbin' --port $port --resume_file '$resume_f' $params $extra" > "$wlog" 2>&1 < /dev/null
[72/2243] S004pure.file__epg_index_p25 dump=0 restore=0 verdict=ok
pbsprobe/pbs_sweep.sh: line 296: 80334 Killed                  setsid bash -c "exec '$wlbin' --port $port --resume_file '$resume_f' $params $extra" > "$wlog" 2>&1 < /dev/null
[73/2243] S004pure.file__epg_index_p50 dump=0 restore=0 verdict=ok
pbsprobe/pbs_sweep.sh: line 296: 81380 Killed                  setsid bash -c "exec '$wlbin' --port $port --resume_file '$resume_f' $params $extra" > "$wlog" 2>&1 < /dev/null
[74/2243] S004pure.file__epg_index_p75 dump=0 restore=0 verdict=ok
pbsprobe/pbs_sweep.sh: line 296: 82410 Killed                  setsid bash -c "exec '$wlbin' --port $port --resume_file '$resume_f' $params $extra" > "$wlog" 2>&1 < /dev/null
[75/2243] S004pure.file__epg_text dump=0 restore=0 verdict=ok
pbsprobe/pbs_sweep.sh: line 296: 83428 Killed                  setsid bash -c "exec '$wlbin' --port $port --resume_file '$resume_f' $params $extra" > "$wlog" 2>&1 < /dev/null
[76/2243] S004pure.file__epg_reserve dump=0 restore=0 verdict=ok
pbsprobe/pbs_sweep.sh: line 296: 84457 Killed                  setsid bash -c "exec '$wlbin' --port $port --resume_file '$resume_f' $params $extra" > "$wlog" 2>&1 < /dev/null
[77/2243] S004pure.file__timer_armed dump=0 restore=0 verdict=ok
[78/2243] S004pure.file__db_watch dump=1 restore=na verdict=dump_fail
pbsprobe/pbs_sweep.sh: line 257: 85489 Killed                  setsid bash -c "exec '$wlbin' --port $port --resume_file '$resume_f' $params $extra" > "$wlog" 2>&1 < /dev/null
[79/2243] S004pure.file__ready dump=1 restore=na verdict=dump_fail
pbsprobe/pbs_sweep.sh: line 257: 86480 Killed                  setsid bash -c "exec '$wlbin' --port $port --resume_file '$resume_f' $params $extra" > "$wlog" 2>&1 < /dev/null
[80/2243] S004pure.file__steady dump=1 restore=na verdict=dump_fail
pbsprobe/pbs_sweep.sh: line 257: 87540 Killed                  setsid bash -c "exec '$wlbin' --port $port --resume_file '$resume_f' $params $extra" > "$wlog" 2>&1 < /dev/null
pbsprobe/pbs_sweep.sh: line 296: 88655 Killed                  setsid bash -c "exec '$wlbin' --port $port --resume_file '$resume_f' $params $extra" > "$wlog" 2>&1 < /dev/null
[81/2243] S005pure.perm__init dump=0 restore=0 verdict=ok
pbsprobe/pbs_sweep.sh: line 296: 89679 Killed                  setsid bash -c "exec '$wlbin' --port $port --resume_file '$resume_f' $params $extra" > "$wlog" 2>&1 < /dev/null
[82/2243] S005pure.perm__db_open dump=0 restore=0 verdict=ok
pbsprobe/pbs_sweep.sh: line 296: 90738 Killed                  setsid bash -c "exec '$wlbin' --port $port --resume_file '$resume_f' $params $extra" > "$wlog" 2>&1 < /dev/null
[83/2243] S005pure.perm__db_read dump=0 restore=0 verdict=ok
pbsprobe/pbs_sweep.sh: line 296: 91759 Killed                  setsid bash -c "exec '$wlbin' --port $port --resume_file '$resume_f' $params $extra" > "$wlog" 2>&1 < /dev/null
[84/2243] S005pure.perm__db_read_p25 dump=0 restore=0 verdict=ok
pbsprobe/pbs_sweep.sh: line 296: 92790 Killed                  setsid bash -c "exec '$wlbin' --port $port --resume_file '$resume_f' $params $extra" > "$wlog" 2>&1 < /dev/null
[85/2243] S005pure.perm__db_read_p50 dump=0 restore=0 verdict=ok
pbsprobe/pbs_sweep.sh: line 296: 93822 Killed                  setsid bash -c "exec '$wlbin' --port $port --resume_file '$resume_f' $params $extra" > "$wlog" 2>&1 < /dev/null
[86/2243] S005pure.perm__db_read_p75 dump=0 restore=0 verdict=ok
pbsprobe/pbs_sweep.sh: line 296: 94866 Killed                  setsid bash -c "exec '$wlbin' --port $port --resume_file '$resume_f' $params $extra" > "$wlog" 2>&1 < /dev/null
[87/2243] S005pure.perm__db_parse dump=0 restore=0 verdict=ok
pbsprobe/pbs_sweep.sh: line 296: 95916 Killed                  setsid bash -c "exec '$wlbin' --port $port --resume_file '$resume_f' $params $extra" > "$wlog" 2>&1 < /dev/null
[88/2243] S005pure.perm__db_parse_p25 dump=0 restore=0 verdict=ok
pbsprobe/pbs_sweep.sh: line 296: 96988 Killed                  setsid bash -c "exec '$wlbin' --port $port --resume_file '$resume_f' $params $extra" > "$wlog" 2>&1 < /dev/null
[89/2243] S005pure.perm__db_parse_p50 dump=0 restore=0 verdict=ok
pbsprobe/pbs_sweep.sh: line 296: 98037 Killed                  setsid bash -c "exec '$wlbin' --port $port --resume_file '$resume_f' $params $extra" > "$wlog" 2>&1 < /dev/null
[90/2243] S005pure.perm__db_parse_p75 dump=0 restore=0 verdict=ok
pbsprobe/pbs_sweep.sh: line 296: 99058 Killed                  setsid bash -c "exec '$wlbin' --port $port --resume_file '$resume_f' $params $extra" > "$wlog" 2>&1 < /dev/null
[91/2243] S005pure.perm__epg_index dump=0 restore=0 verdict=ok
pbsprobe/pbs_sweep.sh: line 296: 100074 Killed                  setsid bash -c "exec '$wlbin' --port $port --resume_file '$resume_f' $params $extra" > "$wlog" 2>&1 < /dev/null
[92/2243] S005pure.perm__epg_index_p25 dump=0 restore=0 verdict=ok
pbsprobe/pbs_sweep.sh: line 296: 101129 Killed                  setsid bash -c "exec '$wlbin' --port $port --resume_file '$resume_f' $params $extra" > "$wlog" 2>&1 < /dev/null
[93/2243] S005pure.perm__epg_index_p50 dump=0 restore=0 verdict=ok
pbsprobe/pbs_sweep.sh: line 296: 102151 Killed                  setsid bash -c "exec '$wlbin' --port $port --resume_file '$resume_f' $params $extra" > "$wlog" 2>&1 < /dev/null
[94/2243] S005pure.perm__epg_index_p75 dump=0 restore=0 verdict=ok
pbsprobe/pbs_sweep.sh: line 296: 103201 Killed                  setsid bash -c "exec '$wlbin' --port $port --resume_file '$resume_f' $params $extra" > "$wlog" 2>&1 < /dev/null
[95/2243] S005pure.perm__epg_text dump=0 restore=0 verdict=ok
pbsprobe/pbs_sweep.sh: line 296: 104227 Killed                  setsid bash -c "exec '$wlbin' --port $port --resume_file '$resume_f' $params $extra" > "$wlog" 2>&1 < /dev/null
[96/2243] S005pure.perm__epg_reserve dump=0 restore=0 verdict=ok
pbsprobe/pbs_sweep.sh: line 296: 105264 Killed                  setsid bash -c "exec '$wlbin' --port $port --resume_file '$resume_f' $params $extra" > "$wlog" 2>&1 < /dev/null
[97/2243] S005pure.perm__timer_armed dump=0 restore=0 verdict=ok
[98/2243] S005pure.perm__db_watch dump=1 restore=na verdict=dump_fail
pbsprobe/pbs_sweep.sh: line 257: 106289 Killed                  setsid bash -c "exec '$wlbin' --port $port --resume_file '$resume_f' $params $extra" > "$wlog" 2>&1 < /dev/null
[99/2243] S005pure.perm__ready dump=1 restore=na verdict=dump_fail
pbsprobe/pbs_sweep.sh: line 257: 107295 Killed                  setsid bash -c "exec '$wlbin' --port $port --resume_file '$resume_f' $params $extra" > "$wlog" 2>&1 < /dev/null
[100/2243] S005pure.perm__steady dump=1 restore=na verdict=dump_fail
pbsprobe/pbs_sweep.sh: line 257: 108355 Killed                  setsid bash -c "exec '$wlbin' --port $port --resume_file '$resume_f' $params $extra" > "$wlog" 2>&1 < /dev/null
pbsprobe/pbs_sweep.sh: line 296: 109464 Killed                  setsid "$BIN_HUB" "${HARGS[@]}" > "$hlog" 2>&1 < /dev/null
pbsprobe/pbs_sweep.sh: line 296: 109480 Killed                  setsid bash -c "exec '$wlbin' --port $port --resume_file '$resume_f' $params $extra" > "$wlog" 2>&1 < /dev/null
[101/2243] S006hub1.stri__init dump=0 restore=0 verdict=ok
pbsprobe/pbs_sweep.sh: line 257: 109473 Killed                  setsid "$BIN_HUB" "${HARGS[@]}" > "$hlog" 2>&1 < /dev/null
pbsprobe/pbs_sweep.sh: line 296: 110573 Killed                  setsid bash -c "exec '$wlbin' --port $port --resume_file '$resume_f' $params $extra" > "$wlog" 2>&1 < /dev/null
[102/2243] S006hub1.stri__db_open dump=0 restore=0 verdict=ok
pbsprobe/pbs_sweep.sh: line 257: 110566 Killed                  setsid "$BIN_HUB" "${HARGS[@]}" > "$hlog" 2>&1 < /dev/null
pbsprobe/pbs_sweep.sh: line 296: 111673 Killed                  setsid bash -c "exec '$wlbin' --port $port --resume_file '$resume_f' $params $extra" > "$wlog" 2>&1 < /dev/null
[103/2243] S006hub1.stri__db_read dump=0 restore=0 verdict=ok
pbsprobe/pbs_sweep.sh: line 257: 111666 Killed                  setsid "$BIN_HUB" "${HARGS[@]}" > "$hlog" 2>&1 < /dev/null
pbsprobe/pbs_sweep.sh: line 296: 112744 Killed                  setsid bash -c "exec '$wlbin' --port $port --resume_file '$resume_f' $params $extra" > "$wlog" 2>&1 < /dev/null
[104/2243] S006hub1.stri__db_read_p25 dump=0 restore=0 verdict=ok
pbsprobe/pbs_sweep.sh: line 257: 112737 Killed                  setsid "$BIN_HUB" "${HARGS[@]}" > "$hlog" 2>&1 < /dev/null
pbsprobe/pbs_sweep.sh: line 296: 113842 Killed                  setsid bash -c "exec '$wlbin' --port $port --resume_file '$resume_f' $params $extra" > "$wlog" 2>&1 < /dev/null
[105/2243] S006hub1.stri__db_read_p50 dump=0 restore=0 verdict=ok
pbsprobe/pbs_sweep.sh: line 257: 113835 Killed                  setsid "$BIN_HUB" "${HARGS[@]}" > "$hlog" 2>&1 < /dev/null
pbsprobe/pbs_sweep.sh: line 296: 114926 Killed                  setsid bash -c "exec '$wlbin' --port $port --resume_file '$resume_f' $params $extra" > "$wlog" 2>&1 < /dev/null
[106/2243] S006hub1.stri__db_read_p75 dump=0 restore=0 verdict=ok
pbsprobe/pbs_sweep.sh: line 257: 114919 Killed                  setsid "$BIN_HUB" "${HARGS[@]}" > "$hlog" 2>&1 < /dev/null
pbsprobe/pbs_sweep.sh: line 296: 115992 Killed                  setsid bash -c "exec '$wlbin' --port $port --resume_file '$resume_f' $params $extra" > "$wlog" 2>&1 < /dev/null
[107/2243] S006hub1.stri__db_parse dump=0 restore=0 verdict=ok
pbsprobe/pbs_sweep.sh: line 257: 115985 Killed                  setsid "$BIN_HUB" "${HARGS[@]}" > "$hlog" 2>&1 < /dev/null
pbsprobe/pbs_sweep.sh: line 296: 117092 Killed                  setsid bash -c "exec '$wlbin' --port $port --resume_file '$resume_f' $params $extra" > "$wlog" 2>&1 < /dev/null
[108/2243] S006hub1.stri__db_parse_p25 dump=0 restore=0 verdict=ok
pbsprobe/pbs_sweep.sh: line 257: 117085 Killed                  setsid "$BIN_HUB" "${HARGS[@]}" > "$hlog" 2>&1 < /dev/null
pbsprobe/pbs_sweep.sh: line 296: 118191 Killed                  setsid bash -c "exec '$wlbin' --port $port --resume_file '$resume_f' $params $extra" > "$wlog" 2>&1 < /dev/null
[109/2243] S006hub1.stri__db_parse_p50 dump=0 restore=0 verdict=ok
pbsprobe/pbs_sweep.sh: line 257: 118184 Killed                  setsid "$BIN_HUB" "${HARGS[@]}" > "$hlog" 2>&1 < /dev/null
pbsprobe/pbs_sweep.sh: line 296: 119277 Killed                  setsid bash -c "exec '$wlbin' --port $port --resume_file '$resume_f' $params $extra" > "$wlog" 2>&1 < /dev/null
[110/2243] S006hub1.stri__db_parse_p75 dump=0 restore=0 verdict=ok
pbsprobe/pbs_sweep.sh: line 257: 119270 Killed                  setsid "$BIN_HUB" "${HARGS[@]}" > "$hlog" 2>&1 < /dev/null
pbsprobe/pbs_sweep.sh: line 296: 120353 Killed                  setsid bash -c "exec '$wlbin' --port $port --resume_file '$resume_f' $params $extra" > "$wlog" 2>&1 < /dev/null
[111/2243] S006hub1.stri__epg_index dump=0 restore=0 verdict=ok
pbsprobe/pbs_sweep.sh: line 257: 120346 Killed                  setsid "$BIN_HUB" "${HARGS[@]}" > "$hlog" 2>&1 < /dev/null
pbsprobe/pbs_sweep.sh: line 296: 121446 Killed                  setsid bash -c "exec '$wlbin' --port $port --resume_file '$resume_f' $params $extra" > "$wlog" 2>&1 < /dev/null
[112/2243] S006hub1.stri__epg_index_p25 dump=0 restore=0 verdict=ok
pbsprobe/pbs_sweep.sh: line 257: 121439 Killed                  setsid "$BIN_HUB" "${HARGS[@]}" > "$hlog" 2>&1 < /dev/null
pbsprobe/pbs_sweep.sh: line 296: 122529 Killed                  setsid bash -c "exec '$wlbin' --port $port --resume_file '$resume_f' $params $extra" > "$wlog" 2>&1 < /dev/null
[113/2243] S006hub1.stri__epg_index_p50 dump=0 restore=0 verdict=ok
pbsprobe/pbs_sweep.sh: line 257: 122522 Killed                  setsid "$BIN_HUB" "${HARGS[@]}" > "$hlog" 2>&1 < /dev/null
pbsprobe/pbs_sweep.sh: line 296: 123614 Killed                  setsid bash -c "exec '$wlbin' --port $port --resume_file '$resume_f' $params $extra" > "$wlog" 2>&1 < /dev/null
[114/2243] S006hub1.stri__epg_index_p75 dump=0 restore=0 verdict=ok
pbsprobe/pbs_sweep.sh: line 257: 123607 Killed                  setsid "$BIN_HUB" "${HARGS[@]}" > "$hlog" 2>&1 < /dev/null
pbsprobe/pbs_sweep.sh: line 296: 124708 Killed                  setsid bash -c "exec '$wlbin' --port $port --resume_file '$resume_f' $params $extra" > "$wlog" 2>&1 < /dev/null
[115/2243] S006hub1.stri__epg_text dump=0 restore=0 verdict=ok
pbsprobe/pbs_sweep.sh: line 257: 124701 Killed                  setsid "$BIN_HUB" "${HARGS[@]}" > "$hlog" 2>&1 < /dev/null
pbsprobe/pbs_sweep.sh: line 296: 125804 Killed                  setsid bash -c "exec '$wlbin' --port $port --resume_file '$resume_f' $params $extra" > "$wlog" 2>&1 < /dev/null
[116/2243] S006hub1.stri__epg_reserve dump=0 restore=0 verdict=ok
pbsprobe/pbs_sweep.sh: line 257: 125797 Killed                  setsid "$BIN_HUB" "${HARGS[@]}" > "$hlog" 2>&1 < /dev/null
[117/2243] S006hub1.stri__hub_conn1 dump=1 restore=na verdict=dump_fail
pbsprobe/pbs_sweep.sh: line 257: 126886 Killed                  setsid "$BIN_HUB" "${HARGS[@]}" > "$hlog" 2>&1 < /dev/null
pbsprobe/pbs_sweep.sh: line 257: 126893 Killed                  setsid bash -c "exec '$wlbin' --port $port --resume_file '$resume_f' $params $extra" > "$wlog" 2>&1 < /dev/null
[118/2243] S006hub1.stri__hub_subscribed dump=1 restore=na verdict=dump_fail
pbsprobe/pbs_sweep.sh: line 257: 127786 Killed                  setsid "$BIN_HUB" "${HARGS[@]}" > "$hlog" 2>&1 < /dev/null
pbsprobe/pbs_sweep.sh: line 257: 127793 Killed                  setsid bash -c "exec '$wlbin' --port $port --resume_file '$resume_f' $params $extra" > "$wlog" 2>&1 < /dev/null
[119/2243] S006hub1.stri__timer_armed dump=1 restore=na verdict=dump_fail
pbsprobe/pbs_sweep.sh: line 257: 128730 Killed                  setsid "$BIN_HUB" "${HARGS[@]}" > "$hlog" 2>&1 < /dev/null
pbsprobe/pbs_sweep.sh: line 257: 128737 Killed                  setsid bash -c "exec '$wlbin' --port $port --resume_file '$resume_f' $params $extra" > "$wlog" 2>&1 < /dev/null
[120/2243] S006hub1.stri__db_watch dump=1 restore=na verdict=dump_fail
pbsprobe/pbs_sweep.sh: line 257: 129726 Killed                  setsid "$BIN_HUB" "${HARGS[@]}" > "$hlog" 2>&1 < /dev/null
pbsprobe/pbs_sweep.sh: line 257: 129733 Killed                  setsid bash -c "exec '$wlbin' --port $port --resume_file '$resume_f' $params $extra" > "$wlog" 2>&1 < /dev/null
[121/2243] S006hub1.stri__ready dump=1 restore=na verdict=dump_fail
pbsprobe/pbs_sweep.sh: line 257: 130782 Killed                  setsid "$BIN_HUB" "${HARGS[@]}" > "$hlog" 2>&1 < /dev/null
pbsprobe/pbs_sweep.sh: line 257: 130789 Killed                  setsid bash -c "exec '$wlbin' --port $port --resume_file '$resume_f' $params $extra" > "$wlog" 2>&1 < /dev/null
[122/2243] S006hub1.stri__steady dump=1 restore=na verdict=dump_fail
pbsprobe/pbs_sweep.sh: line 257: 131879 Killed                  setsid "$BIN_HUB" "${HARGS[@]}" > "$hlog" 2>&1 < /dev/null
pbsprobe/pbs_sweep.sh: line 257: 131886 Killed                  setsid bash -c "exec '$wlbin' --port $port --resume_file '$resume_f' $params $extra" > "$wlog" 2>&1 < /dev/null
pbsprobe/pbs_sweep.sh: line 296: 133084 Killed                  setsid bash -c "exec '$wlbin' --port $port --resume_file '$resume_f' $params $extra" > "$wlog" 2>&1 < /dev/null
[123/2243] S007hub1.ext___init dump=0 restore=0 verdict=ok
pbsprobe/pbs_sweep.sh: line 257: 133077 Killed                  setsid "$BIN_HUB" "${HARGS[@]}" > "$hlog" 2>&1 < /dev/null
pbsprobe/pbs_sweep.sh: line 296: 134174 Killed                  setsid bash -c "exec '$wlbin' --port $port --resume_file '$resume_f' $params $extra" > "$wlog" 2>&1 < /dev/null
[124/2243] S007hub1.ext___db_open dump=0 restore=0 verdict=ok
pbsprobe/pbs_sweep.sh: line 257: 134167 Killed                  setsid "$BIN_HUB" "${HARGS[@]}" > "$hlog" 2>&1 < /dev/null
pbsprobe/pbs_sweep.sh: line 296: 135254 Killed                  setsid bash -c "exec '$wlbin' --port $port --resume_file '$resume_f' $params $extra" > "$wlog" 2>&1 < /dev/null
[125/2243] S007hub1.ext___db_read dump=0 restore=0 verdict=ok
pbsprobe/pbs_sweep.sh: line 257: 135247 Killed                  setsid "$BIN_HUB" "${HARGS[@]}" > "$hlog" 2>&1 < /dev/null
pbsprobe/pbs_sweep.sh: line 296: 136361 Killed                  setsid bash -c "exec '$wlbin' --port $port --resume_file '$resume_f' $params $extra" > "$wlog" 2>&1 < /dev/null
[126/2243] S007hub1.ext___db_read_p25 dump=0 restore=0 verdict=ok
pbsprobe/pbs_sweep.sh: line 257: 136354 Killed                  setsid "$BIN_HUB" "${HARGS[@]}" > "$hlog" 2>&1 < /dev/null
pbsprobe/pbs_sweep.sh: line 296: 137443 Killed                  setsid bash -c "exec '$wlbin' --port $port --resume_file '$resume_f' $params $extra" > "$wlog" 2>&1 < /dev/null
[127/2243] S007hub1.ext___db_read_p50 dump=0 restore=0 verdict=ok
pbsprobe/pbs_sweep.sh: line 257: 137436 Killed                  setsid "$BIN_HUB" "${HARGS[@]}" > "$hlog" 2>&1 < /dev/null
pbsprobe/pbs_sweep.sh: line 296: 138527 Killed                  setsid bash -c "exec '$wlbin' --port $port --resume_file '$resume_f' $params $extra" > "$wlog" 2>&1 < /dev/null
[128/2243] S007hub1.ext___db_read_p75 dump=0 restore=0 verdict=ok
pbsprobe/pbs_sweep.sh: line 257: 138520 Killed                  setsid "$BIN_HUB" "${HARGS[@]}" > "$hlog" 2>&1 < /dev/null
pbsprobe/pbs_sweep.sh: line 296: 139632 Killed                  setsid bash -c "exec '$wlbin' --port $port --resume_file '$resume_f' $params $extra" > "$wlog" 2>&1 < /dev/null
[129/2243] S007hub1.ext___db_parse dump=0 restore=0 verdict=ok
pbsprobe/pbs_sweep.sh: line 257: 139625 Killed                  setsid "$BIN_HUB" "${HARGS[@]}" > "$hlog" 2>&1 < /dev/null
pbsprobe/pbs_sweep.sh: line 296: 140724 Killed                  setsid bash -c "exec '$wlbin' --port $port --resume_file '$resume_f' $params $extra" > "$wlog" 2>&1 < /dev/null
[130/2243] S007hub1.ext___db_parse_p25 dump=0 restore=0 verdict=ok
pbsprobe/pbs_sweep.sh: line 257: 140717 Killed                  setsid "$BIN_HUB" "${HARGS[@]}" > "$hlog" 2>&1 < /dev/null
pbsprobe/pbs_sweep.sh: line 296: 141803 Killed                  setsid bash -c "exec '$wlbin' --port $port --resume_file '$resume_f' $params $extra" > "$wlog" 2>&1 < /dev/null
[131/2243] S007hub1.ext___db_parse_p50 dump=0 restore=0 verdict=ok
pbsprobe/pbs_sweep.sh: line 257: 141796 Killed                  setsid "$BIN_HUB" "${HARGS[@]}" > "$hlog" 2>&1 < /dev/null
pbsprobe/pbs_sweep.sh: line 296: 142909 Killed                  setsid bash -c "exec '$wlbin' --port $port --resume_file '$resume_f' $params $extra" > "$wlog" 2>&1 < /dev/null
[132/2243] S007hub1.ext___db_parse_p75 dump=0 restore=0 verdict=ok
pbsprobe/pbs_sweep.sh: line 257: 142902 Killed                  setsid "$BIN_HUB" "${HARGS[@]}" > "$hlog" 2>&1 < /dev/null
pbsprobe/pbs_sweep.sh: line 296: 144009 Killed                  setsid bash -c "exec '$wlbin' --port $port --resume_file '$resume_f' $params $extra" > "$wlog" 2>&1 < /dev/null
[133/2243] S007hub1.ext___epg_index dump=0 restore=0 verdict=ok
pbsprobe/pbs_sweep.sh: line 257: 144002 Killed                  setsid "$BIN_HUB" "${HARGS[@]}" > "$hlog" 2>&1 < /dev/null
pbsprobe/pbs_sweep.sh: line 296: 145091 Killed                  setsid bash -c "exec '$wlbin' --port $port --resume_file '$resume_f' $params $extra" > "$wlog" 2>&1 < /dev/null
[134/2243] S007hub1.ext___epg_index_p25 dump=0 restore=0 verdict=ok
pbsprobe/pbs_sweep.sh: line 257: 145084 Killed                  setsid "$BIN_HUB" "${HARGS[@]}" > "$hlog" 2>&1 < /dev/null
pbsprobe/pbs_sweep.sh: line 296: 146187 Killed                  setsid bash -c "exec '$wlbin' --port $port --resume_file '$resume_f' $params $extra" > "$wlog" 2>&1 < /dev/null
[135/2243] S007hub1.ext___epg_index_p50 dump=0 restore=0 verdict=ok
pbsprobe/pbs_sweep.sh: line 257: 146180 Killed                  setsid "$BIN_HUB" "${HARGS[@]}" > "$hlog" 2>&1 < /dev/null
pbsprobe/pbs_sweep.sh: line 296: 147271 Killed                  setsid bash -c "exec '$wlbin' --port $port --resume_file '$resume_f' $params $extra" > "$wlog" 2>&1 < /dev/null
[136/2243] S007hub1.ext___epg_index_p75 dump=0 restore=0 verdict=ok
pbsprobe/pbs_sweep.sh: line 257: 147264 Killed                  setsid "$BIN_HUB" "${HARGS[@]}" > "$hlog" 2>&1 < /dev/null
pbsprobe/pbs_sweep.sh: line 296: 148349 Killed                  setsid bash -c "exec '$wlbin' --port $port --resume_file '$resume_f' $params $extra" > "$wlog" 2>&1 < /dev/null
[137/2243] S007hub1.ext___epg_text dump=0 restore=0 verdict=ok
pbsprobe/pbs_sweep.sh: line 257: 148342 Killed                  setsid "$BIN_HUB" "${HARGS[@]}" > "$hlog" 2>&1 < /dev/null
pbsprobe/pbs_sweep.sh: line 296: 149453 Killed                  setsid bash -c "exec '$wlbin' --port $port --resume_file '$resume_f' $params $extra" > "$wlog" 2>&1 < /dev/null
[138/2243] S007hub1.ext___epg_reserve dump=0 restore=0 verdict=ok
pbsprobe/pbs_sweep.sh: line 257: 149446 Killed                  setsid "$BIN_HUB" "${HARGS[@]}" > "$hlog" 2>&1 < /dev/null
[139/2243] S007hub1.ext___hub_conn1 dump=1 restore=na verdict=dump_fail
pbsprobe/pbs_sweep.sh: line 257: 150515 Killed                  setsid "$BIN_HUB" "${HARGS[@]}" > "$hlog" 2>&1 < /dev/null
pbsprobe/pbs_sweep.sh: line 257: 150522 Killed                  setsid bash -c "exec '$wlbin' --port $port --resume_file '$resume_f' $params $extra" > "$wlog" 2>&1 < /dev/null
[140/2243] S007hub1.ext___hub_subscribed dump=1 restore=na verdict=dump_fail
pbsprobe/pbs_sweep.sh: line 257: 151427 Killed                  setsid "$BIN_HUB" "${HARGS[@]}" > "$hlog" 2>&1 < /dev/null
pbsprobe/pbs_sweep.sh: line 257: 151434 Killed                  setsid bash -c "exec '$wlbin' --port $port --resume_file '$resume_f' $params $extra" > "$wlog" 2>&1 < /dev/null
[141/2243] S007hub1.ext___timer_armed dump=1 restore=na verdict=dump_fail
pbsprobe/pbs_sweep.sh: line 257: 152367 Killed                  setsid "$BIN_HUB" "${HARGS[@]}" > "$hlog" 2>&1 < /dev/null
pbsprobe/pbs_sweep.sh: line 257: 152374 Killed                  setsid bash -c "exec '$wlbin' --port $port --resume_file '$resume_f' $params $extra" > "$wlog" 2>&1 < /dev/null
[142/2243] S007hub1.ext___db_watch dump=1 restore=na verdict=dump_fail
pbsprobe/pbs_sweep.sh: line 257: 153360 Killed                  setsid "$BIN_HUB" "${HARGS[@]}" > "$hlog" 2>&1 < /dev/null
pbsprobe/pbs_sweep.sh: line 257: 153367 Killed                  setsid bash -c "exec '$wlbin' --port $port --resume_file '$resume_f' $params $extra" > "$wlog" 2>&1 < /dev/null
[143/2243] S007hub1.ext___ready dump=1 restore=na verdict=dump_fail
pbsprobe/pbs_sweep.sh: line 257: 154419 Killed                  setsid "$BIN_HUB" "${HARGS[@]}" > "$hlog" 2>&1 < /dev/null
pbsprobe/pbs_sweep.sh: line 257: 154426 Killed                  setsid bash -c "exec '$wlbin' --port $port --resume_file '$resume_f' $params $extra" > "$wlog" 2>&1 < /dev/null
[144/2243] S007hub1.ext___steady dump=1 restore=na verdict=dump_fail
pbsprobe/pbs_sweep.sh: line 257: 155530 Killed                  setsid "$BIN_HUB" "${HARGS[@]}" > "$hlog" 2>&1 < /dev/null
pbsprobe/pbs_sweep.sh: line 257: 155537 Killed                  setsid bash -c "exec '$wlbin' --port $port --resume_file '$resume_f' $params $extra" > "$wlog" 2>&1 < /dev/null
pbsprobe/pbs_sweep.sh: line 296: 156695 Killed                  setsid bash -c "exec '$wlbin' --port $port --resume_file '$resume_f' $params $extra" > "$wlog" 2>&1 < /dev/null
[145/2243] S008hub1.tcp___init dump=0 restore=0 verdict=ok
pbsprobe/pbs_sweep.sh: line 257: 156688 Killed                  setsid "$BIN_HUB" "${HARGS[@]}" > "$hlog" 2>&1 < /dev/null
pbsprobe/pbs_sweep.sh: line 296: 157795 Killed                  setsid bash -c "exec '$wlbin' --port $port --resume_file '$resume_f' $params $extra" > "$wlog" 2>&1 < /dev/null
[146/2243] S008hub1.tcp___db_open dump=0 restore=0 verdict=ok
pbsprobe/pbs_sweep.sh: line 257: 157788 Killed                  setsid "$BIN_HUB" "${HARGS[@]}" > "$hlog" 2>&1 < /dev/null
pbsprobe/pbs_sweep.sh: line 296: 158888 Killed                  setsid bash -c "exec '$wlbin' --port $port --resume_file '$resume_f' $params $extra" > "$wlog" 2>&1 < /dev/null
[147/2243] S008hub1.tcp___db_read dump=0 restore=0 verdict=ok
pbsprobe/pbs_sweep.sh: line 257: 158881 Killed                  setsid "$BIN_HUB" "${HARGS[@]}" > "$hlog" 2>&1 < /dev/null
pbsprobe/pbs_sweep.sh: line 296: 159984 Killed                  setsid bash -c "exec '$wlbin' --port $port --resume_file '$resume_f' $params $extra" > "$wlog" 2>&1 < /dev/null
[148/2243] S008hub1.tcp___db_read_p25 dump=0 restore=0 verdict=ok
pbsprobe/pbs_sweep.sh: line 257: 159977 Killed                  setsid "$BIN_HUB" "${HARGS[@]}" > "$hlog" 2>&1 < /dev/null
pbsprobe/pbs_sweep.sh: line 296: 161061 Killed                  setsid bash -c "exec '$wlbin' --port $port --resume_file '$resume_f' $params $extra" > "$wlog" 2>&1 < /dev/null
[149/2243] S008hub1.tcp___db_read_p50 dump=0 restore=0 verdict=ok
pbsprobe/pbs_sweep.sh: line 257: 161054 Killed                  setsid "$BIN_HUB" "${HARGS[@]}" > "$hlog" 2>&1 < /dev/null
pbsprobe/pbs_sweep.sh: line 296: 162157 Killed                  setsid bash -c "exec '$wlbin' --port $port --resume_file '$resume_f' $params $extra" > "$wlog" 2>&1 < /dev/null
[150/2243] S008hub1.tcp___db_read_p75 dump=0 restore=0 verdict=ok
pbsprobe/pbs_sweep.sh: line 257: 162150 Killed                  setsid "$BIN_HUB" "${HARGS[@]}" > "$hlog" 2>&1 < /dev/null
pbsprobe/pbs_sweep.sh: line 296: 163234 Killed                  setsid bash -c "exec '$wlbin' --port $port --resume_file '$resume_f' $params $extra" > "$wlog" 2>&1 < /dev/null
[151/2243] S008hub1.tcp___db_parse dump=0 restore=0 verdict=ok
pbsprobe/pbs_sweep.sh: line 257: 163227 Killed                  setsid "$BIN_HUB" "${HARGS[@]}" > "$hlog" 2>&1 < /dev/null
pbsprobe/pbs_sweep.sh: line 296: 164314 Killed                  setsid bash -c "exec '$wlbin' --port $port --resume_file '$resume_f' $params $extra" > "$wlog" 2>&1 < /dev/null
[152/2243] S008hub1.tcp___db_parse_p25 dump=0 restore=0 verdict=ok
pbsprobe/pbs_sweep.sh: line 257: 164307 Killed                  setsid "$BIN_HUB" "${HARGS[@]}" > "$hlog" 2>&1 < /dev/null
pbsprobe/pbs_sweep.sh: line 296: 165417 Killed                  setsid bash -c "exec '$wlbin' --port $port --resume_file '$resume_f' $params $extra" > "$wlog" 2>&1 < /dev/null
[153/2243] S008hub1.tcp___db_parse_p50 dump=0 restore=0 verdict=ok
pbsprobe/pbs_sweep.sh: line 257: 165410 Killed                  setsid "$BIN_HUB" "${HARGS[@]}" > "$hlog" 2>&1 < /dev/null
pbsprobe/pbs_sweep.sh: line 296: 166499 Killed                  setsid bash -c "exec '$wlbin' --port $port --resume_file '$resume_f' $params $extra" > "$wlog" 2>&1 < /dev/null
[154/2243] S008hub1.tcp___db_parse_p75 dump=0 restore=0 verdict=ok
pbsprobe/pbs_sweep.sh: line 257: 166492 Killed                  setsid "$BIN_HUB" "${HARGS[@]}" > "$hlog" 2>&1 < /dev/null
pbsprobe/pbs_sweep.sh: line 296: 167607 Killed                  setsid bash -c "exec '$wlbin' --port $port --resume_file '$resume_f' $params $extra" > "$wlog" 2>&1 < /dev/null
[155/2243] S008hub1.tcp___epg_index dump=0 restore=0 verdict=ok
pbsprobe/pbs_sweep.sh: line 257: 167600 Killed                  setsid "$BIN_HUB" "${HARGS[@]}" > "$hlog" 2>&1 < /dev/null
pbsprobe/pbs_sweep.sh: line 296: 168691 Killed                  setsid bash -c "exec '$wlbin' --port $port --resume_file '$resume_f' $params $extra" > "$wlog" 2>&1 < /dev/null
[156/2243] S008hub1.tcp___epg_index_p25 dump=0 restore=0 verdict=ok
pbsprobe/pbs_sweep.sh: line 257: 168684 Killed                  setsid "$BIN_HUB" "${HARGS[@]}" > "$hlog" 2>&1 < /dev/null
pbsprobe/pbs_sweep.sh: line 296: 169761 Killed                  setsid bash -c "exec '$wlbin' --port $port --resume_file '$resume_f' $params $extra" > "$wlog" 2>&1 < /dev/null
[157/2243] S008hub1.tcp___epg_index_p50 dump=0 restore=0 verdict=ok
pbsprobe/pbs_sweep.sh: line 257: 169754 Killed                  setsid "$BIN_HUB" "${HARGS[@]}" > "$hlog" 2>&1 < /dev/null
pbsprobe/pbs_sweep.sh: line 296: 170857 Killed                  setsid bash -c "exec '$wlbin' --port $port --resume_file '$resume_f' $params $extra" > "$wlog" 2>&1 < /dev/null
[158/2243] S008hub1.tcp___epg_index_p75 dump=0 restore=0 verdict=ok
pbsprobe/pbs_sweep.sh: line 257: 170850 Killed                  setsid "$BIN_HUB" "${HARGS[@]}" > "$hlog" 2>&1 < /dev/null
pbsprobe/pbs_sweep.sh: line 296: 171947 Killed                  setsid bash -c "exec '$wlbin' --port $port --resume_file '$resume_f' $params $extra" > "$wlog" 2>&1 < /dev/null
[159/2243] S008hub1.tcp___epg_text dump=0 restore=0 verdict=ok
pbsprobe/pbs_sweep.sh: line 257: 171940 Killed                  setsid "$BIN_HUB" "${HARGS[@]}" > "$hlog" 2>&1 < /dev/null
pbsprobe/pbs_sweep.sh: line 296: 173027 Killed                  setsid bash -c "exec '$wlbin' --port $port --resume_file '$resume_f' $params $extra" > "$wlog" 2>&1 < /dev/null
[160/2243] S008hub1.tcp___epg_reserve dump=0 restore=0 verdict=ok
pbsprobe/pbs_sweep.sh: line 257: 173020 Killed                  setsid "$BIN_HUB" "${HARGS[@]}" > "$hlog" 2>&1 < /dev/null
[161/2243] S008hub1.tcp___hub_conn1 dump=1 restore=na verdict=dump_fail
pbsprobe/pbs_sweep.sh: line 257: 174107 Killed                  setsid "$BIN_HUB" "${HARGS[@]}" > "$hlog" 2>&1 < /dev/null
pbsprobe/pbs_sweep.sh: line 257: 174114 Killed                  setsid bash -c "exec '$wlbin' --port $port --resume_file '$resume_f' $params $extra" > "$wlog" 2>&1 < /dev/null
[162/2243] S008hub1.tcp___hub_subscribed dump=1 restore=na verdict=dump_fail
pbsprobe/pbs_sweep.sh: line 257: 175029 Killed                  setsid "$BIN_HUB" "${HARGS[@]}" > "$hlog" 2>&1 < /dev/null
pbsprobe/pbs_sweep.sh: line 257: 175036 Killed                  setsid bash -c "exec '$wlbin' --port $port --resume_file '$resume_f' $params $extra" > "$wlog" 2>&1 < /dev/null
[163/2243] S008hub1.tcp___timer_armed dump=1 restore=na verdict=dump_fail
pbsprobe/pbs_sweep.sh: line 257: 175961 Killed                  setsid "$BIN_HUB" "${HARGS[@]}" > "$hlog" 2>&1 < /dev/null
pbsprobe/pbs_sweep.sh: line 257: 175968 Killed                  setsid bash -c "exec '$wlbin' --port $port --resume_file '$resume_f' $params $extra" > "$wlog" 2>&1 < /dev/null
[164/2243] S008hub1.tcp___db_watch dump=1 restore=na verdict=dump_fail
pbsprobe/pbs_sweep.sh: line 257: 176973 Killed                  setsid "$BIN_HUB" "${HARGS[@]}" > "$hlog" 2>&1 < /dev/null
pbsprobe/pbs_sweep.sh: line 257: 176980 Killed                  setsid bash -c "exec '$wlbin' --port $port --resume_file '$resume_f' $params $extra" > "$wlog" 2>&1 < /dev/null
[165/2243] S008hub1.tcp___ready dump=1 restore=na verdict=dump_fail
pbsprobe/pbs_sweep.sh: line 257: 178029 Killed                  setsid "$BIN_HUB" "${HARGS[@]}" > "$hlog" 2>&1 < /dev/null
pbsprobe/pbs_sweep.sh: line 257: 178036 Killed                  setsid bash -c "exec '$wlbin' --port $port --resume_file '$resume_f' $params $extra" > "$wlog" 2>&1 < /dev/null
[166/2243] S008hub1.tcp___steady dump=1 restore=na verdict=dump_fail
pbsprobe/pbs_sweep.sh: line 257: 179141 Killed                  setsid "$BIN_HUB" "${HARGS[@]}" > "$hlog" 2>&1 < /dev/null
pbsprobe/pbs_sweep.sh: line 257: 179148 Killed                  setsid bash -c "exec '$wlbin' --port $port --resume_file '$resume_f' $params $extra" > "$wlog" 2>&1 < /dev/null
pbsprobe/pbs_sweep.sh: line 296: 180297 Killed                  setsid bash -c "exec '$wlbin' --port $port --resume_file '$resume_f' $params $extra" > "$wlog" 2>&1 < /dev/null
[167/2243] S009hub1.file__init dump=0 restore=0 verdict=ok
pbsprobe/pbs_sweep.sh: line 257: 180290 Killed                  setsid "$BIN_HUB" "${HARGS[@]}" > "$hlog" 2>&1 < /dev/null
pbsprobe/pbs_sweep.sh: line 296: 181397 Killed                  setsid bash -c "exec '$wlbin' --port $port --resume_file '$resume_f' $params $extra" > "$wlog" 2>&1 < /dev/null
[168/2243] S009hub1.file__db_open dump=0 restore=0 verdict=ok
pbsprobe/pbs_sweep.sh: line 257: 181390 Killed                  setsid "$BIN_HUB" "${HARGS[@]}" > "$hlog" 2>&1 < /dev/null
pbsprobe/pbs_sweep.sh: line 296: 182466 Killed                  setsid bash -c "exec '$wlbin' --port $port --resume_file '$resume_f' $params $extra" > "$wlog" 2>&1 < /dev/null
[169/2243] S009hub1.file__db_read dump=0 restore=0 verdict=ok
pbsprobe/pbs_sweep.sh: line 257: 182459 Killed                  setsid "$BIN_HUB" "${HARGS[@]}" > "$hlog" 2>&1 < /dev/null
pbsprobe/pbs_sweep.sh: line 296: 183570 Killed                  setsid bash -c "exec '$wlbin' --port $port --resume_file '$resume_f' $params $extra" > "$wlog" 2>&1 < /dev/null
[170/2243] S009hub1.file__db_read_p25 dump=0 restore=0 verdict=ok
pbsprobe/pbs_sweep.sh: line 257: 183563 Killed                  setsid "$BIN_HUB" "${HARGS[@]}" > "$hlog" 2>&1 < /dev/null
pbsprobe/pbs_sweep.sh: line 296: 184651 Killed                  setsid bash -c "exec '$wlbin' --port $port --resume_file '$resume_f' $params $extra" > "$wlog" 2>&1 < /dev/null
[171/2243] S009hub1.file__db_read_p50 dump=0 restore=0 verdict=ok
pbsprobe/pbs_sweep.sh: line 257: 184644 Killed                  setsid "$BIN_HUB" "${HARGS[@]}" > "$hlog" 2>&1 < /dev/null
pbsprobe/pbs_sweep.sh: line 296: 185743 Killed                  setsid bash -c "exec '$wlbin' --port $port --resume_file '$resume_f' $params $extra" > "$wlog" 2>&1 < /dev/null
[172/2243] S009hub1.file__db_read_p75 dump=0 restore=0 verdict=ok
pbsprobe/pbs_sweep.sh: line 257: 185736 Killed                  setsid "$BIN_HUB" "${HARGS[@]}" > "$hlog" 2>&1 < /dev/null
pbsprobe/pbs_sweep.sh: line 296: 186832 Killed                  setsid bash -c "exec '$wlbin' --port $port --resume_file '$resume_f' $params $extra" > "$wlog" 2>&1 < /dev/null
[173/2243] S009hub1.file__db_parse dump=0 restore=0 verdict=ok
pbsprobe/pbs_sweep.sh: line 257: 186825 Killed                  setsid "$BIN_HUB" "${HARGS[@]}" > "$hlog" 2>&1 < /dev/null
pbsprobe/pbs_sweep.sh: line 296: 187924 Killed                  setsid bash -c "exec '$wlbin' --port $port --resume_file '$resume_f' $params $extra" > "$wlog" 2>&1 < /dev/null
[174/2243] S009hub1.file__db_parse_p25 dump=0 restore=0 verdict=ok
pbsprobe/pbs_sweep.sh: line 257: 187917 Killed                  setsid "$BIN_HUB" "${HARGS[@]}" > "$hlog" 2>&1 < /dev/null
pbsprobe/pbs_sweep.sh: line 296: 188999 Killed                  setsid bash -c "exec '$wlbin' --port $port --resume_file '$resume_f' $params $extra" > "$wlog" 2>&1 < /dev/null
[175/2243] S009hub1.file__db_parse_p50 dump=0 restore=0 verdict=ok
pbsprobe/pbs_sweep.sh: line 257: 188992 Killed                  setsid "$BIN_HUB" "${HARGS[@]}" > "$hlog" 2>&1 < /dev/null
pbsprobe/pbs_sweep.sh: line 296: 190093 Killed                  setsid bash -c "exec '$wlbin' --port $port --resume_file '$resume_f' $params $extra" > "$wlog" 2>&1 < /dev/null
[176/2243] S009hub1.file__db_parse_p75 dump=0 restore=0 verdict=ok
pbsprobe/pbs_sweep.sh: line 257: 190086 Killed                  setsid "$BIN_HUB" "${HARGS[@]}" > "$hlog" 2>&1 < /dev/null
pbsprobe/pbs_sweep.sh: line 296: 191194 Killed                  setsid bash -c "exec '$wlbin' --port $port --resume_file '$resume_f' $params $extra" > "$wlog" 2>&1 < /dev/null
[177/2243] S009hub1.file__epg_index dump=0 restore=0 verdict=ok
pbsprobe/pbs_sweep.sh: line 257: 191187 Killed                  setsid "$BIN_HUB" "${HARGS[@]}" > "$hlog" 2>&1 < /dev/null
pbsprobe/pbs_sweep.sh: line 296: 192263 Killed                  setsid bash -c "exec '$wlbin' --port $port --resume_file '$resume_f' $params $extra" > "$wlog" 2>&1 < /dev/null
[178/2243] S009hub1.file__epg_index_p25 dump=0 restore=0 verdict=ok
pbsprobe/pbs_sweep.sh: line 257: 192256 Killed                  setsid "$BIN_HUB" "${HARGS[@]}" > "$hlog" 2>&1 < /dev/null
pbsprobe/pbs_sweep.sh: line 296: 193371 Killed                  setsid bash -c "exec '$wlbin' --port $port --resume_file '$resume_f' $params $extra" > "$wlog" 2>&1 < /dev/null
[179/2243] S009hub1.file__epg_index_p50 dump=0 restore=0 verdict=ok
pbsprobe/pbs_sweep.sh: line 257: 193364 Killed                  setsid "$BIN_HUB" "${HARGS[@]}" > "$hlog" 2>&1 < /dev/null
pbsprobe/pbs_sweep.sh: line 296: 194454 Killed                  setsid bash -c "exec '$wlbin' --port $port --resume_file '$resume_f' $params $extra" > "$wlog" 2>&1 < /dev/null
[180/2243] S009hub1.file__epg_index_p75 dump=0 restore=0 verdict=ok
pbsprobe/pbs_sweep.sh: line 257: 194447 Killed                  setsid "$BIN_HUB" "${HARGS[@]}" > "$hlog" 2>&1 < /dev/null
pbsprobe/pbs_sweep.sh: line 296: 195528 Killed                  setsid bash -c "exec '$wlbin' --port $port --resume_file '$resume_f' $params $extra" > "$wlog" 2>&1 < /dev/null
[181/2243] S009hub1.file__epg_text dump=0 restore=0 verdict=ok
pbsprobe/pbs_sweep.sh: line 257: 195521 Killed                  setsid "$BIN_HUB" "${HARGS[@]}" > "$hlog" 2>&1 < /dev/null
pbsprobe/pbs_sweep.sh: line 296: 196625 Killed                  setsid bash -c "exec '$wlbin' --port $port --resume_file '$resume_f' $params $extra" > "$wlog" 2>&1 < /dev/null
[182/2243] S009hub1.file__epg_reserve dump=0 restore=0 verdict=ok
pbsprobe/pbs_sweep.sh: line 257: 196618 Killed                  setsid "$BIN_HUB" "${HARGS[@]}" > "$hlog" 2>&1 < /dev/null
[183/2243] S009hub1.file__hub_conn1 dump=1 restore=na verdict=dump_fail
pbsprobe/pbs_sweep.sh: line 257: 197695 Killed                  setsid "$BIN_HUB" "${HARGS[@]}" > "$hlog" 2>&1 < /dev/null
pbsprobe/pbs_sweep.sh: line 257: 197702 Killed                  setsid bash -c "exec '$wlbin' --port $port --resume_file '$resume_f' $params $extra" > "$wlog" 2>&1 < /dev/null
[184/2243] S009hub1.file__hub_subscribed dump=1 restore=na verdict=dump_fail
pbsprobe/pbs_sweep.sh: line 257: 198591 Killed                  setsid "$BIN_HUB" "${HARGS[@]}" > "$hlog" 2>&1 < /dev/null
pbsprobe/pbs_sweep.sh: line 257: 198598 Killed                  setsid bash -c "exec '$wlbin' --port $port --resume_file '$resume_f' $params $extra" > "$wlog" 2>&1 < /dev/null
[185/2243] S009hub1.file__timer_armed dump=1 restore=na verdict=dump_fail
pbsprobe/pbs_sweep.sh: line 257: 199551 Killed                  setsid "$BIN_HUB" "${HARGS[@]}" > "$hlog" 2>&1 < /dev/null
pbsprobe/pbs_sweep.sh: line 257: 199558 Killed                  setsid bash -c "exec '$wlbin' --port $port --resume_file '$resume_f' $params $extra" > "$wlog" 2>&1 < /dev/null
[186/2243] S009hub1.file__db_watch dump=1 restore=na verdict=dump_fail
pbsprobe/pbs_sweep.sh: line 257: 200532 Killed                  setsid "$BIN_HUB" "${HARGS[@]}" > "$hlog" 2>&1 < /dev/null
pbsprobe/pbs_sweep.sh: line 257: 200539 Killed                  setsid bash -c "exec '$wlbin' --port $port --resume_file '$resume_f' $params $extra" > "$wlog" 2>&1 < /dev/null
[187/2243] S009hub1.file__ready dump=1 restore=na verdict=dump_fail
pbsprobe/pbs_sweep.sh: line 257: 201575 Killed                  setsid "$BIN_HUB" "${HARGS[@]}" > "$hlog" 2>&1 < /dev/null
pbsprobe/pbs_sweep.sh: line 257: 201582 Killed                  setsid bash -c "exec '$wlbin' --port $port --resume_file '$resume_f' $params $extra" > "$wlog" 2>&1 < /dev/null
[188/2243] S009hub1.file__steady dump=1 restore=na verdict=dump_fail
pbsprobe/pbs_sweep.sh: line 257: 202696 Killed                  setsid "$BIN_HUB" "${HARGS[@]}" > "$hlog" 2>&1 < /dev/null
pbsprobe/pbs_sweep.sh: line 257: 202703 Killed                  setsid bash -c "exec '$wlbin' --port $port --resume_file '$resume_f' $params $extra" > "$wlog" 2>&1 < /dev/null
pbsprobe/pbs_sweep.sh: line 296: 203867 Killed                  setsid bash -c "exec '$wlbin' --port $port --resume_file '$resume_f' $params $extra" > "$wlog" 2>&1 < /dev/null
[189/2243] S010hub1.perm__init dump=0 restore=0 verdict=ok
pbsprobe/pbs_sweep.sh: line 257: 203860 Killed                  setsid "$BIN_HUB" "${HARGS[@]}" > "$hlog" 2>&1 < /dev/null
pbsprobe/pbs_sweep.sh: line 296: 204956 Killed                  setsid bash -c "exec '$wlbin' --port $port --resume_file '$resume_f' $params $extra" > "$wlog" 2>&1 < /dev/null
[190/2243] S010hub1.perm__db_open dump=0 restore=0 verdict=ok
pbsprobe/pbs_sweep.sh: line 257: 204949 Killed                  setsid "$BIN_HUB" "${HARGS[@]}" > "$hlog" 2>&1 < /dev/null
pbsprobe/pbs_sweep.sh: line 296: 206060 Killed                  setsid bash -c "exec '$wlbin' --port $port --resume_file '$resume_f' $params $extra" > "$wlog" 2>&1 < /dev/null
[191/2243] S010hub1.perm__db_read dump=0 restore=0 verdict=ok
pbsprobe/pbs_sweep.sh: line 257: 206053 Killed                  setsid "$BIN_HUB" "${HARGS[@]}" > "$hlog" 2>&1 < /dev/null
pbsprobe/pbs_sweep.sh: line 296: 207147 Killed                  setsid bash -c "exec '$wlbin' --port $port --resume_file '$resume_f' $params $extra" > "$wlog" 2>&1 < /dev/null
[192/2243] S010hub1.perm__db_read_p25 dump=0 restore=0 verdict=ok
pbsprobe/pbs_sweep.sh: line 257: 207140 Killed                  setsid "$BIN_HUB" "${HARGS[@]}" > "$hlog" 2>&1 < /dev/null
pbsprobe/pbs_sweep.sh: line 296: 208225 Killed                  setsid bash -c "exec '$wlbin' --port $port --resume_file '$resume_f' $params $extra" > "$wlog" 2>&1 < /dev/null
[193/2243] S010hub1.perm__db_read_p50 dump=0 restore=0 verdict=ok
pbsprobe/pbs_sweep.sh: line 257: 208218 Killed                  setsid "$BIN_HUB" "${HARGS[@]}" > "$hlog" 2>&1 < /dev/null
pbsprobe/pbs_sweep.sh: line 296: 209325 Killed                  setsid bash -c "exec '$wlbin' --port $port --resume_file '$resume_f' $params $extra" > "$wlog" 2>&1 < /dev/null
[194/2243] S010hub1.perm__db_read_p75 dump=0 restore=0 verdict=ok
pbsprobe/pbs_sweep.sh: line 257: 209318 Killed                  setsid "$BIN_HUB" "${HARGS[@]}" > "$hlog" 2>&1 < /dev/null
pbsprobe/pbs_sweep.sh: line 296: 210398 Killed                  setsid bash -c "exec '$wlbin' --port $port --resume_file '$resume_f' $params $extra" > "$wlog" 2>&1 < /dev/null
[195/2243] S010hub1.perm__db_parse dump=0 restore=0 verdict=ok
pbsprobe/pbs_sweep.sh: line 257: 210391 Killed                  setsid "$BIN_HUB" "${HARGS[@]}" > "$hlog" 2>&1 < /dev/null
pbsprobe/pbs_sweep.sh: line 296: 211474 Killed                  setsid bash -c "exec '$wlbin' --port $port --resume_file '$resume_f' $params $extra" > "$wlog" 2>&1 < /dev/null
[196/2243] S010hub1.perm__db_parse_p25 dump=0 restore=0 verdict=ok
pbsprobe/pbs_sweep.sh: line 257: 211467 Killed                  setsid "$BIN_HUB" "${HARGS[@]}" > "$hlog" 2>&1 < /dev/null
pbsprobe/pbs_sweep.sh: line 296: 212582 Killed                  setsid bash -c "exec '$wlbin' --port $port --resume_file '$resume_f' $params $extra" > "$wlog" 2>&1 < /dev/null
[197/2243] S010hub1.perm__db_parse_p50 dump=0 restore=0 verdict=ok
pbsprobe/pbs_sweep.sh: line 257: 212575 Killed                  setsid "$BIN_HUB" "${HARGS[@]}" > "$hlog" 2>&1 < /dev/null
pbsprobe/pbs_sweep.sh: line 296: 213668 Killed                  setsid bash -c "exec '$wlbin' --port $port --resume_file '$resume_f' $params $extra" > "$wlog" 2>&1 < /dev/null
[198/2243] S010hub1.perm__db_parse_p75 dump=0 restore=0 verdict=ok
pbsprobe/pbs_sweep.sh: line 257: 213661 Killed                  setsid "$BIN_HUB" "${HARGS[@]}" > "$hlog" 2>&1 < /dev/null
pbsprobe/pbs_sweep.sh: line 296: 214764 Killed                  setsid bash -c "exec '$wlbin' --port $port --resume_file '$resume_f' $params $extra" > "$wlog" 2>&1 < /dev/null
[199/2243] S010hub1.perm__epg_index dump=0 restore=0 verdict=ok
pbsprobe/pbs_sweep.sh: line 257: 214757 Killed                  setsid "$BIN_HUB" "${HARGS[@]}" > "$hlog" 2>&1 < /dev/null
pbsprobe/pbs_sweep.sh: line 296: 215857 Killed                  setsid bash -c "exec '$wlbin' --port $port --resume_file '$resume_f' $params $extra" > "$wlog" 2>&1 < /dev/null
[200/2243] S010hub1.perm__epg_index_p25 dump=0 restore=0 verdict=ok
pbsprobe/pbs_sweep.sh: line 257: 215850 Killed                  setsid "$BIN_HUB" "${HARGS[@]}" > "$hlog" 2>&1 < /dev/null
pbsprobe/pbs_sweep.sh: line 296: 216949 Killed                  setsid bash -c "exec '$wlbin' --port $port --resume_file '$resume_f' $params $extra" > "$wlog" 2>&1 < /dev/null
[201/2243] S010hub1.perm__epg_index_p50 dump=0 restore=0 verdict=ok
pbsprobe/pbs_sweep.sh: line 257: 216942 Killed                  setsid "$BIN_HUB" "${HARGS[@]}" > "$hlog" 2>&1 < /dev/null
pbsprobe/pbs_sweep.sh: line 296: 218048 Killed                  setsid bash -c "exec '$wlbin' --port $port --resume_file '$resume_f' $params $extra" > "$wlog" 2>&1 < /dev/null
[202/2243] S010hub1.perm__epg_index_p75 dump=0 restore=0 verdict=ok
pbsprobe/pbs_sweep.sh: line 257: 218041 Killed                  setsid "$BIN_HUB" "${HARGS[@]}" > "$hlog" 2>&1 < /dev/null
pbsprobe/pbs_sweep.sh: line 296: 219126 Killed                  setsid bash -c "exec '$wlbin' --port $port --resume_file '$resume_f' $params $extra" > "$wlog" 2>&1 < /dev/null
[203/2243] S010hub1.perm__epg_text dump=0 restore=0 verdict=ok
pbsprobe/pbs_sweep.sh: line 257: 219119 Killed                  setsid "$BIN_HUB" "${HARGS[@]}" > "$hlog" 2>&1 < /dev/null
pbsprobe/pbs_sweep.sh: line 296: 220207 Killed                  setsid bash -c "exec '$wlbin' --port $port --resume_file '$resume_f' $params $extra" > "$wlog" 2>&1 < /dev/null
[204/2243] S010hub1.perm__epg_reserve dump=0 restore=0 verdict=ok
pbsprobe/pbs_sweep.sh: line 257: 220200 Killed                  setsid "$BIN_HUB" "${HARGS[@]}" > "$hlog" 2>&1 < /dev/null
[205/2243] S010hub1.perm__hub_conn1 dump=1 restore=na verdict=dump_fail
pbsprobe/pbs_sweep.sh: line 257: 221289 Killed                  setsid "$BIN_HUB" "${HARGS[@]}" > "$hlog" 2>&1 < /dev/null
pbsprobe/pbs_sweep.sh: line 257: 221296 Killed                  setsid bash -c "exec '$wlbin' --port $port --resume_file '$resume_f' $params $extra" > "$wlog" 2>&1 < /dev/null
[206/2243] S010hub1.perm__hub_subscribed dump=1 restore=na verdict=dump_fail
pbsprobe/pbs_sweep.sh: line 257: 222197 Killed                  setsid "$BIN_HUB" "${HARGS[@]}" > "$hlog" 2>&1 < /dev/null
pbsprobe/pbs_sweep.sh: line 257: 222204 Killed                  setsid bash -c "exec '$wlbin' --port $port --resume_file '$resume_f' $params $extra" > "$wlog" 2>&1 < /dev/null
[207/2243] S010hub1.perm__timer_armed dump=1 restore=na verdict=dump_fail
pbsprobe/pbs_sweep.sh: line 257: 223136 Killed                  setsid "$BIN_HUB" "${HARGS[@]}" > "$hlog" 2>&1 < /dev/null
pbsprobe/pbs_sweep.sh: line 257: 223143 Killed                  setsid bash -c "exec '$wlbin' --port $port --resume_file '$resume_f' $params $extra" > "$wlog" 2>&1 < /dev/null
[208/2243] S010hub1.perm__db_watch dump=1 restore=na verdict=dump_fail
pbsprobe/pbs_sweep.sh: line 257: 224137 Killed                  setsid "$BIN_HUB" "${HARGS[@]}" > "$hlog" 2>&1 < /dev/null
pbsprobe/pbs_sweep.sh: line 257: 224144 Killed                  setsid bash -c "exec '$wlbin' --port $port --resume_file '$resume_f' $params $extra" > "$wlog" 2>&1 < /dev/null
[209/2243] S010hub1.perm__ready dump=1 restore=na verdict=dump_fail
pbsprobe/pbs_sweep.sh: line 257: 225188 Killed                  setsid "$BIN_HUB" "${HARGS[@]}" > "$hlog" 2>&1 < /dev/null
pbsprobe/pbs_sweep.sh: line 257: 225195 Killed                  setsid bash -c "exec '$wlbin' --port $port --resume_file '$resume_f' $params $extra" > "$wlog" 2>&1 < /dev/null
[210/2243] S010hub1.perm__steady dump=1 restore=na verdict=dump_fail
pbsprobe/pbs_sweep.sh: line 257: 226281 Killed                  setsid "$BIN_HUB" "${HARGS[@]}" > "$hlog" 2>&1 < /dev/null
pbsprobe/pbs_sweep.sh: line 257: 226288 Killed                  setsid bash -c "exec '$wlbin' --port $port --resume_file '$resume_f' $params $extra" > "$wlog" 2>&1 < /dev/null
pbsprobe/pbs_sweep.sh: line 296: 227468 Killed                  setsid bash -c "exec '$wlbin' --port $port --resume_file '$resume_f' $params $extra" > "$wlog" 2>&1 < /dev/null
[211/2243] S011hub2.stri__init dump=0 restore=0 verdict=ok
pbsprobe/pbs_sweep.sh: line 257: 227461 Killed                  setsid "$BIN_HUB" "${HARGS[@]}" > "$hlog" 2>&1 < /dev/null
pbsprobe/pbs_sweep.sh: line 296: 228589 Killed                  setsid bash -c "exec '$wlbin' --port $port --resume_file '$resume_f' $params $extra" > "$wlog" 2>&1 < /dev/null
[212/2243] S011hub2.stri__db_open dump=0 restore=0 verdict=ok
pbsprobe/pbs_sweep.sh: line 257: 228582 Killed                  setsid "$BIN_HUB" "${HARGS[@]}" > "$hlog" 2>&1 < /dev/null
pbsprobe/pbs_sweep.sh: line 296: 229728 Killed                  setsid bash -c "exec '$wlbin' --port $port --resume_file '$resume_f' $params $extra" > "$wlog" 2>&1 < /dev/null
[213/2243] S011hub2.stri__db_read dump=0 restore=0 verdict=ok
pbsprobe/pbs_sweep.sh: line 257: 229721 Killed                  setsid "$BIN_HUB" "${HARGS[@]}" > "$hlog" 2>&1 < /dev/null
pbsprobe/pbs_sweep.sh: line 296: 230887 Killed                  setsid bash -c "exec '$wlbin' --port $port --resume_file '$resume_f' $params $extra" > "$wlog" 2>&1 < /dev/null
[214/2243] S011hub2.stri__db_read_p25 dump=0 restore=0 verdict=ok
pbsprobe/pbs_sweep.sh: line 257: 230880 Killed                  setsid "$BIN_HUB" "${HARGS[@]}" > "$hlog" 2>&1 < /dev/null
pbsprobe/pbs_sweep.sh: line 296: 232009 Killed                  setsid bash -c "exec '$wlbin' --port $port --resume_file '$resume_f' $params $extra" > "$wlog" 2>&1 < /dev/null
[215/2243] S011hub2.stri__db_read_p50 dump=0 restore=0 verdict=ok
pbsprobe/pbs_sweep.sh: line 257: 232002 Killed                  setsid "$BIN_HUB" "${HARGS[@]}" > "$hlog" 2>&1 < /dev/null
pbsprobe/pbs_sweep.sh: line 296: 233177 Killed                  setsid bash -c "exec '$wlbin' --port $port --resume_file '$resume_f' $params $extra" > "$wlog" 2>&1 < /dev/null
[216/2243] S011hub2.stri__db_read_p75 dump=0 restore=0 verdict=ok
pbsprobe/pbs_sweep.sh: line 257: 233170 Killed                  setsid "$BIN_HUB" "${HARGS[@]}" > "$hlog" 2>&1 < /dev/null
pbsprobe/pbs_sweep.sh: line 296: 234308 Killed                  setsid bash -c "exec '$wlbin' --port $port --resume_file '$resume_f' $params $extra" > "$wlog" 2>&1 < /dev/null
[217/2243] S011hub2.stri__db_parse dump=0 restore=0 verdict=ok
pbsprobe/pbs_sweep.sh: line 257: 234301 Killed                  setsid "$BIN_HUB" "${HARGS[@]}" > "$hlog" 2>&1 < /dev/null
pbsprobe/pbs_sweep.sh: line 296: 235426 Killed                  setsid bash -c "exec '$wlbin' --port $port --resume_file '$resume_f' $params $extra" > "$wlog" 2>&1 < /dev/null
[218/2243] S011hub2.stri__db_parse_p25 dump=0 restore=0 verdict=ok
pbsprobe/pbs_sweep.sh: line 257: 235419 Killed                  setsid "$BIN_HUB" "${HARGS[@]}" > "$hlog" 2>&1 < /dev/null
pbsprobe/pbs_sweep.sh: line 296: 236578 Killed                  setsid bash -c "exec '$wlbin' --port $port --resume_file '$resume_f' $params $extra" > "$wlog" 2>&1 < /dev/null
[219/2243] S011hub2.stri__db_parse_p50 dump=0 restore=0 verdict=ok
pbsprobe/pbs_sweep.sh: line 257: 236571 Killed                  setsid "$BIN_HUB" "${HARGS[@]}" > "$hlog" 2>&1 < /dev/null
pbsprobe/pbs_sweep.sh: line 296: 237714 Killed                  setsid bash -c "exec '$wlbin' --port $port --resume_file '$resume_f' $params $extra" > "$wlog" 2>&1 < /dev/null
[220/2243] S011hub2.stri__db_parse_p75 dump=0 restore=0 verdict=ok
pbsprobe/pbs_sweep.sh: line 257: 237707 Killed                  setsid "$BIN_HUB" "${HARGS[@]}" > "$hlog" 2>&1 < /dev/null
pbsprobe/pbs_sweep.sh: line 296: 238835 Killed                  setsid bash -c "exec '$wlbin' --port $port --resume_file '$resume_f' $params $extra" > "$wlog" 2>&1 < /dev/null
[221/2243] S011hub2.stri__epg_index dump=0 restore=0 verdict=ok
pbsprobe/pbs_sweep.sh: line 257: 238828 Killed                  setsid "$BIN_HUB" "${HARGS[@]}" > "$hlog" 2>&1 < /dev/null
pbsprobe/pbs_sweep.sh: line 296: 240003 Killed                  setsid bash -c "exec '$wlbin' --port $port --resume_file '$resume_f' $params $extra" > "$wlog" 2>&1 < /dev/null
[222/2243] S011hub2.stri__epg_index_p25 dump=0 restore=0 verdict=ok
pbsprobe/pbs_sweep.sh: line 257: 239996 Killed                  setsid "$BIN_HUB" "${HARGS[@]}" > "$hlog" 2>&1 < /dev/null
pbsprobe/pbs_sweep.sh: line 296: 241130 Killed                  setsid bash -c "exec '$wlbin' --port $port --resume_file '$resume_f' $params $extra" > "$wlog" 2>&1 < /dev/null
[223/2243] S011hub2.stri__epg_index_p50 dump=0 restore=0 verdict=ok
pbsprobe/pbs_sweep.sh: line 257: 241123 Killed                  setsid "$BIN_HUB" "${HARGS[@]}" > "$hlog" 2>&1 < /dev/null
pbsprobe/pbs_sweep.sh: line 296: 242265 Killed                  setsid bash -c "exec '$wlbin' --port $port --resume_file '$resume_f' $params $extra" > "$wlog" 2>&1 < /dev/null
[224/2243] S011hub2.stri__epg_index_p75 dump=0 restore=0 verdict=ok
pbsprobe/pbs_sweep.sh: line 257: 242258 Killed                  setsid "$BIN_HUB" "${HARGS[@]}" > "$hlog" 2>&1 < /dev/null
pbsprobe/pbs_sweep.sh: line 296: 243407 Killed                  setsid bash -c "exec '$wlbin' --port $port --resume_file '$resume_f' $params $extra" > "$wlog" 2>&1 < /dev/null
[225/2243] S011hub2.stri__epg_text dump=0 restore=0 verdict=ok
pbsprobe/pbs_sweep.sh: line 257: 243400 Killed                  setsid "$BIN_HUB" "${HARGS[@]}" > "$hlog" 2>&1 < /dev/null
pbsprobe/pbs_sweep.sh: line 296: 244540 Killed                  setsid bash -c "exec '$wlbin' --port $port --resume_file '$resume_f' $params $extra" > "$wlog" 2>&1 < /dev/null
[226/2243] S011hub2.stri__epg_reserve dump=0 restore=0 verdict=ok
pbsprobe/pbs_sweep.sh: line 257: 244533 Killed                  setsid "$BIN_HUB" "${HARGS[@]}" > "$hlog" 2>&1 < /dev/null
[227/2243] S011hub2.stri__hub_conn1 dump=1 restore=na verdict=dump_fail
pbsprobe/pbs_sweep.sh: line 257: 245684 Killed                  setsid "$BIN_HUB" "${HARGS[@]}" > "$hlog" 2>&1 < /dev/null
pbsprobe/pbs_sweep.sh: line 257: 245691 Killed                  setsid bash -c "exec '$wlbin' --port $port --resume_file '$resume_f' $params $extra" > "$wlog" 2>&1 < /dev/null
[228/2243] S011hub2.stri__hub_conn2 dump=1 restore=na verdict=dump_fail
pbsprobe/pbs_sweep.sh: line 257: 246574 Killed                  setsid "$BIN_HUB" "${HARGS[@]}" > "$hlog" 2>&1 < /dev/null
pbsprobe/pbs_sweep.sh: line 257: 246581 Killed                  setsid bash -c "exec '$wlbin' --port $port --resume_file '$resume_f' $params $extra" > "$wlog" 2>&1 < /dev/null
[229/2243] S011hub2.stri__hub_subscribed dump=1 restore=na verdict=dump_fail
pbsprobe/pbs_sweep.sh: line 257: 247506 Killed                  setsid "$BIN_HUB" "${HARGS[@]}" > "$hlog" 2>&1 < /dev/null
pbsprobe/pbs_sweep.sh: line 257: 247513 Killed                  setsid bash -c "exec '$wlbin' --port $port --resume_file '$resume_f' $params $extra" > "$wlog" 2>&1 < /dev/null
[230/2243] S011hub2.stri__timer_armed dump=1 restore=na verdict=dump_fail
pbsprobe/pbs_sweep.sh: line 257: 248526 Killed                  setsid "$BIN_HUB" "${HARGS[@]}" > "$hlog" 2>&1 < /dev/null
pbsprobe/pbs_sweep.sh: line 257: 248533 Killed                  setsid bash -c "exec '$wlbin' --port $port --resume_file '$resume_f' $params $extra" > "$wlog" 2>&1 < /dev/null
[231/2243] S011hub2.stri__db_watch dump=1 restore=na verdict=dump_fail
pbsprobe/pbs_sweep.sh: line 257: 249574 Killed                  setsid "$BIN_HUB" "${HARGS[@]}" > "$hlog" 2>&1 < /dev/null
pbsprobe/pbs_sweep.sh: line 257: 249581 Killed                  setsid bash -c "exec '$wlbin' --port $port --resume_file '$resume_f' $params $extra" > "$wlog" 2>&1 < /dev/null
[232/2243] S011hub2.stri__ready dump=1 restore=na verdict=dump_fail
pbsprobe/pbs_sweep.sh: line 257: 250677 Killed                  setsid "$BIN_HUB" "${HARGS[@]}" > "$hlog" 2>&1 < /dev/null
pbsprobe/pbs_sweep.sh: line 257: 250684 Killed                  setsid bash -c "exec '$wlbin' --port $port --resume_file '$resume_f' $params $extra" > "$wlog" 2>&1 < /dev/null
[233/2243] S011hub2.stri__steady dump=1 restore=na verdict=dump_fail
pbsprobe/pbs_sweep.sh: line 257: 251850 Killed                  setsid "$BIN_HUB" "${HARGS[@]}" > "$hlog" 2>&1 < /dev/null
pbsprobe/pbs_sweep.sh: line 257: 251857 Killed                  setsid bash -c "exec '$wlbin' --port $port --resume_file '$resume_f' $params $extra" > "$wlog" 2>&1 < /dev/null
pbsprobe/pbs_sweep.sh: line 296: 253064 Killed                  setsid bash -c "exec '$wlbin' --port $port --resume_file '$resume_f' $params $extra" > "$wlog" 2>&1 < /dev/null
[234/2243] S012hub2.ext___init dump=0 restore=0 verdict=ok
pbsprobe/pbs_sweep.sh: line 257: 253057 Killed                  setsid "$BIN_HUB" "${HARGS[@]}" > "$hlog" 2>&1 < /dev/null
pbsprobe/pbs_sweep.sh: line 296: 254213 Killed                  setsid bash -c "exec '$wlbin' --port $port --resume_file '$resume_f' $params $extra" > "$wlog" 2>&1 < /dev/null
[235/2243] S012hub2.ext___db_open dump=0 restore=0 verdict=ok
pbsprobe/pbs_sweep.sh: line 257: 254206 Killed                  setsid "$BIN_HUB" "${HARGS[@]}" > "$hlog" 2>&1 < /dev/null
pbsprobe/pbs_sweep.sh: line 296: 255357 Killed                  setsid bash -c "exec '$wlbin' --port $port --resume_file '$resume_f' $params $extra" > "$wlog" 2>&1 < /dev/null
[236/2243] S012hub2.ext___db_read dump=0 restore=0 verdict=ok
pbsprobe/pbs_sweep.sh: line 257: 255350 Killed                  setsid "$BIN_HUB" "${HARGS[@]}" > "$hlog" 2>&1 < /dev/null
pbsprobe/pbs_sweep.sh: line 296: 256496 Killed                  setsid bash -c "exec '$wlbin' --port $port --resume_file '$resume_f' $params $extra" > "$wlog" 2>&1 < /dev/null
[237/2243] S012hub2.ext___db_read_p25 dump=0 restore=0 verdict=ok
pbsprobe/pbs_sweep.sh: line 257: 256489 Killed                  setsid "$BIN_HUB" "${HARGS[@]}" > "$hlog" 2>&1 < /dev/null
pbsprobe/pbs_sweep.sh: line 296: 257638 Killed                  setsid bash -c "exec '$wlbin' --port $port --resume_file '$resume_f' $params $extra" > "$wlog" 2>&1 < /dev/null
[238/2243] S012hub2.ext___db_read_p50 dump=0 restore=0 verdict=ok
pbsprobe/pbs_sweep.sh: line 257: 257631 Killed                  setsid "$BIN_HUB" "${HARGS[@]}" > "$hlog" 2>&1 < /dev/null
pbsprobe/pbs_sweep.sh: line 296: 258786 Killed                  setsid bash -c "exec '$wlbin' --port $port --resume_file '$resume_f' $params $extra" > "$wlog" 2>&1 < /dev/null
[239/2243] S012hub2.ext___db_read_p75 dump=0 restore=0 verdict=ok
pbsprobe/pbs_sweep.sh: line 257: 258779 Killed                  setsid "$BIN_HUB" "${HARGS[@]}" > "$hlog" 2>&1 < /dev/null
pbsprobe/pbs_sweep.sh: line 296: 259929 Killed                  setsid bash -c "exec '$wlbin' --port $port --resume_file '$resume_f' $params $extra" > "$wlog" 2>&1 < /dev/null
[240/2243] S012hub2.ext___db_parse dump=0 restore=0 verdict=ok
pbsprobe/pbs_sweep.sh: line 257: 259922 Killed                  setsid "$BIN_HUB" "${HARGS[@]}" > "$hlog" 2>&1 < /dev/null
pbsprobe/pbs_sweep.sh: line 296: 261060 Killed                  setsid bash -c "exec '$wlbin' --port $port --resume_file '$resume_f' $params $extra" > "$wlog" 2>&1 < /dev/null
[241/2243] S012hub2.ext___db_parse_p25 dump=0 restore=0 verdict=ok
pbsprobe/pbs_sweep.sh: line 257: 261052 Killed                  setsid "$BIN_HUB" "${HARGS[@]}" > "$hlog" 2>&1 < /dev/null
pbsprobe/pbs_sweep.sh: line 296: 262214 Killed                  setsid bash -c "exec '$wlbin' --port $port --resume_file '$resume_f' $params $extra" > "$wlog" 2>&1 < /dev/null
[242/2243] S012hub2.ext___db_parse_p50 dump=0 restore=0 verdict=ok
pbsprobe/pbs_sweep.sh: line 257: 262207 Killed                  setsid "$BIN_HUB" "${HARGS[@]}" > "$hlog" 2>&1 < /dev/null
pbsprobe/pbs_sweep.sh: line 296: 263350 Killed                  setsid bash -c "exec '$wlbin' --port $port --resume_file '$resume_f' $params $extra" > "$wlog" 2>&1 < /dev/null
[243/2243] S012hub2.ext___db_parse_p75 dump=0 restore=0 verdict=ok
pbsprobe/pbs_sweep.sh: line 257: 263343 Killed                  setsid "$BIN_HUB" "${HARGS[@]}" > "$hlog" 2>&1 < /dev/null
pbsprobe/pbs_sweep.sh: line 296: 264479 Killed                  setsid bash -c "exec '$wlbin' --port $port --resume_file '$resume_f' $params $extra" > "$wlog" 2>&1 < /dev/null
[244/2243] S012hub2.ext___epg_index dump=0 restore=0 verdict=ok
pbsprobe/pbs_sweep.sh: line 257: 264472 Killed                  setsid "$BIN_HUB" "${HARGS[@]}" > "$hlog" 2>&1 < /dev/null
pbsprobe/pbs_sweep.sh: line 296: 265623 Killed                  setsid bash -c "exec '$wlbin' --port $port --resume_file '$resume_f' $params $extra" > "$wlog" 2>&1 < /dev/null
[245/2243] S012hub2.ext___epg_index_p25 dump=0 restore=0 verdict=ok
pbsprobe/pbs_sweep.sh: line 257: 265616 Killed                  setsid "$BIN_HUB" "${HARGS[@]}" > "$hlog" 2>&1 < /dev/null
pbsprobe/pbs_sweep.sh: line 296: 266775 Killed                  setsid bash -c "exec '$wlbin' --port $port --resume_file '$resume_f' $params $extra" > "$wlog" 2>&1 < /dev/null
[246/2243] S012hub2.ext___epg_index_p50 dump=0 restore=0 verdict=ok
pbsprobe/pbs_sweep.sh: line 257: 266768 Killed                  setsid "$BIN_HUB" "${HARGS[@]}" > "$hlog" 2>&1 < /dev/null
pbsprobe/pbs_sweep.sh: line 296: 267908 Killed                  setsid bash -c "exec '$wlbin' --port $port --resume_file '$resume_f' $params $extra" > "$wlog" 2>&1 < /dev/null
[247/2243] S012hub2.ext___epg_index_p75 dump=0 restore=0 verdict=ok
pbsprobe/pbs_sweep.sh: line 257: 267901 Killed                  setsid "$BIN_HUB" "${HARGS[@]}" > "$hlog" 2>&1 < /dev/null
pbsprobe/pbs_sweep.sh: line 296: 269045 Killed                  setsid bash -c "exec '$wlbin' --port $port --resume_file '$resume_f' $params $extra" > "$wlog" 2>&1 < /dev/null
[248/2243] S012hub2.ext___epg_text dump=0 restore=0 verdict=ok
pbsprobe/pbs_sweep.sh: line 257: 269038 Killed                  setsid "$BIN_HUB" "${HARGS[@]}" > "$hlog" 2>&1 < /dev/null
pbsprobe/pbs_sweep.sh: line 296: 270189 Killed                  setsid bash -c "exec '$wlbin' --port $port --resume_file '$resume_f' $params $extra" > "$wlog" 2>&1 < /dev/null
[249/2243] S012hub2.ext___epg_reserve dump=0 restore=0 verdict=ok
pbsprobe/pbs_sweep.sh: line 257: 270182 Killed                  setsid "$BIN_HUB" "${HARGS[@]}" > "$hlog" 2>&1 < /dev/null
[250/2243] S012hub2.ext___hub_conn1 dump=1 restore=na verdict=dump_fail
pbsprobe/pbs_sweep.sh: line 257: 271333 Killed                  setsid "$BIN_HUB" "${HARGS[@]}" > "$hlog" 2>&1 < /dev/null
pbsprobe/pbs_sweep.sh: line 257: 271340 Killed                  setsid bash -c "exec '$wlbin' --port $port --resume_file '$resume_f' $params $extra" > "$wlog" 2>&1 < /dev/null
[251/2243] S012hub2.ext___hub_conn2 dump=1 restore=na verdict=dump_fail
pbsprobe/pbs_sweep.sh: line 257: 272234 Killed                  setsid "$BIN_HUB" "${HARGS[@]}" > "$hlog" 2>&1 < /dev/null
pbsprobe/pbs_sweep.sh: line 257: 272241 Killed                  setsid bash -c "exec '$wlbin' --port $port --resume_file '$resume_f' $params $extra" > "$wlog" 2>&1 < /dev/null
[252/2243] S012hub2.ext___hub_subscribed dump=1 restore=na verdict=dump_fail
pbsprobe/pbs_sweep.sh: line 257: 273187 Killed                  setsid "$BIN_HUB" "${HARGS[@]}" > "$hlog" 2>&1 < /dev/null
pbsprobe/pbs_sweep.sh: line 257: 273194 Killed                  setsid bash -c "exec '$wlbin' --port $port --resume_file '$resume_f' $params $extra" > "$wlog" 2>&1 < /dev/null
[253/2243] S012hub2.ext___timer_armed dump=1 restore=na verdict=dump_fail
pbsprobe/pbs_sweep.sh: line 257: 274175 Killed                  setsid "$BIN_HUB" "${HARGS[@]}" > "$hlog" 2>&1 < /dev/null
pbsprobe/pbs_sweep.sh: line 257: 274182 Killed                  setsid bash -c "exec '$wlbin' --port $port --resume_file '$resume_f' $params $extra" > "$wlog" 2>&1 < /dev/null
[254/2243] S012hub2.ext___db_watch dump=1 restore=na verdict=dump_fail
pbsprobe/pbs_sweep.sh: line 257: 275215 Killed                  setsid "$BIN_HUB" "${HARGS[@]}" > "$hlog" 2>&1 < /dev/null
pbsprobe/pbs_sweep.sh: line 257: 275225 Killed                  setsid bash -c "exec '$wlbin' --port $port --resume_file '$resume_f' $params $extra" > "$wlog" 2>&1 < /dev/null
[255/2243] S012hub2.ext___ready dump=1 restore=na verdict=dump_fail
pbsprobe/pbs_sweep.sh: line 257: 276329 Killed                  setsid "$BIN_HUB" "${HARGS[@]}" > "$hlog" 2>&1 < /dev/null
pbsprobe/pbs_sweep.sh: line 257: 276336 Killed                  setsid bash -c "exec '$wlbin' --port $port --resume_file '$resume_f' $params $extra" > "$wlog" 2>&1 < /dev/null
[256/2243] S012hub2.ext___steady dump=1 restore=na verdict=dump_fail
pbsprobe/pbs_sweep.sh: line 257: 277494 Killed                  setsid "$BIN_HUB" "${HARGS[@]}" > "$hlog" 2>&1 < /dev/null
pbsprobe/pbs_sweep.sh: line 257: 277501 Killed                  setsid bash -c "exec '$wlbin' --port $port --resume_file '$resume_f' $params $extra" > "$wlog" 2>&1 < /dev/null
pbsprobe/pbs_sweep.sh: line 296: 278702 Killed                  setsid bash -c "exec '$wlbin' --port $port --resume_file '$resume_f' $params $extra" > "$wlog" 2>&1 < /dev/null
[257/2243] S013hub2.tcp___init dump=0 restore=0 verdict=ok
pbsprobe/pbs_sweep.sh: line 257: 278695 Killed                  setsid "$BIN_HUB" "${HARGS[@]}" > "$hlog" 2>&1 < /dev/null
pbsprobe/pbs_sweep.sh: line 296: 279870 Killed                  setsid bash -c "exec '$wlbin' --port $port --resume_file '$resume_f' $params $extra" > "$wlog" 2>&1 < /dev/null
[258/2243] S013hub2.tcp___db_open dump=0 restore=0 verdict=ok
pbsprobe/pbs_sweep.sh: line 257: 279863 Killed                  setsid "$BIN_HUB" "${HARGS[@]}" > "$hlog" 2>&1 < /dev/null
pbsprobe/pbs_sweep.sh: line 296: 280999 Killed                  setsid bash -c "exec '$wlbin' --port $port --resume_file '$resume_f' $params $extra" > "$wlog" 2>&1 < /dev/null
[259/2243] S013hub2.tcp___db_read dump=0 restore=0 verdict=ok
pbsprobe/pbs_sweep.sh: line 257: 280992 Killed                  setsid "$BIN_HUB" "${HARGS[@]}" > "$hlog" 2>&1 < /dev/null
pbsprobe/pbs_sweep.sh: line 296: 282147 Killed                  setsid bash -c "exec '$wlbin' --port $port --resume_file '$resume_f' $params $extra" > "$wlog" 2>&1 < /dev/null
[260/2243] S013hub2.tcp___db_read_p25 dump=0 restore=0 verdict=ok
pbsprobe/pbs_sweep.sh: line 257: 282140 Killed                  setsid "$BIN_HUB" "${HARGS[@]}" > "$hlog" 2>&1 < /dev/null
pbsprobe/pbs_sweep.sh: line 296: 283286 Killed                  setsid bash -c "exec '$wlbin' --port $port --resume_file '$resume_f' $params $extra" > "$wlog" 2>&1 < /dev/null
[261/2243] S013hub2.tcp___db_read_p50 dump=0 restore=0 verdict=ok
pbsprobe/pbs_sweep.sh: line 257: 283279 Killed                  setsid "$BIN_HUB" "${HARGS[@]}" > "$hlog" 2>&1 < /dev/null
pbsprobe/pbs_sweep.sh: line 296: 284422 Killed                  setsid bash -c "exec '$wlbin' --port $port --resume_file '$resume_f' $params $extra" > "$wlog" 2>&1 < /dev/null
[262/2243] S013hub2.tcp___db_read_p75 dump=0 restore=0 verdict=ok
pbsprobe/pbs_sweep.sh: line 257: 284415 Killed                  setsid "$BIN_HUB" "${HARGS[@]}" > "$hlog" 2>&1 < /dev/null
pbsprobe/pbs_sweep.sh: line 296: 285561 Killed                  setsid bash -c "exec '$wlbin' --port $port --resume_file '$resume_f' $params $extra" > "$wlog" 2>&1 < /dev/null
[263/2243] S013hub2.tcp___db_parse dump=0 restore=0 verdict=ok
pbsprobe/pbs_sweep.sh: line 257: 285554 Killed                  setsid "$BIN_HUB" "${HARGS[@]}" > "$hlog" 2>&1 < /dev/null
pbsprobe/pbs_sweep.sh: line 296: 286699 Killed                  setsid bash -c "exec '$wlbin' --port $port --resume_file '$resume_f' $params $extra" > "$wlog" 2>&1 < /dev/null
[264/2243] S013hub2.tcp___db_parse_p25 dump=0 restore=0 verdict=ok
pbsprobe/pbs_sweep.sh: line 257: 286692 Killed                  setsid "$BIN_HUB" "${HARGS[@]}" > "$hlog" 2>&1 < /dev/null
pbsprobe/pbs_sweep.sh: line 296: 287827 Killed                  setsid bash -c "exec '$wlbin' --port $port --resume_file '$resume_f' $params $extra" > "$wlog" 2>&1 < /dev/null
[265/2243] S013hub2.tcp___db_parse_p50 dump=0 restore=0 verdict=ok
pbsprobe/pbs_sweep.sh: line 257: 287820 Killed                  setsid "$BIN_HUB" "${HARGS[@]}" > "$hlog" 2>&1 < /dev/null
pbsprobe/pbs_sweep.sh: line 296: 288999 Killed                  setsid bash -c "exec '$wlbin' --port $port --resume_file '$resume_f' $params $extra" > "$wlog" 2>&1 < /dev/null
[266/2243] S013hub2.tcp___db_parse_p75 dump=0 restore=0 verdict=ok
pbsprobe/pbs_sweep.sh: line 257: 288992 Killed                  setsid "$BIN_HUB" "${HARGS[@]}" > "$hlog" 2>&1 < /dev/null
pbsprobe/pbs_sweep.sh: line 296: 290120 Killed                  setsid bash -c "exec '$wlbin' --port $port --resume_file '$resume_f' $params $extra" > "$wlog" 2>&1 < /dev/null
[267/2243] S013hub2.tcp___epg_index dump=0 restore=0 verdict=ok
pbsprobe/pbs_sweep.sh: line 257: 290113 Killed                  setsid "$BIN_HUB" "${HARGS[@]}" > "$hlog" 2>&1 < /dev/null
pbsprobe/pbs_sweep.sh: line 296: 291268 Killed                  setsid bash -c "exec '$wlbin' --port $port --resume_file '$resume_f' $params $extra" > "$wlog" 2>&1 < /dev/null
[268/2243] S013hub2.tcp___epg_index_p25 dump=0 restore=0 verdict=ok
pbsprobe/pbs_sweep.sh: line 257: 291261 Killed                  setsid "$BIN_HUB" "${HARGS[@]}" > "$hlog" 2>&1 < /dev/null
pbsprobe/pbs_sweep.sh: line 296: 292413 Killed                  setsid bash -c "exec '$wlbin' --port $port --resume_file '$resume_f' $params $extra" > "$wlog" 2>&1 < /dev/null
[269/2243] S013hub2.tcp___epg_index_p50 dump=0 restore=0 verdict=ok
pbsprobe/pbs_sweep.sh: line 257: 292406 Killed                  setsid "$BIN_HUB" "${HARGS[@]}" > "$hlog" 2>&1 < /dev/null
pbsprobe/pbs_sweep.sh: line 296: 293556 Killed                  setsid bash -c "exec '$wlbin' --port $port --resume_file '$resume_f' $params $extra" > "$wlog" 2>&1 < /dev/null
[270/2243] S013hub2.tcp___epg_index_p75 dump=0 restore=0 verdict=ok
pbsprobe/pbs_sweep.sh: line 257: 293549 Killed                  setsid "$BIN_HUB" "${HARGS[@]}" > "$hlog" 2>&1 < /dev/null
pbsprobe/pbs_sweep.sh: line 296: 294678 Killed                  setsid bash -c "exec '$wlbin' --port $port --resume_file '$resume_f' $params $extra" > "$wlog" 2>&1 < /dev/null
[271/2243] S013hub2.tcp___epg_text dump=0 restore=0 verdict=ok
pbsprobe/pbs_sweep.sh: line 257: 294671 Killed                  setsid "$BIN_HUB" "${HARGS[@]}" > "$hlog" 2>&1 < /dev/null
pbsprobe/pbs_sweep.sh: line 296: 295834 Killed                  setsid bash -c "exec '$wlbin' --port $port --resume_file '$resume_f' $params $extra" > "$wlog" 2>&1 < /dev/null
[272/2243] S013hub2.tcp___epg_reserve dump=0 restore=0 verdict=ok
pbsprobe/pbs_sweep.sh: line 257: 295827 Killed                  setsid "$BIN_HUB" "${HARGS[@]}" > "$hlog" 2>&1 < /dev/null
[273/2243] S013hub2.tcp___hub_conn1 dump=1 restore=na verdict=dump_fail
pbsprobe/pbs_sweep.sh: line 257: 296977 Killed                  setsid "$BIN_HUB" "${HARGS[@]}" > "$hlog" 2>&1 < /dev/null
pbsprobe/pbs_sweep.sh: line 257: 296984 Killed                  setsid bash -c "exec '$wlbin' --port $port --resume_file '$resume_f' $params $extra" > "$wlog" 2>&1 < /dev/null
[274/2243] S013hub2.tcp___hub_conn2 dump=1 restore=na verdict=dump_fail
pbsprobe/pbs_sweep.sh: line 257: 297863 Killed                  setsid "$BIN_HUB" "${HARGS[@]}" > "$hlog" 2>&1 < /dev/null
pbsprobe/pbs_sweep.sh: line 257: 297870 Killed                  setsid bash -c "exec '$wlbin' --port $port --resume_file '$resume_f' $params $extra" > "$wlog" 2>&1 < /dev/null
[275/2243] S013hub2.tcp___hub_subscribed dump=1 restore=na verdict=dump_fail
pbsprobe/pbs_sweep.sh: line 257: 298820 Killed                  setsid "$BIN_HUB" "${HARGS[@]}" > "$hlog" 2>&1 < /dev/null
pbsprobe/pbs_sweep.sh: line 257: 298827 Killed                  setsid bash -c "exec '$wlbin' --port $port --resume_file '$resume_f' $params $extra" > "$wlog" 2>&1 < /dev/null
[276/2243] S013hub2.tcp___timer_armed dump=1 restore=na verdict=dump_fail
pbsprobe/pbs_sweep.sh: line 257: 299808 Killed                  setsid "$BIN_HUB" "${HARGS[@]}" > "$hlog" 2>&1 < /dev/null
pbsprobe/pbs_sweep.sh: line 257: 299815 Killed                  setsid bash -c "exec '$wlbin' --port $port --resume_file '$resume_f' $params $extra" > "$wlog" 2>&1 < /dev/null
[277/2243] S013hub2.tcp___db_watch dump=1 restore=na verdict=dump_fail
pbsprobe/pbs_sweep.sh: line 257: 300867 Killed                  setsid "$BIN_HUB" "${HARGS[@]}" > "$hlog" 2>&1 < /dev/null
pbsprobe/pbs_sweep.sh: line 257: 300874 Killed                  setsid bash -c "exec '$wlbin' --port $port --resume_file '$resume_f' $params $extra" > "$wlog" 2>&1 < /dev/null
[278/2243] S013hub2.tcp___ready dump=1 restore=na verdict=dump_fail
pbsprobe/pbs_sweep.sh: line 257: 301955 Killed                  setsid "$BIN_HUB" "${HARGS[@]}" > "$hlog" 2>&1 < /dev/null
pbsprobe/pbs_sweep.sh: line 257: 301962 Killed                  setsid bash -c "exec '$wlbin' --port $port --resume_file '$resume_f' $params $extra" > "$wlog" 2>&1 < /dev/null
[279/2243] S013hub2.tcp___steady dump=1 restore=na verdict=dump_fail
pbsprobe/pbs_sweep.sh: line 257: 303115 Killed                  setsid "$BIN_HUB" "${HARGS[@]}" > "$hlog" 2>&1 < /dev/null
pbsprobe/pbs_sweep.sh: line 257: 303122 Killed                  setsid bash -c "exec '$wlbin' --port $port --resume_file '$resume_f' $params $extra" > "$wlog" 2>&1 < /dev/null
pbsprobe/pbs_sweep.sh: line 296: 304339 Killed                  setsid bash -c "exec '$wlbin' --port $port --resume_file '$resume_f' $params $extra" > "$wlog" 2>&1 < /dev/null
[280/2243] S014hub2.file__init dump=0 restore=0 verdict=ok
pbsprobe/pbs_sweep.sh: line 257: 304332 Killed                  setsid "$BIN_HUB" "${HARGS[@]}" > "$hlog" 2>&1 < /dev/null
pbsprobe/pbs_sweep.sh: line 296: 305498 Killed                  setsid bash -c "exec '$wlbin' --port $port --resume_file '$resume_f' $params $extra" > "$wlog" 2>&1 < /dev/null
[281/2243] S014hub2.file__db_open dump=0 restore=0 verdict=ok
pbsprobe/pbs_sweep.sh: line 257: 305491 Killed                  setsid "$BIN_HUB" "${HARGS[@]}" > "$hlog" 2>&1 < /dev/null
pbsprobe/pbs_sweep.sh: line 296: 306631 Killed                  setsid bash -c "exec '$wlbin' --port $port --resume_file '$resume_f' $params $extra" > "$wlog" 2>&1 < /dev/null
[282/2243] S014hub2.file__db_read dump=0 restore=0 verdict=ok
pbsprobe/pbs_sweep.sh: line 257: 306624 Killed                  setsid "$BIN_HUB" "${HARGS[@]}" > "$hlog" 2>&1 < /dev/null
pbsprobe/pbs_sweep.sh: line 296: 307767 Killed                  setsid bash -c "exec '$wlbin' --port $port --resume_file '$resume_f' $params $extra" > "$wlog" 2>&1 < /dev/null
[283/2243] S014hub2.file__db_read_p25 dump=0 restore=0 verdict=ok
pbsprobe/pbs_sweep.sh: line 257: 307760 Killed                  setsid "$BIN_HUB" "${HARGS[@]}" > "$hlog" 2>&1 < /dev/null
pbsprobe/pbs_sweep.sh: line 296: 308898 Killed                  setsid bash -c "exec '$wlbin' --port $port --resume_file '$resume_f' $params $extra" > "$wlog" 2>&1 < /dev/null
[284/2243] S014hub2.file__db_read_p50 dump=0 restore=0 verdict=ok
pbsprobe/pbs_sweep.sh: line 257: 308891 Killed                  setsid "$BIN_HUB" "${HARGS[@]}" > "$hlog" 2>&1 < /dev/null
pbsprobe/pbs_sweep.sh: line 296: 310044 Killed                  setsid bash -c "exec '$wlbin' --port $port --resume_file '$resume_f' $params $extra" > "$wlog" 2>&1 < /dev/null
[285/2243] S014hub2.file__db_read_p75 dump=0 restore=0 verdict=ok
pbsprobe/pbs_sweep.sh: line 257: 310037 Killed                  setsid "$BIN_HUB" "${HARGS[@]}" > "$hlog" 2>&1 < /dev/null
pbsprobe/pbs_sweep.sh: line 296: 311192 Killed                  setsid bash -c "exec '$wlbin' --port $port --resume_file '$resume_f' $params $extra" > "$wlog" 2>&1 < /dev/null
[286/2243] S014hub2.file__db_parse dump=0 restore=0 verdict=ok
pbsprobe/pbs_sweep.sh: line 257: 311185 Killed                  setsid "$BIN_HUB" "${HARGS[@]}" > "$hlog" 2>&1 < /dev/null
pbsprobe/pbs_sweep.sh: line 296: 312328 Killed                  setsid bash -c "exec '$wlbin' --port $port --resume_file '$resume_f' $params $extra" > "$wlog" 2>&1 < /dev/null
[287/2243] S014hub2.file__db_parse_p25 dump=0 restore=0 verdict=ok
pbsprobe/pbs_sweep.sh: line 257: 312321 Killed                  setsid "$BIN_HUB" "${HARGS[@]}" > "$hlog" 2>&1 < /dev/null
pbsprobe/pbs_sweep.sh: line 296: 313469 Killed                  setsid bash -c "exec '$wlbin' --port $port --resume_file '$resume_f' $params $extra" > "$wlog" 2>&1 < /dev/null
[288/2243] S014hub2.file__db_parse_p50 dump=0 restore=0 verdict=ok
pbsprobe/pbs_sweep.sh: line 257: 313462 Killed                  setsid "$BIN_HUB" "${HARGS[@]}" > "$hlog" 2>&1 < /dev/null
pbsprobe/pbs_sweep.sh: line 296: 314605 Killed                  setsid bash -c "exec '$wlbin' --port $port --resume_file '$resume_f' $params $extra" > "$wlog" 2>&1 < /dev/null
[289/2243] S014hub2.file__db_parse_p75 dump=0 restore=0 verdict=ok
pbsprobe/pbs_sweep.sh: line 257: 314598 Killed                  setsid "$BIN_HUB" "${HARGS[@]}" > "$hlog" 2>&1 < /dev/null
pbsprobe/pbs_sweep.sh: line 296: 315748 Killed                  setsid bash -c "exec '$wlbin' --port $port --resume_file '$resume_f' $params $extra" > "$wlog" 2>&1 < /dev/null
[290/2243] S014hub2.file__epg_index dump=0 restore=0 verdict=ok
pbsprobe/pbs_sweep.sh: line 257: 315741 Killed                  setsid "$BIN_HUB" "${HARGS[@]}" > "$hlog" 2>&1 < /dev/null
pbsprobe/pbs_sweep.sh: line 296: 316875 Killed                  setsid bash -c "exec '$wlbin' --port $port --resume_file '$resume_f' $params $extra" > "$wlog" 2>&1 < /dev/null
[291/2243] S014hub2.file__epg_index_p25 dump=0 restore=0 verdict=ok
pbsprobe/pbs_sweep.sh: line 257: 316868 Killed                  setsid "$BIN_HUB" "${HARGS[@]}" > "$hlog" 2>&1 < /dev/null
pbsprobe/pbs_sweep.sh: line 296: 318015 Killed                  setsid bash -c "exec '$wlbin' --port $port --resume_file '$resume_f' $params $extra" > "$wlog" 2>&1 < /dev/null
[292/2243] S014hub2.file__epg_index_p50 dump=0 restore=0 verdict=ok
pbsprobe/pbs_sweep.sh: line 257: 318008 Killed                  setsid "$BIN_HUB" "${HARGS[@]}" > "$hlog" 2>&1 < /dev/null
pbsprobe/pbs_sweep.sh: line 296: 319155 Killed                  setsid bash -c "exec '$wlbin' --port $port --resume_file '$resume_f' $params $extra" > "$wlog" 2>&1 < /dev/null
[293/2243] S014hub2.file__epg_index_p75 dump=0 restore=0 verdict=ok
pbsprobe/pbs_sweep.sh: line 257: 319148 Killed                  setsid "$BIN_HUB" "${HARGS[@]}" > "$hlog" 2>&1 < /dev/null
pbsprobe/pbs_sweep.sh: line 296: 320283 Killed                  setsid bash -c "exec '$wlbin' --port $port --resume_file '$resume_f' $params $extra" > "$wlog" 2>&1 < /dev/null
[294/2243] S014hub2.file__epg_text dump=0 restore=0 verdict=ok
pbsprobe/pbs_sweep.sh: line 257: 320276 Killed                  setsid "$BIN_HUB" "${HARGS[@]}" > "$hlog" 2>&1 < /dev/null
pbsprobe/pbs_sweep.sh: line 296: 321423 Killed                  setsid bash -c "exec '$wlbin' --port $port --resume_file '$resume_f' $params $extra" > "$wlog" 2>&1 < /dev/null
[295/2243] S014hub2.file__epg_reserve dump=0 restore=0 verdict=ok
pbsprobe/pbs_sweep.sh: line 257: 321416 Killed                  setsid "$BIN_HUB" "${HARGS[@]}" > "$hlog" 2>&1 < /dev/null
[296/2243] S014hub2.file__hub_conn1 dump=1 restore=na verdict=dump_fail
pbsprobe/pbs_sweep.sh: line 257: 322560 Killed                  setsid "$BIN_HUB" "${HARGS[@]}" > "$hlog" 2>&1 < /dev/null
pbsprobe/pbs_sweep.sh: line 257: 322567 Killed                  setsid bash -c "exec '$wlbin' --port $port --resume_file '$resume_f' $params $extra" > "$wlog" 2>&1 < /dev/null
[297/2243] S014hub2.file__hub_conn2 dump=1 restore=na verdict=dump_fail
pbsprobe/pbs_sweep.sh: line 257: 323460 Killed                  setsid "$BIN_HUB" "${HARGS[@]}" > "$hlog" 2>&1 < /dev/null
pbsprobe/pbs_sweep.sh: line 257: 323467 Killed                  setsid bash -c "exec '$wlbin' --port $port --resume_file '$resume_f' $params $extra" > "$wlog" 2>&1 < /dev/null
[298/2243] S014hub2.file__hub_subscribed dump=1 restore=na verdict=dump_fail
pbsprobe/pbs_sweep.sh: line 257: 324397 Killed                  setsid "$BIN_HUB" "${HARGS[@]}" > "$hlog" 2>&1 < /dev/null
pbsprobe/pbs_sweep.sh: line 257: 324404 Killed                  setsid bash -c "exec '$wlbin' --port $port --resume_file '$resume_f' $params $extra" > "$wlog" 2>&1 < /dev/null
[299/2243] S014hub2.file__timer_armed dump=1 restore=na verdict=dump_fail
pbsprobe/pbs_sweep.sh: line 257: 325412 Killed                  setsid "$BIN_HUB" "${HARGS[@]}" > "$hlog" 2>&1 < /dev/null
pbsprobe/pbs_sweep.sh: line 257: 325419 Killed                  setsid bash -c "exec '$wlbin' --port $port --resume_file '$resume_f' $params $extra" > "$wlog" 2>&1 < /dev/null
[300/2243] S014hub2.file__db_watch dump=1 restore=na verdict=dump_fail
pbsprobe/pbs_sweep.sh: line 257: 326460 Killed                  setsid "$BIN_HUB" "${HARGS[@]}" > "$hlog" 2>&1 < /dev/null
pbsprobe/pbs_sweep.sh: line 257: 326467 Killed                  setsid bash -c "exec '$wlbin' --port $port --resume_file '$resume_f' $params $extra" > "$wlog" 2>&1 < /dev/null
[301/2243] S014hub2.file__ready dump=1 restore=na verdict=dump_fail
pbsprobe/pbs_sweep.sh: line 257: 327571 Killed                  setsid "$BIN_HUB" "${HARGS[@]}" > "$hlog" 2>&1 < /dev/null
pbsprobe/pbs_sweep.sh: line 257: 327578 Killed                  setsid bash -c "exec '$wlbin' --port $port --resume_file '$resume_f' $params $extra" > "$wlog" 2>&1 < /dev/null
[302/2243] S014hub2.file__steady dump=1 restore=na verdict=dump_fail
pbsprobe/pbs_sweep.sh: line 257: 328732 Killed                  setsid "$BIN_HUB" "${HARGS[@]}" > "$hlog" 2>&1 < /dev/null
pbsprobe/pbs_sweep.sh: line 257: 328739 Killed                  setsid bash -c "exec '$wlbin' --port $port --resume_file '$resume_f' $params $extra" > "$wlog" 2>&1 < /dev/null
pbsprobe/pbs_sweep.sh: line 296: 329978 Killed                  setsid bash -c "exec '$wlbin' --port $port --resume_file '$resume_f' $params $extra" > "$wlog" 2>&1 < /dev/null
[303/2243] S015hub2.perm__init dump=0 restore=0 verdict=ok
pbsprobe/pbs_sweep.sh: line 257: 329968 Killed                  setsid "$BIN_HUB" "${HARGS[@]}" > "$hlog" 2>&1 < /dev/null
pbsprobe/pbs_sweep.sh: line 296: 331111 Killed                  setsid bash -c "exec '$wlbin' --port $port --resume_file '$resume_f' $params $extra" > "$wlog" 2>&1 < /dev/null
[304/2243] S015hub2.perm__db_open dump=0 restore=0 verdict=ok
pbsprobe/pbs_sweep.sh: line 257: 331104 Killed                  setsid "$BIN_HUB" "${HARGS[@]}" > "$hlog" 2>&1 < /dev/null
pbsprobe/pbs_sweep.sh: line 296: 332263 Killed                  setsid bash -c "exec '$wlbin' --port $port --resume_file '$resume_f' $params $extra" > "$wlog" 2>&1 < /dev/null
[305/2243] S015hub2.perm__db_read dump=0 restore=0 verdict=ok
pbsprobe/pbs_sweep.sh: line 257: 332256 Killed                  setsid "$BIN_HUB" "${HARGS[@]}" > "$hlog" 2>&1 < /dev/null
pbsprobe/pbs_sweep.sh: line 296: 333406 Killed                  setsid bash -c "exec '$wlbin' --port $port --resume_file '$resume_f' $params $extra" > "$wlog" 2>&1 < /dev/null
[306/2243] S015hub2.perm__db_read_p25 dump=0 restore=0 verdict=ok
pbsprobe/pbs_sweep.sh: line 257: 333399 Killed                  setsid "$BIN_HUB" "${HARGS[@]}" > "$hlog" 2>&1 < /dev/null
pbsprobe/pbs_sweep.sh: line 296: 334527 Killed                  setsid bash -c "exec '$wlbin' --port $port --resume_file '$resume_f' $params $extra" > "$wlog" 2>&1 < /dev/null
[307/2243] S015hub2.perm__db_read_p50 dump=0 restore=0 verdict=ok
pbsprobe/pbs_sweep.sh: line 257: 334520 Killed                  setsid "$BIN_HUB" "${HARGS[@]}" > "$hlog" 2>&1 < /dev/null
pbsprobe/pbs_sweep.sh: line 296: 335663 Killed                  setsid bash -c "exec '$wlbin' --port $port --resume_file '$resume_f' $params $extra" > "$wlog" 2>&1 < /dev/null
[308/2243] S015hub2.perm__db_read_p75 dump=0 restore=0 verdict=ok
pbsprobe/pbs_sweep.sh: line 257: 335656 Killed                  setsid "$BIN_HUB" "${HARGS[@]}" > "$hlog" 2>&1 < /dev/null
pbsprobe/pbs_sweep.sh: line 296: 336782 Killed                  setsid bash -c "exec '$wlbin' --port $port --resume_file '$resume_f' $params $extra" > "$wlog" 2>&1 < /dev/null
[309/2243] S015hub2.perm__db_parse dump=0 restore=0 verdict=ok
pbsprobe/pbs_sweep.sh: line 257: 336775 Killed                  setsid "$BIN_HUB" "${HARGS[@]}" > "$hlog" 2>&1 < /dev/null
pbsprobe/pbs_sweep.sh: line 296: 337904 Killed                  setsid bash -c "exec '$wlbin' --port $port --resume_file '$resume_f' $params $extra" > "$wlog" 2>&1 < /dev/null
[310/2243] S015hub2.perm__db_parse_p25 dump=0 restore=0 verdict=ok
pbsprobe/pbs_sweep.sh: line 257: 337897 Killed                  setsid "$BIN_HUB" "${HARGS[@]}" > "$hlog" 2>&1 < /dev/null
pbsprobe/pbs_sweep.sh: line 296: 339044 Killed                  setsid bash -c "exec '$wlbin' --port $port --resume_file '$resume_f' $params $extra" > "$wlog" 2>&1 < /dev/null
[311/2243] S015hub2.perm__db_parse_p50 dump=0 restore=0 verdict=ok
pbsprobe/pbs_sweep.sh: line 257: 339037 Killed                  setsid "$BIN_HUB" "${HARGS[@]}" > "$hlog" 2>&1 < /dev/null
pbsprobe/pbs_sweep.sh: line 296: 340172 Killed                  setsid bash -c "exec '$wlbin' --port $port --resume_file '$resume_f' $params $extra" > "$wlog" 2>&1 < /dev/null
[312/2243] S015hub2.perm__db_parse_p75 dump=0 restore=0 verdict=ok
pbsprobe/pbs_sweep.sh: line 257: 340165 Killed                  setsid "$BIN_HUB" "${HARGS[@]}" > "$hlog" 2>&1 < /dev/null
pbsprobe/pbs_sweep.sh: line 296: 341306 Killed                  setsid bash -c "exec '$wlbin' --port $port --resume_file '$resume_f' $params $extra" > "$wlog" 2>&1 < /dev/null
[313/2243] S015hub2.perm__epg_index dump=0 restore=0 verdict=ok
pbsprobe/pbs_sweep.sh: line 257: 341299 Killed                  setsid "$BIN_HUB" "${HARGS[@]}" > "$hlog" 2>&1 < /dev/null
pbsprobe/pbs_sweep.sh: line 296: 342429 Killed                  setsid bash -c "exec '$wlbin' --port $port --resume_file '$resume_f' $params $extra" > "$wlog" 2>&1 < /dev/null
[314/2243] S015hub2.perm__epg_index_p25 dump=0 restore=0 verdict=ok
pbsprobe/pbs_sweep.sh: line 257: 342422 Killed                  setsid "$BIN_HUB" "${HARGS[@]}" > "$hlog" 2>&1 < /dev/null
pbsprobe/pbs_sweep.sh: line 296: 343553 Killed                  setsid bash -c "exec '$wlbin' --port $port --resume_file '$resume_f' $params $extra" > "$wlog" 2>&1 < /dev/null
[315/2243] S015hub2.perm__epg_index_p50 dump=0 restore=0 verdict=ok
pbsprobe/pbs_sweep.sh: line 257: 343546 Killed                  setsid "$BIN_HUB" "${HARGS[@]}" > "$hlog" 2>&1 < /dev/null
pbsprobe/pbs_sweep.sh: line 296: 344688 Killed                  setsid bash -c "exec '$wlbin' --port $port --resume_file '$resume_f' $params $extra" > "$wlog" 2>&1 < /dev/null
[316/2243] S015hub2.perm__epg_index_p75 dump=0 restore=0 verdict=ok
pbsprobe/pbs_sweep.sh: line 257: 344681 Killed                  setsid "$BIN_HUB" "${HARGS[@]}" > "$hlog" 2>&1 < /dev/null
pbsprobe/pbs_sweep.sh: line 296: 345802 Killed                  setsid bash -c "exec '$wlbin' --port $port --resume_file '$resume_f' $params $extra" > "$wlog" 2>&1 < /dev/null
[317/2243] S015hub2.perm__epg_text dump=0 restore=0 verdict=ok
pbsprobe/pbs_sweep.sh: line 257: 345795 Killed                  setsid "$BIN_HUB" "${HARGS[@]}" > "$hlog" 2>&1 < /dev/null
pbsprobe/pbs_sweep.sh: line 296: 346954 Killed                  setsid bash -c "exec '$wlbin' --port $port --resume_file '$resume_f' $params $extra" > "$wlog" 2>&1 < /dev/null
[318/2243] S015hub2.perm__epg_reserve dump=0 restore=0 verdict=ok
pbsprobe/pbs_sweep.sh: line 257: 346947 Killed                  setsid "$BIN_HUB" "${HARGS[@]}" > "$hlog" 2>&1 < /dev/null
[319/2243] S015hub2.perm__hub_conn1 dump=1 restore=na verdict=dump_fail
pbsprobe/pbs_sweep.sh: line 257: 348058 Killed                  setsid "$BIN_HUB" "${HARGS[@]}" > "$hlog" 2>&1 < /dev/null
pbsprobe/pbs_sweep.sh: line 257: 348065 Killed                  setsid bash -c "exec '$wlbin' --port $port --resume_file '$resume_f' $params $extra" > "$wlog" 2>&1 < /dev/null
[320/2243] S015hub2.perm__hub_conn2 dump=1 restore=na verdict=dump_fail
pbsprobe/pbs_sweep.sh: line 257: 348935 Killed                  setsid "$BIN_HUB" "${HARGS[@]}" > "$hlog" 2>&1 < /dev/null
pbsprobe/pbs_sweep.sh: line 257: 348942 Killed                  setsid bash -c "exec '$wlbin' --port $port --resume_file '$resume_f' $params $extra" > "$wlog" 2>&1 < /dev/null
[321/2243] S015hub2.perm__hub_subscribed dump=1 restore=na verdict=dump_fail
pbsprobe/pbs_sweep.sh: line 257: 349866 Killed                  setsid "$BIN_HUB" "${HARGS[@]}" > "$hlog" 2>&1 < /dev/null
pbsprobe/pbs_sweep.sh: line 257: 349873 Killed                  setsid bash -c "exec '$wlbin' --port $port --resume_file '$resume_f' $params $extra" > "$wlog" 2>&1 < /dev/null
[322/2243] S015hub2.perm__timer_armed dump=1 restore=na verdict=dump_fail
pbsprobe/pbs_sweep.sh: line 257: 350866 Killed                  setsid "$BIN_HUB" "${HARGS[@]}" > "$hlog" 2>&1 < /dev/null
pbsprobe/pbs_sweep.sh: line 257: 350873 Killed                  setsid bash -c "exec '$wlbin' --port $port --resume_file '$resume_f' $params $extra" > "$wlog" 2>&1 < /dev/null
[323/2243] S015hub2.perm__db_watch dump=1 restore=na verdict=dump_fail
pbsprobe/pbs_sweep.sh: line 257: 351897 Killed                  setsid "$BIN_HUB" "${HARGS[@]}" > "$hlog" 2>&1 < /dev/null
pbsprobe/pbs_sweep.sh: line 257: 351904 Killed                  setsid bash -c "exec '$wlbin' --port $port --resume_file '$resume_f' $params $extra" > "$wlog" 2>&1 < /dev/null
[324/2243] S015hub2.perm__ready dump=1 restore=na verdict=dump_fail
pbsprobe/pbs_sweep.sh: line 257: 352981 Killed                  setsid "$BIN_HUB" "${HARGS[@]}" > "$hlog" 2>&1 < /dev/null
pbsprobe/pbs_sweep.sh: line 257: 352988 Killed                  setsid bash -c "exec '$wlbin' --port $port --resume_file '$resume_f' $params $extra" > "$wlog" 2>&1 < /dev/null
[325/2243] S015hub2.perm__steady dump=1 restore=na verdict=dump_fail
pbsprobe/pbs_sweep.sh: line 257: 354145 Killed                  setsid "$BIN_HUB" "${HARGS[@]}" > "$hlog" 2>&1 < /dev/null
pbsprobe/pbs_sweep.sh: line 257: 354152 Killed                  setsid bash -c "exec '$wlbin' --port $port --resume_file '$resume_f' $params $extra" > "$wlog" 2>&1 < /dev/null
pbsprobe/pbs_sweep.sh: line 296: 355325 Killed                  setsid bash -c "exec '$wlbin' --port $port --resume_file '$resume_f' $params $extra" > "$wlog" 2>&1 < /dev/null
[326/2243] S016hub4.stri__init dump=0 restore=0 verdict=ok
pbsprobe/pbs_sweep.sh: line 257: 355318 Killed                  setsid "$BIN_HUB" "${HARGS[@]}" > "$hlog" 2>&1 < /dev/null
pbsprobe/pbs_sweep.sh: line 296: 356585 Killed                  setsid bash -c "exec '$wlbin' --port $port --resume_file '$resume_f' $params $extra" > "$wlog" 2>&1 < /dev/null
[327/2243] S016hub4.stri__db_open dump=0 restore=0 verdict=ok
pbsprobe/pbs_sweep.sh: line 257: 356578 Killed                  setsid "$BIN_HUB" "${HARGS[@]}" > "$hlog" 2>&1 < /dev/null
pbsprobe/pbs_sweep.sh: line 296: 357781 Killed                  setsid bash -c "exec '$wlbin' --port $port --resume_file '$resume_f' $params $extra" > "$wlog" 2>&1 < /dev/null
[328/2243] S016hub4.stri__db_read dump=0 restore=0 verdict=ok
pbsprobe/pbs_sweep.sh: line 257: 357774 Killed                  setsid "$BIN_HUB" "${HARGS[@]}" > "$hlog" 2>&1 < /dev/null
pbsprobe/pbs_sweep.sh: line 296: 359013 Killed                  setsid bash -c "exec '$wlbin' --port $port --resume_file '$resume_f' $params $extra" > "$wlog" 2>&1 < /dev/null
[329/2243] S016hub4.stri__db_read_p25 dump=0 restore=0 verdict=ok
pbsprobe/pbs_sweep.sh: line 257: 359006 Killed                  setsid "$BIN_HUB" "${HARGS[@]}" > "$hlog" 2>&1 < /dev/null
pbsprobe/pbs_sweep.sh: line 296: 360253 Killed                  setsid bash -c "exec '$wlbin' --port $port --resume_file '$resume_f' $params $extra" > "$wlog" 2>&1 < /dev/null
[330/2243] S016hub4.stri__db_read_p50 dump=0 restore=0 verdict=ok
pbsprobe/pbs_sweep.sh: line 257: 360246 Killed                  setsid "$BIN_HUB" "${HARGS[@]}" > "$hlog" 2>&1 < /dev/null
pbsprobe/pbs_sweep.sh: line 296: 361450 Killed                  setsid bash -c "exec '$wlbin' --port $port --resume_file '$resume_f' $params $extra" > "$wlog" 2>&1 < /dev/null
[331/2243] S016hub4.stri__db_read_p75 dump=0 restore=0 verdict=ok
pbsprobe/pbs_sweep.sh: line 257: 361443 Killed                  setsid "$BIN_HUB" "${HARGS[@]}" > "$hlog" 2>&1 < /dev/null
pbsprobe/pbs_sweep.sh: line 296: 362686 Killed                  setsid bash -c "exec '$wlbin' --port $port --resume_file '$resume_f' $params $extra" > "$wlog" 2>&1 < /dev/null
[332/2243] S016hub4.stri__db_parse dump=0 restore=0 verdict=ok
pbsprobe/pbs_sweep.sh: line 257: 362679 Killed                  setsid "$BIN_HUB" "${HARGS[@]}" > "$hlog" 2>&1 < /dev/null
pbsprobe/pbs_sweep.sh: line 296: 363926 Killed                  setsid bash -c "exec '$wlbin' --port $port --resume_file '$resume_f' $params $extra" > "$wlog" 2>&1 < /dev/null
[333/2243] S016hub4.stri__db_parse_p25 dump=0 restore=0 verdict=ok
pbsprobe/pbs_sweep.sh: line 257: 363919 Killed                  setsid "$BIN_HUB" "${HARGS[@]}" > "$hlog" 2>&1 < /dev/null
pbsprobe/pbs_sweep.sh: line 296: 365139 Killed                  setsid bash -c "exec '$wlbin' --port $port --resume_file '$resume_f' $params $extra" > "$wlog" 2>&1 < /dev/null
[334/2243] S016hub4.stri__db_parse_p50 dump=0 restore=0 verdict=ok
pbsprobe/pbs_sweep.sh: line 257: 365132 Killed                  setsid "$BIN_HUB" "${HARGS[@]}" > "$hlog" 2>&1 < /dev/null
pbsprobe/pbs_sweep.sh: line 296: 366378 Killed                  setsid bash -c "exec '$wlbin' --port $port --resume_file '$resume_f' $params $extra" > "$wlog" 2>&1 < /dev/null
[335/2243] S016hub4.stri__db_parse_p75 dump=0 restore=0 verdict=ok
pbsprobe/pbs_sweep.sh: line 257: 366371 Killed                  setsid "$BIN_HUB" "${HARGS[@]}" > "$hlog" 2>&1 < /dev/null
pbsprobe/pbs_sweep.sh: line 296: 367605 Killed                  setsid bash -c "exec '$wlbin' --port $port --resume_file '$resume_f' $params $extra" > "$wlog" 2>&1 < /dev/null
[336/2243] S016hub4.stri__epg_index dump=0 restore=0 verdict=ok
pbsprobe/pbs_sweep.sh: line 257: 367598 Killed                  setsid "$BIN_HUB" "${HARGS[@]}" > "$hlog" 2>&1 < /dev/null
pbsprobe/pbs_sweep.sh: line 296: 368819 Killed                  setsid bash -c "exec '$wlbin' --port $port --resume_file '$resume_f' $params $extra" > "$wlog" 2>&1 < /dev/null
[337/2243] S016hub4.stri__epg_index_p25 dump=0 restore=0 verdict=ok
pbsprobe/pbs_sweep.sh: line 257: 368812 Killed                  setsid "$BIN_HUB" "${HARGS[@]}" > "$hlog" 2>&1 < /dev/null
pbsprobe/pbs_sweep.sh: line 296: 370043 Killed                  setsid bash -c "exec '$wlbin' --port $port --resume_file '$resume_f' $params $extra" > "$wlog" 2>&1 < /dev/null
[338/2243] S016hub4.stri__epg_index_p50 dump=0 restore=0 verdict=ok
pbsprobe/pbs_sweep.sh: line 257: 370036 Killed                  setsid "$BIN_HUB" "${HARGS[@]}" > "$hlog" 2>&1 < /dev/null
pbsprobe/pbs_sweep.sh: line 296: 371279 Killed                  setsid bash -c "exec '$wlbin' --port $port --resume_file '$resume_f' $params $extra" > "$wlog" 2>&1 < /dev/null
[339/2243] S016hub4.stri__epg_index_p75 dump=0 restore=0 verdict=ok
pbsprobe/pbs_sweep.sh: line 257: 371272 Killed                  setsid "$BIN_HUB" "${HARGS[@]}" > "$hlog" 2>&1 < /dev/null
pbsprobe/pbs_sweep.sh: line 296: 372495 Killed                  setsid bash -c "exec '$wlbin' --port $port --resume_file '$resume_f' $params $extra" > "$wlog" 2>&1 < /dev/null
[340/2243] S016hub4.stri__epg_text dump=0 restore=0 verdict=ok
pbsprobe/pbs_sweep.sh: line 257: 372488 Killed                  setsid "$BIN_HUB" "${HARGS[@]}" > "$hlog" 2>&1 < /dev/null
pbsprobe/pbs_sweep.sh: line 296: 373738 Killed                  setsid bash -c "exec '$wlbin' --port $port --resume_file '$resume_f' $params $extra" > "$wlog" 2>&1 < /dev/null
[341/2243] S016hub4.stri__epg_reserve dump=0 restore=0 verdict=ok
pbsprobe/pbs_sweep.sh: line 257: 373731 Killed                  setsid "$BIN_HUB" "${HARGS[@]}" > "$hlog" 2>&1 < /dev/null
[342/2243] S016hub4.stri__hub_conn1 dump=1 restore=na verdict=dump_fail
pbsprobe/pbs_sweep.sh: line 257: 374958 Killed                  setsid "$BIN_HUB" "${HARGS[@]}" > "$hlog" 2>&1 < /dev/null
pbsprobe/pbs_sweep.sh: line 257: 374965 Killed                  setsid bash -c "exec '$wlbin' --port $port --resume_file '$resume_f' $params $extra" > "$wlog" 2>&1 < /dev/null
[343/2243] S016hub4.stri__hub_conn2 dump=1 restore=na verdict=dump_fail
pbsprobe/pbs_sweep.sh: line 257: 375827 Killed                  setsid "$BIN_HUB" "${HARGS[@]}" > "$hlog" 2>&1 < /dev/null
pbsprobe/pbs_sweep.sh: line 257: 375834 Killed                  setsid bash -c "exec '$wlbin' --port $port --resume_file '$resume_f' $params $extra" > "$wlog" 2>&1 < /dev/null
[344/2243] S016hub4.stri__hub_conn3 dump=1 restore=na verdict=dump_fail
pbsprobe/pbs_sweep.sh: line 257: 376767 Killed                  setsid "$BIN_HUB" "${HARGS[@]}" > "$hlog" 2>&1 < /dev/null
pbsprobe/pbs_sweep.sh: line 257: 376774 Killed                  setsid bash -c "exec '$wlbin' --port $port --resume_file '$resume_f' $params $extra" > "$wlog" 2>&1 < /dev/null
[345/2243] S016hub4.stri__hub_conn4 dump=1 restore=na verdict=dump_fail
pbsprobe/pbs_sweep.sh: line 257: 377770 Killed                  setsid "$BIN_HUB" "${HARGS[@]}" > "$hlog" 2>&1 < /dev/null
pbsprobe/pbs_sweep.sh: line 257: 377777 Killed                  setsid bash -c "exec '$wlbin' --port $port --resume_file '$resume_f' $params $extra" > "$wlog" 2>&1 < /dev/null
[346/2243] S016hub4.stri__hub_subscribed dump=1 restore=na verdict=dump_fail
pbsprobe/pbs_sweep.sh: line 257: 378794 Killed                  setsid "$BIN_HUB" "${HARGS[@]}" > "$hlog" 2>&1 < /dev/null
pbsprobe/pbs_sweep.sh: line 257: 378801 Killed                  setsid bash -c "exec '$wlbin' --port $port --resume_file '$resume_f' $params $extra" > "$wlog" 2>&1 < /dev/null
[347/2243] S016hub4.stri__timer_armed dump=1 restore=na verdict=dump_fail
pbsprobe/pbs_sweep.sh: line 257: 379885 Killed                  setsid "$BIN_HUB" "${HARGS[@]}" > "$hlog" 2>&1 < /dev/null
pbsprobe/pbs_sweep.sh: line 257: 379892 Killed                  setsid bash -c "exec '$wlbin' --port $port --resume_file '$resume_f' $params $extra" > "$wlog" 2>&1 < /dev/null
[348/2243] S016hub4.stri__db_watch dump=1 restore=na verdict=dump_fail
pbsprobe/pbs_sweep.sh: line 257: 381052 Killed                  setsid "$BIN_HUB" "${HARGS[@]}" > "$hlog" 2>&1 < /dev/null
pbsprobe/pbs_sweep.sh: line 257: 381059 Killed                  setsid bash -c "exec '$wlbin' --port $port --resume_file '$resume_f' $params $extra" > "$wlog" 2>&1 < /dev/null
[349/2243] S016hub4.stri__ready dump=1 restore=na verdict=dump_fail
pbsprobe/pbs_sweep.sh: line 257: 382235 Killed                  setsid "$BIN_HUB" "${HARGS[@]}" > "$hlog" 2>&1 < /dev/null
pbsprobe/pbs_sweep.sh: line 257: 382242 Killed                  setsid bash -c "exec '$wlbin' --port $port --resume_file '$resume_f' $params $extra" > "$wlog" 2>&1 < /dev/null
[350/2243] S016hub4.stri__steady dump=1 restore=na verdict=dump_fail
pbsprobe/pbs_sweep.sh: line 257: 383487 Killed                  setsid "$BIN_HUB" "${HARGS[@]}" > "$hlog" 2>&1 < /dev/null
pbsprobe/pbs_sweep.sh: line 257: 383494 Killed                  setsid bash -c "exec '$wlbin' --port $port --resume_file '$resume_f' $params $extra" > "$wlog" 2>&1 < /dev/null
pbsprobe/pbs_sweep.sh: line 296: 384779 Killed                  setsid bash -c "exec '$wlbin' --port $port --resume_file '$resume_f' $params $extra" > "$wlog" 2>&1 < /dev/null
[351/2243] S017hub4.ext___init dump=0 restore=0 verdict=ok
pbsprobe/pbs_sweep.sh: line 257: 384772 Killed                  setsid "$BIN_HUB" "${HARGS[@]}" > "$hlog" 2>&1 < /dev/null
pbsprobe/pbs_sweep.sh: line 296: 386027 Killed                  setsid bash -c "exec '$wlbin' --port $port --resume_file '$resume_f' $params $extra" > "$wlog" 2>&1 < /dev/null
[352/2243] S017hub4.ext___db_open dump=0 restore=0 verdict=ok
pbsprobe/pbs_sweep.sh: line 257: 386020 Killed                  setsid "$BIN_HUB" "${HARGS[@]}" > "$hlog" 2>&1 < /dev/null
pbsprobe/pbs_sweep.sh: line 296: 387232 Killed                  setsid bash -c "exec '$wlbin' --port $port --resume_file '$resume_f' $params $extra" > "$wlog" 2>&1 < /dev/null
[353/2243] S017hub4.ext___db_read dump=0 restore=0 verdict=ok
pbsprobe/pbs_sweep.sh: line 257: 387225 Killed                  setsid "$BIN_HUB" "${HARGS[@]}" > "$hlog" 2>&1 < /dev/null
pbsprobe/pbs_sweep.sh: line 296: 388453 Killed                  setsid bash -c "exec '$wlbin' --port $port --resume_file '$resume_f' $params $extra" > "$wlog" 2>&1 < /dev/null
[354/2243] S017hub4.ext___db_read_p25 dump=0 restore=0 verdict=ok
pbsprobe/pbs_sweep.sh: line 257: 388446 Killed                  setsid "$BIN_HUB" "${HARGS[@]}" > "$hlog" 2>&1 < /dev/null
pbsprobe/pbs_sweep.sh: line 296: 389688 Killed                  setsid bash -c "exec '$wlbin' --port $port --resume_file '$resume_f' $params $extra" > "$wlog" 2>&1 < /dev/null
[355/2243] S017hub4.ext___db_read_p50 dump=0 restore=0 verdict=ok
pbsprobe/pbs_sweep.sh: line 257: 389681 Killed                  setsid "$BIN_HUB" "${HARGS[@]}" > "$hlog" 2>&1 < /dev/null
pbsprobe/pbs_sweep.sh: line 296: 390913 Killed                  setsid bash -c "exec '$wlbin' --port $port --resume_file '$resume_f' $params $extra" > "$wlog" 2>&1 < /dev/null
[356/2243] S017hub4.ext___db_read_p75 dump=0 restore=0 verdict=ok
pbsprobe/pbs_sweep.sh: line 257: 390906 Killed                  setsid "$BIN_HUB" "${HARGS[@]}" > "$hlog" 2>&1 < /dev/null
pbsprobe/pbs_sweep.sh: line 296: 392141 Killed                  setsid bash -c "exec '$wlbin' --port $port --resume_file '$resume_f' $params $extra" > "$wlog" 2>&1 < /dev/null
[357/2243] S017hub4.ext___db_parse dump=0 restore=0 verdict=ok
pbsprobe/pbs_sweep.sh: line 257: 392134 Killed                  setsid "$BIN_HUB" "${HARGS[@]}" > "$hlog" 2>&1 < /dev/null
pbsprobe/pbs_sweep.sh: line 296: 393373 Killed                  setsid bash -c "exec '$wlbin' --port $port --resume_file '$resume_f' $params $extra" > "$wlog" 2>&1 < /dev/null
[358/2243] S017hub4.ext___db_parse_p25 dump=0 restore=0 verdict=ok
pbsprobe/pbs_sweep.sh: line 257: 393366 Killed                  setsid "$BIN_HUB" "${HARGS[@]}" > "$hlog" 2>&1 < /dev/null
pbsprobe/pbs_sweep.sh: line 296: 394617 Killed                  setsid bash -c "exec '$wlbin' --port $port --resume_file '$resume_f' $params $extra" > "$wlog" 2>&1 < /dev/null
[359/2243] S017hub4.ext___db_parse_p50 dump=0 restore=0 verdict=ok
pbsprobe/pbs_sweep.sh: line 257: 394610 Killed                  setsid "$BIN_HUB" "${HARGS[@]}" > "$hlog" 2>&1 < /dev/null
pbsprobe/pbs_sweep.sh: line 296: 395829 Killed                  setsid bash -c "exec '$wlbin' --port $port --resume_file '$resume_f' $params $extra" > "$wlog" 2>&1 < /dev/null
[360/2243] S017hub4.ext___db_parse_p75 dump=0 restore=0 verdict=ok
pbsprobe/pbs_sweep.sh: line 257: 395822 Killed                  setsid "$BIN_HUB" "${HARGS[@]}" > "$hlog" 2>&1 < /dev/null
pbsprobe/pbs_sweep.sh: line 296: 397067 Killed                  setsid bash -c "exec '$wlbin' --port $port --resume_file '$resume_f' $params $extra" > "$wlog" 2>&1 < /dev/null
[361/2243] S017hub4.ext___epg_index dump=0 restore=0 verdict=ok
pbsprobe/pbs_sweep.sh: line 257: 397060 Killed                  setsid "$BIN_HUB" "${HARGS[@]}" > "$hlog" 2>&1 < /dev/null
pbsprobe/pbs_sweep.sh: line 296: 398277 Killed                  setsid bash -c "exec '$wlbin' --port $port --resume_file '$resume_f' $params $extra" > "$wlog" 2>&1 < /dev/null
[362/2243] S017hub4.ext___epg_index_p25 dump=0 restore=0 verdict=ok
pbsprobe/pbs_sweep.sh: line 257: 398270 Killed                  setsid "$BIN_HUB" "${HARGS[@]}" > "$hlog" 2>&1 < /dev/null
pbsprobe/pbs_sweep.sh: line 296: 399509 Killed                  setsid bash -c "exec '$wlbin' --port $port --resume_file '$resume_f' $params $extra" > "$wlog" 2>&1 < /dev/null
[363/2243] S017hub4.ext___epg_index_p50 dump=0 restore=0 verdict=ok
pbsprobe/pbs_sweep.sh: line 257: 399502 Killed                  setsid "$BIN_HUB" "${HARGS[@]}" > "$hlog" 2>&1 < /dev/null
pbsprobe/pbs_sweep.sh: line 296: 400737 Killed                  setsid bash -c "exec '$wlbin' --port $port --resume_file '$resume_f' $params $extra" > "$wlog" 2>&1 < /dev/null
[364/2243] S017hub4.ext___epg_index_p75 dump=0 restore=0 verdict=ok
pbsprobe/pbs_sweep.sh: line 257: 400730 Killed                  setsid "$BIN_HUB" "${HARGS[@]}" > "$hlog" 2>&1 < /dev/null
pbsprobe/pbs_sweep.sh: line 296: 401965 Killed                  setsid bash -c "exec '$wlbin' --port $port --resume_file '$resume_f' $params $extra" > "$wlog" 2>&1 < /dev/null
[365/2243] S017hub4.ext___epg_text dump=0 restore=0 verdict=ok
pbsprobe/pbs_sweep.sh: line 257: 401958 Killed                  setsid "$BIN_HUB" "${HARGS[@]}" > "$hlog" 2>&1 < /dev/null
pbsprobe/pbs_sweep.sh: line 296: 403209 Killed                  setsid bash -c "exec '$wlbin' --port $port --resume_file '$resume_f' $params $extra" > "$wlog" 2>&1 < /dev/null
[366/2243] S017hub4.ext___epg_reserve dump=0 restore=0 verdict=ok
pbsprobe/pbs_sweep.sh: line 257: 403202 Killed                  setsid "$BIN_HUB" "${HARGS[@]}" > "$hlog" 2>&1 < /dev/null
[367/2243] S017hub4.ext___hub_conn1 dump=1 restore=na verdict=dump_fail
pbsprobe/pbs_sweep.sh: line 257: 404425 Killed                  setsid "$BIN_HUB" "${HARGS[@]}" > "$hlog" 2>&1 < /dev/null
pbsprobe/pbs_sweep.sh: line 257: 404432 Killed                  setsid bash -c "exec '$wlbin' --port $port --resume_file '$resume_f' $params $extra" > "$wlog" 2>&1 < /dev/null
[368/2243] S017hub4.ext___hub_conn2 dump=1 restore=na verdict=dump_fail
pbsprobe/pbs_sweep.sh: line 257: 405301 Killed                  setsid "$BIN_HUB" "${HARGS[@]}" > "$hlog" 2>&1 < /dev/null
pbsprobe/pbs_sweep.sh: line 257: 405308 Killed                  setsid bash -c "exec '$wlbin' --port $port --resume_file '$resume_f' $params $extra" > "$wlog" 2>&1 < /dev/null
[369/2243] S017hub4.ext___hub_conn3 dump=1 restore=na verdict=dump_fail
pbsprobe/pbs_sweep.sh: line 257: 406217 Killed                  setsid "$BIN_HUB" "${HARGS[@]}" > "$hlog" 2>&1 < /dev/null
pbsprobe/pbs_sweep.sh: line 257: 406224 Killed                  setsid bash -c "exec '$wlbin' --port $port --resume_file '$resume_f' $params $extra" > "$wlog" 2>&1 < /dev/null
[370/2243] S017hub4.ext___hub_conn4 dump=1 restore=na verdict=dump_fail
pbsprobe/pbs_sweep.sh: line 257: 407236 Killed                  setsid "$BIN_HUB" "${HARGS[@]}" > "$hlog" 2>&1 < /dev/null
pbsprobe/pbs_sweep.sh: line 257: 407243 Killed                  setsid bash -c "exec '$wlbin' --port $port --resume_file '$resume_f' $params $extra" > "$wlog" 2>&1 < /dev/null
[371/2243] S017hub4.ext___hub_subscribed dump=1 restore=na verdict=dump_fail
pbsprobe/pbs_sweep.sh: line 257: 408256 Killed                  setsid "$BIN_HUB" "${HARGS[@]}" > "$hlog" 2>&1 < /dev/null
pbsprobe/pbs_sweep.sh: line 257: 408263 Killed                  setsid bash -c "exec '$wlbin' --port $port --resume_file '$resume_f' $params $extra" > "$wlog" 2>&1 < /dev/null
[372/2243] S017hub4.ext___timer_armed dump=1 restore=na verdict=dump_fail
pbsprobe/pbs_sweep.sh: line 257: 409351 Killed                  setsid "$BIN_HUB" "${HARGS[@]}" > "$hlog" 2>&1 < /dev/null
pbsprobe/pbs_sweep.sh: line 257: 409358 Killed                  setsid bash -c "exec '$wlbin' --port $port --resume_file '$resume_f' $params $extra" > "$wlog" 2>&1 < /dev/null
[373/2243] S017hub4.ext___db_watch dump=1 restore=na verdict=dump_fail
pbsprobe/pbs_sweep.sh: line 257: 410495 Killed                  setsid "$BIN_HUB" "${HARGS[@]}" > "$hlog" 2>&1 < /dev/null
pbsprobe/pbs_sweep.sh: line 257: 410502 Killed                  setsid bash -c "exec '$wlbin' --port $port --resume_file '$resume_f' $params $extra" > "$wlog" 2>&1 < /dev/null
[374/2243] S017hub4.ext___ready dump=1 restore=na verdict=dump_fail
pbsprobe/pbs_sweep.sh: line 257: 411678 Killed                  setsid "$BIN_HUB" "${HARGS[@]}" > "$hlog" 2>&1 < /dev/null
pbsprobe/pbs_sweep.sh: line 257: 411685 Killed                  setsid bash -c "exec '$wlbin' --port $port --resume_file '$resume_f' $params $extra" > "$wlog" 2>&1 < /dev/null
[375/2243] S017hub4.ext___steady dump=1 restore=na verdict=dump_fail
pbsprobe/pbs_sweep.sh: line 257: 412954 Killed                  setsid "$BIN_HUB" "${HARGS[@]}" > "$hlog" 2>&1 < /dev/null
pbsprobe/pbs_sweep.sh: line 257: 412961 Killed                  setsid bash -c "exec '$wlbin' --port $port --resume_file '$resume_f' $params $extra" > "$wlog" 2>&1 < /dev/null
pbsprobe/pbs_sweep.sh: line 296: 414238 Killed                  setsid bash -c "exec '$wlbin' --port $port --resume_file '$resume_f' $params $extra" > "$wlog" 2>&1 < /dev/null
[376/2243] S018hub4.tcp___init dump=0 restore=0 verdict=ok
pbsprobe/pbs_sweep.sh: line 257: 414231 Killed                  setsid "$BIN_HUB" "${HARGS[@]}" > "$hlog" 2>&1 < /dev/null
pbsprobe/pbs_sweep.sh: line 296: 415482 Killed                  setsid bash -c "exec '$wlbin' --port $port --resume_file '$resume_f' $params $extra" > "$wlog" 2>&1 < /dev/null
[377/2243] S018hub4.tcp___db_open dump=0 restore=0 verdict=ok
pbsprobe/pbs_sweep.sh: line 257: 415475 Killed                  setsid "$BIN_HUB" "${HARGS[@]}" > "$hlog" 2>&1 < /dev/null
pbsprobe/pbs_sweep.sh: line 296: 416715 Killed                  setsid bash -c "exec '$wlbin' --port $port --resume_file '$resume_f' $params $extra" > "$wlog" 2>&1 < /dev/null
[378/2243] S018hub4.tcp___db_read dump=0 restore=0 verdict=ok
pbsprobe/pbs_sweep.sh: line 257: 416708 Killed                  setsid "$BIN_HUB" "${HARGS[@]}" > "$hlog" 2>&1 < /dev/null
pbsprobe/pbs_sweep.sh: line 296: 417943 Killed                  setsid bash -c "exec '$wlbin' --port $port --resume_file '$resume_f' $params $extra" > "$wlog" 2>&1 < /dev/null
[379/2243] S018hub4.tcp___db_read_p25 dump=0 restore=0 verdict=ok
pbsprobe/pbs_sweep.sh: line 257: 417936 Killed                  setsid "$BIN_HUB" "${HARGS[@]}" > "$hlog" 2>&1 < /dev/null
pbsprobe/pbs_sweep.sh: line 296: 419171 Killed                  setsid bash -c "exec '$wlbin' --port $port --resume_file '$resume_f' $params $extra" > "$wlog" 2>&1 < /dev/null
[380/2243] S018hub4.tcp___db_read_p50 dump=0 restore=0 verdict=ok
pbsprobe/pbs_sweep.sh: line 257: 419164 Killed                  setsid "$BIN_HUB" "${HARGS[@]}" > "$hlog" 2>&1 < /dev/null
pbsprobe/pbs_sweep.sh: line 296: 420407 Killed                  setsid bash -c "exec '$wlbin' --port $port --resume_file '$resume_f' $params $extra" > "$wlog" 2>&1 < /dev/null
[381/2243] S018hub4.tcp___db_read_p75 dump=0 restore=0 verdict=ok
pbsprobe/pbs_sweep.sh: line 257: 420400 Killed                  setsid "$BIN_HUB" "${HARGS[@]}" > "$hlog" 2>&1 < /dev/null
pbsprobe/pbs_sweep.sh: line 296: 421615 Killed                  setsid bash -c "exec '$wlbin' --port $port --resume_file '$resume_f' $params $extra" > "$wlog" 2>&1 < /dev/null
[382/2243] S018hub4.tcp___db_parse dump=0 restore=0 verdict=ok
pbsprobe/pbs_sweep.sh: line 257: 421608 Killed                  setsid "$BIN_HUB" "${HARGS[@]}" > "$hlog" 2>&1 < /dev/null
pbsprobe/pbs_sweep.sh: line 296: 422859 Killed                  setsid bash -c "exec '$wlbin' --port $port --resume_file '$resume_f' $params $extra" > "$wlog" 2>&1 < /dev/null
[383/2243] S018hub4.tcp___db_parse_p25 dump=0 restore=0 verdict=ok
pbsprobe/pbs_sweep.sh: line 257: 422852 Killed                  setsid "$BIN_HUB" "${HARGS[@]}" > "$hlog" 2>&1 < /dev/null
pbsprobe/pbs_sweep.sh: line 296: 424091 Killed                  setsid bash -c "exec '$wlbin' --port $port --resume_file '$resume_f' $params $extra" > "$wlog" 2>&1 < /dev/null
[384/2243] S018hub4.tcp___db_parse_p50 dump=0 restore=0 verdict=ok
pbsprobe/pbs_sweep.sh: line 257: 424084 Killed                  setsid "$BIN_HUB" "${HARGS[@]}" > "$hlog" 2>&1 < /dev/null
pbsprobe/pbs_sweep.sh: line 296: 425323 Killed                  setsid bash -c "exec '$wlbin' --port $port --resume_file '$resume_f' $params $extra" > "$wlog" 2>&1 < /dev/null
[385/2243] S018hub4.tcp___db_parse_p75 dump=0 restore=0 verdict=ok
pbsprobe/pbs_sweep.sh: line 257: 425316 Killed                  setsid "$BIN_HUB" "${HARGS[@]}" > "$hlog" 2>&1 < /dev/null
pbsprobe/pbs_sweep.sh: line 296: 426555 Killed                  setsid bash -c "exec '$wlbin' --port $port --resume_file '$resume_f' $params $extra" > "$wlog" 2>&1 < /dev/null
[386/2243] S018hub4.tcp___epg_index dump=0 restore=0 verdict=ok
pbsprobe/pbs_sweep.sh: line 257: 426548 Killed                  setsid "$BIN_HUB" "${HARGS[@]}" > "$hlog" 2>&1 < /dev/null
pbsprobe/pbs_sweep.sh: line 296: 427778 Killed                  setsid bash -c "exec '$wlbin' --port $port --resume_file '$resume_f' $params $extra" > "$wlog" 2>&1 < /dev/null
[387/2243] S018hub4.tcp___epg_index_p25 dump=0 restore=0 verdict=ok
pbsprobe/pbs_sweep.sh: line 257: 427771 Killed                  setsid "$BIN_HUB" "${HARGS[@]}" > "$hlog" 2>&1 < /dev/null
pbsprobe/pbs_sweep.sh: line 296: 429019 Killed                  setsid bash -c "exec '$wlbin' --port $port --resume_file '$resume_f' $params $extra" > "$wlog" 2>&1 < /dev/null
[388/2243] S018hub4.tcp___epg_index_p50 dump=0 restore=0 verdict=ok
pbsprobe/pbs_sweep.sh: line 257: 429012 Killed                  setsid "$BIN_HUB" "${HARGS[@]}" > "$hlog" 2>&1 < /dev/null
pbsprobe/pbs_sweep.sh: line 296: 430243 Killed                  setsid bash -c "exec '$wlbin' --port $port --resume_file '$resume_f' $params $extra" > "$wlog" 2>&1 < /dev/null
[389/2243] S018hub4.tcp___epg_index_p75 dump=0 restore=0 verdict=ok
pbsprobe/pbs_sweep.sh: line 257: 430236 Killed                  setsid "$BIN_HUB" "${HARGS[@]}" > "$hlog" 2>&1 < /dev/null
pbsprobe/pbs_sweep.sh: line 296: 431475 Killed                  setsid bash -c "exec '$wlbin' --port $port --resume_file '$resume_f' $params $extra" > "$wlog" 2>&1 < /dev/null
[390/2243] S018hub4.tcp___epg_text dump=0 restore=0 verdict=ok
pbsprobe/pbs_sweep.sh: line 257: 431468 Killed                  setsid "$BIN_HUB" "${HARGS[@]}" > "$hlog" 2>&1 < /dev/null
pbsprobe/pbs_sweep.sh: line 296: 432715 Killed                  setsid bash -c "exec '$wlbin' --port $port --resume_file '$resume_f' $params $extra" > "$wlog" 2>&1 < /dev/null
[391/2243] S018hub4.tcp___epg_reserve dump=0 restore=0 verdict=ok
pbsprobe/pbs_sweep.sh: line 257: 432708 Killed                  setsid "$BIN_HUB" "${HARGS[@]}" > "$hlog" 2>&1 < /dev/null
[392/2243] S018hub4.tcp___hub_conn1 dump=1 restore=na verdict=dump_fail
pbsprobe/pbs_sweep.sh: line 257: 433948 Killed                  setsid "$BIN_HUB" "${HARGS[@]}" > "$hlog" 2>&1 < /dev/null
pbsprobe/pbs_sweep.sh: line 257: 433955 Killed                  setsid bash -c "exec '$wlbin' --port $port --resume_file '$resume_f' $params $extra" > "$wlog" 2>&1 < /dev/null
[393/2243] S018hub4.tcp___hub_conn2 dump=1 restore=na verdict=dump_fail
pbsprobe/pbs_sweep.sh: line 257: 434832 Killed                  setsid "$BIN_HUB" "${HARGS[@]}" > "$hlog" 2>&1 < /dev/null
pbsprobe/pbs_sweep.sh: line 257: 434839 Killed                  setsid bash -c "exec '$wlbin' --port $port --resume_file '$resume_f' $params $extra" > "$wlog" 2>&1 < /dev/null
[394/2243] S018hub4.tcp___hub_conn3 dump=1 restore=na verdict=dump_fail
pbsprobe/pbs_sweep.sh: line 257: 435772 Killed                  setsid "$BIN_HUB" "${HARGS[@]}" > "$hlog" 2>&1 < /dev/null
pbsprobe/pbs_sweep.sh: line 257: 435779 Killed                  setsid bash -c "exec '$wlbin' --port $port --resume_file '$resume_f' $params $extra" > "$wlog" 2>&1 < /dev/null
[395/2243] S018hub4.tcp___hub_conn4 dump=1 restore=na verdict=dump_fail
pbsprobe/pbs_sweep.sh: line 257: 436803 Killed                  setsid "$BIN_HUB" "${HARGS[@]}" > "$hlog" 2>&1 < /dev/null
pbsprobe/pbs_sweep.sh: line 257: 436810 Killed                  setsid bash -c "exec '$wlbin' --port $port --resume_file '$resume_f' $params $extra" > "$wlog" 2>&1 < /dev/null
[396/2243] S018hub4.tcp___hub_subscribed dump=1 restore=na verdict=dump_fail
pbsprobe/pbs_sweep.sh: line 257: 437835 Killed                  setsid "$BIN_HUB" "${HARGS[@]}" > "$hlog" 2>&1 < /dev/null
pbsprobe/pbs_sweep.sh: line 257: 437842 Killed                  setsid bash -c "exec '$wlbin' --port $port --resume_file '$resume_f' $params $extra" > "$wlog" 2>&1 < /dev/null
[397/2243] S018hub4.tcp___timer_armed dump=1 restore=na verdict=dump_fail
pbsprobe/pbs_sweep.sh: line 257: 438934 Killed                  setsid "$BIN_HUB" "${HARGS[@]}" > "$hlog" 2>&1 < /dev/null
pbsprobe/pbs_sweep.sh: line 257: 438941 Killed                  setsid bash -c "exec '$wlbin' --port $port --resume_file '$resume_f' $params $extra" > "$wlog" 2>&1 < /dev/null
[398/2243] S018hub4.tcp___db_watch dump=1 restore=na verdict=dump_fail
pbsprobe/pbs_sweep.sh: line 257: 440058 Killed                  setsid "$BIN_HUB" "${HARGS[@]}" > "$hlog" 2>&1 < /dev/null
pbsprobe/pbs_sweep.sh: line 257: 440065 Killed                  setsid bash -c "exec '$wlbin' --port $port --resume_file '$resume_f' $params $extra" > "$wlog" 2>&1 < /dev/null
[399/2243] S018hub4.tcp___ready dump=1 restore=na verdict=dump_fail
pbsprobe/pbs_sweep.sh: line 257: 441261 Killed                  setsid "$BIN_HUB" "${HARGS[@]}" > "$hlog" 2>&1 < /dev/null
pbsprobe/pbs_sweep.sh: line 257: 441268 Killed                  setsid bash -c "exec '$wlbin' --port $port --resume_file '$resume_f' $params $extra" > "$wlog" 2>&1 < /dev/null
[400/2243] S018hub4.tcp___steady dump=1 restore=na verdict=dump_fail
pbsprobe/pbs_sweep.sh: line 257: 442502 Killed                  setsid "$BIN_HUB" "${HARGS[@]}" > "$hlog" 2>&1 < /dev/null
pbsprobe/pbs_sweep.sh: line 257: 442509 Killed                  setsid bash -c "exec '$wlbin' --port $port --resume_file '$resume_f' $params $extra" > "$wlog" 2>&1 < /dev/null
pbsprobe/pbs_sweep.sh: line 296: 443821 Killed                  setsid bash -c "exec '$wlbin' --port $port --resume_file '$resume_f' $params $extra" > "$wlog" 2>&1 < /dev/null
[401/2243] S019hub4.file__init dump=0 restore=0 verdict=ok
pbsprobe/pbs_sweep.sh: line 257: 443814 Killed                  setsid "$BIN_HUB" "${HARGS[@]}" > "$hlog" 2>&1 < /dev/null
pbsprobe/pbs_sweep.sh: line 296: 445064 Killed                  setsid bash -c "exec '$wlbin' --port $port --resume_file '$resume_f' $params $extra" > "$wlog" 2>&1 < /dev/null
[402/2243] S019hub4.file__db_open dump=0 restore=0 verdict=ok
pbsprobe/pbs_sweep.sh: line 257: 445057 Killed                  setsid "$BIN_HUB" "${HARGS[@]}" > "$hlog" 2>&1 < /dev/null
pbsprobe/pbs_sweep.sh: line 296: 446300 Killed                  setsid bash -c "exec '$wlbin' --port $port --resume_file '$resume_f' $params $extra" > "$wlog" 2>&1 < /dev/null
[403/2243] S019hub4.file__db_read dump=0 restore=0 verdict=ok
pbsprobe/pbs_sweep.sh: line 257: 446293 Killed                  setsid "$BIN_HUB" "${HARGS[@]}" > "$hlog" 2>&1 < /dev/null
pbsprobe/pbs_sweep.sh: line 296: 447536 Killed                  setsid bash -c "exec '$wlbin' --port $port --resume_file '$resume_f' $params $extra" > "$wlog" 2>&1 < /dev/null
[404/2243] S019hub4.file__db_read_p25 dump=0 restore=0 verdict=ok
pbsprobe/pbs_sweep.sh: line 257: 447529 Killed                  setsid "$BIN_HUB" "${HARGS[@]}" > "$hlog" 2>&1 < /dev/null
pbsprobe/pbs_sweep.sh: line 296: 448821 Killed                  setsid bash -c "exec '$wlbin' --port $port --resume_file '$resume_f' $params $extra" > "$wlog" 2>&1 < /dev/null
[405/2243] S019hub4.file__db_read_p50 dump=0 restore=0 verdict=ok
pbsprobe/pbs_sweep.sh: line 257: 448814 Killed                  setsid "$BIN_HUB" "${HARGS[@]}" > "$hlog" 2>&1 < /dev/null
pbsprobe/pbs_sweep.sh: line 296: 450101 Killed                  setsid bash -c "exec '$wlbin' --port $port --resume_file '$resume_f' $params $extra" > "$wlog" 2>&1 < /dev/null
[406/2243] S019hub4.file__db_read_p75 dump=0 restore=0 verdict=ok
pbsprobe/pbs_sweep.sh: line 257: 450094 Killed                  setsid "$BIN_HUB" "${HARGS[@]}" > "$hlog" 2>&1 < /dev/null
pbsprobe/pbs_sweep.sh: line 296: 451369 Killed                  setsid bash -c "exec '$wlbin' --port $port --resume_file '$resume_f' $params $extra" > "$wlog" 2>&1 < /dev/null
[407/2243] S019hub4.file__db_parse dump=0 restore=0 verdict=ok
pbsprobe/pbs_sweep.sh: line 257: 451362 Killed                  setsid "$BIN_HUB" "${HARGS[@]}" > "$hlog" 2>&1 < /dev/null
pbsprobe/pbs_sweep.sh: line 296: 452641 Killed                  setsid bash -c "exec '$wlbin' --port $port --resume_file '$resume_f' $params $extra" > "$wlog" 2>&1 < /dev/null
[408/2243] S019hub4.file__db_parse_p25 dump=0 restore=0 verdict=ok
pbsprobe/pbs_sweep.sh: line 257: 452634 Killed                  setsid "$BIN_HUB" "${HARGS[@]}" > "$hlog" 2>&1 < /dev/null
pbsprobe/pbs_sweep.sh: line 296: 453923 Killed                  setsid bash -c "exec '$wlbin' --port $port --resume_file '$resume_f' $params $extra" > "$wlog" 2>&1 < /dev/null
[409/2243] S019hub4.file__db_parse_p50 dump=0 restore=0 verdict=ok
pbsprobe/pbs_sweep.sh: line 257: 453916 Killed                  setsid "$BIN_HUB" "${HARGS[@]}" > "$hlog" 2>&1 < /dev/null
pbsprobe/pbs_sweep.sh: line 296: 455135 Killed                  setsid bash -c "exec '$wlbin' --port $port --resume_file '$resume_f' $params $extra" > "$wlog" 2>&1 < /dev/null
[410/2243] S019hub4.file__db_parse_p75 dump=0 restore=0 verdict=ok
pbsprobe/pbs_sweep.sh: line 257: 455128 Killed                  setsid "$BIN_HUB" "${HARGS[@]}" > "$hlog" 2>&1 < /dev/null
pbsprobe/pbs_sweep.sh: line 296: 456369 Killed                  setsid bash -c "exec '$wlbin' --port $port --resume_file '$resume_f' $params $extra" > "$wlog" 2>&1 < /dev/null
[411/2243] S019hub4.file__epg_index dump=0 restore=0 verdict=ok
pbsprobe/pbs_sweep.sh: line 257: 456362 Killed                  setsid "$BIN_HUB" "${HARGS[@]}" > "$hlog" 2>&1 < /dev/null
pbsprobe/pbs_sweep.sh: line 296: 457593 Killed                  setsid bash -c "exec '$wlbin' --port $port --resume_file '$resume_f' $params $extra" > "$wlog" 2>&1 < /dev/null
[412/2243] S019hub4.file__epg_index_p25 dump=0 restore=0 verdict=ok
pbsprobe/pbs_sweep.sh: line 257: 457586 Killed                  setsid "$BIN_HUB" "${HARGS[@]}" > "$hlog" 2>&1 < /dev/null
pbsprobe/pbs_sweep.sh: line 296: 458829 Killed                  setsid bash -c "exec '$wlbin' --port $port --resume_file '$resume_f' $params $extra" > "$wlog" 2>&1 < /dev/null
[413/2243] S019hub4.file__epg_index_p50 dump=0 restore=0 verdict=ok
pbsprobe/pbs_sweep.sh: line 257: 458822 Killed                  setsid "$BIN_HUB" "${HARGS[@]}" > "$hlog" 2>&1 < /dev/null
pbsprobe/pbs_sweep.sh: line 296: 460062 Killed                  setsid bash -c "exec '$wlbin' --port $port --resume_file '$resume_f' $params $extra" > "$wlog" 2>&1 < /dev/null
[414/2243] S019hub4.file__epg_index_p75 dump=0 restore=0 verdict=ok
pbsprobe/pbs_sweep.sh: line 257: 460055 Killed                  setsid "$BIN_HUB" "${HARGS[@]}" > "$hlog" 2>&1 < /dev/null
pbsprobe/pbs_sweep.sh: line 296: 461324 Killed                  setsid bash -c "exec '$wlbin' --port $port --resume_file '$resume_f' $params $extra" > "$wlog" 2>&1 < /dev/null
[415/2243] S019hub4.file__epg_text dump=0 restore=0 verdict=ok
pbsprobe/pbs_sweep.sh: line 257: 461317 Killed                  setsid "$BIN_HUB" "${HARGS[@]}" > "$hlog" 2>&1 < /dev/null
pbsprobe/pbs_sweep.sh: line 296: 462564 Killed                  setsid bash -c "exec '$wlbin' --port $port --resume_file '$resume_f' $params $extra" > "$wlog" 2>&1 < /dev/null
[416/2243] S019hub4.file__epg_reserve dump=0 restore=0 verdict=ok
pbsprobe/pbs_sweep.sh: line 257: 462557 Killed                  setsid "$BIN_HUB" "${HARGS[@]}" > "$hlog" 2>&1 < /dev/null
[417/2243] S019hub4.file__hub_conn1 dump=1 restore=na verdict=dump_fail
pbsprobe/pbs_sweep.sh: line 257: 463795 Killed                  setsid "$BIN_HUB" "${HARGS[@]}" > "$hlog" 2>&1 < /dev/null
pbsprobe/pbs_sweep.sh: line 257: 463802 Killed                  setsid bash -c "exec '$wlbin' --port $port --resume_file '$resume_f' $params $extra" > "$wlog" 2>&1 < /dev/null
[418/2243] S019hub4.file__hub_conn2 dump=1 restore=na verdict=dump_fail
pbsprobe/pbs_sweep.sh: line 257: 464694 Killed                  setsid "$BIN_HUB" "${HARGS[@]}" > "$hlog" 2>&1 < /dev/null
pbsprobe/pbs_sweep.sh: line 257: 464701 Killed                  setsid bash -c "exec '$wlbin' --port $port --resume_file '$resume_f' $params $extra" > "$wlog" 2>&1 < /dev/null
[419/2243] S019hub4.file__hub_conn3 dump=1 restore=na verdict=dump_fail
pbsprobe/pbs_sweep.sh: line 257: 465638 Killed                  setsid "$BIN_HUB" "${HARGS[@]}" > "$hlog" 2>&1 < /dev/null
pbsprobe/pbs_sweep.sh: line 257: 465645 Killed                  setsid bash -c "exec '$wlbin' --port $port --resume_file '$resume_f' $params $extra" > "$wlog" 2>&1 < /dev/null
[420/2243] S019hub4.file__hub_conn4 dump=1 restore=na verdict=dump_fail
pbsprobe/pbs_sweep.sh: line 257: 466622 Killed                  setsid "$BIN_HUB" "${HARGS[@]}" > "$hlog" 2>&1 < /dev/null
pbsprobe/pbs_sweep.sh: line 257: 466629 Killed                  setsid bash -c "exec '$wlbin' --port $port --resume_file '$resume_f' $params $extra" > "$wlog" 2>&1 < /dev/null
[421/2243] S019hub4.file__hub_subscribed dump=1 restore=na verdict=dump_fail
pbsprobe/pbs_sweep.sh: line 257: 467673 Killed                  setsid "$BIN_HUB" "${HARGS[@]}" > "$hlog" 2>&1 < /dev/null
pbsprobe/pbs_sweep.sh: line 257: 467680 Killed                  setsid bash -c "exec '$wlbin' --port $port --resume_file '$resume_f' $params $extra" > "$wlog" 2>&1 < /dev/null
[422/2243] S019hub4.file__timer_armed dump=1 restore=na verdict=dump_fail
pbsprobe/pbs_sweep.sh: line 257: 468756 Killed                  setsid "$BIN_HUB" "${HARGS[@]}" > "$hlog" 2>&1 < /dev/null
pbsprobe/pbs_sweep.sh: line 257: 468763 Killed                  setsid bash -c "exec '$wlbin' --port $port --resume_file '$resume_f' $params $extra" > "$wlog" 2>&1 < /dev/null
[423/2243] S019hub4.file__db_watch dump=1 restore=na verdict=dump_fail
pbsprobe/pbs_sweep.sh: line 257: 469919 Killed                  setsid "$BIN_HUB" "${HARGS[@]}" > "$hlog" 2>&1 < /dev/null
pbsprobe/pbs_sweep.sh: line 257: 469926 Killed                  setsid bash -c "exec '$wlbin' --port $port --resume_file '$resume_f' $params $extra" > "$wlog" 2>&1 < /dev/null
[424/2243] S019hub4.file__ready dump=1 restore=na verdict=dump_fail
pbsprobe/pbs_sweep.sh: line 257: 471123 Killed                  setsid "$BIN_HUB" "${HARGS[@]}" > "$hlog" 2>&1 < /dev/null
pbsprobe/pbs_sweep.sh: line 257: 471130 Killed                  setsid bash -c "exec '$wlbin' --port $port --resume_file '$resume_f' $params $extra" > "$wlog" 2>&1 < /dev/null
[425/2243] S019hub4.file__steady dump=1 restore=na verdict=dump_fail
pbsprobe/pbs_sweep.sh: line 257: 472399 Killed                  setsid "$BIN_HUB" "${HARGS[@]}" > "$hlog" 2>&1 < /dev/null
pbsprobe/pbs_sweep.sh: line 257: 472406 Killed                  setsid bash -c "exec '$wlbin' --port $port --resume_file '$resume_f' $params $extra" > "$wlog" 2>&1 < /dev/null
pbsprobe/pbs_sweep.sh: line 296: 473711 Killed                  setsid bash -c "exec '$wlbin' --port $port --resume_file '$resume_f' $params $extra" > "$wlog" 2>&1 < /dev/null
[426/2243] S020hub4.perm__init dump=0 restore=0 verdict=ok
pbsprobe/pbs_sweep.sh: line 257: 473704 Killed                  setsid "$BIN_HUB" "${HARGS[@]}" > "$hlog" 2>&1 < /dev/null
pbsprobe/pbs_sweep.sh: line 296: 474955 Killed                  setsid bash -c "exec '$wlbin' --port $port --resume_file '$resume_f' $params $extra" > "$wlog" 2>&1 < /dev/null
[427/2243] S020hub4.perm__db_open dump=0 restore=0 verdict=ok
pbsprobe/pbs_sweep.sh: line 257: 474948 Killed                  setsid "$BIN_HUB" "${HARGS[@]}" > "$hlog" 2>&1 < /dev/null
pbsprobe/pbs_sweep.sh: line 296: 476187 Killed                  setsid bash -c "exec '$wlbin' --port $port --resume_file '$resume_f' $params $extra" > "$wlog" 2>&1 < /dev/null
[428/2243] S020hub4.perm__db_read dump=0 restore=0 verdict=ok
pbsprobe/pbs_sweep.sh: line 257: 476180 Killed                  setsid "$BIN_HUB" "${HARGS[@]}" > "$hlog" 2>&1 < /dev/null
pbsprobe/pbs_sweep.sh: line 296: 477430 Killed                  setsid bash -c "exec '$wlbin' --port $port --resume_file '$resume_f' $params $extra" > "$wlog" 2>&1 < /dev/null
[429/2243] S020hub4.perm__db_read_p25 dump=0 restore=0 verdict=ok
pbsprobe/pbs_sweep.sh: line 257: 477423 Killed                  setsid "$BIN_HUB" "${HARGS[@]}" > "$hlog" 2>&1 < /dev/null
pbsprobe/pbs_sweep.sh: line 296: 478651 Killed                  setsid bash -c "exec '$wlbin' --port $port --resume_file '$resume_f' $params $extra" > "$wlog" 2>&1 < /dev/null
[430/2243] S020hub4.perm__db_read_p50 dump=0 restore=0 verdict=ok
pbsprobe/pbs_sweep.sh: line 257: 478644 Killed                  setsid "$BIN_HUB" "${HARGS[@]}" > "$hlog" 2>&1 < /dev/null
pbsprobe/pbs_sweep.sh: line 296: 479887 Killed                  setsid bash -c "exec '$wlbin' --port $port --resume_file '$resume_f' $params $extra" > "$wlog" 2>&1 < /dev/null
[431/2243] S020hub4.perm__db_read_p75 dump=0 restore=0 verdict=ok
pbsprobe/pbs_sweep.sh: line 257: 479880 Killed                  setsid "$BIN_HUB" "${HARGS[@]}" > "$hlog" 2>&1 < /dev/null
pbsprobe/pbs_sweep.sh: line 296: 481131 Killed                  setsid bash -c "exec '$wlbin' --port $port --resume_file '$resume_f' $params $extra" > "$wlog" 2>&1 < /dev/null
[432/2243] S020hub4.perm__db_parse dump=0 restore=0 verdict=ok
pbsprobe/pbs_sweep.sh: line 257: 481124 Killed                  setsid "$BIN_HUB" "${HARGS[@]}" > "$hlog" 2>&1 < /dev/null
pbsprobe/pbs_sweep.sh: line 296: 482363 Killed                  setsid bash -c "exec '$wlbin' --port $port --resume_file '$resume_f' $params $extra" > "$wlog" 2>&1 < /dev/null
[433/2243] S020hub4.perm__db_parse_p25 dump=0 restore=0 verdict=ok
pbsprobe/pbs_sweep.sh: line 257: 482356 Killed                  setsid "$BIN_HUB" "${HARGS[@]}" > "$hlog" 2>&1 < /dev/null
pbsprobe/pbs_sweep.sh: line 296: 483607 Killed                  setsid bash -c "exec '$wlbin' --port $port --resume_file '$resume_f' $params $extra" > "$wlog" 2>&1 < /dev/null
[434/2243] S020hub4.perm__db_parse_p50 dump=0 restore=0 verdict=ok
pbsprobe/pbs_sweep.sh: line 257: 483600 Killed                  setsid "$BIN_HUB" "${HARGS[@]}" > "$hlog" 2>&1 < /dev/null
pbsprobe/pbs_sweep.sh: line 296: 484846 Killed                  setsid bash -c "exec '$wlbin' --port $port --resume_file '$resume_f' $params $extra" > "$wlog" 2>&1 < /dev/null
[435/2243] S020hub4.perm__db_parse_p75 dump=0 restore=0 verdict=ok
pbsprobe/pbs_sweep.sh: line 257: 484839 Killed                  setsid "$BIN_HUB" "${HARGS[@]}" > "$hlog" 2>&1 < /dev/null
pbsprobe/pbs_sweep.sh: line 296: 486072 Killed                  setsid bash -c "exec '$wlbin' --port $port --resume_file '$resume_f' $params $extra" > "$wlog" 2>&1 < /dev/null
[436/2243] S020hub4.perm__epg_index dump=0 restore=0 verdict=ok
pbsprobe/pbs_sweep.sh: line 257: 486065 Killed                  setsid "$BIN_HUB" "${HARGS[@]}" > "$hlog" 2>&1 < /dev/null
pbsprobe/pbs_sweep.sh: line 296: 487304 Killed                  setsid bash -c "exec '$wlbin' --port $port --resume_file '$resume_f' $params $extra" > "$wlog" 2>&1 < /dev/null
[437/2243] S020hub4.perm__epg_index_p25 dump=0 restore=0 verdict=ok
pbsprobe/pbs_sweep.sh: line 257: 487297 Killed                  setsid "$BIN_HUB" "${HARGS[@]}" > "$hlog" 2>&1 < /dev/null
pbsprobe/pbs_sweep.sh: line 296: 488528 Killed                  setsid bash -c "exec '$wlbin' --port $port --resume_file '$resume_f' $params $extra" > "$wlog" 2>&1 < /dev/null
[438/2243] S020hub4.perm__epg_index_p50 dump=0 restore=0 verdict=ok
pbsprobe/pbs_sweep.sh: line 257: 488521 Killed                  setsid "$BIN_HUB" "${HARGS[@]}" > "$hlog" 2>&1 < /dev/null
pbsprobe/pbs_sweep.sh: line 296: 489764 Killed                  setsid bash -c "exec '$wlbin' --port $port --resume_file '$resume_f' $params $extra" > "$wlog" 2>&1 < /dev/null
[439/2243] S020hub4.perm__epg_index_p75 dump=0 restore=0 verdict=ok
pbsprobe/pbs_sweep.sh: line 257: 489757 Killed                  setsid "$BIN_HUB" "${HARGS[@]}" > "$hlog" 2>&1 < /dev/null
pbsprobe/pbs_sweep.sh: line 296: 491008 Killed                  setsid bash -c "exec '$wlbin' --port $port --resume_file '$resume_f' $params $extra" > "$wlog" 2>&1 < /dev/null
[440/2243] S020hub4.perm__epg_text dump=0 restore=0 verdict=ok
pbsprobe/pbs_sweep.sh: line 257: 491001 Killed                  setsid "$BIN_HUB" "${HARGS[@]}" > "$hlog" 2>&1 < /dev/null
pbsprobe/pbs_sweep.sh: line 296: 492244 Killed                  setsid bash -c "exec '$wlbin' --port $port --resume_file '$resume_f' $params $extra" > "$wlog" 2>&1 < /dev/null
[441/2243] S020hub4.perm__epg_reserve dump=0 restore=0 verdict=ok
pbsprobe/pbs_sweep.sh: line 257: 492237 Killed                  setsid "$BIN_HUB" "${HARGS[@]}" > "$hlog" 2>&1 < /dev/null
[442/2243] S020hub4.perm__hub_conn1 dump=1 restore=na verdict=dump_fail
pbsprobe/pbs_sweep.sh: line 257: 493467 Killed                  setsid "$BIN_HUB" "${HARGS[@]}" > "$hlog" 2>&1 < /dev/null
pbsprobe/pbs_sweep.sh: line 257: 493474 Killed                  setsid bash -c "exec '$wlbin' --port $port --resume_file '$resume_f' $params $extra" > "$wlog" 2>&1 < /dev/null
[443/2243] S020hub4.perm__hub_conn2 dump=1 restore=na verdict=dump_fail
pbsprobe/pbs_sweep.sh: line 257: 494356 Killed                  setsid "$BIN_HUB" "${HARGS[@]}" > "$hlog" 2>&1 < /dev/null
pbsprobe/pbs_sweep.sh: line 257: 494363 Killed                  setsid bash -c "exec '$wlbin' --port $port --resume_file '$resume_f' $params $extra" > "$wlog" 2>&1 < /dev/null
[444/2243] S020hub4.perm__hub_conn3 dump=1 restore=na verdict=dump_fail
pbsprobe/pbs_sweep.sh: line 257: 495284 Killed                  setsid "$BIN_HUB" "${HARGS[@]}" > "$hlog" 2>&1 < /dev/null
pbsprobe/pbs_sweep.sh: line 257: 495291 Killed                  setsid bash -c "exec '$wlbin' --port $port --resume_file '$resume_f' $params $extra" > "$wlog" 2>&1 < /dev/null
[445/2243] S020hub4.perm__hub_conn4 dump=1 restore=na verdict=dump_fail
pbsprobe/pbs_sweep.sh: line 257: 496291 Killed                  setsid "$BIN_HUB" "${HARGS[@]}" > "$hlog" 2>&1 < /dev/null
pbsprobe/pbs_sweep.sh: line 257: 496298 Killed                  setsid bash -c "exec '$wlbin' --port $port --resume_file '$resume_f' $params $extra" > "$wlog" 2>&1 < /dev/null
[446/2243] S020hub4.perm__hub_subscribed dump=1 restore=na verdict=dump_fail
pbsprobe/pbs_sweep.sh: line 257: 497331 Killed                  setsid "$BIN_HUB" "${HARGS[@]}" > "$hlog" 2>&1 < /dev/null
pbsprobe/pbs_sweep.sh: line 257: 497338 Killed                  setsid bash -c "exec '$wlbin' --port $port --resume_file '$resume_f' $params $extra" > "$wlog" 2>&1 < /dev/null
[447/2243] S020hub4.perm__timer_armed dump=1 restore=na verdict=dump_fail
pbsprobe/pbs_sweep.sh: line 257: 498430 Killed                  setsid "$BIN_HUB" "${HARGS[@]}" > "$hlog" 2>&1 < /dev/null
pbsprobe/pbs_sweep.sh: line 257: 498437 Killed                  setsid bash -c "exec '$wlbin' --port $port --resume_file '$resume_f' $params $extra" > "$wlog" 2>&1 < /dev/null
[448/2243] S020hub4.perm__db_watch dump=1 restore=na verdict=dump_fail
pbsprobe/pbs_sweep.sh: line 257: 499566 Killed                  setsid "$BIN_HUB" "${HARGS[@]}" > "$hlog" 2>&1 < /dev/null
pbsprobe/pbs_sweep.sh: line 257: 499573 Killed                  setsid bash -c "exec '$wlbin' --port $port --resume_file '$resume_f' $params $extra" > "$wlog" 2>&1 < /dev/null
[449/2243] S020hub4.perm__ready dump=1 restore=na verdict=dump_fail
pbsprobe/pbs_sweep.sh: line 257: 500776 Killed                  setsid "$BIN_HUB" "${HARGS[@]}" > "$hlog" 2>&1 < /dev/null
pbsprobe/pbs_sweep.sh: line 257: 500783 Killed                  setsid bash -c "exec '$wlbin' --port $port --resume_file '$resume_f' $params $extra" > "$wlog" 2>&1 < /dev/null
[450/2243] S020hub4.perm__steady dump=1 restore=na verdict=dump_fail
pbsprobe/pbs_sweep.sh: line 257: 502029 Killed                  setsid "$BIN_HUB" "${HARGS[@]}" > "$hlog" 2>&1 < /dev/null
pbsprobe/pbs_sweep.sh: line 257: 502036 Killed                  setsid bash -c "exec '$wlbin' --port $port --resume_file '$resume_f' $params $extra" > "$wlog" 2>&1 < /dev/null
pbsprobe/pbs_sweep.sh: line 296: 503352 Killed                  setsid bash -c "exec '$wlbin' --port $port --resume_file '$resume_f' $params $extra" > "$wlog" 2>&1 < /dev/null
[451/2243] S021hub8.stri__init dump=0 restore=0 verdict=ok
pbsprobe/pbs_sweep.sh: line 257: 503345 Killed                  setsid "$BIN_HUB" "${HARGS[@]}" > "$hlog" 2>&1 < /dev/null
pbsprobe/pbs_sweep.sh: line 296: 504812 Killed                  setsid bash -c "exec '$wlbin' --port $port --resume_file '$resume_f' $params $extra" > "$wlog" 2>&1 < /dev/null
[452/2243] S021hub8.stri__db_open dump=0 restore=0 verdict=ok
pbsprobe/pbs_sweep.sh: line 257: 504805 Killed                  setsid "$BIN_HUB" "${HARGS[@]}" > "$hlog" 2>&1 < /dev/null
pbsprobe/pbs_sweep.sh: line 296: 506260 Killed                  setsid bash -c "exec '$wlbin' --port $port --resume_file '$resume_f' $params $extra" > "$wlog" 2>&1 < /dev/null
[453/2243] S021hub8.stri__db_read dump=0 restore=0 verdict=ok
pbsprobe/pbs_sweep.sh: line 257: 506253 Killed                  setsid "$BIN_HUB" "${HARGS[@]}" > "$hlog" 2>&1 < /dev/null
pbsprobe/pbs_sweep.sh: line 296: 507697 Killed                  setsid bash -c "exec '$wlbin' --port $port --resume_file '$resume_f' $params $extra" > "$wlog" 2>&1 < /dev/null
[454/2243] S021hub8.stri__db_read_p25 dump=0 restore=0 verdict=ok
pbsprobe/pbs_sweep.sh: line 257: 507690 Killed                  setsid "$BIN_HUB" "${HARGS[@]}" > "$hlog" 2>&1 < /dev/null
pbsprobe/pbs_sweep.sh: line 296: 509156 Killed                  setsid bash -c "exec '$wlbin' --port $port --resume_file '$resume_f' $params $extra" > "$wlog" 2>&1 < /dev/null
[455/2243] S021hub8.stri__db_read_p50 dump=0 restore=0 verdict=ok
pbsprobe/pbs_sweep.sh: line 257: 509149 Killed                  setsid "$BIN_HUB" "${HARGS[@]}" > "$hlog" 2>&1 < /dev/null
pbsprobe/pbs_sweep.sh: line 296: 510608 Killed                  setsid bash -c "exec '$wlbin' --port $port --resume_file '$resume_f' $params $extra" > "$wlog" 2>&1 < /dev/null
[456/2243] S021hub8.stri__db_read_p75 dump=0 restore=0 verdict=ok
pbsprobe/pbs_sweep.sh: line 257: 510601 Killed                  setsid "$BIN_HUB" "${HARGS[@]}" > "$hlog" 2>&1 < /dev/null
pbsprobe/pbs_sweep.sh: line 296: 512048 Killed                  setsid bash -c "exec '$wlbin' --port $port --resume_file '$resume_f' $params $extra" > "$wlog" 2>&1 < /dev/null
[457/2243] S021hub8.stri__db_parse dump=0 restore=0 verdict=ok
pbsprobe/pbs_sweep.sh: line 257: 512041 Killed                  setsid "$BIN_HUB" "${HARGS[@]}" > "$hlog" 2>&1 < /dev/null
pbsprobe/pbs_sweep.sh: line 296: 513496 Killed                  setsid bash -c "exec '$wlbin' --port $port --resume_file '$resume_f' $params $extra" > "$wlog" 2>&1 < /dev/null
[458/2243] S021hub8.stri__db_parse_p25 dump=0 restore=0 verdict=ok
pbsprobe/pbs_sweep.sh: line 257: 513489 Killed                  setsid "$BIN_HUB" "${HARGS[@]}" > "$hlog" 2>&1 < /dev/null
pbsprobe/pbs_sweep.sh: line 296: 514932 Killed                  setsid bash -c "exec '$wlbin' --port $port --resume_file '$resume_f' $params $extra" > "$wlog" 2>&1 < /dev/null
[459/2243] S021hub8.stri__db_parse_p50 dump=0 restore=0 verdict=ok
pbsprobe/pbs_sweep.sh: line 257: 514925 Killed                  setsid "$BIN_HUB" "${HARGS[@]}" > "$hlog" 2>&1 < /dev/null
pbsprobe/pbs_sweep.sh: line 296: 516376 Killed                  setsid bash -c "exec '$wlbin' --port $port --resume_file '$resume_f' $params $extra" > "$wlog" 2>&1 < /dev/null
[460/2243] S021hub8.stri__db_parse_p75 dump=0 restore=0 verdict=ok
pbsprobe/pbs_sweep.sh: line 257: 516369 Killed                  setsid "$BIN_HUB" "${HARGS[@]}" > "$hlog" 2>&1 < /dev/null
pbsprobe/pbs_sweep.sh: line 296: 517823 Killed                  setsid bash -c "exec '$wlbin' --port $port --resume_file '$resume_f' $params $extra" > "$wlog" 2>&1 < /dev/null
[461/2243] S021hub8.stri__epg_index dump=0 restore=0 verdict=ok
pbsprobe/pbs_sweep.sh: line 257: 517816 Killed                  setsid "$BIN_HUB" "${HARGS[@]}" > "$hlog" 2>&1 < /dev/null
pbsprobe/pbs_sweep.sh: line 296: 519278 Killed                  setsid bash -c "exec '$wlbin' --port $port --resume_file '$resume_f' $params $extra" > "$wlog" 2>&1 < /dev/null
[462/2243] S021hub8.stri__epg_index_p25 dump=0 restore=0 verdict=ok
pbsprobe/pbs_sweep.sh: line 257: 519268 Killed                  setsid "$BIN_HUB" "${HARGS[@]}" > "$hlog" 2>&1 < /dev/null
pbsprobe/pbs_sweep.sh: line 296: 520737 Killed                  setsid bash -c "exec '$wlbin' --port $port --resume_file '$resume_f' $params $extra" > "$wlog" 2>&1 < /dev/null
[463/2243] S021hub8.stri__epg_index_p50 dump=0 restore=0 verdict=ok
pbsprobe/pbs_sweep.sh: line 257: 520730 Killed                  setsid "$BIN_HUB" "${HARGS[@]}" > "$hlog" 2>&1 < /dev/null
pbsprobe/pbs_sweep.sh: line 296: 522182 Killed                  setsid bash -c "exec '$wlbin' --port $port --resume_file '$resume_f' $params $extra" > "$wlog" 2>&1 < /dev/null
[464/2243] S021hub8.stri__epg_index_p75 dump=0 restore=0 verdict=ok
pbsprobe/pbs_sweep.sh: line 257: 522175 Killed                  setsid "$BIN_HUB" "${HARGS[@]}" > "$hlog" 2>&1 < /dev/null
pbsprobe/pbs_sweep.sh: line 296: 523630 Killed                  setsid bash -c "exec '$wlbin' --port $port --resume_file '$resume_f' $params $extra" > "$wlog" 2>&1 < /dev/null
[465/2243] S021hub8.stri__epg_text dump=0 restore=0 verdict=ok
pbsprobe/pbs_sweep.sh: line 257: 523623 Killed                  setsid "$BIN_HUB" "${HARGS[@]}" > "$hlog" 2>&1 < /dev/null
pbsprobe/pbs_sweep.sh: line 296: 525085 Killed                  setsid bash -c "exec '$wlbin' --port $port --resume_file '$resume_f' $params $extra" > "$wlog" 2>&1 < /dev/null
[466/2243] S021hub8.stri__epg_reserve dump=0 restore=0 verdict=ok
pbsprobe/pbs_sweep.sh: line 257: 525078 Killed                  setsid "$BIN_HUB" "${HARGS[@]}" > "$hlog" 2>&1 < /dev/null
[467/2243] S021hub8.stri__hub_conn1 dump=1 restore=na verdict=dump_fail
pbsprobe/pbs_sweep.sh: line 257: 526526 Killed                  setsid "$BIN_HUB" "${HARGS[@]}" > "$hlog" 2>&1 < /dev/null
pbsprobe/pbs_sweep.sh: line 257: 526533 Killed                  setsid bash -c "exec '$wlbin' --port $port --resume_file '$resume_f' $params $extra" > "$wlog" 2>&1 < /dev/null
[468/2243] S021hub8.stri__hub_conn2 dump=1 restore=na verdict=dump_fail
pbsprobe/pbs_sweep.sh: line 257: 527410 Killed                  setsid "$BIN_HUB" "${HARGS[@]}" > "$hlog" 2>&1 < /dev/null
pbsprobe/pbs_sweep.sh: line 257: 527417 Killed                  setsid bash -c "exec '$wlbin' --port $port --resume_file '$resume_f' $params $extra" > "$wlog" 2>&1 < /dev/null
[469/2243] S021hub8.stri__hub_conn3 dump=1 restore=na verdict=dump_fail
pbsprobe/pbs_sweep.sh: line 257: 528365 Killed                  setsid "$BIN_HUB" "${HARGS[@]}" > "$hlog" 2>&1 < /dev/null
pbsprobe/pbs_sweep.sh: line 257: 528372 Killed                  setsid bash -c "exec '$wlbin' --port $port --resume_file '$resume_f' $params $extra" > "$wlog" 2>&1 < /dev/null
[470/2243] S021hub8.stri__hub_conn4 dump=1 restore=na verdict=dump_fail
pbsprobe/pbs_sweep.sh: line 257: 529361 Killed                  setsid "$BIN_HUB" "${HARGS[@]}" > "$hlog" 2>&1 < /dev/null
pbsprobe/pbs_sweep.sh: line 257: 529368 Killed                  setsid bash -c "exec '$wlbin' --port $port --resume_file '$resume_f' $params $extra" > "$wlog" 2>&1 < /dev/null
[471/2243] S021hub8.stri__hub_subscribed dump=1 restore=na verdict=dump_fail
pbsprobe/pbs_sweep.sh: line 257: 530409 Killed                  setsid "$BIN_HUB" "${HARGS[@]}" > "$hlog" 2>&1 < /dev/null
pbsprobe/pbs_sweep.sh: line 257: 530416 Killed                  setsid bash -c "exec '$wlbin' --port $port --resume_file '$resume_f' $params $extra" > "$wlog" 2>&1 < /dev/null
[472/2243] S021hub8.stri__timer_armed dump=1 restore=na verdict=dump_fail
pbsprobe/pbs_sweep.sh: line 257: 531709 Killed                  setsid "$BIN_HUB" "${HARGS[@]}" > "$hlog" 2>&1 < /dev/null
pbsprobe/pbs_sweep.sh: line 257: 531716 Killed                  setsid bash -c "exec '$wlbin' --port $port --resume_file '$resume_f' $params $extra" > "$wlog" 2>&1 < /dev/null
[473/2243] S021hub8.stri__db_watch dump=1 restore=na verdict=dump_fail
pbsprobe/pbs_sweep.sh: line 257: 533056 Killed                  setsid "$BIN_HUB" "${HARGS[@]}" > "$hlog" 2>&1 < /dev/null
pbsprobe/pbs_sweep.sh: line 257: 533063 Killed                  setsid bash -c "exec '$wlbin' --port $port --resume_file '$resume_f' $params $extra" > "$wlog" 2>&1 < /dev/null
[474/2243] S021hub8.stri__ready dump=1 restore=na verdict=dump_fail
pbsprobe/pbs_sweep.sh: line 257: 534471 Killed                  setsid "$BIN_HUB" "${HARGS[@]}" > "$hlog" 2>&1 < /dev/null
pbsprobe/pbs_sweep.sh: line 257: 534478 Killed                  setsid bash -c "exec '$wlbin' --port $port --resume_file '$resume_f' $params $extra" > "$wlog" 2>&1 < /dev/null
[475/2243] S021hub8.stri__steady dump=1 restore=na verdict=dump_fail
pbsprobe/pbs_sweep.sh: line 257: 535935 Killed                  setsid "$BIN_HUB" "${HARGS[@]}" > "$hlog" 2>&1 < /dev/null
pbsprobe/pbs_sweep.sh: line 257: 535942 Killed                  setsid bash -c "exec '$wlbin' --port $port --resume_file '$resume_f' $params $extra" > "$wlog" 2>&1 < /dev/null
pbsprobe/pbs_sweep.sh: line 296: 537462 Killed                  setsid bash -c "exec '$wlbin' --port $port --resume_file '$resume_f' $params $extra" > "$wlog" 2>&1 < /dev/null
[476/2243] S022hub8.ext___init dump=0 restore=0 verdict=ok
pbsprobe/pbs_sweep.sh: line 257: 537455 Killed                  setsid "$BIN_HUB" "${HARGS[@]}" > "$hlog" 2>&1 < /dev/null
pbsprobe/pbs_sweep.sh: line 296: 538918 Killed                  setsid bash -c "exec '$wlbin' --port $port --resume_file '$resume_f' $params $extra" > "$wlog" 2>&1 < /dev/null
[477/2243] S022hub8.ext___db_open dump=0 restore=0 verdict=ok
pbsprobe/pbs_sweep.sh: line 257: 538911 Killed                  setsid "$BIN_HUB" "${HARGS[@]}" > "$hlog" 2>&1 < /dev/null
pbsprobe/pbs_sweep.sh: line 296: 540365 Killed                  setsid bash -c "exec '$wlbin' --port $port --resume_file '$resume_f' $params $extra" > "$wlog" 2>&1 < /dev/null
[478/2243] S022hub8.ext___db_read dump=0 restore=0 verdict=ok
pbsprobe/pbs_sweep.sh: line 257: 540358 Killed                  setsid "$BIN_HUB" "${HARGS[@]}" > "$hlog" 2>&1 < /dev/null
pbsprobe/pbs_sweep.sh: line 296: 541797 Killed                  setsid bash -c "exec '$wlbin' --port $port --resume_file '$resume_f' $params $extra" > "$wlog" 2>&1 < /dev/null
[479/2243] S022hub8.ext___db_read_p25 dump=0 restore=0 verdict=ok
pbsprobe/pbs_sweep.sh: line 257: 541790 Killed                  setsid "$BIN_HUB" "${HARGS[@]}" > "$hlog" 2>&1 < /dev/null
pbsprobe/pbs_sweep.sh: line 296: 543237 Killed                  setsid bash -c "exec '$wlbin' --port $port --resume_file '$resume_f' $params $extra" > "$wlog" 2>&1 < /dev/null
[480/2243] S022hub8.ext___db_read_p50 dump=0 restore=0 verdict=ok
pbsprobe/pbs_sweep.sh: line 257: 543230 Killed                  setsid "$BIN_HUB" "${HARGS[@]}" > "$hlog" 2>&1 < /dev/null
pbsprobe/pbs_sweep.sh: line 296: 544681 Killed                  setsid bash -c "exec '$wlbin' --port $port --resume_file '$resume_f' $params $extra" > "$wlog" 2>&1 < /dev/null
[481/2243] S022hub8.ext___db_read_p75 dump=0 restore=0 verdict=ok
pbsprobe/pbs_sweep.sh: line 257: 544674 Killed                  setsid "$BIN_HUB" "${HARGS[@]}" > "$hlog" 2>&1 < /dev/null
pbsprobe/pbs_sweep.sh: line 296: 546133 Killed                  setsid bash -c "exec '$wlbin' --port $port --resume_file '$resume_f' $params $extra" > "$wlog" 2>&1 < /dev/null
[482/2243] S022hub8.ext___db_parse dump=0 restore=0 verdict=ok
pbsprobe/pbs_sweep.sh: line 257: 546126 Killed                  setsid "$BIN_HUB" "${HARGS[@]}" > "$hlog" 2>&1 < /dev/null
pbsprobe/pbs_sweep.sh: line 296: 547577 Killed                  setsid bash -c "exec '$wlbin' --port $port --resume_file '$resume_f' $params $extra" > "$wlog" 2>&1 < /dev/null
[483/2243] S022hub8.ext___db_parse_p25 dump=0 restore=0 verdict=ok
pbsprobe/pbs_sweep.sh: line 257: 547570 Killed                  setsid "$BIN_HUB" "${HARGS[@]}" > "$hlog" 2>&1 < /dev/null
pbsprobe/pbs_sweep.sh: line 296: 549036 Killed                  setsid bash -c "exec '$wlbin' --port $port --resume_file '$resume_f' $params $extra" > "$wlog" 2>&1 < /dev/null
[484/2243] S022hub8.ext___db_parse_p50 dump=0 restore=0 verdict=ok
pbsprobe/pbs_sweep.sh: line 257: 549029 Killed                  setsid "$BIN_HUB" "${HARGS[@]}" > "$hlog" 2>&1 < /dev/null
pbsprobe/pbs_sweep.sh: line 296: 550488 Killed                  setsid bash -c "exec '$wlbin' --port $port --resume_file '$resume_f' $params $extra" > "$wlog" 2>&1 < /dev/null
[485/2243] S022hub8.ext___db_parse_p75 dump=0 restore=0 verdict=ok
pbsprobe/pbs_sweep.sh: line 257: 550481 Killed                  setsid "$BIN_HUB" "${HARGS[@]}" > "$hlog" 2>&1 < /dev/null
pbsprobe/pbs_sweep.sh: line 296: 551924 Killed                  setsid bash -c "exec '$wlbin' --port $port --resume_file '$resume_f' $params $extra" > "$wlog" 2>&1 < /dev/null
[486/2243] S022hub8.ext___epg_index dump=0 restore=0 verdict=ok
pbsprobe/pbs_sweep.sh: line 257: 551917 Killed                  setsid "$BIN_HUB" "${HARGS[@]}" > "$hlog" 2>&1 < /dev/null
pbsprobe/pbs_sweep.sh: line 296: 553390 Killed                  setsid bash -c "exec '$wlbin' --port $port --resume_file '$resume_f' $params $extra" > "$wlog" 2>&1 < /dev/null
[487/2243] S022hub8.ext___epg_index_p25 dump=0 restore=0 verdict=ok
pbsprobe/pbs_sweep.sh: line 257: 553380 Killed                  setsid "$BIN_HUB" "${HARGS[@]}" > "$hlog" 2>&1 < /dev/null
pbsprobe/pbs_sweep.sh: line 296: 554842 Killed                  setsid bash -c "exec '$wlbin' --port $port --resume_file '$resume_f' $params $extra" > "$wlog" 2>&1 < /dev/null
[488/2243] S022hub8.ext___epg_index_p50 dump=0 restore=0 verdict=ok
pbsprobe/pbs_sweep.sh: line 257: 554835 Killed                  setsid "$BIN_HUB" "${HARGS[@]}" > "$hlog" 2>&1 < /dev/null
pbsprobe/pbs_sweep.sh: line 296: 556295 Killed                  setsid bash -c "exec '$wlbin' --port $port --resume_file '$resume_f' $params $extra" > "$wlog" 2>&1 < /dev/null
[489/2243] S022hub8.ext___epg_index_p75 dump=0 restore=0 verdict=ok
pbsprobe/pbs_sweep.sh: line 257: 556288 Killed                  setsid "$BIN_HUB" "${HARGS[@]}" > "$hlog" 2>&1 < /dev/null
pbsprobe/pbs_sweep.sh: line 296: 557735 Killed                  setsid bash -c "exec '$wlbin' --port $port --resume_file '$resume_f' $params $extra" > "$wlog" 2>&1 < /dev/null
[490/2243] S022hub8.ext___epg_text dump=0 restore=0 verdict=ok
pbsprobe/pbs_sweep.sh: line 257: 557728 Killed                  setsid "$BIN_HUB" "${HARGS[@]}" > "$hlog" 2>&1 < /dev/null
pbsprobe/pbs_sweep.sh: line 296: 559175 Killed                  setsid bash -c "exec '$wlbin' --port $port --resume_file '$resume_f' $params $extra" > "$wlog" 2>&1 < /dev/null
[491/2243] S022hub8.ext___epg_reserve dump=0 restore=0 verdict=ok
pbsprobe/pbs_sweep.sh: line 257: 559168 Killed                  setsid "$BIN_HUB" "${HARGS[@]}" > "$hlog" 2>&1 < /dev/null
[492/2243] S022hub8.ext___hub_conn1 dump=1 restore=na verdict=dump_fail
pbsprobe/pbs_sweep.sh: line 257: 560604 Killed                  setsid "$BIN_HUB" "${HARGS[@]}" > "$hlog" 2>&1 < /dev/null
pbsprobe/pbs_sweep.sh: line 257: 560611 Killed                  setsid bash -c "exec '$wlbin' --port $port --resume_file '$resume_f' $params $extra" > "$wlog" 2>&1 < /dev/null
[493/2243] S022hub8.ext___hub_conn2 dump=1 restore=na verdict=dump_fail
pbsprobe/pbs_sweep.sh: line 257: 561496 Killed                  setsid "$BIN_HUB" "${HARGS[@]}" > "$hlog" 2>&1 < /dev/null
pbsprobe/pbs_sweep.sh: line 257: 561503 Killed                  setsid bash -c "exec '$wlbin' --port $port --resume_file '$resume_f' $params $extra" > "$wlog" 2>&1 < /dev/null
[494/2243] S022hub8.ext___hub_conn3 dump=1 restore=na verdict=dump_fail
pbsprobe/pbs_sweep.sh: line 257: 562443 Killed                  setsid "$BIN_HUB" "${HARGS[@]}" > "$hlog" 2>&1 < /dev/null
pbsprobe/pbs_sweep.sh: line 257: 562450 Killed                  setsid bash -c "exec '$wlbin' --port $port --resume_file '$resume_f' $params $extra" > "$wlog" 2>&1 < /dev/null
[495/2243] S022hub8.ext___hub_conn4 dump=1 restore=na verdict=dump_fail
pbsprobe/pbs_sweep.sh: line 257: 563435 Killed                  setsid "$BIN_HUB" "${HARGS[@]}" > "$hlog" 2>&1 < /dev/null
pbsprobe/pbs_sweep.sh: line 257: 563442 Killed                  setsid bash -c "exec '$wlbin' --port $port --resume_file '$resume_f' $params $extra" > "$wlog" 2>&1 < /dev/null
[496/2243] S022hub8.ext___hub_subscribed dump=1 restore=na verdict=dump_fail
pbsprobe/pbs_sweep.sh: line 257: 564470 Killed                  setsid "$BIN_HUB" "${HARGS[@]}" > "$hlog" 2>&1 < /dev/null
pbsprobe/pbs_sweep.sh: line 257: 564477 Killed                  setsid bash -c "exec '$wlbin' --port $port --resume_file '$resume_f' $params $extra" > "$wlog" 2>&1 < /dev/null
[497/2243] S022hub8.ext___timer_armed dump=1 restore=na verdict=dump_fail
pbsprobe/pbs_sweep.sh: line 257: 565781 Killed                  setsid "$BIN_HUB" "${HARGS[@]}" > "$hlog" 2>&1 < /dev/null
pbsprobe/pbs_sweep.sh: line 257: 565788 Killed                  setsid bash -c "exec '$wlbin' --port $port --resume_file '$resume_f' $params $extra" > "$wlog" 2>&1 < /dev/null
[498/2243] S022hub8.ext___db_watch dump=1 restore=na verdict=dump_fail
pbsprobe/pbs_sweep.sh: line 257: 567144 Killed                  setsid "$BIN_HUB" "${HARGS[@]}" > "$hlog" 2>&1 < /dev/null
pbsprobe/pbs_sweep.sh: line 257: 567151 Killed                  setsid bash -c "exec '$wlbin' --port $port --resume_file '$resume_f' $params $extra" > "$wlog" 2>&1 < /dev/null
[499/2243] S022hub8.ext___ready dump=1 restore=na verdict=dump_fail
pbsprobe/pbs_sweep.sh: line 257: 568563 Killed                  setsid "$BIN_HUB" "${HARGS[@]}" > "$hlog" 2>&1 < /dev/null
pbsprobe/pbs_sweep.sh: line 257: 568570 Killed                  setsid bash -c "exec '$wlbin' --port $port --resume_file '$resume_f' $params $extra" > "$wlog" 2>&1 < /dev/null
[500/2243] S022hub8.ext___steady dump=1 restore=na verdict=dump_fail
pbsprobe/pbs_sweep.sh: line 257: 570027 Killed                  setsid "$BIN_HUB" "${HARGS[@]}" > "$hlog" 2>&1 < /dev/null
pbsprobe/pbs_sweep.sh: line 257: 570034 Killed                  setsid bash -c "exec '$wlbin' --port $port --resume_file '$resume_f' $params $extra" > "$wlog" 2>&1 < /dev/null
pbsprobe/pbs_sweep.sh: line 296: 571544 Killed                  setsid bash -c "exec '$wlbin' --port $port --resume_file '$resume_f' $params $extra" > "$wlog" 2>&1 < /dev/null
[501/2243] S023hub8.tcp___init dump=0 restore=0 verdict=ok
pbsprobe/pbs_sweep.sh: line 257: 571537 Killed                  setsid "$BIN_HUB" "${HARGS[@]}" > "$hlog" 2>&1 < /dev/null
pbsprobe/pbs_sweep.sh: line 296: 572989 Killed                  setsid bash -c "exec '$wlbin' --port $port --resume_file '$resume_f' $params $extra" > "$wlog" 2>&1 < /dev/null
[502/2243] S023hub8.tcp___db_open dump=0 restore=0 verdict=ok
pbsprobe/pbs_sweep.sh: line 257: 572982 Killed                  setsid "$BIN_HUB" "${HARGS[@]}" > "$hlog" 2>&1 < /dev/null
pbsprobe/pbs_sweep.sh: line 296: 574425 Killed                  setsid bash -c "exec '$wlbin' --port $port --resume_file '$resume_f' $params $extra" > "$wlog" 2>&1 < /dev/null
[503/2243] S023hub8.tcp___db_read dump=0 restore=0 verdict=ok
pbsprobe/pbs_sweep.sh: line 257: 574418 Killed                  setsid "$BIN_HUB" "${HARGS[@]}" > "$hlog" 2>&1 < /dev/null
pbsprobe/pbs_sweep.sh: line 296: 575865 Killed                  setsid bash -c "exec '$wlbin' --port $port --resume_file '$resume_f' $params $extra" > "$wlog" 2>&1 < /dev/null
[504/2243] S023hub8.tcp___db_read_p25 dump=0 restore=0 verdict=ok
pbsprobe/pbs_sweep.sh: line 257: 575858 Killed                  setsid "$BIN_HUB" "${HARGS[@]}" > "$hlog" 2>&1 < /dev/null
pbsprobe/pbs_sweep.sh: line 296: 577301 Killed                  setsid bash -c "exec '$wlbin' --port $port --resume_file '$resume_f' $params $extra" > "$wlog" 2>&1 < /dev/null
[505/2243] S023hub8.tcp___db_read_p50 dump=0 restore=0 verdict=ok
pbsprobe/pbs_sweep.sh: line 257: 577294 Killed                  setsid "$BIN_HUB" "${HARGS[@]}" > "$hlog" 2>&1 < /dev/null
pbsprobe/pbs_sweep.sh: line 296: 578733 Killed                  setsid bash -c "exec '$wlbin' --port $port --resume_file '$resume_f' $params $extra" > "$wlog" 2>&1 < /dev/null
[506/2243] S023hub8.tcp___db_read_p75 dump=0 restore=0 verdict=ok
pbsprobe/pbs_sweep.sh: line 257: 578726 Killed                  setsid "$BIN_HUB" "${HARGS[@]}" > "$hlog" 2>&1 < /dev/null
pbsprobe/pbs_sweep.sh: line 296: 580173 Killed                  setsid bash -c "exec '$wlbin' --port $port --resume_file '$resume_f' $params $extra" > "$wlog" 2>&1 < /dev/null
[507/2243] S023hub8.tcp___db_parse dump=0 restore=0 verdict=ok
pbsprobe/pbs_sweep.sh: line 257: 580166 Killed                  setsid "$BIN_HUB" "${HARGS[@]}" > "$hlog" 2>&1 < /dev/null
pbsprobe/pbs_sweep.sh: line 296: 581617 Killed                  setsid bash -c "exec '$wlbin' --port $port --resume_file '$resume_f' $params $extra" > "$wlog" 2>&1 < /dev/null
[508/2243] S023hub8.tcp___db_parse_p25 dump=0 restore=0 verdict=ok
pbsprobe/pbs_sweep.sh: line 257: 581610 Killed                  setsid "$BIN_HUB" "${HARGS[@]}" > "$hlog" 2>&1 < /dev/null
pbsprobe/pbs_sweep.sh: line 296: 583061 Killed                  setsid bash -c "exec '$wlbin' --port $port --resume_file '$resume_f' $params $extra" > "$wlog" 2>&1 < /dev/null
[509/2243] S023hub8.tcp___db_parse_p50 dump=0 restore=0 verdict=ok
pbsprobe/pbs_sweep.sh: line 257: 583054 Killed                  setsid "$BIN_HUB" "${HARGS[@]}" > "$hlog" 2>&1 < /dev/null
pbsprobe/pbs_sweep.sh: line 296: 584497 Killed                  setsid bash -c "exec '$wlbin' --port $port --resume_file '$resume_f' $params $extra" > "$wlog" 2>&1 < /dev/null
[510/2243] S023hub8.tcp___db_parse_p75 dump=0 restore=0 verdict=ok
pbsprobe/pbs_sweep.sh: line 257: 584490 Killed                  setsid "$BIN_HUB" "${HARGS[@]}" > "$hlog" 2>&1 < /dev/null
pbsprobe/pbs_sweep.sh: line 296: 585945 Killed                  setsid bash -c "exec '$wlbin' --port $port --resume_file '$resume_f' $params $extra" > "$wlog" 2>&1 < /dev/null
[511/2243] S023hub8.tcp___epg_index dump=0 restore=0 verdict=ok
pbsprobe/pbs_sweep.sh: line 257: 585938 Killed                  setsid "$BIN_HUB" "${HARGS[@]}" > "$hlog" 2>&1 < /dev/null
pbsprobe/pbs_sweep.sh: line 296: 587394 Killed                  setsid bash -c "exec '$wlbin' --port $port --resume_file '$resume_f' $params $extra" > "$wlog" 2>&1 < /dev/null
[512/2243] S023hub8.tcp___epg_index_p25 dump=0 restore=0 verdict=ok
pbsprobe/pbs_sweep.sh: line 257: 587382 Killed                  setsid "$BIN_HUB" "${HARGS[@]}" > "$hlog" 2>&1 < /dev/null
pbsprobe/pbs_sweep.sh: line 296: 588838 Killed                  setsid bash -c "exec '$wlbin' --port $port --resume_file '$resume_f' $params $extra" > "$wlog" 2>&1 < /dev/null
[513/2243] S023hub8.tcp___epg_index_p50 dump=0 restore=0 verdict=ok
pbsprobe/pbs_sweep.sh: line 257: 588831 Killed                  setsid "$BIN_HUB" "${HARGS[@]}" > "$hlog" 2>&1 < /dev/null
pbsprobe/pbs_sweep.sh: line 296: 590291 Killed                  setsid bash -c "exec '$wlbin' --port $port --resume_file '$resume_f' $params $extra" > "$wlog" 2>&1 < /dev/null
[514/2243] S023hub8.tcp___epg_index_p75 dump=0 restore=0 verdict=ok
pbsprobe/pbs_sweep.sh: line 257: 590284 Killed                  setsid "$BIN_HUB" "${HARGS[@]}" > "$hlog" 2>&1 < /dev/null
pbsprobe/pbs_sweep.sh: line 296: 591739 Killed                  setsid bash -c "exec '$wlbin' --port $port --resume_file '$resume_f' $params $extra" > "$wlog" 2>&1 < /dev/null
[515/2243] S023hub8.tcp___epg_text dump=0 restore=0 verdict=ok
pbsprobe/pbs_sweep.sh: line 257: 591732 Killed                  setsid "$BIN_HUB" "${HARGS[@]}" > "$hlog" 2>&1 < /dev/null
pbsprobe/pbs_sweep.sh: line 296: 593199 Killed                  setsid bash -c "exec '$wlbin' --port $port --resume_file '$resume_f' $params $extra" > "$wlog" 2>&1 < /dev/null
[516/2243] S023hub8.tcp___epg_reserve dump=0 restore=0 verdict=ok
pbsprobe/pbs_sweep.sh: line 257: 593192 Killed                  setsid "$BIN_HUB" "${HARGS[@]}" > "$hlog" 2>&1 < /dev/null
[517/2243] S023hub8.tcp___hub_conn1 dump=1 restore=na verdict=dump_fail
pbsprobe/pbs_sweep.sh: line 257: 594636 Killed                  setsid "$BIN_HUB" "${HARGS[@]}" > "$hlog" 2>&1 < /dev/null
pbsprobe/pbs_sweep.sh: line 257: 594643 Killed                  setsid bash -c "exec '$wlbin' --port $port --resume_file '$resume_f' $params $extra" > "$wlog" 2>&1 < /dev/null
[518/2243] S023hub8.tcp___hub_conn2 dump=1 restore=na verdict=dump_fail
pbsprobe/pbs_sweep.sh: line 257: 595530 Killed                  setsid "$BIN_HUB" "${HARGS[@]}" > "$hlog" 2>&1 < /dev/null
pbsprobe/pbs_sweep.sh: line 257: 595537 Killed                  setsid bash -c "exec '$wlbin' --port $port --resume_file '$resume_f' $params $extra" > "$wlog" 2>&1 < /dev/null
[519/2243] S023hub8.tcp___hub_conn3 dump=1 restore=na verdict=dump_fail
pbsprobe/pbs_sweep.sh: line 257: 596478 Killed                  setsid "$BIN_HUB" "${HARGS[@]}" > "$hlog" 2>&1 < /dev/null
pbsprobe/pbs_sweep.sh: line 257: 596485 Killed                  setsid bash -c "exec '$wlbin' --port $port --resume_file '$resume_f' $params $extra" > "$wlog" 2>&1 < /dev/null
[520/2243] S023hub8.tcp___hub_conn4 dump=1 restore=na verdict=dump_fail
pbsprobe/pbs_sweep.sh: line 257: 597462 Killed                  setsid "$BIN_HUB" "${HARGS[@]}" > "$hlog" 2>&1 < /dev/null
pbsprobe/pbs_sweep.sh: line 257: 597469 Killed                  setsid bash -c "exec '$wlbin' --port $port --resume_file '$resume_f' $params $extra" > "$wlog" 2>&1 < /dev/null
[521/2243] S023hub8.tcp___hub_subscribed dump=1 restore=na verdict=dump_fail
pbsprobe/pbs_sweep.sh: line 257: 598513 Killed                  setsid "$BIN_HUB" "${HARGS[@]}" > "$hlog" 2>&1 < /dev/null
pbsprobe/pbs_sweep.sh: line 257: 598520 Killed                  setsid bash -c "exec '$wlbin' --port $port --resume_file '$resume_f' $params $extra" > "$wlog" 2>&1 < /dev/null
[522/2243] S023hub8.tcp___timer_armed dump=1 restore=na verdict=dump_fail
pbsprobe/pbs_sweep.sh: line 257: 599809 Killed                  setsid "$BIN_HUB" "${HARGS[@]}" > "$hlog" 2>&1 < /dev/null
pbsprobe/pbs_sweep.sh: line 257: 599816 Killed                  setsid bash -c "exec '$wlbin' --port $port --resume_file '$resume_f' $params $extra" > "$wlog" 2>&1 < /dev/null
[523/2243] S023hub8.tcp___db_watch dump=1 restore=na verdict=dump_fail
pbsprobe/pbs_sweep.sh: line 257: 601180 Killed                  setsid "$BIN_HUB" "${HARGS[@]}" > "$hlog" 2>&1 < /dev/null
pbsprobe/pbs_sweep.sh: line 257: 601187 Killed                  setsid bash -c "exec '$wlbin' --port $port --resume_file '$resume_f' $params $extra" > "$wlog" 2>&1 < /dev/null
[524/2243] S023hub8.tcp___ready dump=1 restore=na verdict=dump_fail
pbsprobe/pbs_sweep.sh: line 257: 602599 Killed                  setsid "$BIN_HUB" "${HARGS[@]}" > "$hlog" 2>&1 < /dev/null
pbsprobe/pbs_sweep.sh: line 257: 602606 Killed                  setsid bash -c "exec '$wlbin' --port $port --resume_file '$resume_f' $params $extra" > "$wlog" 2>&1 < /dev/null
[525/2243] S023hub8.tcp___steady dump=1 restore=na verdict=dump_fail
pbsprobe/pbs_sweep.sh: line 257: 604075 Killed                  setsid "$BIN_HUB" "${HARGS[@]}" > "$hlog" 2>&1 < /dev/null
pbsprobe/pbs_sweep.sh: line 257: 604082 Killed                  setsid bash -c "exec '$wlbin' --port $port --resume_file '$resume_f' $params $extra" > "$wlog" 2>&1 < /dev/null
pbsprobe/pbs_sweep.sh: line 296: 605622 Killed                  setsid bash -c "exec '$wlbin' --port $port --resume_file '$resume_f' $params $extra" > "$wlog" 2>&1 < /dev/null
[526/2243] S024hub8.file__init dump=0 restore=0 verdict=ok
pbsprobe/pbs_sweep.sh: line 257: 605615 Killed                  setsid "$BIN_HUB" "${HARGS[@]}" > "$hlog" 2>&1 < /dev/null
pbsprobe/pbs_sweep.sh: line 296: 607078 Killed                  setsid bash -c "exec '$wlbin' --port $port --resume_file '$resume_f' $params $extra" > "$wlog" 2>&1 < /dev/null
[527/2243] S024hub8.file__db_open dump=0 restore=0 verdict=ok
pbsprobe/pbs_sweep.sh: line 257: 607071 Killed                  setsid "$BIN_HUB" "${HARGS[@]}" > "$hlog" 2>&1 < /dev/null
pbsprobe/pbs_sweep.sh: line 296: 608534 Killed                  setsid bash -c "exec '$wlbin' --port $port --resume_file '$resume_f' $params $extra" > "$wlog" 2>&1 < /dev/null
[528/2243] S024hub8.file__db_read dump=0 restore=0 verdict=ok
pbsprobe/pbs_sweep.sh: line 257: 608527 Killed                  setsid "$BIN_HUB" "${HARGS[@]}" > "$hlog" 2>&1 < /dev/null
pbsprobe/pbs_sweep.sh: line 296: 609994 Killed                  setsid bash -c "exec '$wlbin' --port $port --resume_file '$resume_f' $params $extra" > "$wlog" 2>&1 < /dev/null
[529/2243] S024hub8.file__db_read_p25 dump=0 restore=0 verdict=ok
pbsprobe/pbs_sweep.sh: line 257: 609987 Killed                  setsid "$BIN_HUB" "${HARGS[@]}" > "$hlog" 2>&1 < /dev/null
pbsprobe/pbs_sweep.sh: line 296: 611448 Killed                  setsid bash -c "exec '$wlbin' --port $port --resume_file '$resume_f' $params $extra" > "$wlog" 2>&1 < /dev/null
[530/2243] S024hub8.file__db_read_p50 dump=0 restore=0 verdict=ok
pbsprobe/pbs_sweep.sh: line 257: 611441 Killed                  setsid "$BIN_HUB" "${HARGS[@]}" > "$hlog" 2>&1 < /dev/null
pbsprobe/pbs_sweep.sh: line 296: 612913 Killed                  setsid bash -c "exec '$wlbin' --port $port --resume_file '$resume_f' $params $extra" > "$wlog" 2>&1 < /dev/null
[531/2243] S024hub8.file__db_read_p75 dump=0 restore=0 verdict=ok
pbsprobe/pbs_sweep.sh: line 257: 612906 Killed                  setsid "$BIN_HUB" "${HARGS[@]}" > "$hlog" 2>&1 < /dev/null
pbsprobe/pbs_sweep.sh: line 296: 614357 Killed                  setsid bash -c "exec '$wlbin' --port $port --resume_file '$resume_f' $params $extra" > "$wlog" 2>&1 < /dev/null
[532/2243] S024hub8.file__db_parse dump=0 restore=0 verdict=ok
pbsprobe/pbs_sweep.sh: line 257: 614350 Killed                  setsid "$BIN_HUB" "${HARGS[@]}" > "$hlog" 2>&1 < /dev/null
pbsprobe/pbs_sweep.sh: line 296: 615805 Killed                  setsid bash -c "exec '$wlbin' --port $port --resume_file '$resume_f' $params $extra" > "$wlog" 2>&1 < /dev/null
[533/2243] S024hub8.file__db_parse_p25 dump=0 restore=0 verdict=ok
pbsprobe/pbs_sweep.sh: line 257: 615798 Killed                  setsid "$BIN_HUB" "${HARGS[@]}" > "$hlog" 2>&1 < /dev/null
pbsprobe/pbs_sweep.sh: line 296: 617241 Killed                  setsid bash -c "exec '$wlbin' --port $port --resume_file '$resume_f' $params $extra" > "$wlog" 2>&1 < /dev/null
[534/2243] S024hub8.file__db_parse_p50 dump=0 restore=0 verdict=ok
pbsprobe/pbs_sweep.sh: line 257: 617234 Killed                  setsid "$BIN_HUB" "${HARGS[@]}" > "$hlog" 2>&1 < /dev/null
pbsprobe/pbs_sweep.sh: line 296: 618685 Killed                  setsid bash -c "exec '$wlbin' --port $port --resume_file '$resume_f' $params $extra" > "$wlog" 2>&1 < /dev/null
[535/2243] S024hub8.file__db_parse_p75 dump=0 restore=0 verdict=ok
pbsprobe/pbs_sweep.sh: line 257: 618678 Killed                  setsid "$BIN_HUB" "${HARGS[@]}" > "$hlog" 2>&1 < /dev/null
pbsprobe/pbs_sweep.sh: line 296: 620112 Killed                  setsid bash -c "exec '$wlbin' --port $port --resume_file '$resume_f' $params $extra" > "$wlog" 2>&1 < /dev/null
[536/2243] S024hub8.file__epg_index dump=0 restore=0 verdict=ok
pbsprobe/pbs_sweep.sh: line 257: 620105 Killed                  setsid "$BIN_HUB" "${HARGS[@]}" > "$hlog" 2>&1 < /dev/null
pbsprobe/pbs_sweep.sh: line 296: 621562 Killed                  setsid bash -c "exec '$wlbin' --port $port --resume_file '$resume_f' $params $extra" > "$wlog" 2>&1 < /dev/null
[537/2243] S024hub8.file__epg_index_p25 dump=0 restore=0 verdict=ok
pbsprobe/pbs_sweep.sh: line 257: 621555 Killed                  setsid "$BIN_HUB" "${HARGS[@]}" > "$hlog" 2>&1 < /dev/null
pbsprobe/pbs_sweep.sh: line 296: 622999 Killed                  setsid bash -c "exec '$wlbin' --port $port --resume_file '$resume_f' $params $extra" > "$wlog" 2>&1 < /dev/null
[538/2243] S024hub8.file__epg_index_p50 dump=0 restore=0 verdict=ok
pbsprobe/pbs_sweep.sh: line 257: 622992 Killed                  setsid "$BIN_HUB" "${HARGS[@]}" > "$hlog" 2>&1 < /dev/null
pbsprobe/pbs_sweep.sh: line 296: 624419 Killed                  setsid bash -c "exec '$wlbin' --port $port --resume_file '$resume_f' $params $extra" > "$wlog" 2>&1 < /dev/null
[539/2243] S024hub8.file__epg_index_p75 dump=0 restore=0 verdict=ok
pbsprobe/pbs_sweep.sh: line 257: 624412 Killed                  setsid "$BIN_HUB" "${HARGS[@]}" > "$hlog" 2>&1 < /dev/null
pbsprobe/pbs_sweep.sh: line 296: 625863 Killed                  setsid bash -c "exec '$wlbin' --port $port --resume_file '$resume_f' $params $extra" > "$wlog" 2>&1 < /dev/null
[540/2243] S024hub8.file__epg_text dump=0 restore=0 verdict=ok
pbsprobe/pbs_sweep.sh: line 257: 625856 Killed                  setsid "$BIN_HUB" "${HARGS[@]}" > "$hlog" 2>&1 < /dev/null
pbsprobe/pbs_sweep.sh: line 296: 627316 Killed                  setsid bash -c "exec '$wlbin' --port $port --resume_file '$resume_f' $params $extra" > "$wlog" 2>&1 < /dev/null
[541/2243] S024hub8.file__epg_reserve dump=0 restore=0 verdict=ok
pbsprobe/pbs_sweep.sh: line 257: 627309 Killed                  setsid "$BIN_HUB" "${HARGS[@]}" > "$hlog" 2>&1 < /dev/null
[542/2243] S024hub8.file__hub_conn1 dump=1 restore=na verdict=dump_fail
pbsprobe/pbs_sweep.sh: line 257: 628760 Killed                  setsid "$BIN_HUB" "${HARGS[@]}" > "$hlog" 2>&1 < /dev/null
pbsprobe/pbs_sweep.sh: line 257: 628767 Killed                  setsid bash -c "exec '$wlbin' --port $port --resume_file '$resume_f' $params $extra" > "$wlog" 2>&1 < /dev/null
[543/2243] S024hub8.file__hub_conn2 dump=1 restore=na verdict=dump_fail
pbsprobe/pbs_sweep.sh: line 257: 629660 Killed                  setsid "$BIN_HUB" "${HARGS[@]}" > "$hlog" 2>&1 < /dev/null
pbsprobe/pbs_sweep.sh: line 257: 629667 Killed                  setsid bash -c "exec '$wlbin' --port $port --resume_file '$resume_f' $params $extra" > "$wlog" 2>&1 < /dev/null
[544/2243] S024hub8.file__hub_conn3 dump=1 restore=na verdict=dump_fail
pbsprobe/pbs_sweep.sh: line 257: 630615 Killed                  setsid "$BIN_HUB" "${HARGS[@]}" > "$hlog" 2>&1 < /dev/null
pbsprobe/pbs_sweep.sh: line 257: 630622 Killed                  setsid bash -c "exec '$wlbin' --port $port --resume_file '$resume_f' $params $extra" > "$wlog" 2>&1 < /dev/null
[545/2243] S024hub8.file__hub_conn4 dump=1 restore=na verdict=dump_fail
pbsprobe/pbs_sweep.sh: line 257: 631611 Killed                  setsid "$BIN_HUB" "${HARGS[@]}" > "$hlog" 2>&1 < /dev/null
pbsprobe/pbs_sweep.sh: line 257: 631618 Killed                  setsid bash -c "exec '$wlbin' --port $port --resume_file '$resume_f' $params $extra" > "$wlog" 2>&1 < /dev/null
[546/2243] S024hub8.file__hub_subscribed dump=1 restore=na verdict=dump_fail
pbsprobe/pbs_sweep.sh: line 257: 632663 Killed                  setsid "$BIN_HUB" "${HARGS[@]}" > "$hlog" 2>&1 < /dev/null
pbsprobe/pbs_sweep.sh: line 257: 632670 Killed                  setsid bash -c "exec '$wlbin' --port $port --resume_file '$resume_f' $params $extra" > "$wlog" 2>&1 < /dev/null
[547/2243] S024hub8.file__timer_armed dump=1 restore=na verdict=dump_fail
pbsprobe/pbs_sweep.sh: line 257: 633974 Killed                  setsid "$BIN_HUB" "${HARGS[@]}" > "$hlog" 2>&1 < /dev/null
pbsprobe/pbs_sweep.sh: line 257: 633981 Killed                  setsid bash -c "exec '$wlbin' --port $port --resume_file '$resume_f' $params $extra" > "$wlog" 2>&1 < /dev/null
[548/2243] S024hub8.file__db_watch dump=1 restore=na verdict=dump_fail
pbsprobe/pbs_sweep.sh: line 257: 635357 Killed                  setsid "$BIN_HUB" "${HARGS[@]}" > "$hlog" 2>&1 < /dev/null
pbsprobe/pbs_sweep.sh: line 257: 635364 Killed                  setsid bash -c "exec '$wlbin' --port $port --resume_file '$resume_f' $params $extra" > "$wlog" 2>&1 < /dev/null
[549/2243] S024hub8.file__ready dump=1 restore=na verdict=dump_fail
pbsprobe/pbs_sweep.sh: line 257: 636764 Killed                  setsid "$BIN_HUB" "${HARGS[@]}" > "$hlog" 2>&1 < /dev/null
pbsprobe/pbs_sweep.sh: line 257: 636771 Killed                  setsid bash -c "exec '$wlbin' --port $port --resume_file '$resume_f' $params $extra" > "$wlog" 2>&1 < /dev/null
[550/2243] S024hub8.file__steady dump=1 restore=na verdict=dump_fail
pbsprobe/pbs_sweep.sh: line 257: 638244 Killed                  setsid "$BIN_HUB" "${HARGS[@]}" > "$hlog" 2>&1 < /dev/null
pbsprobe/pbs_sweep.sh: line 257: 638251 Killed                  setsid bash -c "exec '$wlbin' --port $port --resume_file '$resume_f' $params $extra" > "$wlog" 2>&1 < /dev/null
pbsprobe/pbs_sweep.sh: line 296: 639755 Killed                  setsid bash -c "exec '$wlbin' --port $port --resume_file '$resume_f' $params $extra" > "$wlog" 2>&1 < /dev/null
[551/2243] S025hub8.perm__init dump=0 restore=0 verdict=ok
pbsprobe/pbs_sweep.sh: line 257: 639748 Killed                  setsid "$BIN_HUB" "${HARGS[@]}" > "$hlog" 2>&1 < /dev/null
pbsprobe/pbs_sweep.sh: line 296: 641263 Killed                  setsid bash -c "exec '$wlbin' --port $port --resume_file '$resume_f' $params $extra" > "$wlog" 2>&1 < /dev/null
[552/2243] S025hub8.perm__db_open dump=0 restore=0 verdict=ok
pbsprobe/pbs_sweep.sh: line 257: 641256 Killed                  setsid "$BIN_HUB" "${HARGS[@]}" > "$hlog" 2>&1 < /dev/null
pbsprobe/pbs_sweep.sh: line 296: 642703 Killed                  setsid bash -c "exec '$wlbin' --port $port --resume_file '$resume_f' $params $extra" > "$wlog" 2>&1 < /dev/null
[553/2243] S025hub8.perm__db_read dump=0 restore=0 verdict=ok
pbsprobe/pbs_sweep.sh: line 257: 642696 Killed                  setsid "$BIN_HUB" "${HARGS[@]}" > "$hlog" 2>&1 < /dev/null
pbsprobe/pbs_sweep.sh: line 296: 644158 Killed                  setsid bash -c "exec '$wlbin' --port $port --resume_file '$resume_f' $params $extra" > "$wlog" 2>&1 < /dev/null
[554/2243] S025hub8.perm__db_read_p25 dump=0 restore=0 verdict=ok
pbsprobe/pbs_sweep.sh: line 257: 644151 Killed                  setsid "$BIN_HUB" "${HARGS[@]}" > "$hlog" 2>&1 < /dev/null
pbsprobe/pbs_sweep.sh: line 296: 645610 Killed                  setsid bash -c "exec '$wlbin' --port $port --resume_file '$resume_f' $params $extra" > "$wlog" 2>&1 < /dev/null
[555/2243] S025hub8.perm__db_read_p50 dump=0 restore=0 verdict=ok
pbsprobe/pbs_sweep.sh: line 257: 645603 Killed                  setsid "$BIN_HUB" "${HARGS[@]}" > "$hlog" 2>&1 < /dev/null
pbsprobe/pbs_sweep.sh: line 296: 647058 Killed                  setsid bash -c "exec '$wlbin' --port $port --resume_file '$resume_f' $params $extra" > "$wlog" 2>&1 < /dev/null
[556/2243] S025hub8.perm__db_read_p75 dump=0 restore=0 verdict=ok
pbsprobe/pbs_sweep.sh: line 257: 647051 Killed                  setsid "$BIN_HUB" "${HARGS[@]}" > "$hlog" 2>&1 < /dev/null
pbsprobe/pbs_sweep.sh: line 296: 648506 Killed                  setsid bash -c "exec '$wlbin' --port $port --resume_file '$resume_f' $params $extra" > "$wlog" 2>&1 < /dev/null
[557/2243] S025hub8.perm__db_parse dump=0 restore=0 verdict=ok
pbsprobe/pbs_sweep.sh: line 257: 648499 Killed                  setsid "$BIN_HUB" "${HARGS[@]}" > "$hlog" 2>&1 < /dev/null
pbsprobe/pbs_sweep.sh: line 296: 649954 Killed                  setsid bash -c "exec '$wlbin' --port $port --resume_file '$resume_f' $params $extra" > "$wlog" 2>&1 < /dev/null
[558/2243] S025hub8.perm__db_parse_p25 dump=0 restore=0 verdict=ok
pbsprobe/pbs_sweep.sh: line 257: 649947 Killed                  setsid "$BIN_HUB" "${HARGS[@]}" > "$hlog" 2>&1 < /dev/null
pbsprobe/pbs_sweep.sh: line 296: 651447 Killed                  setsid bash -c "exec '$wlbin' --port $port --resume_file '$resume_f' $params $extra" > "$wlog" 2>&1 < /dev/null
[559/2243] S025hub8.perm__db_parse_p50 dump=0 restore=0 verdict=ok
pbsprobe/pbs_sweep.sh: line 257: 651440 Killed                  setsid "$BIN_HUB" "${HARGS[@]}" > "$hlog" 2>&1 < /dev/null
pbsprobe/pbs_sweep.sh: line 296: 653006 Killed                  setsid bash -c "exec '$wlbin' --port $port --resume_file '$resume_f' $params $extra" > "$wlog" 2>&1 < /dev/null
[560/2243] S025hub8.perm__db_parse_p75 dump=0 restore=0 verdict=ok
pbsprobe/pbs_sweep.sh: line 257: 652999 Killed                  setsid "$BIN_HUB" "${HARGS[@]}" > "$hlog" 2>&1 < /dev/null
pbsprobe/pbs_sweep.sh: line 296: 654486 Killed                  setsid bash -c "exec '$wlbin' --port $port --resume_file '$resume_f' $params $extra" > "$wlog" 2>&1 < /dev/null
[561/2243] S025hub8.perm__epg_index dump=0 restore=0 verdict=ok
pbsprobe/pbs_sweep.sh: line 257: 654479 Killed                  setsid "$BIN_HUB" "${HARGS[@]}" > "$hlog" 2>&1 < /dev/null
pbsprobe/pbs_sweep.sh: line 296: 655934 Killed                  setsid bash -c "exec '$wlbin' --port $port --resume_file '$resume_f' $params $extra" > "$wlog" 2>&1 < /dev/null
[562/2243] S025hub8.perm__epg_index_p25 dump=0 restore=0 verdict=ok
pbsprobe/pbs_sweep.sh: line 257: 655923 Killed                  setsid "$BIN_HUB" "${HARGS[@]}" > "$hlog" 2>&1 < /dev/null
pbsprobe/pbs_sweep.sh: line 296: 657404 Killed                  setsid bash -c "exec '$wlbin' --port $port --resume_file '$resume_f' $params $extra" > "$wlog" 2>&1 < /dev/null
[563/2243] S025hub8.perm__epg_index_p50 dump=0 restore=0 verdict=ok
pbsprobe/pbs_sweep.sh: line 257: 657397 Killed                  setsid "$BIN_HUB" "${HARGS[@]}" > "$hlog" 2>&1 < /dev/null
pbsprobe/pbs_sweep.sh: line 296: 658857 Killed                  setsid bash -c "exec '$wlbin' --port $port --resume_file '$resume_f' $params $extra" > "$wlog" 2>&1 < /dev/null
[564/2243] S025hub8.perm__epg_index_p75 dump=0 restore=0 verdict=ok
pbsprobe/pbs_sweep.sh: line 257: 658850 Killed                  setsid "$BIN_HUB" "${HARGS[@]}" > "$hlog" 2>&1 < /dev/null
pbsprobe/pbs_sweep.sh: line 296: 660312 Killed                  setsid bash -c "exec '$wlbin' --port $port --resume_file '$resume_f' $params $extra" > "$wlog" 2>&1 < /dev/null
[565/2243] S025hub8.perm__epg_text dump=0 restore=0 verdict=ok
pbsprobe/pbs_sweep.sh: line 257: 660305 Killed                  setsid "$BIN_HUB" "${HARGS[@]}" > "$hlog" 2>&1 < /dev/null
pbsprobe/pbs_sweep.sh: line 296: 661760 Killed                  setsid bash -c "exec '$wlbin' --port $port --resume_file '$resume_f' $params $extra" > "$wlog" 2>&1 < /dev/null
[566/2243] S025hub8.perm__epg_reserve dump=0 restore=0 verdict=ok
pbsprobe/pbs_sweep.sh: line 257: 661753 Killed                  setsid "$BIN_HUB" "${HARGS[@]}" > "$hlog" 2>&1 < /dev/null
[567/2243] S025hub8.perm__hub_conn1 dump=1 restore=na verdict=dump_fail
pbsprobe/pbs_sweep.sh: line 257: 663193 Killed                  setsid "$BIN_HUB" "${HARGS[@]}" > "$hlog" 2>&1 < /dev/null
pbsprobe/pbs_sweep.sh: line 257: 663200 Killed                  setsid bash -c "exec '$wlbin' --port $port --resume_file '$resume_f' $params $extra" > "$wlog" 2>&1 < /dev/null
[568/2243] S025hub8.perm__hub_conn2 dump=1 restore=na verdict=dump_fail
pbsprobe/pbs_sweep.sh: line 257: 664081 Killed                  setsid "$BIN_HUB" "${HARGS[@]}" > "$hlog" 2>&1 < /dev/null
pbsprobe/pbs_sweep.sh: line 257: 664088 Killed                  setsid bash -c "exec '$wlbin' --port $port --resume_file '$resume_f' $params $extra" > "$wlog" 2>&1 < /dev/null
[569/2243] S025hub8.perm__hub_conn3 dump=1 restore=na verdict=dump_fail
pbsprobe/pbs_sweep.sh: line 257: 665032 Killed                  setsid "$BIN_HUB" "${HARGS[@]}" > "$hlog" 2>&1 < /dev/null
pbsprobe/pbs_sweep.sh: line 257: 665039 Killed                  setsid bash -c "exec '$wlbin' --port $port --resume_file '$resume_f' $params $extra" > "$wlog" 2>&1 < /dev/null
[570/2243] S025hub8.perm__hub_conn4 dump=1 restore=na verdict=dump_fail
pbsprobe/pbs_sweep.sh: line 257: 666040 Killed                  setsid "$BIN_HUB" "${HARGS[@]}" > "$hlog" 2>&1 < /dev/null
pbsprobe/pbs_sweep.sh: line 257: 666047 Killed                  setsid bash -c "exec '$wlbin' --port $port --resume_file '$resume_f' $params $extra" > "$wlog" 2>&1 < /dev/null
[571/2243] S025hub8.perm__hub_subscribed dump=1 restore=na verdict=dump_fail
pbsprobe/pbs_sweep.sh: line 257: 667090 Killed                  setsid "$BIN_HUB" "${HARGS[@]}" > "$hlog" 2>&1 < /dev/null
pbsprobe/pbs_sweep.sh: line 257: 667097 Killed                  setsid bash -c "exec '$wlbin' --port $port --resume_file '$resume_f' $params $extra" > "$wlog" 2>&1 < /dev/null
[572/2243] S025hub8.perm__timer_armed dump=1 restore=na verdict=dump_fail
pbsprobe/pbs_sweep.sh: line 257: 668394 Killed                  setsid "$BIN_HUB" "${HARGS[@]}" > "$hlog" 2>&1 < /dev/null
pbsprobe/pbs_sweep.sh: line 257: 668401 Killed                  setsid bash -c "exec '$wlbin' --port $port --resume_file '$resume_f' $params $extra" > "$wlog" 2>&1 < /dev/null
[573/2243] S025hub8.perm__db_watch dump=1 restore=na verdict=dump_fail
pbsprobe/pbs_sweep.sh: line 257: 669757 Killed                  setsid "$BIN_HUB" "${HARGS[@]}" > "$hlog" 2>&1 < /dev/null
pbsprobe/pbs_sweep.sh: line 257: 669764 Killed                  setsid bash -c "exec '$wlbin' --port $port --resume_file '$resume_f' $params $extra" > "$wlog" 2>&1 < /dev/null
[574/2243] S025hub8.perm__ready dump=1 restore=na verdict=dump_fail
pbsprobe/pbs_sweep.sh: line 257: 671180 Killed                  setsid "$BIN_HUB" "${HARGS[@]}" > "$hlog" 2>&1 < /dev/null
pbsprobe/pbs_sweep.sh: line 257: 671187 Killed                  setsid bash -c "exec '$wlbin' --port $port --resume_file '$resume_f' $params $extra" > "$wlog" 2>&1 < /dev/null
[575/2243] S025hub8.perm__steady dump=1 restore=na verdict=dump_fail
pbsprobe/pbs_sweep.sh: line 257: 672636 Killed                  setsid "$BIN_HUB" "${HARGS[@]}" > "$hlog" 2>&1 < /dev/null
pbsprobe/pbs_sweep.sh: line 257: 672643 Killed                  setsid bash -c "exec '$wlbin' --port $port --resume_file '$resume_f' $params $extra" > "$wlog" 2>&1 < /dev/null
pbsprobe/pbs_sweep.sh: line 296: 674171 Killed                  setsid bash -c "exec '$wlbin' --port $port --resume_file '$resume_f' $params $extra" > "$wlog" 2>&1 < /dev/null
[576/2243] S026tcprr.stri__init dump=0 restore=0 verdict=ok
pbsprobe/pbs_sweep.sh: line 257: 674164 Killed                  setsid "$BIN_HUB" "${HARGS[@]}" > "$hlog" 2>&1 < /dev/null
pbsprobe/pbs_sweep.sh: line 296: 675516 Killed                  setsid bash -c "exec '$wlbin' --port $port --resume_file '$resume_f' $params $extra" > "$wlog" 2>&1 < /dev/null
[577/2243] S026tcprr.stri__db_open dump=0 restore=0 verdict=ok
pbsprobe/pbs_sweep.sh: line 257: 675509 Killed                  setsid "$BIN_HUB" "${HARGS[@]}" > "$hlog" 2>&1 < /dev/null
pbsprobe/pbs_sweep.sh: line 296: 676819 Killed                  setsid bash -c "exec '$wlbin' --port $port --resume_file '$resume_f' $params $extra" > "$wlog" 2>&1 < /dev/null
[578/2243] S026tcprr.stri__db_read dump=0 restore=0 verdict=ok
pbsprobe/pbs_sweep.sh: line 257: 676812 Killed                  setsid "$BIN_HUB" "${HARGS[@]}" > "$hlog" 2>&1 < /dev/null
pbsprobe/pbs_sweep.sh: line 296: 678127 Killed                  setsid bash -c "exec '$wlbin' --port $port --resume_file '$resume_f' $params $extra" > "$wlog" 2>&1 < /dev/null
[579/2243] S026tcprr.stri__db_read_p25 dump=0 restore=0 verdict=ok
pbsprobe/pbs_sweep.sh: line 257: 678120 Killed                  setsid "$BIN_HUB" "${HARGS[@]}" > "$hlog" 2>&1 < /dev/null
pbsprobe/pbs_sweep.sh: line 296: 679415 Killed                  setsid bash -c "exec '$wlbin' --port $port --resume_file '$resume_f' $params $extra" > "$wlog" 2>&1 < /dev/null
[580/2243] S026tcprr.stri__db_read_p50 dump=0 restore=0 verdict=ok
pbsprobe/pbs_sweep.sh: line 257: 679408 Killed                  setsid "$BIN_HUB" "${HARGS[@]}" > "$hlog" 2>&1 < /dev/null
pbsprobe/pbs_sweep.sh: line 296: 680699 Killed                  setsid bash -c "exec '$wlbin' --port $port --resume_file '$resume_f' $params $extra" > "$wlog" 2>&1 < /dev/null
[581/2243] S026tcprr.stri__db_read_p75 dump=0 restore=0 verdict=ok
pbsprobe/pbs_sweep.sh: line 257: 680692 Killed                  setsid "$BIN_HUB" "${HARGS[@]}" > "$hlog" 2>&1 < /dev/null
pbsprobe/pbs_sweep.sh: line 296: 682003 Killed                  setsid bash -c "exec '$wlbin' --port $port --resume_file '$resume_f' $params $extra" > "$wlog" 2>&1 < /dev/null
[582/2243] S026tcprr.stri__db_parse dump=0 restore=0 verdict=ok
pbsprobe/pbs_sweep.sh: line 257: 681996 Killed                  setsid "$BIN_HUB" "${HARGS[@]}" > "$hlog" 2>&1 < /dev/null
pbsprobe/pbs_sweep.sh: line 296: 683307 Killed                  setsid bash -c "exec '$wlbin' --port $port --resume_file '$resume_f' $params $extra" > "$wlog" 2>&1 < /dev/null
[583/2243] S026tcprr.stri__db_parse_p25 dump=0 restore=0 verdict=ok
pbsprobe/pbs_sweep.sh: line 257: 683300 Killed                  setsid "$BIN_HUB" "${HARGS[@]}" > "$hlog" 2>&1 < /dev/null
pbsprobe/pbs_sweep.sh: line 296: 684626 Killed                  setsid bash -c "exec '$wlbin' --port $port --resume_file '$resume_f' $params $extra" > "$wlog" 2>&1 < /dev/null
[584/2243] S026tcprr.stri__db_parse_p50 dump=0 restore=0 verdict=ok
pbsprobe/pbs_sweep.sh: line 257: 684619 Killed                  setsid "$BIN_HUB" "${HARGS[@]}" > "$hlog" 2>&1 < /dev/null
pbsprobe/pbs_sweep.sh: line 296: 685934 Killed                  setsid bash -c "exec '$wlbin' --port $port --resume_file '$resume_f' $params $extra" > "$wlog" 2>&1 < /dev/null
[585/2243] S026tcprr.stri__db_parse_p75 dump=0 restore=0 verdict=ok
pbsprobe/pbs_sweep.sh: line 257: 685927 Killed                  setsid "$BIN_HUB" "${HARGS[@]}" > "$hlog" 2>&1 < /dev/null
pbsprobe/pbs_sweep.sh: line 296: 687233 Killed                  setsid bash -c "exec '$wlbin' --port $port --resume_file '$resume_f' $params $extra" > "$wlog" 2>&1 < /dev/null
[586/2243] S026tcprr.stri__epg_index dump=0 restore=0 verdict=ok
pbsprobe/pbs_sweep.sh: line 257: 687226 Killed                  setsid "$BIN_HUB" "${HARGS[@]}" > "$hlog" 2>&1 < /dev/null
pbsprobe/pbs_sweep.sh: line 296: 688517 Killed                  setsid bash -c "exec '$wlbin' --port $port --resume_file '$resume_f' $params $extra" > "$wlog" 2>&1 < /dev/null
[587/2243] S026tcprr.stri__epg_index_p25 dump=0 restore=0 verdict=ok
pbsprobe/pbs_sweep.sh: line 257: 688510 Killed                  setsid "$BIN_HUB" "${HARGS[@]}" > "$hlog" 2>&1 < /dev/null
pbsprobe/pbs_sweep.sh: line 296: 689801 Killed                  setsid bash -c "exec '$wlbin' --port $port --resume_file '$resume_f' $params $extra" > "$wlog" 2>&1 < /dev/null
[588/2243] S026tcprr.stri__epg_index_p50 dump=0 restore=0 verdict=ok
pbsprobe/pbs_sweep.sh: line 257: 689794 Killed                  setsid "$BIN_HUB" "${HARGS[@]}" > "$hlog" 2>&1 < /dev/null
pbsprobe/pbs_sweep.sh: line 296: 691067 Killed                  setsid bash -c "exec '$wlbin' --port $port --resume_file '$resume_f' $params $extra" > "$wlog" 2>&1 < /dev/null
[589/2243] S026tcprr.stri__epg_index_p75 dump=0 restore=0 verdict=ok
pbsprobe/pbs_sweep.sh: line 257: 691060 Killed                  setsid "$BIN_HUB" "${HARGS[@]}" > "$hlog" 2>&1 < /dev/null
pbsprobe/pbs_sweep.sh: line 296: 692346 Killed                  setsid bash -c "exec '$wlbin' --port $port --resume_file '$resume_f' $params $extra" > "$wlog" 2>&1 < /dev/null
[590/2243] S026tcprr.stri__epg_text dump=0 restore=0 verdict=ok
pbsprobe/pbs_sweep.sh: line 257: 692339 Killed                  setsid "$BIN_HUB" "${HARGS[@]}" > "$hlog" 2>&1 < /dev/null
pbsprobe/pbs_sweep.sh: line 296: 693626 Killed                  setsid bash -c "exec '$wlbin' --port $port --resume_file '$resume_f' $params $extra" > "$wlog" 2>&1 < /dev/null
[591/2243] S026tcprr.stri__epg_reserve dump=0 restore=0 verdict=ok
pbsprobe/pbs_sweep.sh: line 257: 693619 Killed                  setsid "$BIN_HUB" "${HARGS[@]}" > "$hlog" 2>&1 < /dev/null
[592/2243] S026tcprr.stri__hub_conn1 dump=1 restore=na verdict=dump_fail
pbsprobe/pbs_sweep.sh: line 257: 694895 Killed                  setsid "$BIN_HUB" "${HARGS[@]}" > "$hlog" 2>&1 < /dev/null
pbsprobe/pbs_sweep.sh: line 257: 694902 Killed                  setsid bash -c "exec '$wlbin' --port $port --resume_file '$resume_f' $params $extra" > "$wlog" 2>&1 < /dev/null
[593/2243] S026tcprr.stri__hub_conn2 dump=1 restore=na verdict=dump_fail
pbsprobe/pbs_sweep.sh: line 257: 695767 Killed                  setsid "$BIN_HUB" "${HARGS[@]}" > "$hlog" 2>&1 < /dev/null
pbsprobe/pbs_sweep.sh: line 257: 695774 Killed                  setsid bash -c "exec '$wlbin' --port $port --resume_file '$resume_f' $params $extra" > "$wlog" 2>&1 < /dev/null
[594/2243] S026tcprr.stri__hub_conn3 dump=1 restore=na verdict=dump_fail
pbsprobe/pbs_sweep.sh: line 257: 696702 Killed                  setsid "$BIN_HUB" "${HARGS[@]}" > "$hlog" 2>&1 < /dev/null
pbsprobe/pbs_sweep.sh: line 257: 696709 Killed                  setsid bash -c "exec '$wlbin' --port $port --resume_file '$resume_f' $params $extra" > "$wlog" 2>&1 < /dev/null
[595/2243] S026tcprr.stri__hub_conn4 dump=1 restore=na verdict=dump_fail
pbsprobe/pbs_sweep.sh: line 257: 697686 Killed                  setsid "$BIN_HUB" "${HARGS[@]}" > "$hlog" 2>&1 < /dev/null
pbsprobe/pbs_sweep.sh: line 257: 697693 Killed                  setsid bash -c "exec '$wlbin' --port $port --resume_file '$resume_f' $params $extra" > "$wlog" 2>&1 < /dev/null
[596/2243] S026tcprr.stri__hub_subscribed dump=1 restore=na verdict=dump_fail
pbsprobe/pbs_sweep.sh: line 257: 698714 Killed                  setsid "$BIN_HUB" "${HARGS[@]}" > "$hlog" 2>&1 < /dev/null
pbsprobe/pbs_sweep.sh: line 257: 698721 Killed                  setsid bash -c "exec '$wlbin' --port $port --resume_file '$resume_f' $params $extra" > "$wlog" 2>&1 < /dev/null
[597/2243] S026tcprr.stri__tcp_conn dump=1 restore=na verdict=dump_fail
pbsprobe/pbs_sweep.sh: line 257: 699813 Killed                  setsid "$BIN_HUB" "${HARGS[@]}" > "$hlog" 2>&1 < /dev/null
pbsprobe/pbs_sweep.sh: line 257: 699820 Killed                  setsid bash -c "exec '$wlbin' --port $port --resume_file '$resume_f' $params $extra" > "$wlog" 2>&1 < /dev/null
[598/2243] S026tcprr.stri__timer_armed dump=1 restore=na verdict=dump_fail
pbsprobe/pbs_sweep.sh: line 257: 700937 Killed                  setsid "$BIN_HUB" "${HARGS[@]}" > "$hlog" 2>&1 < /dev/null
pbsprobe/pbs_sweep.sh: line 257: 700944 Killed                  setsid bash -c "exec '$wlbin' --port $port --resume_file '$resume_f' $params $extra" > "$wlog" 2>&1 < /dev/null
[599/2243] S026tcprr.stri__db_watch dump=1 restore=na verdict=dump_fail
pbsprobe/pbs_sweep.sh: line 257: 702140 Killed                  setsid "$BIN_HUB" "${HARGS[@]}" > "$hlog" 2>&1 < /dev/null
pbsprobe/pbs_sweep.sh: line 257: 702147 Killed                  setsid bash -c "exec '$wlbin' --port $port --resume_file '$resume_f' $params $extra" > "$wlog" 2>&1 < /dev/null
[600/2243] S026tcprr.stri__ready dump=1 restore=na verdict=dump_fail
pbsprobe/pbs_sweep.sh: line 257: 703368 Killed                  setsid "$BIN_HUB" "${HARGS[@]}" > "$hlog" 2>&1 < /dev/null
pbsprobe/pbs_sweep.sh: line 257: 703375 Killed                  setsid bash -c "exec '$wlbin' --port $port --resume_file '$resume_f' $params $extra" > "$wlog" 2>&1 < /dev/null
[601/2243] S026tcprr.stri__steady dump=1 restore=na verdict=dump_fail
pbsprobe/pbs_sweep.sh: line 257: 704664 Killed                  setsid "$BIN_HUB" "${HARGS[@]}" > "$hlog" 2>&1 < /dev/null
pbsprobe/pbs_sweep.sh: line 257: 704671 Killed                  setsid bash -c "exec '$wlbin' --port $port --resume_file '$resume_f' $params $extra" > "$wlog" 2>&1 < /dev/null
pbsprobe/pbs_sweep.sh: line 296: 706031 Killed                  setsid bash -c "exec '$wlbin' --port $port --resume_file '$resume_f' $params $extra" > "$wlog" 2>&1 < /dev/null
[602/2243] S027tcprr.ext___init dump=0 restore=0 verdict=ok
pbsprobe/pbs_sweep.sh: line 257: 706024 Killed                  setsid "$BIN_HUB" "${HARGS[@]}" > "$hlog" 2>&1 < /dev/null
pbsprobe/pbs_sweep.sh: line 296: 707319 Killed                  setsid bash -c "exec '$wlbin' --port $port --resume_file '$resume_f' $params $extra" > "$wlog" 2>&1 < /dev/null
[603/2243] S027tcprr.ext___db_open dump=0 restore=0 verdict=ok
pbsprobe/pbs_sweep.sh: line 257: 707312 Killed                  setsid "$BIN_HUB" "${HARGS[@]}" > "$hlog" 2>&1 < /dev/null
pbsprobe/pbs_sweep.sh: line 296: 708598 Killed                  setsid bash -c "exec '$wlbin' --port $port --resume_file '$resume_f' $params $extra" > "$wlog" 2>&1 < /dev/null
[604/2243] S027tcprr.ext___db_read dump=0 restore=0 verdict=ok
pbsprobe/pbs_sweep.sh: line 257: 708591 Killed                  setsid "$BIN_HUB" "${HARGS[@]}" > "$hlog" 2>&1 < /dev/null
pbsprobe/pbs_sweep.sh: line 296: 709866 Killed                  setsid bash -c "exec '$wlbin' --port $port --resume_file '$resume_f' $params $extra" > "$wlog" 2>&1 < /dev/null
[605/2243] S027tcprr.ext___db_read_p25 dump=0 restore=0 verdict=ok
pbsprobe/pbs_sweep.sh: line 257: 709859 Killed                  setsid "$BIN_HUB" "${HARGS[@]}" > "$hlog" 2>&1 < /dev/null
pbsprobe/pbs_sweep.sh: line 296: 711146 Killed                  setsid bash -c "exec '$wlbin' --port $port --resume_file '$resume_f' $params $extra" > "$wlog" 2>&1 < /dev/null
[606/2243] S027tcprr.ext___db_read_p50 dump=0 restore=0 verdict=ok
pbsprobe/pbs_sweep.sh: line 257: 711139 Killed                  setsid "$BIN_HUB" "${HARGS[@]}" > "$hlog" 2>&1 < /dev/null
pbsprobe/pbs_sweep.sh: line 296: 712418 Killed                  setsid bash -c "exec '$wlbin' --port $port --resume_file '$resume_f' $params $extra" > "$wlog" 2>&1 < /dev/null
[607/2243] S027tcprr.ext___db_read_p75 dump=0 restore=0 verdict=ok
pbsprobe/pbs_sweep.sh: line 257: 712411 Killed                  setsid "$BIN_HUB" "${HARGS[@]}" > "$hlog" 2>&1 < /dev/null
pbsprobe/pbs_sweep.sh: line 296: 713702 Killed                  setsid bash -c "exec '$wlbin' --port $port --resume_file '$resume_f' $params $extra" > "$wlog" 2>&1 < /dev/null
[608/2243] S027tcprr.ext___db_parse dump=0 restore=0 verdict=ok
pbsprobe/pbs_sweep.sh: line 257: 713695 Killed                  setsid "$BIN_HUB" "${HARGS[@]}" > "$hlog" 2>&1 < /dev/null
pbsprobe/pbs_sweep.sh: line 296: 714982 Killed                  setsid bash -c "exec '$wlbin' --port $port --resume_file '$resume_f' $params $extra" > "$wlog" 2>&1 < /dev/null
[609/2243] S027tcprr.ext___db_parse_p25 dump=0 restore=0 verdict=ok
pbsprobe/pbs_sweep.sh: line 257: 714975 Killed                  setsid "$BIN_HUB" "${HARGS[@]}" > "$hlog" 2>&1 < /dev/null
pbsprobe/pbs_sweep.sh: line 296: 716269 Killed                  setsid bash -c "exec '$wlbin' --port $port --resume_file '$resume_f' $params $extra" > "$wlog" 2>&1 < /dev/null
[610/2243] S027tcprr.ext___db_parse_p50 dump=0 restore=0 verdict=ok
pbsprobe/pbs_sweep.sh: line 257: 716262 Killed                  setsid "$BIN_HUB" "${HARGS[@]}" > "$hlog" 2>&1 < /dev/null
pbsprobe/pbs_sweep.sh: line 296: 717541 Killed                  setsid bash -c "exec '$wlbin' --port $port --resume_file '$resume_f' $params $extra" > "$wlog" 2>&1 < /dev/null
[611/2243] S027tcprr.ext___db_parse_p75 dump=0 restore=0 verdict=ok
pbsprobe/pbs_sweep.sh: line 257: 717534 Killed                  setsid "$BIN_HUB" "${HARGS[@]}" > "$hlog" 2>&1 < /dev/null
pbsprobe/pbs_sweep.sh: line 296: 718816 Killed                  setsid bash -c "exec '$wlbin' --port $port --resume_file '$resume_f' $params $extra" > "$wlog" 2>&1 < /dev/null
[612/2243] S027tcprr.ext___epg_index dump=0 restore=0 verdict=ok
pbsprobe/pbs_sweep.sh: line 257: 718809 Killed                  setsid "$BIN_HUB" "${HARGS[@]}" > "$hlog" 2>&1 < /dev/null
pbsprobe/pbs_sweep.sh: line 296: 720084 Killed                  setsid bash -c "exec '$wlbin' --port $port --resume_file '$resume_f' $params $extra" > "$wlog" 2>&1 < /dev/null
[613/2243] S027tcprr.ext___epg_index_p25 dump=0 restore=0 verdict=ok
pbsprobe/pbs_sweep.sh: line 257: 720077 Killed                  setsid "$BIN_HUB" "${HARGS[@]}" > "$hlog" 2>&1 < /dev/null
pbsprobe/pbs_sweep.sh: line 296: 721372 Killed                  setsid bash -c "exec '$wlbin' --port $port --resume_file '$resume_f' $params $extra" > "$wlog" 2>&1 < /dev/null
[614/2243] S027tcprr.ext___epg_index_p50 dump=0 restore=0 verdict=ok
pbsprobe/pbs_sweep.sh: line 257: 721365 Killed                  setsid "$BIN_HUB" "${HARGS[@]}" > "$hlog" 2>&1 < /dev/null
pbsprobe/pbs_sweep.sh: line 296: 722635 Killed                  setsid bash -c "exec '$wlbin' --port $port --resume_file '$resume_f' $params $extra" > "$wlog" 2>&1 < /dev/null
[615/2243] S027tcprr.ext___epg_index_p75 dump=0 restore=0 verdict=ok
pbsprobe/pbs_sweep.sh: line 257: 722628 Killed                  setsid "$BIN_HUB" "${HARGS[@]}" > "$hlog" 2>&1 < /dev/null
pbsprobe/pbs_sweep.sh: line 296: 723926 Killed                  setsid bash -c "exec '$wlbin' --port $port --resume_file '$resume_f' $params $extra" > "$wlog" 2>&1 < /dev/null
[616/2243] S027tcprr.ext___epg_text dump=0 restore=0 verdict=ok
pbsprobe/pbs_sweep.sh: line 257: 723919 Killed                  setsid "$BIN_HUB" "${HARGS[@]}" > "$hlog" 2>&1 < /dev/null
pbsprobe/pbs_sweep.sh: line 296: 725198 Killed                  setsid bash -c "exec '$wlbin' --port $port --resume_file '$resume_f' $params $extra" > "$wlog" 2>&1 < /dev/null
[617/2243] S027tcprr.ext___epg_reserve dump=0 restore=0 verdict=ok
pbsprobe/pbs_sweep.sh: line 257: 725191 Killed                  setsid "$BIN_HUB" "${HARGS[@]}" > "$hlog" 2>&1 < /dev/null
[618/2243] S027tcprr.ext___hub_conn1 dump=1 restore=na verdict=dump_fail
pbsprobe/pbs_sweep.sh: line 257: 726467 Killed                  setsid "$BIN_HUB" "${HARGS[@]}" > "$hlog" 2>&1 < /dev/null
pbsprobe/pbs_sweep.sh: line 257: 726474 Killed                  setsid bash -c "exec '$wlbin' --port $port --resume_file '$resume_f' $params $extra" > "$wlog" 2>&1 < /dev/null
[619/2243] S027tcprr.ext___hub_conn2 dump=1 restore=na verdict=dump_fail
pbsprobe/pbs_sweep.sh: line 257: 727347 Killed                  setsid "$BIN_HUB" "${HARGS[@]}" > "$hlog" 2>&1 < /dev/null
pbsprobe/pbs_sweep.sh: line 257: 727354 Killed                  setsid bash -c "exec '$wlbin' --port $port --resume_file '$resume_f' $params $extra" > "$wlog" 2>&1 < /dev/null
[620/2243] S027tcprr.ext___hub_conn3 dump=1 restore=na verdict=dump_fail
pbsprobe/pbs_sweep.sh: line 257: 728290 Killed                  setsid "$BIN_HUB" "${HARGS[@]}" > "$hlog" 2>&1 < /dev/null
pbsprobe/pbs_sweep.sh: line 257: 728297 Killed                  setsid bash -c "exec '$wlbin' --port $port --resume_file '$resume_f' $params $extra" > "$wlog" 2>&1 < /dev/null
[621/2243] S027tcprr.ext___hub_conn4 dump=1 restore=na verdict=dump_fail
pbsprobe/pbs_sweep.sh: line 257: 729274 Killed                  setsid "$BIN_HUB" "${HARGS[@]}" > "$hlog" 2>&1 < /dev/null
pbsprobe/pbs_sweep.sh: line 257: 729281 Killed                  setsid bash -c "exec '$wlbin' --port $port --resume_file '$resume_f' $params $extra" > "$wlog" 2>&1 < /dev/null
[622/2243] S027tcprr.ext___hub_subscribed dump=1 restore=na verdict=dump_fail
pbsprobe/pbs_sweep.sh: line 257: 730290 Killed                  setsid "$BIN_HUB" "${HARGS[@]}" > "$hlog" 2>&1 < /dev/null
pbsprobe/pbs_sweep.sh: line 257: 730297 Killed                  setsid bash -c "exec '$wlbin' --port $port --resume_file '$resume_f' $params $extra" > "$wlog" 2>&1 < /dev/null
[623/2243] S027tcprr.ext___tcp_conn dump=1 restore=na verdict=dump_fail
pbsprobe/pbs_sweep.sh: line 257: 731384 Killed                  setsid "$BIN_HUB" "${HARGS[@]}" > "$hlog" 2>&1 < /dev/null
pbsprobe/pbs_sweep.sh: line 257: 731391 Killed                  setsid bash -c "exec '$wlbin' --port $port --resume_file '$resume_f' $params $extra" > "$wlog" 2>&1 < /dev/null
[624/2243] S027tcprr.ext___timer_armed dump=1 restore=na verdict=dump_fail
pbsprobe/pbs_sweep.sh: line 257: 732512 Killed                  setsid "$BIN_HUB" "${HARGS[@]}" > "$hlog" 2>&1 < /dev/null
pbsprobe/pbs_sweep.sh: line 257: 732519 Killed                  setsid bash -c "exec '$wlbin' --port $port --resume_file '$resume_f' $params $extra" > "$wlog" 2>&1 < /dev/null
[625/2243] S027tcprr.ext___db_watch dump=1 restore=na verdict=dump_fail
pbsprobe/pbs_sweep.sh: line 257: 733711 Killed                  setsid "$BIN_HUB" "${HARGS[@]}" > "$hlog" 2>&1 < /dev/null
pbsprobe/pbs_sweep.sh: line 257: 733718 Killed                  setsid bash -c "exec '$wlbin' --port $port --resume_file '$resume_f' $params $extra" > "$wlog" 2>&1 < /dev/null
[626/2243] S027tcprr.ext___ready dump=1 restore=na verdict=dump_fail
pbsprobe/pbs_sweep.sh: line 257: 734935 Killed                  setsid "$BIN_HUB" "${HARGS[@]}" > "$hlog" 2>&1 < /dev/null
pbsprobe/pbs_sweep.sh: line 257: 734942 Killed                  setsid bash -c "exec '$wlbin' --port $port --resume_file '$resume_f' $params $extra" > "$wlog" 2>&1 < /dev/null
[627/2243] S027tcprr.ext___steady dump=1 restore=na verdict=dump_fail
pbsprobe/pbs_sweep.sh: line 257: 736235 Killed                  setsid "$BIN_HUB" "${HARGS[@]}" > "$hlog" 2>&1 < /dev/null
pbsprobe/pbs_sweep.sh: line 257: 736242 Killed                  setsid bash -c "exec '$wlbin' --port $port --resume_file '$resume_f' $params $extra" > "$wlog" 2>&1 < /dev/null
pbsprobe/pbs_sweep.sh: line 296: 737579 Killed                  setsid bash -c "exec '$wlbin' --port $port --resume_file '$resume_f' $params $extra" > "$wlog" 2>&1 < /dev/null
[628/2243] S028tcprr.tcp___init dump=0 restore=0 verdict=ok
pbsprobe/pbs_sweep.sh: line 257: 737572 Killed                  setsid "$BIN_HUB" "${HARGS[@]}" > "$hlog" 2>&1 < /dev/null
pbsprobe/pbs_sweep.sh: line 296: 738867 Killed                  setsid bash -c "exec '$wlbin' --port $port --resume_file '$resume_f' $params $extra" > "$wlog" 2>&1 < /dev/null
[629/2243] S028tcprr.tcp___db_open dump=0 restore=0 verdict=ok
pbsprobe/pbs_sweep.sh: line 257: 738860 Killed                  setsid "$BIN_HUB" "${HARGS[@]}" > "$hlog" 2>&1 < /dev/null
pbsprobe/pbs_sweep.sh: line 296: 740146 Killed                  setsid bash -c "exec '$wlbin' --port $port --resume_file '$resume_f' $params $extra" > "$wlog" 2>&1 < /dev/null
[630/2243] S028tcprr.tcp___db_read dump=0 restore=0 verdict=ok
pbsprobe/pbs_sweep.sh: line 257: 740139 Killed                  setsid "$BIN_HUB" "${HARGS[@]}" > "$hlog" 2>&1 < /dev/null
pbsprobe/pbs_sweep.sh: line 296: 741422 Killed                  setsid bash -c "exec '$wlbin' --port $port --resume_file '$resume_f' $params $extra" > "$wlog" 2>&1 < /dev/null
[631/2243] S028tcprr.tcp___db_read_p25 dump=0 restore=0 verdict=ok
pbsprobe/pbs_sweep.sh: line 257: 741415 Killed                  setsid "$BIN_HUB" "${HARGS[@]}" > "$hlog" 2>&1 < /dev/null
pbsprobe/pbs_sweep.sh: line 296: 742702 Killed                  setsid bash -c "exec '$wlbin' --port $port --resume_file '$resume_f' $params $extra" > "$wlog" 2>&1 < /dev/null
[632/2243] S028tcprr.tcp___db_read_p50 dump=0 restore=0 verdict=ok
pbsprobe/pbs_sweep.sh: line 257: 742695 Killed                  setsid "$BIN_HUB" "${HARGS[@]}" > "$hlog" 2>&1 < /dev/null
pbsprobe/pbs_sweep.sh: line 296: 743978 Killed                  setsid bash -c "exec '$wlbin' --port $port --resume_file '$resume_f' $params $extra" > "$wlog" 2>&1 < /dev/null
[633/2243] S028tcprr.tcp___db_read_p75 dump=0 restore=0 verdict=ok
pbsprobe/pbs_sweep.sh: line 257: 743971 Killed                  setsid "$BIN_HUB" "${HARGS[@]}" > "$hlog" 2>&1 < /dev/null
pbsprobe/pbs_sweep.sh: line 296: 745266 Killed                  setsid bash -c "exec '$wlbin' --port $port --resume_file '$resume_f' $params $extra" > "$wlog" 2>&1 < /dev/null
[634/2243] S028tcprr.tcp___db_parse dump=0 restore=0 verdict=ok
pbsprobe/pbs_sweep.sh: line 257: 745259 Killed                  setsid "$BIN_HUB" "${HARGS[@]}" > "$hlog" 2>&1 < /dev/null
pbsprobe/pbs_sweep.sh: line 296: 746543 Killed                  setsid bash -c "exec '$wlbin' --port $port --resume_file '$resume_f' $params $extra" > "$wlog" 2>&1 < /dev/null
[635/2243] S028tcprr.tcp___db_parse_p25 dump=0 restore=0 verdict=ok
pbsprobe/pbs_sweep.sh: line 257: 746536 Killed                  setsid "$BIN_HUB" "${HARGS[@]}" > "$hlog" 2>&1 < /dev/null
pbsprobe/pbs_sweep.sh: line 296: 747826 Killed                  setsid bash -c "exec '$wlbin' --port $port --resume_file '$resume_f' $params $extra" > "$wlog" 2>&1 < /dev/null
[636/2243] S028tcprr.tcp___db_parse_p50 dump=0 restore=0 verdict=ok
pbsprobe/pbs_sweep.sh: line 257: 747819 Killed                  setsid "$BIN_HUB" "${HARGS[@]}" > "$hlog" 2>&1 < /dev/null
pbsprobe/pbs_sweep.sh: line 296: 749098 Killed                  setsid bash -c "exec '$wlbin' --port $port --resume_file '$resume_f' $params $extra" > "$wlog" 2>&1 < /dev/null
[637/2243] S028tcprr.tcp___db_parse_p75 dump=0 restore=0 verdict=ok
pbsprobe/pbs_sweep.sh: line 257: 749091 Killed                  setsid "$BIN_HUB" "${HARGS[@]}" > "$hlog" 2>&1 < /dev/null
pbsprobe/pbs_sweep.sh: line 296: 750369 Killed                  setsid bash -c "exec '$wlbin' --port $port --resume_file '$resume_f' $params $extra" > "$wlog" 2>&1 < /dev/null
[638/2243] S028tcprr.tcp___epg_index dump=0 restore=0 verdict=ok
pbsprobe/pbs_sweep.sh: line 257: 750362 Killed                  setsid "$BIN_HUB" "${HARGS[@]}" > "$hlog" 2>&1 < /dev/null
pbsprobe/pbs_sweep.sh: line 296: 751645 Killed                  setsid bash -c "exec '$wlbin' --port $port --resume_file '$resume_f' $params $extra" > "$wlog" 2>&1 < /dev/null
[639/2243] S028tcprr.tcp___epg_index_p25 dump=0 restore=0 verdict=ok
pbsprobe/pbs_sweep.sh: line 257: 751638 Killed                  setsid "$BIN_HUB" "${HARGS[@]}" > "$hlog" 2>&1 < /dev/null
pbsprobe/pbs_sweep.sh: line 296: 752925 Killed                  setsid bash -c "exec '$wlbin' --port $port --resume_file '$resume_f' $params $extra" > "$wlog" 2>&1 < /dev/null
[640/2243] S028tcprr.tcp___epg_index_p50 dump=0 restore=0 verdict=ok
pbsprobe/pbs_sweep.sh: line 257: 752918 Killed                  setsid "$BIN_HUB" "${HARGS[@]}" > "$hlog" 2>&1 < /dev/null
pbsprobe/pbs_sweep.sh: line 296: 754203 Killed                  setsid bash -c "exec '$wlbin' --port $port --resume_file '$resume_f' $params $extra" > "$wlog" 2>&1 < /dev/null
[641/2243] S028tcprr.tcp___epg_index_p75 dump=0 restore=0 verdict=ok
pbsprobe/pbs_sweep.sh: line 257: 754196 Killed                  setsid "$BIN_HUB" "${HARGS[@]}" > "$hlog" 2>&1 < /dev/null
pbsprobe/pbs_sweep.sh: line 296: 755482 Killed                  setsid bash -c "exec '$wlbin' --port $port --resume_file '$resume_f' $params $extra" > "$wlog" 2>&1 < /dev/null
[642/2243] S028tcprr.tcp___epg_text dump=0 restore=0 verdict=ok
pbsprobe/pbs_sweep.sh: line 257: 755475 Killed                  setsid "$BIN_HUB" "${HARGS[@]}" > "$hlog" 2>&1 < /dev/null
pbsprobe/pbs_sweep.sh: line 296: 756762 Killed                  setsid bash -c "exec '$wlbin' --port $port --resume_file '$resume_f' $params $extra" > "$wlog" 2>&1 < /dev/null
[643/2243] S028tcprr.tcp___epg_reserve dump=0 restore=0 verdict=ok
pbsprobe/pbs_sweep.sh: line 257: 756755 Killed                  setsid "$BIN_HUB" "${HARGS[@]}" > "$hlog" 2>&1 < /dev/null
[644/2243] S028tcprr.tcp___hub_conn1 dump=1 restore=na verdict=dump_fail
pbsprobe/pbs_sweep.sh: line 257: 758027 Killed                  setsid "$BIN_HUB" "${HARGS[@]}" > "$hlog" 2>&1 < /dev/null
pbsprobe/pbs_sweep.sh: line 257: 758034 Killed                  setsid bash -c "exec '$wlbin' --port $port --resume_file '$resume_f' $params $extra" > "$wlog" 2>&1 < /dev/null
[645/2243] S028tcprr.tcp___hub_conn2 dump=1 restore=na verdict=dump_fail
pbsprobe/pbs_sweep.sh: line 257: 758911 Killed                  setsid "$BIN_HUB" "${HARGS[@]}" > "$hlog" 2>&1 < /dev/null
pbsprobe/pbs_sweep.sh: line 257: 758918 Killed                  setsid bash -c "exec '$wlbin' --port $port --resume_file '$resume_f' $params $extra" > "$wlog" 2>&1 < /dev/null
[646/2243] S028tcprr.tcp___hub_conn3 dump=1 restore=na verdict=dump_fail
pbsprobe/pbs_sweep.sh: line 257: 759846 Killed                  setsid "$BIN_HUB" "${HARGS[@]}" > "$hlog" 2>&1 < /dev/null
pbsprobe/pbs_sweep.sh: line 257: 759853 Killed                  setsid bash -c "exec '$wlbin' --port $port --resume_file '$resume_f' $params $extra" > "$wlog" 2>&1 < /dev/null
[647/2243] S028tcprr.tcp___hub_conn4 dump=1 restore=na verdict=dump_fail
pbsprobe/pbs_sweep.sh: line 257: 760822 Killed                  setsid "$BIN_HUB" "${HARGS[@]}" > "$hlog" 2>&1 < /dev/null
pbsprobe/pbs_sweep.sh: line 257: 760829 Killed                  setsid bash -c "exec '$wlbin' --port $port --resume_file '$resume_f' $params $extra" > "$wlog" 2>&1 < /dev/null
[648/2243] S028tcprr.tcp___hub_subscribed dump=1 restore=na verdict=dump_fail
pbsprobe/pbs_sweep.sh: line 257: 761862 Killed                  setsid "$BIN_HUB" "${HARGS[@]}" > "$hlog" 2>&1 < /dev/null
pbsprobe/pbs_sweep.sh: line 257: 761869 Killed                  setsid bash -c "exec '$wlbin' --port $port --resume_file '$resume_f' $params $extra" > "$wlog" 2>&1 < /dev/null
[649/2243] S028tcprr.tcp___tcp_conn dump=1 restore=na verdict=dump_fail
pbsprobe/pbs_sweep.sh: line 257: 762968 Killed                  setsid "$BIN_HUB" "${HARGS[@]}" > "$hlog" 2>&1 < /dev/null
pbsprobe/pbs_sweep.sh: line 257: 762975 Killed                  setsid bash -c "exec '$wlbin' --port $port --resume_file '$resume_f' $params $extra" > "$wlog" 2>&1 < /dev/null
[650/2243] S028tcprr.tcp___timer_armed dump=1 restore=na verdict=dump_fail
pbsprobe/pbs_sweep.sh: line 257: 764096 Killed                  setsid "$BIN_HUB" "${HARGS[@]}" > "$hlog" 2>&1 < /dev/null
pbsprobe/pbs_sweep.sh: line 257: 764103 Killed                  setsid bash -c "exec '$wlbin' --port $port --resume_file '$resume_f' $params $extra" > "$wlog" 2>&1 < /dev/null
[651/2243] S028tcprr.tcp___db_watch dump=1 restore=na verdict=dump_fail
pbsprobe/pbs_sweep.sh: line 257: 765299 Killed                  setsid "$BIN_HUB" "${HARGS[@]}" > "$hlog" 2>&1 < /dev/null
pbsprobe/pbs_sweep.sh: line 257: 765306 Killed                  setsid bash -c "exec '$wlbin' --port $port --resume_file '$resume_f' $params $extra" > "$wlog" 2>&1 < /dev/null
[652/2243] S028tcprr.tcp___ready dump=1 restore=na verdict=dump_fail
pbsprobe/pbs_sweep.sh: line 257: 766535 Killed                  setsid "$BIN_HUB" "${HARGS[@]}" > "$hlog" 2>&1 < /dev/null
pbsprobe/pbs_sweep.sh: line 257: 766542 Killed                  setsid bash -c "exec '$wlbin' --port $port --resume_file '$resume_f' $params $extra" > "$wlog" 2>&1 < /dev/null
[653/2243] S028tcprr.tcp___steady dump=1 restore=na verdict=dump_fail
pbsprobe/pbs_sweep.sh: line 257: 767839 Killed                  setsid "$BIN_HUB" "${HARGS[@]}" > "$hlog" 2>&1 < /dev/null
pbsprobe/pbs_sweep.sh: line 257: 767846 Killed                  setsid bash -c "exec '$wlbin' --port $port --resume_file '$resume_f' $params $extra" > "$wlog" 2>&1 < /dev/null
pbsprobe/pbs_sweep.sh: line 296: 769222 Killed                  setsid bash -c "exec '$wlbin' --port $port --resume_file '$resume_f' $params $extra" > "$wlog" 2>&1 < /dev/null
[654/2243] S029tcprr.file__init dump=0 restore=0 verdict=ok
pbsprobe/pbs_sweep.sh: line 257: 769215 Killed                  setsid "$BIN_HUB" "${HARGS[@]}" > "$hlog" 2>&1 < /dev/null
pbsprobe/pbs_sweep.sh: line 296: 770535 Killed                  setsid bash -c "exec '$wlbin' --port $port --resume_file '$resume_f' $params $extra" > "$wlog" 2>&1 < /dev/null
[655/2243] S029tcprr.file__db_open dump=0 restore=0 verdict=ok
pbsprobe/pbs_sweep.sh: line 257: 770528 Killed                  setsid "$BIN_HUB" "${HARGS[@]}" > "$hlog" 2>&1 < /dev/null
pbsprobe/pbs_sweep.sh: line 296: 771822 Killed                  setsid bash -c "exec '$wlbin' --port $port --resume_file '$resume_f' $params $extra" > "$wlog" 2>&1 < /dev/null
[656/2243] S029tcprr.file__db_read dump=0 restore=0 verdict=ok
pbsprobe/pbs_sweep.sh: line 257: 771815 Killed                  setsid "$BIN_HUB" "${HARGS[@]}" > "$hlog" 2>&1 < /dev/null
pbsprobe/pbs_sweep.sh: line 296: 773094 Killed                  setsid bash -c "exec '$wlbin' --port $port --resume_file '$resume_f' $params $extra" > "$wlog" 2>&1 < /dev/null
[657/2243] S029tcprr.file__db_read_p25 dump=0 restore=0 verdict=ok
pbsprobe/pbs_sweep.sh: line 257: 773087 Killed                  setsid "$BIN_HUB" "${HARGS[@]}" > "$hlog" 2>&1 < /dev/null
pbsprobe/pbs_sweep.sh: line 296: 774386 Killed                  setsid bash -c "exec '$wlbin' --port $port --resume_file '$resume_f' $params $extra" > "$wlog" 2>&1 < /dev/null
[658/2243] S029tcprr.file__db_read_p50 dump=0 restore=0 verdict=ok
pbsprobe/pbs_sweep.sh: line 257: 774379 Killed                  setsid "$BIN_HUB" "${HARGS[@]}" > "$hlog" 2>&1 < /dev/null
pbsprobe/pbs_sweep.sh: line 296: 775666 Killed                  setsid bash -c "exec '$wlbin' --port $port --resume_file '$resume_f' $params $extra" > "$wlog" 2>&1 < /dev/null
[659/2243] S029tcprr.file__db_read_p75 dump=0 restore=0 verdict=ok
pbsprobe/pbs_sweep.sh: line 257: 775659 Killed                  setsid "$BIN_HUB" "${HARGS[@]}" > "$hlog" 2>&1 < /dev/null
pbsprobe/pbs_sweep.sh: line 296: 776982 Killed                  setsid bash -c "exec '$wlbin' --port $port --resume_file '$resume_f' $params $extra" > "$wlog" 2>&1 < /dev/null
[660/2243] S029tcprr.file__db_parse dump=0 restore=0 verdict=ok
pbsprobe/pbs_sweep.sh: line 257: 776975 Killed                  setsid "$BIN_HUB" "${HARGS[@]}" > "$hlog" 2>&1 < /dev/null
pbsprobe/pbs_sweep.sh: line 296: 778262 Killed                  setsid bash -c "exec '$wlbin' --port $port --resume_file '$resume_f' $params $extra" > "$wlog" 2>&1 < /dev/null
[661/2243] S029tcprr.file__db_parse_p25 dump=0 restore=0 verdict=ok
pbsprobe/pbs_sweep.sh: line 257: 778255 Killed                  setsid "$BIN_HUB" "${HARGS[@]}" > "$hlog" 2>&1 < /dev/null
pbsprobe/pbs_sweep.sh: line 296: 779545 Killed                  setsid bash -c "exec '$wlbin' --port $port --resume_file '$resume_f' $params $extra" > "$wlog" 2>&1 < /dev/null
[662/2243] S029tcprr.file__db_parse_p50 dump=0 restore=0 verdict=ok
pbsprobe/pbs_sweep.sh: line 257: 779538 Killed                  setsid "$BIN_HUB" "${HARGS[@]}" > "$hlog" 2>&1 < /dev/null
pbsprobe/pbs_sweep.sh: line 296: 780829 Killed                  setsid bash -c "exec '$wlbin' --port $port --resume_file '$resume_f' $params $extra" > "$wlog" 2>&1 < /dev/null
[663/2243] S029tcprr.file__db_parse_p75 dump=0 restore=0 verdict=ok
pbsprobe/pbs_sweep.sh: line 257: 780822 Killed                  setsid "$BIN_HUB" "${HARGS[@]}" > "$hlog" 2>&1 < /dev/null
pbsprobe/pbs_sweep.sh: line 296: 782104 Killed                  setsid bash -c "exec '$wlbin' --port $port --resume_file '$resume_f' $params $extra" > "$wlog" 2>&1 < /dev/null
[664/2243] S029tcprr.file__epg_index dump=0 restore=0 verdict=ok
pbsprobe/pbs_sweep.sh: line 257: 782097 Killed                  setsid "$BIN_HUB" "${HARGS[@]}" > "$hlog" 2>&1 < /dev/null
pbsprobe/pbs_sweep.sh: line 296: 783392 Killed                  setsid bash -c "exec '$wlbin' --port $port --resume_file '$resume_f' $params $extra" > "$wlog" 2>&1 < /dev/null
[665/2243] S029tcprr.file__epg_index_p25 dump=0 restore=0 verdict=ok
pbsprobe/pbs_sweep.sh: line 257: 783385 Killed                  setsid "$BIN_HUB" "${HARGS[@]}" > "$hlog" 2>&1 < /dev/null
pbsprobe/pbs_sweep.sh: line 296: 784672 Killed                  setsid bash -c "exec '$wlbin' --port $port --resume_file '$resume_f' $params $extra" > "$wlog" 2>&1 < /dev/null
[666/2243] S029tcprr.file__epg_index_p50 dump=0 restore=0 verdict=ok
pbsprobe/pbs_sweep.sh: line 257: 784665 Killed                  setsid "$BIN_HUB" "${HARGS[@]}" > "$hlog" 2>&1 < /dev/null
pbsprobe/pbs_sweep.sh: line 296: 785938 Killed                  setsid bash -c "exec '$wlbin' --port $port --resume_file '$resume_f' $params $extra" > "$wlog" 2>&1 < /dev/null
[667/2243] S029tcprr.file__epg_index_p75 dump=0 restore=0 verdict=ok
pbsprobe/pbs_sweep.sh: line 257: 785931 Killed                  setsid "$BIN_HUB" "${HARGS[@]}" > "$hlog" 2>&1 < /dev/null
pbsprobe/pbs_sweep.sh: line 296: 787213 Killed                  setsid bash -c "exec '$wlbin' --port $port --resume_file '$resume_f' $params $extra" > "$wlog" 2>&1 < /dev/null
[668/2243] S029tcprr.file__epg_text dump=0 restore=0 verdict=ok
pbsprobe/pbs_sweep.sh: line 257: 787206 Killed                  setsid "$BIN_HUB" "${HARGS[@]}" > "$hlog" 2>&1 < /dev/null
pbsprobe/pbs_sweep.sh: line 296: 788485 Killed                  setsid bash -c "exec '$wlbin' --port $port --resume_file '$resume_f' $params $extra" > "$wlog" 2>&1 < /dev/null
[669/2243] S029tcprr.file__epg_reserve dump=0 restore=0 verdict=ok
pbsprobe/pbs_sweep.sh: line 257: 788478 Killed                  setsid "$BIN_HUB" "${HARGS[@]}" > "$hlog" 2>&1 < /dev/null
[670/2243] S029tcprr.file__hub_conn1 dump=1 restore=na verdict=dump_fail
pbsprobe/pbs_sweep.sh: line 257: 789754 Killed                  setsid "$BIN_HUB" "${HARGS[@]}" > "$hlog" 2>&1 < /dev/null
pbsprobe/pbs_sweep.sh: line 257: 789761 Killed                  setsid bash -c "exec '$wlbin' --port $port --resume_file '$resume_f' $params $extra" > "$wlog" 2>&1 < /dev/null
[671/2243] S029tcprr.file__hub_conn2 dump=1 restore=na verdict=dump_fail
pbsprobe/pbs_sweep.sh: line 257: 790626 Killed                  setsid "$BIN_HUB" "${HARGS[@]}" > "$hlog" 2>&1 < /dev/null
pbsprobe/pbs_sweep.sh: line 257: 790633 Killed                  setsid bash -c "exec '$wlbin' --port $port --resume_file '$resume_f' $params $extra" > "$wlog" 2>&1 < /dev/null
[672/2243] S029tcprr.file__hub_conn3 dump=1 restore=na verdict=dump_fail
pbsprobe/pbs_sweep.sh: line 257: 791565 Killed                  setsid "$BIN_HUB" "${HARGS[@]}" > "$hlog" 2>&1 < /dev/null
pbsprobe/pbs_sweep.sh: line 257: 791572 Killed                  setsid bash -c "exec '$wlbin' --port $port --resume_file '$resume_f' $params $extra" > "$wlog" 2>&1 < /dev/null
[673/2243] S029tcprr.file__hub_conn4 dump=1 restore=na verdict=dump_fail
pbsprobe/pbs_sweep.sh: line 257: 792549 Killed                  setsid "$BIN_HUB" "${HARGS[@]}" > "$hlog" 2>&1 < /dev/null
pbsprobe/pbs_sweep.sh: line 257: 792556 Killed                  setsid bash -c "exec '$wlbin' --port $port --resume_file '$resume_f' $params $extra" > "$wlog" 2>&1 < /dev/null
[674/2243] S029tcprr.file__hub_subscribed dump=1 restore=na verdict=dump_fail
pbsprobe/pbs_sweep.sh: line 257: 793582 Killed                  setsid "$BIN_HUB" "${HARGS[@]}" > "$hlog" 2>&1 < /dev/null
pbsprobe/pbs_sweep.sh: line 257: 793589 Killed                  setsid bash -c "exec '$wlbin' --port $port --resume_file '$resume_f' $params $extra" > "$wlog" 2>&1 < /dev/null
[675/2243] S029tcprr.file__tcp_conn dump=1 restore=na verdict=dump_fail
pbsprobe/pbs_sweep.sh: line 257: 794684 Killed                  setsid "$BIN_HUB" "${HARGS[@]}" > "$hlog" 2>&1 < /dev/null
pbsprobe/pbs_sweep.sh: line 257: 794691 Killed                  setsid bash -c "exec '$wlbin' --port $port --resume_file '$resume_f' $params $extra" > "$wlog" 2>&1 < /dev/null
[676/2243] S029tcprr.file__timer_armed dump=1 restore=na verdict=dump_fail
pbsprobe/pbs_sweep.sh: line 257: 795824 Killed                  setsid "$BIN_HUB" "${HARGS[@]}" > "$hlog" 2>&1 < /dev/null
pbsprobe/pbs_sweep.sh: line 257: 795831 Killed                  setsid bash -c "exec '$wlbin' --port $port --resume_file '$resume_f' $params $extra" > "$wlog" 2>&1 < /dev/null
[677/2243] S029tcprr.file__db_watch dump=1 restore=na verdict=dump_fail
pbsprobe/pbs_sweep.sh: line 257: 797023 Killed                  setsid "$BIN_HUB" "${HARGS[@]}" > "$hlog" 2>&1 < /dev/null
pbsprobe/pbs_sweep.sh: line 257: 797030 Killed                  setsid bash -c "exec '$wlbin' --port $port --resume_file '$resume_f' $params $extra" > "$wlog" 2>&1 < /dev/null
[678/2243] S029tcprr.file__ready dump=1 restore=na verdict=dump_fail
pbsprobe/pbs_sweep.sh: line 257: 798259 Killed                  setsid "$BIN_HUB" "${HARGS[@]}" > "$hlog" 2>&1 < /dev/null
pbsprobe/pbs_sweep.sh: line 257: 798266 Killed                  setsid bash -c "exec '$wlbin' --port $port --resume_file '$resume_f' $params $extra" > "$wlog" 2>&1 < /dev/null
[679/2243] S029tcprr.file__steady dump=1 restore=na verdict=dump_fail
pbsprobe/pbs_sweep.sh: line 257: 799559 Killed                  setsid "$BIN_HUB" "${HARGS[@]}" > "$hlog" 2>&1 < /dev/null
pbsprobe/pbs_sweep.sh: line 257: 799566 Killed                  setsid bash -c "exec '$wlbin' --port $port --resume_file '$resume_f' $params $extra" > "$wlog" 2>&1 < /dev/null
pbsprobe/pbs_sweep.sh: line 296: 800903 Killed                  setsid bash -c "exec '$wlbin' --port $port --resume_file '$resume_f' $params $extra" > "$wlog" 2>&1 < /dev/null
[680/2243] S030tcprr.perm__init dump=0 restore=0 verdict=ok
pbsprobe/pbs_sweep.sh: line 257: 800896 Killed                  setsid "$BIN_HUB" "${HARGS[@]}" > "$hlog" 2>&1 < /dev/null
pbsprobe/pbs_sweep.sh: line 296: 802243 Killed                  setsid bash -c "exec '$wlbin' --port $port --resume_file '$resume_f' $params $extra" > "$wlog" 2>&1 < /dev/null
[681/2243] S030tcprr.perm__db_open dump=0 restore=0 verdict=ok
pbsprobe/pbs_sweep.sh: line 257: 802236 Killed                  setsid "$BIN_HUB" "${HARGS[@]}" > "$hlog" 2>&1 < /dev/null
pbsprobe/pbs_sweep.sh: line 296: 803570 Killed                  setsid bash -c "exec '$wlbin' --port $port --resume_file '$resume_f' $params $extra" > "$wlog" 2>&1 < /dev/null
[682/2243] S030tcprr.perm__db_read dump=0 restore=0 verdict=ok
pbsprobe/pbs_sweep.sh: line 257: 803563 Killed                  setsid "$BIN_HUB" "${HARGS[@]}" > "$hlog" 2>&1 < /dev/null
pbsprobe/pbs_sweep.sh: line 296: 804930 Killed                  setsid bash -c "exec '$wlbin' --port $port --resume_file '$resume_f' $params $extra" > "$wlog" 2>&1 < /dev/null
[683/2243] S030tcprr.perm__db_read_p25 dump=0 restore=0 verdict=ok
pbsprobe/pbs_sweep.sh: line 257: 804923 Killed                  setsid "$BIN_HUB" "${HARGS[@]}" > "$hlog" 2>&1 < /dev/null
pbsprobe/pbs_sweep.sh: line 296: 806278 Killed                  setsid bash -c "exec '$wlbin' --port $port --resume_file '$resume_f' $params $extra" > "$wlog" 2>&1 < /dev/null
[684/2243] S030tcprr.perm__db_read_p50 dump=0 restore=0 verdict=ok
pbsprobe/pbs_sweep.sh: line 257: 806271 Killed                  setsid "$BIN_HUB" "${HARGS[@]}" > "$hlog" 2>&1 < /dev/null
pbsprobe/pbs_sweep.sh: line 296: 807634 Killed                  setsid bash -c "exec '$wlbin' --port $port --resume_file '$resume_f' $params $extra" > "$wlog" 2>&1 < /dev/null
[685/2243] S030tcprr.perm__db_read_p75 dump=0 restore=0 verdict=ok
pbsprobe/pbs_sweep.sh: line 257: 807627 Killed                  setsid "$BIN_HUB" "${HARGS[@]}" > "$hlog" 2>&1 < /dev/null
pbsprobe/pbs_sweep.sh: line 296: 808955 Killed                  setsid bash -c "exec '$wlbin' --port $port --resume_file '$resume_f' $params $extra" > "$wlog" 2>&1 < /dev/null
[686/2243] S030tcprr.perm__db_parse dump=0 restore=0 verdict=ok
pbsprobe/pbs_sweep.sh: line 257: 808948 Killed                  setsid "$BIN_HUB" "${HARGS[@]}" > "$hlog" 2>&1 < /dev/null
pbsprobe/pbs_sweep.sh: line 296: 810219 Killed                  setsid bash -c "exec '$wlbin' --port $port --resume_file '$resume_f' $params $extra" > "$wlog" 2>&1 < /dev/null
[687/2243] S030tcprr.perm__db_parse_p25 dump=0 restore=0 verdict=ok
pbsprobe/pbs_sweep.sh: line 257: 810212 Killed                  setsid "$BIN_HUB" "${HARGS[@]}" > "$hlog" 2>&1 < /dev/null
pbsprobe/pbs_sweep.sh: line 296: 811510 Killed                  setsid bash -c "exec '$wlbin' --port $port --resume_file '$resume_f' $params $extra" > "$wlog" 2>&1 < /dev/null
[688/2243] S030tcprr.perm__db_parse_p50 dump=0 restore=0 verdict=ok
pbsprobe/pbs_sweep.sh: line 257: 811503 Killed                  setsid "$BIN_HUB" "${HARGS[@]}" > "$hlog" 2>&1 < /dev/null
pbsprobe/pbs_sweep.sh: line 296: 812826 Killed                  setsid bash -c "exec '$wlbin' --port $port --resume_file '$resume_f' $params $extra" > "$wlog" 2>&1 < /dev/null
[689/2243] S030tcprr.perm__db_parse_p75 dump=0 restore=0 verdict=ok
pbsprobe/pbs_sweep.sh: line 257: 812819 Killed                  setsid "$BIN_HUB" "${HARGS[@]}" > "$hlog" 2>&1 < /dev/null
pbsprobe/pbs_sweep.sh: line 296: 814126 Killed                  setsid bash -c "exec '$wlbin' --port $port --resume_file '$resume_f' $params $extra" > "$wlog" 2>&1 < /dev/null
[690/2243] S030tcprr.perm__epg_index dump=0 restore=0 verdict=ok
pbsprobe/pbs_sweep.sh: line 257: 814119 Killed                  setsid "$BIN_HUB" "${HARGS[@]}" > "$hlog" 2>&1 < /dev/null
pbsprobe/pbs_sweep.sh: line 296: 815458 Killed                  setsid bash -c "exec '$wlbin' --port $port --resume_file '$resume_f' $params $extra" > "$wlog" 2>&1 < /dev/null
[691/2243] S030tcprr.perm__epg_index_p25 dump=0 restore=0 verdict=ok
pbsprobe/pbs_sweep.sh: line 257: 815451 Killed                  setsid "$BIN_HUB" "${HARGS[@]}" > "$hlog" 2>&1 < /dev/null
pbsprobe/pbs_sweep.sh: line 296: 816822 Killed                  setsid bash -c "exec '$wlbin' --port $port --resume_file '$resume_f' $params $extra" > "$wlog" 2>&1 < /dev/null
[692/2243] S030tcprr.perm__epg_index_p50 dump=0 restore=0 verdict=ok
pbsprobe/pbs_sweep.sh: line 257: 816815 Killed                  setsid "$BIN_HUB" "${HARGS[@]}" > "$hlog" 2>&1 < /dev/null
pbsprobe/pbs_sweep.sh: line 296: 818191 Killed                  setsid bash -c "exec '$wlbin' --port $port --resume_file '$resume_f' $params $extra" > "$wlog" 2>&1 < /dev/null
[693/2243] S030tcprr.perm__epg_index_p75 dump=0 restore=0 verdict=ok
pbsprobe/pbs_sweep.sh: line 257: 818184 Killed                  setsid "$BIN_HUB" "${HARGS[@]}" > "$hlog" 2>&1 < /dev/null
pbsprobe/pbs_sweep.sh: line 296: 819514 Killed                  setsid bash -c "exec '$wlbin' --port $port --resume_file '$resume_f' $params $extra" > "$wlog" 2>&1 < /dev/null
[694/2243] S030tcprr.perm__epg_text dump=0 restore=0 verdict=ok
pbsprobe/pbs_sweep.sh: line 257: 819507 Killed                  setsid "$BIN_HUB" "${HARGS[@]}" > "$hlog" 2>&1 < /dev/null
pbsprobe/pbs_sweep.sh: line 296: 820825 Killed                  setsid bash -c "exec '$wlbin' --port $port --resume_file '$resume_f' $params $extra" > "$wlog" 2>&1 < /dev/null
[695/2243] S030tcprr.perm__epg_reserve dump=0 restore=0 verdict=ok
pbsprobe/pbs_sweep.sh: line 257: 820818 Killed                  setsid "$BIN_HUB" "${HARGS[@]}" > "$hlog" 2>&1 < /dev/null
[696/2243] S030tcprr.perm__hub_conn1 dump=1 restore=na verdict=dump_fail
pbsprobe/pbs_sweep.sh: line 257: 822154 Killed                  setsid "$BIN_HUB" "${HARGS[@]}" > "$hlog" 2>&1 < /dev/null
pbsprobe/pbs_sweep.sh: line 257: 822161 Killed                  setsid bash -c "exec '$wlbin' --port $port --resume_file '$resume_f' $params $extra" > "$wlog" 2>&1 < /dev/null
[697/2243] S030tcprr.perm__hub_conn2 dump=1 restore=na verdict=dump_fail
pbsprobe/pbs_sweep.sh: line 257: 823055 Killed                  setsid "$BIN_HUB" "${HARGS[@]}" > "$hlog" 2>&1 < /dev/null
pbsprobe/pbs_sweep.sh: line 257: 823062 Killed                  setsid bash -c "exec '$wlbin' --port $port --resume_file '$resume_f' $params $extra" > "$wlog" 2>&1 < /dev/null
[698/2243] S030tcprr.perm__hub_conn3 dump=1 restore=na verdict=dump_fail
pbsprobe/pbs_sweep.sh: line 257: 824011 Killed                  setsid "$BIN_HUB" "${HARGS[@]}" > "$hlog" 2>&1 < /dev/null
pbsprobe/pbs_sweep.sh: line 257: 824018 Killed                  setsid bash -c "exec '$wlbin' --port $port --resume_file '$resume_f' $params $extra" > "$wlog" 2>&1 < /dev/null
[699/2243] S030tcprr.perm__hub_conn4 dump=1 restore=na verdict=dump_fail
pbsprobe/pbs_sweep.sh: line 257: 825034 Killed                  setsid "$BIN_HUB" "${HARGS[@]}" > "$hlog" 2>&1 < /dev/null
pbsprobe/pbs_sweep.sh: line 257: 825041 Killed                  setsid bash -c "exec '$wlbin' --port $port --resume_file '$resume_f' $params $extra" > "$wlog" 2>&1 < /dev/null
[700/2243] S030tcprr.perm__hub_subscribed dump=1 restore=na verdict=dump_fail
pbsprobe/pbs_sweep.sh: line 257: 826090 Killed                  setsid "$BIN_HUB" "${HARGS[@]}" > "$hlog" 2>&1 < /dev/null
pbsprobe/pbs_sweep.sh: line 257: 826097 Killed                  setsid bash -c "exec '$wlbin' --port $port --resume_file '$resume_f' $params $extra" > "$wlog" 2>&1 < /dev/null
[701/2243] S030tcprr.perm__tcp_conn dump=1 restore=na verdict=dump_fail
pbsprobe/pbs_sweep.sh: line 257: 827196 Killed                  setsid "$BIN_HUB" "${HARGS[@]}" > "$hlog" 2>&1 < /dev/null
pbsprobe/pbs_sweep.sh: line 257: 827203 Killed                  setsid bash -c "exec '$wlbin' --port $port --resume_file '$resume_f' $params $extra" > "$wlog" 2>&1 < /dev/null
[702/2243] S030tcprr.perm__timer_armed dump=1 restore=na verdict=dump_fail
pbsprobe/pbs_sweep.sh: line 257: 828328 Killed                  setsid "$BIN_HUB" "${HARGS[@]}" > "$hlog" 2>&1 < /dev/null
pbsprobe/pbs_sweep.sh: line 257: 828335 Killed                  setsid bash -c "exec '$wlbin' --port $port --resume_file '$resume_f' $params $extra" > "$wlog" 2>&1 < /dev/null
[703/2243] S030tcprr.perm__db_watch dump=1 restore=na verdict=dump_fail
pbsprobe/pbs_sweep.sh: line 257: 829531 Killed                  setsid "$BIN_HUB" "${HARGS[@]}" > "$hlog" 2>&1 < /dev/null
pbsprobe/pbs_sweep.sh: line 257: 829538 Killed                  setsid bash -c "exec '$wlbin' --port $port --resume_file '$resume_f' $params $extra" > "$wlog" 2>&1 < /dev/null
[704/2243] S030tcprr.perm__ready dump=1 restore=na verdict=dump_fail
pbsprobe/pbs_sweep.sh: line 257: 830807 Killed                  setsid "$BIN_HUB" "${HARGS[@]}" > "$hlog" 2>&1 < /dev/null
pbsprobe/pbs_sweep.sh: line 257: 830814 Killed                  setsid bash -c "exec '$wlbin' --port $port --resume_file '$resume_f' $params $extra" > "$wlog" 2>&1 < /dev/null
[705/2243] S030tcprr.perm__steady dump=1 restore=na verdict=dump_fail
pbsprobe/pbs_sweep.sh: line 257: 832155 Killed                  setsid "$BIN_HUB" "${HARGS[@]}" > "$hlog" 2>&1 < /dev/null
pbsprobe/pbs_sweep.sh: line 257: 832162 Killed                  setsid bash -c "exec '$wlbin' --port $port --resume_file '$resume_f' $params $extra" > "$wlog" 2>&1 < /dev/null
pbsprobe/pbs_sweep.sh: line 296: 833578 Killed                  setsid bash -c "exec '$wlbin' --port $port --resume_file '$resume_f' $params $extra" > "$wlog" 2>&1 < /dev/null
[706/2243] S031tcpst.stri__init dump=0 restore=0 verdict=ok
pbsprobe/pbs_sweep.sh: line 257: 833571 Killed                  setsid "$BIN_HUB" "${HARGS[@]}" > "$hlog" 2>&1 < /dev/null
pbsprobe/pbs_sweep.sh: line 296: 834909 Killed                  setsid bash -c "exec '$wlbin' --port $port --resume_file '$resume_f' $params $extra" > "$wlog" 2>&1 < /dev/null
[707/2243] S031tcpst.stri__db_open dump=0 restore=0 verdict=ok
pbsprobe/pbs_sweep.sh: line 257: 834899 Killed                  setsid "$BIN_HUB" "${HARGS[@]}" > "$hlog" 2>&1 < /dev/null
pbsprobe/pbs_sweep.sh: line 296: 836237 Killed                  setsid bash -c "exec '$wlbin' --port $port --resume_file '$resume_f' $params $extra" > "$wlog" 2>&1 < /dev/null
[708/2243] S031tcpst.stri__db_read dump=0 restore=0 verdict=ok
pbsprobe/pbs_sweep.sh: line 257: 836230 Killed                  setsid "$BIN_HUB" "${HARGS[@]}" > "$hlog" 2>&1 < /dev/null
pbsprobe/pbs_sweep.sh: line 296: 837553 Killed                  setsid bash -c "exec '$wlbin' --port $port --resume_file '$resume_f' $params $extra" > "$wlog" 2>&1 < /dev/null
[709/2243] S031tcpst.stri__db_read_p25 dump=0 restore=0 verdict=ok
pbsprobe/pbs_sweep.sh: line 257: 837546 Killed                  setsid "$BIN_HUB" "${HARGS[@]}" > "$hlog" 2>&1 < /dev/null
pbsprobe/pbs_sweep.sh: line 296: 838873 Killed                  setsid bash -c "exec '$wlbin' --port $port --resume_file '$resume_f' $params $extra" > "$wlog" 2>&1 < /dev/null
[710/2243] S031tcpst.stri__db_read_p50 dump=0 restore=0 verdict=ok
pbsprobe/pbs_sweep.sh: line 257: 838866 Killed                  setsid "$BIN_HUB" "${HARGS[@]}" > "$hlog" 2>&1 < /dev/null
pbsprobe/pbs_sweep.sh: line 296: 840189 Killed                  setsid bash -c "exec '$wlbin' --port $port --resume_file '$resume_f' $params $extra" > "$wlog" 2>&1 < /dev/null
[711/2243] S031tcpst.stri__db_read_p75 dump=0 restore=0 verdict=ok
pbsprobe/pbs_sweep.sh: line 257: 840182 Killed                  setsid "$BIN_HUB" "${HARGS[@]}" > "$hlog" 2>&1 < /dev/null
pbsprobe/pbs_sweep.sh: line 296: 841473 Killed                  setsid bash -c "exec '$wlbin' --port $port --resume_file '$resume_f' $params $extra" > "$wlog" 2>&1 < /dev/null
[712/2243] S031tcpst.stri__db_parse dump=0 restore=0 verdict=ok
pbsprobe/pbs_sweep.sh: line 257: 841466 Killed                  setsid "$BIN_HUB" "${HARGS[@]}" > "$hlog" 2>&1 < /dev/null
pbsprobe/pbs_sweep.sh: line 296: 842790 Killed                  setsid bash -c "exec '$wlbin' --port $port --resume_file '$resume_f' $params $extra" > "$wlog" 2>&1 < /dev/null
[713/2243] S031tcpst.stri__db_parse_p25 dump=0 restore=0 verdict=ok
pbsprobe/pbs_sweep.sh: line 257: 842783 Killed                  setsid "$BIN_HUB" "${HARGS[@]}" > "$hlog" 2>&1 < /dev/null
pbsprobe/pbs_sweep.sh: line 296: 844121 Killed                  setsid bash -c "exec '$wlbin' --port $port --resume_file '$resume_f' $params $extra" > "$wlog" 2>&1 < /dev/null
[714/2243] S031tcpst.stri__db_parse_p50 dump=0 restore=0 verdict=ok
pbsprobe/pbs_sweep.sh: line 257: 844114 Killed                  setsid "$BIN_HUB" "${HARGS[@]}" > "$hlog" 2>&1 < /dev/null
pbsprobe/pbs_sweep.sh: line 296: 845464 Killed                  setsid bash -c "exec '$wlbin' --port $port --resume_file '$resume_f' $params $extra" > "$wlog" 2>&1 < /dev/null
[715/2243] S031tcpst.stri__db_parse_p75 dump=0 restore=0 verdict=ok
pbsprobe/pbs_sweep.sh: line 257: 845457 Killed                  setsid "$BIN_HUB" "${HARGS[@]}" > "$hlog" 2>&1 < /dev/null
pbsprobe/pbs_sweep.sh: line 296: 846804 Killed                  setsid bash -c "exec '$wlbin' --port $port --resume_file '$resume_f' $params $extra" > "$wlog" 2>&1 < /dev/null
[716/2243] S031tcpst.stri__epg_index dump=0 restore=0 verdict=ok
pbsprobe/pbs_sweep.sh: line 257: 846797 Killed                  setsid "$BIN_HUB" "${HARGS[@]}" > "$hlog" 2>&1 < /dev/null
pbsprobe/pbs_sweep.sh: line 296: 848128 Killed                  setsid bash -c "exec '$wlbin' --port $port --resume_file '$resume_f' $params $extra" > "$wlog" 2>&1 < /dev/null
[717/2243] S031tcpst.stri__epg_index_p25 dump=0 restore=0 verdict=ok
pbsprobe/pbs_sweep.sh: line 257: 848121 Killed                  setsid "$BIN_HUB" "${HARGS[@]}" > "$hlog" 2>&1 < /dev/null
pbsprobe/pbs_sweep.sh: line 296: 849402 Killed                  setsid bash -c "exec '$wlbin' --port $port --resume_file '$resume_f' $params $extra" > "$wlog" 2>&1 < /dev/null
[718/2243] S031tcpst.stri__epg_index_p50 dump=0 restore=0 verdict=ok
pbsprobe/pbs_sweep.sh: line 257: 849395 Killed                  setsid "$BIN_HUB" "${HARGS[@]}" > "$hlog" 2>&1 < /dev/null
pbsprobe/pbs_sweep.sh: line 296: 850690 Killed                  setsid bash -c "exec '$wlbin' --port $port --resume_file '$resume_f' $params $extra" > "$wlog" 2>&1 < /dev/null
[719/2243] S031tcpst.stri__epg_index_p75 dump=0 restore=0 verdict=ok
pbsprobe/pbs_sweep.sh: line 257: 850683 Killed                  setsid "$BIN_HUB" "${HARGS[@]}" > "$hlog" 2>&1 < /dev/null
pbsprobe/pbs_sweep.sh: line 296: 852009 Killed                  setsid bash -c "exec '$wlbin' --port $port --resume_file '$resume_f' $params $extra" > "$wlog" 2>&1 < /dev/null
[720/2243] S031tcpst.stri__epg_text dump=0 restore=0 verdict=ok
pbsprobe/pbs_sweep.sh: line 257: 852002 Killed                  setsid "$BIN_HUB" "${HARGS[@]}" > "$hlog" 2>&1 < /dev/null
pbsprobe/pbs_sweep.sh: line 296: 853341 Killed                  setsid bash -c "exec '$wlbin' --port $port --resume_file '$resume_f' $params $extra" > "$wlog" 2>&1 < /dev/null
[721/2243] S031tcpst.stri__epg_reserve dump=0 restore=0 verdict=ok
pbsprobe/pbs_sweep.sh: line 257: 853334 Killed                  setsid "$BIN_HUB" "${HARGS[@]}" > "$hlog" 2>&1 < /dev/null
[722/2243] S031tcpst.stri__hub_conn1 dump=1 restore=na verdict=dump_fail
pbsprobe/pbs_sweep.sh: line 257: 854686 Killed                  setsid "$BIN_HUB" "${HARGS[@]}" > "$hlog" 2>&1 < /dev/null
pbsprobe/pbs_sweep.sh: line 257: 854693 Killed                  setsid bash -c "exec '$wlbin' --port $port --resume_file '$resume_f' $params $extra" > "$wlog" 2>&1 < /dev/null
[723/2243] S031tcpst.stri__hub_conn2 dump=1 restore=na verdict=dump_fail
pbsprobe/pbs_sweep.sh: line 257: 855598 Killed                  setsid "$BIN_HUB" "${HARGS[@]}" > "$hlog" 2>&1 < /dev/null
pbsprobe/pbs_sweep.sh: line 257: 855605 Killed                  setsid bash -c "exec '$wlbin' --port $port --resume_file '$resume_f' $params $extra" > "$wlog" 2>&1 < /dev/null
[724/2243] S031tcpst.stri__hub_conn3 dump=1 restore=na verdict=dump_fail
pbsprobe/pbs_sweep.sh: line 257: 856553 Killed                  setsid "$BIN_HUB" "${HARGS[@]}" > "$hlog" 2>&1 < /dev/null
pbsprobe/pbs_sweep.sh: line 257: 856560 Killed                  setsid bash -c "exec '$wlbin' --port $port --resume_file '$resume_f' $params $extra" > "$wlog" 2>&1 < /dev/null
[725/2243] S031tcpst.stri__hub_conn4 dump=1 restore=na verdict=dump_fail
pbsprobe/pbs_sweep.sh: line 257: 857541 Killed                  setsid "$BIN_HUB" "${HARGS[@]}" > "$hlog" 2>&1 < /dev/null
pbsprobe/pbs_sweep.sh: line 257: 857548 Killed                  setsid bash -c "exec '$wlbin' --port $port --resume_file '$resume_f' $params $extra" > "$wlog" 2>&1 < /dev/null
[726/2243] S031tcpst.stri__hub_subscribed dump=1 restore=na verdict=dump_fail
pbsprobe/pbs_sweep.sh: line 257: 858593 Killed                  setsid "$BIN_HUB" "${HARGS[@]}" > "$hlog" 2>&1 < /dev/null
pbsprobe/pbs_sweep.sh: line 257: 858600 Killed                  setsid bash -c "exec '$wlbin' --port $port --resume_file '$resume_f' $params $extra" > "$wlog" 2>&1 < /dev/null
[727/2243] S031tcpst.stri__tcp_conn dump=1 restore=na verdict=dump_fail
pbsprobe/pbs_sweep.sh: line 257: 859739 Killed                  setsid "$BIN_HUB" "${HARGS[@]}" > "$hlog" 2>&1 < /dev/null
pbsprobe/pbs_sweep.sh: line 257: 859746 Killed                  setsid bash -c "exec '$wlbin' --port $port --resume_file '$resume_f' $params $extra" > "$wlog" 2>&1 < /dev/null
[728/2243] S031tcpst.stri__timer_armed dump=1 restore=na verdict=dump_fail
pbsprobe/pbs_sweep.sh: line 257: 860915 Killed                  setsid "$BIN_HUB" "${HARGS[@]}" > "$hlog" 2>&1 < /dev/null
pbsprobe/pbs_sweep.sh: line 257: 860922 Killed                  setsid bash -c "exec '$wlbin' --port $port --resume_file '$resume_f' $params $extra" > "$wlog" 2>&1 < /dev/null
[729/2243] S031tcpst.stri__db_watch dump=1 restore=na verdict=dump_fail
pbsprobe/pbs_sweep.sh: line 257: 862170 Killed                  setsid "$BIN_HUB" "${HARGS[@]}" > "$hlog" 2>&1 < /dev/null
pbsprobe/pbs_sweep.sh: line 257: 862177 Killed                  setsid bash -c "exec '$wlbin' --port $port --resume_file '$resume_f' $params $extra" > "$wlog" 2>&1 < /dev/null
[730/2243] S031tcpst.stri__ready dump=1 restore=na verdict=dump_fail
pbsprobe/pbs_sweep.sh: line 257: 863524 Killed                  setsid "$BIN_HUB" "${HARGS[@]}" > "$hlog" 2>&1 < /dev/null
pbsprobe/pbs_sweep.sh: line 257: 863531 Killed                  setsid bash -c "exec '$wlbin' --port $port --resume_file '$resume_f' $params $extra" > "$wlog" 2>&1 < /dev/null
[731/2243] S031tcpst.stri__steady dump=1 restore=na verdict=dump_fail
pbsprobe/pbs_sweep.sh: line 257: 864905 Killed                  setsid "$BIN_HUB" "${HARGS[@]}" > "$hlog" 2>&1 < /dev/null
pbsprobe/pbs_sweep.sh: line 257: 864912 Killed                  setsid bash -c "exec '$wlbin' --port $port --resume_file '$resume_f' $params $extra" > "$wlog" 2>&1 < /dev/null
pbsprobe/pbs_sweep.sh: line 296: 866343 Killed                  setsid bash -c "exec '$wlbin' --port $port --resume_file '$resume_f' $params $extra" > "$wlog" 2>&1 < /dev/null
[732/2243] S032tcpst.ext___init dump=0 restore=0 verdict=ok
pbsprobe/pbs_sweep.sh: line 257: 866336 Killed                  setsid "$BIN_HUB" "${HARGS[@]}" > "$hlog" 2>&1 < /dev/null
pbsprobe/pbs_sweep.sh: line 296: 867663 Killed                  setsid bash -c "exec '$wlbin' --port $port --resume_file '$resume_f' $params $extra" > "$wlog" 2>&1 < /dev/null
[733/2243] S032tcpst.ext___db_open dump=0 restore=0 verdict=ok
pbsprobe/pbs_sweep.sh: line 257: 867656 Killed                  setsid "$BIN_HUB" "${HARGS[@]}" > "$hlog" 2>&1 < /dev/null
pbsprobe/pbs_sweep.sh: line 296: 869018 Killed                  setsid bash -c "exec '$wlbin' --port $port --resume_file '$resume_f' $params $extra" > "$wlog" 2>&1 < /dev/null
[734/2243] S032tcpst.ext___db_read dump=0 restore=0 verdict=ok
pbsprobe/pbs_sweep.sh: line 257: 869011 Killed                  setsid "$BIN_HUB" "${HARGS[@]}" > "$hlog" 2>&1 < /dev/null
pbsprobe/pbs_sweep.sh: line 296: 870366 Killed                  setsid bash -c "exec '$wlbin' --port $port --resume_file '$resume_f' $params $extra" > "$wlog" 2>&1 < /dev/null
[735/2243] S032tcpst.ext___db_read_p25 dump=0 restore=0 verdict=ok
pbsprobe/pbs_sweep.sh: line 257: 870359 Killed                  setsid "$BIN_HUB" "${HARGS[@]}" > "$hlog" 2>&1 < /dev/null
pbsprobe/pbs_sweep.sh: line 296: 871693 Killed                  setsid bash -c "exec '$wlbin' --port $port --resume_file '$resume_f' $params $extra" > "$wlog" 2>&1 < /dev/null
[736/2243] S032tcpst.ext___db_read_p50 dump=0 restore=0 verdict=ok
pbsprobe/pbs_sweep.sh: line 257: 871686 Killed                  setsid "$BIN_HUB" "${HARGS[@]}" > "$hlog" 2>&1 < /dev/null
pbsprobe/pbs_sweep.sh: line 296: 873008 Killed                  setsid bash -c "exec '$wlbin' --port $port --resume_file '$resume_f' $params $extra" > "$wlog" 2>&1 < /dev/null
[737/2243] S032tcpst.ext___db_read_p75 dump=0 restore=0 verdict=ok
pbsprobe/pbs_sweep.sh: line 257: 873001 Killed                  setsid "$BIN_HUB" "${HARGS[@]}" > "$hlog" 2>&1 < /dev/null
pbsprobe/pbs_sweep.sh: line 296: 874332 Killed                  setsid bash -c "exec '$wlbin' --port $port --resume_file '$resume_f' $params $extra" > "$wlog" 2>&1 < /dev/null
[738/2243] S032tcpst.ext___db_parse dump=0 restore=0 verdict=ok
pbsprobe/pbs_sweep.sh: line 257: 874325 Killed                  setsid "$BIN_HUB" "${HARGS[@]}" > "$hlog" 2>&1 < /dev/null
pbsprobe/pbs_sweep.sh: line 296: 875676 Killed                  setsid bash -c "exec '$wlbin' --port $port --resume_file '$resume_f' $params $extra" > "$wlog" 2>&1 < /dev/null
[739/2243] S032tcpst.ext___db_parse_p25 dump=0 restore=0 verdict=ok
pbsprobe/pbs_sweep.sh: line 257: 875669 Killed                  setsid "$BIN_HUB" "${HARGS[@]}" > "$hlog" 2>&1 < /dev/null
pbsprobe/pbs_sweep.sh: line 296: 876972 Killed                  setsid bash -c "exec '$wlbin' --port $port --resume_file '$resume_f' $params $extra" > "$wlog" 2>&1 < /dev/null
[740/2243] S032tcpst.ext___db_parse_p50 dump=0 restore=0 verdict=ok
pbsprobe/pbs_sweep.sh: line 257: 876965 Killed                  setsid "$BIN_HUB" "${HARGS[@]}" > "$hlog" 2>&1 < /dev/null
pbsprobe/pbs_sweep.sh: line 296: 878275 Killed                  setsid bash -c "exec '$wlbin' --port $port --resume_file '$resume_f' $params $extra" > "$wlog" 2>&1 < /dev/null
[741/2243] S032tcpst.ext___db_parse_p75 dump=0 restore=0 verdict=ok
pbsprobe/pbs_sweep.sh: line 257: 878268 Killed                  setsid "$BIN_HUB" "${HARGS[@]}" > "$hlog" 2>&1 < /dev/null
pbsprobe/pbs_sweep.sh: line 296: 879571 Killed                  setsid bash -c "exec '$wlbin' --port $port --resume_file '$resume_f' $params $extra" > "$wlog" 2>&1 < /dev/null
[742/2243] S032tcpst.ext___epg_index dump=0 restore=0 verdict=ok
pbsprobe/pbs_sweep.sh: line 257: 879564 Killed                  setsid "$BIN_HUB" "${HARGS[@]}" > "$hlog" 2>&1 < /dev/null
pbsprobe/pbs_sweep.sh: line 296: 880891 Killed                  setsid bash -c "exec '$wlbin' --port $port --resume_file '$resume_f' $params $extra" > "$wlog" 2>&1 < /dev/null
[743/2243] S032tcpst.ext___epg_index_p25 dump=0 restore=0 verdict=ok
pbsprobe/pbs_sweep.sh: line 257: 880884 Killed                  setsid "$BIN_HUB" "${HARGS[@]}" > "$hlog" 2>&1 < /dev/null
pbsprobe/pbs_sweep.sh: line 296: 882221 Killed                  setsid bash -c "exec '$wlbin' --port $port --resume_file '$resume_f' $params $extra" > "$wlog" 2>&1 < /dev/null
[744/2243] S032tcpst.ext___epg_index_p50 dump=0 restore=0 verdict=ok
pbsprobe/pbs_sweep.sh: line 257: 882214 Killed                  setsid "$BIN_HUB" "${HARGS[@]}" > "$hlog" 2>&1 < /dev/null
pbsprobe/pbs_sweep.sh: line 296: 883565 Killed                  setsid bash -c "exec '$wlbin' --port $port --resume_file '$resume_f' $params $extra" > "$wlog" 2>&1 < /dev/null
[745/2243] S032tcpst.ext___epg_index_p75 dump=0 restore=0 verdict=ok
pbsprobe/pbs_sweep.sh: line 257: 883558 Killed                  setsid "$BIN_HUB" "${HARGS[@]}" > "$hlog" 2>&1 < /dev/null
pbsprobe/pbs_sweep.sh: line 296: 884893 Killed                  setsid bash -c "exec '$wlbin' --port $port --resume_file '$resume_f' $params $extra" > "$wlog" 2>&1 < /dev/null
[746/2243] S032tcpst.ext___epg_text dump=0 restore=0 verdict=ok
pbsprobe/pbs_sweep.sh: line 257: 884886 Killed                  setsid "$BIN_HUB" "${HARGS[@]}" > "$hlog" 2>&1 < /dev/null
pbsprobe/pbs_sweep.sh: line 296: 886229 Killed                  setsid bash -c "exec '$wlbin' --port $port --resume_file '$resume_f' $params $extra" > "$wlog" 2>&1 < /dev/null
[747/2243] S032tcpst.ext___epg_reserve dump=0 restore=0 verdict=ok
pbsprobe/pbs_sweep.sh: line 257: 886222 Killed                  setsid "$BIN_HUB" "${HARGS[@]}" > "$hlog" 2>&1 < /dev/null
[748/2243] S032tcpst.ext___hub_conn1 dump=1 restore=na verdict=dump_fail
pbsprobe/pbs_sweep.sh: line 257: 887530 Killed                  setsid "$BIN_HUB" "${HARGS[@]}" > "$hlog" 2>&1 < /dev/null
pbsprobe/pbs_sweep.sh: line 257: 887537 Killed                  setsid bash -c "exec '$wlbin' --port $port --resume_file '$resume_f' $params $extra" > "$wlog" 2>&1 < /dev/null
[749/2243] S032tcpst.ext___hub_conn2 dump=1 restore=na verdict=dump_fail
pbsprobe/pbs_sweep.sh: line 257: 888418 Killed                  setsid "$BIN_HUB" "${HARGS[@]}" > "$hlog" 2>&1 < /dev/null
pbsprobe/pbs_sweep.sh: line 257: 888425 Killed                  setsid bash -c "exec '$wlbin' --port $port --resume_file '$resume_f' $params $extra" > "$wlog" 2>&1 < /dev/null
[750/2243] S032tcpst.ext___hub_conn3 dump=1 restore=na verdict=dump_fail
pbsprobe/pbs_sweep.sh: line 257: 889401 Killed                  setsid "$BIN_HUB" "${HARGS[@]}" > "$hlog" 2>&1 < /dev/null
pbsprobe/pbs_sweep.sh: line 257: 889408 Killed                  setsid bash -c "exec '$wlbin' --port $port --resume_file '$resume_f' $params $extra" > "$wlog" 2>&1 < /dev/null
[751/2243] S032tcpst.ext___hub_conn4 dump=1 restore=na verdict=dump_fail
pbsprobe/pbs_sweep.sh: line 257: 890393 Killed                  setsid "$BIN_HUB" "${HARGS[@]}" > "$hlog" 2>&1 < /dev/null
pbsprobe/pbs_sweep.sh: line 257: 890400 Killed                  setsid bash -c "exec '$wlbin' --port $port --resume_file '$resume_f' $params $extra" > "$wlog" 2>&1 < /dev/null
[752/2243] S032tcpst.ext___hub_subscribed dump=1 restore=na verdict=dump_fail
pbsprobe/pbs_sweep.sh: line 257: 891457 Killed                  setsid "$BIN_HUB" "${HARGS[@]}" > "$hlog" 2>&1 < /dev/null
pbsprobe/pbs_sweep.sh: line 257: 891464 Killed                  setsid bash -c "exec '$wlbin' --port $port --resume_file '$resume_f' $params $extra" > "$wlog" 2>&1 < /dev/null
[753/2243] S032tcpst.ext___tcp_conn dump=1 restore=na verdict=dump_fail
pbsprobe/pbs_sweep.sh: line 257: 892589 Killed                  setsid "$BIN_HUB" "${HARGS[@]}" > "$hlog" 2>&1 < /dev/null
pbsprobe/pbs_sweep.sh: line 257: 892596 Killed                  setsid bash -c "exec '$wlbin' --port $port --resume_file '$resume_f' $params $extra" > "$wlog" 2>&1 < /dev/null
[754/2243] S032tcpst.ext___timer_armed dump=1 restore=na verdict=dump_fail
pbsprobe/pbs_sweep.sh: line 257: 893753 Killed                  setsid "$BIN_HUB" "${HARGS[@]}" > "$hlog" 2>&1 < /dev/null
pbsprobe/pbs_sweep.sh: line 257: 893760 Killed                  setsid bash -c "exec '$wlbin' --port $port --resume_file '$resume_f' $params $extra" > "$wlog" 2>&1 < /dev/null
[755/2243] S032tcpst.ext___db_watch dump=1 restore=na verdict=dump_fail
pbsprobe/pbs_sweep.sh: line 257: 894996 Killed                  setsid "$BIN_HUB" "${HARGS[@]}" > "$hlog" 2>&1 < /dev/null
pbsprobe/pbs_sweep.sh: line 257: 895003 Killed                  setsid bash -c "exec '$wlbin' --port $port --resume_file '$resume_f' $params $extra" > "$wlog" 2>&1 < /dev/null
[756/2243] S032tcpst.ext___ready dump=1 restore=na verdict=dump_fail
pbsprobe/pbs_sweep.sh: line 257: 896272 Killed                  setsid "$BIN_HUB" "${HARGS[@]}" > "$hlog" 2>&1 < /dev/null
pbsprobe/pbs_sweep.sh: line 257: 896279 Killed                  setsid bash -c "exec '$wlbin' --port $port --resume_file '$resume_f' $params $extra" > "$wlog" 2>&1 < /dev/null
[757/2243] S032tcpst.ext___steady dump=1 restore=na verdict=dump_fail
pbsprobe/pbs_sweep.sh: line 257: 897624 Killed                  setsid "$BIN_HUB" "${HARGS[@]}" > "$hlog" 2>&1 < /dev/null
pbsprobe/pbs_sweep.sh: line 257: 897631 Killed                  setsid bash -c "exec '$wlbin' --port $port --resume_file '$resume_f' $params $extra" > "$wlog" 2>&1 < /dev/null
pbsprobe/pbs_sweep.sh: line 296: 899008 Killed                  setsid bash -c "exec '$wlbin' --port $port --resume_file '$resume_f' $params $extra" > "$wlog" 2>&1 < /dev/null
[758/2243] S033tcpst.tcp___init dump=0 restore=0 verdict=ok
pbsprobe/pbs_sweep.sh: line 257: 899001 Killed                  setsid "$BIN_HUB" "${HARGS[@]}" > "$hlog" 2>&1 < /dev/null
pbsprobe/pbs_sweep.sh: line 296: 900356 Killed                  setsid bash -c "exec '$wlbin' --port $port --resume_file '$resume_f' $params $extra" > "$wlog" 2>&1 < /dev/null
[759/2243] S033tcpst.tcp___db_open dump=0 restore=0 verdict=ok
pbsprobe/pbs_sweep.sh: line 257: 900349 Killed                  setsid "$BIN_HUB" "${HARGS[@]}" > "$hlog" 2>&1 < /dev/null
pbsprobe/pbs_sweep.sh: line 296: 901676 Killed                  setsid bash -c "exec '$wlbin' --port $port --resume_file '$resume_f' $params $extra" > "$wlog" 2>&1 < /dev/null
[760/2243] S033tcpst.tcp___db_read dump=0 restore=0 verdict=ok
pbsprobe/pbs_sweep.sh: line 257: 901669 Killed                  setsid "$BIN_HUB" "${HARGS[@]}" > "$hlog" 2>&1 < /dev/null
pbsprobe/pbs_sweep.sh: line 296: 902980 Killed                  setsid bash -c "exec '$wlbin' --port $port --resume_file '$resume_f' $params $extra" > "$wlog" 2>&1 < /dev/null
[761/2243] S033tcpst.tcp___db_read_p25 dump=0 restore=0 verdict=ok
pbsprobe/pbs_sweep.sh: line 257: 902973 Killed                  setsid "$BIN_HUB" "${HARGS[@]}" > "$hlog" 2>&1 < /dev/null
pbsprobe/pbs_sweep.sh: line 296: 904281 Killed                  setsid bash -c "exec '$wlbin' --port $port --resume_file '$resume_f' $params $extra" > "$wlog" 2>&1 < /dev/null
[762/2243] S033tcpst.tcp___db_read_p50 dump=0 restore=0 verdict=ok
pbsprobe/pbs_sweep.sh: line 257: 904274 Killed                  setsid "$BIN_HUB" "${HARGS[@]}" > "$hlog" 2>&1 < /dev/null
pbsprobe/pbs_sweep.sh: line 296: 905577 Killed                  setsid bash -c "exec '$wlbin' --port $port --resume_file '$resume_f' $params $extra" > "$wlog" 2>&1 < /dev/null
[763/2243] S033tcpst.tcp___db_read_p75 dump=0 restore=0 verdict=ok
pbsprobe/pbs_sweep.sh: line 257: 905570 Killed                  setsid "$BIN_HUB" "${HARGS[@]}" > "$hlog" 2>&1 < /dev/null
pbsprobe/pbs_sweep.sh: line 296: 906889 Killed                  setsid bash -c "exec '$wlbin' --port $port --resume_file '$resume_f' $params $extra" > "$wlog" 2>&1 < /dev/null
[764/2243] S033tcpst.tcp___db_parse dump=0 restore=0 verdict=ok
pbsprobe/pbs_sweep.sh: line 257: 906882 Killed                  setsid "$BIN_HUB" "${HARGS[@]}" > "$hlog" 2>&1 < /dev/null
pbsprobe/pbs_sweep.sh: line 296: 908209 Killed                  setsid bash -c "exec '$wlbin' --port $port --resume_file '$resume_f' $params $extra" > "$wlog" 2>&1 < /dev/null
[765/2243] S033tcpst.tcp___db_parse_p25 dump=0 restore=0 verdict=ok
pbsprobe/pbs_sweep.sh: line 257: 908202 Killed                  setsid "$BIN_HUB" "${HARGS[@]}" > "$hlog" 2>&1 < /dev/null
pbsprobe/pbs_sweep.sh: line 296: 909529 Killed                  setsid bash -c "exec '$wlbin' --port $port --resume_file '$resume_f' $params $extra" > "$wlog" 2>&1 < /dev/null
[766/2243] S033tcpst.tcp___db_parse_p50 dump=0 restore=0 verdict=ok
pbsprobe/pbs_sweep.sh: line 257: 909522 Killed                  setsid "$BIN_HUB" "${HARGS[@]}" > "$hlog" 2>&1 < /dev/null
pbsprobe/pbs_sweep.sh: line 296: 910841 Killed                  setsid bash -c "exec '$wlbin' --port $port --resume_file '$resume_f' $params $extra" > "$wlog" 2>&1 < /dev/null
[767/2243] S033tcpst.tcp___db_parse_p75 dump=0 restore=0 verdict=ok
pbsprobe/pbs_sweep.sh: line 257: 910834 Killed                  setsid "$BIN_HUB" "${HARGS[@]}" > "$hlog" 2>&1 < /dev/null
pbsprobe/pbs_sweep.sh: line 296: 912129 Killed                  setsid bash -c "exec '$wlbin' --port $port --resume_file '$resume_f' $params $extra" > "$wlog" 2>&1 < /dev/null
[768/2243] S033tcpst.tcp___epg_index dump=0 restore=0 verdict=ok
pbsprobe/pbs_sweep.sh: line 257: 912122 Killed                  setsid "$BIN_HUB" "${HARGS[@]}" > "$hlog" 2>&1 < /dev/null
pbsprobe/pbs_sweep.sh: line 296: 913449 Killed                  setsid bash -c "exec '$wlbin' --port $port --resume_file '$resume_f' $params $extra" > "$wlog" 2>&1 < /dev/null
[769/2243] S033tcpst.tcp___epg_index_p25 dump=0 restore=0 verdict=ok
pbsprobe/pbs_sweep.sh: line 257: 913442 Killed                  setsid "$BIN_HUB" "${HARGS[@]}" > "$hlog" 2>&1 < /dev/null
pbsprobe/pbs_sweep.sh: line 296: 914761 Killed                  setsid bash -c "exec '$wlbin' --port $port --resume_file '$resume_f' $params $extra" > "$wlog" 2>&1 < /dev/null
[770/2243] S033tcpst.tcp___epg_index_p50 dump=0 restore=0 verdict=ok
pbsprobe/pbs_sweep.sh: line 257: 914754 Killed                  setsid "$BIN_HUB" "${HARGS[@]}" > "$hlog" 2>&1 < /dev/null
pbsprobe/pbs_sweep.sh: line 296: 916089 Killed                  setsid bash -c "exec '$wlbin' --port $port --resume_file '$resume_f' $params $extra" > "$wlog" 2>&1 < /dev/null
[771/2243] S033tcpst.tcp___epg_index_p75 dump=0 restore=0 verdict=ok
pbsprobe/pbs_sweep.sh: line 257: 916082 Killed                  setsid "$BIN_HUB" "${HARGS[@]}" > "$hlog" 2>&1 < /dev/null
pbsprobe/pbs_sweep.sh: line 296: 917425 Killed                  setsid bash -c "exec '$wlbin' --port $port --resume_file '$resume_f' $params $extra" > "$wlog" 2>&1 < /dev/null
[772/2243] S033tcpst.tcp___epg_text dump=0 restore=0 verdict=ok
pbsprobe/pbs_sweep.sh: line 257: 917418 Killed                  setsid "$BIN_HUB" "${HARGS[@]}" > "$hlog" 2>&1 < /dev/null
pbsprobe/pbs_sweep.sh: line 296: 918757 Killed                  setsid bash -c "exec '$wlbin' --port $port --resume_file '$resume_f' $params $extra" > "$wlog" 2>&1 < /dev/null
[773/2243] S033tcpst.tcp___epg_reserve dump=0 restore=0 verdict=ok
pbsprobe/pbs_sweep.sh: line 257: 918750 Killed                  setsid "$BIN_HUB" "${HARGS[@]}" > "$hlog" 2>&1 < /dev/null
[774/2243] S033tcpst.tcp___hub_conn1 dump=1 restore=na verdict=dump_fail
pbsprobe/pbs_sweep.sh: line 257: 920068 Killed                  setsid "$BIN_HUB" "${HARGS[@]}" > "$hlog" 2>&1 < /dev/null
pbsprobe/pbs_sweep.sh: line 257: 920075 Killed                  setsid bash -c "exec '$wlbin' --port $port --resume_file '$resume_f' $params $extra" > "$wlog" 2>&1 < /dev/null
[775/2243] S033tcpst.tcp___hub_conn2 dump=1 restore=na verdict=dump_fail
pbsprobe/pbs_sweep.sh: line 257: 920987 Killed                  setsid "$BIN_HUB" "${HARGS[@]}" > "$hlog" 2>&1 < /dev/null
pbsprobe/pbs_sweep.sh: line 257: 920994 Killed                  setsid bash -c "exec '$wlbin' --port $port --resume_file '$resume_f' $params $extra" > "$wlog" 2>&1 < /dev/null
[776/2243] S033tcpst.tcp___hub_conn3 dump=1 restore=na verdict=dump_fail
pbsprobe/pbs_sweep.sh: line 257: 921963 Killed                  setsid "$BIN_HUB" "${HARGS[@]}" > "$hlog" 2>&1 < /dev/null
pbsprobe/pbs_sweep.sh: line 257: 921970 Killed                  setsid bash -c "exec '$wlbin' --port $port --resume_file '$resume_f' $params $extra" > "$wlog" 2>&1 < /dev/null
[777/2243] S033tcpst.tcp___hub_conn4 dump=1 restore=na verdict=dump_fail
pbsprobe/pbs_sweep.sh: line 257: 922983 Killed                  setsid "$BIN_HUB" "${HARGS[@]}" > "$hlog" 2>&1 < /dev/null
pbsprobe/pbs_sweep.sh: line 257: 922990 Killed                  setsid bash -c "exec '$wlbin' --port $port --resume_file '$resume_f' $params $extra" > "$wlog" 2>&1 < /dev/null
[778/2243] S033tcpst.tcp___hub_subscribed dump=1 restore=na verdict=dump_fail
pbsprobe/pbs_sweep.sh: line 257: 924062 Killed                  setsid "$BIN_HUB" "${HARGS[@]}" > "$hlog" 2>&1 < /dev/null
pbsprobe/pbs_sweep.sh: line 257: 924069 Killed                  setsid bash -c "exec '$wlbin' --port $port --resume_file '$resume_f' $params $extra" > "$wlog" 2>&1 < /dev/null
[779/2243] S033tcpst.tcp___tcp_conn dump=1 restore=na verdict=dump_fail
pbsprobe/pbs_sweep.sh: line 257: 925154 Killed                  setsid "$BIN_HUB" "${HARGS[@]}" > "$hlog" 2>&1 < /dev/null
pbsprobe/pbs_sweep.sh: line 257: 925161 Killed                  setsid bash -c "exec '$wlbin' --port $port --resume_file '$resume_f' $params $extra" > "$wlog" 2>&1 < /dev/null
[780/2243] S033tcpst.tcp___timer_armed dump=1 restore=na verdict=dump_fail
pbsprobe/pbs_sweep.sh: line 257: 926357 Killed                  setsid "$BIN_HUB" "${HARGS[@]}" > "$hlog" 2>&1 < /dev/null
pbsprobe/pbs_sweep.sh: line 257: 926364 Killed                  setsid bash -c "exec '$wlbin' --port $port --resume_file '$resume_f' $params $extra" > "$wlog" 2>&1 < /dev/null
[781/2243] S033tcpst.tcp___db_watch dump=1 restore=na verdict=dump_fail
pbsprobe/pbs_sweep.sh: line 257: 927593 Killed                  setsid "$BIN_HUB" "${HARGS[@]}" > "$hlog" 2>&1 < /dev/null
pbsprobe/pbs_sweep.sh: line 257: 927600 Killed                  setsid bash -c "exec '$wlbin' --port $port --resume_file '$resume_f' $params $extra" > "$wlog" 2>&1 < /dev/null
[782/2243] S033tcpst.tcp___ready dump=1 restore=na verdict=dump_fail
pbsprobe/pbs_sweep.sh: line 257: 928876 Killed                  setsid "$BIN_HUB" "${HARGS[@]}" > "$hlog" 2>&1 < /dev/null
pbsprobe/pbs_sweep.sh: line 257: 928883 Killed                  setsid bash -c "exec '$wlbin' --port $port --resume_file '$resume_f' $params $extra" > "$wlog" 2>&1 < /dev/null
[783/2243] S033tcpst.tcp___steady dump=1 restore=na verdict=dump_fail
pbsprobe/pbs_sweep.sh: line 257: 930209 Killed                  setsid "$BIN_HUB" "${HARGS[@]}" > "$hlog" 2>&1 < /dev/null
pbsprobe/pbs_sweep.sh: line 257: 930216 Killed                  setsid bash -c "exec '$wlbin' --port $port --resume_file '$resume_f' $params $extra" > "$wlog" 2>&1 < /dev/null
pbsprobe/pbs_sweep.sh: line 296: 931624 Killed                  setsid bash -c "exec '$wlbin' --port $port --resume_file '$resume_f' $params $extra" > "$wlog" 2>&1 < /dev/null
[784/2243] S034tcpst.file__init dump=0 restore=0 verdict=ok
pbsprobe/pbs_sweep.sh: line 257: 931617 Killed                  setsid "$BIN_HUB" "${HARGS[@]}" > "$hlog" 2>&1 < /dev/null
pbsprobe/pbs_sweep.sh: line 296: 932948 Killed                  setsid bash -c "exec '$wlbin' --port $port --resume_file '$resume_f' $params $extra" > "$wlog" 2>&1 < /dev/null
[785/2243] S034tcpst.file__db_open dump=0 restore=0 verdict=ok
pbsprobe/pbs_sweep.sh: line 257: 932941 Killed                  setsid "$BIN_HUB" "${HARGS[@]}" > "$hlog" 2>&1 < /dev/null
pbsprobe/pbs_sweep.sh: line 296: 934268 Killed                  setsid bash -c "exec '$wlbin' --port $port --resume_file '$resume_f' $params $extra" > "$wlog" 2>&1 < /dev/null
[786/2243] S034tcpst.file__db_read dump=0 restore=0 verdict=ok
pbsprobe/pbs_sweep.sh: line 257: 934261 Killed                  setsid "$BIN_HUB" "${HARGS[@]}" > "$hlog" 2>&1 < /dev/null
pbsprobe/pbs_sweep.sh: line 296: 935584 Killed                  setsid bash -c "exec '$wlbin' --port $port --resume_file '$resume_f' $params $extra" > "$wlog" 2>&1 < /dev/null
[787/2243] S034tcpst.file__db_read_p25 dump=0 restore=0 verdict=ok
pbsprobe/pbs_sweep.sh: line 257: 935577 Killed                  setsid "$BIN_HUB" "${HARGS[@]}" > "$hlog" 2>&1 < /dev/null
pbsprobe/pbs_sweep.sh: line 296: 936960 Killed                  setsid bash -c "exec '$wlbin' --port $port --resume_file '$resume_f' $params $extra" > "$wlog" 2>&1 < /dev/null
[788/2243] S034tcpst.file__db_read_p50 dump=0 restore=0 verdict=ok
pbsprobe/pbs_sweep.sh: line 257: 936953 Killed                  setsid "$BIN_HUB" "${HARGS[@]}" > "$hlog" 2>&1 < /dev/null
pbsprobe/pbs_sweep.sh: line 296: 938292 Killed                  setsid bash -c "exec '$wlbin' --port $port --resume_file '$resume_f' $params $extra" > "$wlog" 2>&1 < /dev/null
[789/2243] S034tcpst.file__db_read_p75 dump=0 restore=0 verdict=ok
pbsprobe/pbs_sweep.sh: line 257: 938285 Killed                  setsid "$BIN_HUB" "${HARGS[@]}" > "$hlog" 2>&1 < /dev/null
pbsprobe/pbs_sweep.sh: line 296: 939604 Killed                  setsid bash -c "exec '$wlbin' --port $port --resume_file '$resume_f' $params $extra" > "$wlog" 2>&1 < /dev/null
[790/2243] S034tcpst.file__db_parse dump=0 restore=0 verdict=ok
pbsprobe/pbs_sweep.sh: line 257: 939597 Killed                  setsid "$BIN_HUB" "${HARGS[@]}" > "$hlog" 2>&1 < /dev/null
pbsprobe/pbs_sweep.sh: line 296: 940921 Killed                  setsid bash -c "exec '$wlbin' --port $port --resume_file '$resume_f' $params $extra" > "$wlog" 2>&1 < /dev/null
[791/2243] S034tcpst.file__db_parse_p25 dump=0 restore=0 verdict=ok
pbsprobe/pbs_sweep.sh: line 257: 940914 Killed                  setsid "$BIN_HUB" "${HARGS[@]}" > "$hlog" 2>&1 < /dev/null
pbsprobe/pbs_sweep.sh: line 296: 942225 Killed                  setsid bash -c "exec '$wlbin' --port $port --resume_file '$resume_f' $params $extra" > "$wlog" 2>&1 < /dev/null
[792/2243] S034tcpst.file__db_parse_p50 dump=0 restore=0 verdict=ok
pbsprobe/pbs_sweep.sh: line 257: 942218 Killed                  setsid "$BIN_HUB" "${HARGS[@]}" > "$hlog" 2>&1 < /dev/null
pbsprobe/pbs_sweep.sh: line 296: 943532 Killed                  setsid bash -c "exec '$wlbin' --port $port --resume_file '$resume_f' $params $extra" > "$wlog" 2>&1 < /dev/null
[793/2243] S034tcpst.file__db_parse_p75 dump=0 restore=0 verdict=ok
pbsprobe/pbs_sweep.sh: line 257: 943525 Killed                  setsid "$BIN_HUB" "${HARGS[@]}" > "$hlog" 2>&1 < /dev/null
pbsprobe/pbs_sweep.sh: line 296: 944808 Killed                  setsid bash -c "exec '$wlbin' --port $port --resume_file '$resume_f' $params $extra" > "$wlog" 2>&1 < /dev/null
[794/2243] S034tcpst.file__epg_index dump=0 restore=0 verdict=ok
pbsprobe/pbs_sweep.sh: line 257: 944801 Killed                  setsid "$BIN_HUB" "${HARGS[@]}" > "$hlog" 2>&1 < /dev/null
pbsprobe/pbs_sweep.sh: line 296: 946076 Killed                  setsid bash -c "exec '$wlbin' --port $port --resume_file '$resume_f' $params $extra" > "$wlog" 2>&1 < /dev/null
[795/2243] S034tcpst.file__epg_index_p25 dump=0 restore=0 verdict=ok
pbsprobe/pbs_sweep.sh: line 257: 946069 Killed                  setsid "$BIN_HUB" "${HARGS[@]}" > "$hlog" 2>&1 < /dev/null
pbsprobe/pbs_sweep.sh: line 296: 947350 Killed                  setsid bash -c "exec '$wlbin' --port $port --resume_file '$resume_f' $params $extra" > "$wlog" 2>&1 < /dev/null
[796/2243] S034tcpst.file__epg_index_p50 dump=0 restore=0 verdict=ok
pbsprobe/pbs_sweep.sh: line 257: 947343 Killed                  setsid "$BIN_HUB" "${HARGS[@]}" > "$hlog" 2>&1 < /dev/null
pbsprobe/pbs_sweep.sh: line 296: 948626 Killed                  setsid bash -c "exec '$wlbin' --port $port --resume_file '$resume_f' $params $extra" > "$wlog" 2>&1 < /dev/null
[797/2243] S034tcpst.file__epg_index_p75 dump=0 restore=0 verdict=ok
pbsprobe/pbs_sweep.sh: line 257: 948619 Killed                  setsid "$BIN_HUB" "${HARGS[@]}" > "$hlog" 2>&1 < /dev/null
pbsprobe/pbs_sweep.sh: line 296: 949918 Killed                  setsid bash -c "exec '$wlbin' --port $port --resume_file '$resume_f' $params $extra" > "$wlog" 2>&1 < /dev/null
[798/2243] S034tcpst.file__epg_text dump=0 restore=0 verdict=ok
pbsprobe/pbs_sweep.sh: line 257: 949911 Killed                  setsid "$BIN_HUB" "${HARGS[@]}" > "$hlog" 2>&1 < /dev/null
pbsprobe/pbs_sweep.sh: line 296: 951214 Killed                  setsid bash -c "exec '$wlbin' --port $port --resume_file '$resume_f' $params $extra" > "$wlog" 2>&1 < /dev/null
[799/2243] S034tcpst.file__epg_reserve dump=0 restore=0 verdict=ok
pbsprobe/pbs_sweep.sh: line 257: 951207 Killed                  setsid "$BIN_HUB" "${HARGS[@]}" > "$hlog" 2>&1 < /dev/null
[800/2243] S034tcpst.file__hub_conn1 dump=1 restore=na verdict=dump_fail
pbsprobe/pbs_sweep.sh: line 257: 952559 Killed                  setsid "$BIN_HUB" "${HARGS[@]}" > "$hlog" 2>&1 < /dev/null
pbsprobe/pbs_sweep.sh: line 257: 952566 Killed                  setsid bash -c "exec '$wlbin' --port $port --resume_file '$resume_f' $params $extra" > "$wlog" 2>&1 < /dev/null
[801/2243] S034tcpst.file__hub_conn2 dump=1 restore=na verdict=dump_fail
pbsprobe/pbs_sweep.sh: line 257: 953475 Killed                  setsid "$BIN_HUB" "${HARGS[@]}" > "$hlog" 2>&1 < /dev/null
pbsprobe/pbs_sweep.sh: line 257: 953482 Killed                  setsid bash -c "exec '$wlbin' --port $port --resume_file '$resume_f' $params $extra" > "$wlog" 2>&1 < /dev/null
[802/2243] S034tcpst.file__hub_conn3 dump=1 restore=na verdict=dump_fail
pbsprobe/pbs_sweep.sh: line 257: 954418 Killed                  setsid "$BIN_HUB" "${HARGS[@]}" > "$hlog" 2>&1 < /dev/null
pbsprobe/pbs_sweep.sh: line 257: 954425 Killed                  setsid bash -c "exec '$wlbin' --port $port --resume_file '$resume_f' $params $extra" > "$wlog" 2>&1 < /dev/null
[803/2243] S034tcpst.file__hub_conn4 dump=1 restore=na verdict=dump_fail
pbsprobe/pbs_sweep.sh: line 257: 955398 Killed                  setsid "$BIN_HUB" "${HARGS[@]}" > "$hlog" 2>&1 < /dev/null
pbsprobe/pbs_sweep.sh: line 257: 955405 Killed                  setsid bash -c "exec '$wlbin' --port $port --resume_file '$resume_f' $params $extra" > "$wlog" 2>&1 < /dev/null
[804/2243] S034tcpst.file__hub_subscribed dump=1 restore=na verdict=dump_fail
pbsprobe/pbs_sweep.sh: line 257: 956430 Killed                  setsid "$BIN_HUB" "${HARGS[@]}" > "$hlog" 2>&1 < /dev/null
pbsprobe/pbs_sweep.sh: line 257: 956437 Killed                  setsid bash -c "exec '$wlbin' --port $port --resume_file '$resume_f' $params $extra" > "$wlog" 2>&1 < /dev/null
[805/2243] S034tcpst.file__tcp_conn dump=1 restore=na verdict=dump_fail
pbsprobe/pbs_sweep.sh: line 257: 957541 Killed                  setsid "$BIN_HUB" "${HARGS[@]}" > "$hlog" 2>&1 < /dev/null
pbsprobe/pbs_sweep.sh: line 257: 957548 Killed                  setsid bash -c "exec '$wlbin' --port $port --resume_file '$resume_f' $params $extra" > "$wlog" 2>&1 < /dev/null
[806/2243] S034tcpst.file__timer_armed dump=1 restore=na verdict=dump_fail
pbsprobe/pbs_sweep.sh: line 257: 958669 Killed                  setsid "$BIN_HUB" "${HARGS[@]}" > "$hlog" 2>&1 < /dev/null
pbsprobe/pbs_sweep.sh: line 257: 958676 Killed                  setsid bash -c "exec '$wlbin' --port $port --resume_file '$resume_f' $params $extra" > "$wlog" 2>&1 < /dev/null
[807/2243] S034tcpst.file__db_watch dump=1 restore=na verdict=dump_fail
pbsprobe/pbs_sweep.sh: line 257: 959872 Killed                  setsid "$BIN_HUB" "${HARGS[@]}" > "$hlog" 2>&1 < /dev/null
pbsprobe/pbs_sweep.sh: line 257: 959879 Killed                  setsid bash -c "exec '$wlbin' --port $port --resume_file '$resume_f' $params $extra" > "$wlog" 2>&1 < /dev/null
[808/2243] S034tcpst.file__ready dump=1 restore=na verdict=dump_fail
pbsprobe/pbs_sweep.sh: line 257: 961100 Killed                  setsid "$BIN_HUB" "${HARGS[@]}" > "$hlog" 2>&1 < /dev/null
pbsprobe/pbs_sweep.sh: line 257: 961107 Killed                  setsid bash -c "exec '$wlbin' --port $port --resume_file '$resume_f' $params $extra" > "$wlog" 2>&1 < /dev/null
[809/2243] S034tcpst.file__steady dump=1 restore=na verdict=dump_fail
pbsprobe/pbs_sweep.sh: line 257: 962404 Killed                  setsid "$BIN_HUB" "${HARGS[@]}" > "$hlog" 2>&1 < /dev/null
pbsprobe/pbs_sweep.sh: line 257: 962411 Killed                  setsid bash -c "exec '$wlbin' --port $port --resume_file '$resume_f' $params $extra" > "$wlog" 2>&1 < /dev/null
pbsprobe/pbs_sweep.sh: line 296: 963752 Killed                  setsid bash -c "exec '$wlbin' --port $port --resume_file '$resume_f' $params $extra" > "$wlog" 2>&1 < /dev/null
[810/2243] S035tcpst.perm__init dump=0 restore=0 verdict=ok
pbsprobe/pbs_sweep.sh: line 257: 963745 Killed                  setsid "$BIN_HUB" "${HARGS[@]}" > "$hlog" 2>&1 < /dev/null
pbsprobe/pbs_sweep.sh: line 296: 965049 Killed                  setsid bash -c "exec '$wlbin' --port $port --resume_file '$resume_f' $params $extra" > "$wlog" 2>&1 < /dev/null
[811/2243] S035tcpst.perm__db_open dump=0 restore=0 verdict=ok
pbsprobe/pbs_sweep.sh: line 257: 965042 Killed                  setsid "$BIN_HUB" "${HARGS[@]}" > "$hlog" 2>&1 < /dev/null
pbsprobe/pbs_sweep.sh: line 296: 966321 Killed                  setsid bash -c "exec '$wlbin' --port $port --resume_file '$resume_f' $params $extra" > "$wlog" 2>&1 < /dev/null
[812/2243] S035tcpst.perm__db_read dump=0 restore=0 verdict=ok
pbsprobe/pbs_sweep.sh: line 257: 966314 Killed                  setsid "$BIN_HUB" "${HARGS[@]}" > "$hlog" 2>&1 < /dev/null
pbsprobe/pbs_sweep.sh: line 296: 967609 Killed                  setsid bash -c "exec '$wlbin' --port $port --resume_file '$resume_f' $params $extra" > "$wlog" 2>&1 < /dev/null
[813/2243] S035tcpst.perm__db_read_p25 dump=0 restore=0 verdict=ok
pbsprobe/pbs_sweep.sh: line 257: 967602 Killed                  setsid "$BIN_HUB" "${HARGS[@]}" > "$hlog" 2>&1 < /dev/null
pbsprobe/pbs_sweep.sh: line 296: 968889 Killed                  setsid bash -c "exec '$wlbin' --port $port --resume_file '$resume_f' $params $extra" > "$wlog" 2>&1 < /dev/null
[814/2243] S035tcpst.perm__db_read_p50 dump=0 restore=0 verdict=ok
pbsprobe/pbs_sweep.sh: line 257: 968882 Killed                  setsid "$BIN_HUB" "${HARGS[@]}" > "$hlog" 2>&1 < /dev/null
pbsprobe/pbs_sweep.sh: line 296: 970161 Killed                  setsid bash -c "exec '$wlbin' --port $port --resume_file '$resume_f' $params $extra" > "$wlog" 2>&1 < /dev/null
[815/2243] S035tcpst.perm__db_read_p75 dump=0 restore=0 verdict=ok
pbsprobe/pbs_sweep.sh: line 257: 970154 Killed                  setsid "$BIN_HUB" "${HARGS[@]}" > "$hlog" 2>&1 < /dev/null
pbsprobe/pbs_sweep.sh: line 296: 971437 Killed                  setsid bash -c "exec '$wlbin' --port $port --resume_file '$resume_f' $params $extra" > "$wlog" 2>&1 < /dev/null
[816/2243] S035tcpst.perm__db_parse dump=0 restore=0 verdict=ok
pbsprobe/pbs_sweep.sh: line 257: 971430 Killed                  setsid "$BIN_HUB" "${HARGS[@]}" > "$hlog" 2>&1 < /dev/null
pbsprobe/pbs_sweep.sh: line 296: 972729 Killed                  setsid bash -c "exec '$wlbin' --port $port --resume_file '$resume_f' $params $extra" > "$wlog" 2>&1 < /dev/null
[817/2243] S035tcpst.perm__db_parse_p25 dump=0 restore=0 verdict=ok
pbsprobe/pbs_sweep.sh: line 257: 972722 Killed                  setsid "$BIN_HUB" "${HARGS[@]}" > "$hlog" 2>&1 < /dev/null
pbsprobe/pbs_sweep.sh: line 296: 974017 Killed                  setsid bash -c "exec '$wlbin' --port $port --resume_file '$resume_f' $params $extra" > "$wlog" 2>&1 < /dev/null
[818/2243] S035tcpst.perm__db_parse_p50 dump=0 restore=0 verdict=ok
pbsprobe/pbs_sweep.sh: line 257: 974010 Killed                  setsid "$BIN_HUB" "${HARGS[@]}" > "$hlog" 2>&1 < /dev/null
pbsprobe/pbs_sweep.sh: line 296: 975297 Killed                  setsid bash -c "exec '$wlbin' --port $port --resume_file '$resume_f' $params $extra" > "$wlog" 2>&1 < /dev/null
[819/2243] S035tcpst.perm__db_parse_p75 dump=0 restore=0 verdict=ok
pbsprobe/pbs_sweep.sh: line 257: 975290 Killed                  setsid "$BIN_HUB" "${HARGS[@]}" > "$hlog" 2>&1 < /dev/null
pbsprobe/pbs_sweep.sh: line 296: 976572 Killed                  setsid bash -c "exec '$wlbin' --port $port --resume_file '$resume_f' $params $extra" > "$wlog" 2>&1 < /dev/null
[820/2243] S035tcpst.perm__epg_index dump=0 restore=0 verdict=ok
pbsprobe/pbs_sweep.sh: line 257: 976565 Killed                  setsid "$BIN_HUB" "${HARGS[@]}" > "$hlog" 2>&1 < /dev/null
pbsprobe/pbs_sweep.sh: line 296: 977848 Killed                  setsid bash -c "exec '$wlbin' --port $port --resume_file '$resume_f' $params $extra" > "$wlog" 2>&1 < /dev/null
[821/2243] S035tcpst.perm__epg_index_p25 dump=0 restore=0 verdict=ok
pbsprobe/pbs_sweep.sh: line 257: 977841 Killed                  setsid "$BIN_HUB" "${HARGS[@]}" > "$hlog" 2>&1 < /dev/null
pbsprobe/pbs_sweep.sh: line 296: 979136 Killed                  setsid bash -c "exec '$wlbin' --port $port --resume_file '$resume_f' $params $extra" > "$wlog" 2>&1 < /dev/null
[822/2243] S035tcpst.perm__epg_index_p50 dump=0 restore=0 verdict=ok
pbsprobe/pbs_sweep.sh: line 257: 979129 Killed                  setsid "$BIN_HUB" "${HARGS[@]}" > "$hlog" 2>&1 < /dev/null
pbsprobe/pbs_sweep.sh: line 296: 980430 Killed                  setsid bash -c "exec '$wlbin' --port $port --resume_file '$resume_f' $params $extra" > "$wlog" 2>&1 < /dev/null
[823/2243] S035tcpst.perm__epg_index_p75 dump=0 restore=0 verdict=ok
pbsprobe/pbs_sweep.sh: line 257: 980423 Killed                  setsid "$BIN_HUB" "${HARGS[@]}" > "$hlog" 2>&1 < /dev/null
pbsprobe/pbs_sweep.sh: line 296: 981734 Killed                  setsid bash -c "exec '$wlbin' --port $port --resume_file '$resume_f' $params $extra" > "$wlog" 2>&1 < /dev/null
[824/2243] S035tcpst.perm__epg_text dump=0 restore=0 verdict=ok
pbsprobe/pbs_sweep.sh: line 257: 981727 Killed                  setsid "$BIN_HUB" "${HARGS[@]}" > "$hlog" 2>&1 < /dev/null
pbsprobe/pbs_sweep.sh: line 296: 983018 Killed                  setsid bash -c "exec '$wlbin' --port $port --resume_file '$resume_f' $params $extra" > "$wlog" 2>&1 < /dev/null
[825/2243] S035tcpst.perm__epg_reserve dump=0 restore=0 verdict=ok
pbsprobe/pbs_sweep.sh: line 257: 983011 Killed                  setsid "$BIN_HUB" "${HARGS[@]}" > "$hlog" 2>&1 < /dev/null
[826/2243] S035tcpst.perm__hub_conn1 dump=1 restore=na verdict=dump_fail
pbsprobe/pbs_sweep.sh: line 257: 984299 Killed                  setsid "$BIN_HUB" "${HARGS[@]}" > "$hlog" 2>&1 < /dev/null
pbsprobe/pbs_sweep.sh: line 257: 984306 Killed                  setsid bash -c "exec '$wlbin' --port $port --resume_file '$resume_f' $params $extra" > "$wlog" 2>&1 < /dev/null
[827/2243] S035tcpst.perm__hub_conn2 dump=1 restore=na verdict=dump_fail
pbsprobe/pbs_sweep.sh: line 257: 985179 Killed                  setsid "$BIN_HUB" "${HARGS[@]}" > "$hlog" 2>&1 < /dev/null
pbsprobe/pbs_sweep.sh: line 257: 985186 Killed                  setsid bash -c "exec '$wlbin' --port $port --resume_file '$resume_f' $params $extra" > "$wlog" 2>&1 < /dev/null
[828/2243] S035tcpst.perm__hub_conn3 dump=1 restore=na verdict=dump_fail
pbsprobe/pbs_sweep.sh: line 257: 986122 Killed                  setsid "$BIN_HUB" "${HARGS[@]}" > "$hlog" 2>&1 < /dev/null
pbsprobe/pbs_sweep.sh: line 257: 986129 Killed                  setsid bash -c "exec '$wlbin' --port $port --resume_file '$resume_f' $params $extra" > "$wlog" 2>&1 < /dev/null
[829/2243] S035tcpst.perm__hub_conn4 dump=1 restore=na verdict=dump_fail
pbsprobe/pbs_sweep.sh: line 257: 987090 Killed                  setsid "$BIN_HUB" "${HARGS[@]}" > "$hlog" 2>&1 < /dev/null
pbsprobe/pbs_sweep.sh: line 257: 987097 Killed                  setsid bash -c "exec '$wlbin' --port $port --resume_file '$resume_f' $params $extra" > "$wlog" 2>&1 < /dev/null
[830/2243] S035tcpst.perm__hub_subscribed dump=1 restore=na verdict=dump_fail
pbsprobe/pbs_sweep.sh: line 257: 988126 Killed                  setsid "$BIN_HUB" "${HARGS[@]}" > "$hlog" 2>&1 < /dev/null
pbsprobe/pbs_sweep.sh: line 257: 988133 Killed                  setsid bash -c "exec '$wlbin' --port $port --resume_file '$resume_f' $params $extra" > "$wlog" 2>&1 < /dev/null
[831/2243] S035tcpst.perm__tcp_conn dump=1 restore=na verdict=dump_fail
pbsprobe/pbs_sweep.sh: line 257: 989226 Killed                  setsid "$BIN_HUB" "${HARGS[@]}" > "$hlog" 2>&1 < /dev/null
pbsprobe/pbs_sweep.sh: line 257: 989233 Killed                  setsid bash -c "exec '$wlbin' --port $port --resume_file '$resume_f' $params $extra" > "$wlog" 2>&1 < /dev/null
[832/2243] S035tcpst.perm__timer_armed dump=1 restore=na verdict=dump_fail
pbsprobe/pbs_sweep.sh: line 257: 990358 Killed                  setsid "$BIN_HUB" "${HARGS[@]}" > "$hlog" 2>&1 < /dev/null
pbsprobe/pbs_sweep.sh: line 257: 990365 Killed                  setsid bash -c "exec '$wlbin' --port $port --resume_file '$resume_f' $params $extra" > "$wlog" 2>&1 < /dev/null
[833/2243] S035tcpst.perm__db_watch dump=1 restore=na verdict=dump_fail
pbsprobe/pbs_sweep.sh: line 257: 991561 Killed                  setsid "$BIN_HUB" "${HARGS[@]}" > "$hlog" 2>&1 < /dev/null
pbsprobe/pbs_sweep.sh: line 257: 991568 Killed                  setsid bash -c "exec '$wlbin' --port $port --resume_file '$resume_f' $params $extra" > "$wlog" 2>&1 < /dev/null
[834/2243] S035tcpst.perm__ready dump=1 restore=na verdict=dump_fail
pbsprobe/pbs_sweep.sh: line 257: 992797 Killed                  setsid "$BIN_HUB" "${HARGS[@]}" > "$hlog" 2>&1 < /dev/null
pbsprobe/pbs_sweep.sh: line 257: 992804 Killed                  setsid bash -c "exec '$wlbin' --port $port --resume_file '$resume_f' $params $extra" > "$wlog" 2>&1 < /dev/null
[835/2243] S035tcpst.perm__steady dump=1 restore=na verdict=dump_fail
pbsprobe/pbs_sweep.sh: line 257: 994117 Killed                  setsid "$BIN_HUB" "${HARGS[@]}" > "$hlog" 2>&1 < /dev/null
pbsprobe/pbs_sweep.sh: line 257: 994124 Killed                  setsid bash -c "exec '$wlbin' --port $port --resume_file '$resume_f' $params $extra" > "$wlog" 2>&1 < /dev/null
pbsprobe/pbs_sweep.sh: line 296: 995495 Killed                  setsid bash -c "exec '$wlbin' --port $port --resume_file '$resume_f' $params $extra" > "$wlog" 2>&1 < /dev/null
[836/2243] S036heavy.stri__init dump=0 restore=0 verdict=ok
pbsprobe/pbs_sweep.sh: line 296: 996478 Killed                  setsid bash -c "exec '$wlbin' --port $port --resume_file '$resume_f' $params $extra" > "$wlog" 2>&1 < /dev/null
[837/2243] S036heavy.stri__db_open dump=0 restore=0 verdict=ok
pbsprobe/pbs_sweep.sh: line 296: 997422 Killed                  setsid bash -c "exec '$wlbin' --port $port --resume_file '$resume_f' $params $extra" > "$wlog" 2>&1 < /dev/null
[838/2243] S036heavy.stri__db_read dump=0 restore=0 verdict=ok
pbsprobe/pbs_sweep.sh: line 296: 998376 Killed                  setsid bash -c "exec '$wlbin' --port $port --resume_file '$resume_f' $params $extra" > "$wlog" 2>&1 < /dev/null
[839/2243] S036heavy.stri__db_read_p25 dump=0 restore=0 verdict=ok
pbsprobe/pbs_sweep.sh: line 296: 999325 Killed                  setsid bash -c "exec '$wlbin' --port $port --resume_file '$resume_f' $params $extra" > "$wlog" 2>&1 < /dev/null
[840/2243] S036heavy.stri__db_read_p50 dump=0 restore=0 verdict=ok
pbsprobe/pbs_sweep.sh: line 296: 1000253 Killed                  setsid bash -c "exec '$wlbin' --port $port --resume_file '$resume_f' $params $extra" > "$wlog" 2>&1 < /dev/null
[841/2243] S036heavy.stri__db_read_p75 dump=0 restore=0 verdict=ok
pbsprobe/pbs_sweep.sh: line 296: 1001216 Killed                  setsid bash -c "exec '$wlbin' --port $port --resume_file '$resume_f' $params $extra" > "$wlog" 2>&1 < /dev/null
[842/2243] S036heavy.stri__db_parse dump=0 restore=0 verdict=ok
pbsprobe/pbs_sweep.sh: line 296: 1002148 Killed                  setsid bash -c "exec '$wlbin' --port $port --resume_file '$resume_f' $params $extra" > "$wlog" 2>&1 < /dev/null
[843/2243] S036heavy.stri__db_parse_p25 dump=0 restore=0 verdict=ok
pbsprobe/pbs_sweep.sh: line 296: 1003103 Killed                  setsid bash -c "exec '$wlbin' --port $port --resume_file '$resume_f' $params $extra" > "$wlog" 2>&1 < /dev/null
[844/2243] S036heavy.stri__db_parse_p50 dump=0 restore=0 verdict=ok
pbsprobe/pbs_sweep.sh: line 296: 1004051 Killed                  setsid bash -c "exec '$wlbin' --port $port --resume_file '$resume_f' $params $extra" > "$wlog" 2>&1 < /dev/null
[845/2243] S036heavy.stri__db_parse_p75 dump=0 restore=0 verdict=ok
pbsprobe/pbs_sweep.sh: line 296: 1005001 Killed                  setsid bash -c "exec '$wlbin' --port $port --resume_file '$resume_f' $params $extra" > "$wlog" 2>&1 < /dev/null
[846/2243] S036heavy.stri__epg_index dump=0 restore=0 verdict=ok
pbsprobe/pbs_sweep.sh: line 296: 1005950 Killed                  setsid bash -c "exec '$wlbin' --port $port --resume_file '$resume_f' $params $extra" > "$wlog" 2>&1 < /dev/null
[847/2243] S036heavy.stri__epg_index_p25 dump=0 restore=0 verdict=ok
pbsprobe/pbs_sweep.sh: line 296: 1006900 Killed                  setsid bash -c "exec '$wlbin' --port $port --resume_file '$resume_f' $params $extra" > "$wlog" 2>&1 < /dev/null
[848/2243] S036heavy.stri__epg_index_p50 dump=0 restore=0 verdict=ok
pbsprobe/pbs_sweep.sh: line 296: 1007841 Killed                  setsid bash -c "exec '$wlbin' --port $port --resume_file '$resume_f' $params $extra" > "$wlog" 2>&1 < /dev/null
[849/2243] S036heavy.stri__epg_index_p75 dump=0 restore=0 verdict=ok
pbsprobe/pbs_sweep.sh: line 296: 1008791 Killed                  setsid bash -c "exec '$wlbin' --port $port --resume_file '$resume_f' $params $extra" > "$wlog" 2>&1 < /dev/null
[850/2243] S036heavy.stri__epg_text dump=0 restore=0 verdict=ok
pbsprobe/pbs_sweep.sh: line 296: 1009736 Killed                  setsid bash -c "exec '$wlbin' --port $port --resume_file '$resume_f' $params $extra" > "$wlog" 2>&1 < /dev/null
[851/2243] S036heavy.stri__epg_reserve dump=0 restore=0 verdict=ok
pbsprobe/pbs_sweep.sh: line 296: 1010684 Killed                  setsid bash -c "exec '$wlbin' --port $port --resume_file '$resume_f' $params $extra" > "$wlog" 2>&1 < /dev/null
[852/2243] S036heavy.stri__ready dump=0 restore=0 verdict=ok
pbsprobe/pbs_sweep.sh: line 296: 1011730 Killed                  setsid bash -c "exec '$wlbin' --port $port --resume_file '$resume_f' $params $extra" > "$wlog" 2>&1 < /dev/null
[853/2243] S036heavy.stri__steady dump=0 restore=0 verdict=ok
pbsprobe/pbs_sweep.sh: line 296: 1012793 Killed                  setsid bash -c "exec '$wlbin' --port $port --resume_file '$resume_f' $params $extra" > "$wlog" 2>&1 < /dev/null
[854/2243] S037heavy.ext___init dump=0 restore=0 verdict=ok
pbsprobe/pbs_sweep.sh: line 296: 1013784 Killed                  setsid bash -c "exec '$wlbin' --port $port --resume_file '$resume_f' $params $extra" > "$wlog" 2>&1 < /dev/null
[855/2243] S037heavy.ext___db_open dump=0 restore=0 verdict=ok
pbsprobe/pbs_sweep.sh: line 296: 1014728 Killed                  setsid bash -c "exec '$wlbin' --port $port --resume_file '$resume_f' $params $extra" > "$wlog" 2>&1 < /dev/null
[856/2243] S037heavy.ext___db_read dump=0 restore=0 verdict=ok
pbsprobe/pbs_sweep.sh: line 296: 1015682 Killed                  setsid bash -c "exec '$wlbin' --port $port --resume_file '$resume_f' $params $extra" > "$wlog" 2>&1 < /dev/null
[857/2243] S037heavy.ext___db_read_p25 dump=0 restore=0 verdict=ok
pbsprobe/pbs_sweep.sh: line 296: 1016635 Killed                  setsid bash -c "exec '$wlbin' --port $port --resume_file '$resume_f' $params $extra" > "$wlog" 2>&1 < /dev/null
[858/2243] S037heavy.ext___db_read_p50 dump=0 restore=0 verdict=ok
pbsprobe/pbs_sweep.sh: line 296: 1017593 Killed                  setsid bash -c "exec '$wlbin' --port $port --resume_file '$resume_f' $params $extra" > "$wlog" 2>&1 < /dev/null
[859/2243] S037heavy.ext___db_read_p75 dump=0 restore=0 verdict=ok
pbsprobe/pbs_sweep.sh: line 296: 1018538 Killed                  setsid bash -c "exec '$wlbin' --port $port --resume_file '$resume_f' $params $extra" > "$wlog" 2>&1 < /dev/null
[860/2243] S037heavy.ext___db_parse dump=0 restore=0 verdict=ok
pbsprobe/pbs_sweep.sh: line 296: 1019478 Killed                  setsid bash -c "exec '$wlbin' --port $port --resume_file '$resume_f' $params $extra" > "$wlog" 2>&1 < /dev/null
[861/2243] S037heavy.ext___db_parse_p25 dump=0 restore=0 verdict=ok
pbsprobe/pbs_sweep.sh: line 296: 1020445 Killed                  setsid bash -c "exec '$wlbin' --port $port --resume_file '$resume_f' $params $extra" > "$wlog" 2>&1 < /dev/null
[862/2243] S037heavy.ext___db_parse_p50 dump=0 restore=0 verdict=ok
pbsprobe/pbs_sweep.sh: line 296: 1021389 Killed                  setsid bash -c "exec '$wlbin' --port $port --resume_file '$resume_f' $params $extra" > "$wlog" 2>&1 < /dev/null
[863/2243] S037heavy.ext___db_parse_p75 dump=0 restore=0 verdict=ok
pbsprobe/pbs_sweep.sh: line 296: 1022339 Killed                  setsid bash -c "exec '$wlbin' --port $port --resume_file '$resume_f' $params $extra" > "$wlog" 2>&1 < /dev/null
[864/2243] S037heavy.ext___epg_index dump=0 restore=0 verdict=ok
pbsprobe/pbs_sweep.sh: line 296: 1023284 Killed                  setsid bash -c "exec '$wlbin' --port $port --resume_file '$resume_f' $params $extra" > "$wlog" 2>&1 < /dev/null
[865/2243] S037heavy.ext___epg_index_p25 dump=0 restore=0 verdict=ok
pbsprobe/pbs_sweep.sh: line 296: 1024242 Killed                  setsid bash -c "exec '$wlbin' --port $port --resume_file '$resume_f' $params $extra" > "$wlog" 2>&1 < /dev/null
[866/2243] S037heavy.ext___epg_index_p50 dump=0 restore=0 verdict=ok
pbsprobe/pbs_sweep.sh: line 296: 1025183 Killed                  setsid bash -c "exec '$wlbin' --port $port --resume_file '$resume_f' $params $extra" > "$wlog" 2>&1 < /dev/null
[867/2243] S037heavy.ext___epg_index_p75 dump=0 restore=0 verdict=ok
pbsprobe/pbs_sweep.sh: line 296: 1026137 Killed                  setsid bash -c "exec '$wlbin' --port $port --resume_file '$resume_f' $params $extra" > "$wlog" 2>&1 < /dev/null
[868/2243] S037heavy.ext___epg_text dump=0 restore=0 verdict=ok
pbsprobe/pbs_sweep.sh: line 296: 1027082 Killed                  setsid bash -c "exec '$wlbin' --port $port --resume_file '$resume_f' $params $extra" > "$wlog" 2>&1 < /dev/null
[869/2243] S037heavy.ext___epg_reserve dump=0 restore=0 verdict=ok
pbsprobe/pbs_sweep.sh: line 296: 1028032 Killed                  setsid bash -c "exec '$wlbin' --port $port --resume_file '$resume_f' $params $extra" > "$wlog" 2>&1 < /dev/null
[870/2243] S037heavy.ext___ready dump=0 restore=0 verdict=ok
pbsprobe/pbs_sweep.sh: line 296: 1029048 Killed                  setsid bash -c "exec '$wlbin' --port $port --resume_file '$resume_f' $params $extra" > "$wlog" 2>&1 < /dev/null
[871/2243] S037heavy.ext___steady dump=0 restore=0 verdict=ok
pbsprobe/pbs_sweep.sh: line 296: 1030123 Killed                  setsid bash -c "exec '$wlbin' --port $port --resume_file '$resume_f' $params $extra" > "$wlog" 2>&1 < /dev/null
[872/2243] S038heavy.tcp___init dump=0 restore=0 verdict=ok
pbsprobe/pbs_sweep.sh: line 296: 1031102 Killed                  setsid bash -c "exec '$wlbin' --port $port --resume_file '$resume_f' $params $extra" > "$wlog" 2>&1 < /dev/null
[873/2243] S038heavy.tcp___db_open dump=0 restore=0 verdict=ok
pbsprobe/pbs_sweep.sh: line 296: 1032046 Killed                  setsid bash -c "exec '$wlbin' --port $port --resume_file '$resume_f' $params $extra" > "$wlog" 2>&1 < /dev/null
[874/2243] S038heavy.tcp___db_read dump=0 restore=0 verdict=ok
pbsprobe/pbs_sweep.sh: line 296: 1033004 Killed                  setsid bash -c "exec '$wlbin' --port $port --resume_file '$resume_f' $params $extra" > "$wlog" 2>&1 < /dev/null
[875/2243] S038heavy.tcp___db_read_p25 dump=0 restore=0 verdict=ok
pbsprobe/pbs_sweep.sh: line 296: 1033945 Killed                  setsid bash -c "exec '$wlbin' --port $port --resume_file '$resume_f' $params $extra" > "$wlog" 2>&1 < /dev/null
[876/2243] S038heavy.tcp___db_read_p50 dump=0 restore=0 verdict=ok
pbsprobe/pbs_sweep.sh: line 296: 1034891 Killed                  setsid bash -c "exec '$wlbin' --port $port --resume_file '$resume_f' $params $extra" > "$wlog" 2>&1 < /dev/null
[877/2243] S038heavy.tcp___db_read_p75 dump=0 restore=0 verdict=ok
pbsprobe/pbs_sweep.sh: line 296: 1035844 Killed                  setsid bash -c "exec '$wlbin' --port $port --resume_file '$resume_f' $params $extra" > "$wlog" 2>&1 < /dev/null
[878/2243] S038heavy.tcp___db_parse dump=0 restore=0 verdict=ok
pbsprobe/pbs_sweep.sh: line 296: 1036792 Killed                  setsid bash -c "exec '$wlbin' --port $port --resume_file '$resume_f' $params $extra" > "$wlog" 2>&1 < /dev/null
[879/2243] S038heavy.tcp___db_parse_p25 dump=0 restore=0 verdict=ok
pbsprobe/pbs_sweep.sh: line 296: 1037755 Killed                  setsid bash -c "exec '$wlbin' --port $port --resume_file '$resume_f' $params $extra" > "$wlog" 2>&1 < /dev/null
[880/2243] S038heavy.tcp___db_parse_p50 dump=0 restore=0 verdict=ok
pbsprobe/pbs_sweep.sh: line 296: 1038711 Killed                  setsid bash -c "exec '$wlbin' --port $port --resume_file '$resume_f' $params $extra" > "$wlog" 2>&1 < /dev/null
[881/2243] S038heavy.tcp___db_parse_p75 dump=0 restore=0 verdict=ok
pbsprobe/pbs_sweep.sh: line 296: 1039677 Killed                  setsid bash -c "exec '$wlbin' --port $port --resume_file '$resume_f' $params $extra" > "$wlog" 2>&1 < /dev/null
[882/2243] S038heavy.tcp___epg_index dump=0 restore=0 verdict=ok
pbsprobe/pbs_sweep.sh: line 296: 1040630 Killed                  setsid bash -c "exec '$wlbin' --port $port --resume_file '$resume_f' $params $extra" > "$wlog" 2>&1 < /dev/null
[883/2243] S038heavy.tcp___epg_index_p25 dump=0 restore=0 verdict=ok
pbsprobe/pbs_sweep.sh: line 296: 1041588 Killed                  setsid bash -c "exec '$wlbin' --port $port --resume_file '$resume_f' $params $extra" > "$wlog" 2>&1 < /dev/null
[884/2243] S038heavy.tcp___epg_index_p50 dump=0 restore=0 verdict=ok
pbsprobe/pbs_sweep.sh: line 296: 1042525 Killed                  setsid bash -c "exec '$wlbin' --port $port --resume_file '$resume_f' $params $extra" > "$wlog" 2>&1 < /dev/null
[885/2243] S038heavy.tcp___epg_index_p75 dump=0 restore=0 verdict=ok
pbsprobe/pbs_sweep.sh: line 296: 1043475 Killed                  setsid bash -c "exec '$wlbin' --port $port --resume_file '$resume_f' $params $extra" > "$wlog" 2>&1 < /dev/null
[886/2243] S038heavy.tcp___epg_text dump=0 restore=0 verdict=ok
pbsprobe/pbs_sweep.sh: line 296: 1044436 Killed                  setsid bash -c "exec '$wlbin' --port $port --resume_file '$resume_f' $params $extra" > "$wlog" 2>&1 < /dev/null
[887/2243] S038heavy.tcp___epg_reserve dump=0 restore=0 verdict=ok
pbsprobe/pbs_sweep.sh: line 296: 1045376 Killed                  setsid bash -c "exec '$wlbin' --port $port --resume_file '$resume_f' $params $extra" > "$wlog" 2>&1 < /dev/null
[888/2243] S038heavy.tcp___ready dump=0 restore=0 verdict=ok
pbsprobe/pbs_sweep.sh: line 296: 1046406 Killed                  setsid bash -c "exec '$wlbin' --port $port --resume_file '$resume_f' $params $extra" > "$wlog" 2>&1 < /dev/null
[889/2243] S038heavy.tcp___steady dump=0 restore=0 verdict=ok
pbsprobe/pbs_sweep.sh: line 296: 1047473 Killed                  setsid bash -c "exec '$wlbin' --port $port --resume_file '$resume_f' $params $extra" > "$wlog" 2>&1 < /dev/null
[890/2243] S039heavy.file__init dump=0 restore=0 verdict=ok
pbsprobe/pbs_sweep.sh: line 296: 1048452 Killed                  setsid bash -c "exec '$wlbin' --port $port --resume_file '$resume_f' $params $extra" > "$wlog" 2>&1 < /dev/null
[891/2243] S039heavy.file__db_open dump=0 restore=0 verdict=ok
pbsprobe/pbs_sweep.sh: line 296: 1049396 Killed                  setsid bash -c "exec '$wlbin' --port $port --resume_file '$resume_f' $params $extra" > "$wlog" 2>&1 < /dev/null
[892/2243] S039heavy.file__db_read dump=0 restore=0 verdict=ok
pbsprobe/pbs_sweep.sh: line 296: 1050342 Killed                  setsid bash -c "exec '$wlbin' --port $port --resume_file '$resume_f' $params $extra" > "$wlog" 2>&1 < /dev/null
[893/2243] S039heavy.file__db_read_p25 dump=0 restore=0 verdict=ok
pbsprobe/pbs_sweep.sh: line 296: 1051299 Killed                  setsid bash -c "exec '$wlbin' --port $port --resume_file '$resume_f' $params $extra" > "$wlog" 2>&1 < /dev/null
[894/2243] S039heavy.file__db_read_p50 dump=0 restore=0 verdict=ok
pbsprobe/pbs_sweep.sh: line 296: 1052257 Killed                  setsid bash -c "exec '$wlbin' --port $port --resume_file '$resume_f' $params $extra" > "$wlog" 2>&1 < /dev/null
[895/2243] S039heavy.file__db_read_p75 dump=0 restore=0 verdict=ok
pbsprobe/pbs_sweep.sh: line 296: 1053206 Killed                  setsid bash -c "exec '$wlbin' --port $port --resume_file '$resume_f' $params $extra" > "$wlog" 2>&1 < /dev/null
[896/2243] S039heavy.file__db_parse dump=0 restore=0 verdict=ok
pbsprobe/pbs_sweep.sh: line 296: 1054146 Killed                  setsid bash -c "exec '$wlbin' --port $port --resume_file '$resume_f' $params $extra" > "$wlog" 2>&1 < /dev/null
[897/2243] S039heavy.file__db_parse_p25 dump=0 restore=0 verdict=ok
pbsprobe/pbs_sweep.sh: line 296: 1055117 Killed                  setsid bash -c "exec '$wlbin' --port $port --resume_file '$resume_f' $params $extra" > "$wlog" 2>&1 < /dev/null
[898/2243] S039heavy.file__db_parse_p50 dump=0 restore=0 verdict=ok
pbsprobe/pbs_sweep.sh: line 296: 1056057 Killed                  setsid bash -c "exec '$wlbin' --port $port --resume_file '$resume_f' $params $extra" > "$wlog" 2>&1 < /dev/null
[899/2243] S039heavy.file__db_parse_p75 dump=0 restore=0 verdict=ok
pbsprobe/pbs_sweep.sh: line 296: 1057007 Killed                  setsid bash -c "exec '$wlbin' --port $port --resume_file '$resume_f' $params $extra" > "$wlog" 2>&1 < /dev/null
[900/2243] S039heavy.file__epg_index dump=0 restore=0 verdict=ok
pbsprobe/pbs_sweep.sh: line 296: 1057968 Killed                  setsid bash -c "exec '$wlbin' --port $port --resume_file '$resume_f' $params $extra" > "$wlog" 2>&1 < /dev/null
[901/2243] S039heavy.file__epg_index_p25 dump=0 restore=0 verdict=ok
pbsprobe/pbs_sweep.sh: line 296: 1058926 Killed                  setsid bash -c "exec '$wlbin' --port $port --resume_file '$resume_f' $params $extra" > "$wlog" 2>&1 < /dev/null
[902/2243] S039heavy.file__epg_index_p50 dump=0 restore=0 verdict=ok
pbsprobe/pbs_sweep.sh: line 296: 1059883 Killed                  setsid bash -c "exec '$wlbin' --port $port --resume_file '$resume_f' $params $extra" > "$wlog" 2>&1 < /dev/null
[903/2243] S039heavy.file__epg_index_p75 dump=0 restore=0 verdict=ok
pbsprobe/pbs_sweep.sh: line 296: 1060837 Killed                  setsid bash -c "exec '$wlbin' --port $port --resume_file '$resume_f' $params $extra" > "$wlog" 2>&1 < /dev/null
[904/2243] S039heavy.file__epg_text dump=0 restore=0 verdict=ok
pbsprobe/pbs_sweep.sh: line 296: 1061790 Killed                  setsid bash -c "exec '$wlbin' --port $port --resume_file '$resume_f' $params $extra" > "$wlog" 2>&1 < /dev/null
[905/2243] S039heavy.file__epg_reserve dump=0 restore=0 verdict=ok
pbsprobe/pbs_sweep.sh: line 296: 1062738 Killed                  setsid bash -c "exec '$wlbin' --port $port --resume_file '$resume_f' $params $extra" > "$wlog" 2>&1 < /dev/null
[906/2243] S039heavy.file__ready dump=0 restore=0 verdict=ok
pbsprobe/pbs_sweep.sh: line 296: 1063776 Killed                  setsid bash -c "exec '$wlbin' --port $port --resume_file '$resume_f' $params $extra" > "$wlog" 2>&1 < /dev/null
[907/2243] S039heavy.file__steady dump=0 restore=0 verdict=ok
pbsprobe/pbs_sweep.sh: line 296: 1064851 Killed                  setsid bash -c "exec '$wlbin' --port $port --resume_file '$resume_f' $params $extra" > "$wlog" 2>&1 < /dev/null
[908/2243] S040heavy.perm__init dump=0 restore=0 verdict=ok
pbsprobe/pbs_sweep.sh: line 296: 1065822 Killed                  setsid bash -c "exec '$wlbin' --port $port --resume_file '$resume_f' $params $extra" > "$wlog" 2>&1 < /dev/null
[909/2243] S040heavy.perm__db_open dump=0 restore=0 verdict=ok
pbsprobe/pbs_sweep.sh: line 296: 1066758 Killed                  setsid bash -c "exec '$wlbin' --port $port --resume_file '$resume_f' $params $extra" > "$wlog" 2>&1 < /dev/null
[910/2243] S040heavy.perm__db_read dump=0 restore=0 verdict=ok
pbsprobe/pbs_sweep.sh: line 296: 1067716 Killed                  setsid bash -c "exec '$wlbin' --port $port --resume_file '$resume_f' $params $extra" > "$wlog" 2>&1 < /dev/null
[911/2243] S040heavy.perm__db_read_p25 dump=0 restore=0 verdict=ok
pbsprobe/pbs_sweep.sh: line 296: 1068665 Killed                  setsid bash -c "exec '$wlbin' --port $port --resume_file '$resume_f' $params $extra" > "$wlog" 2>&1 < /dev/null
[912/2243] S040heavy.perm__db_read_p50 dump=0 restore=0 verdict=ok
pbsprobe/pbs_sweep.sh: line 296: 1069607 Killed                  setsid bash -c "exec '$wlbin' --port $port --resume_file '$resume_f' $params $extra" > "$wlog" 2>&1 < /dev/null
[913/2243] S040heavy.perm__db_read_p75 dump=0 restore=0 verdict=ok
pbsprobe/pbs_sweep.sh: line 296: 1070556 Killed                  setsid bash -c "exec '$wlbin' --port $port --resume_file '$resume_f' $params $extra" > "$wlog" 2>&1 < /dev/null
[914/2243] S040heavy.perm__db_parse dump=0 restore=0 verdict=ok
pbsprobe/pbs_sweep.sh: line 296: 1071504 Killed                  setsid bash -c "exec '$wlbin' --port $port --resume_file '$resume_f' $params $extra" > "$wlog" 2>&1 < /dev/null
[915/2243] S040heavy.perm__db_parse_p25 dump=0 restore=0 verdict=ok
pbsprobe/pbs_sweep.sh: line 296: 1072467 Killed                  setsid bash -c "exec '$wlbin' --port $port --resume_file '$resume_f' $params $extra" > "$wlog" 2>&1 < /dev/null
[916/2243] S040heavy.perm__db_parse_p50 dump=0 restore=0 verdict=ok
pbsprobe/pbs_sweep.sh: line 296: 1073415 Killed                  setsid bash -c "exec '$wlbin' --port $port --resume_file '$resume_f' $params $extra" > "$wlog" 2>&1 < /dev/null
[917/2243] S040heavy.perm__db_parse_p75 dump=0 restore=0 verdict=ok
pbsprobe/pbs_sweep.sh: line 296: 1074373 Killed                  setsid bash -c "exec '$wlbin' --port $port --resume_file '$resume_f' $params $extra" > "$wlog" 2>&1 < /dev/null
[918/2243] S040heavy.perm__epg_index dump=0 restore=0 verdict=ok
pbsprobe/pbs_sweep.sh: line 296: 1075330 Killed                  setsid bash -c "exec '$wlbin' --port $port --resume_file '$resume_f' $params $extra" > "$wlog" 2>&1 < /dev/null
[919/2243] S040heavy.perm__epg_index_p25 dump=0 restore=0 verdict=ok
pbsprobe/pbs_sweep.sh: line 296: 1076320 Killed                  setsid bash -c "exec '$wlbin' --port $port --resume_file '$resume_f' $params $extra" > "$wlog" 2>&1 < /dev/null
[920/2243] S040heavy.perm__epg_index_p50 dump=0 restore=0 verdict=ok
pbsprobe/pbs_sweep.sh: line 296: 1077277 Killed                  setsid bash -c "exec '$wlbin' --port $port --resume_file '$resume_f' $params $extra" > "$wlog" 2>&1 < /dev/null
[921/2243] S040heavy.perm__epg_index_p75 dump=0 restore=0 verdict=ok
pbsprobe/pbs_sweep.sh: line 296: 1078243 Killed                  setsid bash -c "exec '$wlbin' --port $port --resume_file '$resume_f' $params $extra" > "$wlog" 2>&1 < /dev/null
[922/2243] S040heavy.perm__epg_text dump=0 restore=0 verdict=ok
pbsprobe/pbs_sweep.sh: line 296: 1079192 Killed                  setsid bash -c "exec '$wlbin' --port $port --resume_file '$resume_f' $params $extra" > "$wlog" 2>&1 < /dev/null
[923/2243] S040heavy.perm__epg_reserve dump=0 restore=0 verdict=ok
pbsprobe/pbs_sweep.sh: line 296: 1080132 Killed                  setsid bash -c "exec '$wlbin' --port $port --resume_file '$resume_f' $params $extra" > "$wlog" 2>&1 < /dev/null
[924/2243] S040heavy.perm__ready dump=0 restore=0 verdict=ok
pbsprobe/pbs_sweep.sh: line 296: 1081146 Killed                  setsid bash -c "exec '$wlbin' --port $port --resume_file '$resume_f' $params $extra" > "$wlog" 2>&1 < /dev/null
[925/2243] S040heavy.perm__steady dump=0 restore=0 verdict=ok
pbsprobe/pbs_sweep.sh: line 296: 1082205 Killed                  setsid bash -c "exec '$wlbin' --port $port --resume_file '$resume_f' $params $extra" > "$wlog" 2>&1 < /dev/null
[926/2243] S041light.stri__init dump=0 restore=0 verdict=ok
pbsprobe/pbs_sweep.sh: line 296: 1083156 Killed                  setsid bash -c "exec '$wlbin' --port $port --resume_file '$resume_f' $params $extra" > "$wlog" 2>&1 < /dev/null
[927/2243] S041light.stri__db_open dump=0 restore=0 verdict=ok
pbsprobe/pbs_sweep.sh: line 296: 1084064 Killed                  setsid bash -c "exec '$wlbin' --port $port --resume_file '$resume_f' $params $extra" > "$wlog" 2>&1 < /dev/null
[928/2243] S041light.stri__db_read dump=0 restore=0 verdict=ok
pbsprobe/pbs_sweep.sh: line 296: 1084996 Killed                  setsid bash -c "exec '$wlbin' --port $port --resume_file '$resume_f' $params $extra" > "$wlog" 2>&1 < /dev/null
[929/2243] S041light.stri__db_read_p25 dump=0 restore=0 verdict=ok
pbsprobe/pbs_sweep.sh: line 296: 1085923 Killed                  setsid bash -c "exec '$wlbin' --port $port --resume_file '$resume_f' $params $extra" > "$wlog" 2>&1 < /dev/null
[930/2243] S041light.stri__db_read_p50 dump=0 restore=0 verdict=ok
pbsprobe/pbs_sweep.sh: line 296: 1086831 Killed                  setsid bash -c "exec '$wlbin' --port $port --resume_file '$resume_f' $params $extra" > "$wlog" 2>&1 < /dev/null
[931/2243] S041light.stri__db_read_p75 dump=0 restore=0 verdict=ok
pbsprobe/pbs_sweep.sh: line 296: 1087745 Killed                  setsid bash -c "exec '$wlbin' --port $port --resume_file '$resume_f' $params $extra" > "$wlog" 2>&1 < /dev/null
[932/2243] S041light.stri__db_parse dump=0 restore=0 verdict=ok
pbsprobe/pbs_sweep.sh: line 296: 1088646 Killed                  setsid bash -c "exec '$wlbin' --port $port --resume_file '$resume_f' $params $extra" > "$wlog" 2>&1 < /dev/null
[933/2243] S041light.stri__db_parse_p25 dump=0 restore=0 verdict=ok
pbsprobe/pbs_sweep.sh: line 296: 1089566 Killed                  setsid bash -c "exec '$wlbin' --port $port --resume_file '$resume_f' $params $extra" > "$wlog" 2>&1 < /dev/null
[934/2243] S041light.stri__db_parse_p50 dump=0 restore=0 verdict=ok
pbsprobe/pbs_sweep.sh: line 296: 1090480 Killed                  setsid bash -c "exec '$wlbin' --port $port --resume_file '$resume_f' $params $extra" > "$wlog" 2>&1 < /dev/null
[935/2243] S041light.stri__db_parse_p75 dump=0 restore=0 verdict=ok
pbsprobe/pbs_sweep.sh: line 296: 1091397 Killed                  setsid bash -c "exec '$wlbin' --port $port --resume_file '$resume_f' $params $extra" > "$wlog" 2>&1 < /dev/null
[936/2243] S041light.stri__epg_index dump=0 restore=0 verdict=ok
pbsprobe/pbs_sweep.sh: line 296: 1092301 Killed                  setsid bash -c "exec '$wlbin' --port $port --resume_file '$resume_f' $params $extra" > "$wlog" 2>&1 < /dev/null
[937/2243] S041light.stri__epg_index_p25 dump=0 restore=0 verdict=ok
pbsprobe/pbs_sweep.sh: line 296: 1093252 Killed                  setsid bash -c "exec '$wlbin' --port $port --resume_file '$resume_f' $params $extra" > "$wlog" 2>&1 < /dev/null
[938/2243] S041light.stri__epg_index_p50 dump=0 restore=0 verdict=ok
pbsprobe/pbs_sweep.sh: line 296: 1094156 Killed                  setsid bash -c "exec '$wlbin' --port $port --resume_file '$resume_f' $params $extra" > "$wlog" 2>&1 < /dev/null
[939/2243] S041light.stri__epg_index_p75 dump=0 restore=0 verdict=ok
pbsprobe/pbs_sweep.sh: line 296: 1095090 Killed                  setsid bash -c "exec '$wlbin' --port $port --resume_file '$resume_f' $params $extra" > "$wlog" 2>&1 < /dev/null
[940/2243] S041light.stri__epg_text dump=0 restore=0 verdict=ok
pbsprobe/pbs_sweep.sh: line 296: 1096003 Killed                  setsid bash -c "exec '$wlbin' --port $port --resume_file '$resume_f' $params $extra" > "$wlog" 2>&1 < /dev/null
[941/2243] S041light.stri__epg_reserve dump=0 restore=0 verdict=ok
pbsprobe/pbs_sweep.sh: line 296: 1096907 Killed                  setsid bash -c "exec '$wlbin' --port $port --resume_file '$resume_f' $params $extra" > "$wlog" 2>&1 < /dev/null
[942/2243] S041light.stri__ready dump=0 restore=0 verdict=ok
pbsprobe/pbs_sweep.sh: line 296: 1097885 Killed                  setsid bash -c "exec '$wlbin' --port $port --resume_file '$resume_f' $params $extra" > "$wlog" 2>&1 < /dev/null
[943/2243] S041light.stri__steady dump=0 restore=0 verdict=ok
pbsprobe/pbs_sweep.sh: line 296: 1098920 Killed                  setsid bash -c "exec '$wlbin' --port $port --resume_file '$resume_f' $params $extra" > "$wlog" 2>&1 < /dev/null
[944/2243] S042light.ext___init dump=0 restore=0 verdict=ok
pbsprobe/pbs_sweep.sh: line 296: 1099859 Killed                  setsid bash -c "exec '$wlbin' --port $port --resume_file '$resume_f' $params $extra" > "$wlog" 2>&1 < /dev/null
[945/2243] S042light.ext___db_open dump=0 restore=0 verdict=ok
pbsprobe/pbs_sweep.sh: line 296: 1100779 Killed                  setsid bash -c "exec '$wlbin' --port $port --resume_file '$resume_f' $params $extra" > "$wlog" 2>&1 < /dev/null
[946/2243] S042light.ext___db_read dump=0 restore=0 verdict=ok
pbsprobe/pbs_sweep.sh: line 296: 1101711 Killed                  setsid bash -c "exec '$wlbin' --port $port --resume_file '$resume_f' $params $extra" > "$wlog" 2>&1 < /dev/null
[947/2243] S042light.ext___db_read_p25 dump=0 restore=0 verdict=ok
pbsprobe/pbs_sweep.sh: line 296: 1102658 Killed                  setsid bash -c "exec '$wlbin' --port $port --resume_file '$resume_f' $params $extra" > "$wlog" 2>&1 < /dev/null
[948/2243] S042light.ext___db_read_p50 dump=0 restore=0 verdict=ok
pbsprobe/pbs_sweep.sh: line 296: 1103618 Killed                  setsid bash -c "exec '$wlbin' --port $port --resume_file '$resume_f' $params $extra" > "$wlog" 2>&1 < /dev/null
[949/2243] S042light.ext___db_read_p75 dump=0 restore=0 verdict=ok
pbsprobe/pbs_sweep.sh: line 296: 1104556 Killed                  setsid bash -c "exec '$wlbin' --port $port --resume_file '$resume_f' $params $extra" > "$wlog" 2>&1 < /dev/null
[950/2243] S042light.ext___db_parse dump=0 restore=0 verdict=ok
pbsprobe/pbs_sweep.sh: line 296: 1105497 Killed                  setsid bash -c "exec '$wlbin' --port $port --resume_file '$resume_f' $params $extra" > "$wlog" 2>&1 < /dev/null
[951/2243] S042light.ext___db_parse_p25 dump=0 restore=0 verdict=ok
pbsprobe/pbs_sweep.sh: line 296: 1106409 Killed                  setsid bash -c "exec '$wlbin' --port $port --resume_file '$resume_f' $params $extra" > "$wlog" 2>&1 < /dev/null
[952/2243] S042light.ext___db_parse_p50 dump=0 restore=0 verdict=ok
pbsprobe/pbs_sweep.sh: line 296: 1107351 Killed                  setsid bash -c "exec '$wlbin' --port $port --resume_file '$resume_f' $params $extra" > "$wlog" 2>&1 < /dev/null
[953/2243] S042light.ext___db_parse_p75 dump=0 restore=0 verdict=ok
pbsprobe/pbs_sweep.sh: line 296: 1108292 Killed                  setsid bash -c "exec '$wlbin' --port $port --resume_file '$resume_f' $params $extra" > "$wlog" 2>&1 < /dev/null
[954/2243] S042light.ext___epg_index dump=0 restore=0 verdict=ok
pbsprobe/pbs_sweep.sh: line 296: 1109216 Killed                  setsid bash -c "exec '$wlbin' --port $port --resume_file '$resume_f' $params $extra" > "$wlog" 2>&1 < /dev/null
[955/2243] S042light.ext___epg_index_p25 dump=0 restore=0 verdict=ok
pbsprobe/pbs_sweep.sh: line 296: 1110135 Killed                  setsid bash -c "exec '$wlbin' --port $port --resume_file '$resume_f' $params $extra" > "$wlog" 2>&1 < /dev/null
[956/2243] S042light.ext___epg_index_p50 dump=0 restore=0 verdict=ok
pbsprobe/pbs_sweep.sh: line 296: 1111051 Killed                  setsid bash -c "exec '$wlbin' --port $port --resume_file '$resume_f' $params $extra" > "$wlog" 2>&1 < /dev/null
[957/2243] S042light.ext___epg_index_p75 dump=0 restore=0 verdict=ok
pbsprobe/pbs_sweep.sh: line 296: 1111955 Killed                  setsid bash -c "exec '$wlbin' --port $port --resume_file '$resume_f' $params $extra" > "$wlog" 2>&1 < /dev/null
[958/2243] S042light.ext___epg_text dump=0 restore=0 verdict=ok
pbsprobe/pbs_sweep.sh: line 296: 1112874 Killed                  setsid bash -c "exec '$wlbin' --port $port --resume_file '$resume_f' $params $extra" > "$wlog" 2>&1 < /dev/null
[959/2243] S042light.ext___epg_reserve dump=0 restore=0 verdict=ok
pbsprobe/pbs_sweep.sh: line 296: 1113782 Killed                  setsid bash -c "exec '$wlbin' --port $port --resume_file '$resume_f' $params $extra" > "$wlog" 2>&1 < /dev/null
[960/2243] S042light.ext___ready dump=0 restore=0 verdict=ok
pbsprobe/pbs_sweep.sh: line 296: 1114763 Killed                  setsid bash -c "exec '$wlbin' --port $port --resume_file '$resume_f' $params $extra" > "$wlog" 2>&1 < /dev/null
[961/2243] S042light.ext___steady dump=0 restore=0 verdict=ok
pbsprobe/pbs_sweep.sh: line 296: 1115815 Killed                  setsid bash -c "exec '$wlbin' --port $port --resume_file '$resume_f' $params $extra" > "$wlog" 2>&1 < /dev/null
[962/2243] S043light.tcp___init dump=0 restore=0 verdict=ok
pbsprobe/pbs_sweep.sh: line 296: 1116763 Killed                  setsid bash -c "exec '$wlbin' --port $port --resume_file '$resume_f' $params $extra" > "$wlog" 2>&1 < /dev/null
[963/2243] S043light.tcp___db_open dump=0 restore=0 verdict=ok
pbsprobe/pbs_sweep.sh: line 296: 1117705 Killed                  setsid bash -c "exec '$wlbin' --port $port --resume_file '$resume_f' $params $extra" > "$wlog" 2>&1 < /dev/null
[964/2243] S043light.tcp___db_read dump=0 restore=0 verdict=ok
pbsprobe/pbs_sweep.sh: line 296: 1118654 Killed                  setsid bash -c "exec '$wlbin' --port $port --resume_file '$resume_f' $params $extra" > "$wlog" 2>&1 < /dev/null
[965/2243] S043light.tcp___db_read_p25 dump=0 restore=0 verdict=ok
pbsprobe/pbs_sweep.sh: line 296: 1119558 Killed                  setsid bash -c "exec '$wlbin' --port $port --resume_file '$resume_f' $params $extra" > "$wlog" 2>&1 < /dev/null
[966/2243] S043light.tcp___db_read_p50 dump=0 restore=0 verdict=ok
pbsprobe/pbs_sweep.sh: line 296: 1120484 Killed                  setsid bash -c "exec '$wlbin' --port $port --resume_file '$resume_f' $params $extra" > "$wlog" 2>&1 < /dev/null
[967/2243] S043light.tcp___db_read_p75 dump=0 restore=0 verdict=ok
pbsprobe/pbs_sweep.sh: line 296: 1121393 Killed                  setsid bash -c "exec '$wlbin' --port $port --resume_file '$resume_f' $params $extra" > "$wlog" 2>&1 < /dev/null
[968/2243] S043light.tcp___db_parse dump=0 restore=0 verdict=ok
pbsprobe/pbs_sweep.sh: line 296: 1122305 Killed                  setsid bash -c "exec '$wlbin' --port $port --resume_file '$resume_f' $params $extra" > "$wlog" 2>&1 < /dev/null
[969/2243] S043light.tcp___db_parse_p25 dump=0 restore=0 verdict=ok
pbsprobe/pbs_sweep.sh: line 296: 1123240 Killed                  setsid bash -c "exec '$wlbin' --port $port --resume_file '$resume_f' $params $extra" > "$wlog" 2>&1 < /dev/null
[970/2243] S043light.tcp___db_parse_p50 dump=0 restore=0 verdict=ok
pbsprobe/pbs_sweep.sh: line 296: 1124164 Killed                  setsid bash -c "exec '$wlbin' --port $port --resume_file '$resume_f' $params $extra" > "$wlog" 2>&1 < /dev/null
[971/2243] S043light.tcp___db_parse_p75 dump=0 restore=0 verdict=ok
pbsprobe/pbs_sweep.sh: line 296: 1125106 Killed                  setsid bash -c "exec '$wlbin' --port $port --resume_file '$resume_f' $params $extra" > "$wlog" 2>&1 < /dev/null
[972/2243] S043light.tcp___epg_index dump=0 restore=0 verdict=ok
pbsprobe/pbs_sweep.sh: line 296: 1126047 Killed                  setsid bash -c "exec '$wlbin' --port $port --resume_file '$resume_f' $params $extra" > "$wlog" 2>&1 < /dev/null
[973/2243] S043light.tcp___epg_index_p25 dump=0 restore=0 verdict=ok
pbsprobe/pbs_sweep.sh: line 296: 1126971 Killed                  setsid bash -c "exec '$wlbin' --port $port --resume_file '$resume_f' $params $extra" > "$wlog" 2>&1 < /dev/null
[974/2243] S043light.tcp___epg_index_p50 dump=0 restore=0 verdict=ok
pbsprobe/pbs_sweep.sh: line 296: 1127913 Killed                  setsid bash -c "exec '$wlbin' --port $port --resume_file '$resume_f' $params $extra" > "$wlog" 2>&1 < /dev/null
[975/2243] S043light.tcp___epg_index_p75 dump=0 restore=0 verdict=ok
pbsprobe/pbs_sweep.sh: line 296: 1128846 Killed                  setsid bash -c "exec '$wlbin' --port $port --resume_file '$resume_f' $params $extra" > "$wlog" 2>&1 < /dev/null
[976/2243] S043light.tcp___epg_text dump=0 restore=0 verdict=ok
pbsprobe/pbs_sweep.sh: line 296: 1129786 Killed                  setsid bash -c "exec '$wlbin' --port $port --resume_file '$resume_f' $params $extra" > "$wlog" 2>&1 < /dev/null
[977/2243] S043light.tcp___epg_reserve dump=0 restore=0 verdict=ok
pbsprobe/pbs_sweep.sh: line 296: 1130699 Killed                  setsid bash -c "exec '$wlbin' --port $port --resume_file '$resume_f' $params $extra" > "$wlog" 2>&1 < /dev/null
[978/2243] S043light.tcp___ready dump=0 restore=0 verdict=ok
pbsprobe/pbs_sweep.sh: line 296: 1131671 Killed                  setsid bash -c "exec '$wlbin' --port $port --resume_file '$resume_f' $params $extra" > "$wlog" 2>&1 < /dev/null
[979/2243] S043light.tcp___steady dump=0 restore=0 verdict=ok
pbsprobe/pbs_sweep.sh: line 296: 1132699 Killed                  setsid bash -c "exec '$wlbin' --port $port --resume_file '$resume_f' $params $extra" > "$wlog" 2>&1 < /dev/null
[980/2243] S044light.file__init dump=0 restore=0 verdict=ok
pbsprobe/pbs_sweep.sh: line 296: 1133624 Killed                  setsid bash -c "exec '$wlbin' --port $port --resume_file '$resume_f' $params $extra" > "$wlog" 2>&1 < /dev/null
[981/2243] S044light.file__db_open dump=0 restore=0 verdict=ok
pbsprobe/pbs_sweep.sh: line 296: 1134541 Killed                  setsid bash -c "exec '$wlbin' --port $port --resume_file '$resume_f' $params $extra" > "$wlog" 2>&1 < /dev/null
[982/2243] S044light.file__db_read dump=0 restore=0 verdict=ok
pbsprobe/pbs_sweep.sh: line 296: 1135454 Killed                  setsid bash -c "exec '$wlbin' --port $port --resume_file '$resume_f' $params $extra" > "$wlog" 2>&1 < /dev/null
[983/2243] S044light.file__db_read_p25 dump=0 restore=0 verdict=ok
pbsprobe/pbs_sweep.sh: line 296: 1136367 Killed                  setsid bash -c "exec '$wlbin' --port $port --resume_file '$resume_f' $params $extra" > "$wlog" 2>&1 < /dev/null
[984/2243] S044light.file__db_read_p50 dump=0 restore=0 verdict=ok
pbsprobe/pbs_sweep.sh: line 296: 1137280 Killed                  setsid bash -c "exec '$wlbin' --port $port --resume_file '$resume_f' $params $extra" > "$wlog" 2>&1 < /dev/null
[985/2243] S044light.file__db_read_p75 dump=0 restore=0 verdict=ok
pbsprobe/pbs_sweep.sh: line 296: 1138189 Killed                  setsid bash -c "exec '$wlbin' --port $port --resume_file '$resume_f' $params $extra" > "$wlog" 2>&1 < /dev/null
[986/2243] S044light.file__db_parse dump=0 restore=0 verdict=ok
pbsprobe/pbs_sweep.sh: line 296: 1139106 Killed                  setsid bash -c "exec '$wlbin' --port $port --resume_file '$resume_f' $params $extra" > "$wlog" 2>&1 < /dev/null
[987/2243] S044light.file__db_parse_p25 dump=0 restore=0 verdict=ok
pbsprobe/pbs_sweep.sh: line 296: 1140027 Killed                  setsid bash -c "exec '$wlbin' --port $port --resume_file '$resume_f' $params $extra" > "$wlog" 2>&1 < /dev/null
[988/2243] S044light.file__db_parse_p50 dump=0 restore=0 verdict=ok
pbsprobe/pbs_sweep.sh: line 296: 1140940 Killed                  setsid bash -c "exec '$wlbin' --port $port --resume_file '$resume_f' $params $extra" > "$wlog" 2>&1 < /dev/null
[989/2243] S044light.file__db_parse_p75 dump=0 restore=0 verdict=ok
pbsprobe/pbs_sweep.sh: line 296: 1141869 Killed                  setsid bash -c "exec '$wlbin' --port $port --resume_file '$resume_f' $params $extra" > "$wlog" 2>&1 < /dev/null
[990/2243] S044light.file__epg_index dump=0 restore=0 verdict=ok
pbsprobe/pbs_sweep.sh: line 296: 1142778 Killed                  setsid bash -c "exec '$wlbin' --port $port --resume_file '$resume_f' $params $extra" > "$wlog" 2>&1 < /dev/null
[991/2243] S044light.file__epg_index_p25 dump=0 restore=0 verdict=ok
pbsprobe/pbs_sweep.sh: line 296: 1143683 Killed                  setsid bash -c "exec '$wlbin' --port $port --resume_file '$resume_f' $params $extra" > "$wlog" 2>&1 < /dev/null
[992/2243] S044light.file__epg_index_p50 dump=0 restore=0 verdict=ok
pbsprobe/pbs_sweep.sh: line 296: 1144600 Killed                  setsid bash -c "exec '$wlbin' --port $port --resume_file '$resume_f' $params $extra" > "$wlog" 2>&1 < /dev/null
[993/2243] S044light.file__epg_index_p75 dump=0 restore=0 verdict=ok
pbsprobe/pbs_sweep.sh: line 296: 1145513 Killed                  setsid bash -c "exec '$wlbin' --port $port --resume_file '$resume_f' $params $extra" > "$wlog" 2>&1 < /dev/null
[994/2243] S044light.file__epg_text dump=0 restore=0 verdict=ok
pbsprobe/pbs_sweep.sh: line 296: 1146486 Killed                  setsid bash -c "exec '$wlbin' --port $port --resume_file '$resume_f' $params $extra" > "$wlog" 2>&1 < /dev/null
[995/2243] S044light.file__epg_reserve dump=0 restore=0 verdict=ok
pbsprobe/pbs_sweep.sh: line 296: 1147399 Killed                  setsid bash -c "exec '$wlbin' --port $port --resume_file '$resume_f' $params $extra" > "$wlog" 2>&1 < /dev/null
[996/2243] S044light.file__ready dump=0 restore=0 verdict=ok
pbsprobe/pbs_sweep.sh: line 296: 1148383 Killed                  setsid bash -c "exec '$wlbin' --port $port --resume_file '$resume_f' $params $extra" > "$wlog" 2>&1 < /dev/null
[997/2243] S044light.file__steady dump=0 restore=0 verdict=ok
pbsprobe/pbs_sweep.sh: line 296: 1149415 Killed                  setsid bash -c "exec '$wlbin' --port $port --resume_file '$resume_f' $params $extra" > "$wlog" 2>&1 < /dev/null
[998/2243] S045light.perm__init dump=0 restore=0 verdict=ok
pbsprobe/pbs_sweep.sh: line 296: 1150344 Killed                  setsid bash -c "exec '$wlbin' --port $port --resume_file '$resume_f' $params $extra" > "$wlog" 2>&1 < /dev/null
[999/2243] S045light.perm__db_open dump=0 restore=0 verdict=ok
pbsprobe/pbs_sweep.sh: line 296: 1151257 Killed                  setsid bash -c "exec '$wlbin' --port $port --resume_file '$resume_f' $params $extra" > "$wlog" 2>&1 < /dev/null
[1000/2243] S045light.perm__db_read dump=0 restore=0 verdict=ok
pbsprobe/pbs_sweep.sh: line 296: 1152170 Killed                  setsid bash -c "exec '$wlbin' --port $port --resume_file '$resume_f' $params $extra" > "$wlog" 2>&1 < /dev/null
[1001/2243] S045light.perm__db_read_p25 dump=0 restore=0 verdict=ok
pbsprobe/pbs_sweep.sh: line 296: 1153091 Killed                  setsid bash -c "exec '$wlbin' --port $port --resume_file '$resume_f' $params $extra" > "$wlog" 2>&1 < /dev/null
[1002/2243] S045light.perm__db_read_p50 dump=0 restore=0 verdict=ok
pbsprobe/pbs_sweep.sh: line 296: 1154020 Killed                  setsid bash -c "exec '$wlbin' --port $port --resume_file '$resume_f' $params $extra" > "$wlog" 2>&1 < /dev/null
[1003/2243] S045light.perm__db_read_p75 dump=0 restore=0 verdict=ok
pbsprobe/pbs_sweep.sh: line 296: 1154937 Killed                  setsid bash -c "exec '$wlbin' --port $port --resume_file '$resume_f' $params $extra" > "$wlog" 2>&1 < /dev/null
[1004/2243] S045light.perm__db_parse dump=0 restore=0 verdict=ok
pbsprobe/pbs_sweep.sh: line 296: 1155830 Killed                  setsid bash -c "exec '$wlbin' --port $port --resume_file '$resume_f' $params $extra" > "$wlog" 2>&1 < /dev/null
[1005/2243] S045light.perm__db_parse_p25 dump=0 restore=0 verdict=ok
pbsprobe/pbs_sweep.sh: line 296: 1156723 Killed                  setsid bash -c "exec '$wlbin' --port $port --resume_file '$resume_f' $params $extra" > "$wlog" 2>&1 < /dev/null
[1006/2243] S045light.perm__db_parse_p50 dump=0 restore=0 verdict=ok
pbsprobe/pbs_sweep.sh: line 296: 1157620 Killed                  setsid bash -c "exec '$wlbin' --port $port --resume_file '$resume_f' $params $extra" > "$wlog" 2>&1 < /dev/null
[1007/2243] S045light.perm__db_parse_p75 dump=0 restore=0 verdict=ok
pbsprobe/pbs_sweep.sh: line 296: 1158521 Killed                  setsid bash -c "exec '$wlbin' --port $port --resume_file '$resume_f' $params $extra" > "$wlog" 2>&1 < /dev/null
[1008/2243] S045light.perm__epg_index dump=0 restore=0 verdict=ok
pbsprobe/pbs_sweep.sh: line 296: 1159422 Killed                  setsid bash -c "exec '$wlbin' --port $port --resume_file '$resume_f' $params $extra" > "$wlog" 2>&1 < /dev/null
[1009/2243] S045light.perm__epg_index_p25 dump=0 restore=0 verdict=ok
pbsprobe/pbs_sweep.sh: line 296: 1160335 Killed                  setsid bash -c "exec '$wlbin' --port $port --resume_file '$resume_f' $params $extra" > "$wlog" 2>&1 < /dev/null
[1010/2243] S045light.perm__epg_index_p50 dump=0 restore=0 verdict=ok
pbsprobe/pbs_sweep.sh: line 296: 1161256 Killed                  setsid bash -c "exec '$wlbin' --port $port --resume_file '$resume_f' $params $extra" > "$wlog" 2>&1 < /dev/null
[1011/2243] S045light.perm__epg_index_p75 dump=0 restore=0 verdict=ok
pbsprobe/pbs_sweep.sh: line 296: 1162181 Killed                  setsid bash -c "exec '$wlbin' --port $port --resume_file '$resume_f' $params $extra" > "$wlog" 2>&1 < /dev/null
[1012/2243] S045light.perm__epg_text dump=0 restore=0 verdict=ok
pbsprobe/pbs_sweep.sh: line 296: 1163114 Killed                  setsid bash -c "exec '$wlbin' --port $port --resume_file '$resume_f' $params $extra" > "$wlog" 2>&1 < /dev/null
[1013/2243] S045light.perm__epg_reserve dump=0 restore=0 verdict=ok
pbsprobe/pbs_sweep.sh: line 296: 1164027 Killed                  setsid bash -c "exec '$wlbin' --port $port --resume_file '$resume_f' $params $extra" > "$wlog" 2>&1 < /dev/null
[1014/2243] S045light.perm__ready dump=0 restore=0 verdict=ok
pbsprobe/pbs_sweep.sh: line 296: 1165023 Killed                  setsid bash -c "exec '$wlbin' --port $port --resume_file '$resume_f' $params $extra" > "$wlog" 2>&1 < /dev/null
[1015/2243] S045light.perm__steady dump=0 restore=0 verdict=ok
pbsprobe/pbs_sweep.sh: line 296: 1166048 Killed                  setsid bash -c "exec '$wlbin' --port $port --resume_file '$resume_f' $params $extra" > "$wlog" 2>&1 < /dev/null
[1016/2243] S046all.stri__init dump=0 restore=0 verdict=ok
pbsprobe/pbs_sweep.sh: line 257: 1166041 Killed                  setsid "$BIN_HUB" "${HARGS[@]}" > "$hlog" 2>&1 < /dev/null
pbsprobe/pbs_sweep.sh: line 296: 1168432 Killed                  setsid bash -c "exec '$wlbin' --port $port --resume_file '$resume_f' $params $extra" > "$wlog" 2>&1 < /dev/null
[1017/2243] S046all.stri__sig_pending dump=0 restore=0 verdict=ok
pbsprobe/pbs_sweep.sh: line 257: 1168425 Killed                  setsid "$BIN_HUB" "${HARGS[@]}" > "$hlog" 2>&1 < /dev/null
pbsprobe/pbs_sweep.sh: line 296: 1170888 Killed                  setsid bash -c "exec '$wlbin' --port $port --resume_file '$resume_f' $params $extra" > "$wlog" 2>&1 < /dev/null
[1018/2243] S046all.stri__dev_urandom dump=0 restore=0 verdict=ok
pbsprobe/pbs_sweep.sh: line 257: 1170881 Killed                  setsid "$BIN_HUB" "${HARGS[@]}" > "$hlog" 2>&1 < /dev/null
[1019/2243] S046all.stri__log_open dump=1 restore=na verdict=dump_fail
pbsprobe/pbs_sweep.sh: line 257: 1173353 Killed                  setsid "$BIN_HUB" "${HARGS[@]}" > "$hlog" 2>&1 < /dev/null
pbsprobe/pbs_sweep.sh: line 257: 1173360 Killed                  setsid bash -c "exec '$wlbin' --port $port --resume_file '$resume_f' $params $extra" > "$wlog" 2>&1 < /dev/null
[1020/2243] S046all.stri__db_open dump=1 restore=na verdict=dump_fail
pbsprobe/pbs_sweep.sh: line 257: 1173562 Killed                  setsid "$BIN_HUB" "${HARGS[@]}" > "$hlog" 2>&1 < /dev/null
pbsprobe/pbs_sweep.sh: line 257: 1173569 Killed                  setsid bash -c "exec '$wlbin' --port $port --resume_file '$resume_f' $params $extra" > "$wlog" 2>&1 < /dev/null
[1021/2243] S046all.stri__db_lock dump=1 restore=na verdict=dump_fail
pbsprobe/pbs_sweep.sh: line 257: 1173823 Killed                  setsid "$BIN_HUB" "${HARGS[@]}" > "$hlog" 2>&1 < /dev/null
pbsprobe/pbs_sweep.sh: line 257: 1173830 Killed                  setsid bash -c "exec '$wlbin' --port $port --resume_file '$resume_f' $params $extra" > "$wlog" 2>&1 < /dev/null
[1022/2243] S046all.stri__db_read_p25 dump=1 restore=na verdict=dump_fail
pbsprobe/pbs_sweep.sh: line 257: 1174132 Killed                  setsid "$BIN_HUB" "${HARGS[@]}" > "$hlog" 2>&1 < /dev/null
pbsprobe/pbs_sweep.sh: line 257: 1174139 Killed                  setsid bash -c "exec '$wlbin' --port $port --resume_file '$resume_f' $params $extra" > "$wlog" 2>&1 < /dev/null
[1023/2243] S046all.stri__db_read_p50 dump=1 restore=na verdict=dump_fail
pbsprobe/pbs_sweep.sh: line 257: 1174501 Killed                  setsid "$BIN_HUB" "${HARGS[@]}" > "$hlog" 2>&1 < /dev/null
pbsprobe/pbs_sweep.sh: line 257: 1174508 Killed                  setsid bash -c "exec '$wlbin' --port $port --resume_file '$resume_f' $params $extra" > "$wlog" 2>&1 < /dev/null
[1024/2243] S046all.stri__db_read_p75 dump=1 restore=na verdict=dump_fail
pbsprobe/pbs_sweep.sh: line 257: 1174930 Killed                  setsid "$BIN_HUB" "${HARGS[@]}" > "$hlog" 2>&1 < /dev/null
pbsprobe/pbs_sweep.sh: line 257: 1174937 Killed                  setsid bash -c "exec '$wlbin' --port $port --resume_file '$resume_f' $params $extra" > "$wlog" 2>&1 < /dev/null
[1025/2243] S046all.stri__db_parse dump=1 restore=na verdict=dump_fail
pbsprobe/pbs_sweep.sh: line 257: 1175403 Killed                  setsid "$BIN_HUB" "${HARGS[@]}" > "$hlog" 2>&1 < /dev/null
pbsprobe/pbs_sweep.sh: line 257: 1175410 Killed                  setsid bash -c "exec '$wlbin' --port $port --resume_file '$resume_f' $params $extra" > "$wlog" 2>&1 < /dev/null
[1026/2243] S046all.stri__db_parse_p25 dump=1 restore=na verdict=dump_fail
pbsprobe/pbs_sweep.sh: line 257: 1176164 Killed                  setsid "$BIN_HUB" "${HARGS[@]}" > "$hlog" 2>&1 < /dev/null
pbsprobe/pbs_sweep.sh: line 257: 1176171 Killed                  setsid bash -c "exec '$wlbin' --port $port --resume_file '$resume_f' $params $extra" > "$wlog" 2>&1 < /dev/null
[1027/2243] S046all.stri__db_parse_p50 dump=1 restore=na verdict=dump_fail
pbsprobe/pbs_sweep.sh: line 257: 1176757 Killed                  setsid "$BIN_HUB" "${HARGS[@]}" > "$hlog" 2>&1 < /dev/null
pbsprobe/pbs_sweep.sh: line 257: 1176764 Killed                  setsid bash -c "exec '$wlbin' --port $port --resume_file '$resume_f' $params $extra" > "$wlog" 2>&1 < /dev/null
[1028/2243] S046all.stri__db_parse_p75 dump=1 restore=na verdict=dump_fail
pbsprobe/pbs_sweep.sh: line 257: 1177390 Killed                  setsid "$BIN_HUB" "${HARGS[@]}" > "$hlog" 2>&1 < /dev/null
pbsprobe/pbs_sweep.sh: line 257: 1177397 Killed                  setsid bash -c "exec '$wlbin' --port $port --resume_file '$resume_f' $params $extra" > "$wlog" 2>&1 < /dev/null
[1029/2243] S046all.stri__epg_index dump=1 restore=na verdict=dump_fail
pbsprobe/pbs_sweep.sh: line 257: 1178099 Killed                  setsid "$BIN_HUB" "${HARGS[@]}" > "$hlog" 2>&1 < /dev/null
pbsprobe/pbs_sweep.sh: line 257: 1178106 Killed                  setsid bash -c "exec '$wlbin' --port $port --resume_file '$resume_f' $params $extra" > "$wlog" 2>&1 < /dev/null
[1030/2243] S046all.stri__epg_index_p25 dump=1 restore=na verdict=dump_fail
pbsprobe/pbs_sweep.sh: line 257: 1179048 Killed                  setsid "$BIN_HUB" "${HARGS[@]}" > "$hlog" 2>&1 < /dev/null
pbsprobe/pbs_sweep.sh: line 257: 1179055 Killed                  setsid bash -c "exec '$wlbin' --port $port --resume_file '$resume_f' $params $extra" > "$wlog" 2>&1 < /dev/null
[1031/2243] S046all.stri__epg_index_p50 dump=1 restore=na verdict=dump_fail
pbsprobe/pbs_sweep.sh: line 257: 1179841 Killed                  setsid "$BIN_HUB" "${HARGS[@]}" > "$hlog" 2>&1 < /dev/null
pbsprobe/pbs_sweep.sh: line 257: 1179848 Killed                  setsid bash -c "exec '$wlbin' --port $port --resume_file '$resume_f' $params $extra" > "$wlog" 2>&1 < /dev/null
[1032/2243] S046all.stri__epg_index_p75 dump=1 restore=na verdict=dump_fail
pbsprobe/pbs_sweep.sh: line 257: 1180702 Killed                  setsid "$BIN_HUB" "${HARGS[@]}" > "$hlog" 2>&1 < /dev/null
pbsprobe/pbs_sweep.sh: line 257: 1180709 Killed                  setsid bash -c "exec '$wlbin' --port $port --resume_file '$resume_f' $params $extra" > "$wlog" 2>&1 < /dev/null
[1033/2243] S046all.stri__epg_text dump=1 restore=na verdict=dump_fail
pbsprobe/pbs_sweep.sh: line 257: 1181607 Killed                  setsid "$BIN_HUB" "${HARGS[@]}" > "$hlog" 2>&1 < /dev/null
pbsprobe/pbs_sweep.sh: line 257: 1181614 Killed                  setsid bash -c "exec '$wlbin' --port $port --resume_file '$resume_f' $params $extra" > "$wlog" 2>&1 < /dev/null
[1034/2243] S046all.stri__epg_reserve dump=1 restore=na verdict=dump_fail
pbsprobe/pbs_sweep.sh: line 257: 1182644 Killed                  setsid "$BIN_HUB" "${HARGS[@]}" > "$hlog" 2>&1 < /dev/null
pbsprobe/pbs_sweep.sh: line 257: 1182651 Killed                  setsid bash -c "exec '$wlbin' --port $port --resume_file '$resume_f' $params $extra" > "$wlog" 2>&1 < /dev/null
[1035/2243] S046all.stri__thread1 dump=1 restore=na verdict=dump_fail
pbsprobe/pbs_sweep.sh: line 257: 1183706 Killed                  setsid "$BIN_HUB" "${HARGS[@]}" > "$hlog" 2>&1 < /dev/null
pbsprobe/pbs_sweep.sh: line 257: 1183713 Killed                  setsid bash -c "exec '$wlbin' --port $port --resume_file '$resume_f' $params $extra" > "$wlog" 2>&1 < /dev/null
[1036/2243] S046all.stri__thread2 dump=1 restore=na verdict=dump_fail
pbsprobe/pbs_sweep.sh: line 257: 1184845 Killed                  setsid "$BIN_HUB" "${HARGS[@]}" > "$hlog" 2>&1 < /dev/null
pbsprobe/pbs_sweep.sh: line 257: 1184852 Killed                  setsid bash -c "exec '$wlbin' --port $port --resume_file '$resume_f' $params $extra" > "$wlog" 2>&1 < /dev/null
[1037/2243] S046all.stri__thread3 dump=1 restore=na verdict=dump_fail
pbsprobe/pbs_sweep.sh: line 257: 1186049 Killed                  setsid "$BIN_HUB" "${HARGS[@]}" > "$hlog" 2>&1 < /dev/null
pbsprobe/pbs_sweep.sh: line 257: 1186056 Killed                  setsid bash -c "exec '$wlbin' --port $port --resume_file '$resume_f' $params $extra" > "$wlog" 2>&1 < /dev/null
[1038/2243] S046all.stri__thread4 dump=1 restore=na verdict=dump_fail
pbsprobe/pbs_sweep.sh: line 257: 1187318 Killed                  setsid "$BIN_HUB" "${HARGS[@]}" > "$hlog" 2>&1 < /dev/null
pbsprobe/pbs_sweep.sh: line 257: 1187325 Killed                  setsid bash -c "exec '$wlbin' --port $port --resume_file '$resume_f' $params $extra" > "$wlog" 2>&1 < /dev/null
[1039/2243] S046all.stri__helper_forked dump=1 restore=na verdict=dump_fail
pbsprobe/pbs_sweep.sh: line 257: 1188616 Killed                  setsid "$BIN_HUB" "${HARGS[@]}" > "$hlog" 2>&1 < /dev/null
pbsprobe/pbs_sweep.sh: line 257: 1188623 Killed                  setsid bash -c "exec '$wlbin' --port $port --resume_file '$resume_f' $params $extra" > "$wlog" 2>&1 < /dev/null
[1040/2243] S046all.stri__zombie_made dump=1 restore=na verdict=dump_fail
pbsprobe/pbs_sweep.sh: line 257: 1189967 Killed                  setsid "$BIN_HUB" "${HARGS[@]}" > "$hlog" 2>&1 < /dev/null
pbsprobe/pbs_sweep.sh: line 257: 1189974 Killed                  setsid bash -c "exec '$wlbin' --port $port --resume_file '$resume_f' $params $extra" > "$wlog" 2>&1 < /dev/null
[1041/2243] S046all.stri__selfpipe dump=1 restore=na verdict=dump_fail
pbsprobe/pbs_sweep.sh: line 257: 1191350 Killed                  setsid "$BIN_HUB" "${HARGS[@]}" > "$hlog" 2>&1 < /dev/null
pbsprobe/pbs_sweep.sh: line 257: 1191357 Killed                  setsid bash -c "exec '$wlbin' --port $port --resume_file '$resume_f' $params $extra" > "$wlog" 2>&1 < /dev/null
[1042/2243] S046all.stri__eventfd_open dump=1 restore=na verdict=dump_fail
pbsprobe/pbs_sweep.sh: line 257: 1192829 Killed                  setsid "$BIN_HUB" "${HARGS[@]}" > "$hlog" 2>&1 < /dev/null
pbsprobe/pbs_sweep.sh: line 257: 1192836 Killed                  setsid bash -c "exec '$wlbin' --port $port --resume_file '$resume_f' $params $extra" > "$wlog" 2>&1 < /dev/null
[1043/2243] S046all.stri__shm_map dump=1 restore=na verdict=dump_fail
pbsprobe/pbs_sweep.sh: line 257: 1194380 Killed                  setsid "$BIN_HUB" "${HARGS[@]}" > "$hlog" 2>&1 < /dev/null
pbsprobe/pbs_sweep.sh: line 257: 1194387 Killed                  setsid bash -c "exec '$wlbin' --port $port --resume_file '$resume_f' $params $extra" > "$wlog" 2>&1 < /dev/null
[1044/2243] S046all.stri__workdir dump=1 restore=na verdict=dump_fail
pbsprobe/pbs_sweep.sh: line 257: 1195983 Killed                  setsid "$BIN_HUB" "${HARGS[@]}" > "$hlog" 2>&1 < /dev/null
pbsprobe/pbs_sweep.sh: line 257: 1195990 Killed                  setsid bash -c "exec '$wlbin' --port $port --resume_file '$resume_f' $params $extra" > "$wlog" 2>&1 < /dev/null
[1045/2243] S046all.stri__tmp_journal dump=1 restore=na verdict=dump_fail
pbsprobe/pbs_sweep.sh: line 257: 1197642 Killed                  setsid "$BIN_HUB" "${HARGS[@]}" > "$hlog" 2>&1 < /dev/null
pbsprobe/pbs_sweep.sh: line 257: 1197649 Killed                  setsid bash -c "exec '$wlbin' --port $port --resume_file '$resume_f' $params $extra" > "$wlog" 2>&1 < /dev/null
[1046/2243] S046all.stri__hub_conn1 dump=1 restore=na verdict=dump_fail
pbsprobe/pbs_sweep.sh: line 257: 1199313 Killed                  setsid "$BIN_HUB" "${HARGS[@]}" > "$hlog" 2>&1 < /dev/null
pbsprobe/pbs_sweep.sh: line 257: 1199320 Killed                  setsid bash -c "exec '$wlbin' --port $port --resume_file '$resume_f' $params $extra" > "$wlog" 2>&1 < /dev/null
[1047/2243] S046all.stri__hub_conn2 dump=1 restore=na verdict=dump_fail
pbsprobe/pbs_sweep.sh: line 257: 1201072 Killed                  setsid "$BIN_HUB" "${HARGS[@]}" > "$hlog" 2>&1 < /dev/null
pbsprobe/pbs_sweep.sh: line 257: 1201079 Killed                  setsid bash -c "exec '$wlbin' --port $port --resume_file '$resume_f' $params $extra" > "$wlog" 2>&1 < /dev/null
[1048/2243] S046all.stri__hub_conn3 dump=1 restore=na verdict=dump_fail
pbsprobe/pbs_sweep.sh: line 257: 1202891 Killed                  setsid "$BIN_HUB" "${HARGS[@]}" > "$hlog" 2>&1 < /dev/null
pbsprobe/pbs_sweep.sh: line 257: 1202898 Killed                  setsid bash -c "exec '$wlbin' --port $port --resume_file '$resume_f' $params $extra" > "$wlog" 2>&1 < /dev/null
[1049/2243] S046all.stri__hub_conn4 dump=1 restore=na verdict=dump_fail
pbsprobe/pbs_sweep.sh: line 257: 1204818 Killed                  setsid "$BIN_HUB" "${HARGS[@]}" > "$hlog" 2>&1 < /dev/null
pbsprobe/pbs_sweep.sh: line 257: 1204825 Killed                  setsid bash -c "exec '$wlbin' --port $port --resume_file '$resume_f' $params $extra" > "$wlog" 2>&1 < /dev/null
[1050/2243] S046all.stri__hub_subscribed dump=1 restore=na verdict=dump_fail
pbsprobe/pbs_sweep.sh: line 257: 1206789 Killed                  setsid "$BIN_HUB" "${HARGS[@]}" > "$hlog" 2>&1 < /dev/null
pbsprobe/pbs_sweep.sh: line 257: 1206796 Killed                  setsid bash -c "exec '$wlbin' --port $port --resume_file '$resume_f' $params $extra" > "$wlog" 2>&1 < /dev/null
[1051/2243] S046all.stri__render_conn dump=1 restore=na verdict=dump_fail
pbsprobe/pbs_sweep.sh: line 257: 1208804 Killed                  setsid "$BIN_HUB" "${HARGS[@]}" > "$hlog" 2>&1 < /dev/null
pbsprobe/pbs_sweep.sh: line 257: 1208811 Killed                  setsid bash -c "exec '$wlbin' --port $port --resume_file '$resume_f' $params $extra" > "$wlog" 2>&1 < /dev/null
[1052/2243] S046all.stri__tcp_conn dump=1 restore=na verdict=dump_fail
pbsprobe/pbs_sweep.sh: line 257: 1210867 Killed                  setsid "$BIN_HUB" "${HARGS[@]}" > "$hlog" 2>&1 < /dev/null
pbsprobe/pbs_sweep.sh: line 257: 1210874 Killed                  setsid bash -c "exec '$wlbin' --port $port --resume_file '$resume_f' $params $extra" > "$wlog" 2>&1 < /dev/null
[1053/2243] S046all.stri__epoll_open dump=1 restore=na verdict=dump_fail
pbsprobe/pbs_sweep.sh: line 257: 1212990 Killed                  setsid "$BIN_HUB" "${HARGS[@]}" > "$hlog" 2>&1 < /dev/null
pbsprobe/pbs_sweep.sh: line 257: 1212997 Killed                  setsid bash -c "exec '$wlbin' --port $port --resume_file '$resume_f' $params $extra" > "$wlog" 2>&1 < /dev/null
[1054/2243] S046all.stri__svc_listen dump=1 restore=na verdict=dump_fail
pbsprobe/pbs_sweep.sh: line 257: 1215149 Killed                  setsid "$BIN_HUB" "${HARGS[@]}" > "$hlog" 2>&1 < /dev/null
pbsprobe/pbs_sweep.sh: line 257: 1215156 Killed                  setsid bash -c "exec '$wlbin' --port $port --resume_file '$resume_f' $params $extra" > "$wlog" 2>&1 < /dev/null
[1055/2243] S046all.stri__udp_open dump=1 restore=na verdict=dump_fail
pbsprobe/pbs_sweep.sh: line 257: 1217228 Killed                  setsid "$BIN_HUB" "${HARGS[@]}" > "$hlog" 2>&1 < /dev/null
pbsprobe/pbs_sweep.sh: line 257: 1217235 Killed                  setsid bash -c "exec '$wlbin' --port $port --resume_file '$resume_f' $params $extra" > "$wlog" 2>&1 < /dev/null
[1056/2243] S046all.stri__netlink_open dump=1 restore=na verdict=dump_fail
pbsprobe/pbs_sweep.sh: line 257: 1219435 Killed                  setsid "$BIN_HUB" "${HARGS[@]}" > "$hlog" 2>&1 < /dev/null
pbsprobe/pbs_sweep.sh: line 257: 1219442 Killed                  setsid bash -c "exec '$wlbin' --port $port --resume_file '$resume_f' $params $extra" > "$wlog" 2>&1 < /dev/null
[1057/2243] S046all.stri__timer_armed dump=1 restore=na verdict=dump_fail
pbsprobe/pbs_sweep.sh: line 257: 1221730 Killed                  setsid "$BIN_HUB" "${HARGS[@]}" > "$hlog" 2>&1 < /dev/null
pbsprobe/pbs_sweep.sh: line 257: 1221737 Killed                  setsid bash -c "exec '$wlbin' --port $port --resume_file '$resume_f' $params $extra" > "$wlog" 2>&1 < /dev/null
[1058/2243] S046all.stri__db_watch dump=1 restore=na verdict=dump_fail
pbsprobe/pbs_sweep.sh: line 257: 1224133 Killed                  setsid "$BIN_HUB" "${HARGS[@]}" > "$hlog" 2>&1 < /dev/null
pbsprobe/pbs_sweep.sh: line 257: 1224140 Killed                  setsid bash -c "exec '$wlbin' --port $port --resume_file '$resume_f' $params $extra" > "$wlog" 2>&1 < /dev/null
[1059/2243] S046all.stri__db_mmap dump=1 restore=na verdict=dump_fail
pbsprobe/pbs_sweep.sh: line 257: 1226588 Killed                  setsid "$BIN_HUB" "${HARGS[@]}" > "$hlog" 2>&1 < /dev/null
pbsprobe/pbs_sweep.sh: line 257: 1226595 Killed                  setsid bash -c "exec '$wlbin' --port $port --resume_file '$resume_f' $params $extra" > "$wlog" 2>&1 < /dev/null
[1060/2243] S046all.stri__ready dump=1 restore=na verdict=dump_fail
pbsprobe/pbs_sweep.sh: line 257: 1229047 Killed                  setsid "$BIN_HUB" "${HARGS[@]}" > "$hlog" 2>&1 < /dev/null
pbsprobe/pbs_sweep.sh: line 257: 1229054 Killed                  setsid bash -c "exec '$wlbin' --port $port --resume_file '$resume_f' $params $extra" > "$wlog" 2>&1 < /dev/null
[1061/2243] S046all.stri__steady dump=1 restore=na verdict=dump_fail
pbsprobe/pbs_sweep.sh: line 257: 1231599 Killed                  setsid "$BIN_HUB" "${HARGS[@]}" > "$hlog" 2>&1 < /dev/null
pbsprobe/pbs_sweep.sh: line 257: 1231606 Killed                  setsid bash -c "exec '$wlbin' --port $port --resume_file '$resume_f' $params $extra" > "$wlog" 2>&1 < /dev/null
pbsprobe/pbs_sweep.sh: line 296: 1234226 Killed                  setsid bash -c "exec '$wlbin' --port $port --resume_file '$resume_f' $params $extra" > "$wlog" 2>&1 < /dev/null
[1062/2243] S047all.ext___init dump=0 restore=0 verdict=ok
pbsprobe/pbs_sweep.sh: line 257: 1234219 Killed                  setsid "$BIN_HUB" "${HARGS[@]}" > "$hlog" 2>&1 < /dev/null
pbsprobe/pbs_sweep.sh: line 296: 1236754 Killed                  setsid bash -c "exec '$wlbin' --port $port --resume_file '$resume_f' $params $extra" > "$wlog" 2>&1 < /dev/null
[1063/2243] S047all.ext___sig_pending dump=0 restore=0 verdict=ok
pbsprobe/pbs_sweep.sh: line 257: 1236747 Killed                  setsid "$BIN_HUB" "${HARGS[@]}" > "$hlog" 2>&1 < /dev/null
pbsprobe/pbs_sweep.sh: line 296: 1239310 Killed                  setsid bash -c "exec '$wlbin' --port $port --resume_file '$resume_f' $params $extra" > "$wlog" 2>&1 < /dev/null
[1064/2243] S047all.ext___dev_urandom dump=0 restore=0 verdict=ok
pbsprobe/pbs_sweep.sh: line 257: 1239303 Killed                  setsid "$BIN_HUB" "${HARGS[@]}" > "$hlog" 2>&1 < /dev/null
pbsprobe/pbs_sweep.sh: line 296: 1241858 Killed                  setsid bash -c "exec '$wlbin' --port $port --resume_file '$resume_f' $params $extra" > "$wlog" 2>&1 < /dev/null
[1065/2243] S047all.ext___log_open dump=0 restore=0 verdict=ok
pbsprobe/pbs_sweep.sh: line 257: 1241851 Killed                  setsid "$BIN_HUB" "${HARGS[@]}" > "$hlog" 2>&1 < /dev/null
pbsprobe/pbs_sweep.sh: line 296: 1244390 Killed                  setsid bash -c "exec '$wlbin' --port $port --resume_file '$resume_f' $params $extra" > "$wlog" 2>&1 < /dev/null
[1066/2243] S047all.ext___db_open dump=0 restore=0 verdict=ok
pbsprobe/pbs_sweep.sh: line 257: 1244383 Killed                  setsid "$BIN_HUB" "${HARGS[@]}" > "$hlog" 2>&1 < /dev/null
[1067/2243] S047all.ext___db_lock dump=1 restore=na verdict=dump_fail
pbsprobe/pbs_sweep.sh: line 257: 1246943 Killed                  setsid "$BIN_HUB" "${HARGS[@]}" > "$hlog" 2>&1 < /dev/null
pbsprobe/pbs_sweep.sh: line 257: 1246950 Killed                  setsid bash -c "exec '$wlbin' --port $port --resume_file '$resume_f' $params $extra" > "$wlog" 2>&1 < /dev/null
[1068/2243] S047all.ext___db_read_p25 dump=1 restore=na verdict=dump_fail
pbsprobe/pbs_sweep.sh: line 257: 1247264 Killed                  setsid "$BIN_HUB" "${HARGS[@]}" > "$hlog" 2>&1 < /dev/null
pbsprobe/pbs_sweep.sh: line 257: 1247271 Killed                  setsid bash -c "exec '$wlbin' --port $port --resume_file '$resume_f' $params $extra" > "$wlog" 2>&1 < /dev/null
[1069/2243] S047all.ext___db_read_p50 dump=1 restore=na verdict=dump_fail
pbsprobe/pbs_sweep.sh: line 257: 1247653 Killed                  setsid "$BIN_HUB" "${HARGS[@]}" > "$hlog" 2>&1 < /dev/null
pbsprobe/pbs_sweep.sh: line 257: 1247660 Killed                  setsid bash -c "exec '$wlbin' --port $port --resume_file '$resume_f' $params $extra" > "$wlog" 2>&1 < /dev/null
[1070/2243] S047all.ext___db_read_p75 dump=1 restore=na verdict=dump_fail
pbsprobe/pbs_sweep.sh: line 257: 1248086 Killed                  setsid "$BIN_HUB" "${HARGS[@]}" > "$hlog" 2>&1 < /dev/null
pbsprobe/pbs_sweep.sh: line 257: 1248093 Killed                  setsid bash -c "exec '$wlbin' --port $port --resume_file '$resume_f' $params $extra" > "$wlog" 2>&1 < /dev/null
[1071/2243] S047all.ext___db_parse dump=1 restore=na verdict=dump_fail
pbsprobe/pbs_sweep.sh: line 257: 1248583 Killed                  setsid "$BIN_HUB" "${HARGS[@]}" > "$hlog" 2>&1 < /dev/null
pbsprobe/pbs_sweep.sh: line 257: 1248590 Killed                  setsid bash -c "exec '$wlbin' --port $port --resume_file '$resume_f' $params $extra" > "$wlog" 2>&1 < /dev/null
[1072/2243] S047all.ext___db_parse_p25 dump=1 restore=na verdict=dump_fail
pbsprobe/pbs_sweep.sh: line 257: 1249352 Killed                  setsid "$BIN_HUB" "${HARGS[@]}" > "$hlog" 2>&1 < /dev/null
pbsprobe/pbs_sweep.sh: line 257: 1249359 Killed                  setsid bash -c "exec '$wlbin' --port $port --resume_file '$resume_f' $params $extra" > "$wlog" 2>&1 < /dev/null
[1073/2243] S047all.ext___db_parse_p50 dump=1 restore=na verdict=dump_fail
pbsprobe/pbs_sweep.sh: line 257: 1249957 Killed                  setsid "$BIN_HUB" "${HARGS[@]}" > "$hlog" 2>&1 < /dev/null
pbsprobe/pbs_sweep.sh: line 257: 1249964 Killed                  setsid bash -c "exec '$wlbin' --port $port --resume_file '$resume_f' $params $extra" > "$wlog" 2>&1 < /dev/null
[1074/2243] S047all.ext___db_parse_p75 dump=1 restore=na verdict=dump_fail
pbsprobe/pbs_sweep.sh: line 257: 1250618 Killed                  setsid "$BIN_HUB" "${HARGS[@]}" > "$hlog" 2>&1 < /dev/null
pbsprobe/pbs_sweep.sh: line 257: 1250625 Killed                  setsid bash -c "exec '$wlbin' --port $port --resume_file '$resume_f' $params $extra" > "$wlog" 2>&1 < /dev/null
[1075/2243] S047all.ext___epg_index dump=1 restore=na verdict=dump_fail
pbsprobe/pbs_sweep.sh: line 257: 1251335 Killed                  setsid "$BIN_HUB" "${HARGS[@]}" > "$hlog" 2>&1 < /dev/null
pbsprobe/pbs_sweep.sh: line 257: 1251342 Killed                  setsid bash -c "exec '$wlbin' --port $port --resume_file '$resume_f' $params $extra" > "$wlog" 2>&1 < /dev/null
[1076/2243] S047all.ext___epg_index_p25 dump=1 restore=na verdict=dump_fail
pbsprobe/pbs_sweep.sh: line 257: 1252340 Killed                  setsid "$BIN_HUB" "${HARGS[@]}" > "$hlog" 2>&1 < /dev/null
pbsprobe/pbs_sweep.sh: line 257: 1252347 Killed                  setsid bash -c "exec '$wlbin' --port $port --resume_file '$resume_f' $params $extra" > "$wlog" 2>&1 < /dev/null
[1077/2243] S047all.ext___epg_index_p50 dump=1 restore=na verdict=dump_fail
pbsprobe/pbs_sweep.sh: line 257: 1253161 Killed                  setsid "$BIN_HUB" "${HARGS[@]}" > "$hlog" 2>&1 < /dev/null
pbsprobe/pbs_sweep.sh: line 257: 1253168 Killed                  setsid bash -c "exec '$wlbin' --port $port --resume_file '$resume_f' $params $extra" > "$wlog" 2>&1 < /dev/null
[1078/2243] S047all.ext___epg_index_p75 dump=1 restore=na verdict=dump_fail
pbsprobe/pbs_sweep.sh: line 257: 1254042 Killed                  setsid "$BIN_HUB" "${HARGS[@]}" > "$hlog" 2>&1 < /dev/null
pbsprobe/pbs_sweep.sh: line 257: 1254049 Killed                  setsid bash -c "exec '$wlbin' --port $port --resume_file '$resume_f' $params $extra" > "$wlog" 2>&1 < /dev/null
[1079/2243] S047all.ext___epg_text dump=1 restore=na verdict=dump_fail
pbsprobe/pbs_sweep.sh: line 257: 1254959 Killed                  setsid "$BIN_HUB" "${HARGS[@]}" > "$hlog" 2>&1 < /dev/null
pbsprobe/pbs_sweep.sh: line 257: 1254966 Killed                  setsid bash -c "exec '$wlbin' --port $port --resume_file '$resume_f' $params $extra" > "$wlog" 2>&1 < /dev/null
[1080/2243] S047all.ext___epg_reserve dump=1 restore=na verdict=dump_fail
pbsprobe/pbs_sweep.sh: line 257: 1255984 Killed                  setsid "$BIN_HUB" "${HARGS[@]}" > "$hlog" 2>&1 < /dev/null
pbsprobe/pbs_sweep.sh: line 257: 1255991 Killed                  setsid bash -c "exec '$wlbin' --port $port --resume_file '$resume_f' $params $extra" > "$wlog" 2>&1 < /dev/null
[1081/2243] S047all.ext___thread1 dump=1 restore=na verdict=dump_fail
pbsprobe/pbs_sweep.sh: line 257: 1257070 Killed                  setsid "$BIN_HUB" "${HARGS[@]}" > "$hlog" 2>&1 < /dev/null
pbsprobe/pbs_sweep.sh: line 257: 1257077 Killed                  setsid bash -c "exec '$wlbin' --port $port --resume_file '$resume_f' $params $extra" > "$wlog" 2>&1 < /dev/null
[1082/2243] S047all.ext___thread2 dump=1 restore=na verdict=dump_fail
pbsprobe/pbs_sweep.sh: line 257: 1258193 Killed                  setsid "$BIN_HUB" "${HARGS[@]}" > "$hlog" 2>&1 < /dev/null
pbsprobe/pbs_sweep.sh: line 257: 1258200 Killed                  setsid bash -c "exec '$wlbin' --port $port --resume_file '$resume_f' $params $extra" > "$wlog" 2>&1 < /dev/null
[1083/2243] S047all.ext___thread3 dump=1 restore=na verdict=dump_fail
pbsprobe/pbs_sweep.sh: line 257: 1259385 Killed                  setsid "$BIN_HUB" "${HARGS[@]}" > "$hlog" 2>&1 < /dev/null
pbsprobe/pbs_sweep.sh: line 257: 1259392 Killed                  setsid bash -c "exec '$wlbin' --port $port --resume_file '$resume_f' $params $extra" > "$wlog" 2>&1 < /dev/null
[1084/2243] S047all.ext___thread4 dump=1 restore=na verdict=dump_fail
pbsprobe/pbs_sweep.sh: line 257: 1260626 Killed                  setsid "$BIN_HUB" "${HARGS[@]}" > "$hlog" 2>&1 < /dev/null
pbsprobe/pbs_sweep.sh: line 257: 1260633 Killed                  setsid bash -c "exec '$wlbin' --port $port --resume_file '$resume_f' $params $extra" > "$wlog" 2>&1 < /dev/null
[1085/2243] S047all.ext___helper_forked dump=1 restore=na verdict=dump_fail
pbsprobe/pbs_sweep.sh: line 257: 1261916 Killed                  setsid "$BIN_HUB" "${HARGS[@]}" > "$hlog" 2>&1 < /dev/null
pbsprobe/pbs_sweep.sh: line 257: 1261923 Killed                  setsid bash -c "exec '$wlbin' --port $port --resume_file '$resume_f' $params $extra" > "$wlog" 2>&1 < /dev/null
[1086/2243] S047all.ext___zombie_made dump=1 restore=na verdict=dump_fail
pbsprobe/pbs_sweep.sh: line 257: 1263271 Killed                  setsid "$BIN_HUB" "${HARGS[@]}" > "$hlog" 2>&1 < /dev/null
pbsprobe/pbs_sweep.sh: line 257: 1263278 Killed                  setsid bash -c "exec '$wlbin' --port $port --resume_file '$resume_f' $params $extra" > "$wlog" 2>&1 < /dev/null
[1087/2243] S047all.ext___selfpipe dump=1 restore=na verdict=dump_fail
pbsprobe/pbs_sweep.sh: line 257: 1264674 Killed                  setsid "$BIN_HUB" "${HARGS[@]}" > "$hlog" 2>&1 < /dev/null
pbsprobe/pbs_sweep.sh: line 257: 1264681 Killed                  setsid bash -c "exec '$wlbin' --port $port --resume_file '$resume_f' $params $extra" > "$wlog" 2>&1 < /dev/null
[1088/2243] S047all.ext___eventfd_open dump=1 restore=na verdict=dump_fail
pbsprobe/pbs_sweep.sh: line 257: 1266137 Killed                  setsid "$BIN_HUB" "${HARGS[@]}" > "$hlog" 2>&1 < /dev/null
pbsprobe/pbs_sweep.sh: line 257: 1266144 Killed                  setsid bash -c "exec '$wlbin' --port $port --resume_file '$resume_f' $params $extra" > "$wlog" 2>&1 < /dev/null
[1089/2243] S047all.ext___shm_map dump=1 restore=na verdict=dump_fail
pbsprobe/pbs_sweep.sh: line 257: 1267644 Killed                  setsid "$BIN_HUB" "${HARGS[@]}" > "$hlog" 2>&1 < /dev/null
pbsprobe/pbs_sweep.sh: line 257: 1267651 Killed                  setsid bash -c "exec '$wlbin' --port $port --resume_file '$resume_f' $params $extra" > "$wlog" 2>&1 < /dev/null
[1090/2243] S047all.ext___workdir dump=1 restore=na verdict=dump_fail
pbsprobe/pbs_sweep.sh: line 257: 1269215 Killed                  setsid "$BIN_HUB" "${HARGS[@]}" > "$hlog" 2>&1 < /dev/null
pbsprobe/pbs_sweep.sh: line 257: 1269222 Killed                  setsid bash -c "exec '$wlbin' --port $port --resume_file '$resume_f' $params $extra" > "$wlog" 2>&1 < /dev/null
[1091/2243] S047all.ext___tmp_journal dump=1 restore=na verdict=dump_fail
pbsprobe/pbs_sweep.sh: line 257: 1270842 Killed                  setsid "$BIN_HUB" "${HARGS[@]}" > "$hlog" 2>&1 < /dev/null
pbsprobe/pbs_sweep.sh: line 257: 1270849 Killed                  setsid bash -c "exec '$wlbin' --port $port --resume_file '$resume_f' $params $extra" > "$wlog" 2>&1 < /dev/null
[1092/2243] S047all.ext___hub_conn1 dump=1 restore=na verdict=dump_fail
pbsprobe/pbs_sweep.sh: line 257: 1272533 Killed                  setsid "$BIN_HUB" "${HARGS[@]}" > "$hlog" 2>&1 < /dev/null
pbsprobe/pbs_sweep.sh: line 257: 1272540 Killed                  setsid bash -c "exec '$wlbin' --port $port --resume_file '$resume_f' $params $extra" > "$wlog" 2>&1 < /dev/null
[1093/2243] S047all.ext___hub_conn2 dump=1 restore=na verdict=dump_fail
pbsprobe/pbs_sweep.sh: line 257: 1274256 Killed                  setsid "$BIN_HUB" "${HARGS[@]}" > "$hlog" 2>&1 < /dev/null
pbsprobe/pbs_sweep.sh: line 257: 1274263 Killed                  setsid bash -c "exec '$wlbin' --port $port --resume_file '$resume_f' $params $extra" > "$wlog" 2>&1 < /dev/null
[1094/2243] S047all.ext___hub_conn3 dump=1 restore=na verdict=dump_fail
pbsprobe/pbs_sweep.sh: line 257: 1276059 Killed                  setsid "$BIN_HUB" "${HARGS[@]}" > "$hlog" 2>&1 < /dev/null
pbsprobe/pbs_sweep.sh: line 257: 1276066 Killed                  setsid bash -c "exec '$wlbin' --port $port --resume_file '$resume_f' $params $extra" > "$wlog" 2>&1 < /dev/null
[1095/2243] S047all.ext___hub_conn4 dump=1 restore=na verdict=dump_fail
pbsprobe/pbs_sweep.sh: line 257: 1277882 Killed                  setsid "$BIN_HUB" "${HARGS[@]}" > "$hlog" 2>&1 < /dev/null
pbsprobe/pbs_sweep.sh: line 257: 1277889 Killed                  setsid bash -c "exec '$wlbin' --port $port --resume_file '$resume_f' $params $extra" > "$wlog" 2>&1 < /dev/null
[1096/2243] S047all.ext___hub_subscribed dump=1 restore=na verdict=dump_fail
pbsprobe/pbs_sweep.sh: line 257: 1279805 Killed                  setsid "$BIN_HUB" "${HARGS[@]}" > "$hlog" 2>&1 < /dev/null
pbsprobe/pbs_sweep.sh: line 257: 1279812 Killed                  setsid bash -c "exec '$wlbin' --port $port --resume_file '$resume_f' $params $extra" > "$wlog" 2>&1 < /dev/null
[1097/2243] S047all.ext___render_conn dump=1 restore=na verdict=dump_fail
pbsprobe/pbs_sweep.sh: line 257: 1281796 Killed                  setsid "$BIN_HUB" "${HARGS[@]}" > "$hlog" 2>&1 < /dev/null
pbsprobe/pbs_sweep.sh: line 257: 1281803 Killed                  setsid bash -c "exec '$wlbin' --port $port --resume_file '$resume_f' $params $extra" > "$wlog" 2>&1 < /dev/null
[1098/2243] S047all.ext___tcp_conn dump=1 restore=na verdict=dump_fail
pbsprobe/pbs_sweep.sh: line 257: 1283843 Killed                  setsid "$BIN_HUB" "${HARGS[@]}" > "$hlog" 2>&1 < /dev/null
pbsprobe/pbs_sweep.sh: line 257: 1283850 Killed                  setsid bash -c "exec '$wlbin' --port $port --resume_file '$resume_f' $params $extra" > "$wlog" 2>&1 < /dev/null
[1099/2243] S047all.ext___epoll_open dump=1 restore=na verdict=dump_fail
pbsprobe/pbs_sweep.sh: line 257: 1285934 Killed                  setsid "$BIN_HUB" "${HARGS[@]}" > "$hlog" 2>&1 < /dev/null
pbsprobe/pbs_sweep.sh: line 257: 1285941 Killed                  setsid bash -c "exec '$wlbin' --port $port --resume_file '$resume_f' $params $extra" > "$wlog" 2>&1 < /dev/null
[1100/2243] S047all.ext___svc_listen dump=1 restore=na verdict=dump_fail
pbsprobe/pbs_sweep.sh: line 257: 1288089 Killed                  setsid "$BIN_HUB" "${HARGS[@]}" > "$hlog" 2>&1 < /dev/null
pbsprobe/pbs_sweep.sh: line 257: 1288096 Killed                  setsid bash -c "exec '$wlbin' --port $port --resume_file '$resume_f' $params $extra" > "$wlog" 2>&1 < /dev/null
[1101/2243] S047all.ext___udp_open dump=1 restore=na verdict=dump_fail
pbsprobe/pbs_sweep.sh: line 257: 1290312 Killed                  setsid "$BIN_HUB" "${HARGS[@]}" > "$hlog" 2>&1 < /dev/null
pbsprobe/pbs_sweep.sh: line 257: 1290319 Killed                  setsid bash -c "exec '$wlbin' --port $port --resume_file '$resume_f' $params $extra" > "$wlog" 2>&1 < /dev/null
[1102/2243] S047all.ext___netlink_open dump=1 restore=na verdict=dump_fail
pbsprobe/pbs_sweep.sh: line 257: 1292583 Killed                  setsid "$BIN_HUB" "${HARGS[@]}" > "$hlog" 2>&1 < /dev/null
pbsprobe/pbs_sweep.sh: line 257: 1292590 Killed                  setsid bash -c "exec '$wlbin' --port $port --resume_file '$resume_f' $params $extra" > "$wlog" 2>&1 < /dev/null
[1103/2243] S047all.ext___timer_armed dump=1 restore=na verdict=dump_fail
pbsprobe/pbs_sweep.sh: line 257: 1294906 Killed                  setsid "$BIN_HUB" "${HARGS[@]}" > "$hlog" 2>&1 < /dev/null
pbsprobe/pbs_sweep.sh: line 257: 1294913 Killed                  setsid bash -c "exec '$wlbin' --port $port --resume_file '$resume_f' $params $extra" > "$wlog" 2>&1 < /dev/null
[1104/2243] S047all.ext___db_watch dump=1 restore=na verdict=dump_fail
pbsprobe/pbs_sweep.sh: line 257: 1297289 Killed                  setsid "$BIN_HUB" "${HARGS[@]}" > "$hlog" 2>&1 < /dev/null
pbsprobe/pbs_sweep.sh: line 257: 1297296 Killed                  setsid bash -c "exec '$wlbin' --port $port --resume_file '$resume_f' $params $extra" > "$wlog" 2>&1 < /dev/null
[1105/2243] S047all.ext___db_mmap dump=1 restore=na verdict=dump_fail
pbsprobe/pbs_sweep.sh: line 257: 1299732 Killed                  setsid "$BIN_HUB" "${HARGS[@]}" > "$hlog" 2>&1 < /dev/null
pbsprobe/pbs_sweep.sh: line 257: 1299739 Killed                  setsid bash -c "exec '$wlbin' --port $port --resume_file '$resume_f' $params $extra" > "$wlog" 2>&1 < /dev/null
[1106/2243] S047all.ext___ready dump=1 restore=na verdict=dump_fail
pbsprobe/pbs_sweep.sh: line 257: 1302219 Killed                  setsid "$BIN_HUB" "${HARGS[@]}" > "$hlog" 2>&1 < /dev/null
pbsprobe/pbs_sweep.sh: line 257: 1302226 Killed                  setsid bash -c "exec '$wlbin' --port $port --resume_file '$resume_f' $params $extra" > "$wlog" 2>&1 < /dev/null
[1107/2243] S047all.ext___steady dump=1 restore=na verdict=dump_fail
pbsprobe/pbs_sweep.sh: line 257: 1304759 Killed                  setsid "$BIN_HUB" "${HARGS[@]}" > "$hlog" 2>&1 < /dev/null
pbsprobe/pbs_sweep.sh: line 257: 1304766 Killed                  setsid bash -c "exec '$wlbin' --port $port --resume_file '$resume_f' $params $extra" > "$wlog" 2>&1 < /dev/null
pbsprobe/pbs_sweep.sh: line 296: 1307386 Killed                  setsid bash -c "exec '$wlbin' --port $port --resume_file '$resume_f' $params $extra" > "$wlog" 2>&1 < /dev/null
[1108/2243] S048all.tcp___init dump=0 restore=0 verdict=ok
pbsprobe/pbs_sweep.sh: line 257: 1307379 Killed                  setsid "$BIN_HUB" "${HARGS[@]}" > "$hlog" 2>&1 < /dev/null
pbsprobe/pbs_sweep.sh: line 296: 1309950 Killed                  setsid bash -c "exec '$wlbin' --port $port --resume_file '$resume_f' $params $extra" > "$wlog" 2>&1 < /dev/null
[1109/2243] S048all.tcp___sig_pending dump=0 restore=0 verdict=ok
pbsprobe/pbs_sweep.sh: line 257: 1309943 Killed                  setsid "$BIN_HUB" "${HARGS[@]}" > "$hlog" 2>&1 < /dev/null
pbsprobe/pbs_sweep.sh: line 296: 1312498 Killed                  setsid bash -c "exec '$wlbin' --port $port --resume_file '$resume_f' $params $extra" > "$wlog" 2>&1 < /dev/null
[1110/2243] S048all.tcp___dev_urandom dump=0 restore=0 verdict=ok
pbsprobe/pbs_sweep.sh: line 257: 1312491 Killed                  setsid "$BIN_HUB" "${HARGS[@]}" > "$hlog" 2>&1 < /dev/null
[1111/2243] S048all.tcp___log_open dump=1 restore=na verdict=dump_fail
pbsprobe/pbs_sweep.sh: line 257: 1314979 Killed                  setsid "$BIN_HUB" "${HARGS[@]}" > "$hlog" 2>&1 < /dev/null
pbsprobe/pbs_sweep.sh: line 257: 1314986 Killed                  setsid bash -c "exec '$wlbin' --port $port --resume_file '$resume_f' $params $extra" > "$wlog" 2>&1 < /dev/null
[1112/2243] S048all.tcp___db_open dump=1 restore=na verdict=dump_fail
pbsprobe/pbs_sweep.sh: line 257: 1315176 Killed                  setsid "$BIN_HUB" "${HARGS[@]}" > "$hlog" 2>&1 < /dev/null
pbsprobe/pbs_sweep.sh: line 257: 1315183 Killed                  setsid bash -c "exec '$wlbin' --port $port --resume_file '$resume_f' $params $extra" > "$wlog" 2>&1 < /dev/null
[1113/2243] S048all.tcp___db_lock dump=1 restore=na verdict=dump_fail
pbsprobe/pbs_sweep.sh: line 257: 1315425 Killed                  setsid "$BIN_HUB" "${HARGS[@]}" > "$hlog" 2>&1 < /dev/null
pbsprobe/pbs_sweep.sh: line 257: 1315432 Killed                  setsid bash -c "exec '$wlbin' --port $port --resume_file '$resume_f' $params $extra" > "$wlog" 2>&1 < /dev/null
[1114/2243] S048all.tcp___db_read_p25 dump=1 restore=na verdict=dump_fail
pbsprobe/pbs_sweep.sh: line 257: 1315722 Killed                  setsid "$BIN_HUB" "${HARGS[@]}" > "$hlog" 2>&1 < /dev/null
pbsprobe/pbs_sweep.sh: line 257: 1315729 Killed                  setsid bash -c "exec '$wlbin' --port $port --resume_file '$resume_f' $params $extra" > "$wlog" 2>&1 < /dev/null
[1115/2243] S048all.tcp___db_read_p50 dump=1 restore=na verdict=dump_fail
pbsprobe/pbs_sweep.sh: line 257: 1316071 Killed                  setsid "$BIN_HUB" "${HARGS[@]}" > "$hlog" 2>&1 < /dev/null
pbsprobe/pbs_sweep.sh: line 257: 1316078 Killed                  setsid bash -c "exec '$wlbin' --port $port --resume_file '$resume_f' $params $extra" > "$wlog" 2>&1 < /dev/null
[1116/2243] S048all.tcp___db_read_p75 dump=1 restore=na verdict=dump_fail
pbsprobe/pbs_sweep.sh: line 257: 1316472 Killed                  setsid "$BIN_HUB" "${HARGS[@]}" > "$hlog" 2>&1 < /dev/null
pbsprobe/pbs_sweep.sh: line 257: 1316479 Killed                  setsid bash -c "exec '$wlbin' --port $port --resume_file '$resume_f' $params $extra" > "$wlog" 2>&1 < /dev/null
[1117/2243] S048all.tcp___db_parse dump=1 restore=na verdict=dump_fail
pbsprobe/pbs_sweep.sh: line 257: 1316941 Killed                  setsid "$BIN_HUB" "${HARGS[@]}" > "$hlog" 2>&1 < /dev/null
pbsprobe/pbs_sweep.sh: line 257: 1316948 Killed                  setsid bash -c "exec '$wlbin' --port $port --resume_file '$resume_f' $params $extra" > "$wlog" 2>&1 < /dev/null
[1118/2243] S048all.tcp___db_parse_p25 dump=1 restore=na verdict=dump_fail
pbsprobe/pbs_sweep.sh: line 257: 1317686 Killed                  setsid "$BIN_HUB" "${HARGS[@]}" > "$hlog" 2>&1 < /dev/null
pbsprobe/pbs_sweep.sh: line 257: 1317693 Killed                  setsid bash -c "exec '$wlbin' --port $port --resume_file '$resume_f' $params $extra" > "$wlog" 2>&1 < /dev/null
[1119/2243] S048all.tcp___db_parse_p50 dump=1 restore=na verdict=dump_fail
pbsprobe/pbs_sweep.sh: line 257: 1318259 Killed                  setsid "$BIN_HUB" "${HARGS[@]}" > "$hlog" 2>&1 < /dev/null
pbsprobe/pbs_sweep.sh: line 257: 1318266 Killed                  setsid bash -c "exec '$wlbin' --port $port --resume_file '$resume_f' $params $extra" > "$wlog" 2>&1 < /dev/null
[1120/2243] S048all.tcp___db_parse_p75 dump=1 restore=na verdict=dump_fail
pbsprobe/pbs_sweep.sh: line 257: 1318884 Killed                  setsid "$BIN_HUB" "${HARGS[@]}" > "$hlog" 2>&1 < /dev/null
pbsprobe/pbs_sweep.sh: line 257: 1318891 Killed                  setsid bash -c "exec '$wlbin' --port $port --resume_file '$resume_f' $params $extra" > "$wlog" 2>&1 < /dev/null
[1121/2243] S048all.tcp___epg_index dump=1 restore=na verdict=dump_fail
pbsprobe/pbs_sweep.sh: line 257: 1319589 Killed                  setsid "$BIN_HUB" "${HARGS[@]}" > "$hlog" 2>&1 < /dev/null
pbsprobe/pbs_sweep.sh: line 257: 1319596 Killed                  setsid bash -c "exec '$wlbin' --port $port --resume_file '$resume_f' $params $extra" > "$wlog" 2>&1 < /dev/null
[1122/2243] S048all.tcp___epg_index_p25 dump=1 restore=na verdict=dump_fail
pbsprobe/pbs_sweep.sh: line 257: 1320582 Killed                  setsid "$BIN_HUB" "${HARGS[@]}" > "$hlog" 2>&1 < /dev/null
pbsprobe/pbs_sweep.sh: line 257: 1320589 Killed                  setsid bash -c "exec '$wlbin' --port $port --resume_file '$resume_f' $params $extra" > "$wlog" 2>&1 < /dev/null
[1123/2243] S048all.tcp___epg_index_p50 dump=1 restore=na verdict=dump_fail
pbsprobe/pbs_sweep.sh: line 257: 1321403 Killed                  setsid "$BIN_HUB" "${HARGS[@]}" > "$hlog" 2>&1 < /dev/null
pbsprobe/pbs_sweep.sh: line 257: 1321410 Killed                  setsid bash -c "exec '$wlbin' --port $port --resume_file '$resume_f' $params $extra" > "$wlog" 2>&1 < /dev/null
[1124/2243] S048all.tcp___epg_index_p75 dump=1 restore=na verdict=dump_fail
pbsprobe/pbs_sweep.sh: line 257: 1322276 Killed                  setsid "$BIN_HUB" "${HARGS[@]}" > "$hlog" 2>&1 < /dev/null
pbsprobe/pbs_sweep.sh: line 257: 1322283 Killed                  setsid bash -c "exec '$wlbin' --port $port --resume_file '$resume_f' $params $extra" > "$wlog" 2>&1 < /dev/null
[1125/2243] S048all.tcp___epg_text dump=1 restore=na verdict=dump_fail
pbsprobe/pbs_sweep.sh: line 257: 1323205 Killed                  setsid "$BIN_HUB" "${HARGS[@]}" > "$hlog" 2>&1 < /dev/null
pbsprobe/pbs_sweep.sh: line 257: 1323212 Killed                  setsid bash -c "exec '$wlbin' --port $port --resume_file '$resume_f' $params $extra" > "$wlog" 2>&1 < /dev/null
[1126/2243] S048all.tcp___epg_reserve dump=1 restore=na verdict=dump_fail
pbsprobe/pbs_sweep.sh: line 257: 1324250 Killed                  setsid "$BIN_HUB" "${HARGS[@]}" > "$hlog" 2>&1 < /dev/null
pbsprobe/pbs_sweep.sh: line 257: 1324257 Killed                  setsid bash -c "exec '$wlbin' --port $port --resume_file '$resume_f' $params $extra" > "$wlog" 2>&1 < /dev/null
[1127/2243] S048all.tcp___thread1 dump=1 restore=na verdict=dump_fail
pbsprobe/pbs_sweep.sh: line 257: 1325344 Killed                  setsid "$BIN_HUB" "${HARGS[@]}" > "$hlog" 2>&1 < /dev/null
pbsprobe/pbs_sweep.sh: line 257: 1325351 Killed                  setsid bash -c "exec '$wlbin' --port $port --resume_file '$resume_f' $params $extra" > "$wlog" 2>&1 < /dev/null
[1128/2243] S048all.tcp___thread2 dump=1 restore=na verdict=dump_fail
pbsprobe/pbs_sweep.sh: line 257: 1326515 Killed                  setsid "$BIN_HUB" "${HARGS[@]}" > "$hlog" 2>&1 < /dev/null
pbsprobe/pbs_sweep.sh: line 257: 1326522 Killed                  setsid bash -c "exec '$wlbin' --port $port --resume_file '$resume_f' $params $extra" > "$wlog" 2>&1 < /dev/null
[1129/2243] S048all.tcp___thread3 dump=1 restore=na verdict=dump_fail
pbsprobe/pbs_sweep.sh: line 257: 1327731 Killed                  setsid "$BIN_HUB" "${HARGS[@]}" > "$hlog" 2>&1 < /dev/null
pbsprobe/pbs_sweep.sh: line 257: 1327738 Killed                  setsid bash -c "exec '$wlbin' --port $port --resume_file '$resume_f' $params $extra" > "$wlog" 2>&1 < /dev/null
[1130/2243] S048all.tcp___thread4 dump=1 restore=na verdict=dump_fail
pbsprobe/pbs_sweep.sh: line 257: 1329004 Killed                  setsid "$BIN_HUB" "${HARGS[@]}" > "$hlog" 2>&1 < /dev/null
pbsprobe/pbs_sweep.sh: line 257: 1329011 Killed                  setsid bash -c "exec '$wlbin' --port $port --resume_file '$resume_f' $params $extra" > "$wlog" 2>&1 < /dev/null
[1131/2243] S048all.tcp___helper_forked dump=1 restore=na verdict=dump_fail
pbsprobe/pbs_sweep.sh: line 257: 1330330 Killed                  setsid "$BIN_HUB" "${HARGS[@]}" > "$hlog" 2>&1 < /dev/null
pbsprobe/pbs_sweep.sh: line 257: 1330337 Killed                  setsid bash -c "exec '$wlbin' --port $port --resume_file '$resume_f' $params $extra" > "$wlog" 2>&1 < /dev/null
[1132/2243] S048all.tcp___zombie_made dump=1 restore=na verdict=dump_fail
pbsprobe/pbs_sweep.sh: line 257: 1331721 Killed                  setsid "$BIN_HUB" "${HARGS[@]}" > "$hlog" 2>&1 < /dev/null
pbsprobe/pbs_sweep.sh: line 257: 1331728 Killed                  setsid bash -c "exec '$wlbin' --port $port --resume_file '$resume_f' $params $extra" > "$wlog" 2>&1 < /dev/null
[1133/2243] S048all.tcp___selfpipe dump=1 restore=na verdict=dump_fail
pbsprobe/pbs_sweep.sh: line 257: 1333156 Killed                  setsid "$BIN_HUB" "${HARGS[@]}" > "$hlog" 2>&1 < /dev/null
pbsprobe/pbs_sweep.sh: line 257: 1333163 Killed                  setsid bash -c "exec '$wlbin' --port $port --resume_file '$resume_f' $params $extra" > "$wlog" 2>&1 < /dev/null
[1134/2243] S048all.tcp___eventfd_open dump=1 restore=na verdict=dump_fail
pbsprobe/pbs_sweep.sh: line 257: 1334647 Killed                  setsid "$BIN_HUB" "${HARGS[@]}" > "$hlog" 2>&1 < /dev/null
pbsprobe/pbs_sweep.sh: line 257: 1334654 Killed                  setsid bash -c "exec '$wlbin' --port $port --resume_file '$resume_f' $params $extra" > "$wlog" 2>&1 < /dev/null
[1135/2243] S048all.tcp___shm_map dump=1 restore=na verdict=dump_fail
pbsprobe/pbs_sweep.sh: line 257: 1336194 Killed                  setsid "$BIN_HUB" "${HARGS[@]}" > "$hlog" 2>&1 < /dev/null
pbsprobe/pbs_sweep.sh: line 257: 1336201 Killed                  setsid bash -c "exec '$wlbin' --port $port --resume_file '$resume_f' $params $extra" > "$wlog" 2>&1 < /dev/null
[1136/2243] S048all.tcp___workdir dump=1 restore=na verdict=dump_fail
pbsprobe/pbs_sweep.sh: line 257: 1337801 Killed                  setsid "$BIN_HUB" "${HARGS[@]}" > "$hlog" 2>&1 < /dev/null
pbsprobe/pbs_sweep.sh: line 257: 1337808 Killed                  setsid bash -c "exec '$wlbin' --port $port --resume_file '$resume_f' $params $extra" > "$wlog" 2>&1 < /dev/null
[1137/2243] S048all.tcp___tmp_journal dump=1 restore=na verdict=dump_fail
pbsprobe/pbs_sweep.sh: line 257: 1339452 Killed                  setsid "$BIN_HUB" "${HARGS[@]}" > "$hlog" 2>&1 < /dev/null
pbsprobe/pbs_sweep.sh: line 257: 1339459 Killed                  setsid bash -c "exec '$wlbin' --port $port --resume_file '$resume_f' $params $extra" > "$wlog" 2>&1 < /dev/null
[1138/2243] S048all.tcp___hub_conn1 dump=1 restore=na verdict=dump_fail
pbsprobe/pbs_sweep.sh: line 257: 1341159 Killed                  setsid "$BIN_HUB" "${HARGS[@]}" > "$hlog" 2>&1 < /dev/null
pbsprobe/pbs_sweep.sh: line 257: 1341166 Killed                  setsid bash -c "exec '$wlbin' --port $port --resume_file '$resume_f' $params $extra" > "$wlog" 2>&1 < /dev/null
[1139/2243] S048all.tcp___hub_conn2 dump=1 restore=na verdict=dump_fail
pbsprobe/pbs_sweep.sh: line 257: 1342930 Killed                  setsid "$BIN_HUB" "${HARGS[@]}" > "$hlog" 2>&1 < /dev/null
pbsprobe/pbs_sweep.sh: line 257: 1342937 Killed                  setsid bash -c "exec '$wlbin' --port $port --resume_file '$resume_f' $params $extra" > "$wlog" 2>&1 < /dev/null
[1140/2243] S048all.tcp___hub_conn3 dump=1 restore=na verdict=dump_fail
pbsprobe/pbs_sweep.sh: line 257: 1344757 Killed                  setsid "$BIN_HUB" "${HARGS[@]}" > "$hlog" 2>&1 < /dev/null
pbsprobe/pbs_sweep.sh: line 257: 1344764 Killed                  setsid bash -c "exec '$wlbin' --port $port --resume_file '$resume_f' $params $extra" > "$wlog" 2>&1 < /dev/null
[1141/2243] S048all.tcp___hub_conn4 dump=1 restore=na verdict=dump_fail
pbsprobe/pbs_sweep.sh: line 257: 1346644 Killed                  setsid "$BIN_HUB" "${HARGS[@]}" > "$hlog" 2>&1 < /dev/null
pbsprobe/pbs_sweep.sh: line 257: 1346651 Killed                  setsid bash -c "exec '$wlbin' --port $port --resume_file '$resume_f' $params $extra" > "$wlog" 2>&1 < /dev/null
[1142/2243] S048all.tcp___hub_subscribed dump=1 restore=na verdict=dump_fail
pbsprobe/pbs_sweep.sh: line 257: 1348587 Killed                  setsid "$BIN_HUB" "${HARGS[@]}" > "$hlog" 2>&1 < /dev/null
pbsprobe/pbs_sweep.sh: line 257: 1348594 Killed                  setsid bash -c "exec '$wlbin' --port $port --resume_file '$resume_f' $params $extra" > "$wlog" 2>&1 < /dev/null
[1143/2243] S048all.tcp___render_conn dump=1 restore=na verdict=dump_fail
pbsprobe/pbs_sweep.sh: line 257: 1350578 Killed                  setsid "$BIN_HUB" "${HARGS[@]}" > "$hlog" 2>&1 < /dev/null
pbsprobe/pbs_sweep.sh: line 257: 1350585 Killed                  setsid bash -c "exec '$wlbin' --port $port --resume_file '$resume_f' $params $extra" > "$wlog" 2>&1 < /dev/null
[1144/2243] S048all.tcp___tcp_conn dump=1 restore=na verdict=dump_fail
pbsprobe/pbs_sweep.sh: line 257: 1352629 Killed                  setsid "$BIN_HUB" "${HARGS[@]}" > "$hlog" 2>&1 < /dev/null
pbsprobe/pbs_sweep.sh: line 257: 1352636 Killed                  setsid bash -c "exec '$wlbin' --port $port --resume_file '$resume_f' $params $extra" > "$wlog" 2>&1 < /dev/null
[1145/2243] S048all.tcp___epoll_open dump=1 restore=na verdict=dump_fail
pbsprobe/pbs_sweep.sh: line 257: 1354864 Killed                  setsid "$BIN_HUB" "${HARGS[@]}" > "$hlog" 2>&1 < /dev/null
pbsprobe/pbs_sweep.sh: line 257: 1354871 Killed                  setsid bash -c "exec '$wlbin' --port $port --resume_file '$resume_f' $params $extra" > "$wlog" 2>&1 < /dev/null
[1146/2243] S048all.tcp___svc_listen dump=1 restore=na verdict=dump_fail
pbsprobe/pbs_sweep.sh: line 257: 1357163 Killed                  setsid "$BIN_HUB" "${HARGS[@]}" > "$hlog" 2>&1 < /dev/null
pbsprobe/pbs_sweep.sh: line 257: 1357170 Killed                  setsid bash -c "exec '$wlbin' --port $port --resume_file '$resume_f' $params $extra" > "$wlog" 2>&1 < /dev/null
[1147/2243] S048all.tcp___udp_open dump=1 restore=na verdict=dump_fail
pbsprobe/pbs_sweep.sh: line 257: 1359526 Killed                  setsid "$BIN_HUB" "${HARGS[@]}" > "$hlog" 2>&1 < /dev/null
pbsprobe/pbs_sweep.sh: line 257: 1359533 Killed                  setsid bash -c "exec '$wlbin' --port $port --resume_file '$resume_f' $params $extra" > "$wlog" 2>&1 < /dev/null
[1148/2243] S048all.tcp___netlink_open dump=1 restore=na verdict=dump_fail
pbsprobe/pbs_sweep.sh: line 257: 1361917 Killed                  setsid "$BIN_HUB" "${HARGS[@]}" > "$hlog" 2>&1 < /dev/null
pbsprobe/pbs_sweep.sh: line 257: 1361924 Killed                  setsid bash -c "exec '$wlbin' --port $port --resume_file '$resume_f' $params $extra" > "$wlog" 2>&1 < /dev/null
[1149/2243] S048all.tcp___timer_armed dump=1 restore=na verdict=dump_fail
pbsprobe/pbs_sweep.sh: line 257: 1364344 Killed                  setsid "$BIN_HUB" "${HARGS[@]}" > "$hlog" 2>&1 < /dev/null
pbsprobe/pbs_sweep.sh: line 257: 1364351 Killed                  setsid bash -c "exec '$wlbin' --port $port --resume_file '$resume_f' $params $extra" > "$wlog" 2>&1 < /dev/null
[1150/2243] S048all.tcp___db_watch dump=1 restore=na verdict=dump_fail
pbsprobe/pbs_sweep.sh: line 257: 1366867 Killed                  setsid "$BIN_HUB" "${HARGS[@]}" > "$hlog" 2>&1 < /dev/null
pbsprobe/pbs_sweep.sh: line 257: 1366874 Killed                  setsid bash -c "exec '$wlbin' --port $port --resume_file '$resume_f' $params $extra" > "$wlog" 2>&1 < /dev/null
[1151/2243] S048all.tcp___db_mmap dump=1 restore=na verdict=dump_fail
pbsprobe/pbs_sweep.sh: line 257: 1369426 Killed                  setsid "$BIN_HUB" "${HARGS[@]}" > "$hlog" 2>&1 < /dev/null
pbsprobe/pbs_sweep.sh: line 257: 1369433 Killed                  setsid bash -c "exec '$wlbin' --port $port --resume_file '$resume_f' $params $extra" > "$wlog" 2>&1 < /dev/null
[1152/2243] S048all.tcp___ready dump=1 restore=na verdict=dump_fail
pbsprobe/pbs_sweep.sh: line 257: 1372041 Killed                  setsid "$BIN_HUB" "${HARGS[@]}" > "$hlog" 2>&1 < /dev/null
pbsprobe/pbs_sweep.sh: line 257: 1372048 Killed                  setsid bash -c "exec '$wlbin' --port $port --resume_file '$resume_f' $params $extra" > "$wlog" 2>&1 < /dev/null
[1153/2243] S048all.tcp___steady dump=1 restore=na verdict=dump_fail
pbsprobe/pbs_sweep.sh: line 257: 1374729 Killed                  setsid "$BIN_HUB" "${HARGS[@]}" > "$hlog" 2>&1 < /dev/null
pbsprobe/pbs_sweep.sh: line 257: 1374736 Killed                  setsid bash -c "exec '$wlbin' --port $port --resume_file '$resume_f' $params $extra" > "$wlog" 2>&1 < /dev/null
pbsprobe/pbs_sweep.sh: line 296: 1377472 Killed                  setsid bash -c "exec '$wlbin' --port $port --resume_file '$resume_f' $params $extra" > "$wlog" 2>&1 < /dev/null
[1154/2243] S049all.file__init dump=0 restore=0 verdict=ok
pbsprobe/pbs_sweep.sh: line 257: 1377465 Killed                  setsid "$BIN_HUB" "${HARGS[@]}" > "$hlog" 2>&1 < /dev/null
pbsprobe/pbs_sweep.sh: line 296: 1380164 Killed                  setsid bash -c "exec '$wlbin' --port $port --resume_file '$resume_f' $params $extra" > "$wlog" 2>&1 < /dev/null
[1155/2243] S049all.file__sig_pending dump=0 restore=0 verdict=ok
pbsprobe/pbs_sweep.sh: line 257: 1380157 Killed                  setsid "$BIN_HUB" "${HARGS[@]}" > "$hlog" 2>&1 < /dev/null
pbsprobe/pbs_sweep.sh: line 296: 1382836 Killed                  setsid bash -c "exec '$wlbin' --port $port --resume_file '$resume_f' $params $extra" > "$wlog" 2>&1 < /dev/null
[1156/2243] S049all.file__dev_urandom dump=0 restore=0 verdict=ok
pbsprobe/pbs_sweep.sh: line 257: 1382829 Killed                  setsid "$BIN_HUB" "${HARGS[@]}" > "$hlog" 2>&1 < /dev/null
[1157/2243] S049all.file__log_open dump=1 restore=na verdict=dump_fail
pbsprobe/pbs_sweep.sh: line 257: 1385453 Killed                  setsid "$BIN_HUB" "${HARGS[@]}" > "$hlog" 2>&1 < /dev/null
pbsprobe/pbs_sweep.sh: line 257: 1385460 Killed                  setsid bash -c "exec '$wlbin' --port $port --resume_file '$resume_f' $params $extra" > "$wlog" 2>&1 < /dev/null
[1158/2243] S049all.file__db_open dump=1 restore=na verdict=dump_fail
pbsprobe/pbs_sweep.sh: line 257: 1385674 Killed                  setsid "$BIN_HUB" "${HARGS[@]}" > "$hlog" 2>&1 < /dev/null
pbsprobe/pbs_sweep.sh: line 257: 1385681 Killed                  setsid bash -c "exec '$wlbin' --port $port --resume_file '$resume_f' $params $extra" > "$wlog" 2>&1 < /dev/null
[1159/2243] S049all.file__db_lock dump=1 restore=na verdict=dump_fail
pbsprobe/pbs_sweep.sh: line 257: 1385943 Killed                  setsid "$BIN_HUB" "${HARGS[@]}" > "$hlog" 2>&1 < /dev/null
pbsprobe/pbs_sweep.sh: line 257: 1385950 Killed                  setsid bash -c "exec '$wlbin' --port $port --resume_file '$resume_f' $params $extra" > "$wlog" 2>&1 < /dev/null
[1160/2243] S049all.file__db_read_p25 dump=1 restore=na verdict=dump_fail
pbsprobe/pbs_sweep.sh: line 257: 1386280 Killed                  setsid "$BIN_HUB" "${HARGS[@]}" > "$hlog" 2>&1 < /dev/null
pbsprobe/pbs_sweep.sh: line 257: 1386287 Killed                  setsid bash -c "exec '$wlbin' --port $port --resume_file '$resume_f' $params $extra" > "$wlog" 2>&1 < /dev/null
[1161/2243] S049all.file__db_read_p50 dump=1 restore=na verdict=dump_fail
pbsprobe/pbs_sweep.sh: line 257: 1386673 Killed                  setsid "$BIN_HUB" "${HARGS[@]}" > "$hlog" 2>&1 < /dev/null
pbsprobe/pbs_sweep.sh: line 257: 1386680 Killed                  setsid bash -c "exec '$wlbin' --port $port --resume_file '$resume_f' $params $extra" > "$wlog" 2>&1 < /dev/null
[1162/2243] S049all.file__db_read_p75 dump=1 restore=na verdict=dump_fail
pbsprobe/pbs_sweep.sh: line 257: 1387130 Killed                  setsid "$BIN_HUB" "${HARGS[@]}" > "$hlog" 2>&1 < /dev/null
pbsprobe/pbs_sweep.sh: line 257: 1387137 Killed                  setsid bash -c "exec '$wlbin' --port $port --resume_file '$resume_f' $params $extra" > "$wlog" 2>&1 < /dev/null
[1163/2243] S049all.file__db_parse dump=1 restore=na verdict=dump_fail
pbsprobe/pbs_sweep.sh: line 257: 1387639 Killed                  setsid "$BIN_HUB" "${HARGS[@]}" > "$hlog" 2>&1 < /dev/null
pbsprobe/pbs_sweep.sh: line 257: 1387646 Killed                  setsid bash -c "exec '$wlbin' --port $port --resume_file '$resume_f' $params $extra" > "$wlog" 2>&1 < /dev/null
[1164/2243] S049all.file__db_parse_p25 dump=1 restore=na verdict=dump_fail
pbsprobe/pbs_sweep.sh: line 257: 1388448 Killed                  setsid "$BIN_HUB" "${HARGS[@]}" > "$hlog" 2>&1 < /dev/null
pbsprobe/pbs_sweep.sh: line 257: 1388455 Killed                  setsid bash -c "exec '$wlbin' --port $port --resume_file '$resume_f' $params $extra" > "$wlog" 2>&1 < /dev/null
[1165/2243] S049all.file__db_parse_p50 dump=1 restore=na verdict=dump_fail
pbsprobe/pbs_sweep.sh: line 257: 1389077 Killed                  setsid "$BIN_HUB" "${HARGS[@]}" > "$hlog" 2>&1 < /dev/null
pbsprobe/pbs_sweep.sh: line 257: 1389084 Killed                  setsid bash -c "exec '$wlbin' --port $port --resume_file '$resume_f' $params $extra" > "$wlog" 2>&1 < /dev/null
[1166/2243] S049all.file__db_parse_p75 dump=1 restore=na verdict=dump_fail
pbsprobe/pbs_sweep.sh: line 257: 1389770 Killed                  setsid "$BIN_HUB" "${HARGS[@]}" > "$hlog" 2>&1 < /dev/null
pbsprobe/pbs_sweep.sh: line 257: 1389777 Killed                  setsid bash -c "exec '$wlbin' --port $port --resume_file '$resume_f' $params $extra" > "$wlog" 2>&1 < /dev/null
[1167/2243] S049all.file__epg_index dump=1 restore=na verdict=dump_fail
pbsprobe/pbs_sweep.sh: line 257: 1390511 Killed                  setsid "$BIN_HUB" "${HARGS[@]}" > "$hlog" 2>&1 < /dev/null
pbsprobe/pbs_sweep.sh: line 257: 1390518 Killed                  setsid bash -c "exec '$wlbin' --port $port --resume_file '$resume_f' $params $extra" > "$wlog" 2>&1 < /dev/null
[1168/2243] S049all.file__epg_index_p25 dump=1 restore=na verdict=dump_fail
pbsprobe/pbs_sweep.sh: line 257: 1391536 Killed                  setsid "$BIN_HUB" "${HARGS[@]}" > "$hlog" 2>&1 < /dev/null
pbsprobe/pbs_sweep.sh: line 257: 1391543 Killed                  setsid bash -c "exec '$wlbin' --port $port --resume_file '$resume_f' $params $extra" > "$wlog" 2>&1 < /dev/null
[1169/2243] S049all.file__epg_index_p50 dump=1 restore=na verdict=dump_fail
pbsprobe/pbs_sweep.sh: line 257: 1392365 Killed                  setsid "$BIN_HUB" "${HARGS[@]}" > "$hlog" 2>&1 < /dev/null
pbsprobe/pbs_sweep.sh: line 257: 1392372 Killed                  setsid bash -c "exec '$wlbin' --port $port --resume_file '$resume_f' $params $extra" > "$wlog" 2>&1 < /dev/null
[1170/2243] S049all.file__epg_index_p75 dump=1 restore=na verdict=dump_fail
pbsprobe/pbs_sweep.sh: line 257: 1393286 Killed                  setsid "$BIN_HUB" "${HARGS[@]}" > "$hlog" 2>&1 < /dev/null
pbsprobe/pbs_sweep.sh: line 257: 1393293 Killed                  setsid bash -c "exec '$wlbin' --port $port --resume_file '$resume_f' $params $extra" > "$wlog" 2>&1 < /dev/null
[1171/2243] S049all.file__epg_text dump=1 restore=na verdict=dump_fail
pbsprobe/pbs_sweep.sh: line 257: 1394259 Killed                  setsid "$BIN_HUB" "${HARGS[@]}" > "$hlog" 2>&1 < /dev/null
pbsprobe/pbs_sweep.sh: line 257: 1394266 Killed                  setsid bash -c "exec '$wlbin' --port $port --resume_file '$resume_f' $params $extra" > "$wlog" 2>&1 < /dev/null
[1172/2243] S049all.file__epg_reserve dump=1 restore=na verdict=dump_fail
pbsprobe/pbs_sweep.sh: line 257: 1395348 Killed                  setsid "$BIN_HUB" "${HARGS[@]}" > "$hlog" 2>&1 < /dev/null
pbsprobe/pbs_sweep.sh: line 257: 1395355 Killed                  setsid bash -c "exec '$wlbin' --port $port --resume_file '$resume_f' $params $extra" > "$wlog" 2>&1 < /dev/null
[1173/2243] S049all.file__thread1 dump=1 restore=na verdict=dump_fail
pbsprobe/pbs_sweep.sh: line 257: 1396510 Killed                  setsid "$BIN_HUB" "${HARGS[@]}" > "$hlog" 2>&1 < /dev/null
pbsprobe/pbs_sweep.sh: line 257: 1396517 Killed                  setsid bash -c "exec '$wlbin' --port $port --resume_file '$resume_f' $params $extra" > "$wlog" 2>&1 < /dev/null
[1174/2243] S049all.file__thread2 dump=1 restore=na verdict=dump_fail
pbsprobe/pbs_sweep.sh: line 257: 1397733 Killed                  setsid "$BIN_HUB" "${HARGS[@]}" > "$hlog" 2>&1 < /dev/null
pbsprobe/pbs_sweep.sh: line 257: 1397740 Killed                  setsid bash -c "exec '$wlbin' --port $port --resume_file '$resume_f' $params $extra" > "$wlog" 2>&1 < /dev/null
[1175/2243] S049all.file__thread3 dump=1 restore=na verdict=dump_fail
pbsprobe/pbs_sweep.sh: line 257: 1399001 Killed                  setsid "$BIN_HUB" "${HARGS[@]}" > "$hlog" 2>&1 < /dev/null
pbsprobe/pbs_sweep.sh: line 257: 1399008 Killed                  setsid bash -c "exec '$wlbin' --port $port --resume_file '$resume_f' $params $extra" > "$wlog" 2>&1 < /dev/null
[1176/2243] S049all.file__thread4 dump=1 restore=na verdict=dump_fail
pbsprobe/pbs_sweep.sh: line 257: 1400334 Killed                  setsid "$BIN_HUB" "${HARGS[@]}" > "$hlog" 2>&1 < /dev/null
pbsprobe/pbs_sweep.sh: line 257: 1400341 Killed                  setsid bash -c "exec '$wlbin' --port $port --resume_file '$resume_f' $params $extra" > "$wlog" 2>&1 < /dev/null
[1177/2243] S049all.file__helper_forked dump=1 restore=na verdict=dump_fail
pbsprobe/pbs_sweep.sh: line 257: 1401708 Killed                  setsid "$BIN_HUB" "${HARGS[@]}" > "$hlog" 2>&1 < /dev/null
pbsprobe/pbs_sweep.sh: line 257: 1401715 Killed                  setsid bash -c "exec '$wlbin' --port $port --resume_file '$resume_f' $params $extra" > "$wlog" 2>&1 < /dev/null
[1178/2243] S049all.file__zombie_made dump=1 restore=na verdict=dump_fail
pbsprobe/pbs_sweep.sh: line 257: 1403159 Killed                  setsid "$BIN_HUB" "${HARGS[@]}" > "$hlog" 2>&1 < /dev/null
pbsprobe/pbs_sweep.sh: line 257: 1403166 Killed                  setsid bash -c "exec '$wlbin' --port $port --resume_file '$resume_f' $params $extra" > "$wlog" 2>&1 < /dev/null
[1179/2243] S049all.file__selfpipe dump=1 restore=na verdict=dump_fail
pbsprobe/pbs_sweep.sh: line 257: 1404658 Killed                  setsid "$BIN_HUB" "${HARGS[@]}" > "$hlog" 2>&1 < /dev/null
pbsprobe/pbs_sweep.sh: line 257: 1404665 Killed                  setsid bash -c "exec '$wlbin' --port $port --resume_file '$resume_f' $params $extra" > "$wlog" 2>&1 < /dev/null
[1180/2243] S049all.file__eventfd_open dump=1 restore=na verdict=dump_fail
pbsprobe/pbs_sweep.sh: line 257: 1406185 Killed                  setsid "$BIN_HUB" "${HARGS[@]}" > "$hlog" 2>&1 < /dev/null
pbsprobe/pbs_sweep.sh: line 257: 1406192 Killed                  setsid bash -c "exec '$wlbin' --port $port --resume_file '$resume_f' $params $extra" > "$wlog" 2>&1 < /dev/null
[1181/2243] S049all.file__shm_map dump=1 restore=na verdict=dump_fail
pbsprobe/pbs_sweep.sh: line 257: 1407828 Killed                  setsid "$BIN_HUB" "${HARGS[@]}" > "$hlog" 2>&1 < /dev/null
pbsprobe/pbs_sweep.sh: line 257: 1407835 Killed                  setsid bash -c "exec '$wlbin' --port $port --resume_file '$resume_f' $params $extra" > "$wlog" 2>&1 < /dev/null
[1182/2243] S049all.file__workdir dump=1 restore=na verdict=dump_fail
pbsprobe/pbs_sweep.sh: line 257: 1409523 Killed                  setsid "$BIN_HUB" "${HARGS[@]}" > "$hlog" 2>&1 < /dev/null
pbsprobe/pbs_sweep.sh: line 257: 1409530 Killed                  setsid bash -c "exec '$wlbin' --port $port --resume_file '$resume_f' $params $extra" > "$wlog" 2>&1 < /dev/null
[1183/2243] S049all.file__tmp_journal dump=1 restore=na verdict=dump_fail
pbsprobe/pbs_sweep.sh: line 257: 1411289 Killed                  setsid bash -c "exec '$wlbin' --port $port --resume_file '$resume_f' $params $extra" > "$wlog" 2>&1 < /dev/null
pbsprobe/pbs_sweep.sh: line 257: 1411282 Killed                  setsid "$BIN_HUB" "${HARGS[@]}" > "$hlog" 2>&1 < /dev/null
[1184/2243] S049all.file__hub_conn1 dump=1 restore=na verdict=dump_fail
pbsprobe/pbs_sweep.sh: line 257: 1413105 Killed                  setsid "$BIN_HUB" "${HARGS[@]}" > "$hlog" 2>&1 < /dev/null
pbsprobe/pbs_sweep.sh: line 257: 1413112 Killed                  setsid bash -c "exec '$wlbin' --port $port --resume_file '$resume_f' $params $extra" > "$wlog" 2>&1 < /dev/null
[1185/2243] S049all.file__hub_conn2 dump=1 restore=na verdict=dump_fail
pbsprobe/pbs_sweep.sh: line 257: 1414972 Killed                  setsid "$BIN_HUB" "${HARGS[@]}" > "$hlog" 2>&1 < /dev/null
pbsprobe/pbs_sweep.sh: line 257: 1414979 Killed                  setsid bash -c "exec '$wlbin' --port $port --resume_file '$resume_f' $params $extra" > "$wlog" 2>&1 < /dev/null
[1186/2243] S049all.file__hub_conn3 dump=1 restore=na verdict=dump_fail
pbsprobe/pbs_sweep.sh: line 257: 1416863 Killed                  setsid "$BIN_HUB" "${HARGS[@]}" > "$hlog" 2>&1 < /dev/null
pbsprobe/pbs_sweep.sh: line 257: 1416870 Killed                  setsid bash -c "exec '$wlbin' --port $port --resume_file '$resume_f' $params $extra" > "$wlog" 2>&1 < /dev/null
[1187/2243] S049all.file__hub_conn4 dump=1 restore=na verdict=dump_fail
pbsprobe/pbs_sweep.sh: line 257: 1418830 Killed                  setsid "$BIN_HUB" "${HARGS[@]}" > "$hlog" 2>&1 < /dev/null
pbsprobe/pbs_sweep.sh: line 257: 1418837 Killed                  setsid bash -c "exec '$wlbin' --port $port --resume_file '$resume_f' $params $extra" > "$wlog" 2>&1 < /dev/null
[1188/2243] S049all.file__hub_subscribed dump=1 restore=na verdict=dump_fail
pbsprobe/pbs_sweep.sh: line 257: 1420857 Killed                  setsid "$BIN_HUB" "${HARGS[@]}" > "$hlog" 2>&1 < /dev/null
pbsprobe/pbs_sweep.sh: line 257: 1420864 Killed                  setsid bash -c "exec '$wlbin' --port $port --resume_file '$resume_f' $params $extra" > "$wlog" 2>&1 < /dev/null
[1189/2243] S049all.file__render_conn dump=1 restore=na verdict=dump_fail
pbsprobe/pbs_sweep.sh: line 257: 1422948 Killed                  setsid "$BIN_HUB" "${HARGS[@]}" > "$hlog" 2>&1 < /dev/null
pbsprobe/pbs_sweep.sh: line 257: 1422955 Killed                  setsid bash -c "exec '$wlbin' --port $port --resume_file '$resume_f' $params $extra" > "$wlog" 2>&1 < /dev/null
[1190/2243] S049all.file__tcp_conn dump=1 restore=na verdict=dump_fail
pbsprobe/pbs_sweep.sh: line 257: 1425079 Killed                  setsid "$BIN_HUB" "${HARGS[@]}" > "$hlog" 2>&1 < /dev/null
pbsprobe/pbs_sweep.sh: line 257: 1425086 Killed                  setsid bash -c "exec '$wlbin' --port $port --resume_file '$resume_f' $params $extra" > "$wlog" 2>&1 < /dev/null
[1191/2243] S049all.file__epoll_open dump=1 restore=na verdict=dump_fail
pbsprobe/pbs_sweep.sh: line 257: 1427274 Killed                  setsid "$BIN_HUB" "${HARGS[@]}" > "$hlog" 2>&1 < /dev/null
pbsprobe/pbs_sweep.sh: line 257: 1427281 Killed                  setsid bash -c "exec '$wlbin' --port $port --resume_file '$resume_f' $params $extra" > "$wlog" 2>&1 < /dev/null
[1192/2243] S049all.file__svc_listen dump=1 restore=na verdict=dump_fail
pbsprobe/pbs_sweep.sh: line 257: 1429533 Killed                  setsid "$BIN_HUB" "${HARGS[@]}" > "$hlog" 2>&1 < /dev/null
pbsprobe/pbs_sweep.sh: line 257: 1429540 Killed                  setsid bash -c "exec '$wlbin' --port $port --resume_file '$resume_f' $params $extra" > "$wlog" 2>&1 < /dev/null
[1193/2243] S049all.file__udp_open dump=1 restore=na verdict=dump_fail
pbsprobe/pbs_sweep.sh: line 257: 1431852 Killed                  setsid "$BIN_HUB" "${HARGS[@]}" > "$hlog" 2>&1 < /dev/null
pbsprobe/pbs_sweep.sh: line 257: 1431859 Killed                  setsid bash -c "exec '$wlbin' --port $port --resume_file '$resume_f' $params $extra" > "$wlog" 2>&1 < /dev/null
[1194/2243] S049all.file__netlink_open dump=1 restore=na verdict=dump_fail
pbsprobe/pbs_sweep.sh: line 257: 1434243 Killed                  setsid "$BIN_HUB" "${HARGS[@]}" > "$hlog" 2>&1 < /dev/null
pbsprobe/pbs_sweep.sh: line 257: 1434250 Killed                  setsid bash -c "exec '$wlbin' --port $port --resume_file '$resume_f' $params $extra" > "$wlog" 2>&1 < /dev/null
[1195/2243] S049all.file__timer_armed dump=1 restore=na verdict=dump_fail
pbsprobe/pbs_sweep.sh: line 257: 1436554 Killed                  setsid "$BIN_HUB" "${HARGS[@]}" > "$hlog" 2>&1 < /dev/null
pbsprobe/pbs_sweep.sh: line 257: 1436561 Killed                  setsid bash -c "exec '$wlbin' --port $port --resume_file '$resume_f' $params $extra" > "$wlog" 2>&1 < /dev/null
[1196/2243] S049all.file__db_watch dump=1 restore=na verdict=dump_fail
pbsprobe/pbs_sweep.sh: line 257: 1438917 Killed                  setsid "$BIN_HUB" "${HARGS[@]}" > "$hlog" 2>&1 < /dev/null
pbsprobe/pbs_sweep.sh: line 257: 1438924 Killed                  setsid bash -c "exec '$wlbin' --port $port --resume_file '$resume_f' $params $extra" > "$wlog" 2>&1 < /dev/null
[1197/2243] S049all.file__db_mmap dump=1 restore=na verdict=dump_fail
pbsprobe/pbs_sweep.sh: line 257: 1441284 Killed                  setsid "$BIN_HUB" "${HARGS[@]}" > "$hlog" 2>&1 < /dev/null
pbsprobe/pbs_sweep.sh: line 257: 1441291 Killed                  setsid bash -c "exec '$wlbin' --port $port --resume_file '$resume_f' $params $extra" > "$wlog" 2>&1 < /dev/null
[1198/2243] S049all.file__ready dump=1 restore=na verdict=dump_fail
pbsprobe/pbs_sweep.sh: line 257: 1443775 Killed                  setsid "$BIN_HUB" "${HARGS[@]}" > "$hlog" 2>&1 < /dev/null
pbsprobe/pbs_sweep.sh: line 257: 1443782 Killed                  setsid bash -c "exec '$wlbin' --port $port --resume_file '$resume_f' $params $extra" > "$wlog" 2>&1 < /dev/null
[1199/2243] S049all.file__steady dump=1 restore=na verdict=dump_fail
pbsprobe/pbs_sweep.sh: line 257: 1446479 Killed                  setsid "$BIN_HUB" "${HARGS[@]}" > "$hlog" 2>&1 < /dev/null
pbsprobe/pbs_sweep.sh: line 257: 1446486 Killed                  setsid bash -c "exec '$wlbin' --port $port --resume_file '$resume_f' $params $extra" > "$wlog" 2>&1 < /dev/null
pbsprobe/pbs_sweep.sh: line 296: 1449218 Killed                  setsid bash -c "exec '$wlbin' --port $port --resume_file '$resume_f' $params $extra" > "$wlog" 2>&1 < /dev/null
[1200/2243] S050all.perm__init dump=0 restore=0 verdict=ok
pbsprobe/pbs_sweep.sh: line 257: 1449211 Killed                  setsid "$BIN_HUB" "${HARGS[@]}" > "$hlog" 2>&1 < /dev/null
pbsprobe/pbs_sweep.sh: line 296: 1451878 Killed                  setsid bash -c "exec '$wlbin' --port $port --resume_file '$resume_f' $params $extra" > "$wlog" 2>&1 < /dev/null
[1201/2243] S050all.perm__sig_pending dump=0 restore=0 verdict=ok
pbsprobe/pbs_sweep.sh: line 257: 1451871 Killed                  setsid "$BIN_HUB" "${HARGS[@]}" > "$hlog" 2>&1 < /dev/null
pbsprobe/pbs_sweep.sh: line 296: 1454526 Killed                  setsid bash -c "exec '$wlbin' --port $port --resume_file '$resume_f' $params $extra" > "$wlog" 2>&1 < /dev/null
[1202/2243] S050all.perm__dev_urandom dump=0 restore=0 verdict=ok
pbsprobe/pbs_sweep.sh: line 257: 1454519 Killed                  setsid "$BIN_HUB" "${HARGS[@]}" > "$hlog" 2>&1 < /dev/null
pbsprobe/pbs_sweep.sh: line 296: 1457174 Killed                  setsid bash -c "exec '$wlbin' --port $port --resume_file '$resume_f' $params $extra" > "$wlog" 2>&1 < /dev/null
[1203/2243] S050all.perm__log_open dump=0 restore=0 verdict=ok
pbsprobe/pbs_sweep.sh: line 257: 1457167 Killed                  setsid "$BIN_HUB" "${HARGS[@]}" > "$hlog" 2>&1 < /dev/null
pbsprobe/pbs_sweep.sh: line 296: 1459826 Killed                  setsid bash -c "exec '$wlbin' --port $port --resume_file '$resume_f' $params $extra" > "$wlog" 2>&1 < /dev/null
[1204/2243] S050all.perm__db_open dump=0 restore=0 verdict=ok
pbsprobe/pbs_sweep.sh: line 257: 1459819 Killed                  setsid "$BIN_HUB" "${HARGS[@]}" > "$hlog" 2>&1 < /dev/null
pbsprobe/pbs_sweep.sh: line 296: 1462306 Killed                  setsid bash -c "exec '$wlbin' --port $port --resume_file '$resume_f' $params $extra" > "$wlog" 2>&1 < /dev/null
[1205/2243] S050all.perm__db_lock dump=0 restore=0 verdict=ok
pbsprobe/pbs_sweep.sh: line 257: 1462299 Killed                  setsid "$BIN_HUB" "${HARGS[@]}" > "$hlog" 2>&1 < /dev/null
pbsprobe/pbs_sweep.sh: line 296: 1464726 Killed                  setsid bash -c "exec '$wlbin' --port $port --resume_file '$resume_f' $params $extra" > "$wlog" 2>&1 < /dev/null
[1206/2243] S050all.perm__db_read_p25 dump=0 restore=0 verdict=ok
pbsprobe/pbs_sweep.sh: line 257: 1464719 Killed                  setsid "$BIN_HUB" "${HARGS[@]}" > "$hlog" 2>&1 < /dev/null
pbsprobe/pbs_sweep.sh: line 296: 1467146 Killed                  setsid bash -c "exec '$wlbin' --port $port --resume_file '$resume_f' $params $extra" > "$wlog" 2>&1 < /dev/null
[1207/2243] S050all.perm__db_read_p50 dump=0 restore=0 verdict=ok
pbsprobe/pbs_sweep.sh: line 257: 1467139 Killed                  setsid "$BIN_HUB" "${HARGS[@]}" > "$hlog" 2>&1 < /dev/null
pbsprobe/pbs_sweep.sh: line 296: 1469562 Killed                  setsid bash -c "exec '$wlbin' --port $port --resume_file '$resume_f' $params $extra" > "$wlog" 2>&1 < /dev/null
[1208/2243] S050all.perm__db_read_p75 dump=0 restore=0 verdict=ok
pbsprobe/pbs_sweep.sh: line 257: 1469555 Killed                  setsid "$BIN_HUB" "${HARGS[@]}" > "$hlog" 2>&1 < /dev/null
pbsprobe/pbs_sweep.sh: line 296: 1471986 Killed                  setsid bash -c "exec '$wlbin' --port $port --resume_file '$resume_f' $params $extra" > "$wlog" 2>&1 < /dev/null
[1209/2243] S050all.perm__db_parse dump=0 restore=0 verdict=ok
pbsprobe/pbs_sweep.sh: line 257: 1471979 Killed                  setsid "$BIN_HUB" "${HARGS[@]}" > "$hlog" 2>&1 < /dev/null
pbsprobe/pbs_sweep.sh: line 296: 1474386 Killed                  setsid bash -c "exec '$wlbin' --port $port --resume_file '$resume_f' $params $extra" > "$wlog" 2>&1 < /dev/null
[1210/2243] S050all.perm__db_parse_p25 dump=0 restore=0 verdict=ok
pbsprobe/pbs_sweep.sh: line 257: 1474379 Killed                  setsid "$BIN_HUB" "${HARGS[@]}" > "$hlog" 2>&1 < /dev/null
pbsprobe/pbs_sweep.sh: line 296: 1476786 Killed                  setsid bash -c "exec '$wlbin' --port $port --resume_file '$resume_f' $params $extra" > "$wlog" 2>&1 < /dev/null
[1211/2243] S050all.perm__db_parse_p50 dump=0 restore=0 verdict=ok
pbsprobe/pbs_sweep.sh: line 257: 1476779 Killed                  setsid "$BIN_HUB" "${HARGS[@]}" > "$hlog" 2>&1 < /dev/null
pbsprobe/pbs_sweep.sh: line 296: 1479114 Killed                  setsid bash -c "exec '$wlbin' --port $port --resume_file '$resume_f' $params $extra" > "$wlog" 2>&1 < /dev/null
[1212/2243] S050all.perm__db_parse_p75 dump=0 restore=0 verdict=ok
pbsprobe/pbs_sweep.sh: line 257: 1479107 Killed                  setsid "$BIN_HUB" "${HARGS[@]}" > "$hlog" 2>&1 < /dev/null
pbsprobe/pbs_sweep.sh: line 296: 1481586 Killed                  setsid bash -c "exec '$wlbin' --port $port --resume_file '$resume_f' $params $extra" > "$wlog" 2>&1 < /dev/null
[1213/2243] S050all.perm__epg_index dump=0 restore=0 verdict=ok
pbsprobe/pbs_sweep.sh: line 257: 1481579 Killed                  setsid "$BIN_HUB" "${HARGS[@]}" > "$hlog" 2>&1 < /dev/null
pbsprobe/pbs_sweep.sh: line 296: 1484202 Killed                  setsid bash -c "exec '$wlbin' --port $port --resume_file '$resume_f' $params $extra" > "$wlog" 2>&1 < /dev/null
[1214/2243] S050all.perm__epg_index_p25 dump=0 restore=0 verdict=ok
pbsprobe/pbs_sweep.sh: line 257: 1484195 Killed                  setsid "$BIN_HUB" "${HARGS[@]}" > "$hlog" 2>&1 < /dev/null
pbsprobe/pbs_sweep.sh: line 296: 1486722 Killed                  setsid bash -c "exec '$wlbin' --port $port --resume_file '$resume_f' $params $extra" > "$wlog" 2>&1 < /dev/null
[1215/2243] S050all.perm__epg_index_p50 dump=0 restore=0 verdict=ok
pbsprobe/pbs_sweep.sh: line 257: 1486715 Killed                  setsid "$BIN_HUB" "${HARGS[@]}" > "$hlog" 2>&1 < /dev/null
pbsprobe/pbs_sweep.sh: line 296: 1489042 Killed                  setsid bash -c "exec '$wlbin' --port $port --resume_file '$resume_f' $params $extra" > "$wlog" 2>&1 < /dev/null
[1216/2243] S050all.perm__epg_index_p75 dump=0 restore=0 verdict=ok
pbsprobe/pbs_sweep.sh: line 257: 1489035 Killed                  setsid "$BIN_HUB" "${HARGS[@]}" > "$hlog" 2>&1 < /dev/null
pbsprobe/pbs_sweep.sh: line 296: 1491362 Killed                  setsid bash -c "exec '$wlbin' --port $port --resume_file '$resume_f' $params $extra" > "$wlog" 2>&1 < /dev/null
[1217/2243] S050all.perm__epg_text dump=0 restore=0 verdict=ok
pbsprobe/pbs_sweep.sh: line 257: 1491355 Killed                  setsid "$BIN_HUB" "${HARGS[@]}" > "$hlog" 2>&1 < /dev/null
pbsprobe/pbs_sweep.sh: line 296: 1493882 Killed                  setsid bash -c "exec '$wlbin' --port $port --resume_file '$resume_f' $params $extra" > "$wlog" 2>&1 < /dev/null
[1218/2243] S050all.perm__epg_reserve dump=0 restore=0 verdict=ok
pbsprobe/pbs_sweep.sh: line 257: 1493875 Killed                  setsid "$BIN_HUB" "${HARGS[@]}" > "$hlog" 2>&1 < /dev/null
pbsprobe/pbs_sweep.sh: line 296: 1496434 Killed                  setsid bash -c "exec '$wlbin' --port $port --resume_file '$resume_f' $params $extra" > "$wlog" 2>&1 < /dev/null
[1219/2243] S050all.perm__thread1 dump=0 restore=0 verdict=ok
pbsprobe/pbs_sweep.sh: line 257: 1496427 Killed                  setsid "$BIN_HUB" "${HARGS[@]}" > "$hlog" 2>&1 < /dev/null
pbsprobe/pbs_sweep.sh: line 296: 1498926 Killed                  setsid bash -c "exec '$wlbin' --port $port --resume_file '$resume_f' $params $extra" > "$wlog" 2>&1 < /dev/null
[1220/2243] S050all.perm__thread2 dump=0 restore=0 verdict=ok
pbsprobe/pbs_sweep.sh: line 257: 1498919 Killed                  setsid "$BIN_HUB" "${HARGS[@]}" > "$hlog" 2>&1 < /dev/null
pbsprobe/pbs_sweep.sh: line 296: 1501322 Killed                  setsid bash -c "exec '$wlbin' --port $port --resume_file '$resume_f' $params $extra" > "$wlog" 2>&1 < /dev/null
[1221/2243] S050all.perm__thread3 dump=0 restore=0 verdict=ok
pbsprobe/pbs_sweep.sh: line 257: 1501315 Killed                  setsid "$BIN_HUB" "${HARGS[@]}" > "$hlog" 2>&1 < /dev/null
pbsprobe/pbs_sweep.sh: line 296: 1503714 Killed                  setsid bash -c "exec '$wlbin' --port $port --resume_file '$resume_f' $params $extra" > "$wlog" 2>&1 < /dev/null
[1222/2243] S050all.perm__thread4 dump=0 restore=0 verdict=ok
pbsprobe/pbs_sweep.sh: line 257: 1503707 Killed                  setsid "$BIN_HUB" "${HARGS[@]}" > "$hlog" 2>&1 < /dev/null
pbsprobe/pbs_sweep.sh: line 296: 1506210 Killed                  setsid bash -c "exec '$wlbin' --port $port --resume_file '$resume_f' $params $extra" > "$wlog" 2>&1 < /dev/null
[1223/2243] S050all.perm__helper_forked dump=0 restore=0 verdict=ok
pbsprobe/pbs_sweep.sh: line 257: 1506203 Killed                  setsid "$BIN_HUB" "${HARGS[@]}" > "$hlog" 2>&1 < /dev/null
pbsprobe/pbs_sweep.sh: line 296: 1508754 Killed                  setsid bash -c "exec '$wlbin' --port $port --resume_file '$resume_f' $params $extra" > "$wlog" 2>&1 < /dev/null
[1224/2243] S050all.perm__zombie_made dump=0 restore=0 verdict=ok
pbsprobe/pbs_sweep.sh: line 257: 1508747 Killed                  setsid "$BIN_HUB" "${HARGS[@]}" > "$hlog" 2>&1 < /dev/null
pbsprobe/pbs_sweep.sh: line 296: 1511334 Killed                  setsid bash -c "exec '$wlbin' --port $port --resume_file '$resume_f' $params $extra" > "$wlog" 2>&1 < /dev/null
[1225/2243] S050all.perm__selfpipe dump=0 restore=0 verdict=ok
pbsprobe/pbs_sweep.sh: line 257: 1511327 Killed                  setsid "$BIN_HUB" "${HARGS[@]}" > "$hlog" 2>&1 < /dev/null
pbsprobe/pbs_sweep.sh: line 296: 1513946 Killed                  setsid bash -c "exec '$wlbin' --port $port --resume_file '$resume_f' $params $extra" > "$wlog" 2>&1 < /dev/null
[1226/2243] S050all.perm__eventfd_open dump=0 restore=0 verdict=ok
pbsprobe/pbs_sweep.sh: line 257: 1513939 Killed                  setsid "$BIN_HUB" "${HARGS[@]}" > "$hlog" 2>&1 < /dev/null
pbsprobe/pbs_sweep.sh: line 296: 1516562 Killed                  setsid bash -c "exec '$wlbin' --port $port --resume_file '$resume_f' $params $extra" > "$wlog" 2>&1 < /dev/null
[1227/2243] S050all.perm__shm_map dump=0 restore=0 verdict=ok
pbsprobe/pbs_sweep.sh: line 257: 1516555 Killed                  setsid "$BIN_HUB" "${HARGS[@]}" > "$hlog" 2>&1 < /dev/null
pbsprobe/pbs_sweep.sh: line 296: 1519202 Killed                  setsid bash -c "exec '$wlbin' --port $port --resume_file '$resume_f' $params $extra" > "$wlog" 2>&1 < /dev/null
[1228/2243] S050all.perm__workdir dump=0 restore=0 verdict=ok
pbsprobe/pbs_sweep.sh: line 257: 1519195 Killed                  setsid "$BIN_HUB" "${HARGS[@]}" > "$hlog" 2>&1 < /dev/null
pbsprobe/pbs_sweep.sh: line 296: 1521818 Killed                  setsid bash -c "exec '$wlbin' --port $port --resume_file '$resume_f' $params $extra" > "$wlog" 2>&1 < /dev/null
[1229/2243] S050all.perm__tmp_journal dump=0 restore=0 verdict=ok
pbsprobe/pbs_sweep.sh: line 257: 1521811 Killed                  setsid "$BIN_HUB" "${HARGS[@]}" > "$hlog" 2>&1 < /dev/null
[1230/2243] S050all.perm__hub_conn1 dump=1 restore=na verdict=dump_fail
pbsprobe/pbs_sweep.sh: line 257: 1524459 Killed                  setsid "$BIN_HUB" "${HARGS[@]}" > "$hlog" 2>&1 < /dev/null
pbsprobe/pbs_sweep.sh: line 257: 1524466 Killed                  setsid bash -c "exec '$wlbin' --port $port --resume_file '$resume_f' $params $extra" > "$wlog" 2>&1 < /dev/null
[1231/2243] S050all.perm__hub_conn2 dump=1 restore=na verdict=dump_fail
pbsprobe/pbs_sweep.sh: line 257: 1526322 Killed                  setsid "$BIN_HUB" "${HARGS[@]}" > "$hlog" 2>&1 < /dev/null
pbsprobe/pbs_sweep.sh: line 257: 1526329 Killed                  setsid bash -c "exec '$wlbin' --port $port --resume_file '$resume_f' $params $extra" > "$wlog" 2>&1 < /dev/null
[1232/2243] S050all.perm__hub_conn3 dump=1 restore=na verdict=dump_fail
pbsprobe/pbs_sweep.sh: line 257: 1528245 Killed                  setsid "$BIN_HUB" "${HARGS[@]}" > "$hlog" 2>&1 < /dev/null
pbsprobe/pbs_sweep.sh: line 257: 1528252 Killed                  setsid bash -c "exec '$wlbin' --port $port --resume_file '$resume_f' $params $extra" > "$wlog" 2>&1 < /dev/null
[1233/2243] S050all.perm__hub_conn4 dump=1 restore=na verdict=dump_fail
pbsprobe/pbs_sweep.sh: line 257: 1530220 Killed                  setsid "$BIN_HUB" "${HARGS[@]}" > "$hlog" 2>&1 < /dev/null
pbsprobe/pbs_sweep.sh: line 257: 1530227 Killed                  setsid bash -c "exec '$wlbin' --port $port --resume_file '$resume_f' $params $extra" > "$wlog" 2>&1 < /dev/null
[1234/2243] S050all.perm__hub_subscribed dump=1 restore=na verdict=dump_fail
pbsprobe/pbs_sweep.sh: line 257: 1532227 Killed                  setsid "$BIN_HUB" "${HARGS[@]}" > "$hlog" 2>&1 < /dev/null
pbsprobe/pbs_sweep.sh: line 257: 1532234 Killed                  setsid bash -c "exec '$wlbin' --port $port --resume_file '$resume_f' $params $extra" > "$wlog" 2>&1 < /dev/null
[1235/2243] S050all.perm__render_conn dump=1 restore=na verdict=dump_fail
pbsprobe/pbs_sweep.sh: line 257: 1534314 Killed                  setsid "$BIN_HUB" "${HARGS[@]}" > "$hlog" 2>&1 < /dev/null
pbsprobe/pbs_sweep.sh: line 257: 1534321 Killed                  setsid bash -c "exec '$wlbin' --port $port --resume_file '$resume_f' $params $extra" > "$wlog" 2>&1 < /dev/null
[1236/2243] S050all.perm__tcp_conn dump=1 restore=na verdict=dump_fail
pbsprobe/pbs_sweep.sh: line 257: 1536461 Killed                  setsid "$BIN_HUB" "${HARGS[@]}" > "$hlog" 2>&1 < /dev/null
pbsprobe/pbs_sweep.sh: line 257: 1536468 Killed                  setsid bash -c "exec '$wlbin' --port $port --resume_file '$resume_f' $params $extra" > "$wlog" 2>&1 < /dev/null
[1237/2243] S050all.perm__epoll_open dump=1 restore=na verdict=dump_fail
pbsprobe/pbs_sweep.sh: line 257: 1538672 Killed                  setsid "$BIN_HUB" "${HARGS[@]}" > "$hlog" 2>&1 < /dev/null
pbsprobe/pbs_sweep.sh: line 257: 1538679 Killed                  setsid bash -c "exec '$wlbin' --port $port --resume_file '$resume_f' $params $extra" > "$wlog" 2>&1 < /dev/null
[1238/2243] S050all.perm__svc_listen dump=1 restore=na verdict=dump_fail
pbsprobe/pbs_sweep.sh: line 257: 1540935 Killed                  setsid "$BIN_HUB" "${HARGS[@]}" > "$hlog" 2>&1 < /dev/null
pbsprobe/pbs_sweep.sh: line 257: 1540942 Killed                  setsid bash -c "exec '$wlbin' --port $port --resume_file '$resume_f' $params $extra" > "$wlog" 2>&1 < /dev/null
[1239/2243] S050all.perm__udp_open dump=1 restore=na verdict=dump_fail
pbsprobe/pbs_sweep.sh: line 257: 1543250 Killed                  setsid "$BIN_HUB" "${HARGS[@]}" > "$hlog" 2>&1 < /dev/null
pbsprobe/pbs_sweep.sh: line 257: 1543257 Killed                  setsid bash -c "exec '$wlbin' --port $port --resume_file '$resume_f' $params $extra" > "$wlog" 2>&1 < /dev/null
[1240/2243] S050all.perm__netlink_open dump=1 restore=na verdict=dump_fail
pbsprobe/pbs_sweep.sh: line 257: 1545629 Killed                  setsid "$BIN_HUB" "${HARGS[@]}" > "$hlog" 2>&1 < /dev/null
pbsprobe/pbs_sweep.sh: line 257: 1545636 Killed                  setsid bash -c "exec '$wlbin' --port $port --resume_file '$resume_f' $params $extra" > "$wlog" 2>&1 < /dev/null
[1241/2243] S050all.perm__timer_armed dump=1 restore=na verdict=dump_fail
pbsprobe/pbs_sweep.sh: line 257: 1548040 Killed                  setsid "$BIN_HUB" "${HARGS[@]}" > "$hlog" 2>&1 < /dev/null
pbsprobe/pbs_sweep.sh: line 257: 1548047 Killed                  setsid bash -c "exec '$wlbin' --port $port --resume_file '$resume_f' $params $extra" > "$wlog" 2>&1 < /dev/null
[1242/2243] S050all.perm__db_watch dump=1 restore=na verdict=dump_fail
pbsprobe/pbs_sweep.sh: line 257: 1550519 Killed                  setsid "$BIN_HUB" "${HARGS[@]}" > "$hlog" 2>&1 < /dev/null
pbsprobe/pbs_sweep.sh: line 257: 1550526 Killed                  setsid bash -c "exec '$wlbin' --port $port --resume_file '$resume_f' $params $extra" > "$wlog" 2>&1 < /dev/null
[1243/2243] S050all.perm__db_mmap dump=1 restore=na verdict=dump_fail
pbsprobe/pbs_sweep.sh: line 257: 1553082 Killed                  setsid "$BIN_HUB" "${HARGS[@]}" > "$hlog" 2>&1 < /dev/null
pbsprobe/pbs_sweep.sh: line 257: 1553089 Killed                  setsid bash -c "exec '$wlbin' --port $port --resume_file '$resume_f' $params $extra" > "$wlog" 2>&1 < /dev/null
[1244/2243] S050all.perm__ready dump=1 restore=na verdict=dump_fail
pbsprobe/pbs_sweep.sh: line 257: 1555697 Killed                  setsid "$BIN_HUB" "${HARGS[@]}" > "$hlog" 2>&1 < /dev/null
pbsprobe/pbs_sweep.sh: line 257: 1555704 Killed                  setsid bash -c "exec '$wlbin' --port $port --resume_file '$resume_f' $params $extra" > "$wlog" 2>&1 < /dev/null
[1245/2243] S050all.perm__steady dump=1 restore=na verdict=dump_fail
pbsprobe/pbs_sweep.sh: line 257: 1558377 Killed                  setsid "$BIN_HUB" "${HARGS[@]}" > "$hlog" 2>&1 < /dev/null
pbsprobe/pbs_sweep.sh: line 257: 1558384 Killed                  setsid bash -c "exec '$wlbin' --port $port --resume_file '$resume_f' $params $extra" > "$wlog" 2>&1 < /dev/null
pbsprobe/pbs_sweep.sh: line 296: 1561127 Killed                  setsid bash -c "exec '$wlbin' --port $port --resume_file '$resume_f' $params $extra" > "$wlog" 2>&1 < /dev/null
[1246/2243] S051one_sigpend.stri__init dump=0 restore=0 verdict=ok
pbsprobe/pbs_sweep.sh: line 296: 1562316 Killed                  setsid bash -c "exec '$wlbin' --port $port --resume_file '$resume_f' $params $extra" > "$wlog" 2>&1 < /dev/null
[1247/2243] S051one_sigpend.stri__db_open dump=0 restore=0 verdict=ok
pbsprobe/pbs_sweep.sh: line 296: 1563493 Killed                  setsid bash -c "exec '$wlbin' --port $port --resume_file '$resume_f' $params $extra" > "$wlog" 2>&1 < /dev/null
[1248/2243] S051one_sigpend.stri__sig_pending dump=0 restore=0 verdict=ok
pbsprobe/pbs_sweep.sh: line 296: 1564658 Killed                  setsid bash -c "exec '$wlbin' --port $port --resume_file '$resume_f' $params $extra" > "$wlog" 2>&1 < /dev/null
[1249/2243] S051one_sigpend.stri__epg_index dump=0 restore=0 verdict=ok
[1250/2243] S051one_sigpend.stri__ready dump=1 restore=na verdict=dump_fail
pbsprobe/pbs_sweep.sh: line 257: 1565831 Killed                  setsid bash -c "exec '$wlbin' --port $port --resume_file '$resume_f' $params $extra" > "$wlog" 2>&1 < /dev/null
[1251/2243] S051one_sigpend.stri__steady dump=1 restore=na verdict=dump_fail
pbsprobe/pbs_sweep.sh: line 257: 1567032 Killed                  setsid bash -c "exec '$wlbin' --port $port --resume_file '$resume_f' $params $extra" > "$wlog" 2>&1 < /dev/null
pbsprobe/pbs_sweep.sh: line 296: 1568309 Killed                  setsid bash -c "exec '$wlbin' --port $port --resume_file '$resume_f' $params $extra" > "$wlog" 2>&1 < /dev/null
[1252/2243] S052one_sigpend.ext___init dump=0 restore=0 verdict=ok
pbsprobe/pbs_sweep.sh: line 296: 1569506 Killed                  setsid bash -c "exec '$wlbin' --port $port --resume_file '$resume_f' $params $extra" > "$wlog" 2>&1 < /dev/null
[1253/2243] S052one_sigpend.ext___db_open dump=0 restore=0 verdict=ok
pbsprobe/pbs_sweep.sh: line 296: 1570679 Killed                  setsid bash -c "exec '$wlbin' --port $port --resume_file '$resume_f' $params $extra" > "$wlog" 2>&1 < /dev/null
[1254/2243] S052one_sigpend.ext___sig_pending dump=0 restore=0 verdict=ok
pbsprobe/pbs_sweep.sh: line 296: 1571860 Killed                  setsid bash -c "exec '$wlbin' --port $port --resume_file '$resume_f' $params $extra" > "$wlog" 2>&1 < /dev/null
[1255/2243] S052one_sigpend.ext___epg_index dump=0 restore=0 verdict=ok
[1256/2243] S052one_sigpend.ext___ready dump=1 restore=na verdict=dump_fail
pbsprobe/pbs_sweep.sh: line 257: 1573045 Killed                  setsid bash -c "exec '$wlbin' --port $port --resume_file '$resume_f' $params $extra" > "$wlog" 2>&1 < /dev/null
[1257/2243] S052one_sigpend.ext___steady dump=1 restore=na verdict=dump_fail
pbsprobe/pbs_sweep.sh: line 257: 1574254 Killed                  setsid bash -c "exec '$wlbin' --port $port --resume_file '$resume_f' $params $extra" > "$wlog" 2>&1 < /dev/null
pbsprobe/pbs_sweep.sh: line 296: 1575519 Killed                  setsid bash -c "exec '$wlbin' --port $port --resume_file '$resume_f' $params $extra" > "$wlog" 2>&1 < /dev/null
[1258/2243] S053one_sigpend.tcp___init dump=0 restore=0 verdict=ok
pbsprobe/pbs_sweep.sh: line 296: 1576720 Killed                  setsid bash -c "exec '$wlbin' --port $port --resume_file '$resume_f' $params $extra" > "$wlog" 2>&1 < /dev/null
[1259/2243] S053one_sigpend.tcp___db_open dump=0 restore=0 verdict=ok
pbsprobe/pbs_sweep.sh: line 296: 1577881 Killed                  setsid bash -c "exec '$wlbin' --port $port --resume_file '$resume_f' $params $extra" > "$wlog" 2>&1 < /dev/null
[1260/2243] S053one_sigpend.tcp___sig_pending dump=0 restore=0 verdict=ok
pbsprobe/pbs_sweep.sh: line 296: 1579054 Killed                  setsid bash -c "exec '$wlbin' --port $port --resume_file '$resume_f' $params $extra" > "$wlog" 2>&1 < /dev/null
[1261/2243] S053one_sigpend.tcp___epg_index dump=0 restore=0 verdict=ok
[1262/2243] S053one_sigpend.tcp___ready dump=1 restore=na verdict=dump_fail
pbsprobe/pbs_sweep.sh: line 257: 1580239 Killed                  setsid bash -c "exec '$wlbin' --port $port --resume_file '$resume_f' $params $extra" > "$wlog" 2>&1 < /dev/null
[1263/2243] S053one_sigpend.tcp___steady dump=1 restore=na verdict=dump_fail
pbsprobe/pbs_sweep.sh: line 257: 1581452 Killed                  setsid bash -c "exec '$wlbin' --port $port --resume_file '$resume_f' $params $extra" > "$wlog" 2>&1 < /dev/null
pbsprobe/pbs_sweep.sh: line 296: 1582725 Killed                  setsid bash -c "exec '$wlbin' --port $port --resume_file '$resume_f' $params $extra" > "$wlog" 2>&1 < /dev/null
[1264/2243] S054one_sigpend.file__init dump=0 restore=0 verdict=ok
pbsprobe/pbs_sweep.sh: line 296: 1583922 Killed                  setsid bash -c "exec '$wlbin' --port $port --resume_file '$resume_f' $params $extra" > "$wlog" 2>&1 < /dev/null
[1265/2243] S054one_sigpend.file__db_open dump=0 restore=0 verdict=ok
pbsprobe/pbs_sweep.sh: line 296: 1585095 Killed                  setsid bash -c "exec '$wlbin' --port $port --resume_file '$resume_f' $params $extra" > "$wlog" 2>&1 < /dev/null
[1266/2243] S054one_sigpend.file__sig_pending dump=0 restore=0 verdict=ok
pbsprobe/pbs_sweep.sh: line 296: 1586276 Killed                  setsid bash -c "exec '$wlbin' --port $port --resume_file '$resume_f' $params $extra" > "$wlog" 2>&1 < /dev/null
[1267/2243] S054one_sigpend.file__epg_index dump=0 restore=0 verdict=ok
[1268/2243] S054one_sigpend.file__ready dump=1 restore=na verdict=dump_fail
pbsprobe/pbs_sweep.sh: line 257: 1587421 Killed                  setsid bash -c "exec '$wlbin' --port $port --resume_file '$resume_f' $params $extra" > "$wlog" 2>&1 < /dev/null
[1269/2243] S054one_sigpend.file__steady dump=1 restore=na verdict=dump_fail
pbsprobe/pbs_sweep.sh: line 257: 1588626 Killed                  setsid bash -c "exec '$wlbin' --port $port --resume_file '$resume_f' $params $extra" > "$wlog" 2>&1 < /dev/null
pbsprobe/pbs_sweep.sh: line 296: 1589859 Killed                  setsid bash -c "exec '$wlbin' --port $port --resume_file '$resume_f' $params $extra" > "$wlog" 2>&1 < /dev/null
[1270/2243] S055one_sigpend.perm__init dump=0 restore=0 verdict=ok
pbsprobe/pbs_sweep.sh: line 296: 1591048 Killed                  setsid bash -c "exec '$wlbin' --port $port --resume_file '$resume_f' $params $extra" > "$wlog" 2>&1 < /dev/null
[1271/2243] S055one_sigpend.perm__db_open dump=0 restore=0 verdict=ok
pbsprobe/pbs_sweep.sh: line 296: 1592217 Killed                  setsid bash -c "exec '$wlbin' --port $port --resume_file '$resume_f' $params $extra" > "$wlog" 2>&1 < /dev/null
[1272/2243] S055one_sigpend.perm__sig_pending dump=0 restore=0 verdict=ok
pbsprobe/pbs_sweep.sh: line 296: 1593378 Killed                  setsid bash -c "exec '$wlbin' --port $port --resume_file '$resume_f' $params $extra" > "$wlog" 2>&1 < /dev/null
[1273/2243] S055one_sigpend.perm__epg_index dump=0 restore=0 verdict=ok
[1274/2243] S055one_sigpend.perm__ready dump=1 restore=na verdict=dump_fail
pbsprobe/pbs_sweep.sh: line 257: 1594543 Killed                  setsid bash -c "exec '$wlbin' --port $port --resume_file '$resume_f' $params $extra" > "$wlog" 2>&1 < /dev/null
[1275/2243] S055one_sigpend.perm__steady dump=1 restore=na verdict=dump_fail
pbsprobe/pbs_sweep.sh: line 257: 1595720 Killed                  setsid bash -c "exec '$wlbin' --port $port --resume_file '$resume_f' $params $extra" > "$wlog" 2>&1 < /dev/null
pbsprobe/pbs_sweep.sh: line 296: 1596961 Killed                  setsid bash -c "exec '$wlbin' --port $port --resume_file '$resume_f' $params $extra" > "$wlog" 2>&1 < /dev/null
[1276/2243] S056one_urandom.stri__init dump=0 restore=0 verdict=ok
pbsprobe/pbs_sweep.sh: line 296: 1598054 Killed                  setsid bash -c "exec '$wlbin' --port $port --resume_file '$resume_f' $params $extra" > "$wlog" 2>&1 < /dev/null
[1277/2243] S056one_urandom.stri__db_open dump=0 restore=0 verdict=ok
pbsprobe/pbs_sweep.sh: line 296: 1599131 Killed                  setsid bash -c "exec '$wlbin' --port $port --resume_file '$resume_f' $params $extra" > "$wlog" 2>&1 < /dev/null
[1278/2243] S056one_urandom.stri__dev_urandom dump=0 restore=0 verdict=ok
pbsprobe/pbs_sweep.sh: line 296: 1600212 Killed                  setsid bash -c "exec '$wlbin' --port $port --resume_file '$resume_f' $params $extra" > "$wlog" 2>&1 < /dev/null
[1279/2243] S056one_urandom.stri__epg_index dump=0 restore=0 verdict=ok
[1280/2243] S056one_urandom.stri__ready dump=1 restore=na verdict=dump_fail
pbsprobe/pbs_sweep.sh: line 257: 1601293 Killed                  setsid bash -c "exec '$wlbin' --port $port --resume_file '$resume_f' $params $extra" > "$wlog" 2>&1 < /dev/null
[1281/2243] S056one_urandom.stri__steady dump=1 restore=na verdict=dump_fail
pbsprobe/pbs_sweep.sh: line 257: 1602422 Killed                  setsid bash -c "exec '$wlbin' --port $port --resume_file '$resume_f' $params $extra" > "$wlog" 2>&1 < /dev/null
pbsprobe/pbs_sweep.sh: line 296: 1603571 Killed                  setsid bash -c "exec '$wlbin' --port $port --resume_file '$resume_f' $params $extra" > "$wlog" 2>&1 < /dev/null
[1282/2243] S057one_urandom.ext___init dump=0 restore=0 verdict=ok
pbsprobe/pbs_sweep.sh: line 296: 1604712 Killed                  setsid bash -c "exec '$wlbin' --port $port --resume_file '$resume_f' $params $extra" > "$wlog" 2>&1 < /dev/null
[1283/2243] S057one_urandom.ext___db_open dump=0 restore=0 verdict=ok
pbsprobe/pbs_sweep.sh: line 296: 1605893 Killed                  setsid bash -c "exec '$wlbin' --port $port --resume_file '$resume_f' $params $extra" > "$wlog" 2>&1 < /dev/null
[1284/2243] S057one_urandom.ext___dev_urandom dump=0 restore=0 verdict=ok
pbsprobe/pbs_sweep.sh: line 296: 1607066 Killed                  setsid bash -c "exec '$wlbin' --port $port --resume_file '$resume_f' $params $extra" > "$wlog" 2>&1 < /dev/null
[1285/2243] S057one_urandom.ext___epg_index dump=0 restore=0 verdict=ok
[1286/2243] S057one_urandom.ext___ready dump=1 restore=na verdict=dump_fail
pbsprobe/pbs_sweep.sh: line 257: 1608247 Killed                  setsid bash -c "exec '$wlbin' --port $port --resume_file '$resume_f' $params $extra" > "$wlog" 2>&1 < /dev/null
[1287/2243] S057one_urandom.ext___steady dump=1 restore=na verdict=dump_fail
pbsprobe/pbs_sweep.sh: line 257: 1609452 Killed                  setsid bash -c "exec '$wlbin' --port $port --resume_file '$resume_f' $params $extra" > "$wlog" 2>&1 < /dev/null
pbsprobe/pbs_sweep.sh: line 296: 1610653 Killed                  setsid bash -c "exec '$wlbin' --port $port --resume_file '$resume_f' $params $extra" > "$wlog" 2>&1 < /dev/null
[1288/2243] S058one_urandom.tcp___init dump=0 restore=0 verdict=ok
pbsprobe/pbs_sweep.sh: line 296: 1611842 Killed                  setsid bash -c "exec '$wlbin' --port $port --resume_file '$resume_f' $params $extra" > "$wlog" 2>&1 < /dev/null
[1289/2243] S058one_urandom.tcp___db_open dump=0 restore=0 verdict=ok
pbsprobe/pbs_sweep.sh: line 296: 1612999 Killed                  setsid bash -c "exec '$wlbin' --port $port --resume_file '$resume_f' $params $extra" > "$wlog" 2>&1 < /dev/null
[1290/2243] S058one_urandom.tcp___dev_urandom dump=0 restore=0 verdict=ok
pbsprobe/pbs_sweep.sh: line 296: 1614172 Killed                  setsid bash -c "exec '$wlbin' --port $port --resume_file '$resume_f' $params $extra" > "$wlog" 2>&1 < /dev/null
[1291/2243] S058one_urandom.tcp___epg_index dump=0 restore=0 verdict=ok
[1292/2243] S058one_urandom.tcp___ready dump=1 restore=na verdict=dump_fail
pbsprobe/pbs_sweep.sh: line 257: 1615333 Killed                  setsid bash -c "exec '$wlbin' --port $port --resume_file '$resume_f' $params $extra" > "$wlog" 2>&1 < /dev/null
[1293/2243] S058one_urandom.tcp___steady dump=1 restore=na verdict=dump_fail
pbsprobe/pbs_sweep.sh: line 257: 1616538 Killed                  setsid bash -c "exec '$wlbin' --port $port --resume_file '$resume_f' $params $extra" > "$wlog" 2>&1 < /dev/null
pbsprobe/pbs_sweep.sh: line 296: 1617807 Killed                  setsid bash -c "exec '$wlbin' --port $port --resume_file '$resume_f' $params $extra" > "$wlog" 2>&1 < /dev/null
[1294/2243] S059one_urandom.file__init dump=0 restore=0 verdict=ok
pbsprobe/pbs_sweep.sh: line 296: 1618984 Killed                  setsid bash -c "exec '$wlbin' --port $port --resume_file '$resume_f' $params $extra" > "$wlog" 2>&1 < /dev/null
[1295/2243] S059one_urandom.file__db_open dump=0 restore=0 verdict=ok
pbsprobe/pbs_sweep.sh: line 296: 1620145 Killed                  setsid bash -c "exec '$wlbin' --port $port --resume_file '$resume_f' $params $extra" > "$wlog" 2>&1 < /dev/null
[1296/2243] S059one_urandom.file__dev_urandom dump=0 restore=0 verdict=ok
pbsprobe/pbs_sweep.sh: line 296: 1621270 Killed                  setsid bash -c "exec '$wlbin' --port $port --resume_file '$resume_f' $params $extra" > "$wlog" 2>&1 < /dev/null
[1297/2243] S059one_urandom.file__epg_index dump=0 restore=0 verdict=ok
[1298/2243] S059one_urandom.file__ready dump=1 restore=na verdict=dump_fail
pbsprobe/pbs_sweep.sh: line 257: 1622443 Killed                  setsid bash -c "exec '$wlbin' --port $port --resume_file '$resume_f' $params $extra" > "$wlog" 2>&1 < /dev/null
[1299/2243] S059one_urandom.file__steady dump=1 restore=na verdict=dump_fail
pbsprobe/pbs_sweep.sh: line 257: 1623652 Killed                  setsid bash -c "exec '$wlbin' --port $port --resume_file '$resume_f' $params $extra" > "$wlog" 2>&1 < /dev/null
pbsprobe/pbs_sweep.sh: line 296: 1624921 Killed                  setsid bash -c "exec '$wlbin' --port $port --resume_file '$resume_f' $params $extra" > "$wlog" 2>&1 < /dev/null
[1300/2243] S060one_urandom.perm__init dump=0 restore=0 verdict=ok
pbsprobe/pbs_sweep.sh: line 296: 1626106 Killed                  setsid bash -c "exec '$wlbin' --port $port --resume_file '$resume_f' $params $extra" > "$wlog" 2>&1 < /dev/null
[1301/2243] S060one_urandom.perm__db_open dump=0 restore=0 verdict=ok
pbsprobe/pbs_sweep.sh: line 296: 1627295 Killed                  setsid bash -c "exec '$wlbin' --port $port --resume_file '$resume_f' $params $extra" > "$wlog" 2>&1 < /dev/null
[1302/2243] S060one_urandom.perm__dev_urandom dump=0 restore=0 verdict=ok
pbsprobe/pbs_sweep.sh: line 296: 1628480 Killed                  setsid bash -c "exec '$wlbin' --port $port --resume_file '$resume_f' $params $extra" > "$wlog" 2>&1 < /dev/null
[1303/2243] S060one_urandom.perm__epg_index dump=0 restore=0 verdict=ok
[1304/2243] S060one_urandom.perm__ready dump=1 restore=na verdict=dump_fail
pbsprobe/pbs_sweep.sh: line 257: 1629661 Killed                  setsid bash -c "exec '$wlbin' --port $port --resume_file '$resume_f' $params $extra" > "$wlog" 2>&1 < /dev/null
[1305/2243] S060one_urandom.perm__steady dump=1 restore=na verdict=dump_fail
pbsprobe/pbs_sweep.sh: line 257: 1630858 Killed                  setsid bash -c "exec '$wlbin' --port $port --resume_file '$resume_f' $params $extra" > "$wlog" 2>&1 < /dev/null
pbsprobe/pbs_sweep.sh: line 296: 1632132 Killed                  setsid bash -c "exec '$wlbin' --port $port --resume_file '$resume_f' $params $extra" > "$wlog" 2>&1 < /dev/null
[1306/2243] S061one_log.stri__init dump=0 restore=0 verdict=ok
pbsprobe/pbs_sweep.sh: line 257: 1632125 Killed                  setsid "$BIN_HUB" "${HARGS[@]}" > "$hlog" 2>&1 < /dev/null
[1307/2243] S061one_log.stri__db_open dump=1 restore=na verdict=dump_fail
pbsprobe/pbs_sweep.sh: line 257: 1633319 Killed                  setsid "$BIN_HUB" "${HARGS[@]}" > "$hlog" 2>&1 < /dev/null
pbsprobe/pbs_sweep.sh: line 257: 1633326 Killed                  setsid bash -c "exec '$wlbin' --port $port --resume_file '$resume_f' $params $extra" > "$wlog" 2>&1 < /dev/null
[1308/2243] S061one_log.stri__log_open dump=1 restore=na verdict=dump_fail
pbsprobe/pbs_sweep.sh: line 257: 1633480 Killed                  setsid "$BIN_HUB" "${HARGS[@]}" > "$hlog" 2>&1 < /dev/null
pbsprobe/pbs_sweep.sh: line 257: 1633487 Killed                  setsid bash -c "exec '$wlbin' --port $port --resume_file '$resume_f' $params $extra" > "$wlog" 2>&1 < /dev/null
[1309/2243] S061one_log.stri__epg_index dump=1 restore=na verdict=dump_fail
pbsprobe/pbs_sweep.sh: line 257: 1633581 Killed                  setsid "$BIN_HUB" "${HARGS[@]}" > "$hlog" 2>&1 < /dev/null
pbsprobe/pbs_sweep.sh: line 257: 1633588 Killed                  setsid bash -c "exec '$wlbin' --port $port --resume_file '$resume_f' $params $extra" > "$wlog" 2>&1 < /dev/null
[1310/2243] S061one_log.stri__ready dump=1 restore=na verdict=dump_fail
pbsprobe/pbs_sweep.sh: line 257: 1634442 Killed                  setsid "$BIN_HUB" "${HARGS[@]}" > "$hlog" 2>&1 < /dev/null
pbsprobe/pbs_sweep.sh: line 257: 1634449 Killed                  setsid bash -c "exec '$wlbin' --port $port --resume_file '$resume_f' $params $extra" > "$wlog" 2>&1 < /dev/null
[1311/2243] S061one_log.stri__steady dump=1 restore=na verdict=dump_fail
pbsprobe/pbs_sweep.sh: line 257: 1635652 Killed                  setsid "$BIN_HUB" "${HARGS[@]}" > "$hlog" 2>&1 < /dev/null
pbsprobe/pbs_sweep.sh: line 257: 1635659 Killed                  setsid bash -c "exec '$wlbin' --port $port --resume_file '$resume_f' $params $extra" > "$wlog" 2>&1 < /dev/null
pbsprobe/pbs_sweep.sh: line 296: 1636881 Killed                  setsid bash -c "exec '$wlbin' --port $port --resume_file '$resume_f' $params $extra" > "$wlog" 2>&1 < /dev/null
[1312/2243] S062one_log.ext___init dump=0 restore=0 verdict=ok
pbsprobe/pbs_sweep.sh: line 257: 1636874 Killed                  setsid "$BIN_HUB" "${HARGS[@]}" > "$hlog" 2>&1 < /dev/null
pbsprobe/pbs_sweep.sh: line 296: 1637959 Killed                  setsid bash -c "exec '$wlbin' --port $port --resume_file '$resume_f' $params $extra" > "$wlog" 2>&1 < /dev/null
[1313/2243] S062one_log.ext___db_open dump=0 restore=0 verdict=ok
pbsprobe/pbs_sweep.sh: line 257: 1637952 Killed                  setsid "$BIN_HUB" "${HARGS[@]}" > "$hlog" 2>&1 < /dev/null
pbsprobe/pbs_sweep.sh: line 296: 1639033 Killed                  setsid bash -c "exec '$wlbin' --port $port --resume_file '$resume_f' $params $extra" > "$wlog" 2>&1 < /dev/null
[1314/2243] S062one_log.ext___log_open dump=0 restore=0 verdict=ok
pbsprobe/pbs_sweep.sh: line 257: 1639026 Killed                  setsid "$BIN_HUB" "${HARGS[@]}" > "$hlog" 2>&1 < /dev/null
pbsprobe/pbs_sweep.sh: line 296: 1640099 Killed                  setsid bash -c "exec '$wlbin' --port $port --resume_file '$resume_f' $params $extra" > "$wlog" 2>&1 < /dev/null
[1315/2243] S062one_log.ext___epg_index dump=0 restore=0 verdict=ok
pbsprobe/pbs_sweep.sh: line 257: 1640092 Killed                  setsid "$BIN_HUB" "${HARGS[@]}" > "$hlog" 2>&1 < /dev/null
[1316/2243] S062one_log.ext___ready dump=1 restore=na verdict=dump_fail
pbsprobe/pbs_sweep.sh: line 257: 1641158 Killed                  setsid "$BIN_HUB" "${HARGS[@]}" > "$hlog" 2>&1 < /dev/null
pbsprobe/pbs_sweep.sh: line 257: 1641165 Killed                  setsid bash -c "exec '$wlbin' --port $port --resume_file '$resume_f' $params $extra" > "$wlog" 2>&1 < /dev/null
[1317/2243] S062one_log.ext___steady dump=1 restore=na verdict=dump_fail
pbsprobe/pbs_sweep.sh: line 257: 1642292 Killed                  setsid "$BIN_HUB" "${HARGS[@]}" > "$hlog" 2>&1 < /dev/null
pbsprobe/pbs_sweep.sh: line 257: 1642299 Killed                  setsid bash -c "exec '$wlbin' --port $port --resume_file '$resume_f' $params $extra" > "$wlog" 2>&1 < /dev/null
pbsprobe/pbs_sweep.sh: line 296: 1643473 Killed                  setsid bash -c "exec '$wlbin' --port $port --resume_file '$resume_f' $params $extra" > "$wlog" 2>&1 < /dev/null
[1318/2243] S063one_log.tcp___init dump=0 restore=0 verdict=ok
pbsprobe/pbs_sweep.sh: line 257: 1643466 Killed                  setsid "$BIN_HUB" "${HARGS[@]}" > "$hlog" 2>&1 < /dev/null
[1319/2243] S063one_log.tcp___db_open dump=1 restore=na verdict=dump_fail
pbsprobe/pbs_sweep.sh: line 257: 1644540 Killed                  setsid "$BIN_HUB" "${HARGS[@]}" > "$hlog" 2>&1 < /dev/null
pbsprobe/pbs_sweep.sh: line 257: 1644547 Killed                  setsid bash -c "exec '$wlbin' --port $port --resume_file '$resume_f' $params $extra" > "$wlog" 2>&1 < /dev/null
[1320/2243] S063one_log.tcp___log_open dump=1 restore=na verdict=dump_fail
pbsprobe/pbs_sweep.sh: line 257: 1644693 Killed                  setsid "$BIN_HUB" "${HARGS[@]}" > "$hlog" 2>&1 < /dev/null
pbsprobe/pbs_sweep.sh: line 257: 1644700 Killed                  setsid bash -c "exec '$wlbin' --port $port --resume_file '$resume_f' $params $extra" > "$wlog" 2>&1 < /dev/null
[1321/2243] S063one_log.tcp___epg_index dump=1 restore=na verdict=dump_fail
pbsprobe/pbs_sweep.sh: line 257: 1644794 Killed                  setsid "$BIN_HUB" "${HARGS[@]}" > "$hlog" 2>&1 < /dev/null
pbsprobe/pbs_sweep.sh: line 257: 1644801 Killed                  setsid bash -c "exec '$wlbin' --port $port --resume_file '$resume_f' $params $extra" > "$wlog" 2>&1 < /dev/null
[1322/2243] S063one_log.tcp___ready dump=1 restore=na verdict=dump_fail
pbsprobe/pbs_sweep.sh: line 257: 1645599 Killed                  setsid "$BIN_HUB" "${HARGS[@]}" > "$hlog" 2>&1 < /dev/null
pbsprobe/pbs_sweep.sh: line 257: 1645606 Killed                  setsid bash -c "exec '$wlbin' --port $port --resume_file '$resume_f' $params $extra" > "$wlog" 2>&1 < /dev/null
[1323/2243] S063one_log.tcp___steady dump=1 restore=na verdict=dump_fail
pbsprobe/pbs_sweep.sh: line 257: 1646805 Killed                  setsid "$BIN_HUB" "${HARGS[@]}" > "$hlog" 2>&1 < /dev/null
pbsprobe/pbs_sweep.sh: line 257: 1646812 Killed                  setsid bash -c "exec '$wlbin' --port $port --resume_file '$resume_f' $params $extra" > "$wlog" 2>&1 < /dev/null
pbsprobe/pbs_sweep.sh: line 296: 1648046 Killed                  setsid bash -c "exec '$wlbin' --port $port --resume_file '$resume_f' $params $extra" > "$wlog" 2>&1 < /dev/null
[1324/2243] S064one_log.file__init dump=0 restore=0 verdict=ok
pbsprobe/pbs_sweep.sh: line 257: 1648039 Killed                  setsid "$BIN_HUB" "${HARGS[@]}" > "$hlog" 2>&1 < /dev/null
[1325/2243] S064one_log.file__db_open dump=1 restore=na verdict=dump_fail
pbsprobe/pbs_sweep.sh: line 257: 1649141 Killed                  setsid "$BIN_HUB" "${HARGS[@]}" > "$hlog" 2>&1 < /dev/null
pbsprobe/pbs_sweep.sh: line 257: 1649148 Killed                  setsid bash -c "exec '$wlbin' --port $port --resume_file '$resume_f' $params $extra" > "$wlog" 2>&1 < /dev/null
[1326/2243] S064one_log.file__log_open dump=1 restore=na verdict=dump_fail
pbsprobe/pbs_sweep.sh: line 257: 1649290 Killed                  setsid "$BIN_HUB" "${HARGS[@]}" > "$hlog" 2>&1 < /dev/null
pbsprobe/pbs_sweep.sh: line 257: 1649297 Killed                  setsid bash -c "exec '$wlbin' --port $port --resume_file '$resume_f' $params $extra" > "$wlog" 2>&1 < /dev/null
[1327/2243] S064one_log.file__epg_index dump=1 restore=na verdict=dump_fail
pbsprobe/pbs_sweep.sh: line 257: 1649387 Killed                  setsid "$BIN_HUB" "${HARGS[@]}" > "$hlog" 2>&1 < /dev/null
pbsprobe/pbs_sweep.sh: line 257: 1649394 Killed                  setsid bash -c "exec '$wlbin' --port $port --resume_file '$resume_f' $params $extra" > "$wlog" 2>&1 < /dev/null
[1328/2243] S064one_log.file__ready dump=1 restore=na verdict=dump_fail
pbsprobe/pbs_sweep.sh: line 257: 1650188 Killed                  setsid "$BIN_HUB" "${HARGS[@]}" > "$hlog" 2>&1 < /dev/null
pbsprobe/pbs_sweep.sh: line 257: 1650195 Killed                  setsid bash -c "exec '$wlbin' --port $port --resume_file '$resume_f' $params $extra" > "$wlog" 2>&1 < /dev/null
[1329/2243] S064one_log.file__steady dump=1 restore=na verdict=dump_fail
pbsprobe/pbs_sweep.sh: line 257: 1651306 Killed                  setsid "$BIN_HUB" "${HARGS[@]}" > "$hlog" 2>&1 < /dev/null
pbsprobe/pbs_sweep.sh: line 257: 1651313 Killed                  setsid bash -c "exec '$wlbin' --port $port --resume_file '$resume_f' $params $extra" > "$wlog" 2>&1 < /dev/null
pbsprobe/pbs_sweep.sh: line 296: 1652503 Killed                  setsid bash -c "exec '$wlbin' --port $port --resume_file '$resume_f' $params $extra" > "$wlog" 2>&1 < /dev/null
[1330/2243] S065one_log.perm__init dump=0 restore=0 verdict=ok
pbsprobe/pbs_sweep.sh: line 257: 1652496 Killed                  setsid "$BIN_HUB" "${HARGS[@]}" > "$hlog" 2>&1 < /dev/null
pbsprobe/pbs_sweep.sh: line 296: 1653633 Killed                  setsid bash -c "exec '$wlbin' --port $port --resume_file '$resume_f' $params $extra" > "$wlog" 2>&1 < /dev/null
[1331/2243] S065one_log.perm__db_open dump=0 restore=0 verdict=ok
pbsprobe/pbs_sweep.sh: line 257: 1653626 Killed                  setsid "$BIN_HUB" "${HARGS[@]}" > "$hlog" 2>&1 < /dev/null
pbsprobe/pbs_sweep.sh: line 296: 1654719 Killed                  setsid bash -c "exec '$wlbin' --port $port --resume_file '$resume_f' $params $extra" > "$wlog" 2>&1 < /dev/null
[1332/2243] S065one_log.perm__log_open dump=0 restore=0 verdict=ok
pbsprobe/pbs_sweep.sh: line 257: 1654712 Killed                  setsid "$BIN_HUB" "${HARGS[@]}" > "$hlog" 2>&1 < /dev/null
pbsprobe/pbs_sweep.sh: line 296: 1655813 Killed                  setsid bash -c "exec '$wlbin' --port $port --resume_file '$resume_f' $params $extra" > "$wlog" 2>&1 < /dev/null
[1333/2243] S065one_log.perm__epg_index dump=0 restore=0 verdict=ok
pbsprobe/pbs_sweep.sh: line 257: 1655806 Killed                  setsid "$BIN_HUB" "${HARGS[@]}" > "$hlog" 2>&1 < /dev/null
[1334/2243] S065one_log.perm__ready dump=1 restore=na verdict=dump_fail
pbsprobe/pbs_sweep.sh: line 257: 1656920 Killed                  setsid "$BIN_HUB" "${HARGS[@]}" > "$hlog" 2>&1 < /dev/null
pbsprobe/pbs_sweep.sh: line 257: 1656927 Killed                  setsid bash -c "exec '$wlbin' --port $port --resume_file '$resume_f' $params $extra" > "$wlog" 2>&1 < /dev/null
[1335/2243] S065one_log.perm__steady dump=1 restore=na verdict=dump_fail
pbsprobe/pbs_sweep.sh: line 257: 1658054 Killed                  setsid "$BIN_HUB" "${HARGS[@]}" > "$hlog" 2>&1 < /dev/null
pbsprobe/pbs_sweep.sh: line 257: 1658061 Killed                  setsid bash -c "exec '$wlbin' --port $port --resume_file '$resume_f' $params $extra" > "$wlog" 2>&1 < /dev/null
pbsprobe/pbs_sweep.sh: line 296: 1659234 Killed                  setsid bash -c "exec '$wlbin' --port $port --resume_file '$resume_f' $params $extra" > "$wlog" 2>&1 < /dev/null
[1336/2243] S066one_lockf.stri__init dump=0 restore=0 verdict=ok
pbsprobe/pbs_sweep.sh: line 296: 1660351 Killed                  setsid bash -c "exec '$wlbin' --port $port --resume_file '$resume_f' $params $extra" > "$wlog" 2>&1 < /dev/null
[1337/2243] S066one_lockf.stri__db_open dump=0 restore=0 verdict=ok
[1338/2243] S066one_lockf.stri__db_lock dump=1 restore=na verdict=dump_fail
pbsprobe/pbs_sweep.sh: line 257: 1661452 Killed                  setsid bash -c "exec '$wlbin' --port $port --resume_file '$resume_f' $params $extra" > "$wlog" 2>&1 < /dev/null
[1339/2243] S066one_lockf.stri__epg_index dump=1 restore=na verdict=dump_fail
pbsprobe/pbs_sweep.sh: line 257: 1661600 Killed                  setsid bash -c "exec '$wlbin' --port $port --resume_file '$resume_f' $params $extra" > "$wlog" 2>&1 < /dev/null
[1340/2243] S066one_lockf.stri__ready dump=1 restore=na verdict=dump_fail
pbsprobe/pbs_sweep.sh: line 257: 1662412 Killed                  setsid bash -c "exec '$wlbin' --port $port --resume_file '$resume_f' $params $extra" > "$wlog" 2>&1 < /dev/null
[1341/2243] S066one_lockf.stri__steady dump=1 restore=na verdict=dump_fail
pbsprobe/pbs_sweep.sh: line 257: 1663573 Killed                  setsid bash -c "exec '$wlbin' --port $port --resume_file '$resume_f' $params $extra" > "$wlog" 2>&1 < /dev/null
pbsprobe/pbs_sweep.sh: line 296: 1664782 Killed                  setsid bash -c "exec '$wlbin' --port $port --resume_file '$resume_f' $params $extra" > "$wlog" 2>&1 < /dev/null
[1342/2243] S067one_lockf.ext___init dump=0 restore=0 verdict=ok
pbsprobe/pbs_sweep.sh: line 296: 1665923 Killed                  setsid bash -c "exec '$wlbin' --port $port --resume_file '$resume_f' $params $extra" > "$wlog" 2>&1 < /dev/null
[1343/2243] S067one_lockf.ext___db_open dump=0 restore=0 verdict=ok
[1344/2243] S067one_lockf.ext___db_lock dump=1 restore=na verdict=dump_fail
pbsprobe/pbs_sweep.sh: line 257: 1667052 Killed                  setsid bash -c "exec '$wlbin' --port $port --resume_file '$resume_f' $params $extra" > "$wlog" 2>&1 < /dev/null
[1345/2243] S067one_lockf.ext___epg_index dump=1 restore=na verdict=dump_fail
pbsprobe/pbs_sweep.sh: line 257: 1667200 Killed                  setsid bash -c "exec '$wlbin' --port $port --resume_file '$resume_f' $params $extra" > "$wlog" 2>&1 < /dev/null
[1346/2243] S067one_lockf.ext___ready dump=1 restore=na verdict=dump_fail
pbsprobe/pbs_sweep.sh: line 257: 1668024 Killed                  setsid bash -c "exec '$wlbin' --port $port --resume_file '$resume_f' $params $extra" > "$wlog" 2>&1 < /dev/null
[1347/2243] S067one_lockf.ext___steady dump=1 restore=na verdict=dump_fail
pbsprobe/pbs_sweep.sh: line 257: 1669181 Killed                  setsid bash -c "exec '$wlbin' --port $port --resume_file '$resume_f' $params $extra" > "$wlog" 2>&1 < /dev/null
pbsprobe/pbs_sweep.sh: line 296: 1670390 Killed                  setsid bash -c "exec '$wlbin' --port $port --resume_file '$resume_f' $params $extra" > "$wlog" 2>&1 < /dev/null
[1348/2243] S068one_lockf.tcp___init dump=0 restore=0 verdict=ok
pbsprobe/pbs_sweep.sh: line 296: 1671539 Killed                  setsid bash -c "exec '$wlbin' --port $port --resume_file '$resume_f' $params $extra" > "$wlog" 2>&1 < /dev/null
[1349/2243] S068one_lockf.tcp___db_open dump=0 restore=0 verdict=ok
[1350/2243] S068one_lockf.tcp___db_lock dump=1 restore=na verdict=dump_fail
pbsprobe/pbs_sweep.sh: line 257: 1672668 Killed                  setsid bash -c "exec '$wlbin' --port $port --resume_file '$resume_f' $params $extra" > "$wlog" 2>&1 < /dev/null
[1351/2243] S068one_lockf.tcp___epg_index dump=1 restore=na verdict=dump_fail
pbsprobe/pbs_sweep.sh: line 257: 1672816 Killed                  setsid bash -c "exec '$wlbin' --port $port --resume_file '$resume_f' $params $extra" > "$wlog" 2>&1 < /dev/null
[1352/2243] S068one_lockf.tcp___ready dump=1 restore=na verdict=dump_fail
pbsprobe/pbs_sweep.sh: line 257: 1673628 Killed                  setsid bash -c "exec '$wlbin' --port $port --resume_file '$resume_f' $params $extra" > "$wlog" 2>&1 < /dev/null
[1353/2243] S068one_lockf.tcp___steady dump=1 restore=na verdict=dump_fail
pbsprobe/pbs_sweep.sh: line 257: 1674789 Killed                  setsid bash -c "exec '$wlbin' --port $port --resume_file '$resume_f' $params $extra" > "$wlog" 2>&1 < /dev/null
pbsprobe/pbs_sweep.sh: line 296: 1676002 Killed                  setsid bash -c "exec '$wlbin' --port $port --resume_file '$resume_f' $params $extra" > "$wlog" 2>&1 < /dev/null
[1354/2243] S069one_lockf.file__init dump=0 restore=0 verdict=ok
pbsprobe/pbs_sweep.sh: line 296: 1677143 Killed                  setsid bash -c "exec '$wlbin' --port $port --resume_file '$resume_f' $params $extra" > "$wlog" 2>&1 < /dev/null
[1355/2243] S069one_lockf.file__db_open dump=0 restore=0 verdict=ok
pbsprobe/pbs_sweep.sh: line 296: 1678268 Killed                  setsid bash -c "exec '$wlbin' --port $port --resume_file '$resume_f' $params $extra" > "$wlog" 2>&1 < /dev/null
[1356/2243] S069one_lockf.file__db_lock dump=0 restore=0 verdict=ok
pbsprobe/pbs_sweep.sh: line 296: 1679365 Killed                  setsid bash -c "exec '$wlbin' --port $port --resume_file '$resume_f' $params $extra" > "$wlog" 2>&1 < /dev/null
[1357/2243] S069one_lockf.file__epg_index dump=0 restore=0 verdict=ok
[1358/2243] S069one_lockf.file__ready dump=1 restore=na verdict=dump_fail
pbsprobe/pbs_sweep.sh: line 257: 1680486 Killed                  setsid bash -c "exec '$wlbin' --port $port --resume_file '$resume_f' $params $extra" > "$wlog" 2>&1 < /dev/null
[1359/2243] S069one_lockf.file__steady dump=1 restore=na verdict=dump_fail
pbsprobe/pbs_sweep.sh: line 257: 1681635 Killed                  setsid bash -c "exec '$wlbin' --port $port --resume_file '$resume_f' $params $extra" > "$wlog" 2>&1 < /dev/null
pbsprobe/pbs_sweep.sh: line 296: 1682844 Killed                  setsid bash -c "exec '$wlbin' --port $port --resume_file '$resume_f' $params $extra" > "$wlog" 2>&1 < /dev/null
[1360/2243] S070one_lockf.perm__init dump=0 restore=0 verdict=ok
pbsprobe/pbs_sweep.sh: line 296: 1683989 Killed                  setsid bash -c "exec '$wlbin' --port $port --resume_file '$resume_f' $params $extra" > "$wlog" 2>&1 < /dev/null
[1361/2243] S070one_lockf.perm__db_open dump=0 restore=0 verdict=ok
pbsprobe/pbs_sweep.sh: line 296: 1685114 Killed                  setsid bash -c "exec '$wlbin' --port $port --resume_file '$resume_f' $params $extra" > "$wlog" 2>&1 < /dev/null
[1362/2243] S070one_lockf.perm__db_lock dump=0 restore=0 verdict=ok
pbsprobe/pbs_sweep.sh: line 296: 1686243 Killed                  setsid bash -c "exec '$wlbin' --port $port --resume_file '$resume_f' $params $extra" > "$wlog" 2>&1 < /dev/null
[1363/2243] S070one_lockf.perm__epg_index dump=0 restore=0 verdict=ok
[1364/2243] S070one_lockf.perm__ready dump=1 restore=na verdict=dump_fail
pbsprobe/pbs_sweep.sh: line 257: 1687380 Killed                  setsid bash -c "exec '$wlbin' --port $port --resume_file '$resume_f' $params $extra" > "$wlog" 2>&1 < /dev/null
[1365/2243] S070one_lockf.perm__steady dump=1 restore=na verdict=dump_fail
pbsprobe/pbs_sweep.sh: line 257: 1688533 Killed                  setsid bash -c "exec '$wlbin' --port $port --resume_file '$resume_f' $params $extra" > "$wlog" 2>&1 < /dev/null
pbsprobe/pbs_sweep.sh: line 296: 1689738 Killed                  setsid bash -c "exec '$wlbin' --port $port --resume_file '$resume_f' $params $extra" > "$wlog" 2>&1 < /dev/null
[1366/2243] S071one_lockp.stri__init dump=0 restore=0 verdict=ok
pbsprobe/pbs_sweep.sh: line 296: 1690871 Killed                  setsid bash -c "exec '$wlbin' --port $port --resume_file '$resume_f' $params $extra" > "$wlog" 2>&1 < /dev/null
[1367/2243] S071one_lockp.stri__db_open dump=0 restore=0 verdict=ok
[1368/2243] S071one_lockp.stri__db_lock dump=1 restore=na verdict=dump_fail
pbsprobe/pbs_sweep.sh: line 257: 1692004 Killed                  setsid bash -c "exec '$wlbin' --port $port --resume_file '$resume_f' $params $extra" > "$wlog" 2>&1 < /dev/null
[1369/2243] S071one_lockp.stri__epg_index dump=1 restore=na verdict=dump_fail
pbsprobe/pbs_sweep.sh: line 257: 1692152 Killed                  setsid bash -c "exec '$wlbin' --port $port --resume_file '$resume_f' $params $extra" > "$wlog" 2>&1 < /dev/null
[1370/2243] S071one_lockp.stri__ready dump=1 restore=na verdict=dump_fail
pbsprobe/pbs_sweep.sh: line 257: 1692972 Killed                  setsid bash -c "exec '$wlbin' --port $port --resume_file '$resume_f' $params $extra" > "$wlog" 2>&1 < /dev/null
[1371/2243] S071one_lockp.stri__steady dump=1 restore=na verdict=dump_fail
pbsprobe/pbs_sweep.sh: line 257: 1694141 Killed                  setsid bash -c "exec '$wlbin' --port $port --resume_file '$resume_f' $params $extra" > "$wlog" 2>&1 < /dev/null
pbsprobe/pbs_sweep.sh: line 296: 1695350 Killed                  setsid bash -c "exec '$wlbin' --port $port --resume_file '$resume_f' $params $extra" > "$wlog" 2>&1 < /dev/null
[1372/2243] S072one_lockp.ext___init dump=0 restore=0 verdict=ok
pbsprobe/pbs_sweep.sh: line 296: 1696487 Killed                  setsid bash -c "exec '$wlbin' --port $port --resume_file '$resume_f' $params $extra" > "$wlog" 2>&1 < /dev/null
[1373/2243] S072one_lockp.ext___db_open dump=0 restore=0 verdict=ok
[1374/2243] S072one_lockp.ext___db_lock dump=1 restore=na verdict=dump_fail
pbsprobe/pbs_sweep.sh: line 257: 1697616 Killed                  setsid bash -c "exec '$wlbin' --port $port --resume_file '$resume_f' $params $extra" > "$wlog" 2>&1 < /dev/null
[1375/2243] S072one_lockp.ext___epg_index dump=1 restore=na verdict=dump_fail
pbsprobe/pbs_sweep.sh: line 257: 1697764 Killed                  setsid bash -c "exec '$wlbin' --port $port --resume_file '$resume_f' $params $extra" > "$wlog" 2>&1 < /dev/null
[1376/2243] S072one_lockp.ext___ready dump=1 restore=na verdict=dump_fail
pbsprobe/pbs_sweep.sh: line 257: 1698580 Killed                  setsid bash -c "exec '$wlbin' --port $port --resume_file '$resume_f' $params $extra" > "$wlog" 2>&1 < /dev/null
[1377/2243] S072one_lockp.ext___steady dump=1 restore=na verdict=dump_fail
pbsprobe/pbs_sweep.sh: line 257: 1699737 Killed                  setsid bash -c "exec '$wlbin' --port $port --resume_file '$resume_f' $params $extra" > "$wlog" 2>&1 < /dev/null
pbsprobe/pbs_sweep.sh: line 296: 1700950 Killed                  setsid bash -c "exec '$wlbin' --port $port --resume_file '$resume_f' $params $extra" > "$wlog" 2>&1 < /dev/null
[1378/2243] S073one_lockp.tcp___init dump=0 restore=0 verdict=ok
pbsprobe/pbs_sweep.sh: line 296: 1702087 Killed                  setsid bash -c "exec '$wlbin' --port $port --resume_file '$resume_f' $params $extra" > "$wlog" 2>&1 < /dev/null
[1379/2243] S073one_lockp.tcp___db_open dump=0 restore=0 verdict=ok
[1380/2243] S073one_lockp.tcp___db_lock dump=1 restore=na verdict=dump_fail
pbsprobe/pbs_sweep.sh: line 257: 1703220 Killed                  setsid bash -c "exec '$wlbin' --port $port --resume_file '$resume_f' $params $extra" > "$wlog" 2>&1 < /dev/null
[1381/2243] S073one_lockp.tcp___epg_index dump=1 restore=na verdict=dump_fail
pbsprobe/pbs_sweep.sh: line 257: 1703368 Killed                  setsid bash -c "exec '$wlbin' --port $port --resume_file '$resume_f' $params $extra" > "$wlog" 2>&1 < /dev/null
[1382/2243] S073one_lockp.tcp___ready dump=1 restore=na verdict=dump_fail
pbsprobe/pbs_sweep.sh: line 257: 1704192 Killed                  setsid bash -c "exec '$wlbin' --port $port --resume_file '$resume_f' $params $extra" > "$wlog" 2>&1 < /dev/null
[1383/2243] S073one_lockp.tcp___steady dump=1 restore=na verdict=dump_fail
pbsprobe/pbs_sweep.sh: line 257: 1705361 Killed                  setsid bash -c "exec '$wlbin' --port $port --resume_file '$resume_f' $params $extra" > "$wlog" 2>&1 < /dev/null
pbsprobe/pbs_sweep.sh: line 296: 1706626 Killed                  setsid bash -c "exec '$wlbin' --port $port --resume_file '$resume_f' $params $extra" > "$wlog" 2>&1 < /dev/null
[1384/2243] S074one_lockp.file__init dump=0 restore=0 verdict=ok
pbsprobe/pbs_sweep.sh: line 296: 1707767 Killed                  setsid bash -c "exec '$wlbin' --port $port --resume_file '$resume_f' $params $extra" > "$wlog" 2>&1 < /dev/null
[1385/2243] S074one_lockp.file__db_open dump=0 restore=0 verdict=ok
pbsprobe/pbs_sweep.sh: line 296: 1708936 Killed                  setsid bash -c "exec '$wlbin' --port $port --resume_file '$resume_f' $params $extra" > "$wlog" 2>&1 < /dev/null
[1386/2243] S074one_lockp.file__db_lock dump=0 restore=0 verdict=ok
pbsprobe/pbs_sweep.sh: line 296: 1710073 Killed                  setsid bash -c "exec '$wlbin' --port $port --resume_file '$resume_f' $params $extra" > "$wlog" 2>&1 < /dev/null
[1387/2243] S074one_lockp.file__epg_index dump=0 restore=0 verdict=ok
[1388/2243] S074one_lockp.file__ready dump=1 restore=na verdict=dump_fail
pbsprobe/pbs_sweep.sh: line 257: 1711170 Killed                  setsid bash -c "exec '$wlbin' --port $port --resume_file '$resume_f' $params $extra" > "$wlog" 2>&1 < /dev/null
[1389/2243] S074one_lockp.file__steady dump=1 restore=na verdict=dump_fail
pbsprobe/pbs_sweep.sh: line 257: 1712355 Killed                  setsid bash -c "exec '$wlbin' --port $port --resume_file '$resume_f' $params $extra" > "$wlog" 2>&1 < /dev/null
pbsprobe/pbs_sweep.sh: line 296: 1713620 Killed                  setsid bash -c "exec '$wlbin' --port $port --resume_file '$resume_f' $params $extra" > "$wlog" 2>&1 < /dev/null
[1390/2243] S075one_lockp.perm__init dump=0 restore=0 verdict=ok
pbsprobe/pbs_sweep.sh: line 296: 1714817 Killed                  setsid bash -c "exec '$wlbin' --port $port --resume_file '$resume_f' $params $extra" > "$wlog" 2>&1 < /dev/null
[1391/2243] S075one_lockp.perm__db_open dump=0 restore=0 verdict=ok
pbsprobe/pbs_sweep.sh: line 296: 1715986 Killed                  setsid bash -c "exec '$wlbin' --port $port --resume_file '$resume_f' $params $extra" > "$wlog" 2>&1 < /dev/null
[1392/2243] S075one_lockp.perm__db_lock dump=0 restore=0 verdict=ok
pbsprobe/pbs_sweep.sh: line 296: 1717143 Killed                  setsid bash -c "exec '$wlbin' --port $port --resume_file '$resume_f' $params $extra" > "$wlog" 2>&1 < /dev/null
[1393/2243] S075one_lockp.perm__epg_index dump=0 restore=0 verdict=ok
[1394/2243] S075one_lockp.perm__ready dump=1 restore=na verdict=dump_fail
pbsprobe/pbs_sweep.sh: line 257: 1718312 Killed                  setsid bash -c "exec '$wlbin' --port $port --resume_file '$resume_f' $params $extra" > "$wlog" 2>&1 < /dev/null
[1395/2243] S075one_lockp.perm__steady dump=1 restore=na verdict=dump_fail
pbsprobe/pbs_sweep.sh: line 257: 1719497 Killed                  setsid bash -c "exec '$wlbin' --port $port --resume_file '$resume_f' $params $extra" > "$wlog" 2>&1 < /dev/null
pbsprobe/pbs_sweep.sh: line 296: 1720758 Killed                  setsid bash -c "exec '$wlbin' --port $port --resume_file '$resume_f' $params $extra" > "$wlog" 2>&1 < /dev/null
[1396/2243] S076one_thread.stri__init dump=0 restore=0 verdict=ok
pbsprobe/pbs_sweep.sh: line 296: 1722123 Killed                  setsid bash -c "exec '$wlbin' --port $port --resume_file '$resume_f' $params $extra" > "$wlog" 2>&1 < /dev/null
[1397/2243] S076one_thread.stri__db_open dump=0 restore=0 verdict=ok
pbsprobe/pbs_sweep.sh: line 296: 1723472 Killed                  setsid bash -c "exec '$wlbin' --port $port --resume_file '$resume_f' $params $extra" > "$wlog" 2>&1 < /dev/null
[1398/2243] S076one_thread.stri__thread4 dump=0 restore=0 verdict=ok
pbsprobe/pbs_sweep.sh: line 296: 1724817 Killed                  setsid bash -c "exec '$wlbin' --port $port --resume_file '$resume_f' $params $extra" > "$wlog" 2>&1 < /dev/null
[1399/2243] S076one_thread.stri__epg_index dump=0 restore=0 verdict=ok
[1400/2243] S076one_thread.stri__ready dump=1 restore=na verdict=dump_fail
pbsprobe/pbs_sweep.sh: line 257: 1726158 Killed                  setsid bash -c "exec '$wlbin' --port $port --resume_file '$resume_f' $params $extra" > "$wlog" 2>&1 < /dev/null
[1401/2243] S076one_thread.stri__steady dump=1 restore=na verdict=dump_fail
pbsprobe/pbs_sweep.sh: line 257: 1727527 Killed                  setsid bash -c "exec '$wlbin' --port $port --resume_file '$resume_f' $params $extra" > "$wlog" 2>&1 < /dev/null
pbsprobe/pbs_sweep.sh: line 296: 1728900 Killed                  setsid bash -c "exec '$wlbin' --port $port --resume_file '$resume_f' $params $extra" > "$wlog" 2>&1 < /dev/null
[1402/2243] S077one_thread.ext___init dump=0 restore=0 verdict=ok
pbsprobe/pbs_sweep.sh: line 296: 1730265 Killed                  setsid bash -c "exec '$wlbin' --port $port --resume_file '$resume_f' $params $extra" > "$wlog" 2>&1 < /dev/null
[1403/2243] S077one_thread.ext___db_open dump=0 restore=0 verdict=ok
pbsprobe/pbs_sweep.sh: line 296: 1731622 Killed                  setsid bash -c "exec '$wlbin' --port $port --resume_file '$resume_f' $params $extra" > "$wlog" 2>&1 < /dev/null
[1404/2243] S077one_thread.ext___thread4 dump=0 restore=0 verdict=ok
pbsprobe/pbs_sweep.sh: line 296: 1732971 Killed                  setsid bash -c "exec '$wlbin' --port $port --resume_file '$resume_f' $params $extra" > "$wlog" 2>&1 < /dev/null
[1405/2243] S077one_thread.ext___epg_index dump=0 restore=0 verdict=ok
[1406/2243] S077one_thread.ext___ready dump=1 restore=na verdict=dump_fail
pbsprobe/pbs_sweep.sh: line 257: 1734312 Killed                  setsid bash -c "exec '$wlbin' --port $port --resume_file '$resume_f' $params $extra" > "$wlog" 2>&1 < /dev/null
[1407/2243] S077one_thread.ext___steady dump=1 restore=na verdict=dump_fail
pbsprobe/pbs_sweep.sh: line 257: 1735693 Killed                  setsid bash -c "exec '$wlbin' --port $port --resume_file '$resume_f' $params $extra" > "$wlog" 2>&1 < /dev/null
pbsprobe/pbs_sweep.sh: line 296: 1737122 Killed                  setsid bash -c "exec '$wlbin' --port $port --resume_file '$resume_f' $params $extra" > "$wlog" 2>&1 < /dev/null
[1408/2243] S078one_thread.tcp___init dump=0 restore=0 verdict=ok
pbsprobe/pbs_sweep.sh: line 296: 1738483 Killed                  setsid bash -c "exec '$wlbin' --port $port --resume_file '$resume_f' $params $extra" > "$wlog" 2>&1 < /dev/null
[1409/2243] S078one_thread.tcp___db_open dump=0 restore=0 verdict=ok
pbsprobe/pbs_sweep.sh: line 296: 1739836 Killed                  setsid bash -c "exec '$wlbin' --port $port --resume_file '$resume_f' $params $extra" > "$wlog" 2>&1 < /dev/null
[1410/2243] S078one_thread.tcp___thread4 dump=0 restore=0 verdict=ok
pbsprobe/pbs_sweep.sh: line 296: 1741181 Killed                  setsid bash -c "exec '$wlbin' --port $port --resume_file '$resume_f' $params $extra" > "$wlog" 2>&1 < /dev/null
[1411/2243] S078one_thread.tcp___epg_index dump=0 restore=0 verdict=ok
[1412/2243] S078one_thread.tcp___ready dump=1 restore=na verdict=dump_fail
pbsprobe/pbs_sweep.sh: line 257: 1742534 Killed                  setsid bash -c "exec '$wlbin' --port $port --resume_file '$resume_f' $params $extra" > "$wlog" 2>&1 < /dev/null
[1413/2243] S078one_thread.tcp___steady dump=1 restore=na verdict=dump_fail
pbsprobe/pbs_sweep.sh: line 257: 1743915 Killed                  setsid bash -c "exec '$wlbin' --port $port --resume_file '$resume_f' $params $extra" > "$wlog" 2>&1 < /dev/null
pbsprobe/pbs_sweep.sh: line 296: 1745356 Killed                  setsid bash -c "exec '$wlbin' --port $port --resume_file '$resume_f' $params $extra" > "$wlog" 2>&1 < /dev/null
[1414/2243] S079one_thread.file__init dump=0 restore=0 verdict=ok
pbsprobe/pbs_sweep.sh: line 296: 1746717 Killed                  setsid bash -c "exec '$wlbin' --port $port --resume_file '$resume_f' $params $extra" > "$wlog" 2>&1 < /dev/null
[1415/2243] S079one_thread.file__db_open dump=0 restore=0 verdict=ok
pbsprobe/pbs_sweep.sh: line 296: 1748070 Killed                  setsid bash -c "exec '$wlbin' --port $port --resume_file '$resume_f' $params $extra" > "$wlog" 2>&1 < /dev/null
[1416/2243] S079one_thread.file__thread4 dump=0 restore=0 verdict=ok
pbsprobe/pbs_sweep.sh: line 296: 1749419 Killed                  setsid bash -c "exec '$wlbin' --port $port --resume_file '$resume_f' $params $extra" > "$wlog" 2>&1 < /dev/null
[1417/2243] S079one_thread.file__epg_index dump=0 restore=0 verdict=ok
[1418/2243] S079one_thread.file__ready dump=1 restore=na verdict=dump_fail
pbsprobe/pbs_sweep.sh: line 257: 1750768 Killed                  setsid bash -c "exec '$wlbin' --port $port --resume_file '$resume_f' $params $extra" > "$wlog" 2>&1 < /dev/null
[1419/2243] S079one_thread.file__steady dump=1 restore=na verdict=dump_fail
pbsprobe/pbs_sweep.sh: line 257: 1752125 Killed                  setsid bash -c "exec '$wlbin' --port $port --resume_file '$resume_f' $params $extra" > "$wlog" 2>&1 < /dev/null
pbsprobe/pbs_sweep.sh: line 296: 1753562 Killed                  setsid bash -c "exec '$wlbin' --port $port --resume_file '$resume_f' $params $extra" > "$wlog" 2>&1 < /dev/null
[1420/2243] S080one_thread.perm__init dump=0 restore=0 verdict=ok
pbsprobe/pbs_sweep.sh: line 296: 1754931 Killed                  setsid bash -c "exec '$wlbin' --port $port --resume_file '$resume_f' $params $extra" > "$wlog" 2>&1 < /dev/null
[1421/2243] S080one_thread.perm__db_open dump=0 restore=0 verdict=ok
pbsprobe/pbs_sweep.sh: line 296: 1756284 Killed                  setsid bash -c "exec '$wlbin' --port $port --resume_file '$resume_f' $params $extra" > "$wlog" 2>&1 < /dev/null
[1422/2243] S080one_thread.perm__thread4 dump=0 restore=0 verdict=ok
pbsprobe/pbs_sweep.sh: line 296: 1757633 Killed                  setsid bash -c "exec '$wlbin' --port $port --resume_file '$resume_f' $params $extra" > "$wlog" 2>&1 < /dev/null
[1423/2243] S080one_thread.perm__epg_index dump=0 restore=0 verdict=ok
[1424/2243] S080one_thread.perm__ready dump=1 restore=na verdict=dump_fail
pbsprobe/pbs_sweep.sh: line 257: 1758986 Killed                  setsid bash -c "exec '$wlbin' --port $port --resume_file '$resume_f' $params $extra" > "$wlog" 2>&1 < /dev/null
[1425/2243] S080one_thread.perm__steady dump=1 restore=na verdict=dump_fail
pbsprobe/pbs_sweep.sh: line 257: 1760371 Killed                  setsid bash -c "exec '$wlbin' --port $port --resume_file '$resume_f' $params $extra" > "$wlog" 2>&1 < /dev/null
pbsprobe/pbs_sweep.sh: line 296: 1761804 Killed                  setsid bash -c "exec '$wlbin' --port $port --resume_file '$resume_f' $params $extra" > "$wlog" 2>&1 < /dev/null
[1426/2243] S081one_child.stri__init dump=0 restore=0 verdict=ok
pbsprobe/pbs_sweep.sh: line 296: 1762978 Killed                  setsid bash -c "exec '$wlbin' --port $port --resume_file '$resume_f' $params $extra" > "$wlog" 2>&1 < /dev/null
[1427/2243] S081one_child.stri__db_open dump=0 restore=0 verdict=ok
pbsprobe/pbs_sweep.sh: line 296: 1764108 Killed                  setsid bash -c "exec '$wlbin' --port $port --resume_file '$resume_f' $params $extra" > "$wlog" 2>&1 < /dev/null
[1428/2243] S081one_child.stri__helper_forked dump=0 restore=0 verdict=ok
pbsprobe/pbs_sweep.sh: line 296: 1765214 Killed                  setsid bash -c "exec '$wlbin' --port $port --resume_file '$resume_f' $params $extra" > "$wlog" 2>&1 < /dev/null
[1429/2243] S081one_child.stri__epg_index dump=0 restore=0 verdict=ok
[1430/2243] S081one_child.stri__ready dump=1 restore=na verdict=dump_fail
pbsprobe/pbs_sweep.sh: line 257: 1766328 Killed                  setsid bash -c "exec '$wlbin' --port $port --resume_file '$resume_f' $params $extra" > "$wlog" 2>&1 < /dev/null
[1431/2243] S081one_child.stri__steady dump=1 restore=na verdict=dump_fail
pbsprobe/pbs_sweep.sh: line 257: 1767454 Killed                  setsid bash -c "exec '$wlbin' --port $port --resume_file '$resume_f' $params $extra" > "$wlog" 2>&1 < /dev/null
pbsprobe/pbs_sweep.sh: line 296: 1768648 Killed                  setsid bash -c "exec '$wlbin' --port $port --resume_file '$resume_f' $params $extra" > "$wlog" 2>&1 < /dev/null
[1432/2243] S082one_child.ext___init dump=0 restore=0 verdict=ok
pbsprobe/pbs_sweep.sh: line 296: 1769814 Killed                  setsid bash -c "exec '$wlbin' --port $port --resume_file '$resume_f' $params $extra" > "$wlog" 2>&1 < /dev/null
[1433/2243] S082one_child.ext___db_open dump=0 restore=0 verdict=ok
pbsprobe/pbs_sweep.sh: line 296: 1770972 Killed                  setsid bash -c "exec '$wlbin' --port $port --resume_file '$resume_f' $params $extra" > "$wlog" 2>&1 < /dev/null
[1434/2243] S082one_child.ext___helper_forked dump=0 restore=0 verdict=ok
pbsprobe/pbs_sweep.sh: line 296: 1772118 Killed                  setsid bash -c "exec '$wlbin' --port $port --resume_file '$resume_f' $params $extra" > "$wlog" 2>&1 < /dev/null
[1435/2243] S082one_child.ext___epg_index dump=0 restore=0 verdict=ok
[1436/2243] S082one_child.ext___ready dump=1 restore=na verdict=dump_fail
pbsprobe/pbs_sweep.sh: line 257: 1773280 Killed                  setsid bash -c "exec '$wlbin' --port $port --resume_file '$resume_f' $params $extra" > "$wlog" 2>&1 < /dev/null
[1437/2243] S082one_child.ext___steady dump=1 restore=na verdict=dump_fail
pbsprobe/pbs_sweep.sh: line 257: 1774486 Killed                  setsid bash -c "exec '$wlbin' --port $port --resume_file '$resume_f' $params $extra" > "$wlog" 2>&1 < /dev/null
pbsprobe/pbs_sweep.sh: line 296: 1775752 Killed                  setsid bash -c "exec '$wlbin' --port $port --resume_file '$resume_f' $params $extra" > "$wlog" 2>&1 < /dev/null
[1438/2243] S083one_child.tcp___init dump=0 restore=0 verdict=ok
pbsprobe/pbs_sweep.sh: line 296: 1776946 Killed                  setsid bash -c "exec '$wlbin' --port $port --resume_file '$resume_f' $params $extra" > "$wlog" 2>&1 < /dev/null
[1439/2243] S083one_child.tcp___db_open dump=0 restore=0 verdict=ok
pbsprobe/pbs_sweep.sh: line 296: 1778112 Killed                  setsid bash -c "exec '$wlbin' --port $port --resume_file '$resume_f' $params $extra" > "$wlog" 2>&1 < /dev/null
[1440/2243] S083one_child.tcp___helper_forked dump=0 restore=0 verdict=ok
pbsprobe/pbs_sweep.sh: line 296: 1779294 Killed                  setsid bash -c "exec '$wlbin' --port $port --resume_file '$resume_f' $params $extra" > "$wlog" 2>&1 < /dev/null
[1441/2243] S083one_child.tcp___epg_index dump=0 restore=0 verdict=ok
[1442/2243] S083one_child.tcp___ready dump=1 restore=na verdict=dump_fail
pbsprobe/pbs_sweep.sh: line 257: 1780464 Killed                  setsid bash -c "exec '$wlbin' --port $port --resume_file '$resume_f' $params $extra" > "$wlog" 2>&1 < /dev/null
[1443/2243] S083one_child.tcp___steady dump=1 restore=na verdict=dump_fail
pbsprobe/pbs_sweep.sh: line 257: 1781662 Killed                  setsid bash -c "exec '$wlbin' --port $port --resume_file '$resume_f' $params $extra" > "$wlog" 2>&1 < /dev/null
pbsprobe/pbs_sweep.sh: line 296: 1782928 Killed                  setsid bash -c "exec '$wlbin' --port $port --resume_file '$resume_f' $params $extra" > "$wlog" 2>&1 < /dev/null
[1444/2243] S084one_child.file__init dump=0 restore=0 verdict=ok
pbsprobe/pbs_sweep.sh: line 296: 1784122 Killed                  setsid bash -c "exec '$wlbin' --port $port --resume_file '$resume_f' $params $extra" > "$wlog" 2>&1 < /dev/null
[1445/2243] S084one_child.file__db_open dump=0 restore=0 verdict=ok
pbsprobe/pbs_sweep.sh: line 296: 1785288 Killed                  setsid bash -c "exec '$wlbin' --port $port --resume_file '$resume_f' $params $extra" > "$wlog" 2>&1 < /dev/null
[1446/2243] S084one_child.file__helper_forked dump=0 restore=0 verdict=ok
pbsprobe/pbs_sweep.sh: line 296: 1786466 Killed                  setsid bash -c "exec '$wlbin' --port $port --resume_file '$resume_f' $params $extra" > "$wlog" 2>&1 < /dev/null
[1447/2243] S084one_child.file__epg_index dump=0 restore=0 verdict=ok
[1448/2243] S084one_child.file__ready dump=1 restore=na verdict=dump_fail
pbsprobe/pbs_sweep.sh: line 257: 1787640 Killed                  setsid bash -c "exec '$wlbin' --port $port --resume_file '$resume_f' $params $extra" > "$wlog" 2>&1 < /dev/null
[1449/2243] S084one_child.file__steady dump=1 restore=na verdict=dump_fail
pbsprobe/pbs_sweep.sh: line 257: 1788850 Killed                  setsid bash -c "exec '$wlbin' --port $port --resume_file '$resume_f' $params $extra" > "$wlog" 2>&1 < /dev/null
pbsprobe/pbs_sweep.sh: line 296: 1790108 Killed                  setsid bash -c "exec '$wlbin' --port $port --resume_file '$resume_f' $params $extra" > "$wlog" 2>&1 < /dev/null
[1450/2243] S085one_child.perm__init dump=0 restore=0 verdict=ok
pbsprobe/pbs_sweep.sh: line 296: 1791302 Killed                  setsid bash -c "exec '$wlbin' --port $port --resume_file '$resume_f' $params $extra" > "$wlog" 2>&1 < /dev/null
[1451/2243] S085one_child.perm__db_open dump=0 restore=0 verdict=ok
pbsprobe/pbs_sweep.sh: line 296: 1792472 Killed                  setsid bash -c "exec '$wlbin' --port $port --resume_file '$resume_f' $params $extra" > "$wlog" 2>&1 < /dev/null
[1452/2243] S085one_child.perm__helper_forked dump=0 restore=0 verdict=ok
pbsprobe/pbs_sweep.sh: line 296: 1793638 Killed                  setsid bash -c "exec '$wlbin' --port $port --resume_file '$resume_f' $params $extra" > "$wlog" 2>&1 < /dev/null
[1453/2243] S085one_child.perm__epg_index dump=0 restore=0 verdict=ok
[1454/2243] S085one_child.perm__ready dump=1 restore=na verdict=dump_fail
pbsprobe/pbs_sweep.sh: line 257: 1794804 Killed                  setsid bash -c "exec '$wlbin' --port $port --resume_file '$resume_f' $params $extra" > "$wlog" 2>&1 < /dev/null
[1455/2243] S085one_child.perm__steady dump=1 restore=na verdict=dump_fail
pbsprobe/pbs_sweep.sh: line 257: 1795986 Killed                  setsid bash -c "exec '$wlbin' --port $port --resume_file '$resume_f' $params $extra" > "$wlog" 2>&1 < /dev/null
pbsprobe/pbs_sweep.sh: line 296: 1797252 Killed                  setsid bash -c "exec '$wlbin' --port $port --resume_file '$resume_f' $params $extra" > "$wlog" 2>&1 < /dev/null
[1456/2243] S086one_zombie.stri__init dump=0 restore=0 verdict=ok
pbsprobe/pbs_sweep.sh: line 296: 1798446 Killed                  setsid bash -c "exec '$wlbin' --port $port --resume_file '$resume_f' $params $extra" > "$wlog" 2>&1 < /dev/null
[1457/2243] S086one_zombie.stri__db_open dump=0 restore=0 verdict=ok
pbsprobe/pbs_sweep.sh: line 296: 1799632 Killed                  setsid bash -c "exec '$wlbin' --port $port --resume_file '$resume_f' $params $extra" > "$wlog" 2>&1 < /dev/null
[1458/2243] S086one_zombie.stri__zombie_made dump=0 restore=0 verdict=ok
pbsprobe/pbs_sweep.sh: line 296: 1800810 Killed                  setsid bash -c "exec '$wlbin' --port $port --resume_file '$resume_f' $params $extra" > "$wlog" 2>&1 < /dev/null
[1459/2243] S086one_zombie.stri__epg_index dump=0 restore=0 verdict=ok
[1460/2243] S086one_zombie.stri__ready dump=1 restore=na verdict=dump_fail
pbsprobe/pbs_sweep.sh: line 257: 1801992 Killed                  setsid bash -c "exec '$wlbin' --port $port --resume_file '$resume_f' $params $extra" > "$wlog" 2>&1 < /dev/null
[1461/2243] S086one_zombie.stri__steady dump=1 restore=na verdict=dump_fail
pbsprobe/pbs_sweep.sh: line 257: 1803194 Killed                  setsid bash -c "exec '$wlbin' --port $port --resume_file '$resume_f' $params $extra" > "$wlog" 2>&1 < /dev/null
pbsprobe/pbs_sweep.sh: line 296: 1804468 Killed                  setsid bash -c "exec '$wlbin' --port $port --resume_file '$resume_f' $params $extra" > "$wlog" 2>&1 < /dev/null
[1462/2243] S087one_zombie.ext___init dump=0 restore=0 verdict=ok
pbsprobe/pbs_sweep.sh: line 296: 1805666 Killed                  setsid bash -c "exec '$wlbin' --port $port --resume_file '$resume_f' $params $extra" > "$wlog" 2>&1 < /dev/null
[1463/2243] S087one_zombie.ext___db_open dump=0 restore=0 verdict=ok
pbsprobe/pbs_sweep.sh: line 296: 1806852 Killed                  setsid bash -c "exec '$wlbin' --port $port --resume_file '$resume_f' $params $extra" > "$wlog" 2>&1 < /dev/null
[1464/2243] S087one_zombie.ext___zombie_made dump=0 restore=0 verdict=ok
pbsprobe/pbs_sweep.sh: line 296: 1808034 Killed                  setsid bash -c "exec '$wlbin' --port $port --resume_file '$resume_f' $params $extra" > "$wlog" 2>&1 < /dev/null
[1465/2243] S087one_zombie.ext___epg_index dump=0 restore=0 verdict=ok
[1466/2243] S087one_zombie.ext___ready dump=1 restore=na verdict=dump_fail
pbsprobe/pbs_sweep.sh: line 257: 1809208 Killed                  setsid bash -c "exec '$wlbin' --port $port --resume_file '$resume_f' $params $extra" > "$wlog" 2>&1 < /dev/null
[1467/2243] S087one_zombie.ext___steady dump=1 restore=na verdict=dump_fail
pbsprobe/pbs_sweep.sh: line 257: 1810418 Killed                  setsid bash -c "exec '$wlbin' --port $port --resume_file '$resume_f' $params $extra" > "$wlog" 2>&1 < /dev/null
pbsprobe/pbs_sweep.sh: line 296: 1811692 Killed                  setsid bash -c "exec '$wlbin' --port $port --resume_file '$resume_f' $params $extra" > "$wlog" 2>&1 < /dev/null
[1468/2243] S088one_zombie.tcp___init dump=0 restore=0 verdict=ok
pbsprobe/pbs_sweep.sh: line 296: 1812878 Killed                  setsid bash -c "exec '$wlbin' --port $port --resume_file '$resume_f' $params $extra" > "$wlog" 2>&1 < /dev/null
[1469/2243] S088one_zombie.tcp___db_open dump=0 restore=0 verdict=ok
pbsprobe/pbs_sweep.sh: line 296: 1814052 Killed                  setsid bash -c "exec '$wlbin' --port $port --resume_file '$resume_f' $params $extra" > "$wlog" 2>&1 < /dev/null
[1470/2243] S088one_zombie.tcp___zombie_made dump=0 restore=0 verdict=ok
pbsprobe/pbs_sweep.sh: line 296: 1815226 Killed                  setsid bash -c "exec '$wlbin' --port $port --resume_file '$resume_f' $params $extra" > "$wlog" 2>&1 < /dev/null
[1471/2243] S088one_zombie.tcp___epg_index dump=0 restore=0 verdict=ok
[1472/2243] S088one_zombie.tcp___ready dump=1 restore=na verdict=dump_fail
pbsprobe/pbs_sweep.sh: line 257: 1816400 Killed                  setsid bash -c "exec '$wlbin' --port $port --resume_file '$resume_f' $params $extra" > "$wlog" 2>&1 < /dev/null
[1473/2243] S088one_zombie.tcp___steady dump=1 restore=na verdict=dump_fail
pbsprobe/pbs_sweep.sh: line 257: 1817602 Killed                  setsid bash -c "exec '$wlbin' --port $port --resume_file '$resume_f' $params $extra" > "$wlog" 2>&1 < /dev/null
pbsprobe/pbs_sweep.sh: line 296: 1818848 Killed                  setsid bash -c "exec '$wlbin' --port $port --resume_file '$resume_f' $params $extra" > "$wlog" 2>&1 < /dev/null
[1474/2243] S089one_zombie.file__init dump=0 restore=0 verdict=ok
pbsprobe/pbs_sweep.sh: line 296: 1820018 Killed                  setsid bash -c "exec '$wlbin' --port $port --resume_file '$resume_f' $params $extra" > "$wlog" 2>&1 < /dev/null
[1475/2243] S089one_zombie.file__db_open dump=0 restore=0 verdict=ok
pbsprobe/pbs_sweep.sh: line 296: 1821184 Killed                  setsid bash -c "exec '$wlbin' --port $port --resume_file '$resume_f' $params $extra" > "$wlog" 2>&1 < /dev/null
[1476/2243] S089one_zombie.file__zombie_made dump=0 restore=0 verdict=ok
pbsprobe/pbs_sweep.sh: line 296: 1822354 Killed                  setsid bash -c "exec '$wlbin' --port $port --resume_file '$resume_f' $params $extra" > "$wlog" 2>&1 < /dev/null
[1477/2243] S089one_zombie.file__epg_index dump=0 restore=0 verdict=ok
[1478/2243] S089one_zombie.file__ready dump=1 restore=na verdict=dump_fail
pbsprobe/pbs_sweep.sh: line 257: 1823524 Killed                  setsid bash -c "exec '$wlbin' --port $port --resume_file '$resume_f' $params $extra" > "$wlog" 2>&1 < /dev/null
[1479/2243] S089one_zombie.file__steady dump=1 restore=na verdict=dump_fail
pbsprobe/pbs_sweep.sh: line 257: 1824718 Killed                  setsid bash -c "exec '$wlbin' --port $port --resume_file '$resume_f' $params $extra" > "$wlog" 2>&1 < /dev/null
pbsprobe/pbs_sweep.sh: line 296: 1825968 Killed                  setsid bash -c "exec '$wlbin' --port $port --resume_file '$resume_f' $params $extra" > "$wlog" 2>&1 < /dev/null
[1480/2243] S090one_zombie.perm__init dump=0 restore=0 verdict=ok
pbsprobe/pbs_sweep.sh: line 296: 1827138 Killed                  setsid bash -c "exec '$wlbin' --port $port --resume_file '$resume_f' $params $extra" > "$wlog" 2>&1 < /dev/null
[1481/2243] S090one_zombie.perm__db_open dump=0 restore=0 verdict=ok
pbsprobe/pbs_sweep.sh: line 296: 1828296 Killed                  setsid bash -c "exec '$wlbin' --port $port --resume_file '$resume_f' $params $extra" > "$wlog" 2>&1 < /dev/null
[1482/2243] S090one_zombie.perm__zombie_made dump=0 restore=0 verdict=ok
pbsprobe/pbs_sweep.sh: line 296: 1829466 Killed                  setsid bash -c "exec '$wlbin' --port $port --resume_file '$resume_f' $params $extra" > "$wlog" 2>&1 < /dev/null
[1483/2243] S090one_zombie.perm__epg_index dump=0 restore=0 verdict=ok
[1484/2243] S090one_zombie.perm__ready dump=1 restore=na verdict=dump_fail
pbsprobe/pbs_sweep.sh: line 257: 1830644 Killed                  setsid bash -c "exec '$wlbin' --port $port --resume_file '$resume_f' $params $extra" > "$wlog" 2>&1 < /dev/null
[1485/2243] S090one_zombie.perm__steady dump=1 restore=na verdict=dump_fail
pbsprobe/pbs_sweep.sh: line 257: 1831850 Killed                  setsid bash -c "exec '$wlbin' --port $port --resume_file '$resume_f' $params $extra" > "$wlog" 2>&1 < /dev/null
pbsprobe/pbs_sweep.sh: line 296: 1833120 Killed                  setsid bash -c "exec '$wlbin' --port $port --resume_file '$resume_f' $params $extra" > "$wlog" 2>&1 < /dev/null
[1486/2243] S091one_selfpipe.stri__init dump=0 restore=0 verdict=ok
pbsprobe/pbs_sweep.sh: line 296: 1834305 Killed                  setsid bash -c "exec '$wlbin' --port $port --resume_file '$resume_f' $params $extra" > "$wlog" 2>&1 < /dev/null
[1487/2243] S091one_selfpipe.stri__db_open dump=0 restore=0 verdict=ok
pbsprobe/pbs_sweep.sh: line 296: 1835482 Killed                  setsid bash -c "exec '$wlbin' --port $port --resume_file '$resume_f' $params $extra" > "$wlog" 2>&1 < /dev/null
[1488/2243] S091one_selfpipe.stri__selfpipe dump=0 restore=0 verdict=ok
pbsprobe/pbs_sweep.sh: line 296: 1836655 Killed                  setsid bash -c "exec '$wlbin' --port $port --resume_file '$resume_f' $params $extra" > "$wlog" 2>&1 < /dev/null
[1489/2243] S091one_selfpipe.stri__epg_index dump=0 restore=0 verdict=ok
[1490/2243] S091one_selfpipe.stri__ready dump=1 restore=na verdict=dump_fail
pbsprobe/pbs_sweep.sh: line 257: 1837832 Killed                  setsid bash -c "exec '$wlbin' --port $port --resume_file '$resume_f' $params $extra" > "$wlog" 2>&1 < /dev/null
[1491/2243] S091one_selfpipe.stri__steady dump=1 restore=na verdict=dump_fail
pbsprobe/pbs_sweep.sh: line 257: 1839033 Killed                  setsid bash -c "exec '$wlbin' --port $port --resume_file '$resume_f' $params $extra" > "$wlog" 2>&1 < /dev/null
pbsprobe/pbs_sweep.sh: line 296: 1840298 Killed                  setsid bash -c "exec '$wlbin' --port $port --resume_file '$resume_f' $params $extra" > "$wlog" 2>&1 < /dev/null
[1492/2243] S092one_selfpipe.ext___init dump=0 restore=0 verdict=ok
pbsprobe/pbs_sweep.sh: line 296: 1841487 Killed                  setsid bash -c "exec '$wlbin' --port $port --resume_file '$resume_f' $params $extra" > "$wlog" 2>&1 < /dev/null
[1493/2243] S092one_selfpipe.ext___db_open dump=0 restore=0 verdict=ok
pbsprobe/pbs_sweep.sh: line 296: 1842652 Killed                  setsid bash -c "exec '$wlbin' --port $port --resume_file '$resume_f' $params $extra" > "$wlog" 2>&1 < /dev/null
[1494/2243] S092one_selfpipe.ext___selfpipe dump=0 restore=0 verdict=ok
pbsprobe/pbs_sweep.sh: line 296: 1843817 Killed                  setsid bash -c "exec '$wlbin' --port $port --resume_file '$resume_f' $params $extra" > "$wlog" 2>&1 < /dev/null
[1495/2243] S092one_selfpipe.ext___epg_index dump=0 restore=0 verdict=ok
[1496/2243] S092one_selfpipe.ext___ready dump=1 restore=na verdict=dump_fail
pbsprobe/pbs_sweep.sh: line 257: 1844986 Killed                  setsid bash -c "exec '$wlbin' --port $port --resume_file '$resume_f' $params $extra" > "$wlog" 2>&1 < /dev/null
[1497/2243] S092one_selfpipe.ext___steady dump=1 restore=na verdict=dump_fail
pbsprobe/pbs_sweep.sh: line 257: 1846187 Killed                  setsid bash -c "exec '$wlbin' --port $port --resume_file '$resume_f' $params $extra" > "$wlog" 2>&1 < /dev/null
pbsprobe/pbs_sweep.sh: line 296: 1847440 Killed                  setsid bash -c "exec '$wlbin' --port $port --resume_file '$resume_f' $params $extra" > "$wlog" 2>&1 < /dev/null
[1498/2243] S093one_selfpipe.tcp___init dump=0 restore=0 verdict=ok
pbsprobe/pbs_sweep.sh: line 296: 1848629 Killed                  setsid bash -c "exec '$wlbin' --port $port --resume_file '$resume_f' $params $extra" > "$wlog" 2>&1 < /dev/null
[1499/2243] S093one_selfpipe.tcp___db_open dump=0 restore=0 verdict=ok
pbsprobe/pbs_sweep.sh: line 296: 1849810 Killed                  setsid bash -c "exec '$wlbin' --port $port --resume_file '$resume_f' $params $extra" > "$wlog" 2>&1 < /dev/null
[1500/2243] S093one_selfpipe.tcp___selfpipe dump=0 restore=0 verdict=ok
pbsprobe/pbs_sweep.sh: line 296: 1850979 Killed                  setsid bash -c "exec '$wlbin' --port $port --resume_file '$resume_f' $params $extra" > "$wlog" 2>&1 < /dev/null
[1501/2243] S093one_selfpipe.tcp___epg_index dump=0 restore=0 verdict=ok
[1502/2243] S093one_selfpipe.tcp___ready dump=1 restore=na verdict=dump_fail
pbsprobe/pbs_sweep.sh: line 257: 1852152 Killed                  setsid bash -c "exec '$wlbin' --port $port --resume_file '$resume_f' $params $extra" > "$wlog" 2>&1 < /dev/null
[1503/2243] S093one_selfpipe.tcp___steady dump=1 restore=na verdict=dump_fail
pbsprobe/pbs_sweep.sh: line 257: 1853353 Killed                  setsid bash -c "exec '$wlbin' --port $port --resume_file '$resume_f' $params $extra" > "$wlog" 2>&1 < /dev/null
pbsprobe/pbs_sweep.sh: line 296: 1854610 Killed                  setsid bash -c "exec '$wlbin' --port $port --resume_file '$resume_f' $params $extra" > "$wlog" 2>&1 < /dev/null
[1504/2243] S094one_selfpipe.file__init dump=0 restore=0 verdict=ok
pbsprobe/pbs_sweep.sh: line 296: 1855791 Killed                  setsid bash -c "exec '$wlbin' --port $port --resume_file '$resume_f' $params $extra" > "$wlog" 2>&1 < /dev/null
[1505/2243] S094one_selfpipe.file__db_open dump=0 restore=0 verdict=ok
pbsprobe/pbs_sweep.sh: line 296: 1856960 Killed                  setsid bash -c "exec '$wlbin' --port $port --resume_file '$resume_f' $params $extra" > "$wlog" 2>&1 < /dev/null
[1506/2243] S094one_selfpipe.file__selfpipe dump=0 restore=0 verdict=ok
pbsprobe/pbs_sweep.sh: line 296: 1858129 Killed                  setsid bash -c "exec '$wlbin' --port $port --resume_file '$resume_f' $params $extra" > "$wlog" 2>&1 < /dev/null
[1507/2243] S094one_selfpipe.file__epg_index dump=0 restore=0 verdict=ok
[1508/2243] S094one_selfpipe.file__ready dump=1 restore=na verdict=dump_fail
pbsprobe/pbs_sweep.sh: line 257: 1859298 Killed                  setsid bash -c "exec '$wlbin' --port $port --resume_file '$resume_f' $params $extra" > "$wlog" 2>&1 < /dev/null
[1509/2243] S094one_selfpipe.file__steady dump=1 restore=na verdict=dump_fail
pbsprobe/pbs_sweep.sh: line 257: 1860503 Killed                  setsid bash -c "exec '$wlbin' --port $port --resume_file '$resume_f' $params $extra" > "$wlog" 2>&1 < /dev/null
pbsprobe/pbs_sweep.sh: line 296: 1861764 Killed                  setsid bash -c "exec '$wlbin' --port $port --resume_file '$resume_f' $params $extra" > "$wlog" 2>&1 < /dev/null
[1510/2243] S095one_selfpipe.perm__init dump=0 restore=0 verdict=ok
pbsprobe/pbs_sweep.sh: line 296: 1862949 Killed                  setsid bash -c "exec '$wlbin' --port $port --resume_file '$resume_f' $params $extra" > "$wlog" 2>&1 < /dev/null
[1511/2243] S095one_selfpipe.perm__db_open dump=0 restore=0 verdict=ok
pbsprobe/pbs_sweep.sh: line 296: 1864114 Killed                  setsid bash -c "exec '$wlbin' --port $port --resume_file '$resume_f' $params $extra" > "$wlog" 2>&1 < /dev/null
[1512/2243] S095one_selfpipe.perm__selfpipe dump=0 restore=0 verdict=ok
pbsprobe/pbs_sweep.sh: line 296: 1865283 Killed                  setsid bash -c "exec '$wlbin' --port $port --resume_file '$resume_f' $params $extra" > "$wlog" 2>&1 < /dev/null
[1513/2243] S095one_selfpipe.perm__epg_index dump=0 restore=0 verdict=ok
[1514/2243] S095one_selfpipe.perm__ready dump=1 restore=na verdict=dump_fail
pbsprobe/pbs_sweep.sh: line 257: 1866456 Killed                  setsid bash -c "exec '$wlbin' --port $port --resume_file '$resume_f' $params $extra" > "$wlog" 2>&1 < /dev/null
[1515/2243] S095one_selfpipe.perm__steady dump=1 restore=na verdict=dump_fail
pbsprobe/pbs_sweep.sh: line 257: 1867665 Killed                  setsid bash -c "exec '$wlbin' --port $port --resume_file '$resume_f' $params $extra" > "$wlog" 2>&1 < /dev/null
pbsprobe/pbs_sweep.sh: line 296: 1868926 Killed                  setsid bash -c "exec '$wlbin' --port $port --resume_file '$resume_f' $params $extra" > "$wlog" 2>&1 < /dev/null
[1516/2243] S096one_eventfd.stri__init dump=0 restore=0 verdict=ok
pbsprobe/pbs_sweep.sh: line 296: 1870099 Killed                  setsid bash -c "exec '$wlbin' --port $port --resume_file '$resume_f' $params $extra" > "$wlog" 2>&1 < /dev/null
[1517/2243] S096one_eventfd.stri__db_open dump=0 restore=0 verdict=ok
pbsprobe/pbs_sweep.sh: line 296: 1871176 Killed                  setsid bash -c "exec '$wlbin' --port $port --resume_file '$resume_f' $params $extra" > "$wlog" 2>&1 < /dev/null
[1518/2243] S096one_eventfd.stri__eventfd_open dump=0 restore=0 verdict=ok
pbsprobe/pbs_sweep.sh: line 296: 1872249 Killed                  setsid bash -c "exec '$wlbin' --port $port --resume_file '$resume_f' $params $extra" > "$wlog" 2>&1 < /dev/null
[1519/2243] S096one_eventfd.stri__epg_index dump=0 restore=0 verdict=ok
[1520/2243] S096one_eventfd.stri__ready dump=1 restore=na verdict=dump_fail
pbsprobe/pbs_sweep.sh: line 257: 1873318 Killed                  setsid bash -c "exec '$wlbin' --port $port --resume_file '$resume_f' $params $extra" > "$wlog" 2>&1 < /dev/null
[1521/2243] S096one_eventfd.stri__steady dump=1 restore=na verdict=dump_fail
pbsprobe/pbs_sweep.sh: line 257: 1874411 Killed                  setsid bash -c "exec '$wlbin' --port $port --resume_file '$resume_f' $params $extra" > "$wlog" 2>&1 < /dev/null
pbsprobe/pbs_sweep.sh: line 296: 1875560 Killed                  setsid bash -c "exec '$wlbin' --port $port --resume_file '$resume_f' $params $extra" > "$wlog" 2>&1 < /dev/null
[1522/2243] S097one_eventfd.ext___init dump=0 restore=0 verdict=ok
pbsprobe/pbs_sweep.sh: line 296: 1876633 Killed                  setsid bash -c "exec '$wlbin' --port $port --resume_file '$resume_f' $params $extra" > "$wlog" 2>&1 < /dev/null
[1523/2243] S097one_eventfd.ext___db_open dump=0 restore=0 verdict=ok
pbsprobe/pbs_sweep.sh: line 296: 1877686 Killed                  setsid bash -c "exec '$wlbin' --port $port --resume_file '$resume_f' $params $extra" > "$wlog" 2>&1 < /dev/null
[1524/2243] S097one_eventfd.ext___eventfd_open dump=0 restore=0 verdict=ok
pbsprobe/pbs_sweep.sh: line 296: 1878735 Killed                  setsid bash -c "exec '$wlbin' --port $port --resume_file '$resume_f' $params $extra" > "$wlog" 2>&1 < /dev/null
[1525/2243] S097one_eventfd.ext___epg_index dump=0 restore=0 verdict=ok
[1526/2243] S097one_eventfd.ext___ready dump=1 restore=na verdict=dump_fail
pbsprobe/pbs_sweep.sh: line 257: 1879784 Killed                  setsid bash -c "exec '$wlbin' --port $port --resume_file '$resume_f' $params $extra" > "$wlog" 2>&1 < /dev/null
[1527/2243] S097one_eventfd.ext___steady dump=1 restore=na verdict=dump_fail
pbsprobe/pbs_sweep.sh: line 257: 1880857 Killed                  setsid bash -c "exec '$wlbin' --port $port --resume_file '$resume_f' $params $extra" > "$wlog" 2>&1 < /dev/null
pbsprobe/pbs_sweep.sh: line 296: 1881986 Killed                  setsid bash -c "exec '$wlbin' --port $port --resume_file '$resume_f' $params $extra" > "$wlog" 2>&1 < /dev/null
[1528/2243] S098one_eventfd.tcp___init dump=0 restore=0 verdict=ok
pbsprobe/pbs_sweep.sh: line 296: 1883055 Killed                  setsid bash -c "exec '$wlbin' --port $port --resume_file '$resume_f' $params $extra" > "$wlog" 2>&1 < /dev/null
[1529/2243] S098one_eventfd.tcp___db_open dump=0 restore=0 verdict=ok
pbsprobe/pbs_sweep.sh: line 296: 1884116 Killed                  setsid bash -c "exec '$wlbin' --port $port --resume_file '$resume_f' $params $extra" > "$wlog" 2>&1 < /dev/null
[1530/2243] S098one_eventfd.tcp___eventfd_open dump=0 restore=0 verdict=ok
pbsprobe/pbs_sweep.sh: line 296: 1885169 Killed                  setsid bash -c "exec '$wlbin' --port $port --resume_file '$resume_f' $params $extra" > "$wlog" 2>&1 < /dev/null
[1531/2243] S098one_eventfd.tcp___epg_index dump=0 restore=0 verdict=ok
[1532/2243] S098one_eventfd.tcp___ready dump=1 restore=na verdict=dump_fail
pbsprobe/pbs_sweep.sh: line 257: 1886222 Killed                  setsid bash -c "exec '$wlbin' --port $port --resume_file '$resume_f' $params $extra" > "$wlog" 2>&1 < /dev/null
[1533/2243] S098one_eventfd.tcp___steady dump=1 restore=na verdict=dump_fail
pbsprobe/pbs_sweep.sh: line 257: 1887307 Killed                  setsid bash -c "exec '$wlbin' --port $port --resume_file '$resume_f' $params $extra" > "$wlog" 2>&1 < /dev/null
pbsprobe/pbs_sweep.sh: line 296: 1888436 Killed                  setsid bash -c "exec '$wlbin' --port $port --resume_file '$resume_f' $params $extra" > "$wlog" 2>&1 < /dev/null
[1534/2243] S099one_eventfd.file__init dump=0 restore=0 verdict=ok
pbsprobe/pbs_sweep.sh: line 296: 1889501 Killed                  setsid bash -c "exec '$wlbin' --port $port --resume_file '$resume_f' $params $extra" > "$wlog" 2>&1 < /dev/null
[1535/2243] S099one_eventfd.file__db_open dump=0 restore=0 verdict=ok
pbsprobe/pbs_sweep.sh: line 296: 1890554 Killed                  setsid bash -c "exec '$wlbin' --port $port --resume_file '$resume_f' $params $extra" > "$wlog" 2>&1 < /dev/null
[1536/2243] S099one_eventfd.file__eventfd_open dump=0 restore=0 verdict=ok
pbsprobe/pbs_sweep.sh: line 296: 1891611 Killed                  setsid bash -c "exec '$wlbin' --port $port --resume_file '$resume_f' $params $extra" > "$wlog" 2>&1 < /dev/null
[1537/2243] S099one_eventfd.file__epg_index dump=0 restore=0 verdict=ok
[1538/2243] S099one_eventfd.file__ready dump=1 restore=na verdict=dump_fail
pbsprobe/pbs_sweep.sh: line 257: 1892660 Killed                  setsid bash -c "exec '$wlbin' --port $port --resume_file '$resume_f' $params $extra" > "$wlog" 2>&1 < /dev/null
[1539/2243] S099one_eventfd.file__steady dump=1 restore=na verdict=dump_fail
pbsprobe/pbs_sweep.sh: line 257: 1893733 Killed                  setsid bash -c "exec '$wlbin' --port $port --resume_file '$resume_f' $params $extra" > "$wlog" 2>&1 < /dev/null
pbsprobe/pbs_sweep.sh: line 296: 1894862 Killed                  setsid bash -c "exec '$wlbin' --port $port --resume_file '$resume_f' $params $extra" > "$wlog" 2>&1 < /dev/null
[1540/2243] S100one_eventfd.perm__init dump=0 restore=0 verdict=ok
pbsprobe/pbs_sweep.sh: line 296: 1895923 Killed                  setsid bash -c "exec '$wlbin' --port $port --resume_file '$resume_f' $params $extra" > "$wlog" 2>&1 < /dev/null
[1541/2243] S100one_eventfd.perm__db_open dump=0 restore=0 verdict=ok
pbsprobe/pbs_sweep.sh: line 296: 1896968 Killed                  setsid bash -c "exec '$wlbin' --port $port --resume_file '$resume_f' $params $extra" > "$wlog" 2>&1 < /dev/null
[1542/2243] S100one_eventfd.perm__eventfd_open dump=0 restore=0 verdict=ok
pbsprobe/pbs_sweep.sh: line 296: 1898013 Killed                  setsid bash -c "exec '$wlbin' --port $port --resume_file '$resume_f' $params $extra" > "$wlog" 2>&1 < /dev/null
[1543/2243] S100one_eventfd.perm__epg_index dump=0 restore=0 verdict=ok
[1544/2243] S100one_eventfd.perm__ready dump=1 restore=na verdict=dump_fail
pbsprobe/pbs_sweep.sh: line 257: 1899058 Killed                  setsid bash -c "exec '$wlbin' --port $port --resume_file '$resume_f' $params $extra" > "$wlog" 2>&1 < /dev/null
[1545/2243] S100one_eventfd.perm__steady dump=1 restore=na verdict=dump_fail
pbsprobe/pbs_sweep.sh: line 257: 1900127 Killed                  setsid bash -c "exec '$wlbin' --port $port --resume_file '$resume_f' $params $extra" > "$wlog" 2>&1 < /dev/null
pbsprobe/pbs_sweep.sh: line 296: 1901252 Killed                  setsid bash -c "exec '$wlbin' --port $port --resume_file '$resume_f' $params $extra" > "$wlog" 2>&1 < /dev/null
[1546/2243] S101one_shm.stri__init dump=0 restore=0 verdict=ok
pbsprobe/pbs_sweep.sh: line 296: 1902321 Killed                  setsid bash -c "exec '$wlbin' --port $port --resume_file '$resume_f' $params $extra" > "$wlog" 2>&1 < /dev/null
[1547/2243] S101one_shm.stri__db_open dump=0 restore=0 verdict=ok
pbsprobe/pbs_sweep.sh: line 296: 1903370 Killed                  setsid bash -c "exec '$wlbin' --port $port --resume_file '$resume_f' $params $extra" > "$wlog" 2>&1 < /dev/null
[1548/2243] S101one_shm.stri__shm_map dump=0 restore=0 verdict=ok
pbsprobe/pbs_sweep.sh: line 296: 1904415 Killed                  setsid bash -c "exec '$wlbin' --port $port --resume_file '$resume_f' $params $extra" > "$wlog" 2>&1 < /dev/null
[1549/2243] S101one_shm.stri__epg_index dump=0 restore=0 verdict=ok
[1550/2243] S101one_shm.stri__ready dump=1 restore=na verdict=dump_fail
pbsprobe/pbs_sweep.sh: line 257: 1905468 Killed                  setsid bash -c "exec '$wlbin' --port $port --resume_file '$resume_f' $params $extra" > "$wlog" 2>&1 < /dev/null
[1551/2243] S101one_shm.stri__steady dump=1 restore=na verdict=dump_fail
pbsprobe/pbs_sweep.sh: line 257: 1906541 Killed                  setsid bash -c "exec '$wlbin' --port $port --resume_file '$resume_f' $params $extra" > "$wlog" 2>&1 < /dev/null
pbsprobe/pbs_sweep.sh: line 296: 1907670 Killed                  setsid bash -c "exec '$wlbin' --port $port --resume_file '$resume_f' $params $extra" > "$wlog" 2>&1 < /dev/null
[1552/2243] S102one_shm.ext___init dump=0 restore=0 verdict=ok
pbsprobe/pbs_sweep.sh: line 296: 1908731 Killed                  setsid bash -c "exec '$wlbin' --port $port --resume_file '$resume_f' $params $extra" > "$wlog" 2>&1 < /dev/null
[1553/2243] S102one_shm.ext___db_open dump=0 restore=0 verdict=ok
pbsprobe/pbs_sweep.sh: line 296: 1909784 Killed                  setsid bash -c "exec '$wlbin' --port $port --resume_file '$resume_f' $params $extra" > "$wlog" 2>&1 < /dev/null
[1554/2243] S102one_shm.ext___shm_map dump=0 restore=0 verdict=ok
pbsprobe/pbs_sweep.sh: line 296: 1910829 Killed                  setsid bash -c "exec '$wlbin' --port $port --resume_file '$resume_f' $params $extra" > "$wlog" 2>&1 < /dev/null
[1555/2243] S102one_shm.ext___epg_index dump=0 restore=0 verdict=ok
[1556/2243] S102one_shm.ext___ready dump=1 restore=na verdict=dump_fail
pbsprobe/pbs_sweep.sh: line 257: 1911878 Killed                  setsid bash -c "exec '$wlbin' --port $port --resume_file '$resume_f' $params $extra" > "$wlog" 2>&1 < /dev/null
[1557/2243] S102one_shm.ext___steady dump=1 restore=na verdict=dump_fail
pbsprobe/pbs_sweep.sh: line 257: 1912955 Killed                  setsid bash -c "exec '$wlbin' --port $port --resume_file '$resume_f' $params $extra" > "$wlog" 2>&1 < /dev/null
pbsprobe/pbs_sweep.sh: line 296: 1914084 Killed                  setsid bash -c "exec '$wlbin' --port $port --resume_file '$resume_f' $params $extra" > "$wlog" 2>&1 < /dev/null
[1558/2243] S103one_shm.tcp___init dump=0 restore=0 verdict=ok
pbsprobe/pbs_sweep.sh: line 296: 1915149 Killed                  setsid bash -c "exec '$wlbin' --port $port --resume_file '$resume_f' $params $extra" > "$wlog" 2>&1 < /dev/null
[1559/2243] S103one_shm.tcp___db_open dump=0 restore=0 verdict=ok
pbsprobe/pbs_sweep.sh: line 296: 1916202 Killed                  setsid bash -c "exec '$wlbin' --port $port --resume_file '$resume_f' $params $extra" > "$wlog" 2>&1 < /dev/null
[1560/2243] S103one_shm.tcp___shm_map dump=0 restore=0 verdict=ok
pbsprobe/pbs_sweep.sh: line 296: 1917259 Killed                  setsid bash -c "exec '$wlbin' --port $port --resume_file '$resume_f' $params $extra" > "$wlog" 2>&1 < /dev/null
[1561/2243] S103one_shm.tcp___epg_index dump=0 restore=0 verdict=ok
[1562/2243] S103one_shm.tcp___ready dump=1 restore=na verdict=dump_fail
pbsprobe/pbs_sweep.sh: line 257: 1918312 Killed                  setsid bash -c "exec '$wlbin' --port $port --resume_file '$resume_f' $params $extra" > "$wlog" 2>&1 < /dev/null
[1563/2243] S103one_shm.tcp___steady dump=1 restore=na verdict=dump_fail
pbsprobe/pbs_sweep.sh: line 257: 1919397 Killed                  setsid bash -c "exec '$wlbin' --port $port --resume_file '$resume_f' $params $extra" > "$wlog" 2>&1 < /dev/null
pbsprobe/pbs_sweep.sh: line 296: 1920546 Killed                  setsid bash -c "exec '$wlbin' --port $port --resume_file '$resume_f' $params $extra" > "$wlog" 2>&1 < /dev/null
[1564/2243] S104one_shm.file__init dump=0 restore=0 verdict=ok
pbsprobe/pbs_sweep.sh: line 296: 1921615 Killed                  setsid bash -c "exec '$wlbin' --port $port --resume_file '$resume_f' $params $extra" > "$wlog" 2>&1 < /dev/null
[1565/2243] S104one_shm.file__db_open dump=0 restore=0 verdict=ok
pbsprobe/pbs_sweep.sh: line 296: 1922688 Killed                  setsid bash -c "exec '$wlbin' --port $port --resume_file '$resume_f' $params $extra" > "$wlog" 2>&1 < /dev/null
[1566/2243] S104one_shm.file__shm_map dump=0 restore=0 verdict=ok
pbsprobe/pbs_sweep.sh: line 296: 1923749 Killed                  setsid bash -c "exec '$wlbin' --port $port --resume_file '$resume_f' $params $extra" > "$wlog" 2>&1 < /dev/null
[1567/2243] S104one_shm.file__epg_index dump=0 restore=0 verdict=ok
[1568/2243] S104one_shm.file__ready dump=1 restore=na verdict=dump_fail
pbsprobe/pbs_sweep.sh: line 257: 1924802 Killed                  setsid bash -c "exec '$wlbin' --port $port --resume_file '$resume_f' $params $extra" > "$wlog" 2>&1 < /dev/null
[1569/2243] S104one_shm.file__steady dump=1 restore=na verdict=dump_fail
pbsprobe/pbs_sweep.sh: line 257: 1925875 Killed                  setsid bash -c "exec '$wlbin' --port $port --resume_file '$resume_f' $params $extra" > "$wlog" 2>&1 < /dev/null
pbsprobe/pbs_sweep.sh: line 296: 1927000 Killed                  setsid bash -c "exec '$wlbin' --port $port --resume_file '$resume_f' $params $extra" > "$wlog" 2>&1 < /dev/null
[1570/2243] S105one_shm.perm__init dump=0 restore=0 verdict=ok
pbsprobe/pbs_sweep.sh: line 296: 1928073 Killed                  setsid bash -c "exec '$wlbin' --port $port --resume_file '$resume_f' $params $extra" > "$wlog" 2>&1 < /dev/null
[1571/2243] S105one_shm.perm__db_open dump=0 restore=0 verdict=ok
pbsprobe/pbs_sweep.sh: line 296: 1929130 Killed                  setsid bash -c "exec '$wlbin' --port $port --resume_file '$resume_f' $params $extra" > "$wlog" 2>&1 < /dev/null
[1572/2243] S105one_shm.perm__shm_map dump=0 restore=0 verdict=ok
pbsprobe/pbs_sweep.sh: line 296: 1930255 Killed                  setsid bash -c "exec '$wlbin' --port $port --resume_file '$resume_f' $params $extra" > "$wlog" 2>&1 < /dev/null
[1573/2243] S105one_shm.perm__epg_index dump=0 restore=0 verdict=ok
[1574/2243] S105one_shm.perm__ready dump=1 restore=na verdict=dump_fail
pbsprobe/pbs_sweep.sh: line 257: 1931308 Killed                  setsid bash -c "exec '$wlbin' --port $port --resume_file '$resume_f' $params $extra" > "$wlog" 2>&1 < /dev/null
[1575/2243] S105one_shm.perm__steady dump=1 restore=na verdict=dump_fail
pbsprobe/pbs_sweep.sh: line 257: 1932385 Killed                  setsid bash -c "exec '$wlbin' --port $port --resume_file '$resume_f' $params $extra" > "$wlog" 2>&1 < /dev/null
pbsprobe/pbs_sweep.sh: line 296: 1933510 Killed                  setsid bash -c "exec '$wlbin' --port $port --resume_file '$resume_f' $params $extra" > "$wlog" 2>&1 < /dev/null
[1576/2243] S106one_wd.stri__init dump=0 restore=0 verdict=ok
pbsprobe/pbs_sweep.sh: line 296: 1934575 Killed                  setsid bash -c "exec '$wlbin' --port $port --resume_file '$resume_f' $params $extra" > "$wlog" 2>&1 < /dev/null
[1577/2243] S106one_wd.stri__db_open dump=0 restore=0 verdict=ok
pbsprobe/pbs_sweep.sh: line 296: 1935628 Killed                  setsid bash -c "exec '$wlbin' --port $port --resume_file '$resume_f' $params $extra" > "$wlog" 2>&1 < /dev/null
[1578/2243] S106one_wd.stri__workdir dump=0 restore=0 verdict=ok
pbsprobe/pbs_sweep.sh: line 296: 1936717 Killed                  setsid bash -c "exec '$wlbin' --port $port --resume_file '$resume_f' $params $extra" > "$wlog" 2>&1 < /dev/null
[1579/2243] S106one_wd.stri__epg_index dump=0 restore=0 verdict=ok
[1580/2243] S106one_wd.stri__ready dump=1 restore=na verdict=dump_fail
pbsprobe/pbs_sweep.sh: line 257: 1937798 Killed                  setsid bash -c "exec '$wlbin' --port $port --resume_file '$resume_f' $params $extra" > "$wlog" 2>&1 < /dev/null
[1581/2243] S106one_wd.stri__steady dump=1 restore=na verdict=dump_fail
pbsprobe/pbs_sweep.sh: line 257: 1938907 Killed                  setsid bash -c "exec '$wlbin' --port $port --resume_file '$resume_f' $params $extra" > "$wlog" 2>&1 < /dev/null
pbsprobe/pbs_sweep.sh: line 296: 1940068 Killed                  setsid bash -c "exec '$wlbin' --port $port --resume_file '$resume_f' $params $extra" > "$wlog" 2>&1 < /dev/null
[1582/2243] S107one_wd.ext___init dump=0 restore=0 verdict=ok
pbsprobe/pbs_sweep.sh: line 296: 1941169 Killed                  setsid bash -c "exec '$wlbin' --port $port --resume_file '$resume_f' $params $extra" > "$wlog" 2>&1 < /dev/null
[1583/2243] S107one_wd.ext___db_open dump=0 restore=0 verdict=ok
pbsprobe/pbs_sweep.sh: line 296: 1942262 Killed                  setsid bash -c "exec '$wlbin' --port $port --resume_file '$resume_f' $params $extra" > "$wlog" 2>&1 < /dev/null
[1584/2243] S107one_wd.ext___workdir dump=0 restore=0 verdict=ok
pbsprobe/pbs_sweep.sh: line 296: 1943343 Killed                  setsid bash -c "exec '$wlbin' --port $port --resume_file '$resume_f' $params $extra" > "$wlog" 2>&1 < /dev/null
[1585/2243] S107one_wd.ext___epg_index dump=0 restore=0 verdict=ok
[1586/2243] S107one_wd.ext___ready dump=1 restore=na verdict=dump_fail
pbsprobe/pbs_sweep.sh: line 257: 1944416 Killed                  setsid bash -c "exec '$wlbin' --port $port --resume_file '$resume_f' $params $extra" > "$wlog" 2>&1 < /dev/null
[1587/2243] S107one_wd.ext___steady dump=1 restore=na verdict=dump_fail
pbsprobe/pbs_sweep.sh: line 257: 1945489 Killed                  setsid bash -c "exec '$wlbin' --port $port --resume_file '$resume_f' $params $extra" > "$wlog" 2>&1 < /dev/null
pbsprobe/pbs_sweep.sh: line 296: 1946610 Killed                  setsid bash -c "exec '$wlbin' --port $port --resume_file '$resume_f' $params $extra" > "$wlog" 2>&1 < /dev/null
[1588/2243] S108one_wd.tcp___init dump=0 restore=0 verdict=ok
pbsprobe/pbs_sweep.sh: line 296: 1947683 Killed                  setsid bash -c "exec '$wlbin' --port $port --resume_file '$resume_f' $params $extra" > "$wlog" 2>&1 < /dev/null
[1589/2243] S108one_wd.tcp___db_open dump=0 restore=0 verdict=ok
pbsprobe/pbs_sweep.sh: line 296: 1948736 Killed                  setsid bash -c "exec '$wlbin' --port $port --resume_file '$resume_f' $params $extra" > "$wlog" 2>&1 < /dev/null
[1590/2243] S108one_wd.tcp___workdir dump=0 restore=0 verdict=ok
pbsprobe/pbs_sweep.sh: line 296: 1949781 Killed                  setsid bash -c "exec '$wlbin' --port $port --resume_file '$resume_f' $params $extra" > "$wlog" 2>&1 < /dev/null
[1591/2243] S108one_wd.tcp___epg_index dump=0 restore=0 verdict=ok
[1592/2243] S108one_wd.tcp___ready dump=1 restore=na verdict=dump_fail
pbsprobe/pbs_sweep.sh: line 257: 1950826 Killed                  setsid bash -c "exec '$wlbin' --port $port --resume_file '$resume_f' $params $extra" > "$wlog" 2>&1 < /dev/null
[1593/2243] S108one_wd.tcp___steady dump=1 restore=na verdict=dump_fail
pbsprobe/pbs_sweep.sh: line 257: 1951899 Killed                  setsid bash -c "exec '$wlbin' --port $port --resume_file '$resume_f' $params $extra" > "$wlog" 2>&1 < /dev/null
pbsprobe/pbs_sweep.sh: line 296: 1953028 Killed                  setsid bash -c "exec '$wlbin' --port $port --resume_file '$resume_f' $params $extra" > "$wlog" 2>&1 < /dev/null
[1594/2243] S109one_wd.file__init dump=0 restore=0 verdict=ok
pbsprobe/pbs_sweep.sh: line 296: 1954101 Killed                  setsid bash -c "exec '$wlbin' --port $port --resume_file '$resume_f' $params $extra" > "$wlog" 2>&1 < /dev/null
[1595/2243] S109one_wd.file__db_open dump=0 restore=0 verdict=ok
pbsprobe/pbs_sweep.sh: line 296: 1955154 Killed                  setsid bash -c "exec '$wlbin' --port $port --resume_file '$resume_f' $params $extra" > "$wlog" 2>&1 < /dev/null
[1596/2243] S109one_wd.file__workdir dump=0 restore=0 verdict=ok
pbsprobe/pbs_sweep.sh: line 296: 1956219 Killed                  setsid bash -c "exec '$wlbin' --port $port --resume_file '$resume_f' $params $extra" > "$wlog" 2>&1 < /dev/null
[1597/2243] S109one_wd.file__epg_index dump=0 restore=0 verdict=ok
[1598/2243] S109one_wd.file__ready dump=1 restore=na verdict=dump_fail
pbsprobe/pbs_sweep.sh: line 257: 1957280 Killed                  setsid bash -c "exec '$wlbin' --port $port --resume_file '$resume_f' $params $extra" > "$wlog" 2>&1 < /dev/null
[1599/2243] S109one_wd.file__steady dump=1 restore=na verdict=dump_fail
pbsprobe/pbs_sweep.sh: line 257: 1958357 Killed                  setsid bash -c "exec '$wlbin' --port $port --resume_file '$resume_f' $params $extra" > "$wlog" 2>&1 < /dev/null
pbsprobe/pbs_sweep.sh: line 296: 1959490 Killed                  setsid bash -c "exec '$wlbin' --port $port --resume_file '$resume_f' $params $extra" > "$wlog" 2>&1 < /dev/null
[1600/2243] S110one_wd.perm__init dump=0 restore=0 verdict=ok
pbsprobe/pbs_sweep.sh: line 296: 1960551 Killed                  setsid bash -c "exec '$wlbin' --port $port --resume_file '$resume_f' $params $extra" > "$wlog" 2>&1 < /dev/null
[1601/2243] S110one_wd.perm__db_open dump=0 restore=0 verdict=ok
pbsprobe/pbs_sweep.sh: line 296: 1961604 Killed                  setsid bash -c "exec '$wlbin' --port $port --resume_file '$resume_f' $params $extra" > "$wlog" 2>&1 < /dev/null
[1602/2243] S110one_wd.perm__workdir dump=0 restore=0 verdict=ok
pbsprobe/pbs_sweep.sh: line 296: 1962653 Killed                  setsid bash -c "exec '$wlbin' --port $port --resume_file '$resume_f' $params $extra" > "$wlog" 2>&1 < /dev/null
[1603/2243] S110one_wd.perm__epg_index dump=0 restore=0 verdict=ok
[1604/2243] S110one_wd.perm__ready dump=1 restore=na verdict=dump_fail
pbsprobe/pbs_sweep.sh: line 257: 1963706 Killed                  setsid bash -c "exec '$wlbin' --port $port --resume_file '$resume_f' $params $extra" > "$wlog" 2>&1 < /dev/null
[1605/2243] S110one_wd.perm__steady dump=1 restore=na verdict=dump_fail
pbsprobe/pbs_sweep.sh: line 257: 1964775 Killed                  setsid bash -c "exec '$wlbin' --port $port --resume_file '$resume_f' $params $extra" > "$wlog" 2>&1 < /dev/null
pbsprobe/pbs_sweep.sh: line 296: 1965900 Killed                  setsid bash -c "exec '$wlbin' --port $port --resume_file '$resume_f' $params $extra" > "$wlog" 2>&1 < /dev/null
[1606/2243] S111one_journal.stri__init dump=0 restore=0 verdict=ok
pbsprobe/pbs_sweep.sh: line 296: 1966969 Killed                  setsid bash -c "exec '$wlbin' --port $port --resume_file '$resume_f' $params $extra" > "$wlog" 2>&1 < /dev/null
[1607/2243] S111one_journal.stri__db_open dump=0 restore=0 verdict=ok
pbsprobe/pbs_sweep.sh: line 296: 1968022 Killed                  setsid bash -c "exec '$wlbin' --port $port --resume_file '$resume_f' $params $extra" > "$wlog" 2>&1 < /dev/null
[1608/2243] S111one_journal.stri__tmp_journal dump=0 restore=0 verdict=ok
pbsprobe/pbs_sweep.sh: line 296: 1969071 Killed                  setsid bash -c "exec '$wlbin' --port $port --resume_file '$resume_f' $params $extra" > "$wlog" 2>&1 < /dev/null
[1609/2243] S111one_journal.stri__epg_index dump=0 restore=0 verdict=ok
[1610/2243] S111one_journal.stri__ready dump=1 restore=na verdict=dump_fail
pbsprobe/pbs_sweep.sh: line 257: 1970120 Killed                  setsid bash -c "exec '$wlbin' --port $port --resume_file '$resume_f' $params $extra" > "$wlog" 2>&1 < /dev/null
[1611/2243] S111one_journal.stri__steady dump=1 restore=na verdict=dump_fail
pbsprobe/pbs_sweep.sh: line 257: 1971193 Killed                  setsid bash -c "exec '$wlbin' --port $port --resume_file '$resume_f' $params $extra" > "$wlog" 2>&1 < /dev/null
pbsprobe/pbs_sweep.sh: line 296: 1972314 Killed                  setsid bash -c "exec '$wlbin' --port $port --resume_file '$resume_f' $params $extra" > "$wlog" 2>&1 < /dev/null
[1612/2243] S112one_journal.ext___init dump=0 restore=0 verdict=ok
pbsprobe/pbs_sweep.sh: line 296: 1973379 Killed                  setsid bash -c "exec '$wlbin' --port $port --resume_file '$resume_f' $params $extra" > "$wlog" 2>&1 < /dev/null
[1613/2243] S112one_journal.ext___db_open dump=0 restore=0 verdict=ok
pbsprobe/pbs_sweep.sh: line 296: 1974438 Killed                  setsid bash -c "exec '$wlbin' --port $port --resume_file '$resume_f' $params $extra" > "$wlog" 2>&1 < /dev/null
[1614/2243] S112one_journal.ext___tmp_journal dump=0 restore=0 verdict=ok
pbsprobe/pbs_sweep.sh: line 296: 1975483 Killed                  setsid bash -c "exec '$wlbin' --port $port --resume_file '$resume_f' $params $extra" > "$wlog" 2>&1 < /dev/null
[1615/2243] S112one_journal.ext___epg_index dump=0 restore=0 verdict=ok
[1616/2243] S112one_journal.ext___ready dump=1 restore=na verdict=dump_fail
pbsprobe/pbs_sweep.sh: line 257: 1976540 Killed                  setsid bash -c "exec '$wlbin' --port $port --resume_file '$resume_f' $params $extra" > "$wlog" 2>&1 < /dev/null
[1617/2243] S112one_journal.ext___steady dump=1 restore=na verdict=dump_fail
pbsprobe/pbs_sweep.sh: line 257: 1977621 Killed                  setsid bash -c "exec '$wlbin' --port $port --resume_file '$resume_f' $params $extra" > "$wlog" 2>&1 < /dev/null
pbsprobe/pbs_sweep.sh: line 296: 1978738 Killed                  setsid bash -c "exec '$wlbin' --port $port --resume_file '$resume_f' $params $extra" > "$wlog" 2>&1 < /dev/null
[1618/2243] S113one_journal.tcp___init dump=0 restore=0 verdict=ok
pbsprobe/pbs_sweep.sh: line 296: 1979811 Killed                  setsid bash -c "exec '$wlbin' --port $port --resume_file '$resume_f' $params $extra" > "$wlog" 2>&1 < /dev/null
[1619/2243] S113one_journal.tcp___db_open dump=0 restore=0 verdict=ok
pbsprobe/pbs_sweep.sh: line 296: 1980864 Killed                  setsid bash -c "exec '$wlbin' --port $port --resume_file '$resume_f' $params $extra" > "$wlog" 2>&1 < /dev/null
[1620/2243] S113one_journal.tcp___tmp_journal dump=0 restore=0 verdict=ok
pbsprobe/pbs_sweep.sh: line 296: 1981917 Killed                  setsid bash -c "exec '$wlbin' --port $port --resume_file '$resume_f' $params $extra" > "$wlog" 2>&1 < /dev/null
[1621/2243] S113one_journal.tcp___epg_index dump=0 restore=0 verdict=ok
[1622/2243] S113one_journal.tcp___ready dump=1 restore=na verdict=dump_fail
pbsprobe/pbs_sweep.sh: line 257: 1982970 Killed                  setsid bash -c "exec '$wlbin' --port $port --resume_file '$resume_f' $params $extra" > "$wlog" 2>&1 < /dev/null
[1623/2243] S113one_journal.tcp___steady dump=1 restore=na verdict=dump_fail
pbsprobe/pbs_sweep.sh: line 257: 1984047 Killed                  setsid bash -c "exec '$wlbin' --port $port --resume_file '$resume_f' $params $extra" > "$wlog" 2>&1 < /dev/null
pbsprobe/pbs_sweep.sh: line 296: 1985172 Killed                  setsid bash -c "exec '$wlbin' --port $port --resume_file '$resume_f' $params $extra" > "$wlog" 2>&1 < /dev/null
[1624/2243] S114one_journal.file__init dump=0 restore=0 verdict=ok
pbsprobe/pbs_sweep.sh: line 296: 1986241 Killed                  setsid bash -c "exec '$wlbin' --port $port --resume_file '$resume_f' $params $extra" > "$wlog" 2>&1 < /dev/null
[1625/2243] S114one_journal.file__db_open dump=0 restore=0 verdict=ok
pbsprobe/pbs_sweep.sh: line 296: 1987294 Killed                  setsid bash -c "exec '$wlbin' --port $port --resume_file '$resume_f' $params $extra" > "$wlog" 2>&1 < /dev/null
[1626/2243] S114one_journal.file__tmp_journal dump=0 restore=0 verdict=ok
pbsprobe/pbs_sweep.sh: line 296: 1988339 Killed                  setsid bash -c "exec '$wlbin' --port $port --resume_file '$resume_f' $params $extra" > "$wlog" 2>&1 < /dev/null
[1627/2243] S114one_journal.file__epg_index dump=0 restore=0 verdict=ok
[1628/2243] S114one_journal.file__ready dump=1 restore=na verdict=dump_fail
pbsprobe/pbs_sweep.sh: line 257: 1989420 Killed                  setsid bash -c "exec '$wlbin' --port $port --resume_file '$resume_f' $params $extra" > "$wlog" 2>&1 < /dev/null
[1629/2243] S114one_journal.file__steady dump=1 restore=na verdict=dump_fail
pbsprobe/pbs_sweep.sh: line 257: 1990493 Killed                  setsid bash -c "exec '$wlbin' --port $port --resume_file '$resume_f' $params $extra" > "$wlog" 2>&1 < /dev/null
pbsprobe/pbs_sweep.sh: line 296: 1991618 Killed                  setsid bash -c "exec '$wlbin' --port $port --resume_file '$resume_f' $params $extra" > "$wlog" 2>&1 < /dev/null
[1630/2243] S115one_journal.perm__init dump=0 restore=0 verdict=ok
pbsprobe/pbs_sweep.sh: line 296: 1992687 Killed                  setsid bash -c "exec '$wlbin' --port $port --resume_file '$resume_f' $params $extra" > "$wlog" 2>&1 < /dev/null
[1631/2243] S115one_journal.perm__db_open dump=0 restore=0 verdict=ok
pbsprobe/pbs_sweep.sh: line 296: 1993736 Killed                  setsid bash -c "exec '$wlbin' --port $port --resume_file '$resume_f' $params $extra" > "$wlog" 2>&1 < /dev/null
[1632/2243] S115one_journal.perm__tmp_journal dump=0 restore=0 verdict=ok
pbsprobe/pbs_sweep.sh: line 296: 1994793 Killed                  setsid bash -c "exec '$wlbin' --port $port --resume_file '$resume_f' $params $extra" > "$wlog" 2>&1 < /dev/null
[1633/2243] S115one_journal.perm__epg_index dump=0 restore=0 verdict=ok
[1634/2243] S115one_journal.perm__ready dump=1 restore=na verdict=dump_fail
pbsprobe/pbs_sweep.sh: line 257: 1995846 Killed                  setsid bash -c "exec '$wlbin' --port $port --resume_file '$resume_f' $params $extra" > "$wlog" 2>&1 < /dev/null
[1635/2243] S115one_journal.perm__steady dump=1 restore=na verdict=dump_fail
pbsprobe/pbs_sweep.sh: line 257: 1996915 Killed                  setsid bash -c "exec '$wlbin' --port $port --resume_file '$resume_f' $params $extra" > "$wlog" 2>&1 < /dev/null
pbsprobe/pbs_sweep.sh: line 296: 1998049 Killed                  setsid bash -c "exec '$wlbin' --port $port --resume_file '$resume_f' $params $extra" > "$wlog" 2>&1 < /dev/null
[1636/2243] S116one_render.stri__init dump=0 restore=0 verdict=ok
pbsprobe/pbs_sweep.sh: line 257: 1998042 Killed                  setsid "$BIN_HUB" "${HARGS[@]}" > "$hlog" 2>&1 < /dev/null
pbsprobe/pbs_sweep.sh: line 296: 1999111 Killed                  setsid bash -c "exec '$wlbin' --port $port --resume_file '$resume_f' $params $extra" > "$wlog" 2>&1 < /dev/null
[1637/2243] S116one_render.stri__db_open dump=0 restore=0 verdict=ok
pbsprobe/pbs_sweep.sh: line 257: 1999104 Killed                  setsid "$BIN_HUB" "${HARGS[@]}" > "$hlog" 2>&1 < /dev/null
[1638/2243] S116one_render.stri__render_conn dump=1 restore=na verdict=dump_fail
pbsprobe/pbs_sweep.sh: line 257: 2000158 Killed                  setsid "$BIN_HUB" "${HARGS[@]}" > "$hlog" 2>&1 < /dev/null
pbsprobe/pbs_sweep.sh: line 257: 2000165 Killed                  setsid bash -c "exec '$wlbin' --port $port --resume_file '$resume_f' $params $extra" > "$wlog" 2>&1 < /dev/null
pbsprobe/pbs_sweep.sh: line 296: 2001082 Killed                  setsid bash -c "exec '$wlbin' --port $port --resume_file '$resume_f' $params $extra" > "$wlog" 2>&1 < /dev/null
[1639/2243] S116one_render.stri__epg_index dump=0 restore=0 verdict=ok
pbsprobe/pbs_sweep.sh: line 257: 2001075 Killed                  setsid "$BIN_HUB" "${HARGS[@]}" > "$hlog" 2>&1 < /dev/null
[1640/2243] S116one_render.stri__ready dump=1 restore=na verdict=dump_fail
pbsprobe/pbs_sweep.sh: line 257: 2002133 Killed                  setsid "$BIN_HUB" "${HARGS[@]}" > "$hlog" 2>&1 < /dev/null
pbsprobe/pbs_sweep.sh: line 257: 2002140 Killed                  setsid bash -c "exec '$wlbin' --port $port --resume_file '$resume_f' $params $extra" > "$wlog" 2>&1 < /dev/null
[1641/2243] S116one_render.stri__steady dump=1 restore=na verdict=dump_fail
pbsprobe/pbs_sweep.sh: line 257: 2003211 Killed                  setsid "$BIN_HUB" "${HARGS[@]}" > "$hlog" 2>&1 < /dev/null
pbsprobe/pbs_sweep.sh: line 257: 2003218 Killed                  setsid bash -c "exec '$wlbin' --port $port --resume_file '$resume_f' $params $extra" > "$wlog" 2>&1 < /dev/null
pbsprobe/pbs_sweep.sh: line 296: 2004348 Killed                  setsid bash -c "exec '$wlbin' --port $port --resume_file '$resume_f' $params $extra" > "$wlog" 2>&1 < /dev/null
[1642/2243] S117one_render.ext___init dump=0 restore=0 verdict=ok
pbsprobe/pbs_sweep.sh: line 257: 2004341 Killed                  setsid "$BIN_HUB" "${HARGS[@]}" > "$hlog" 2>&1 < /dev/null
pbsprobe/pbs_sweep.sh: line 296: 2005422 Killed                  setsid bash -c "exec '$wlbin' --port $port --resume_file '$resume_f' $params $extra" > "$wlog" 2>&1 < /dev/null
[1643/2243] S117one_render.ext___db_open dump=0 restore=0 verdict=ok
pbsprobe/pbs_sweep.sh: line 257: 2005415 Killed                  setsid "$BIN_HUB" "${HARGS[@]}" > "$hlog" 2>&1 < /dev/null
[1644/2243] S117one_render.ext___render_conn dump=1 restore=na verdict=dump_fail
pbsprobe/pbs_sweep.sh: line 257: 2006465 Killed                  setsid "$BIN_HUB" "${HARGS[@]}" > "$hlog" 2>&1 < /dev/null
pbsprobe/pbs_sweep.sh: line 257: 2006472 Killed                  setsid bash -c "exec '$wlbin' --port $port --resume_file '$resume_f' $params $extra" > "$wlog" 2>&1 < /dev/null
pbsprobe/pbs_sweep.sh: line 296: 2007389 Killed                  setsid bash -c "exec '$wlbin' --port $port --resume_file '$resume_f' $params $extra" > "$wlog" 2>&1 < /dev/null
[1645/2243] S117one_render.ext___epg_index dump=0 restore=0 verdict=ok
pbsprobe/pbs_sweep.sh: line 257: 2007382 Killed                  setsid "$BIN_HUB" "${HARGS[@]}" > "$hlog" 2>&1 < /dev/null
[1646/2243] S117one_render.ext___ready dump=1 restore=na verdict=dump_fail
pbsprobe/pbs_sweep.sh: line 257: 2008436 Killed                  setsid "$BIN_HUB" "${HARGS[@]}" > "$hlog" 2>&1 < /dev/null
pbsprobe/pbs_sweep.sh: line 257: 2008443 Killed                  setsid bash -c "exec '$wlbin' --port $port --resume_file '$resume_f' $params $extra" > "$wlog" 2>&1 < /dev/null
[1647/2243] S117one_render.ext___steady dump=1 restore=na verdict=dump_fail
pbsprobe/pbs_sweep.sh: line 257: 2009514 Killed                  setsid "$BIN_HUB" "${HARGS[@]}" > "$hlog" 2>&1 < /dev/null
pbsprobe/pbs_sweep.sh: line 257: 2009521 Killed                  setsid bash -c "exec '$wlbin' --port $port --resume_file '$resume_f' $params $extra" > "$wlog" 2>&1 < /dev/null
pbsprobe/pbs_sweep.sh: line 296: 2010671 Killed                  setsid bash -c "exec '$wlbin' --port $port --resume_file '$resume_f' $params $extra" > "$wlog" 2>&1 < /dev/null
[1648/2243] S118one_render.tcp___init dump=0 restore=0 verdict=ok
pbsprobe/pbs_sweep.sh: line 257: 2010664 Killed                  setsid "$BIN_HUB" "${HARGS[@]}" > "$hlog" 2>&1 < /dev/null
pbsprobe/pbs_sweep.sh: line 296: 2011733 Killed                  setsid bash -c "exec '$wlbin' --port $port --resume_file '$resume_f' $params $extra" > "$wlog" 2>&1 < /dev/null
[1649/2243] S118one_render.tcp___db_open dump=0 restore=0 verdict=ok
pbsprobe/pbs_sweep.sh: line 257: 2011726 Killed                  setsid "$BIN_HUB" "${HARGS[@]}" > "$hlog" 2>&1 < /dev/null
[1650/2243] S118one_render.tcp___render_conn dump=1 restore=na verdict=dump_fail
pbsprobe/pbs_sweep.sh: line 257: 2012772 Killed                  setsid "$BIN_HUB" "${HARGS[@]}" > "$hlog" 2>&1 < /dev/null
pbsprobe/pbs_sweep.sh: line 257: 2012779 Killed                  setsid bash -c "exec '$wlbin' --port $port --resume_file '$resume_f' $params $extra" > "$wlog" 2>&1 < /dev/null
pbsprobe/pbs_sweep.sh: line 296: 2013692 Killed                  setsid bash -c "exec '$wlbin' --port $port --resume_file '$resume_f' $params $extra" > "$wlog" 2>&1 < /dev/null
[1651/2243] S118one_render.tcp___epg_index dump=0 restore=0 verdict=ok
pbsprobe/pbs_sweep.sh: line 257: 2013685 Killed                  setsid "$BIN_HUB" "${HARGS[@]}" > "$hlog" 2>&1 < /dev/null
[1652/2243] S118one_render.tcp___ready dump=1 restore=na verdict=dump_fail
pbsprobe/pbs_sweep.sh: line 257: 2014759 Killed                  setsid "$BIN_HUB" "${HARGS[@]}" > "$hlog" 2>&1 < /dev/null
pbsprobe/pbs_sweep.sh: line 257: 2014766 Killed                  setsid bash -c "exec '$wlbin' --port $port --resume_file '$resume_f' $params $extra" > "$wlog" 2>&1 < /dev/null
[1653/2243] S118one_render.tcp___steady dump=1 restore=na verdict=dump_fail
pbsprobe/pbs_sweep.sh: line 257: 2015837 Killed                  setsid "$BIN_HUB" "${HARGS[@]}" > "$hlog" 2>&1 < /dev/null
pbsprobe/pbs_sweep.sh: line 257: 2015844 Killed                  setsid bash -c "exec '$wlbin' --port $port --resume_file '$resume_f' $params $extra" > "$wlog" 2>&1 < /dev/null
pbsprobe/pbs_sweep.sh: line 296: 2016970 Killed                  setsid bash -c "exec '$wlbin' --port $port --resume_file '$resume_f' $params $extra" > "$wlog" 2>&1 < /dev/null
[1654/2243] S119one_render.file__init dump=0 restore=0 verdict=ok
pbsprobe/pbs_sweep.sh: line 257: 2016963 Killed                  setsid "$BIN_HUB" "${HARGS[@]}" > "$hlog" 2>&1 < /dev/null
pbsprobe/pbs_sweep.sh: line 296: 2018036 Killed                  setsid bash -c "exec '$wlbin' --port $port --resume_file '$resume_f' $params $extra" > "$wlog" 2>&1 < /dev/null
[1655/2243] S119one_render.file__db_open dump=0 restore=0 verdict=ok
pbsprobe/pbs_sweep.sh: line 257: 2018029 Killed                  setsid "$BIN_HUB" "${HARGS[@]}" > "$hlog" 2>&1 < /dev/null
[1656/2243] S119one_render.file__render_conn dump=1 restore=na verdict=dump_fail
pbsprobe/pbs_sweep.sh: line 257: 2019087 Killed                  setsid "$BIN_HUB" "${HARGS[@]}" > "$hlog" 2>&1 < /dev/null
pbsprobe/pbs_sweep.sh: line 257: 2019094 Killed                  setsid bash -c "exec '$wlbin' --port $port --resume_file '$resume_f' $params $extra" > "$wlog" 2>&1 < /dev/null
pbsprobe/pbs_sweep.sh: line 296: 2020011 Killed                  setsid bash -c "exec '$wlbin' --port $port --resume_file '$resume_f' $params $extra" > "$wlog" 2>&1 < /dev/null
[1657/2243] S119one_render.file__epg_index dump=0 restore=0 verdict=ok
pbsprobe/pbs_sweep.sh: line 257: 2020004 Killed                  setsid "$BIN_HUB" "${HARGS[@]}" > "$hlog" 2>&1 < /dev/null
[1658/2243] S119one_render.file__ready dump=1 restore=na verdict=dump_fail
pbsprobe/pbs_sweep.sh: line 257: 2021054 Killed                  setsid "$BIN_HUB" "${HARGS[@]}" > "$hlog" 2>&1 < /dev/null
pbsprobe/pbs_sweep.sh: line 257: 2021061 Killed                  setsid bash -c "exec '$wlbin' --port $port --resume_file '$resume_f' $params $extra" > "$wlog" 2>&1 < /dev/null
[1659/2243] S119one_render.file__steady dump=1 restore=na verdict=dump_fail
pbsprobe/pbs_sweep.sh: line 257: 2022136 Killed                  setsid "$BIN_HUB" "${HARGS[@]}" > "$hlog" 2>&1 < /dev/null
pbsprobe/pbs_sweep.sh: line 257: 2022143 Killed                  setsid bash -c "exec '$wlbin' --port $port --resume_file '$resume_f' $params $extra" > "$wlog" 2>&1 < /dev/null
pbsprobe/pbs_sweep.sh: line 296: 2023273 Killed                  setsid bash -c "exec '$wlbin' --port $port --resume_file '$resume_f' $params $extra" > "$wlog" 2>&1 < /dev/null
[1660/2243] S120one_render.perm__init dump=0 restore=0 verdict=ok
pbsprobe/pbs_sweep.sh: line 257: 2023266 Killed                  setsid "$BIN_HUB" "${HARGS[@]}" > "$hlog" 2>&1 < /dev/null
pbsprobe/pbs_sweep.sh: line 296: 2024351 Killed                  setsid bash -c "exec '$wlbin' --port $port --resume_file '$resume_f' $params $extra" > "$wlog" 2>&1 < /dev/null
[1661/2243] S120one_render.perm__db_open dump=0 restore=0 verdict=ok
pbsprobe/pbs_sweep.sh: line 257: 2024344 Killed                  setsid "$BIN_HUB" "${HARGS[@]}" > "$hlog" 2>&1 < /dev/null
[1662/2243] S120one_render.perm__render_conn dump=1 restore=na verdict=dump_fail
pbsprobe/pbs_sweep.sh: line 257: 2025394 Killed                  setsid "$BIN_HUB" "${HARGS[@]}" > "$hlog" 2>&1 < /dev/null
pbsprobe/pbs_sweep.sh: line 257: 2025401 Killed                  setsid bash -c "exec '$wlbin' --port $port --resume_file '$resume_f' $params $extra" > "$wlog" 2>&1 < /dev/null
pbsprobe/pbs_sweep.sh: line 296: 2026318 Killed                  setsid bash -c "exec '$wlbin' --port $port --resume_file '$resume_f' $params $extra" > "$wlog" 2>&1 < /dev/null
[1663/2243] S120one_render.perm__epg_index dump=0 restore=0 verdict=ok
pbsprobe/pbs_sweep.sh: line 257: 2026311 Killed                  setsid "$BIN_HUB" "${HARGS[@]}" > "$hlog" 2>&1 < /dev/null
[1664/2243] S120one_render.perm__ready dump=1 restore=na verdict=dump_fail
pbsprobe/pbs_sweep.sh: line 257: 2027357 Killed                  setsid "$BIN_HUB" "${HARGS[@]}" > "$hlog" 2>&1 < /dev/null
pbsprobe/pbs_sweep.sh: line 257: 2027364 Killed                  setsid bash -c "exec '$wlbin' --port $port --resume_file '$resume_f' $params $extra" > "$wlog" 2>&1 < /dev/null
[1665/2243] S120one_render.perm__steady dump=1 restore=na verdict=dump_fail
pbsprobe/pbs_sweep.sh: line 257: 2028431 Killed                  setsid "$BIN_HUB" "${HARGS[@]}" > "$hlog" 2>&1 < /dev/null
pbsprobe/pbs_sweep.sh: line 257: 2028438 Killed                  setsid bash -c "exec '$wlbin' --port $port --resume_file '$resume_f' $params $extra" > "$wlog" 2>&1 < /dev/null
pbsprobe/pbs_sweep.sh: line 296: 2029559 Killed                  setsid bash -c "exec '$wlbin' --port $port --resume_file '$resume_f' $params $extra" > "$wlog" 2>&1 < /dev/null
[1666/2243] S121one_epoll.stri__init dump=0 restore=0 verdict=ok
pbsprobe/pbs_sweep.sh: line 296: 2030672 Killed                  setsid bash -c "exec '$wlbin' --port $port --resume_file '$resume_f' $params $extra" > "$wlog" 2>&1 < /dev/null
[1667/2243] S121one_epoll.stri__db_open dump=0 restore=0 verdict=ok
pbsprobe/pbs_sweep.sh: line 296: 2031773 Killed                  setsid bash -c "exec '$wlbin' --port $port --resume_file '$resume_f' $params $extra" > "$wlog" 2>&1 < /dev/null
[1668/2243] S121one_epoll.stri__epoll_open dump=0 restore=0 verdict=ok
pbsprobe/pbs_sweep.sh: line 296: 2032878 Killed                  setsid bash -c "exec '$wlbin' --port $port --resume_file '$resume_f' $params $extra" > "$wlog" 2>&1 < /dev/null
[1669/2243] S121one_epoll.stri__epg_index dump=0 restore=0 verdict=ok
[1670/2243] S121one_epoll.stri__ready dump=1 restore=na verdict=dump_fail
pbsprobe/pbs_sweep.sh: line 257: 2033967 Killed                  setsid bash -c "exec '$wlbin' --port $port --resume_file '$resume_f' $params $extra" > "$wlog" 2>&1 < /dev/null
[1671/2243] S121one_epoll.stri__steady dump=1 restore=na verdict=dump_fail
pbsprobe/pbs_sweep.sh: line 257: 2035088 Killed                  setsid bash -c "exec '$wlbin' --port $port --resume_file '$resume_f' $params $extra" > "$wlog" 2>&1 < /dev/null
pbsprobe/pbs_sweep.sh: line 296: 2036269 Killed                  setsid bash -c "exec '$wlbin' --port $port --resume_file '$resume_f' $params $extra" > "$wlog" 2>&1 < /dev/null
[1672/2243] S122one_epoll.ext___init dump=0 restore=0 verdict=ok
pbsprobe/pbs_sweep.sh: line 296: 2037390 Killed                  setsid bash -c "exec '$wlbin' --port $port --resume_file '$resume_f' $params $extra" > "$wlog" 2>&1 < /dev/null
[1673/2243] S122one_epoll.ext___db_open dump=0 restore=0 verdict=ok
pbsprobe/pbs_sweep.sh: line 296: 2038499 Killed                  setsid bash -c "exec '$wlbin' --port $port --resume_file '$resume_f' $params $extra" > "$wlog" 2>&1 < /dev/null
[1674/2243] S122one_epoll.ext___epoll_open dump=0 restore=0 verdict=ok
pbsprobe/pbs_sweep.sh: line 296: 2039596 Killed                  setsid bash -c "exec '$wlbin' --port $port --resume_file '$resume_f' $params $extra" > "$wlog" 2>&1 < /dev/null
[1675/2243] S122one_epoll.ext___epg_index dump=0 restore=0 verdict=ok
[1676/2243] S122one_epoll.ext___ready dump=1 restore=na verdict=dump_fail
pbsprobe/pbs_sweep.sh: line 257: 2040693 Killed                  setsid bash -c "exec '$wlbin' --port $port --resume_file '$resume_f' $params $extra" > "$wlog" 2>&1 < /dev/null
[1677/2243] S122one_epoll.ext___steady dump=1 restore=na verdict=dump_fail
pbsprobe/pbs_sweep.sh: line 257: 2041822 Killed                  setsid bash -c "exec '$wlbin' --port $port --resume_file '$resume_f' $params $extra" > "$wlog" 2>&1 < /dev/null
pbsprobe/pbs_sweep.sh: line 296: 2042995 Killed                  setsid bash -c "exec '$wlbin' --port $port --resume_file '$resume_f' $params $extra" > "$wlog" 2>&1 < /dev/null
[1678/2243] S123one_epoll.tcp___init dump=0 restore=0 verdict=ok
pbsprobe/pbs_sweep.sh: line 296: 2044112 Killed                  setsid bash -c "exec '$wlbin' --port $port --resume_file '$resume_f' $params $extra" > "$wlog" 2>&1 < /dev/null
[1679/2243] S123one_epoll.tcp___db_open dump=0 restore=0 verdict=ok
pbsprobe/pbs_sweep.sh: line 296: 2045213 Killed                  setsid bash -c "exec '$wlbin' --port $port --resume_file '$resume_f' $params $extra" > "$wlog" 2>&1 < /dev/null
[1680/2243] S123one_epoll.tcp___epoll_open dump=0 restore=0 verdict=ok
pbsprobe/pbs_sweep.sh: line 296: 2046310 Killed                  setsid bash -c "exec '$wlbin' --port $port --resume_file '$resume_f' $params $extra" > "$wlog" 2>&1 < /dev/null
[1681/2243] S123one_epoll.tcp___epg_index dump=0 restore=0 verdict=ok
[1682/2243] S123one_epoll.tcp___ready dump=1 restore=na verdict=dump_fail
pbsprobe/pbs_sweep.sh: line 257: 2047411 Killed                  setsid bash -c "exec '$wlbin' --port $port --resume_file '$resume_f' $params $extra" > "$wlog" 2>&1 < /dev/null
[1683/2243] S123one_epoll.tcp___steady dump=1 restore=na verdict=dump_fail
pbsprobe/pbs_sweep.sh: line 257: 2048540 Killed                  setsid bash -c "exec '$wlbin' --port $port --resume_file '$resume_f' $params $extra" > "$wlog" 2>&1 < /dev/null
pbsprobe/pbs_sweep.sh: line 296: 2049717 Killed                  setsid bash -c "exec '$wlbin' --port $port --resume_file '$resume_f' $params $extra" > "$wlog" 2>&1 < /dev/null
[1684/2243] S124one_epoll.file__init dump=0 restore=0 verdict=ok
pbsprobe/pbs_sweep.sh: line 296: 2050830 Killed                  setsid bash -c "exec '$wlbin' --port $port --resume_file '$resume_f' $params $extra" > "$wlog" 2>&1 < /dev/null
[1685/2243] S124one_epoll.file__db_open dump=0 restore=0 verdict=ok
pbsprobe/pbs_sweep.sh: line 296: 2051939 Killed                  setsid bash -c "exec '$wlbin' --port $port --resume_file '$resume_f' $params $extra" > "$wlog" 2>&1 < /dev/null
[1686/2243] S124one_epoll.file__epoll_open dump=0 restore=0 verdict=ok
pbsprobe/pbs_sweep.sh: line 296: 2053044 Killed                  setsid bash -c "exec '$wlbin' --port $port --resume_file '$resume_f' $params $extra" > "$wlog" 2>&1 < /dev/null
[1687/2243] S124one_epoll.file__epg_index dump=0 restore=0 verdict=ok
[1688/2243] S124one_epoll.file__ready dump=1 restore=na verdict=dump_fail
pbsprobe/pbs_sweep.sh: line 257: 2054145 Killed                  setsid bash -c "exec '$wlbin' --port $port --resume_file '$resume_f' $params $extra" > "$wlog" 2>&1 < /dev/null
[1689/2243] S124one_epoll.file__steady dump=1 restore=na verdict=dump_fail
pbsprobe/pbs_sweep.sh: line 257: 2055270 Killed                  setsid bash -c "exec '$wlbin' --port $port --resume_file '$resume_f' $params $extra" > "$wlog" 2>&1 < /dev/null
pbsprobe/pbs_sweep.sh: line 296: 2056447 Killed                  setsid bash -c "exec '$wlbin' --port $port --resume_file '$resume_f' $params $extra" > "$wlog" 2>&1 < /dev/null
[1690/2243] S125one_epoll.perm__init dump=0 restore=0 verdict=ok
pbsprobe/pbs_sweep.sh: line 296: 2057568 Killed                  setsid bash -c "exec '$wlbin' --port $port --resume_file '$resume_f' $params $extra" > "$wlog" 2>&1 < /dev/null
[1691/2243] S125one_epoll.perm__db_open dump=0 restore=0 verdict=ok
pbsprobe/pbs_sweep.sh: line 296: 2058673 Killed                  setsid bash -c "exec '$wlbin' --port $port --resume_file '$resume_f' $params $extra" > "$wlog" 2>&1 < /dev/null
[1692/2243] S125one_epoll.perm__epoll_open dump=0 restore=0 verdict=ok
pbsprobe/pbs_sweep.sh: line 296: 2059774 Killed                  setsid bash -c "exec '$wlbin' --port $port --resume_file '$resume_f' $params $extra" > "$wlog" 2>&1 < /dev/null
[1693/2243] S125one_epoll.perm__epg_index dump=0 restore=0 verdict=ok
[1694/2243] S125one_epoll.perm__ready dump=1 restore=na verdict=dump_fail
pbsprobe/pbs_sweep.sh: line 257: 2060875 Killed                  setsid bash -c "exec '$wlbin' --port $port --resume_file '$resume_f' $params $extra" > "$wlog" 2>&1 < /dev/null
[1695/2243] S125one_epoll.perm__steady dump=1 restore=na verdict=dump_fail
pbsprobe/pbs_sweep.sh: line 257: 2062000 Killed                  setsid bash -c "exec '$wlbin' --port $port --resume_file '$resume_f' $params $extra" > "$wlog" 2>&1 < /dev/null
pbsprobe/pbs_sweep.sh: line 296: 2063185 Killed                  setsid bash -c "exec '$wlbin' --port $port --resume_file '$resume_f' $params $extra" > "$wlog" 2>&1 < /dev/null
[1696/2243] S126one_listen.stri__init dump=0 restore=0 verdict=ok
pbsprobe/pbs_sweep.sh: line 296: 2064254 Killed                  setsid bash -c "exec '$wlbin' --port $port --resume_file '$resume_f' $params $extra" > "$wlog" 2>&1 < /dev/null
[1697/2243] S126one_listen.stri__db_open dump=0 restore=0 verdict=ok
pbsprobe/pbs_sweep.sh: line 296: 2065315 Killed                  setsid bash -c "exec '$wlbin' --port $port --resume_file '$resume_f' $params $extra" > "$wlog" 2>&1 < /dev/null
[1698/2243] S126one_listen.stri__svc_listen dump=0 restore=0 verdict=ok
pbsprobe/pbs_sweep.sh: line 296: 2066364 Killed                  setsid bash -c "exec '$wlbin' --port $port --resume_file '$resume_f' $params $extra" > "$wlog" 2>&1 < /dev/null
[1699/2243] S126one_listen.stri__epg_index dump=0 restore=0 verdict=ok
[1700/2243] S126one_listen.stri__ready dump=1 restore=na verdict=dump_fail
pbsprobe/pbs_sweep.sh: line 257: 2067425 Killed                  setsid bash -c "exec '$wlbin' --port $port --resume_file '$resume_f' $params $extra" > "$wlog" 2>&1 < /dev/null
[1701/2243] S126one_listen.stri__steady dump=1 restore=na verdict=dump_fail
pbsprobe/pbs_sweep.sh: line 257: 2068502 Killed                  setsid bash -c "exec '$wlbin' --port $port --resume_file '$resume_f' $params $extra" > "$wlog" 2>&1 < /dev/null
pbsprobe/pbs_sweep.sh: line 296: 2069627 Killed                  setsid bash -c "exec '$wlbin' --port $port --resume_file '$resume_f' $params $extra" > "$wlog" 2>&1 < /dev/null
[1702/2243] S127one_listen.ext___init dump=0 restore=0 verdict=ok
pbsprobe/pbs_sweep.sh: line 296: 2070696 Killed                  setsid bash -c "exec '$wlbin' --port $port --resume_file '$resume_f' $params $extra" > "$wlog" 2>&1 < /dev/null
[1703/2243] S127one_listen.ext___db_open dump=0 restore=0 verdict=ok
pbsprobe/pbs_sweep.sh: line 296: 2071745 Killed                  setsid bash -c "exec '$wlbin' --port $port --resume_file '$resume_f' $params $extra" > "$wlog" 2>&1 < /dev/null
[1704/2243] S127one_listen.ext___svc_listen dump=0 restore=0 verdict=ok
pbsprobe/pbs_sweep.sh: line 296: 2072798 Killed                  setsid bash -c "exec '$wlbin' --port $port --resume_file '$resume_f' $params $extra" > "$wlog" 2>&1 < /dev/null
[1705/2243] S127one_listen.ext___epg_index dump=0 restore=0 verdict=ok
[1706/2243] S127one_listen.ext___ready dump=1 restore=na verdict=dump_fail
pbsprobe/pbs_sweep.sh: line 257: 2073875 Killed                  setsid bash -c "exec '$wlbin' --port $port --resume_file '$resume_f' $params $extra" > "$wlog" 2>&1 < /dev/null
[1707/2243] S127one_listen.ext___steady dump=1 restore=na verdict=dump_fail
pbsprobe/pbs_sweep.sh: line 257: 2074952 Killed                  setsid bash -c "exec '$wlbin' --port $port --resume_file '$resume_f' $params $extra" > "$wlog" 2>&1 < /dev/null
pbsprobe/pbs_sweep.sh: line 296: 2076085 Killed                  setsid bash -c "exec '$wlbin' --port $port --resume_file '$resume_f' $params $extra" > "$wlog" 2>&1 < /dev/null
[1708/2243] S128one_listen.tcp___init dump=0 restore=0 verdict=ok
pbsprobe/pbs_sweep.sh: line 296: 2077154 Killed                  setsid bash -c "exec '$wlbin' --port $port --resume_file '$resume_f' $params $extra" > "$wlog" 2>&1 < /dev/null
[1709/2243] S128one_listen.tcp___db_open dump=0 restore=0 verdict=ok
pbsprobe/pbs_sweep.sh: line 296: 2078207 Killed                  setsid bash -c "exec '$wlbin' --port $port --resume_file '$resume_f' $params $extra" > "$wlog" 2>&1 < /dev/null
[1710/2243] S128one_listen.tcp___svc_listen dump=0 restore=0 verdict=ok
pbsprobe/pbs_sweep.sh: line 296: 2079264 Killed                  setsid bash -c "exec '$wlbin' --port $port --resume_file '$resume_f' $params $extra" > "$wlog" 2>&1 < /dev/null
[1711/2243] S128one_listen.tcp___epg_index dump=0 restore=0 verdict=ok
[1712/2243] S128one_listen.tcp___ready dump=1 restore=na verdict=dump_fail
pbsprobe/pbs_sweep.sh: line 257: 2080317 Killed                  setsid bash -c "exec '$wlbin' --port $port --resume_file '$resume_f' $params $extra" > "$wlog" 2>&1 < /dev/null
[1713/2243] S128one_listen.tcp___steady dump=1 restore=na verdict=dump_fail
pbsprobe/pbs_sweep.sh: line 257: 2081394 Killed                  setsid bash -c "exec '$wlbin' --port $port --resume_file '$resume_f' $params $extra" > "$wlog" 2>&1 < /dev/null
pbsprobe/pbs_sweep.sh: line 296: 2082519 Killed                  setsid bash -c "exec '$wlbin' --port $port --resume_file '$resume_f' $params $extra" > "$wlog" 2>&1 < /dev/null
[1714/2243] S129one_listen.file__init dump=0 restore=0 verdict=ok
pbsprobe/pbs_sweep.sh: line 296: 2083584 Killed                  setsid bash -c "exec '$wlbin' --port $port --resume_file '$resume_f' $params $extra" > "$wlog" 2>&1 < /dev/null
[1715/2243] S129one_listen.file__db_open dump=0 restore=0 verdict=ok
pbsprobe/pbs_sweep.sh: line 296: 2084641 Killed                  setsid bash -c "exec '$wlbin' --port $port --resume_file '$resume_f' $params $extra" > "$wlog" 2>&1 < /dev/null
[1716/2243] S129one_listen.file__svc_listen dump=0 restore=0 verdict=ok
pbsprobe/pbs_sweep.sh: line 296: 2085702 Killed                  setsid bash -c "exec '$wlbin' --port $port --resume_file '$resume_f' $params $extra" > "$wlog" 2>&1 < /dev/null
[1717/2243] S129one_listen.file__epg_index dump=0 restore=0 verdict=ok
[1718/2243] S129one_listen.file__ready dump=1 restore=na verdict=dump_fail
pbsprobe/pbs_sweep.sh: line 257: 2086763 Killed                  setsid bash -c "exec '$wlbin' --port $port --resume_file '$resume_f' $params $extra" > "$wlog" 2>&1 < /dev/null
[1719/2243] S129one_listen.file__steady dump=1 restore=na verdict=dump_fail
pbsprobe/pbs_sweep.sh: line 257: 2087852 Killed                  setsid bash -c "exec '$wlbin' --port $port --resume_file '$resume_f' $params $extra" > "$wlog" 2>&1 < /dev/null
pbsprobe/pbs_sweep.sh: line 296: 2088981 Killed                  setsid bash -c "exec '$wlbin' --port $port --resume_file '$resume_f' $params $extra" > "$wlog" 2>&1 < /dev/null
[1720/2243] S130one_listen.perm__init dump=0 restore=0 verdict=ok
pbsprobe/pbs_sweep.sh: line 296: 2090046 Killed                  setsid bash -c "exec '$wlbin' --port $port --resume_file '$resume_f' $params $extra" > "$wlog" 2>&1 < /dev/null
[1721/2243] S130one_listen.perm__db_open dump=0 restore=0 verdict=ok
pbsprobe/pbs_sweep.sh: line 296: 2091099 Killed                  setsid bash -c "exec '$wlbin' --port $port --resume_file '$resume_f' $params $extra" > "$wlog" 2>&1 < /dev/null
[1722/2243] S130one_listen.perm__svc_listen dump=0 restore=0 verdict=ok
pbsprobe/pbs_sweep.sh: line 296: 2092148 Killed                  setsid bash -c "exec '$wlbin' --port $port --resume_file '$resume_f' $params $extra" > "$wlog" 2>&1 < /dev/null
[1723/2243] S130one_listen.perm__epg_index dump=0 restore=0 verdict=ok
[1724/2243] S130one_listen.perm__ready dump=1 restore=na verdict=dump_fail
pbsprobe/pbs_sweep.sh: line 257: 2093193 Killed                  setsid bash -c "exec '$wlbin' --port $port --resume_file '$resume_f' $params $extra" > "$wlog" 2>&1 < /dev/null
[1725/2243] S130one_listen.perm__steady dump=1 restore=na verdict=dump_fail
pbsprobe/pbs_sweep.sh: line 257: 2094278 Killed                  setsid bash -c "exec '$wlbin' --port $port --resume_file '$resume_f' $params $extra" > "$wlog" 2>&1 < /dev/null
pbsprobe/pbs_sweep.sh: line 296: 2095411 Killed                  setsid bash -c "exec '$wlbin' --port $port --resume_file '$resume_f' $params $extra" > "$wlog" 2>&1 < /dev/null
[1726/2243] S131one_udp.stri__init dump=0 restore=0 verdict=ok
pbsprobe/pbs_sweep.sh: line 296: 2096472 Killed                  setsid bash -c "exec '$wlbin' --port $port --resume_file '$resume_f' $params $extra" > "$wlog" 2>&1 < /dev/null
[1727/2243] S131one_udp.stri__db_open dump=0 restore=0 verdict=ok
pbsprobe/pbs_sweep.sh: line 296: 2097533 Killed                  setsid bash -c "exec '$wlbin' --port $port --resume_file '$resume_f' $params $extra" > "$wlog" 2>&1 < /dev/null
[1728/2243] S131one_udp.stri__udp_open dump=0 restore=0 verdict=ok
pbsprobe/pbs_sweep.sh: line 296: 2098598 Killed                  setsid bash -c "exec '$wlbin' --port $port --resume_file '$resume_f' $params $extra" > "$wlog" 2>&1 < /dev/null
[1729/2243] S131one_udp.stri__epg_index dump=0 restore=0 verdict=ok
[1730/2243] S131one_udp.stri__ready dump=1 restore=na verdict=dump_fail
pbsprobe/pbs_sweep.sh: line 257: 2099647 Killed                  setsid bash -c "exec '$wlbin' --port $port --resume_file '$resume_f' $params $extra" > "$wlog" 2>&1 < /dev/null
[1731/2243] S131one_udp.stri__steady dump=1 restore=na verdict=dump_fail
pbsprobe/pbs_sweep.sh: line 257: 2100712 Killed                  setsid bash -c "exec '$wlbin' --port $port --resume_file '$resume_f' $params $extra" > "$wlog" 2>&1 < /dev/null
pbsprobe/pbs_sweep.sh: line 296: 2101849 Killed                  setsid bash -c "exec '$wlbin' --port $port --resume_file '$resume_f' $params $extra" > "$wlog" 2>&1 < /dev/null
[1732/2243] S132one_udp.ext___init dump=0 restore=0 verdict=ok
pbsprobe/pbs_sweep.sh: line 296: 2102910 Killed                  setsid bash -c "exec '$wlbin' --port $port --resume_file '$resume_f' $params $extra" > "$wlog" 2>&1 < /dev/null
[1733/2243] S132one_udp.ext___db_open dump=0 restore=0 verdict=ok
pbsprobe/pbs_sweep.sh: line 296: 2103959 Killed                  setsid bash -c "exec '$wlbin' --port $port --resume_file '$resume_f' $params $extra" > "$wlog" 2>&1 < /dev/null
[1734/2243] S132one_udp.ext___udp_open dump=0 restore=0 verdict=ok
pbsprobe/pbs_sweep.sh: line 296: 2105004 Killed                  setsid bash -c "exec '$wlbin' --port $port --resume_file '$resume_f' $params $extra" > "$wlog" 2>&1 < /dev/null
[1735/2243] S132one_udp.ext___epg_index dump=0 restore=0 verdict=ok
[1736/2243] S132one_udp.ext___ready dump=1 restore=na verdict=dump_fail
pbsprobe/pbs_sweep.sh: line 257: 2106053 Killed                  setsid bash -c "exec '$wlbin' --port $port --resume_file '$resume_f' $params $extra" > "$wlog" 2>&1 < /dev/null
[1737/2243] S132one_udp.ext___steady dump=1 restore=na verdict=dump_fail
pbsprobe/pbs_sweep.sh: line 257: 2107118 Killed                  setsid bash -c "exec '$wlbin' --port $port --resume_file '$resume_f' $params $extra" > "$wlog" 2>&1 < /dev/null
pbsprobe/pbs_sweep.sh: line 296: 2108243 Killed                  setsid bash -c "exec '$wlbin' --port $port --resume_file '$resume_f' $params $extra" > "$wlog" 2>&1 < /dev/null
[1738/2243] S133one_udp.tcp___init dump=0 restore=0 verdict=ok
pbsprobe/pbs_sweep.sh: line 296: 2109304 Killed                  setsid bash -c "exec '$wlbin' --port $port --resume_file '$resume_f' $params $extra" > "$wlog" 2>&1 < /dev/null
[1739/2243] S133one_udp.tcp___db_open dump=0 restore=0 verdict=ok
pbsprobe/pbs_sweep.sh: line 296: 2110357 Killed                  setsid bash -c "exec '$wlbin' --port $port --resume_file '$resume_f' $params $extra" > "$wlog" 2>&1 < /dev/null
[1740/2243] S133one_udp.tcp___udp_open dump=0 restore=0 verdict=ok
pbsprobe/pbs_sweep.sh: line 296: 2111398 Killed                  setsid bash -c "exec '$wlbin' --port $port --resume_file '$resume_f' $params $extra" > "$wlog" 2>&1 < /dev/null
[1741/2243] S133one_udp.tcp___epg_index dump=0 restore=0 verdict=ok
[1742/2243] S133one_udp.tcp___ready dump=1 restore=na verdict=dump_fail
pbsprobe/pbs_sweep.sh: line 257: 2112447 Killed                  setsid bash -c "exec '$wlbin' --port $port --resume_file '$resume_f' $params $extra" > "$wlog" 2>&1 < /dev/null
[1743/2243] S133one_udp.tcp___steady dump=1 restore=na verdict=dump_fail
pbsprobe/pbs_sweep.sh: line 257: 2113516 Killed                  setsid bash -c "exec '$wlbin' --port $port --resume_file '$resume_f' $params $extra" > "$wlog" 2>&1 < /dev/null
pbsprobe/pbs_sweep.sh: line 296: 2114633 Killed                  setsid bash -c "exec '$wlbin' --port $port --resume_file '$resume_f' $params $extra" > "$wlog" 2>&1 < /dev/null
[1744/2243] S134one_udp.file__init dump=0 restore=0 verdict=ok
pbsprobe/pbs_sweep.sh: line 296: 2115694 Killed                  setsid bash -c "exec '$wlbin' --port $port --resume_file '$resume_f' $params $extra" > "$wlog" 2>&1 < /dev/null
[1745/2243] S134one_udp.file__db_open dump=0 restore=0 verdict=ok
pbsprobe/pbs_sweep.sh: line 296: 2116739 Killed                  setsid bash -c "exec '$wlbin' --port $port --resume_file '$resume_f' $params $extra" > "$wlog" 2>&1 < /dev/null
[1746/2243] S134one_udp.file__udp_open dump=0 restore=0 verdict=ok
pbsprobe/pbs_sweep.sh: line 296: 2117784 Killed                  setsid bash -c "exec '$wlbin' --port $port --resume_file '$resume_f' $params $extra" > "$wlog" 2>&1 < /dev/null
[1747/2243] S134one_udp.file__epg_index dump=0 restore=0 verdict=ok
[1748/2243] S134one_udp.file__ready dump=1 restore=na verdict=dump_fail
pbsprobe/pbs_sweep.sh: line 257: 2118833 Killed                  setsid bash -c "exec '$wlbin' --port $port --resume_file '$resume_f' $params $extra" > "$wlog" 2>&1 < /dev/null
[1749/2243] S134one_udp.file__steady dump=1 restore=na verdict=dump_fail
pbsprobe/pbs_sweep.sh: line 257: 2119902 Killed                  setsid bash -c "exec '$wlbin' --port $port --resume_file '$resume_f' $params $extra" > "$wlog" 2>&1 < /dev/null
pbsprobe/pbs_sweep.sh: line 296: 2121027 Killed                  setsid bash -c "exec '$wlbin' --port $port --resume_file '$resume_f' $params $extra" > "$wlog" 2>&1 < /dev/null
[1750/2243] S135one_udp.perm__init dump=0 restore=0 verdict=ok
pbsprobe/pbs_sweep.sh: line 296: 2122092 Killed                  setsid bash -c "exec '$wlbin' --port $port --resume_file '$resume_f' $params $extra" > "$wlog" 2>&1 < /dev/null
[1751/2243] S135one_udp.perm__db_open dump=0 restore=0 verdict=ok
pbsprobe/pbs_sweep.sh: line 296: 2123141 Killed                  setsid bash -c "exec '$wlbin' --port $port --resume_file '$resume_f' $params $extra" > "$wlog" 2>&1 < /dev/null
[1752/2243] S135one_udp.perm__udp_open dump=0 restore=0 verdict=ok
pbsprobe/pbs_sweep.sh: line 296: 2124182 Killed                  setsid bash -c "exec '$wlbin' --port $port --resume_file '$resume_f' $params $extra" > "$wlog" 2>&1 < /dev/null
[1753/2243] S135one_udp.perm__epg_index dump=0 restore=0 verdict=ok
[1754/2243] S135one_udp.perm__ready dump=1 restore=na verdict=dump_fail
pbsprobe/pbs_sweep.sh: line 257: 2125223 Killed                  setsid bash -c "exec '$wlbin' --port $port --resume_file '$resume_f' $params $extra" > "$wlog" 2>&1 < /dev/null
[1755/2243] S135one_udp.perm__steady dump=1 restore=na verdict=dump_fail
pbsprobe/pbs_sweep.sh: line 257: 2126288 Killed                  setsid bash -c "exec '$wlbin' --port $port --resume_file '$resume_f' $params $extra" > "$wlog" 2>&1 < /dev/null
pbsprobe/pbs_sweep.sh: line 296: 2127409 Killed                  setsid bash -c "exec '$wlbin' --port $port --resume_file '$resume_f' $params $extra" > "$wlog" 2>&1 < /dev/null
[1756/2243] S136one_netlink.stri__init dump=0 restore=0 verdict=ok
pbsprobe/pbs_sweep.sh: line 296: 2128470 Killed                  setsid bash -c "exec '$wlbin' --port $port --resume_file '$resume_f' $params $extra" > "$wlog" 2>&1 < /dev/null
[1757/2243] S136one_netlink.stri__db_open dump=0 restore=0 verdict=ok
pbsprobe/pbs_sweep.sh: line 296: 2129511 Killed                  setsid bash -c "exec '$wlbin' --port $port --resume_file '$resume_f' $params $extra" > "$wlog" 2>&1 < /dev/null
[1758/2243] S136one_netlink.stri__netlink_open dump=0 restore=0 verdict=ok
pbsprobe/pbs_sweep.sh: line 296: 2130556 Killed                  setsid bash -c "exec '$wlbin' --port $port --resume_file '$resume_f' $params $extra" > "$wlog" 2>&1 < /dev/null
[1759/2243] S136one_netlink.stri__epg_index dump=0 restore=0 verdict=ok
[1760/2243] S136one_netlink.stri__ready dump=1 restore=na verdict=dump_fail
pbsprobe/pbs_sweep.sh: line 257: 2131609 Killed                  setsid bash -c "exec '$wlbin' --port $port --resume_file '$resume_f' $params $extra" > "$wlog" 2>&1 < /dev/null
[1761/2243] S136one_netlink.stri__steady dump=1 restore=na verdict=dump_fail
pbsprobe/pbs_sweep.sh: line 257: 2132686 Killed                  setsid bash -c "exec '$wlbin' --port $port --resume_file '$resume_f' $params $extra" > "$wlog" 2>&1 < /dev/null
pbsprobe/pbs_sweep.sh: line 296: 2133807 Killed                  setsid bash -c "exec '$wlbin' --port $port --resume_file '$resume_f' $params $extra" > "$wlog" 2>&1 < /dev/null
[1762/2243] S137one_netlink.ext___init dump=0 restore=0 verdict=ok
pbsprobe/pbs_sweep.sh: line 296: 2134872 Killed                  setsid bash -c "exec '$wlbin' --port $port --resume_file '$resume_f' $params $extra" > "$wlog" 2>&1 < /dev/null
[1763/2243] S137one_netlink.ext___db_open dump=0 restore=0 verdict=ok
pbsprobe/pbs_sweep.sh: line 296: 2135917 Killed                  setsid bash -c "exec '$wlbin' --port $port --resume_file '$resume_f' $params $extra" > "$wlog" 2>&1 < /dev/null
[1764/2243] S137one_netlink.ext___netlink_open dump=0 restore=0 verdict=ok
pbsprobe/pbs_sweep.sh: line 296: 2136958 Killed                  setsid bash -c "exec '$wlbin' --port $port --resume_file '$resume_f' $params $extra" > "$wlog" 2>&1 < /dev/null
[1765/2243] S137one_netlink.ext___epg_index dump=0 restore=0 verdict=ok
[1766/2243] S137one_netlink.ext___ready dump=1 restore=na verdict=dump_fail
pbsprobe/pbs_sweep.sh: line 257: 2138003 Killed                  setsid bash -c "exec '$wlbin' --port $port --resume_file '$resume_f' $params $extra" > "$wlog" 2>&1 < /dev/null
[1767/2243] S137one_netlink.ext___steady dump=1 restore=na verdict=dump_fail
pbsprobe/pbs_sweep.sh: line 257: 2139072 Killed                  setsid bash -c "exec '$wlbin' --port $port --resume_file '$resume_f' $params $extra" > "$wlog" 2>&1 < /dev/null
pbsprobe/pbs_sweep.sh: line 296: 2140197 Killed                  setsid bash -c "exec '$wlbin' --port $port --resume_file '$resume_f' $params $extra" > "$wlog" 2>&1 < /dev/null
[1768/2243] S138one_netlink.tcp___init dump=0 restore=0 verdict=ok
pbsprobe/pbs_sweep.sh: line 296: 2141266 Killed                  setsid bash -c "exec '$wlbin' --port $port --resume_file '$resume_f' $params $extra" > "$wlog" 2>&1 < /dev/null
[1769/2243] S138one_netlink.tcp___db_open dump=0 restore=0 verdict=ok
pbsprobe/pbs_sweep.sh: line 296: 2142311 Killed                  setsid bash -c "exec '$wlbin' --port $port --resume_file '$resume_f' $params $extra" > "$wlog" 2>&1 < /dev/null
[1770/2243] S138one_netlink.tcp___netlink_open dump=0 restore=0 verdict=ok
pbsprobe/pbs_sweep.sh: line 296: 2143356 Killed                  setsid bash -c "exec '$wlbin' --port $port --resume_file '$resume_f' $params $extra" > "$wlog" 2>&1 < /dev/null
[1771/2243] S138one_netlink.tcp___epg_index dump=0 restore=0 verdict=ok
[1772/2243] S138one_netlink.tcp___ready dump=1 restore=na verdict=dump_fail
pbsprobe/pbs_sweep.sh: line 257: 2144405 Killed                  setsid bash -c "exec '$wlbin' --port $port --resume_file '$resume_f' $params $extra" > "$wlog" 2>&1 < /dev/null
[1773/2243] S138one_netlink.tcp___steady dump=1 restore=na verdict=dump_fail
pbsprobe/pbs_sweep.sh: line 257: 2145478 Killed                  setsid bash -c "exec '$wlbin' --port $port --resume_file '$resume_f' $params $extra" > "$wlog" 2>&1 < /dev/null
pbsprobe/pbs_sweep.sh: line 296: 2146603 Killed                  setsid bash -c "exec '$wlbin' --port $port --resume_file '$resume_f' $params $extra" > "$wlog" 2>&1 < /dev/null
[1774/2243] S139one_netlink.file__init dump=0 restore=0 verdict=ok
pbsprobe/pbs_sweep.sh: line 296: 2147664 Killed                  setsid bash -c "exec '$wlbin' --port $port --resume_file '$resume_f' $params $extra" > "$wlog" 2>&1 < /dev/null
[1775/2243] S139one_netlink.file__db_open dump=0 restore=0 verdict=ok
pbsprobe/pbs_sweep.sh: line 296: 2148713 Killed                  setsid bash -c "exec '$wlbin' --port $port --resume_file '$resume_f' $params $extra" > "$wlog" 2>&1 < /dev/null
[1776/2243] S139one_netlink.file__netlink_open dump=0 restore=0 verdict=ok
pbsprobe/pbs_sweep.sh: line 296: 2149786 Killed                  setsid bash -c "exec '$wlbin' --port $port --resume_file '$resume_f' $params $extra" > "$wlog" 2>&1 < /dev/null
[1777/2243] S139one_netlink.file__epg_index dump=0 restore=0 verdict=ok
[1778/2243] S139one_netlink.file__ready dump=1 restore=na verdict=dump_fail
pbsprobe/pbs_sweep.sh: line 257: 2150831 Killed                  setsid bash -c "exec '$wlbin' --port $port --resume_file '$resume_f' $params $extra" > "$wlog" 2>&1 < /dev/null
[1779/2243] S139one_netlink.file__steady dump=1 restore=na verdict=dump_fail
pbsprobe/pbs_sweep.sh: line 257: 2151900 Killed                  setsid bash -c "exec '$wlbin' --port $port --resume_file '$resume_f' $params $extra" > "$wlog" 2>&1 < /dev/null
pbsprobe/pbs_sweep.sh: line 296: 2153013 Killed                  setsid bash -c "exec '$wlbin' --port $port --resume_file '$resume_f' $params $extra" > "$wlog" 2>&1 < /dev/null
[1780/2243] S140one_netlink.perm__init dump=0 restore=0 verdict=ok
pbsprobe/pbs_sweep.sh: line 296: 2154074 Killed                  setsid bash -c "exec '$wlbin' --port $port --resume_file '$resume_f' $params $extra" > "$wlog" 2>&1 < /dev/null
[1781/2243] S140one_netlink.perm__db_open dump=0 restore=0 verdict=ok
pbsprobe/pbs_sweep.sh: line 296: 2155123 Killed                  setsid bash -c "exec '$wlbin' --port $port --resume_file '$resume_f' $params $extra" > "$wlog" 2>&1 < /dev/null
[1782/2243] S140one_netlink.perm__netlink_open dump=0 restore=0 verdict=ok
pbsprobe/pbs_sweep.sh: line 296: 2156160 Killed                  setsid bash -c "exec '$wlbin' --port $port --resume_file '$resume_f' $params $extra" > "$wlog" 2>&1 < /dev/null
[1783/2243] S140one_netlink.perm__epg_index dump=0 restore=0 verdict=ok
[1784/2243] S140one_netlink.perm__ready dump=1 restore=na verdict=dump_fail
pbsprobe/pbs_sweep.sh: line 257: 2157213 Killed                  setsid bash -c "exec '$wlbin' --port $port --resume_file '$resume_f' $params $extra" > "$wlog" 2>&1 < /dev/null
[1785/2243] S140one_netlink.perm__steady dump=1 restore=na verdict=dump_fail
pbsprobe/pbs_sweep.sh: line 257: 2158294 Killed                  setsid bash -c "exec '$wlbin' --port $port --resume_file '$resume_f' $params $extra" > "$wlog" 2>&1 < /dev/null
[1786/2243] S141rescue__hub_conn1 dump=1 restore=na verdict=dump_fail
pbsprobe/pbs_sweep.sh: line 257: 2159409 Killed                  setsid "$BIN_HUB" "${HARGS[@]}" > "$hlog" 2>&1 < /dev/null
pbsprobe/pbs_sweep.sh: line 257: 2159416 Killed                  setsid bash -c "exec '$wlbin' --port $port --resume_file '$resume_f' $params $extra" > "$wlog" 2>&1 < /dev/null
[1787/2243] S141rescue__hub_conn2 dump=1 restore=na verdict=dump_fail
pbsprobe/pbs_sweep.sh: line 257: 2161686 Killed                  setsid "$BIN_HUB" "${HARGS[@]}" > "$hlog" 2>&1 < /dev/null
pbsprobe/pbs_sweep.sh: line 257: 2161693 Killed                  setsid bash -c "exec '$wlbin' --port $port --resume_file '$resume_f' $params $extra" > "$wlog" 2>&1 < /dev/null
[1788/2243] S141rescue__hub_conn3 dump=1 restore=na verdict=dump_fail
pbsprobe/pbs_sweep.sh: line 257: 2163971 Killed                  setsid "$BIN_HUB" "${HARGS[@]}" > "$hlog" 2>&1 < /dev/null
pbsprobe/pbs_sweep.sh: line 257: 2163978 Killed                  setsid bash -c "exec '$wlbin' --port $port --resume_file '$resume_f' $params $extra" > "$wlog" 2>&1 < /dev/null
[1789/2243] S141rescue__hub_conn4 dump=1 restore=na verdict=dump_fail
pbsprobe/pbs_sweep.sh: line 257: 2166272 Killed                  setsid "$BIN_HUB" "${HARGS[@]}" > "$hlog" 2>&1 < /dev/null
pbsprobe/pbs_sweep.sh: line 257: 2166279 Killed                  setsid bash -c "exec '$wlbin' --port $port --resume_file '$resume_f' $params $extra" > "$wlog" 2>&1 < /dev/null
[1790/2243] S141rescue__hub_subscribed dump=1 restore=na verdict=dump_fail
pbsprobe/pbs_sweep.sh: line 257: 2168596 Killed                  setsid "$BIN_HUB" "${HARGS[@]}" > "$hlog" 2>&1 < /dev/null
pbsprobe/pbs_sweep.sh: line 257: 2168603 Killed                  setsid bash -c "exec '$wlbin' --port $port --resume_file '$resume_f' $params $extra" > "$wlog" 2>&1 < /dev/null
[1791/2243] S141rescue__render_conn dump=1 restore=na verdict=dump_fail
pbsprobe/pbs_sweep.sh: line 257: 2170916 Killed                  setsid "$BIN_HUB" "${HARGS[@]}" > "$hlog" 2>&1 < /dev/null
pbsprobe/pbs_sweep.sh: line 257: 2170923 Killed                  setsid bash -c "exec '$wlbin' --port $port --resume_file '$resume_f' $params $extra" > "$wlog" 2>&1 < /dev/null
[1792/2243] S141rescue__tcp_conn dump=1 restore=na verdict=dump_fail
pbsprobe/pbs_sweep.sh: line 257: 2173232 Killed                  setsid "$BIN_HUB" "${HARGS[@]}" > "$hlog" 2>&1 < /dev/null
pbsprobe/pbs_sweep.sh: line 257: 2173239 Killed                  setsid bash -c "exec '$wlbin' --port $port --resume_file '$resume_f' $params $extra" > "$wlog" 2>&1 < /dev/null
[1793/2243] S141rescue__epoll_open dump=1 restore=na verdict=dump_fail
pbsprobe/pbs_sweep.sh: line 257: 2175560 Killed                  setsid "$BIN_HUB" "${HARGS[@]}" > "$hlog" 2>&1 < /dev/null
pbsprobe/pbs_sweep.sh: line 257: 2175567 Killed                  setsid bash -c "exec '$wlbin' --port $port --resume_file '$resume_f' $params $extra" > "$wlog" 2>&1 < /dev/null
[1794/2243] S141rescue__svc_listen dump=1 restore=na verdict=dump_fail
pbsprobe/pbs_sweep.sh: line 257: 2177872 Killed                  setsid "$BIN_HUB" "${HARGS[@]}" > "$hlog" 2>&1 < /dev/null
pbsprobe/pbs_sweep.sh: line 257: 2177879 Killed                  setsid bash -c "exec '$wlbin' --port $port --resume_file '$resume_f' $params $extra" > "$wlog" 2>&1 < /dev/null
[1795/2243] S141rescue__udp_open dump=1 restore=na verdict=dump_fail
pbsprobe/pbs_sweep.sh: line 257: 2180192 Killed                  setsid "$BIN_HUB" "${HARGS[@]}" > "$hlog" 2>&1 < /dev/null
pbsprobe/pbs_sweep.sh: line 257: 2180199 Killed                  setsid bash -c "exec '$wlbin' --port $port --resume_file '$resume_f' $params $extra" > "$wlog" 2>&1 < /dev/null
[1796/2243] S141rescue__netlink_open dump=1 restore=na verdict=dump_fail
pbsprobe/pbs_sweep.sh: line 257: 2182524 Killed                  setsid "$BIN_HUB" "${HARGS[@]}" > "$hlog" 2>&1 < /dev/null
pbsprobe/pbs_sweep.sh: line 257: 2182531 Killed                  setsid bash -c "exec '$wlbin' --port $port --resume_file '$resume_f' $params $extra" > "$wlog" 2>&1 < /dev/null
[1797/2243] S141rescue__timer_armed dump=1 restore=na verdict=dump_fail
pbsprobe/pbs_sweep.sh: line 257: 2184844 Killed                  setsid "$BIN_HUB" "${HARGS[@]}" > "$hlog" 2>&1 < /dev/null
pbsprobe/pbs_sweep.sh: line 257: 2184851 Killed                  setsid bash -c "exec '$wlbin' --port $port --resume_file '$resume_f' $params $extra" > "$wlog" 2>&1 < /dev/null
[1798/2243] S141rescue__db_watch dump=1 restore=na verdict=dump_fail
pbsprobe/pbs_sweep.sh: line 257: 2187160 Killed                  setsid "$BIN_HUB" "${HARGS[@]}" > "$hlog" 2>&1 < /dev/null
pbsprobe/pbs_sweep.sh: line 257: 2187167 Killed                  setsid bash -c "exec '$wlbin' --port $port --resume_file '$resume_f' $params $extra" > "$wlog" 2>&1 < /dev/null
[1799/2243] S141rescue__db_mmap dump=1 restore=na verdict=dump_fail
pbsprobe/pbs_sweep.sh: line 257: 2189480 Killed                  setsid "$BIN_HUB" "${HARGS[@]}" > "$hlog" 2>&1 < /dev/null
pbsprobe/pbs_sweep.sh: line 257: 2189487 Killed                  setsid bash -c "exec '$wlbin' --port $port --resume_file '$resume_f' $params $extra" > "$wlog" 2>&1 < /dev/null
[1800/2243] S141rescue__ready dump=1 restore=na verdict=dump_fail
pbsprobe/pbs_sweep.sh: line 257: 2191800 Killed                  setsid "$BIN_HUB" "${HARGS[@]}" > "$hlog" 2>&1 < /dev/null
pbsprobe/pbs_sweep.sh: line 257: 2191807 Killed                  setsid bash -c "exec '$wlbin' --port $port --resume_file '$resume_f' $params $extra" > "$wlog" 2>&1 < /dev/null
[1801/2243] S141rescue__steady dump=1 restore=na verdict=dump_fail
pbsprobe/pbs_sweep.sh: line 257: 2194176 Killed                  setsid "$BIN_HUB" "${HARGS[@]}" > "$hlog" 2>&1 < /dev/null
pbsprobe/pbs_sweep.sh: line 257: 2194183 Killed                  setsid bash -c "exec '$wlbin' --port $port --resume_file '$resume_f' $params $extra" > "$wlog" 2>&1 < /dev/null
[1802/2243] S142rescue_tcp__hub_conn1 dump=1 restore=na verdict=dump_fail
pbsprobe/pbs_sweep.sh: line 257: 2196588 Killed                  setsid "$BIN_HUB" "${HARGS[@]}" > "$hlog" 2>&1 < /dev/null
pbsprobe/pbs_sweep.sh: line 257: 2196595 Killed                  setsid bash -c "exec '$wlbin' --port $port --resume_file '$resume_f' $params $extra" > "$wlog" 2>&1 < /dev/null
[1803/2243] S142rescue_tcp__hub_conn2 dump=1 restore=na verdict=dump_fail
pbsprobe/pbs_sweep.sh: line 257: 2197830 Killed                  setsid "$BIN_HUB" "${HARGS[@]}" > "$hlog" 2>&1 < /dev/null
pbsprobe/pbs_sweep.sh: line 257: 2197837 Killed                  setsid bash -c "exec '$wlbin' --port $port --resume_file '$resume_f' $params $extra" > "$wlog" 2>&1 < /dev/null
[1804/2243] S142rescue_tcp__hub_conn3 dump=1 restore=na verdict=dump_fail
pbsprobe/pbs_sweep.sh: line 257: 2199080 Killed                  setsid "$BIN_HUB" "${HARGS[@]}" > "$hlog" 2>&1 < /dev/null
pbsprobe/pbs_sweep.sh: line 257: 2199087 Killed                  setsid bash -c "exec '$wlbin' --port $port --resume_file '$resume_f' $params $extra" > "$wlog" 2>&1 < /dev/null
[1805/2243] S142rescue_tcp__hub_conn4 dump=1 restore=na verdict=dump_fail
pbsprobe/pbs_sweep.sh: line 257: 2200330 Killed                  setsid "$BIN_HUB" "${HARGS[@]}" > "$hlog" 2>&1 < /dev/null
pbsprobe/pbs_sweep.sh: line 257: 2200337 Killed                  setsid bash -c "exec '$wlbin' --port $port --resume_file '$resume_f' $params $extra" > "$wlog" 2>&1 < /dev/null
[1806/2243] S142rescue_tcp__hub_subscribed dump=1 restore=na verdict=dump_fail
pbsprobe/pbs_sweep.sh: line 257: 2201568 Killed                  setsid "$BIN_HUB" "${HARGS[@]}" > "$hlog" 2>&1 < /dev/null
pbsprobe/pbs_sweep.sh: line 257: 2201575 Killed                  setsid bash -c "exec '$wlbin' --port $port --resume_file '$resume_f' $params $extra" > "$wlog" 2>&1 < /dev/null
[1807/2243] S142rescue_tcp__tcp_conn dump=1 restore=na verdict=dump_fail
pbsprobe/pbs_sweep.sh: line 257: 2202814 Killed                  setsid "$BIN_HUB" "${HARGS[@]}" > "$hlog" 2>&1 < /dev/null
pbsprobe/pbs_sweep.sh: line 257: 2202821 Killed                  setsid bash -c "exec '$wlbin' --port $port --resume_file '$resume_f' $params $extra" > "$wlog" 2>&1 < /dev/null
[1808/2243] S142rescue_tcp__timer_armed dump=1 restore=na verdict=dump_fail
pbsprobe/pbs_sweep.sh: line 257: 2204080 Killed                  setsid "$BIN_HUB" "${HARGS[@]}" > "$hlog" 2>&1 < /dev/null
pbsprobe/pbs_sweep.sh: line 257: 2204087 Killed                  setsid bash -c "exec '$wlbin' --port $port --resume_file '$resume_f' $params $extra" > "$wlog" 2>&1 < /dev/null
[1809/2243] S142rescue_tcp__db_watch dump=1 restore=na verdict=dump_fail
pbsprobe/pbs_sweep.sh: line 257: 2205354 Killed                  setsid "$BIN_HUB" "${HARGS[@]}" > "$hlog" 2>&1 < /dev/null
pbsprobe/pbs_sweep.sh: line 257: 2205361 Killed                  setsid bash -c "exec '$wlbin' --port $port --resume_file '$resume_f' $params $extra" > "$wlog" 2>&1 < /dev/null
[1810/2243] S142rescue_tcp__ready dump=1 restore=na verdict=dump_fail
pbsprobe/pbs_sweep.sh: line 257: 2206596 Killed                  setsid "$BIN_HUB" "${HARGS[@]}" > "$hlog" 2>&1 < /dev/null
pbsprobe/pbs_sweep.sh: line 257: 2206603 Killed                  setsid bash -c "exec '$wlbin' --port $port --resume_file '$resume_f' $params $extra" > "$wlog" 2>&1 < /dev/null
[1811/2243] S142rescue_tcp__steady dump=1 restore=na verdict=dump_fail
pbsprobe/pbs_sweep.sh: line 257: 2207890 Killed                  setsid "$BIN_HUB" "${HARGS[@]}" > "$hlog" 2>&1 < /dev/null
pbsprobe/pbs_sweep.sh: line 257: 2207897 Killed                  setsid bash -c "exec '$wlbin' --port $port --resume_file '$resume_f' $params $extra" > "$wlog" 2>&1 < /dev/null
[1812/2243] S143droplock__tcp_conn dump=1 restore=na verdict=dump_fail
pbsprobe/pbs_sweep.sh: line 257: 2209244 Killed                  setsid "$BIN_HUB" "${HARGS[@]}" > "$hlog" 2>&1 < /dev/null
pbsprobe/pbs_sweep.sh: line 257: 2209251 Killed                  setsid bash -c "exec '$wlbin' --port $port --resume_file '$resume_f' $params $extra" > "$wlog" 2>&1 < /dev/null
[1813/2243] S143droplock__timer_armed dump=1 restore=na verdict=dump_fail
pbsprobe/pbs_sweep.sh: line 257: 2210401 Killed                  setsid "$BIN_HUB" "${HARGS[@]}" > "$hlog" 2>&1 < /dev/null
pbsprobe/pbs_sweep.sh: line 257: 2210408 Killed                  setsid bash -c "exec '$wlbin' --port $port --resume_file '$resume_f' $params $extra" > "$wlog" 2>&1 < /dev/null
[1814/2243] S143droplock__db_watch dump=1 restore=na verdict=dump_fail
pbsprobe/pbs_sweep.sh: line 257: 2211654 Killed                  setsid "$BIN_HUB" "${HARGS[@]}" > "$hlog" 2>&1 < /dev/null
pbsprobe/pbs_sweep.sh: line 257: 2211661 Killed                  setsid bash -c "exec '$wlbin' --port $port --resume_file '$resume_f' $params $extra" > "$wlog" 2>&1 < /dev/null
[1815/2243] S143droplock__ready dump=1 restore=na verdict=dump_fail
pbsprobe/pbs_sweep.sh: line 257: 2212903 Killed                  setsid "$BIN_HUB" "${HARGS[@]}" > "$hlog" 2>&1 < /dev/null
pbsprobe/pbs_sweep.sh: line 257: 2212910 Killed                  setsid bash -c "exec '$wlbin' --port $port --resume_file '$resume_f' $params $extra" > "$wlog" 2>&1 < /dev/null
[1816/2243] S143droplock__steady dump=1 restore=na verdict=dump_fail
pbsprobe/pbs_sweep.sh: line 257: 2214193 Killed                  setsid "$BIN_HUB" "${HARGS[@]}" > "$hlog" 2>&1 < /dev/null
pbsprobe/pbs_sweep.sh: line 257: 2214200 Killed                  setsid bash -c "exec '$wlbin' --port $port --resume_file '$resume_f' $params $extra" > "$wlog" 2>&1 < /dev/null
pbsprobe/pbs_sweep.sh: line 296: 2215533 Killed                  setsid bash -c "exec '$wlbin' --port $port --resume_file '$resume_f' $params $extra" > "$wlog" 2>&1 < /dev/null
[1817/2243] S144frz15__init dump=0 restore=0 verdict=ok
pbsprobe/pbs_sweep.sh: line 296: 2216587 Killed                  setsid bash -c "exec '$wlbin' --port $port --resume_file '$resume_f' $params $extra" > "$wlog" 2>&1 < /dev/null
[1818/2243] S144frz15__db_open dump=0 restore=0 verdict=ok
pbsprobe/pbs_sweep.sh: line 296: 2217589 Killed                  setsid bash -c "exec '$wlbin' --port $port --resume_file '$resume_f' $params $extra" > "$wlog" 2>&1 < /dev/null
[1819/2243] S144frz15__db_read dump=0 restore=0 verdict=ok
pbsprobe/pbs_sweep.sh: line 296: 2218591 Killed                  setsid bash -c "exec '$wlbin' --port $port --resume_file '$resume_f' $params $extra" > "$wlog" 2>&1 < /dev/null
[1820/2243] S144frz15__db_read_p25 dump=0 restore=0 verdict=ok
pbsprobe/pbs_sweep.sh: line 296: 2219589 Killed                  setsid bash -c "exec '$wlbin' --port $port --resume_file '$resume_f' $params $extra" > "$wlog" 2>&1 < /dev/null
[1821/2243] S144frz15__db_read_p50 dump=0 restore=0 verdict=ok
pbsprobe/pbs_sweep.sh: line 296: 2220591 Killed                  setsid bash -c "exec '$wlbin' --port $port --resume_file '$resume_f' $params $extra" > "$wlog" 2>&1 < /dev/null
[1822/2243] S144frz15__db_read_p75 dump=0 restore=0 verdict=ok
pbsprobe/pbs_sweep.sh: line 296: 2221589 Killed                  setsid bash -c "exec '$wlbin' --port $port --resume_file '$resume_f' $params $extra" > "$wlog" 2>&1 < /dev/null
[1823/2243] S144frz15__db_parse dump=0 restore=0 verdict=ok
pbsprobe/pbs_sweep.sh: line 296: 2222587 Killed                  setsid bash -c "exec '$wlbin' --port $port --resume_file '$resume_f' $params $extra" > "$wlog" 2>&1 < /dev/null
[1824/2243] S144frz15__db_parse_p25 dump=0 restore=0 verdict=ok
pbsprobe/pbs_sweep.sh: line 296: 2223705 Killed                  setsid bash -c "exec '$wlbin' --port $port --resume_file '$resume_f' $params $extra" > "$wlog" 2>&1 < /dev/null
[1825/2243] S144frz15__db_parse_p50 dump=0 restore=0 verdict=ok
pbsprobe/pbs_sweep.sh: line 296: 2224925 Killed                  setsid bash -c "exec '$wlbin' --port $port --resume_file '$resume_f' $params $extra" > "$wlog" 2>&1 < /dev/null
[1826/2243] S144frz15__db_parse_p75 dump=0 restore=0 verdict=ok
pbsprobe/pbs_sweep.sh: line 296: 2226028 Killed                  setsid bash -c "exec '$wlbin' --port $port --resume_file '$resume_f' $params $extra" > "$wlog" 2>&1 < /dev/null
[1827/2243] S144frz15__epg_index dump=0 restore=0 verdict=ok
pbsprobe/pbs_sweep.sh: line 296: 2227086 Killed                  setsid bash -c "exec '$wlbin' --port $port --resume_file '$resume_f' $params $extra" > "$wlog" 2>&1 < /dev/null
[1828/2243] S144frz15__epg_index_p25 dump=0 restore=0 verdict=ok
pbsprobe/pbs_sweep.sh: line 296: 2228121 Killed                  setsid bash -c "exec '$wlbin' --port $port --resume_file '$resume_f' $params $extra" > "$wlog" 2>&1 < /dev/null
[1829/2243] S144frz15__epg_index_p50 dump=0 restore=0 verdict=ok
pbsprobe/pbs_sweep.sh: line 296: 2229144 Killed                  setsid bash -c "exec '$wlbin' --port $port --resume_file '$resume_f' $params $extra" > "$wlog" 2>&1 < /dev/null
[1830/2243] S144frz15__epg_index_p75 dump=0 restore=0 verdict=ok
pbsprobe/pbs_sweep.sh: line 296: 2230171 Killed                  setsid bash -c "exec '$wlbin' --port $port --resume_file '$resume_f' $params $extra" > "$wlog" 2>&1 < /dev/null
[1831/2243] S144frz15__epg_text dump=0 restore=0 verdict=ok
pbsprobe/pbs_sweep.sh: line 296: 2231194 Killed                  setsid bash -c "exec '$wlbin' --port $port --resume_file '$resume_f' $params $extra" > "$wlog" 2>&1 < /dev/null
[1832/2243] S144frz15__epg_reserve dump=0 restore=0 verdict=ok
pbsprobe/pbs_sweep.sh: line 296: 2232209 Killed                  setsid bash -c "exec '$wlbin' --port $port --resume_file '$resume_f' $params $extra" > "$wlog" 2>&1 < /dev/null
[1833/2243] S144frz15__timer_armed dump=0 restore=0 verdict=ok
[1834/2243] S144frz15__db_watch dump=1 restore=na verdict=dump_fail
pbsprobe/pbs_sweep.sh: line 257: 2233292 Killed                  setsid bash -c "exec '$wlbin' --port $port --resume_file '$resume_f' $params $extra" > "$wlog" 2>&1 < /dev/null
[1835/2243] S144frz15__ready dump=1 restore=na verdict=dump_fail
pbsprobe/pbs_sweep.sh: line 257: 2234264 Killed                  setsid bash -c "exec '$wlbin' --port $port --resume_file '$resume_f' $params $extra" > "$wlog" 2>&1 < /dev/null
[1836/2243] S144frz15__steady dump=1 restore=na verdict=dump_fail
pbsprobe/pbs_sweep.sh: line 257: 2235297 Killed                  setsid bash -c "exec '$wlbin' --port $port --resume_file '$resume_f' $params $extra" > "$wlog" 2>&1 < /dev/null
pbsprobe/pbs_sweep.sh: line 296: 2236386 Killed                  setsid bash -c "exec '$wlbin' --port $port --resume_file '$resume_f' $params $extra" > "$wlog" 2>&1 < /dev/null
[1837/2243] S145frz45__init dump=0 restore=0 verdict=ok
pbsprobe/pbs_sweep.sh: line 296: 2237475 Killed                  setsid bash -c "exec '$wlbin' --port $port --resume_file '$resume_f' $params $extra" > "$wlog" 2>&1 < /dev/null
[1838/2243] S145frz45__db_open dump=0 restore=0 verdict=ok
pbsprobe/pbs_sweep.sh: line 296: 2238487 Killed                  setsid bash -c "exec '$wlbin' --port $port --resume_file '$resume_f' $params $extra" > "$wlog" 2>&1 < /dev/null
[1839/2243] S145frz45__db_read dump=0 restore=0 verdict=ok
pbsprobe/pbs_sweep.sh: line 296: 2239549 Killed                  setsid bash -c "exec '$wlbin' --port $port --resume_file '$resume_f' $params $extra" > "$wlog" 2>&1 < /dev/null
[1840/2243] S145frz45__db_read_p25 dump=0 restore=0 verdict=ok
pbsprobe/pbs_sweep.sh: line 296: 2240622 Killed                  setsid bash -c "exec '$wlbin' --port $port --resume_file '$resume_f' $params $extra" > "$wlog" 2>&1 < /dev/null
[1841/2243] S145frz45__db_read_p50 dump=0 restore=0 verdict=ok
pbsprobe/pbs_sweep.sh: line 296: 2241706 Killed                  setsid bash -c "exec '$wlbin' --port $port --resume_file '$resume_f' $params $extra" > "$wlog" 2>&1 < /dev/null
[1842/2243] S145frz45__db_read_p75 dump=0 restore=0 verdict=ok
pbsprobe/pbs_sweep.sh: line 296: 2242783 Killed                  setsid bash -c "exec '$wlbin' --port $port --resume_file '$resume_f' $params $extra" > "$wlog" 2>&1 < /dev/null
[1843/2243] S145frz45__db_parse dump=0 restore=0 verdict=ok
pbsprobe/pbs_sweep.sh: line 296: 2243865 Killed                  setsid bash -c "exec '$wlbin' --port $port --resume_file '$resume_f' $params $extra" > "$wlog" 2>&1 < /dev/null
[1844/2243] S145frz45__db_parse_p25 dump=0 restore=0 verdict=ok
pbsprobe/pbs_sweep.sh: line 296: 2244950 Killed                  setsid bash -c "exec '$wlbin' --port $port --resume_file '$resume_f' $params $extra" > "$wlog" 2>&1 < /dev/null
[1845/2243] S145frz45__db_parse_p50 dump=0 restore=0 verdict=ok
pbsprobe/pbs_sweep.sh: line 296: 2246035 Killed                  setsid bash -c "exec '$wlbin' --port $port --resume_file '$resume_f' $params $extra" > "$wlog" 2>&1 < /dev/null
[1846/2243] S145frz45__db_parse_p75 dump=0 restore=0 verdict=ok
pbsprobe/pbs_sweep.sh: line 296: 2247116 Killed                  setsid bash -c "exec '$wlbin' --port $port --resume_file '$resume_f' $params $extra" > "$wlog" 2>&1 < /dev/null
[1847/2243] S145frz45__epg_index dump=0 restore=0 verdict=ok
pbsprobe/pbs_sweep.sh: line 296: 2248193 Killed                  setsid bash -c "exec '$wlbin' --port $port --resume_file '$resume_f' $params $extra" > "$wlog" 2>&1 < /dev/null
[1848/2243] S145frz45__epg_index_p25 dump=0 restore=0 verdict=ok
pbsprobe/pbs_sweep.sh: line 296: 2249273 Killed                  setsid bash -c "exec '$wlbin' --port $port --resume_file '$resume_f' $params $extra" > "$wlog" 2>&1 < /dev/null
[1849/2243] S145frz45__epg_index_p50 dump=0 restore=0 verdict=ok
pbsprobe/pbs_sweep.sh: line 296: 2250350 Killed                  setsid bash -c "exec '$wlbin' --port $port --resume_file '$resume_f' $params $extra" > "$wlog" 2>&1 < /dev/null
[1850/2243] S145frz45__epg_index_p75 dump=0 restore=0 verdict=ok
pbsprobe/pbs_sweep.sh: line 296: 2251420 Killed                  setsid bash -c "exec '$wlbin' --port $port --resume_file '$resume_f' $params $extra" > "$wlog" 2>&1 < /dev/null
[1851/2243] S145frz45__epg_text dump=0 restore=0 verdict=ok
pbsprobe/pbs_sweep.sh: line 296: 2252500 Killed                  setsid bash -c "exec '$wlbin' --port $port --resume_file '$resume_f' $params $extra" > "$wlog" 2>&1 < /dev/null
[1852/2243] S145frz45__epg_reserve dump=0 restore=0 verdict=ok
pbsprobe/pbs_sweep.sh: line 296: 2253573 Killed                  setsid bash -c "exec '$wlbin' --port $port --resume_file '$resume_f' $params $extra" > "$wlog" 2>&1 < /dev/null
[1853/2243] S145frz45__timer_armed dump=0 restore=0 verdict=ok
[1854/2243] S145frz45__db_watch dump=1 restore=na verdict=dump_fail
pbsprobe/pbs_sweep.sh: line 257: 2254654 Killed                  setsid bash -c "exec '$wlbin' --port $port --resume_file '$resume_f' $params $extra" > "$wlog" 2>&1 < /dev/null
[1855/2243] S145frz45__ready dump=1 restore=na verdict=dump_fail
pbsprobe/pbs_sweep.sh: line 257: 2255627 Killed                  setsid bash -c "exec '$wlbin' --port $port --resume_file '$resume_f' $params $extra" > "$wlog" 2>&1 < /dev/null
[1856/2243] S145frz45__steady dump=1 restore=na verdict=dump_fail
pbsprobe/pbs_sweep.sh: line 257: 2256660 Killed                  setsid bash -c "exec '$wlbin' --port $port --resume_file '$resume_f' $params $extra" > "$wlog" 2>&1 < /dev/null
[1857/2243] S146frz45_rx__hub_conn1 dump=1 restore=na verdict=dump_fail
pbsprobe/pbs_sweep.sh: line 257: 2257743 Killed                  setsid "$BIN_HUB" "${HARGS[@]}" > "$hlog" 2>&1 < /dev/null
pbsprobe/pbs_sweep.sh: line 257: 2257750 Killed                  setsid bash -c "exec '$wlbin' --port $port --resume_file '$resume_f' $params $extra" > "$wlog" 2>&1 < /dev/null
[1858/2243] S146frz45_rx__hub_conn2 dump=1 restore=na verdict=dump_fail
pbsprobe/pbs_sweep.sh: line 257: 2259959 Killed                  setsid "$BIN_HUB" "${HARGS[@]}" > "$hlog" 2>&1 < /dev/null
pbsprobe/pbs_sweep.sh: line 257: 2259966 Killed                  setsid bash -c "exec '$wlbin' --port $port --resume_file '$resume_f' $params $extra" > "$wlog" 2>&1 < /dev/null
[1859/2243] S146frz45_rx__hub_conn3 dump=1 restore=na verdict=dump_fail
pbsprobe/pbs_sweep.sh: line 257: 2262264 Killed                  setsid "$BIN_HUB" "${HARGS[@]}" > "$hlog" 2>&1 < /dev/null
pbsprobe/pbs_sweep.sh: line 257: 2262271 Killed                  setsid bash -c "exec '$wlbin' --port $port --resume_file '$resume_f' $params $extra" > "$wlog" 2>&1 < /dev/null
[1860/2243] S146frz45_rx__hub_conn4 dump=1 restore=na verdict=dump_fail
pbsprobe/pbs_sweep.sh: line 257: 2264584 Killed                  setsid "$BIN_HUB" "${HARGS[@]}" > "$hlog" 2>&1 < /dev/null
pbsprobe/pbs_sweep.sh: line 257: 2264591 Killed                  setsid bash -c "exec '$wlbin' --port $port --resume_file '$resume_f' $params $extra" > "$wlog" 2>&1 < /dev/null
[1861/2243] S146frz45_rx__hub_subscribed dump=1 restore=na verdict=dump_fail
pbsprobe/pbs_sweep.sh: line 257: 2266939 Killed                  setsid "$BIN_HUB" "${HARGS[@]}" > "$hlog" 2>&1 < /dev/null
pbsprobe/pbs_sweep.sh: line 257: 2266946 Killed                  setsid bash -c "exec '$wlbin' --port $port --resume_file '$resume_f' $params $extra" > "$wlog" 2>&1 < /dev/null
[1862/2243] S146frz45_rx__render_conn dump=1 restore=na verdict=dump_fail
pbsprobe/pbs_sweep.sh: line 257: 2269294 Killed                  setsid "$BIN_HUB" "${HARGS[@]}" > "$hlog" 2>&1 < /dev/null
pbsprobe/pbs_sweep.sh: line 257: 2269301 Killed                  setsid bash -c "exec '$wlbin' --port $port --resume_file '$resume_f' $params $extra" > "$wlog" 2>&1 < /dev/null
[1863/2243] S146frz45_rx__tcp_conn dump=1 restore=na verdict=dump_fail
pbsprobe/pbs_sweep.sh: line 257: 2271629 Killed                  setsid "$BIN_HUB" "${HARGS[@]}" > "$hlog" 2>&1 < /dev/null
pbsprobe/pbs_sweep.sh: line 257: 2271636 Killed                  setsid bash -c "exec '$wlbin' --port $port --resume_file '$resume_f' $params $extra" > "$wlog" 2>&1 < /dev/null
[1864/2243] S146frz45_rx__epoll_open dump=1 restore=na verdict=dump_fail
pbsprobe/pbs_sweep.sh: line 257: 2273973 Killed                  setsid "$BIN_HUB" "${HARGS[@]}" > "$hlog" 2>&1 < /dev/null
pbsprobe/pbs_sweep.sh: line 257: 2273980 Killed                  setsid bash -c "exec '$wlbin' --port $port --resume_file '$resume_f' $params $extra" > "$wlog" 2>&1 < /dev/null
[1865/2243] S146frz45_rx__svc_listen dump=1 restore=na verdict=dump_fail
pbsprobe/pbs_sweep.sh: line 257: 2276317 Killed                  setsid "$BIN_HUB" "${HARGS[@]}" > "$hlog" 2>&1 < /dev/null
pbsprobe/pbs_sweep.sh: line 257: 2276324 Killed                  setsid bash -c "exec '$wlbin' --port $port --resume_file '$resume_f' $params $extra" > "$wlog" 2>&1 < /dev/null
[1866/2243] S146frz45_rx__udp_open dump=1 restore=na verdict=dump_fail
pbsprobe/pbs_sweep.sh: line 257: 2278668 Killed                  setsid "$BIN_HUB" "${HARGS[@]}" > "$hlog" 2>&1 < /dev/null
pbsprobe/pbs_sweep.sh: line 257: 2278675 Killed                  setsid bash -c "exec '$wlbin' --port $port --resume_file '$resume_f' $params $extra" > "$wlog" 2>&1 < /dev/null
[1867/2243] S146frz45_rx__netlink_open dump=1 restore=na verdict=dump_fail
pbsprobe/pbs_sweep.sh: line 257: 2281015 Killed                  setsid "$BIN_HUB" "${HARGS[@]}" > "$hlog" 2>&1 < /dev/null
pbsprobe/pbs_sweep.sh: line 257: 2281022 Killed                  setsid bash -c "exec '$wlbin' --port $port --resume_file '$resume_f' $params $extra" > "$wlog" 2>&1 < /dev/null
[1868/2243] S146frz45_rx__timer_armed dump=1 restore=na verdict=dump_fail
pbsprobe/pbs_sweep.sh: line 257: 2283354 Killed                  setsid "$BIN_HUB" "${HARGS[@]}" > "$hlog" 2>&1 < /dev/null
pbsprobe/pbs_sweep.sh: line 257: 2283361 Killed                  setsid bash -c "exec '$wlbin' --port $port --resume_file '$resume_f' $params $extra" > "$wlog" 2>&1 < /dev/null
[1869/2243] S146frz45_rx__db_watch dump=1 restore=na verdict=dump_fail
pbsprobe/pbs_sweep.sh: line 257: 2285690 Killed                  setsid "$BIN_HUB" "${HARGS[@]}" > "$hlog" 2>&1 < /dev/null
pbsprobe/pbs_sweep.sh: line 257: 2285697 Killed                  setsid bash -c "exec '$wlbin' --port $port --resume_file '$resume_f' $params $extra" > "$wlog" 2>&1 < /dev/null
[1870/2243] S146frz45_rx__db_mmap dump=1 restore=na verdict=dump_fail
pbsprobe/pbs_sweep.sh: line 257: 2288005 Killed                  setsid "$BIN_HUB" "${HARGS[@]}" > "$hlog" 2>&1 < /dev/null
pbsprobe/pbs_sweep.sh: line 257: 2288012 Killed                  setsid bash -c "exec '$wlbin' --port $port --resume_file '$resume_f' $params $extra" > "$wlog" 2>&1 < /dev/null
[1871/2243] S146frz45_rx__ready dump=1 restore=na verdict=dump_fail
pbsprobe/pbs_sweep.sh: line 257: 2290340 Killed                  setsid "$BIN_HUB" "${HARGS[@]}" > "$hlog" 2>&1 < /dev/null
pbsprobe/pbs_sweep.sh: line 257: 2290347 Killed                  setsid bash -c "exec '$wlbin' --port $port --resume_file '$resume_f' $params $extra" > "$wlog" 2>&1 < /dev/null
[1872/2243] S146frz45_rx__steady dump=1 restore=na verdict=dump_fail
pbsprobe/pbs_sweep.sh: line 257: 2292723 Killed                  setsid "$BIN_HUB" "${HARGS[@]}" > "$hlog" 2>&1 < /dev/null
pbsprobe/pbs_sweep.sh: line 257: 2292730 Killed                  setsid bash -c "exec '$wlbin' --port $port --resume_file '$resume_f' $params $extra" > "$wlog" 2>&1 < /dev/null
pbsprobe/pbs_sweep.sh: line 296: 2295148 Killed                  setsid bash -c "exec '$wlbin' --port $port --resume_file '$resume_f' $params $extra" > "$wlog" 2>&1 < /dev/null
[1873/2243] S147dbgone__db_open dump=0 restore=1 verdict=restore_fail
pbsprobe/pbs_sweep.sh: line 296: 2295261 Killed                  setsid bash -c "exec '$wlbin' --port $port --resume_file '$resume_f' $params $extra" > "$wlog" 2>&1 < /dev/null
[1874/2243] S147dbgone__db_read dump=0 restore=1 verdict=restore_fail
pbsprobe/pbs_sweep.sh: line 296: 2295582 Killed                  setsid bash -c "exec '$wlbin' --port $port --resume_file '$resume_f' $params $extra" > "$wlog" 2>&1 < /dev/null
[1875/2243] S147dbgone__db_read_p25 dump=0 restore=1 verdict=restore_fail
pbsprobe/pbs_sweep.sh: line 296: 2295744 Killed                  setsid bash -c "exec '$wlbin' --port $port --resume_file '$resume_f' $params $extra" > "$wlog" 2>&1 < /dev/null
[1876/2243] S147dbgone__db_read_p50 dump=0 restore=1 verdict=restore_fail
pbsprobe/pbs_sweep.sh: line 296: 2295965 Killed                  setsid bash -c "exec '$wlbin' --port $port --resume_file '$resume_f' $params $extra" > "$wlog" 2>&1 < /dev/null
[1877/2243] S147dbgone__db_read_p75 dump=0 restore=1 verdict=restore_fail
pbsprobe/pbs_sweep.sh: line 296: 2296234 Killed                  setsid bash -c "exec '$wlbin' --port $port --resume_file '$resume_f' $params $extra" > "$wlog" 2>&1 < /dev/null
[1878/2243] S147dbgone__db_parse dump=0 restore=1 verdict=restore_fail
pbsprobe/pbs_sweep.sh: line 296: 2296762 Killed                  setsid bash -c "exec '$wlbin' --port $port --resume_file '$resume_f' $params $extra" > "$wlog" 2>&1 < /dev/null
[1879/2243] S147dbgone__db_parse_p25 dump=0 restore=1 verdict=restore_fail
pbsprobe/pbs_sweep.sh: line 296: 2297135 Killed                  setsid bash -c "exec '$wlbin' --port $port --resume_file '$resume_f' $params $extra" > "$wlog" 2>&1 < /dev/null
[1880/2243] S147dbgone__db_parse_p50 dump=0 restore=1 verdict=restore_fail
pbsprobe/pbs_sweep.sh: line 296: 2297564 Killed                  setsid bash -c "exec '$wlbin' --port $port --resume_file '$resume_f' $params $extra" > "$wlog" 2>&1 < /dev/null
[1881/2243] S147dbgone__db_parse_p75 dump=0 restore=1 verdict=restore_fail
pbsprobe/pbs_sweep.sh: line 296: 2298040 Killed                  setsid bash -c "exec '$wlbin' --port $port --resume_file '$resume_f' $params $extra" > "$wlog" 2>&1 < /dev/null
[1882/2243] S147dbgone__epg_index dump=0 restore=1 verdict=restore_fail
pbsprobe/pbs_sweep.sh: line 296: 2298772 Killed                  setsid bash -c "exec '$wlbin' --port $port --resume_file '$resume_f' $params $extra" > "$wlog" 2>&1 < /dev/null
[1883/2243] S147dbgone__epg_index_p25 dump=0 restore=1 verdict=restore_fail
pbsprobe/pbs_sweep.sh: line 296: 2299355 Killed                  setsid bash -c "exec '$wlbin' --port $port --resume_file '$resume_f' $params $extra" > "$wlog" 2>&1 < /dev/null
[1884/2243] S147dbgone__epg_index_p50 dump=0 restore=1 verdict=restore_fail
pbsprobe/pbs_sweep.sh: line 296: 2299987 Killed                  setsid bash -c "exec '$wlbin' --port $port --resume_file '$resume_f' $params $extra" > "$wlog" 2>&1 < /dev/null
[1885/2243] S147dbgone__epg_index_p75 dump=0 restore=1 verdict=restore_fail
pbsprobe/pbs_sweep.sh: line 296: 2300671 Killed                  setsid bash -c "exec '$wlbin' --port $port --resume_file '$resume_f' $params $extra" > "$wlog" 2>&1 < /dev/null
[1886/2243] S147dbgone__epg_text dump=0 restore=1 verdict=restore_fail
pbsprobe/pbs_sweep.sh: line 296: 2301462 Killed                  setsid bash -c "exec '$wlbin' --port $port --resume_file '$resume_f' $params $extra" > "$wlog" 2>&1 < /dev/null
[1887/2243] S147dbgone__epg_reserve dump=0 restore=1 verdict=restore_fail
pbsprobe/pbs_sweep.sh: line 296: 2302301 Killed                  setsid bash -c "exec '$wlbin' --port $port --resume_file '$resume_f' $params $extra" > "$wlog" 2>&1 < /dev/null
[1888/2243] S147dbgone__timer_armed dump=0 restore=1 verdict=restore_fail
[1889/2243] S147dbgone__db_watch dump=1 restore=na verdict=dump_fail
pbsprobe/pbs_sweep.sh: line 257: 2303251 Killed                  setsid bash -c "exec '$wlbin' --port $port --resume_file '$resume_f' $params $extra" > "$wlog" 2>&1 < /dev/null
[1890/2243] S147dbgone__ready dump=1 restore=na verdict=dump_fail
pbsprobe/pbs_sweep.sh: line 257: 2304235 Killed                  setsid bash -c "exec '$wlbin' --port $port --resume_file '$resume_f' $params $extra" > "$wlog" 2>&1 < /dev/null
[1891/2243] S147dbgone__steady dump=1 restore=na verdict=dump_fail
pbsprobe/pbs_sweep.sh: line 257: 2305271 Killed                  setsid bash -c "exec '$wlbin' --port $port --resume_file '$resume_f' $params $extra" > "$wlog" 2>&1 < /dev/null
[1892/2243] S148dbswap__db_watch dump=1 restore=na verdict=dump_fail
pbsprobe/pbs_sweep.sh: line 257: 2306356 Killed                  setsid bash -c "exec '$wlbin' --port $port --resume_file '$resume_f' $params $extra" > "$wlog" 2>&1 < /dev/null
[1893/2243] S148dbswap__ready dump=1 restore=na verdict=dump_fail
pbsprobe/pbs_sweep.sh: line 257: 2307325 Killed                  setsid bash -c "exec '$wlbin' --port $port --resume_file '$resume_f' $params $extra" > "$wlog" 2>&1 < /dev/null
[1894/2243] S148dbswap__steady dump=1 restore=na verdict=dump_fail
pbsprobe/pbs_sweep.sh: line 257: 2308358 Killed                  setsid bash -c "exec '$wlbin' --port $port --resume_file '$resume_f' $params $extra" > "$wlog" 2>&1 < /dev/null
[1895/2243] S149dbtouch__db_watch dump=1 restore=na verdict=dump_fail
pbsprobe/pbs_sweep.sh: line 257: 2309467 Killed                  setsid bash -c "exec '$wlbin' --port $port --resume_file '$resume_f' $params $extra" > "$wlog" 2>&1 < /dev/null
[1896/2243] S149dbtouch__ready dump=1 restore=na verdict=dump_fail
pbsprobe/pbs_sweep.sh: line 257: 2310475 Killed                  setsid bash -c "exec '$wlbin' --port $port --resume_file '$resume_f' $params $extra" > "$wlog" 2>&1 < /dev/null
